pattern,quality,support,pattern_auc,global_auc,dataset_size
"[{'X'}, {'M'}, {'U'}, {'X'}, {'P'}]",1.0321753790469903,23,0.5555555555555556,0.9020696794431918,5050
"[{'M'}, {'O'}, {'U'}, {'Y'}, {'O'}]",0.9577564098826558,26,0.5818181818181818,0.9020696794431918,5050
"[{'O'}, {'W'}, {'Z'}, {'Z'}, {'V'}]",0.7239965512812663,25,0.6349206349206349,0.9020696794431918,5050
"[{'X'}, {'O'}, {'P'}, {'W'}, {'M'}]",0.7004853005882071,21,0.6296296296296297,0.9020696794431918,5050
"[{'N'}, {'M'}, {'O'}, {'U'}, {'T'}]",0.6820785367344313,26,0.6488095238095237,0.9020696794431918,5050
"[{'V'}, {'U'}, {'Y'}, {'T'}, {'N'}]",0.6506533610055174,23,0.65,0.9020696794431918,5050
"[{'O'}, {'U'}, {'N'}, {'M'}, {'Z'}]",0.6426511408786895,22,0.6495726495726495,0.9020696794431918,5050
"[{'M'}, {'U'}, {'V'}, {'X'}, {'P'}]",0.6350396744066296,20,0.6458333333333334,0.9020696794431918,5050
"[{'U'}, {'M'}, {'O'}, {'N'}, {'O'}]",0.6267385778974758,24,0.6597222222222222,0.9020696794431918,5050
"[{'W'}, {'X'}, {'V'}, {'P'}, {'P'}]",0.5939926324999454,27,0.676470588235294,0.9020696794431918,5050
"[{'X'}, {'T'}, {'P'}, {'M'}, {'X'}]",0.5919560586747894,21,0.6625000000000001,0.9020696794431918,5050
"[{'U'}, {'M'}, {'O'}, {'W'}, {'T'}]",0.588453286394921,21,0.6636363636363636,0.9020696794431918,5050
"[{'X'}, {'V'}, {'N'}, {'X'}, {'M'}]",0.5791939817548541,21,0.6666666666666667,0.9020696794431918,5050
"[{'U'}, {'M'}, {'U'}, {'T'}, {'N'}]",0.562165985431629,22,0.6749999999999999,0.9020696794431918,5050
"[{'T'}, {'Y'}]",0.5488308589302482,1583,0.8805399296354709,0.9020696794431918,5050
"[{'X'}, {'U'}, {'X'}, {'P'}]",0.5464571718540355,127,0.7776659959758551,0.9020696794431918,5050
"[{'N'}, {'M'}, {'O'}, {'T'}]",0.5459983703195297,128,0.7780257936507936,0.9020696794431918,5050
"[{'X'}, {'M'}, {'V'}, {'V'}]",0.5418213611976275,129,0.7793269230769231,0.9020696794431918,5050
"[{'M'}, {'T'}]",0.5338162827774544,1616,0.8881646381508282,0.9020696794431918,5050
"[{'M'}, {'U'}]",0.5336285067823832,1543,0.8881242858103112,0.9020696794431918,5050
"[{'M'}, {'Z'}, {'T'}, {'M'}, {'V'}]",0.5311639473651468,26,0.6944444444444444,0.9020696794431918,5050
"[{'P'}, {'M'}]",0.5305074598124562,1481,0.8902007988181868,0.9020696794431918,5050
"[{'P'}, {'T'}]",0.5300044307460505,1575,0.8907739045462901,0.9020696794431918,5050
"[{'T'}, {'P'}]",0.5297057997166654,1556,0.8909795368741067,0.9020696794431918,5050
"[{'X'}, {'Y'}, {'P'}, {'M'}, {'X'}]",0.5270976684212243,23,0.6893939393939394,0.9020696794431918,5050
"[{'X'}, {'M'}, {'U'}, {'X'}]",0.5249506521673477,124,0.7825293350717079,0.9020696794431918,5050
"[{'X'}, {'N'}, {'Y'}, {'Y'}, {'W'}]",0.5235904559798616,24,0.6928571428571428,0.9020696794431918,5050
"[{'M'}, {'U'}, {'U'}, {'M'}, {'N'}]",0.512263872965982,22,0.6923076923076923,0.9020696794431918,5050
"[{'U'}, {'W'}, {'V'}, {'V'}, {'Z'}]",0.5072737365229107,22,0.6941176470588235,0.9020696794431918,5050
"[{'O'}, {'W'}, {'T'}, {'T'}, {'X'}]",0.4991276359762885,29,0.7107843137254901,0.9020696794431918,5050
"[{'T'}, {'V'}, {'P'}, {'Y'}]",0.4953698583612387,106,0.7862513426423201,0.9020696794431918,5050
"[{'M'}, {'U'}, {'Y'}, {'Y'}]",0.494867425082244,109,0.7872053872053872,0.9020696794431918,5050
"[{'N'}, {'M'}, {'O'}, {'O'}, {'T'}]",0.49474570144933205,25,0.7051282051282051,0.9020696794431918,5050
"[{'N'}, {'M'}, {'T'}, {'X'}, {'W'}]",0.48607667484330674,24,0.7062937062937062,0.9020696794431918,5050
"[{'Z'}, {'O'}, {'P'}, {'M'}, {'W'}]",0.4829941050480502,23,0.7053571428571429,0.9020696794431918,5050
"[{'M'}, {'Y'}, {'P'}, {'Y'}]",0.4809309510613776,104,0.7901049475262368,0.9020696794431918,5050
"[{'U'}, {'Y'}, {'M'}, {'T'}, {'V'}]",0.4796904778019362,27,0.7142857142857143,0.9020696794431918,5050
"[{'U'}, {'U'}, {'M'}, {'N'}]",0.47648379233757676,106,0.792022792022792,0.9020696794431918,5050
"[{'X'}, {'U'}, {'P'}, {'Y'}]",0.47587078844133734,133,0.7982735120399819,0.9020696794431918,5050
"[{'W'}, {'M'}, {'O'}, {'X'}, {'P'}]",0.4725427839395855,26,0.7151515151515151,0.9020696794431918,5050
"[{'M'}, {'N'}, {'W'}, {'T'}, {'P'}]",0.46753765345119314,24,0.7132867132867134,0.9020696794431918,5050
"[{'P'}, {'T'}, {'W'}, {'U'}]",0.4614281986748332,121,0.8002747252747253,0.9020696794431918,5050
"[{'M'}, {'U'}, {'W'}]",0.4613624398352677,515,0.8575048262548263,0.9020696794431918,5050
"[{'X'}, {'M'}, {'O'}, {'T'}]",0.4613327397738405,113,0.7985498108448928,0.9020696794431918,5050
"[{'U'}, {'X'}, {'M'}, {'N'}]",0.46003910240414747,107,0.7975524475524476,0.9020696794431918,5050
"[{'P'}, {'X'}, {'Y'}, {'N'}, {'W'}]",0.4580550720671521,20,0.7083333333333333,0.9020696794431918,5050
"[{'N'}, {'P'}, {'X'}, {'M'}]",0.45462261581746455,84,0.7929411764705883,0.9020696794431918,5050
"[{'X'}, {'X'}, {'P'}, {'N'}, {'V'}]",0.45410863273304347,24,0.7185185185185186,0.9020696794431918,5050
"[{'Z'}, {'Z'}, {'O'}, {'N'}, {'T'}]",0.4492437797477423,21,0.7142857142857143,0.9020696794431918,5050
"[{'T'}, {'V'}, {'P'}, {'Z'}]",0.447400545027844,119,0.8044217687074829,0.9020696794431918,5050
"[{'V'}, {'V'}, {'V'}, {'W'}, {'U'}]",0.4463082185225651,23,0.7196969696969697,0.9020696794431918,5050
"[{'U'}, {'M'}, {'N'}]",0.44621000120337106,481,0.8625216188170184,0.9020696794431918,5050
"[{'P'}, {'X'}, {'P'}, {'Z'}, {'W'}]",0.4456034254767435,22,0.7179487179487181,0.9020696794431918,5050
"[{'V'}, {'X'}, {'X'}, {'O'}, {'Z'}]",0.4448300971164285,24,0.7222222222222222,0.9020696794431918,5050
"[{'N'}, {'M'}, {'T'}]",0.44396531564186903,509,0.8639945186707777,0.9020696794431918,5050
"[{'M'}, {'U'}, {'P'}, {'Y'}]",0.4398571953821182,123,0.8077540106951872,0.9020696794431918,5050
"[{'T'}, {'V'}, {'P'}]",0.4364007282672754,488,0.8668952880461277,0.9020696794431918,5050
"[{'X'}, {'U'}, {'M'}, {'N'}]",0.4358717096883009,109,0.806266846361186,0.9020696794431918,5050
"[{'N'}, {'M'}, {'T'}, {'M'}]",0.43438966911493104,109,0.8067947838023335,0.9020696794431918,5050
"[{'M'}, {'T'}, {'U'}]",0.4335541194954716,517,0.8687069739598923,0.9020696794431918,5050
"[{'W'}, {'P'}, {'Y'}]",0.4334207170090094,464,0.8678568107856811,0.9020696794431918,5050
"[{'N'}, {'O'}, {'W'}, {'T'}, {'P'}]",0.43333760517191444,20,0.71875,0.9020696794431918,5050
"[{'M'}, {'V'}, {'U'}]",0.4331723568458784,496,0.8685404772361294,0.9020696794431918,5050
"[{'M'}, {'V'}, {'X'}, {'U'}]",0.432977866669086,113,0.8081504702194358,0.9020696794431918,5050
"[{'T'}, {'Y'}, {'X'}]",0.43216915186093297,496,0.8690212793648728,0.9020696794431918,5050
"[{'V'}, {'P'}, {'Y'}]",0.4320051132823044,485,0.8689151954281048,0.9020696794431918,5050
"[{'M'}, {'U'}, {'Y'}]",0.43066554944095525,493,0.8697062504116446,0.9020696794431918,5050
"[{'T'}, {'U'}, {'Y'}]",0.4305473704007081,519,0.8701771595030021,0.9020696794431918,5050
"[{'P'}, {'M'}, {'T'}]",0.42955562629166566,480,0.8700465795328143,0.9020696794431918,5050
"[{'P'}, {'T'}, {'W'}]",0.4293667341163502,512,0.8706533877950648,0.9020696794431918,5050
"[{'W'}, {'M'}, {'U'}, {'Y'}, {'X'}]",0.4287933281995364,22,0.725,0.9020696794431918,5050
"[{'X'}, {'M'}, {'V'}]",0.4284164043964097,529,0.8713836477987421,0.9020696794431918,5050
"[{'U'}, {'V'}, {'P'}]",0.42806135245990984,509,0.8712675621429673,0.9020696794431918,5050
"[{'M'}, {'O'}, {'U'}]",0.4277041392594304,502,0.8713445645263828,0.9020696794431918,5050
"[{'M'}, {'T'}, {'V'}]",0.4272994522520489,518,0.8717925766797948,0.9020696794431918,5050
"[{'V'}, {'U'}, {'Y'}]",0.4272539216426702,503,0.8715929931069373,0.9020696794431918,5050
"[{'N'}, {'T'}, {'Y'}]",0.42655885536609484,536,0.8724310776942356,0.9020696794431918,5050
"[{'N'}, {'M'}, {'O'}, {'X'}]",0.4265278343281327,111,0.810064935064935,0.9020696794431918,5050
"[{'T'}, {'M'}, {'Y'}]",0.42636110801603,489,0.8718481759656652,0.9020696794431918,5050
"[{'P'}, {'T'}, {'M'}, {'U'}, {'W'}]",0.4253119285233953,22,0.7264957264957266,0.9020696794431918,5050
"[{'M'}, {'P'}, {'Y'}]",0.42519046740994837,499,0.8726265060240963,0.9020696794431918,5050
"[{'V'}, {'X'}, {'P'}]",0.424888727551777,516,0.8730341679430988,0.9020696794431918,5050
"[{'X'}, {'P'}, {'Z'}]",0.4242577989980758,536,0.8736475666643457,0.9020696794431918,5050
"[{'M'}, {'U'}, {'T'}]",0.4241674982793193,516,0.8734253420224855,0.9020696794431918,5050
"[{'V'}, {'P'}, {'U'}]",0.42341519590298327,476,0.8732638888888888,0.9020696794431918,5050
"[{'M'}, {'T'}, {'Y'}]",0.422857813669979,501,0.8739430103066467,0.9020696794431918,5050
"[{'N'}, {'P'}, {'T'}]",0.42264581303600157,509,0.8741736175471115,0.9020696794431918,5050
"[{'N'}, {'X'}, {'M'}]",0.4226018253140513,481,0.8738014174541413,0.9020696794431918,5050
"[{'X'}, {'P'}, {'M'}]",0.4223135436512597,500,0.8742379878078049,0.9020696794431918,5050
"[{'P'}, {'M'}, {'X'}]",0.4219436756290039,454,0.8737754626030168,0.9020696794431918,5050
"[{'X'}, {'V'}, {'P'}]",0.4219416941834532,525,0.87478594026645,0.9020696794431918,5050
"[{'T'}, {'V'}, {'Y'}]",0.42189395882073233,511,0.8746282841288819,0.9020696794431918,5050
"[{'M'}, {'T'}, {'P'}]",0.42187533762850526,478,0.8741772996121242,0.9020696794431918,5050
"[{'V'}, {'Y'}, {'U'}]",0.4218644133931716,464,0.8739756573446067,0.9020696794431918,5050
"[{'O'}, {'X'}, {'X'}, {'Y'}, {'W'}]",0.42129473822474583,23,0.7301587301587302,0.9020696794431918,5050
"[{'X'}, {'U'}, {'X'}]",0.4212740998919903,537,0.875319622012229,0.9020696794431918,5050
"[{'W'}, {'M'}, {'Y'}]",0.42125596422470035,473,0.8744680851063829,0.9020696794431918,5050
"[{'X'}, {'P'}, {'Y'}]",0.4210847352255409,511,0.8750957854406132,0.9020696794431918,5050
"[{'T'}, {'P'}, {'Y'}]",0.4210712530043188,478,0.8746498108978848,0.9020696794431918,5050
"[{'Z'}, {'M'}, {'V'}]",0.42106224151112004,512,0.8751220703125,0.9020696794431918,5050
"[{'P'}, {'M'}, {'V'}]",0.42097499324628496,498,0.8749858873243979,0.9020696794431918,5050
"[{'M'}, {'M'}, {'U'}]",0.420802895124225,494,0.8750327954873409,0.9020696794431918,5050
"[{'M'}, {'O'}, {'T'}]",0.4207188330951289,510,0.8752967462644882,0.9020696794431918,5050
"[{'P'}, {'O'}, {'W'}]",0.42049017246289433,499,0.8752858569265951,0.9020696794431918,5050
"[{'M'}, {'U'}, {'Z'}]",0.4197788265933756,482,0.8754822929585228,0.9020696794431918,5050
"[{'T'}, {'Y'}, {'P'}]",0.4194991714606383,488,0.8757346483820847,0.9020696794431918,5050
"[{'W'}, {'V'}, {'P'}]",0.4191643459738683,510,0.8762264150943396,0.9020696794431918,5050
"[{'T'}, {'Y'}, {'X'}, {'P'}]",0.4187943414953681,117,0.8141100702576112,0.9020696794431918,5050
"[{'Z'}, {'U'}, {'M'}, {'V'}, {'O'}]",0.4185508695233887,20,0.7252747252747253,0.9020696794431918,5050
"[{'T'}, {'T'}, {'T'}]",0.41789928457147685,493,0.8767951251646905,0.9020696794431918,5050
"[{'V'}, {'Y'}, {'T'}]",0.4178049582257186,480,0.8766859010011124,0.9020696794431918,5050
"[{'M'}, {'M'}, {'U'}, {'W'}]",0.4177145339670063,132,0.8171152518978606,0.9020696794431918,5050
"[{'P'}, {'M'}, {'W'}]",0.41770039863099495,480,0.8767527931747494,0.9020696794431918,5050
"[{'N'}, {'M'}, {'Y'}]",0.41729409681596275,509,0.8773791867507107,0.9020696794431918,5050
"[{'V'}, {'P'}, {'Z'}]",0.41718205538396,502,0.8773653797307595,0.9020696794431918,5050
"[{'M'}, {'O'}, {'X'}]",0.4171148344334623,504,0.8774330708661418,0.9020696794431918,5050
"[{'N'}, {'P'}, {'M'}]",0.4168224873516988,457,0.8770158973376747,0.9020696794431918,5050
"[{'W'}, {'N'}, {'T'}]",0.41667737632858726,492,0.8775685639185995,0.9020696794431918,5050
"[{'T'}, {'N'}, {'Y'}]",0.4164086399467588,518,0.878056052474657,0.9020696794431918,5050
"[{'X'}, {'M'}, {'U'}]",0.41630353697280087,507,0.8779956427015251,0.9020696794431918,5050
"[{'O'}, {'T'}, {'W'}]",0.4159473805526186,540,0.8786031118252104,0.9020696794431918,5050
"[{'U'}, {'M'}, {'V'}]",0.41583229966604085,512,0.8783647683574436,0.9020696794431918,5050
"[{'T'}, {'X'}, {'V'}]",0.41578382624753263,471,0.8778977395825811,0.9020696794431918,5050
"[{'T'}, {'O'}, {'Y'}]",0.41577745242526765,511,0.8783895578637743,0.9020696794431918,5050
"[{'V'}, {'Z'}, {'U'}]",0.41565664649220113,502,0.8783648099450155,0.9020696794431918,5050
"[{'U'}, {'X'}, {'N'}]",0.41503185288772315,509,0.8788670148654079,0.9020696794431918,5050
"[{'X'}, {'V'}, {'Y'}]",0.4150102176848355,529,0.8791040503792759,0.9020696794431918,5050
"[{'T'}, {'Y'}, {'W'}]",0.4147999814303712,503,0.8789565217391304,0.9020696794431918,5050
"[{'V'}, {'X'}, {'Y'}]",0.414781771578434,503,0.8789690069576218,0.9020696794431918,5050
"[{'M'}, {'M'}, {'V'}]",0.4147673597217887,478,0.8786827207879839,0.9020696794431918,5050
"[{'T'}, {'Z'}, {'Y'}]",0.41450646017546533,518,0.8793262919202768,0.9020696794431918,5050
"[{'W'}, {'V'}, {'Y'}]",0.41419509520104847,507,0.8794198207171313,0.9020696794431918,5050
"[{'O'}, {'Z'}, {'W'}, {'V'}, {'X'}]",0.4141300366602757,20,0.7272727272727273,0.9020696794431918,5050
"[{'X'}, {'M'}, {'X'}]",0.41405792259174723,528,0.8797432754020337,0.9020696794431918,5050
"[{'X'}, {'T'}, {'Y'}]",0.4139082279365972,485,0.8793702127659574,0.9020696794431918,5050
"[{'N'}, {'M'}, {'X'}]",0.4138315833320152,505,0.8796523710561118,0.9020696794431918,5050
"[{'M'}, {'X'}, {'Y'}]",0.41379433802300825,513,0.8797664659733626,0.9020696794431918,5050
"[{'N'}, {'M'}, {'V'}]",0.41374223227137563,525,0.8799314889540454,0.9020696794431918,5050
"[{'V'}, {'T'}, {'P'}]",0.4137267888375902,498,0.8796483020085505,0.9020696794431918,5050
"[{'M'}, {'U'}, {'M'}, {'U'}, {'N'}]",0.4136788741316353,26,0.738562091503268,0.9020696794431918,5050
"[{'W'}, {'W'}, {'T'}, {'M'}, {'X'}]",0.41363507092504637,31,0.7456140350877194,0.9020696794431918,5050
"[{'M'}, {'U'}, {'P'}]",0.41305718822433657,505,0.8802053891087244,0.9020696794431918,5050
"[{'U'}, {'N'}, {'T'}]",0.41292381551421087,512,0.8803768382352941,0.9020696794431918,5050
"[{'X'}, {'O'}, {'Z'}]",0.41280131448659874,527,0.8806210929622907,0.9020696794431918,5050
"[{'M'}, {'V'}, {'P'}]",0.4126105697894057,529,0.8807793545433737,0.9020696794431918,5050
"[{'M'}, {'U'}, {'Y'}, {'O'}]",0.4124718736513706,113,0.8157564344005022,0.9020696794431918,5050
"[{'W'}, {'P'}, {'M'}]",0.4124053552015505,452,0.8800808223477715,0.9020696794431918,5050
"[{'M'}, {'O'}, {'W'}]",0.4123894377214047,479,0.8804093873138753,0.9020696794431918,5050
"[{'T'}, {'T'}, {'Y'}]",0.4123834168329411,472,0.8803340517241379,0.9020696794431918,5050
"[{'X'}, {'M'}, {'Y'}]",0.4123349481975286,504,0.8807235011383759,0.9020696794431918,5050
"[{'T'}, {'Y'}, {'N'}]",0.4121075519986003,482,0.8806551586820646,0.9020696794431918,5050
"[{'T'}, {'M'}, {'X'}]",0.411823646938833,503,0.8810956200662082,0.9020696794431918,5050
"[{'W'}, {'X'}, {'Y'}]",0.4116881592145125,526,0.8814302091042329,0.9020696794431918,5050
"[{'T'}, {'Y'}, {'O'}]",0.4116487394924988,485,0.8810374149659863,0.9020696794431918,5050
"[{'T'}, {'T'}, {'N'}]",0.4116341228699357,484,0.881037780966045,0.9020696794431918,5050
"[{'V'}, {'P'}, {'M'}]",0.4116334627800545,487,0.881070752164502,0.9020696794431918,5050
"[{'Z'}, {'M'}, {'U'}]",0.4116183241089443,460,0.8807809523809524,0.9020696794431918,5050
"[{'T'}, {'P'}, {'P'}]",0.41122804109944,477,0.8812763713080168,0.9020696794431918,5050
"[{'M'}, {'T'}, {'Z'}]",0.41105060259337844,499,0.8816471800818114,0.9020696794431918,5050
"[{'Z'}, {'V'}, {'P'}]",0.4110404277751021,523,0.8818934495772506,0.9020696794431918,5050
"[{'P'}, {'M'}, {'P'}]",0.4105812165684576,449,0.88147971739303,0.9020696794431918,5050
"[{'U'}, {'P'}, {'Y'}]",0.41057403551314475,527,0.8822935594589136,0.9020696794431918,5050
"[{'M'}, {'Y'}, {'Y'}]",0.4105714988623923,476,0.8817859223558074,0.9020696794431918,5050
"[{'U'}, {'P'}, {'N'}]",0.4104875877186247,486,0.8819582125972244,0.9020696794431918,5050
"[{'M'}, {'W'}, {'T'}]",0.4104296280510654,498,0.8821266968325792,0.9020696794431918,5050
"[{'T'}, {'N'}, {'P'}]",0.41039942379263195,489,0.8820598006644519,0.9020696794431918,5050
"[{'Z'}, {'T'}, {'Y'}]",0.4102946023793712,512,0.882371794871795,0.9020696794431918,5050
"[{'T'}, {'P'}, {'Z'}]",0.41013684956197705,501,0.8823914014160873,0.9020696794431918,5050
"[{'X'}, {'V'}, {'V'}]",0.41003941915670883,513,0.8825857921500563,0.9020696794431918,5050
"[{'Z'}, {'X'}, {'V'}]",0.4099865011182906,506,0.8825615548056492,0.9020696794431918,5050
"[{'P'}, {'X'}, {'Z'}]",0.40998393050960313,498,0.8824857663586072,0.9020696794431918,5050
"[{'M'}, {'T'}, {'W'}]",0.4099358550733355,524,0.8827719829846745,0.9020696794431918,5050
"[{'N'}, {'P'}, {'X'}]",0.409799657799633,484,0.8824971288503403,0.9020696794431918,5050
"[{'V'}, {'X'}, {'U'}]",0.4097921128451226,516,0.8828140309621791,0.9020696794431918,5050
"[{'P'}, {'T'}, {'Z'}]",0.4096824880626103,480,0.8825536062378168,0.9020696794431918,5050
"[{'M'}, {'T'}, {'U'}, {'Z'}, {'O'}]",0.40950451906027197,21,0.7314814814814815,0.9020696794431918,5050
"[{'W'}, {'W'}, {'Z'}, {'Y'}, {'X'}]",0.40950451906027197,21,0.7314814814814815,0.9020696794431918,5050
"[{'V'}, {'M'}, {'Z'}]",0.4094870670352009,503,0.8829418130888719,0.9020696794431918,5050
"[{'W'}, {'W'}, {'M'}]",0.4094157963535394,518,0.8831405057251909,0.9020696794431918,5050
"[{'V'}, {'T'}, {'Y'}]",0.40938056013621216,489,0.8828953974895398,0.9020696794431918,5050
"[{'V'}, {'V'}, {'V'}]",0.4093568404545308,508,0.8830969541966985,0.9020696794431918,5050
"[{'M'}, {'T'}, {'N'}]",0.40925898129978044,487,0.8829780010863661,0.9020696794431918,5050
"[{'T'}, {'P'}, {'M'}]",0.4092376017162359,466,0.8827846934071,0.9020696794431918,5050
"[{'T'}, {'P'}, {'T'}]",0.4092296353983629,487,0.8830027659718007,0.9020696794431918,5050
"[{'N'}, {'M'}, {'O'}]",0.4091720771184497,484,0.8830220306513409,0.9020696794431918,5050
"[{'N'}, {'X'}, {'X'}]",0.40906358952971655,519,0.8834422334422335,0.9020696794431918,5050
"[{'X'}, {'N'}, {'Z'}]",0.4089427322228505,533,0.8836665727963955,0.9020696794431918,5050
"[{'M'}, {'X'}, {'U'}]",0.40882017926191894,502,0.883493141986284,0.9020696794431918,5050
"[{'M'}, {'U'}, {'M'}]",0.4088194577545333,475,0.8832352315438621,0.9020696794431918,5050
"[{'Z'}, {'P'}, {'P'}]",0.40870794686603973,509,0.883653070093748,0.9020696794431918,5050
"[{'U'}, {'P'}, {'M'}]",0.4086918359145437,478,0.8833754740834387,0.9020696794431918,5050
"[{'V'}, {'O'}, {'O'}]",0.4086526726005517,497,0.8835905082987552,0.9020696794431918,5050
"[{'T'}, {'Z'}, {'V'}]",0.4086414022231116,511,0.8837280553938539,0.9020696794431918,5050
"[{'T'}, {'Z'}, {'X'}]",0.4085545765481461,524,0.8839169814623047,0.9020696794431918,5050
"[{'X'}, {'X'}, {'P'}]",0.4085180261883319,504,0.8837711010330058,0.9020696794431918,5050
"[{'V'}, {'P'}, {'X'}]",0.40843380899389525,516,0.8839509884988348,0.9020696794431918,5050
"[{'U'}, {'W'}, {'N'}]",0.4079849300008329,507,0.8842645914396887,0.9020696794431918,5050
"[{'P'}, {'O'}, {'Z'}]",0.40793906840924754,490,0.8841531698674555,0.9020696794431918,5050
"[{'V'}, {'U'}, {'U'}]",0.40779518319401187,499,0.8843632958801498,0.9020696794431918,5050
"[{'T'}, {'M'}, {'U'}]",0.40768529479377735,475,0.8842439734441013,0.9020696794431918,5050
"[{'W'}, {'P'}, {'T'}]",0.4076407456255827,500,0.8845113696372277,0.9020696794431918,5050
"[{'X'}, {'P'}, {'W'}]",0.40755462049206626,527,0.8848178137651821,0.9020696794431918,5050
"[{'U'}, {'Y'}, {'N'}]",0.4075097963148555,482,0.8844696969696969,0.9020696794431918,5050
"[{'T'}, {'Y'}, {'Y'}]",0.40750832103463097,498,0.8846141437604852,0.9020696794431918,5050
"[{'O'}, {'P'}, {'W'}]",0.40740923627172243,517,0.884866548842225,0.9020696794431918,5050
"[{'N'}, {'X'}, {'P'}]",0.40739485877641735,528,0.8849698535745048,0.9020696794431918,5050
"[{'M'}, {'W'}, {'P'}]",0.40734440867403054,500,0.8847816342213114,0.9020696794431918,5050
"[{'W'}, {'W'}, {'Y'}]",0.4072606528486976,514,0.8849772014603183,0.9020696794431918,5050
"[{'T'}, {'P'}, {'N'}]",0.407227986066224,478,0.884694614152156,0.9020696794431918,5050
"[{'W'}, {'W'}, {'U'}]",0.40699171033256054,498,0.8850919102761358,0.9020696794431918,5050
"[{'W'}, {'N'}, {'Y'}]",0.4069845643450474,503,0.8851409460105112,0.9020696794431918,5050
"[{'X'}, {'U'}, {'Y'}]",0.4069777327013868,524,0.8853194962686567,0.9020696794431918,5050
"[{'N'}, {'M'}, {'W'}]",0.40691603643608765,522,0.8853608005054585,0.9020696794431918,5050
"[{'T'}, {'Z'}, {'W'}]",0.40689398336849025,544,0.8855526839235213,0.9020696794431918,5050
"[{'T'}, {'O'}, {'W'}]",0.40688050924672026,484,0.8850758043493174,0.9020696794431918,5050
"[{'W'}, {'N'}, {'P'}]",0.4068676628947291,506,0.8852756892230577,0.9020696794431918,5050
"[{'P'}, {'M'}, {'N'}]",0.4068555336205806,492,0.8851689663719738,0.9020696794431918,5050
"[{'M'}, {'T'}, {'M'}]",0.40683325714595964,499,0.8852496046984414,0.9020696794431918,5050
"[{'W'}, {'T'}, {'Y'}]",0.40681193422788153,515,0.885401814155265,0.9020696794431918,5050
"[{'T'}, {'N'}, {'N'}]",0.4068108045412673,493,0.8852199703410775,0.9020696794431918,5050
"[{'U'}, {'O'}, {'O'}]",0.4067924862035298,494,0.8852459016393442,0.9020696794431918,5050
"[{'P'}, {'T'}, {'P'}]",0.4066823677169692,452,0.8849753308794737,0.9020696794431918,5050
"[{'P'}, {'X'}, {'V'}]",0.40657833126347664,491,0.885425316371608,0.9020696794431918,5050
"[{'M'}, {'P'}, {'Z'}]",0.4065201281772195,537,0.8858487422955188,0.9020696794431918,5050
"[{'M'}, {'O'}, {'Z'}]",0.4065019764611425,484,0.8854394477856752,0.9020696794431918,5050
"[{'X'}, {'X'}, {'Y'}]",0.40646812376385033,490,0.8855234001432832,0.9020696794431918,5050
"[{'N'}, {'X'}, {'V'}]",0.40642344740754077,499,0.8856417181069959,0.9020696794431918,5050
"[{'X'}, {'V'}, {'X'}]",0.4064023356761448,543,0.8860051581376409,0.9020696794431918,5050
"[{'M'}, {'U'}, {'X'}]",0.4063926064444977,529,0.8859092079292886,0.9020696794431918,5050
"[{'P'}, {'X'}, {'Y'}]",0.40638959188668,500,0.8856827347801036,0.9020696794431918,5050
"[{'M'}, {'T'}, {'T'}]",0.40631608757569737,509,0.8858267716535434,0.9020696794431918,5050
"[{'U'}, {'N'}, {'X'}]",0.406302768309194,491,0.8856929460580912,0.9020696794431918,5050
"[{'M'}, {'P'}, {'V'}]",0.40623037576622856,516,0.8859651774378816,0.9020696794431918,5050
"[{'U'}, {'O'}, {'N'}]",0.4061934744168465,491,0.885800312739129,0.9020696794431918,5050
"[{'X'}, {'N'}, {'T'}]",0.406151268617559,503,0.8859396281397485,0.9020696794431918,5050
"[{'T'}, {'Y'}, {'T'}]",0.40614126427543984,500,0.8859253311922923,0.9020696794431918,5050
"[{'P'}, {'T'}, {'W'}, {'Z'}]",0.40610415148189827,101,0.8158730158730159,0.9020696794431918,5050
"[{'T'}, {'Y'}, {'U'}]",0.4060964891740635,502,0.885985521971044,0.9020696794431918,5050
"[{'U'}, {'Y'}, {'O'}]",0.4060813731944203,496,0.885952055240701,0.9020696794431918,5050
"[{'M'}, {'P'}, {'T'}]",0.4060619525832032,531,0.8862433862433863,0.9020696794431918,5050
"[{'V'}, {'V'}, {'U'}]",0.4059851456459833,481,0.8859241126070991,0.9020696794431918,5050
"[{'W'}, {'X'}, {'N'}, {'T'}, {'P'}]",0.4059847576749125,22,0.7350427350427351,0.9020696794431918,5050
"[{'Z'}, {'T'}, {'W'}]",0.4059726775070569,528,0.8863082974339763,0.9020696794431918,5050
"[{'W'}, {'X'}, {'V'}]",0.4059610845551651,489,0.8860146190987124,0.9020696794431918,5050
"[{'T'}, {'O'}, {'U'}]",0.4059582693050203,482,0.8859594706368901,0.9020696794431918,5050
"[{'W'}, {'P'}, {'V'}]",0.40595560151744947,512,0.8862034701521058,0.9020696794431918,5050
"[{'W'}, {'M'}, {'T'}]",0.4059253455703494,492,0.8860749024019057,0.9020696794431918,5050
"[{'M'}, {'V'}, {'Y'}]",0.4059218856484794,510,0.8862213746328109,0.9020696794431918,5050
"[{'U'}, {'V'}, {'U'}]",0.4058982452995126,486,0.8860530104157845,0.9020696794431918,5050
"[{'U'}, {'M'}, {'P'}]",0.4058025961346289,491,0.8861902382142262,0.9020696794431918,5050
"[{'M'}, {'U'}, {'N'}, {'P'}, {'X'}]",0.4057912729174259,28,0.7448979591836734,0.9020696794431918,5050
"[{'T'}, {'P'}, {'X'}]",0.40577646197980977,511,0.8863740985115851,0.9020696794431918,5050
"[{'W'}, {'W'}, {'W'}]",0.40573810823941103,512,0.8864202055369768,0.9020696794431918,5050
"[{'U'}, {'Z'}, {'M'}]",0.4056805361998782,499,0.8863775100401605,0.9020696794431918,5050
"[{'U'}, {'N'}, {'O'}]",0.4056724120383606,509,0.8864633543443331,0.9020696794431918,5050
"[{'X'}, {'U'}, {'P'}]",0.40564150363723683,510,0.8865022172949002,0.9020696794431918,5050
"[{'O'}, {'O'}, {'T'}]",0.40563588355390756,549,0.8867919520093434,0.9020696794431918,5050
"[{'U'}, {'Z'}, {'P'}]",0.405530263230643,480,0.8863790377230629,0.9020696794431918,5050
"[{'X'}, {'V'}, {'U'}]",0.4054988599320145,509,0.8866394885573983,0.9020696794431918,5050
"[{'O'}, {'P'}, {'M'}]",0.40545386608023914,466,0.8863422465814095,0.9020696794431918,5050
"[{'P'}, {'U'}, {'W'}]",0.40545212967881483,509,0.8866872586872586,0.9020696794431918,5050
"[{'M'}, {'T'}, {'X'}]",0.4054511762969979,518,0.8867554858934169,0.9020696794431918,5050
"[{'M'}, {'M'}, {'W'}]",0.4054307251549282,507,0.8866940630740013,0.9020696794431918,5050
"[{'T'}, {'Y'}, {'M'}]",0.4053687879646417,486,0.8865949699381827,0.9020696794431918,5050
"[{'W'}, {'W'}, {'T'}]",0.40535712352633047,542,0.8870230049832754,0.9020696794431918,5050
"[{'T'}, {'U'}, {'N'}]",0.4051887597922512,511,0.8869741199558445,0.9020696794431918,5050
"[{'V'}, {'P'}, {'P'}]",0.4051792624905389,494,0.886855868706245,0.9020696794431918,5050
"[{'Z'}, {'P'}, {'T'}]",0.4050548985593777,496,0.8870023419203747,0.9020696794431918,5050
"[{'X'}, {'W'}, {'W'}]",0.40504815521737114,519,0.8871791825095057,0.9020696794431918,5050
"[{'N'}, {'M'}, {'U'}]",0.4050478398842611,469,0.8867975995635571,0.9020696794431918,5050
"[{'T'}, {'U'}, {'W'}]",0.40504328463913475,525,0.8872269981412639,0.9020696794431918,5050
"[{'Z'}, {'V'}, {'U'}]",0.4049915006797469,493,0.8870468539066874,0.9020696794431918,5050
"[{'Y'}, {'X'}, {'M'}]",0.4049906526896211,489,0.8870171313402755,0.9020696794431918,5050
"[{'T'}, {'W'}, {'P'}, {'N'}, {'Y'}]",0.4048961642992084,22,0.7355371900826446,0.9020696794431918,5050
"[{'N'}, {'M'}, {'P'}]",0.4048918456410072,504,0.8872354497354497,0.9020696794431918,5050
"[{'U'}, {'Y'}, {'T'}]",0.4047612834999508,505,0.8873826903023985,0.9020696794431918,5050
"[{'N'}, {'P'}, {'W'}]",0.40476000763623166,515,0.8874558783600326,0.9020696794431918,5050
"[{'V'}, {'M'}, {'T'}]",0.40475176075837715,513,0.8874505025890953,0.9020696794431918,5050
"[{'W'}, {'P'}, {'Z'}]",0.40473513920855875,497,0.8873522267206477,0.9020696794431918,5050
"[{'N'}, {'P'}, {'P'}]",0.40472736972245915,493,0.887330897600474,0.9020696794431918,5050
"[{'Z'}, {'M'}, {'T'}]",0.40466118756264813,508,0.8875124192747144,0.9020696794431918,5050
"[{'V'}, {'V'}, {'P'}]",0.40466039374927365,495,0.887418633703728,0.9020696794431918,5050
"[{'X'}, {'V'}, {'T'}]",0.40463115019272844,509,0.8875521235521235,0.9020696794431918,5050
"[{'M'}, {'O'}, {'Y'}]",0.4045962902147846,498,0.8875106860009356,0.9020696794431918,5050
"[{'T'}, {'W'}, {'P'}]",0.4044922064542956,493,0.8875884773662551,0.9020696794431918,5050
"[{'O'}, {'V'}, {'T'}]",0.4044833761978873,532,0.8878710771840542,0.9020696794431918,5050
"[{'M'}, {'P'}, {'N'}]",0.4044116385670399,526,0.8879090276166164,0.9020696794431918,5050
"[{'T'}, {'T'}, {'W'}]",0.40436013585985175,490,0.8877132764596106,0.9020696794431918,5050
"[{'P'}, {'M'}, {'U'}]",0.4043099433800408,478,0.8876805883898083,0.9020696794431918,5050
"[{'M'}, {'P'}, {'P'}]",0.40429396460116873,518,0.8879844961240311,0.9020696794431918,5050
"[{'M'}, {'N'}, {'P'}]",0.4042642061584868,536,0.8881370091896409,0.9020696794431918,5050
"[{'W'}, {'M'}, {'U'}]",0.40420883562123877,473,0.8877576671694318,0.9020696794431918,5050
"[{'P'}, {'X'}, {'U'}]",0.4041648122443633,493,0.8879549050632912,0.9020696794431918,5050
"[{'W'}, {'N'}, {'V'}]",0.404107252626983,498,0.8880557130131994,0.9020696794431918,5050
"[{'P'}, {'T'}, {'Y'}]",0.40405509436684084,465,0.8878738464959418,0.9020696794431918,5050
"[{'Z'}, {'T'}, {'V'}]",0.4040536322951047,539,0.8883900289216361,0.9020696794431918,5050
"[{'V'}, {'X'}, {'X'}]",0.4039951727982175,502,0.8882113821138211,0.9020696794431918,5050
"[{'P'}, {'O'}, {'T'}]",0.4039808227877957,534,0.888440011783024,0.9020696794431918,5050
"[{'W'}, {'X'}, {'P'}]",0.40398006537694775,511,0.8882900313248571,0.9020696794431918,5050
"[{'U'}, {'O'}, {'U'}]",0.40395750504039685,497,0.8882199379996737,0.9020696794431918,5050
"[{'Z'}, {'U'}, {'V'}]",0.403901100283118,505,0.8883399209486166,0.9020696794431918,5050
"[{'M'}, {'N'}, {'W'}]",0.40388832424312393,526,0.8884936300666637,0.9020696794431918,5050
"[{'X'}, {'N'}, {'M'}]",0.40385791954478356,489,0.8882791849299027,0.9020696794431918,5050
"[{'Z'}, {'P'}, {'X'}]",0.4038552449874899,507,0.8884063385324242,0.9020696794431918,5050
"[{'U'}, {'M'}, {'U'}]",0.4038015301460953,488,0.8883380185705767,0.9020696794431918,5050
"[{'X'}, {'M'}, {'M'}]",0.40376707043048266,493,0.8884132889927893,0.9020696794431918,5050
"[{'O'}, {'T'}, {'X'}]",0.40375434340678384,533,0.8886916835699797,0.9020696794431918,5050
"[{'M'}, {'P'}, {'M'}]",0.4037306374187938,470,0.8882924706223705,0.9020696794431918,5050
"[{'P'}, {'Y'}, {'T'}]",0.40372236765529823,501,0.8885204081632654,0.9020696794431918,5050
"[{'T'}, {'T'}, {'P'}]",0.4036678750967648,484,0.8884675173815747,0.9020696794431918,5050
"[{'Z'}, {'U'}, {'W'}]",0.40361094326300284,495,0.8886111111111111,0.9020696794431918,5050
"[{'X'}, {'O'}, {'P'}]",0.4035950407323238,532,0.8888700277259096,0.9020696794431918,5050
"[{'W'}, {'N'}, {'T'}, {'Y'}]",0.4035925301775509,131,0.8222703222703222,0.9020696794431918,5050
"[{'P'}, {'W'}, {'U'}]",0.4035598961812831,519,0.8888294711824123,0.9020696794431918,5050
"[{'W'}, {'M'}, {'P'}]",0.40355656809508966,484,0.8886003280481137,0.9020696794431918,5050
"[{'U'}, {'U'}, {'M'}]",0.4034940717069764,500,0.8887839395491802,0.9020696794431918,5050
"[{'X'}, {'M'}, {'N'}]",0.4034558206580223,502,0.8888429752066116,0.9020696794431918,5050
"[{'U'}, {'T'}, {'U'}]",0.40343040322587387,489,0.8887866416811673,0.9020696794431918,5050
"[{'W'}, {'N'}, {'X'}]",0.40340655440717865,513,0.8889733377922354,0.9020696794431918,5050
"[{'M'}, {'U'}, {'V'}]",0.4033912528358379,481,0.8887793914246197,0.9020696794431918,5050
"[{'U'}, {'Z'}, {'N'}]",0.4033838590747897,471,0.8887184669241041,0.9020696794431918,5050
"[{'V'}, {'N'}, {'U'}]",0.403383852386087,498,0.888903240389428,0.9020696794431918,5050
"[{'T'}, {'W'}, {'U'}]",0.4033433565179121,498,0.888952303302079,0.9020696794431918,5050
"[{'U'}, {'N'}, {'W'}]",0.4033210923007321,518,0.8891075821963766,0.9020696794431918,5050
"[{'N'}, {'M'}, {'N'}]",0.4033054544406536,506,0.8890503648836592,0.9020696794431918,5050
"[{'U'}, {'U'}, {'N'}]",0.4032999514862783,496,0.8889919453258482,0.9020696794431918,5050
"[{'W'}, {'N'}, {'U'}]",0.4032466520319038,479,0.8889431802317465,0.9020696794431918,5050
"[{'U'}, {'V'}, {'O'}]",0.403239875157419,488,0.8890124705089316,0.9020696794431918,5050
"[{'Z'}, {'V'}, {'T'}]",0.4032121184677241,517,0.8892333033842468,0.9020696794431918,5050
"[{'T'}, {'W'}, {'Z'}]",0.40320376125029445,494,0.8890967265567314,0.9020696794431918,5050
"[{'U'}, {'N'}, {'U'}]",0.40318743934005985,491,0.8890971153202597,0.9020696794431918,5050
"[{'T'}, {'X'}, {'Y'}]",0.4031522276248959,495,0.8891669119811599,0.9020696794431918,5050
"[{'W'}, {'V'}, {'V'}]",0.4031032102687597,499,0.8892535392535392,0.9020696794431918,5050
"[{'Y'}, {'N'}, {'M'}]",0.4030787207462272,474,0.889118616879066,0.9020696794431918,5050
"[{'N'}, {'X'}, {'Y'}]",0.4030307362387686,539,0.889586776859504,0.9020696794431918,5050
"[{'T'}, {'T'}, {'U'}]",0.4030272385551814,474,0.8891836553013442,0.9020696794431918,5050
"[{'U'}, {'N'}, {'M'}]",0.4029917996320528,476,0.8892421272011162,0.9020696794431918,5050
"[{'O'}, {'X'}, {'P'}]",0.40297836790606567,515,0.8895089285714286,0.9020696794431918,5050
"[{'W'}, {'Z'}, {'P'}]",0.4029245819066427,496,0.8894581889750971,0.9020696794431918,5050
"[{'U'}, {'O'}, {'Y'}]",0.4028711625616682,522,0.8896851503759399,0.9020696794431918,5050
"[{'O'}, {'N'}, {'M'}]",0.40284610848894087,479,0.8894482903293476,0.9020696794431918,5050
"[{'M'}, {'U'}, {'N'}]",0.4028452085645975,500,0.8895841001104159,0.9020696794431918,5050
"[{'O'}, {'W'}, {'W'}]",0.4028401310159192,527,0.8897535667963685,0.9020696794431918,5050
"[{'O'}, {'U'}, {'O'}]",0.40280136896972907,514,0.8897255357170131,0.9020696794431918,5050
"[{'V'}, {'V'}, {'Y'}]",0.4027999924990411,487,0.8895596590909091,0.9020696794431918,5050
"[{'X'}, {'O'}, {'T'}]",0.4027469967287435,540,0.8899452607317775,0.9020696794431918,5050
"[{'M'}, {'M'}, {'O'}]",0.4027347230298094,489,0.889656672466872,0.9020696794431918,5050
"[{'Z'}, {'X'}, {'P'}]",0.40273426749059904,522,0.8898582654035397,0.9020696794431918,5050
"[{'T'}, {'O'}, {'N'}]",0.40272259274328936,510,0.8898020229431356,0.9020696794431918,5050
"[{'M'}, {'M'}, {'T'}]",0.40271953472232225,517,0.8898476697092427,0.9020696794431918,5050
"[{'M'}, {'O'}, {'P'}]",0.40267989771573187,505,0.8898267854901467,0.9020696794431918,5050
"[{'T'}, {'W'}, {'Y'}]",0.40267223508643735,495,0.8897753653990779,0.9020696794431918,5050
"[{'X'}, {'V'}, {'M'}]",0.40265990981213895,537,0.8900388457269701,0.9020696794431918,5050
"[{'N'}, {'O'}, {'T'}]",0.4026299849116074,538,0.8900826217145391,0.9020696794431918,5050
"[{'Z'}, {'U'}, {'Y'}]",0.4025542856961569,503,0.8899781098315408,0.9020696794431918,5050
"[{'V'}, {'M'}, {'P'}]",0.4025306292262081,494,0.8899545849523716,0.9020696794431918,5050
"[{'M'}, {'N'}, {'M'}]",0.40252674277204636,528,0.8901595592033518,0.9020696794431918,5050
"[{'O'}, {'M'}, {'T'}]",0.4024987168975078,510,0.8900925925925925,0.9020696794431918,5050
"[{'X'}, {'N'}, {'X'}]",0.4024751947447921,480,0.8899410957237928,0.9020696794431918,5050
"[{'P'}, {'M'}, {'U'}, {'W'}]",0.4024051643449954,117,0.8204599056603774,0.9020696794431918,5050
"[{'M'}, {'X'}, {'Z'}]",0.4023939788204255,511,0.8902367773677736,0.9020696794431918,5050
"[{'X'}, {'U'}, {'N'}]",0.4023923875582224,509,0.890227286802502,0.9020696794431918,5050
"[{'U'}, {'Z'}, {'V'}]",0.4023693664770366,517,0.8903039030390305,0.9020696794431918,5050
"[{'U'}, {'T'}, {'V'}]",0.4023524176240667,512,0.8902978697430263,0.9020696794431918,5050
"[{'U'}, {'V'}, {'Y'}]",0.4023315938477413,513,0.890331407722712,0.9020696794431918,5050
"[{'O'}, {'O'}, {'Z'}]",0.40229549563414,522,0.8904304674653511,0.9020696794431918,5050
"[{'O'}, {'P'}, {'T'}]",0.402282864050329,529,0.8904859978832347,0.9020696794431918,5050
"[{'X'}, {'M'}, {'Z'}]",0.40223102650533293,512,0.8904609279609279,0.9020696794431918,5050
"[{'P'}, {'V'}, {'V'}]",0.40222107149799124,505,0.8904344272601534,0.9020696794431918,5050
"[{'T'}, {'N'}, {'M'}]",0.4022156706085064,480,0.8902932342575391,0.9020696794431918,5050
"[{'M'}, {'Z'}, {'T'}]",0.4021953443127686,508,0.8904866055501266,0.9020696794431918,5050
"[{'U'}, {'Z'}, {'T'}]",0.40218162441487215,501,0.8904651088654404,0.9020696794431918,5050
"[{'W'}, {'P'}, {'X'}]",0.40218112084476765,488,0.8903892780172413,0.9020696794431918,5050
"[{'M'}, {'P'}, {'T'}, {'U'}, {'W'}]",0.402156107037296,35,0.7549019607843137,0.9020696794431918,5050
"[{'T'}, {'T'}, {'M'}]",0.4021370936458183,497,0.8905030285362615,0.9020696794431918,5050
"[{'P'}, {'P'}, {'W'}]",0.4021253689615236,492,0.8904899611666529,0.9020696794431918,5050
"[{'Z'}, {'W'}, {'Y'}]",0.40208770744209166,478,0.8904586834733893,0.9020696794431918,5050
"[{'U'}, {'X'}, {'Y'}]",0.4020873518407416,537,0.8907921424800646,0.9020696794431918,5050
"[{'M'}, {'M'}, {'X'}]",0.4020849817721813,534,0.8907795638489209,0.9020696794431918,5050
"[{'W'}, {'X'}, {'U'}]",0.4020211838211102,482,0.8905761423512136,0.9020696794431918,5050
"[{'O'}, {'X'}, {'Y'}]",0.4020124442347903,539,0.8909048327547254,0.9020696794431918,5050
"[{'O'}, {'U'}, {'W'}]",0.4019728250766753,535,0.8909385655989714,0.9020696794431918,5050
"[{'W'}, {'N'}, {'M'}]",0.4019654506084541,456,0.890495547812621,0.9020696794431918,5050
"[{'X'}, {'M'}, {'P'}]",0.40195717660068286,541,0.8909911141490088,0.9020696794431918,5050
"[{'X'}, {'P'}, {'N'}]",0.4019535831639903,512,0.8908424908424909,0.9020696794431918,5050
"[{'T'}, {'N'}, {'T'}]",0.4018546380232373,509,0.8909654424298776,0.9020696794431918,5050
"[{'W'}, {'W'}, {'P'}]",0.40184636422562425,526,0.8910679162327895,0.9020696794431918,5050
"[{'Z'}, {'Z'}, {'W'}]",0.4018298749746454,509,0.8910006195786866,0.9020696794431918,5050
"[{'P'}, {'M'}, {'Y'}]",0.40175718259352566,463,0.8908417785423134,0.9020696794431918,5050
"[{'Z'}, {'P'}, {'W'}]",0.40174585274880814,529,0.8912258064516129,0.9020696794431918,5050
"[{'Z'}, {'T'}, {'U'}]",0.4016910557599407,495,0.8911238720262511,0.9020696794431918,5050
"[{'X'}, {'M'}, {'T'}]",0.40169038281978375,514,0.8912274307928264,0.9020696794431918,5050
"[{'V'}, {'T'}, {'X'}]",0.4016791474140152,520,0.8912750485048654,0.9020696794431918,5050
"[{'O'}, {'W'}, {'T'}]",0.40165046329021137,533,0.8913827090960292,0.9020696794431918,5050
"[{'X'}, {'O'}, {'X'}]",0.40164900087683253,533,0.8913848153485349,0.9020696794431918,5050
"[{'V'}, {'O'}, {'Z'}]",0.40164476495647183,496,0.8911971085749638,0.9020696794431918,5050
"[{'O'}, {'X'}, {'X'}]",0.40163128685789473,538,0.8914352140158592,0.9020696794431918,5050
"[{'U'}, {'Z'}, {'U'}]",0.40163024316226226,494,0.8912074720865604,0.9020696794431918,5050
"[{'M'}, {'W'}, {'U'}]",0.4016244705895091,496,0.8912269290186194,0.9020696794431918,5050
"[{'M'}, {'M'}, {'P'}]",0.4015591287789455,520,0.8914497041420119,0.9020696794431918,5050
"[{'P'}, {'W'}, {'M'}]",0.40155435157033303,478,0.8912308958176504,0.9020696794431918,5050
"[{'W'}, {'M'}, {'N'}]",0.4015132383672687,520,0.8915172495413929,0.9020696794431918,5050
"[{'U'}, {'T'}, {'P'}]",0.4015125412586875,464,0.891213389121339,0.9020696794431918,5050
"[{'Y'}, {'M'}, {'V'}]",0.40144786709857305,495,0.8914846377379436,0.9020696794431918,5050
"[{'P'}, {'X'}, {'P'}]",0.40141658734087016,470,0.8913945190095818,0.9020696794431918,5050
"[{'W'}, {'U'}, {'X'}]",0.40138094049160133,509,0.8916589434661724,0.9020696794431918,5050
"[{'V'}, {'U'}, {'W'}]",0.4013797172929777,526,0.8917459352241961,0.9020696794431918,5050
"[{'Z'}, {'P'}, {'M'}]",0.40135654005898636,472,0.8914983391686867,0.9020696794431918,5050
"[{'V'}, {'X'}, {'Y'}, {'Y'}]",0.4013493773222576,121,0.8215654077723044,0.9020696794431918,5050
"[{'W'}, {'Z'}, {'Z'}]",0.4013486973001996,511,0.8917179887857339,0.9020696794431918,5050
"[{'P'}, {'V'}, {'P'}]",0.40132127547586727,515,0.8917797888386123,0.9020696794431918,5050
"[{'V'}, {'P'}, {'T'}]",0.40131867646259245,479,0.8915957001256458,0.9020696794431918,5050
"[{'Z'}, {'T'}, {'N'}]",0.4013110319937232,532,0.8918784679353456,0.9020696794431918,5050
"[{'T'}, {'Y'}, {'Z'}]",0.4012976179273873,478,0.8916229355704934,0.9020696794431918,5050
"[{'T'}, {'X'}, {'N'}]",0.40128488895086745,499,0.891754233747871,0.9020696794431918,5050
"[{'X'}, {'Y'}, {'N'}]",0.40124472177005865,522,0.891931216931217,0.9020696794431918,5050
"[{'T'}, {'U'}, {'X'}]",0.40124182840164957,520,0.891925925925926,0.9020696794431918,5050
"[{'V'}, {'T'}, {'Z'}]",0.40120896280023766,500,0.8918770847097117,0.9020696794431918,5050
"[{'V'}, {'Y'}, {'Z'}]",0.4012033870746219,487,0.8918184885290148,0.9020696794431918,5050
"[{'U'}, {'T'}, {'Y'}]",0.40114212741758903,514,0.8920512237629765,0.9020696794431918,5050
"[{'W'}, {'P'}, {'U'}]",0.401136007904236,459,0.8917735734135293,0.9020696794431918,5050
"[{'V'}, {'Y'}, {'M'}]",0.4010724209331892,473,0.8919527896995708,0.9020696794431918,5050
"[{'M'}, {'O'}, {'V'}]",0.40106891074295936,491,0.8920524307283888,0.9020696794431918,5050
"[{'M'}, {'Z'}, {'M'}]",0.4010616552101842,481,0.8920124481327801,0.9020696794431918,5050
"[{'M'}, {'M'}, {'N'}, {'W'}]",0.40095274575664264,121,0.8217247097844113,0.9020696794431918,5050
"[{'Y'}, {'P'}, {'M'}]",0.40091398647464027,444,0.8920547945205478,0.9020696794431918,5050
"[{'U'}, {'X'}, {'O'}, {'U'}, {'O'}]",0.400124019714574,24,0.7412587412587412,0.9020696794431918,5050
"[{'M'}, {'U'}, {'Z'}, {'W'}]",0.39670599600303524,126,0.8242424242424243,0.9020696794431918,5050
"[{'M'}, {'T'}, {'V'}, {'U'}]",0.3965022447838277,116,0.822701407607068,0.9020696794431918,5050
"[{'W'}, {'X'}, {'M'}, {'Y'}]",0.3953046759140334,121,0.8240284619594965,0.9020696794431918,5050
"[{'V'}, {'O'}, {'V'}, {'T'}, {'O'}]",0.39384985940201434,23,0.7424242424242424,0.9020696794431918,5050
"[{'T'}, {'T'}, {'U'}, {'T'}]",0.39326075909386926,110,0.8230177316828371,0.9020696794431918,5050
"[{'M'}, {'P'}, {'M'}, {'V'}]",0.39263228993589494,113,0.8238157040882544,0.9020696794431918,5050
"[{'O'}, {'M'}, {'T'}, {'W'}]",0.3924672650514165,132,0.826865671641791,0.9020696794431918,5050
"[{'Y'}, {'Z'}, {'U'}, {'X'}, {'M'}]",0.39166947581634115,22,0.7416666666666667,0.9020696794431918,5050
"[{'O'}, {'Z'}, {'Z'}, {'W'}]",0.3911611974339294,115,0.8247863247863249,0.9020696794431918,5050
"[{'X'}, {'V'}, {'P'}, {'Y'}]",0.39105235912812564,116,0.825,0.9020696794431918,5050
"[{'M'}, {'Y'}, {'Y'}, {'Y'}]",0.3904897955868898,111,0.8243902439024391,0.9020696794431918,5050
"[{'X'}, {'X'}, {'M'}, {'X'}, {'Z'}]",0.3904278626104495,21,0.7403846153846153,0.9020696794431918,5050
"[{'P'}, {'X'}, {'P'}, {'W'}]",0.39007625408030966,100,0.8225214198286414,0.9020696794431918,5050
"[{'P'}, {'U'}, {'N'}, {'W'}]",0.3896714802672826,124,0.826857887874837,0.9020696794431918,5050
"[{'W'}, {'M'}, {'U'}, {'W'}]",0.38962532808370887,124,0.8268774703557311,0.9020696794431918,5050
"[{'T'}, {'M'}, {'U'}, {'W'}]",0.38770582798123243,117,0.8266081871345029,0.9020696794431918,5050
"[{'U'}, {'P'}, {'M'}, {'N'}]",0.3856723476680276,111,0.8265107212475634,0.9020696794431918,5050
"[{'W'}, {'N'}, {'T'}, {'X'}]",0.3854837066519443,116,0.8274217585692996,0.9020696794431918,5050
"[{'P'}, {'U'}, {'Z'}, {'V'}, {'U'}]",0.3837194921696907,31,0.7583333333333333,0.9020696794431918,5050
"[{'M'}, {'U'}, {'T'}, {'W'}]",0.38254876547323835,134,0.8313279857397504,0.9020696794431918,5050
"[{'N'}, {'U'}, {'Z'}, {'P'}]",0.38249372598558207,113,0.8282732447817837,0.9020696794431918,5050
"[{'N'}, {'U'}, {'X'}, {'P'}]",0.38224036014476614,127,0.8305084745762712,0.9020696794431918,5050
"[{'W'}, {'N'}, {'T'}, {'P'}]",0.38222664452464616,117,0.8290322580645162,0.9020696794431918,5050
"[{'O'}, {'M'}, {'T'}, {'X'}]",0.3814689003003082,115,0.829059829059829,0.9020696794431918,5050
"[{'X'}, {'P'}, {'M'}, {'V'}]",0.3814598871152981,127,0.8308531746031745,0.9020696794431918,5050
"[{'M'}, {'T'}, {'P'}, {'M'}]",0.38126372982726087,104,0.8272969881814716,0.9020696794431918,5050
"[{'T'}, {'N'}, {'Y'}, {'U'}, {'Y'}]",0.3801796221100977,28,0.75625,0.9020696794431918,5050
"[{'X'}, {'V'}, {'V'}, {'Y'}]",0.37866365268066215,104,0.8285185185185185,0.9020696794431918,5050
"[{'V'}, {'X'}, {'P'}, {'X'}]",0.37861287720666215,119,0.8309779536461277,0.9020696794431918,5050
"[{'V'}, {'Y'}, {'M'}, {'T'}]",0.3784482948937533,108,0.8293103448275863,0.9020696794431918,5050
"[{'X'}, {'V'}, {'X'}, {'P'}]",0.37839845161625685,110,0.8296666666666667,0.9020696794431918,5050
"[{'M'}, {'U'}, {'Z'}, {'O'}]",0.37740587759588773,102,0.8287617554858935,0.9020696794431918,5050
"[{'P'}, {'W'}, {'U'}, {'W'}]",0.3771998021741134,133,0.8335600907029479,0.9020696794431918,5050
"[{'N'}, {'M'}, {'U'}, {'T'}]",0.37678469408503423,124,0.8325396825396826,0.9020696794431918,5050
"[{'X'}, {'M'}, {'V'}, {'P'}]",0.3757060935589718,142,0.8353365384615385,0.9020696794431918,5050
"[{'X'}, {'W'}, {'Z'}, {'M'}, {'P'}]",0.3756303599600481,29,0.7596153846153846,0.9020696794431918,5050
"[{'M'}, {'N'}, {'X'}, {'Z'}]",0.3755693124045406,119,0.8323863636363635,0.9020696794431918,5050
"[{'U'}, {'V'}, {'U'}, {'Y'}]",0.37537204558479476,119,0.8324786324786325,0.9020696794431918,5050
"[{'M'}, {'V'}, {'P'}, {'Y'}]",0.37475147834724243,121,0.8330578512396694,0.9020696794431918,5050
"[{'V'}, {'N'}, {'X'}, {'M'}, {'X'}]",0.37447081271642,31,0.7625,0.9020696794431918,5050
"[{'N'}, {'Y'}, {'P'}, {'X'}]",0.3742546560309671,120,0.8331479421579533,0.9020696794431918,5050
"[{'W'}, {'M'}, {'O'}, {'T'}]",0.37419378602817355,117,0.832739156268568,0.9020696794431918,5050
"[{'M'}, {'U'}, {'Z'}, {'M'}]",0.3731310582290156,110,0.8321747765640517,0.9020696794431918,5050
"[{'N'}, {'X'}, {'T'}, {'Y'}, {'Y'}]",0.3726851721497624,20,0.7472527472527473,0.9020696794431918,5050
"[{'M'}, {'Y'}, {'P'}, {'X'}, {'T'}]",0.3726851721497624,20,0.7472527472527473,0.9020696794431918,5050
"[{'T'}, {'Y'}, {'M'}, {'M'}]",0.3724497465720853,110,0.8325057927838464,0.9020696794431918,5050
"[{'N'}, {'M'}, {'T'}, {'X'}]",0.3721456228249145,120,0.8341477436044841,0.9020696794431918,5050
"[{'W'}, {'N'}, {'P'}, {'P'}]",0.37184132042197204,100,0.8311324529811924,0.9020696794431918,5050
"[{'O'}, {'Y'}, {'Z'}, {'M'}, {'P'}]",0.3704626739453636,24,0.7552447552447553,0.9020696794431918,5050
"[{'P'}, {'T'}, {'P'}, {'W'}]",0.3702452232370952,103,0.8324528301886793,0.9020696794431918,5050
"[{'N'}, {'Y'}, {'P'}, {'M'}]",0.3701345463815042,118,0.834833091436865,0.9020696794431918,5050
"[{'U'}, {'V'}, {'O'}, {'P'}]",0.3697043273247582,112,0.8341625207296849,0.9020696794431918,5050
"[{'M'}, {'O'}, {'U'}, {'U'}]",0.36929640419330045,124,0.8360655737704918,0.9020696794431918,5050
"[{'W'}, {'Z'}, {'Z'}, {'U'}, {'U'}]",0.36920272138878885,25,0.7573529411764706,0.9020696794431918,5050
"[{'O'}, {'Z'}, {'T'}, {'N'}, {'Y'}]",0.3691984786701783,29,0.7626262626262627,0.9020696794431918,5050
"[{'X'}, {'W'}, {'W'}, {'X'}]",0.368948113172487,128,0.8367546432062561,0.9020696794431918,5050
"[{'M'}, {'U'}, {'W'}, {'T'}]",0.3689329789503186,102,0.8329475308641975,0.9020696794431918,5050
"[{'N'}, {'P'}, {'X'}, {'P'}]",0.36887003474476954,98,0.8322851153039833,0.9020696794431918,5050
"[{'Y'}, {'T'}, {'M'}, {'M'}]",0.3687526319374018,103,0.8332075471698114,0.9020696794431918,5050
"[{'O'}, {'P'}, {'T'}, {'W'}]",0.3686865933533039,135,0.8377425044091711,0.9020696794431918,5050
"[{'M'}, {'U'}, {'V'}, {'P'}]",0.368317839696362,125,0.8366718027734976,0.9020696794431918,5050
"[{'Y'}, {'X'}, {'P'}, {'W'}]",0.3678471356241737,101,0.8333333333333333,0.9020696794431918,5050
"[{'O'}, {'V'}, {'Z'}, {'U'}]",0.36771726715654385,107,0.8343837535014006,0.9020696794431918,5050
"[{'T'}, {'N'}, {'N'}, {'Z'}]",0.3676052274580536,118,0.8360750360750362,0.9020696794431918,5050
"[{'N'}, {'M'}, {'M'}, {'V'}, {'P'}]",0.36737943333421696,20,0.75,0.9020696794431918,5050
"[{'W'}, {'Z'}, {'Z'}, {'V'}]",0.3672892460593662,125,0.8371735791090629,0.9020696794431918,5050
"[{'O'}, {'M'}, {'U'}, {'W'}]",0.36693771884849213,116,0.836125494974109,0.9020696794431918,5050
"[{'P'}, {'X'}, {'U'}, {'X'}]",0.3667671308633045,113,0.8357780612244898,0.9020696794431918,5050
"[{'U'}, {'P'}, {'V'}, {'P'}]",0.36650559735456734,112,0.835762876579203,0.9020696794431918,5050
"[{'N'}, {'X'}, {'T'}, {'M'}]",0.36631557993862185,107,0.8350988700564972,0.9020696794431918,5050
"[{'Z'}, {'P'}, {'X'}, {'P'}]",0.36624350009599116,112,0.8358957219251336,0.9020696794431918,5050
"[{'M'}, {'X'}, {'P'}, {'Y'}]",0.3661951404940281,131,0.8384615384615385,0.9020696794431918,5050
"[{'T'}, {'W'}, {'X'}, {'Y'}]",0.3661911935892168,115,0.8363579474342929,0.9020696794431918,5050
"[{'Y'}, {'N'}, {'M'}, {'M'}]",0.3661663295335479,103,0.8345352564102564,0.9020696794431918,5050
"[{'P'}, {'X'}, {'P'}, {'Z'}]",0.365640915728044,116,0.8367774782869123,0.9020696794431918,5050
"[{'X'}, {'N'}, {'X'}, {'M'}]",0.3655366655196223,92,0.832937826293308,0.9020696794431918,5050
"[{'M'}, {'X'}, {'P'}, {'Z'}]",0.3652115029532217,131,0.8389434315100515,0.9020696794431918,5050
"[{'W'}, {'W'}, {'X'}, {'U'}]",0.3651366928616918,124,0.8381081081081081,0.9020696794431918,5050
"[{'W'}, {'V'}, {'P'}, {'P'}]",0.3651092974569893,109,0.836026936026936,0.9020696794431918,5050
"[{'N'}, {'M'}, {'O'}, {'V'}]",0.3647370596535877,131,0.8391771856007479,0.9020696794431918,5050
"[{'X'}, {'T'}, {'N'}, {'N'}]",0.36471989738168364,122,0.8380566801619433,0.9020696794431918,5050
"[{'W'}, {'W'}, {'M'}, {'Y'}]",0.3643850140450896,112,0.836845466155811,0.9020696794431918,5050
"[{'V'}, {'X'}, {'M'}, {'P'}, {'Y'}]",0.3643811741205566,25,0.7597402597402597,0.9020696794431918,5050
"[{'U'}, {'X'}, {'W'}, {'N'}]",0.36387464954754367,117,0.8378141437755698,0.9020696794431918,5050
"[{'M'}, {'V'}, {'U'}, {'Z'}]",0.36370731309321436,115,0.8376225490196079,0.9020696794431918,5050
"[{'M'}, {'W'}, {'P'}, {'T'}]",0.36326251151757905,116,0.8379904875148633,0.9020696794431918,5050
"[{'M'}, {'U'}, {'M'}, {'N'}]",0.3621730120870206,112,0.8379942140790743,0.9020696794431918,5050
"[{'M'}, {'W'}, {'X'}, {'Y'}]",0.36193862599719506,114,0.8383995037220844,0.9020696794431918,5050
"[{'X'}, {'Y'}, {'V'}, {'V'}]",0.361909880298798,120,0.8392255892255892,0.9020696794431918,5050
"[{'M'}, {'U'}, {'T'}, {'Y'}]",0.3618062680421831,114,0.838468720821662,0.9020696794431918,5050
"[{'M'}, {'M'}, {'O'}, {'U'}]",0.3606534159086193,120,0.8398774714564189,0.9020696794431918,5050
"[{'V'}, {'P'}, {'Y'}, {'M'}]",0.3604064899056194,101,0.8372734436564223,0.9020696794431918,5050
"[{'U'}, {'N'}, {'O'}, {'P'}, {'Y'}]",0.35935493292417875,26,0.7636363636363637,0.9020696794431918,5050
"[{'Z'}, {'V'}, {'P'}, {'X'}]",0.3584279028781059,113,0.8401253918495298,0.9020696794431918,5050
"[{'V'}, {'X'}, {'Y'}, {'U'}]",0.3584048174000658,118,0.8408045977011495,0.9020696794431918,5050
"[{'W'}, {'N'}, {'P'}, {'O'}, {'Y'}]",0.35827863826180617,25,0.7628205128205128,0.9020696794431918,5050
"[{'W'}, {'W'}, {'W'}, {'U'}]",0.3581464029171003,123,0.8415736310473153,0.9020696794431918,5050
"[{'M'}, {'T'}, {'U'}, {'N'}]",0.3577906501255631,120,0.8413888888888889,0.9020696794431918,5050
"[{'N'}, {'M'}, {'V'}, {'T'}]",0.3577110816264433,128,0.8424019607843137,0.9020696794431918,5050
"[{'M'}, {'O'}, {'T'}, {'V'}]",0.35770418876188304,138,0.8435171385991058,0.9020696794431918,5050
"[{'M'}, {'T'}, {'P'}, {'Y'}]",0.3576230545851663,113,0.8405612244897959,0.9020696794431918,5050
"[{'X'}, {'M'}, {'X'}, {'V'}]",0.35725106722223765,141,0.8440643863179074,0.9020696794431918,5050
"[{'V'}, {'Y'}, {'M'}, {'Z'}]",0.35721235732742673,119,0.8415723645026801,0.9020696794431918,5050
"[{'T'}, {'O'}, {'Y'}, {'X'}, {'M'}]",0.3570853985219674,22,0.7589285714285714,0.9020696794431918,5050
"[{'T'}, {'Y'}, {'O'}, {'U'}]",0.3564873455206422,111,0.8409090909090909,0.9020696794431918,5050
"[{'X'}, {'V'}, {'M'}, {'Y'}]",0.356413535680947,127,0.8429731100963979,0.9020696794431918,5050
"[{'O'}, {'X'}, {'Z'}, {'V'}, {'V'}]",0.3561931784679562,25,0.7638888888888888,0.9020696794431918,5050
"[{'W'}, {'P'}, {'V'}, {'P'}]",0.35589878557995125,119,0.8422837761447145,0.9020696794431918,5050
"[{'W'}, {'N'}, {'X'}, {'X'}]",0.35574831272276053,110,0.8411803713527852,0.9020696794431918,5050
"[{'N'}, {'X'}, {'P'}, {'M'}]",0.3555928045437071,117,0.8421975452951491,0.9020696794431918,5050
"[{'T'}, {'N'}, {'T'}, {'N'}]",0.3553069122071474,124,0.843215811965812,0.9020696794431918,5050
"[{'P'}, {'T'}, {'U'}, {'W'}]",0.35523652705388775,131,0.8440559440559441,0.9020696794431918,5050
"[{'P'}, {'M'}, {'T'}, {'P'}]",0.3550462045924758,98,0.8397997496871089,0.9020696794431918,5050
"[{'P'}, {'P'}, {'T'}, {'V'}]",0.35500884190119764,128,0.8438416422287389,0.9020696794431918,5050
"[{'Y'}, {'U'}, {'X'}, {'M'}]",0.35473501541130203,111,0.8418831168831169,0.9020696794431918,5050
"[{'W'}, {'T'}, {'N'}, {'Z'}, {'P'}]",0.35443450908587426,23,0.7619047619047619,0.9020696794431918,5050
"[{'U'}, {'M'}, {'N'}, {'V'}]",0.3540191259796083,122,0.8436813186813187,0.9020696794431918,5050
"[{'N'}, {'M'}, {'T'}, {'Y'}]",0.35384720462297115,124,0.8440126050420167,0.9020696794431918,5050
"[{'N'}, {'W'}, {'X'}, {'M'}]",0.353841147454769,95,0.840017825311943,0.9020696794431918,5050
"[{'T'}, {'T'}, {'U'}, {'Y'}]",0.35362727945283656,107,0.8419580419580419,0.9020696794431918,5050
"[{'T'}, {'O'}, {'N'}, {'P'}]",0.3535249005810679,122,0.8439542483660132,0.9020696794431918,5050
"[{'Y'}, {'W'}, {'P'}, {'N'}, {'V'}]",0.3534788698051795,24,0.763888888888889,0.9020696794431918,5050
"[{'N'}, {'M'}, {'T'}, {'O'}]",0.3532963261082549,109,0.8424242424242424,0.9020696794431918,5050
"[{'X'}, {'U'}, {'N'}, {'X'}]",0.3531349899994545,116,0.8434358818154127,0.9020696794431918,5050
"[{'M'}, {'U'}, {'M'}, {'P'}]",0.3530856355038292,127,0.844776119402985,0.9020696794431918,5050
"[{'U'}, {'M'}, {'T'}, {'N'}]",0.35281883753838283,112,0.8430989583333334,0.9020696794431918,5050
"[{'T'}, {'T'}, {'U'}, {'M'}]",0.3524724837638902,85,0.8391003460207613,0.9020696794431918,5050
"[{'V'}, {'M'}, {'P'}, {'Y'}]",0.35221068310146597,117,0.8440828402366864,0.9020696794431918,5050
"[{'N'}, {'W'}, {'X'}, {'Y'}]",0.35213188921966165,114,0.84375,0.9020696794431918,5050
"[{'Y'}, {'M'}, {'U'}, {'W'}]",0.3520537066879742,111,0.843404808317089,0.9020696794431918,5050
"[{'O'}, {'U'}, {'U'}, {'U'}]",0.3515640613023582,113,0.8439470365699874,0.9020696794431918,5050
"[{'X'}, {'M'}, {'P'}, {'Z'}]",0.3515549435438392,134,0.846376811594203,0.9020696794431918,5050
"[{'M'}, {'V'}, {'X'}, {'P'}]",0.3513629583103661,108,0.8434027777777777,0.9020696794431918,5050
"[{'T'}, {'N'}, {'P'}, {'N'}]",0.3513382220106299,125,0.8455219925808161,0.9020696794431918,5050
"[{'N'}, {'P'}, {'O'}, {'T'}]",0.3513215727367184,132,0.8462962962962963,0.9020696794431918,5050
"[{'M'}, {'O'}, {'T'}, {'U'}]",0.35119338143382894,127,0.8458270864567716,0.9020696794431918,5050
"[{'U'}, {'V'}, {'Y'}, {'Z'}, {'M'}]",0.35118284214260376,29,0.7714285714285715,0.9020696794431918,5050
"[{'T'}, {'N'}, {'T'}, {'P'}]",0.35083400056837966,117,0.8448680351906158,0.9020696794431918,5050
"[{'U'}, {'Z'}, {'U'}, {'M'}]",0.3503810848170771,105,0.8435672514619883,0.9020696794431918,5050
"[{'T'}, {'T'}, {'O'}, {'O'}]",0.3503420638664735,113,0.8446540880503145,0.9020696794431918,5050
"[{'M'}, {'Z'}, {'T'}, {'Z'}]",0.3503354117384998,97,0.8424242424242424,0.9020696794431918,5050
"[{'M'}, {'M'}, {'V'}, {'O'}]",0.3501526915182318,119,0.8455008488964346,0.9020696794431918,5050
"[{'M'}, {'W'}, {'T'}, {'P'}]",0.34991318905751845,108,0.8442538593481989,0.9020696794431918,5050
"[{'T'}, {'X'}, {'N'}, {'O'}]",0.34985896987133935,114,0.8450617283950617,0.9020696794431918,5050
"[{'N'}, {'M'}, {'O'}, {'P'}]",0.34962564380518035,129,0.8469287469287468,0.9020696794431918,5050
"[{'W'}, {'P'}, {'X'}, {'Y'}, {'X'}]",0.34938378484035537,26,0.76875,0.9020696794431918,5050
"[{'V'}, {'U'}, {'T'}, {'U'}]",0.34927496999190166,105,0.8442265795206971,0.9020696794431918,5050
"[{'O'}, {'N'}, {'M'}, {'O'}]",0.34909972120045807,106,0.8444683908045978,0.9020696794431918,5050
"[{'M'}, {'M'}, {'P'}, {'O'}]",0.34907995823619564,115,0.8456416464891042,0.9020696794431918,5050
"[{'W'}, {'X'}, {'Y'}, {'O'}, {'W'}]",0.348868750045205,20,0.7599999999999999,0.9020696794431918,5050
"[{'W'}, {'M'}, {'T'}, {'T'}]",0.3488608911039389,118,0.8461317227494967,0.9020696794431918,5050
"[{'N'}, {'X'}, {'P'}, {'X'}]",0.3487234922894614,122,0.8466757123473541,0.9020696794431918,5050
"[{'M'}, {'U'}, {'M'}, {'Z'}]",0.34868219973879033,109,0.845117845117845,0.9020696794431918,5050
"[{'Y'}, {'X'}, {'P'}, {'Z'}]",0.3484766159884587,129,0.8475845410628019,0.9020696794431918,5050
"[{'Z'}, {'P'}, {'N'}, {'M'}, {'W'}]",0.348465625331006,26,0.7692307692307692,0.9020696794431918,5050
"[{'W'}, {'V'}, {'T'}, {'M'}, {'Y'}]",0.34836326739870116,23,0.7651515151515151,0.9020696794431918,5050
"[{'U'}, {'M'}, {'T'}, {'O'}, {'T'}]",0.3481247856709895,20,0.7604166666666666,0.9020696794431918,5050
"[{'U'}, {'V'}, {'Y'}, {'N'}]",0.3480530622859995,111,0.8457516339869281,0.9020696794431918,5050
"[{'W'}, {'V'}, {'Y'}, {'U'}]",0.34777216778525266,94,0.8435374149659863,0.9020696794431918,5050
"[{'Z'}, {'Z'}, {'N'}, {'W'}]",0.34773390913311597,132,0.8483224603914259,0.9020696794431918,5050
"[{'V'}, {'U'}, {'X'}, {'P'}]",0.3475770084978579,124,0.8475675675675676,0.9020696794431918,5050
"[{'N'}, {'X'}, {'O'}, {'Z'}, {'Y'}]",0.347423491489553,32,0.776470588235294,0.9020696794431918,5050
"[{'Z'}, {'O'}, {'P'}, {'M'}]",0.3472885566910211,118,0.8470588235294118,0.9020696794431918,5050
"[{'W'}, {'W'}, {'U'}, {'X'}]",0.3471753036880726,130,0.8484405458089669,0.9020696794431918,5050
"[{'P'}, {'T'}, {'Y'}, {'O'}]",0.34684325232182944,102,0.8452932098765432,0.9020696794431918,5050
"[{'V'}, {'P'}, {'U'}, {'W'}]",0.34683640597646404,116,0.8470938897168405,0.9020696794431918,5050
"[{'X'}, {'X'}, {'P'}, {'T'}]",0.3467728547698101,119,0.8474816072439162,0.9020696794431918,5050
"[{'P'}, {'P'}, {'Z'}, {'T'}]",0.3466343078099834,114,0.8469762779819578,0.9020696794431918,5050
"[{'O'}, {'O'}, {'Z'}, {'O'}]",0.34655534968665114,121,0.8478379857690201,0.9020696794431918,5050
"[{'V'}, {'Y'}, {'Z'}, {'M'}]",0.34634064337024284,119,0.8477401129943503,0.9020696794431918,5050
"[{'T'}, {'U'}, {'Z'}, {'N'}]",0.3460349889519143,112,0.8470967741935483,0.9020696794431918,5050
"[{'M'}, {'U'}, {'W'}, {'N'}]",0.34593360547015306,132,0.8493685419058553,0.9020696794431918,5050
"[{'Z'}, {'Z'}, {'M'}, {'V'}]",0.3458943527163113,116,0.8476621417797888,0.9020696794431918,5050
"[{'U'}, {'V'}, {'M'}, {'P'}]",0.3457413737814987,116,0.847754980672019,0.9020696794431918,5050
"[{'U'}, {'Y'}, {'Z'}, {'M'}]",0.3454755730414948,116,0.8479166666666665,0.9020696794431918,5050
"[{'V'}, {'O'}, {'N'}, {'O'}]",0.34508378136789364,108,0.8471840659340659,0.9020696794431918,5050
"[{'Y'}, {'M'}, {'M'}, {'V'}]",0.34504247234585683,109,0.8473360655737704,0.9020696794431918,5050
"[{'U'}, {'M'}, {'N'}, {'O'}]",0.3449808945460249,117,0.8483343074225599,0.9020696794431918,5050
"[{'T'}, {'U'}, {'Y'}, {'T'}]",0.34491745479435776,115,0.8481411468178954,0.9020696794431918,5050
"[{'X'}, {'X'}, {'Y'}, {'W'}]",0.3447990290168611,111,0.8477351916376308,0.9020696794431918,5050
"[{'W'}, {'W'}, {'T'}, {'M'}]",0.3443649109053235,125,0.8495872033023735,0.9020696794431918,5050
"[{'T'}, {'U'}, {'Y'}, {'W'}]",0.3443598232685907,115,0.8484848484848484,0.9020696794431918,5050
"[{'W'}, {'W'}, {'M'}, {'U'}]",0.3442901916118568,111,0.8480519480519481,0.9020696794431918,5050
"[{'M'}, {'T'}, {'M'}, {'U'}]",0.34424651649046156,114,0.8484379832972472,0.9020696794431918,5050
"[{'P'}, {'M'}, {'M'}, {'W'}]",0.34414989842740684,107,0.8476425052779732,0.9020696794431918,5050
"[{'M'}, {'O'}, {'W'}, {'T'}]",0.34400279347242246,110,0.8481097356975578,0.9020696794431918,5050
"[{'W'}, {'P'}, {'Y'}, {'T'}]",0.34374946841487675,114,0.848747293535416,0.9020696794431918,5050
"[{'X'}, {'O'}, {'W'}, {'Z'}]",0.34374879792044266,124,0.8498568826437679,0.9020696794431918,5050
"[{'U'}, {'W'}, {'T'}, {'V'}]",0.34369318730644494,134,0.8508928571428571,0.9020696794431918,5050
"[{'X'}, {'W'}, {'V'}, {'T'}]",0.3431593508410503,103,0.8477564102564104,0.9020696794431918,5050
"[{'P'}, {'M'}, {'N'}, {'Z'}]",0.3425017383733254,111,0.8491803278688524,0.9020696794431918,5050
"[{'N'}, {'X'}, {'P'}, {'W'}]",0.3424996069833026,116,0.8497610513739546,0.9020696794431918,5050
"[{'M'}, {'U'}, {'X'}, {'Y'}]",0.34195910812234054,126,0.8511663286004056,0.9020696794431918,5050
"[{'X'}, {'O'}, {'N'}, {'Z'}]",0.3419486389160552,142,0.8526714513556619,0.9020696794431918,5050
"[{'N'}, {'P'}, {'M'}, {'P'}]",0.34173659364680553,108,0.8493103448275862,0.9020696794431918,5050
"[{'X'}, {'T'}, {'Y'}, {'X'}]",0.3416552957021374,125,0.8512544802867383,0.9020696794431918,5050
"[{'T'}, {'M'}, {'N'}, {'M'}]",0.34160462411106374,131,0.8518779342723004,0.9020696794431918,5050
"[{'Z'}, {'O'}, {'U'}, {'T'}]",0.34156251330622567,120,0.8507918866351765,0.9020696794431918,5050
"[{'M'}, {'O'}, {'W'}, {'N'}, {'P'}]",0.3411163985467387,28,0.7755102040816326,0.9020696794431918,5050
"[{'Y'}, {'X'}, {'P'}, {'M'}, {'P'}]",0.34093697869979955,23,0.7692307692307693,0.9020696794431918,5050
"[{'T'}, {'U'}, {'O'}, {'N'}]",0.3408486772244532,102,0.8491379310344828,0.9020696794431918,5050
"[{'W'}, {'N'}, {'Y'}, {'V'}]",0.3408392064660377,122,0.8514610389610389,0.9020696794431918,5050
"[{'W'}, {'P'}, {'P'}, {'P'}]",0.3408018745906949,98,0.8486373165618449,0.9020696794431918,5050
"[{'W'}, {'Y'}, {'P'}, {'M'}]",0.34072327957343473,111,0.8503267973856209,0.9020696794431918,5050
"[{'M'}, {'U'}, {'O'}, {'O'}]",0.34066477456958444,118,0.8511494252873563,0.9020696794431918,5050
"[{'W'}, {'P'}, {'M'}, {'V'}]",0.3406068885785727,116,0.8509687034277198,0.9020696794431918,5050
"[{'X'}, {'V'}, {'T'}, {'Y'}]",0.3403776839955118,92,0.848076923076923,0.9020696794431918,5050
"[{'M'}, {'T'}, {'V'}, {'Y'}]",0.3403266864855473,119,0.8514739229024944,0.9020696794431918,5050
"[{'V'}, {'P'}, {'X'}, {'Y'}]",0.34008832602650485,109,0.8505084745762712,0.9020696794431918,5050
"[{'N'}, {'Y'}, {'W'}, {'Y'}, {'M'}]",0.3400768233328981,21,0.7666666666666667,0.9020696794431918,5050
"[{'Y'}, {'M'}, {'T'}, {'M'}]",0.33975577579545146,107,0.8504901960784313,0.9020696794431918,5050
"[{'M'}, {'X'}, {'X'}, {'Y'}]",0.3396921815727416,119,0.8518840579710145,0.9020696794431918,5050
"[{'O'}, {'Y'}, {'X'}, {'M'}]",0.33959766098658517,115,0.8515151515151516,0.9020696794431918,5050
"[{'M'}, {'T'}, {'T'}, {'P'}]",0.33958503504195015,109,0.8508417508417508,0.9020696794431918,5050
"[{'Y'}, {'M'}, {'N'}, {'W'}]",0.33956223107195793,102,0.85,0.9020696794431918,5050
"[{'N'}, {'M'}, {'V'}, {'P'}]",0.3392829405096103,127,0.8529557873820169,0.9020696794431918,5050
"[{'V'}, {'V'}, {'U'}, {'Y'}]",0.3392566847892393,106,0.8507032095203751,0.9020696794431918,5050
"[{'W'}, {'N'}, {'M'}, {'U'}]",0.339042308484526,97,0.8496985357450473,0.9020696794431918,5050
"[{'U'}, {'M'}, {'M'}, {'U'}]",0.3389840612326034,97,0.8497386759581882,0.9020696794431918,5050
"[{'V'}, {'Y'}, {'V'}, {'U'}]",0.33891899793269165,97,0.8497835497835498,0.9020696794431918,5050
"[{'M'}, {'P'}, {'Y'}, {'V'}]",0.33869811416259943,123,0.8529411764705882,0.9020696794431918,5050
"[{'O'}, {'O'}, {'T'}, {'W'}]",0.3382478991832025,126,0.8535289653427776,0.9020696794431918,5050
"[{'P'}, {'Z'}, {'V'}, {'P'}]",0.33822261163205714,123,0.8532522474881016,0.9020696794431918,5050
"[{'V'}, {'T'}, {'P'}, {'N'}]",0.3380517332604941,117,0.852751756440281,0.9020696794431918,5050
"[{'O'}, {'T'}, {'X'}, {'W'}]",0.3380036809897431,122,0.8532967032967033,0.9020696794431918,5050
"[{'O'}, {'U'}, {'N'}, {'O'}]",0.33782080922411895,123,0.8535166578529879,0.9020696794431918,5050
"[{'X'}, {'T'}, {'P'}, {'N'}]",0.3375053569468903,115,0.8529055690072639,0.9020696794431918,5050
"[{'Z'}, {'N'}, {'M'}, {'V'}]",0.3373050566348128,119,0.8534580498866213,0.9020696794431918,5050
"[{'M'}, {'P'}, {'N'}, {'T'}]",0.33723607277448864,131,0.8546568627450981,0.9020696794431918,5050
"[{'W'}, {'P'}, {'V'}, {'Z'}]",0.3372011774272917,117,0.8533215755437977,0.9020696794431918,5050
"[{'M'}, {'T'}, {'Z'}, {'M'}]",0.33714395413004294,106,0.8521428571428571,0.9020696794431918,5050
"[{'X'}, {'U'}, {'P'}, {'X'}]",0.337098106987055,131,0.8547472838923004,0.9020696794431918,5050
"[{'W'}, {'P'}, {'N'}, {'O'}]",0.33702296808232457,114,0.853125,0.9020696794431918,5050
"[{'N'}, {'Y'}, {'T'}, {'P'}]",0.33696438778350546,122,0.8539870689655172,0.9020696794431918,5050
"[{'X'}, {'T'}, {'U'}, {'O'}]",0.3369339016287738,114,0.8531855955678671,0.9020696794431918,5050
"[{'O'}, {'O'}, {'O'}, {'T'}]",0.3368746494271888,133,0.855072463768116,0.9020696794431918,5050
"[{'M'}, {'T'}, {'M'}, {'Z'}]",0.3364960558193947,100,0.8518667201926937,0.9020696794431918,5050
"[{'T'}, {'Z'}, {'Y'}, {'W'}]",0.3364302445149877,127,0.8548225887056472,0.9020696794431918,5050
"[{'N'}, {'M'}, {'X'}, {'M'}]",0.33634958294256767,123,0.8544973544973546,0.9020696794431918,5050
"[{'U'}, {'Z'}, {'M'}, {'P'}]",0.33631657678930305,109,0.8530612244897959,0.9020696794431918,5050
"[{'N'}, {'M'}, {'T'}, {'W'}]",0.3360895321121551,127,0.8550505050505051,0.9020696794431918,5050
"[{'M'}, {'N'}, {'P'}, {'Z'}]",0.33601986835231956,128,0.8551892551892551,0.9020696794431918,5050
"[{'T'}, {'U'}, {'O'}, {'U'}]",0.33590143893134583,121,0.8546059933407326,0.9020696794431918,5050
"[{'X'}, {'M'}, {'T'}, {'X'}]",0.3357910313811667,125,0.8550649350649351,0.9020696794431918,5050
"[{'Y'}, {'Z'}, {'P'}, {'M'}]",0.33571069475745186,101,0.8525490196078431,0.9020696794431918,5050
"[{'P'}, {'M'}, {'T'}, {'X'}]",0.33566306092690223,116,0.8542668269230769,0.9020696794431918,5050
"[{'M'}, {'T'}, {'U'}, {'P'}, {'O'}]",0.33564149264752885,21,0.7692307692307692,0.9020696794431918,5050
"[{'X'}, {'V'}, {'N'}, {'X'}]",0.33563886414066346,117,0.8543859649122807,0.9020696794431918,5050
"[{'M'}, {'T'}, {'N'}, {'T'}]",0.3356076431621965,110,0.8536666666666667,0.9020696794431918,5050
"[{'V'}, {'Y'}, {'P'}, {'X'}]",0.33558908006388233,108,0.8534571723426212,0.9020696794431918,5050
"[{'M'}, {'W'}, {'X'}, {'T'}]",0.33557987558302527,117,0.8544266191325015,0.9020696794431918,5050
"[{'M'}, {'M'}, {'N'}, {'P'}]",0.3354811730492725,145,0.8569794050343249,0.9020696794431918,5050
"[{'Z'}, {'P'}, {'M'}, {'W'}]",0.33544443702090065,121,0.8549180327868853,0.9020696794431918,5050
"[{'M'}, {'M'}, {'V'}, {'P'}]",0.3353982367576811,125,0.8553312629399585,0.9020696794431918,5050
"[{'M'}, {'T'}, {'M'}, {'Y'}]",0.33531743971325734,112,0.8540868454661558,0.9020696794431918,5050
"[{'V'}, {'O'}, {'V'}, {'O'}]",0.33487626268842063,119,0.8551136363636364,0.9020696794431918,5050
"[{'N'}, {'X'}, {'O'}, {'Z'}]",0.3348456283331175,138,0.8568412162162162,0.9020696794431918,5050
"[{'P'}, {'X'}, {'Y'}, {'P'}, {'W'}]",0.33475035164587186,23,0.7727272727272727,0.9020696794431918,5050
"[{'M'}, {'N'}, {'P'}, {'Y'}]",0.33474768726154314,112,0.8544871794871794,0.9020696794431918,5050
"[{'Z'}, {'M'}, {'U'}, {'V'}]",0.3345936341572837,116,0.8550106609808102,0.9020696794431918,5050
"[{'X'}, {'W'}, {'Z'}, {'W'}]",0.3345769601743208,128,0.8561660561660562,0.9020696794431918,5050
"[{'P'}, {'W'}, {'T'}, {'Y'}]",0.33456444060601853,117,0.8551319648093842,0.9020696794431918,5050
"[{'M'}, {'T'}, {'X'}, {'U'}]",0.3345013483278342,120,0.8554720133667503,0.9020696794431918,5050
"[{'O'}, {'Z'}, {'V'}, {'T'}, {'N'}]",0.3344972362632054,22,0.7714285714285715,0.9020696794431918,5050
"[{'U'}, {'Z'}, {'T'}, {'U'}]",0.3344957681335059,114,0.8548745633534456,0.9020696794431918,5050
"[{'T'}, {'O'}, {'P'}, {'W'}]",0.3344127628216176,123,0.8558201058201058,0.9020696794431918,5050
"[{'M'}, {'O'}, {'U'}, {'N'}]",0.3343090241924126,122,0.8557976863061608,0.9020696794431918,5050
"[{'O'}, {'X'}, {'U'}, {'N'}]",0.3342432898539165,134,0.8569150148097516,0.9020696794431918,5050
"[{'W'}, {'P'}, {'V'}, {'Y'}]",0.33397993821167815,121,0.8559322033898306,0.9020696794431918,5050
"[{'P'}, {'Y'}, {'X'}, {'X'}]",0.3336864658936901,113,0.8553459119496856,0.9020696794431918,5050
"[{'N'}, {'X'}, {'O'}, {'W'}, {'Y'}]",0.33366342600383914,27,0.7784090909090909,0.9020696794431918,5050
"[{'V'}, {'U'}, {'Y'}, {'Z'}]",0.33365602655653437,111,0.8551587301587301,0.9020696794431918,5050
"[{'M'}, {'U'}, {'M'}, {'M'}]",0.3334910855466814,113,0.855485893416928,0.9020696794431918,5050
"[{'M'}, {'U'}, {'V'}, {'O'}]",0.33348712688204907,111,0.8552803129074316,0.9020696794431918,5050
"[{'V'}, {'W'}, {'U'}, {'Y'}]",0.3334531450586059,115,0.8557168784029038,0.9020696794431918,5050
"[{'M'}, {'M'}, {'T'}, {'M'}]",0.3333962355683413,115,0.8557575757575757,0.9020696794431918,5050
"[{'Z'}, {'P'}, {'N'}, {'W'}]",0.3333953491035595,124,0.8566224303929222,0.9020696794431918,5050
"[{'Z'}, {'T'}, {'Y'}, {'U'}]",0.3333144320027571,128,0.8570381231671554,0.9020696794431918,5050
"[{'N'}, {'M'}, {'M'}, {'T'}]",0.33311264902703086,116,0.8560606060606061,0.9020696794431918,5050
"[{'T'}, {'T'}, {'Y'}, {'V'}]",0.333084380524617,116,0.856080880166518,0.9020696794431918,5050
"[{'O'}, {'Y'}, {'N'}, {'M'}]",0.33297406240349203,115,0.856060606060606,0.9020696794431918,5050
"[{'V'}, {'N'}, {'O'}, {'Z'}]",0.3329438150374999,117,0.856280193236715,0.9020696794431918,5050
"[{'M'}, {'M'}, {'V'}, {'W'}]",0.33283809743234005,111,0.8557504873294347,0.9020696794431918,5050
"[{'X'}, {'W'}, {'M'}, {'T'}]",0.33268198505558877,125,0.857216230097586,0.9020696794431918,5050
"[{'M'}, {'N'}, {'X'}, {'M'}]",0.33252110490731934,133,0.8580188679245283,0.9020696794431918,5050
"[{'Y'}, {'O'}, {'Y'}, {'Z'}]",0.3320798175198453,115,0.856709168184578,0.9020696794431918,5050
"[{'X'}, {'P'}, {'V'}, {'Y'}]",0.33186421474764616,107,0.8560447239692522,0.9020696794431918,5050
"[{'W'}, {'M'}, {'N'}, {'W'}]",0.3313934887779848,127,0.8583126550868487,0.9020696794431918,5050
"[{'M'}, {'T'}, {'N'}, {'X'}]",0.33135509802390495,112,0.8569444444444445,0.9020696794431918,5050
"[{'Y'}, {'T'}, {'N'}, {'Y'}]",0.33125759391576803,130,0.8586647727272727,0.9020696794431918,5050
"[{'X'}, {'N'}, {'O'}, {'Z'}]",0.3312229031474432,113,0.8571428571428572,0.9020696794431918,5050
"[{'Z'}, {'W'}, {'T'}, {'Y'}]",0.33096387980969755,115,0.8575317604355717,0.9020696794431918,5050
"[{'N'}, {'X'}, {'M'}, {'N'}]",0.33096294761050093,104,0.8563988095238095,0.9020696794431918,5050
"[{'N'}, {'P'}, {'M'}, {'T'}]",0.33089652044412443,100,0.856,0.9020696794431918,5050
"[{'T'}, {'M'}, {'U'}, {'Y'}]",0.33089269467796345,120,0.8580555555555556,0.9020696794431918,5050
"[{'U'}, {'X'}, {'P'}, {'N'}]",0.33058731721733825,114,0.8577160493827161,0.9020696794431918,5050
"[{'T'}, {'P'}, {'V'}, {'P'}]",0.3305586671283287,115,0.8578342407743497,0.9020696794431918,5050
"[{'U'}, {'M'}, {'V'}, {'X'}, {'Y'}]",0.3305438532173254,25,0.7777777777777777,0.9020696794431918,5050
"[{'W'}, {'Y'}, {'N'}, {'O'}, {'T'}]",0.33054385321732516,25,0.7777777777777778,0.9020696794431918,5050
"[{'M'}, {'Z'}, {'T'}, {'M'}]",0.33045404470325734,100,0.8563425370148059,0.9020696794431918,5050
"[{'N'}, {'O'}, {'P'}, {'W'}]",0.3302951561997982,126,0.8590263691683571,0.9020696794431918,5050
"[{'U'}, {'M'}, {'V'}, {'P'}]",0.33025402382577085,118,0.858345428156749,0.9020696794431918,5050
"[{'U'}, {'O'}, {'N'}, {'W'}, {'Z'}]",0.33023584281576457,20,0.7708333333333333,0.9020696794431918,5050
"[{'P'}, {'T'}, {'N'}, {'T'}, {'Y'}]",0.33023584281576435,20,0.7708333333333334,0.9020696794431918,5050
"[{'M'}, {'V'}, {'V'}, {'U'}]",0.33014964681556225,107,0.8573426573426574,0.9020696794431918,5050
"[{'O'}, {'X'}, {'Y'}, {'W'}]",0.33006530398366873,139,0.8602353930222784,0.9020696794431918,5050
"[{'N'}, {'P'}, {'W'}, {'Y'}]",0.32998194137638226,120,0.8587319243604004,0.9020696794431918,5050
"[{'W'}, {'O'}, {'O'}, {'T'}]",0.3299542358193114,139,0.8603154836031549,0.9020696794431918,5050
"[{'Y'}, {'T'}, {'P'}, {'Z'}]",0.3299398530482267,101,0.8568564554931837,0.9020696794431918,5050
"[{'T'}, {'O'}, {'Z'}, {'X'}]",0.3299387099761253,112,0.8580108730412537,0.9020696794431918,5050
"[{'M'}, {'O'}, {'X'}, {'Y'}]",0.3299262317859071,125,0.8592132505175983,0.9020696794431918,5050
"[{'N'}, {'X'}, {'Y'}, {'Y'}]",0.32986843038879776,120,0.8588169642857143,0.9020696794431918,5050
"[{'P'}, {'N'}, {'M'}, {'N'}]",0.3298357345131169,116,0.8584735576923076,0.9020696794431918,5050
"[{'M'}, {'W'}, {'W'}, {'T'}]",0.3297453434108183,106,0.8575498575498576,0.9020696794431918,5050
"[{'M'}, {'W'}, {'M'}, {'T'}]",0.3296646871095431,113,0.8583175205566097,0.9020696794431918,5050
"[{'N'}, {'W'}, {'X'}, {'V'}]",0.3295472322250764,109,0.8580121703853955,0.9020696794431918,5050
"[{'W'}, {'V'}, {'N'}, {'O'}]",0.3294742093272808,112,0.8583662714097497,0.9020696794431918,5050
"[{'V'}, {'P'}, {'V'}, {'V'}]",0.3293624035750816,127,0.859801488833747,0.9020696794431918,5050
"[{'M'}, {'X'}, {'Z'}, {'U'}]",0.32929921868142675,115,0.8587878787878788,0.9020696794431918,5050
"[{'X'}, {'Z'}, {'T'}, {'V'}]",0.32891984834411514,128,0.8602150537634409,0.9020696794431918,5050
"[{'X'}, {'T'}, {'M'}, {'Y'}]",0.3287694337826712,120,0.8596491228070176,0.9020696794431918,5050
"[{'T'}, {'Y'}, {'T'}, {'X'}]",0.32866708825519664,110,0.8587962962962963,0.9020696794431918,5050
"[{'U'}, {'M'}, {'V'}, {'N'}]",0.32865929645806446,124,0.8600790513833992,0.9020696794431918,5050
"[{'V'}, {'O'}, {'O'}, {'X'}]",0.3285848090275215,108,0.8586620926243568,0.9020696794431918,5050
"[{'M'}, {'T'}, {'Y'}, {'V'}]",0.3285668918878092,108,0.8586762075134168,0.9020696794431918,5050
"[{'T'}, {'T'}, {'M'}, {'T'}]",0.32855901029279744,129,0.8605675146771037,0.9020696794431918,5050
"[{'V'}, {'Y'}, {'N'}, {'U'}]",0.32852775420964564,105,0.8584005869405723,0.9020696794431918,5050
"[{'W'}, {'M'}, {'M'}, {'X'}]",0.3285108046358902,126,0.8603592208449279,0.9020696794431918,5050
"[{'U'}, {'P'}, {'M'}, {'Y'}, {'Z'}]",0.3284223210912043,22,0.775,0.9020696794431918,5050
"[{'N'}, {'N'}, {'P'}, {'T'}]",0.3284096243259599,131,0.8608391608391609,0.9020696794431918,5050
"[{'V'}, {'W'}, {'U'}, {'U'}]",0.3283732248850203,127,0.860545905707196,0.9020696794431918,5050
"[{'W'}, {'T'}, {'Z'}, {'X'}]",0.3282875754240231,119,0.859931113662457,0.9020696794431918,5050
"[{'N'}, {'M'}, {'W'}, {'Y'}]",0.3282094792696493,122,0.8602526202633701,0.9020696794431918,5050
"[{'V'}, {'M'}, {'Z'}, {'T'}]",0.32820081807275037,107,0.8588652482269504,0.9020696794431918,5050
"[{'M'}, {'U'}, {'T'}, {'M'}]",0.3281025647083501,126,0.8606701940035273,0.9020696794431918,5050
"[{'N'}, {'M'}, {'V'}, {'Z'}]",0.3280852175466781,134,0.8613154960981046,0.9020696794431918,5050
"[{'T'}, {'O'}, {'U'}, {'W'}]",0.32802856780553524,121,0.8603061782394752,0.9020696794431918,5050
"[{'V'}, {'P'}, {'N'}, {'O'}]",0.32801923810285816,96,0.8578260869565217,0.9020696794431918,5050
"[{'M'}, {'U'}, {'Z'}, {'Z'}]",0.3279299619018652,121,0.8603825136612022,0.9020696794431918,5050
"[{'P'}, {'M'}, {'M'}, {'N'}]",0.32790452978017237,109,0.8592999313658202,0.9020696794431918,5050
"[{'M'}, {'T'}, {'T'}, {'M'}]",0.3278950386213695,114,0.859784283513097,0.9020696794431918,5050
"[{'Y'}, {'M'}, {'T'}, {'V'}]",0.3278612540219341,122,0.860521365224402,0.9020696794431918,5050
"[{'N'}, {'V'}, {'P'}, {'P'}]",0.32782352816035865,109,0.8593644354293442,0.9020696794431918,5050
"[{'Z'}, {'N'}, {'T'}, {'W'}]",0.3277939526592827,131,0.8613053613053613,0.9020696794431918,5050
"[{'M'}, {'W'}, {'V'}, {'P'}]",0.32770785971196315,122,0.8606403013182675,0.9020696794431918,5050
"[{'P'}, {'Z'}, {'P'}, {'X'}]",0.32769220077175676,136,0.8617621527777778,0.9020696794431918,5050
"[{'T'}, {'U'}, {'N'}, {'X'}]",0.32767050936324815,117,0.8602339181286549,0.9020696794431918,5050
"[{'W'}, {'U'}, {'W'}, {'U'}]",0.3276171396161286,137,0.8618925831202046,0.9020696794431918,5050
"[{'Z'}, {'U'}, {'N'}, {'T'}]",0.3275888434031058,125,0.8609831029185868,0.9020696794431918,5050
"[{'W'}, {'O'}, {'T'}, {'N'}, {'O'}]",0.3275442153372473,23,0.7769230769230768,0.9020696794431918,5050
"[{'P'}, {'T'}, {'Y'}, {'W'}, {'N'}]",0.3275442153372472,23,0.7769230769230769,0.9020696794431918,5050
"[{'M'}, {'U'}, {'N'}, {'T'}]",0.3275001298292388,128,0.8612942612942613,0.9020696794431918,5050
"[{'V'}, {'N'}, {'T'}, {'Y'}]",0.32749120381634955,116,0.8602853745541023,0.9020696794431918,5050
"[{'T'}, {'O'}, {'T'}, {'W'}]",0.32748895051220994,113,0.8600125549278091,0.9020696794431918,5050
"[{'P'}, {'U'}, {'P'}, {'M'}]",0.3274572370001596,110,0.8597540711199735,0.9020696794431918,5050
"[{'V'}, {'U'}, {'P'}, {'X'}]",0.32745285696594384,122,0.860838779956427,0.9020696794431918,5050
"[{'M'}, {'T'}, {'M'}, {'V'}]",0.3274236091928878,125,0.8611111111111112,0.9020696794431918,5050
"[{'T'}, {'Y'}, {'Y'}, {'Z'}]",0.3271991747200018,119,0.8607809847198642,0.9020696794431918,5050
"[{'Z'}, {'P'}, {'P'}, {'P'}]",0.32708350590140556,110,0.8600543478260869,0.9020696794431918,5050
"[{'M'}, {'U'}, {'W'}, {'M'}]",0.32707247091474545,135,0.8621597892888498,0.9020696794431918,5050
"[{'N'}, {'M'}, {'U'}, {'Y'}]",0.32701904300037776,124,0.8613445378151261,0.9020696794431918,5050
"[{'X'}, {'U'}, {'V'}, {'P'}]",0.32687571507415947,125,0.8615384615384616,0.9020696794431918,5050
"[{'W'}, {'W'}, {'W'}, {'P'}]",0.326827871348099,116,0.8608124253285543,0.9020696794431918,5050
"[{'O'}, {'M'}, {'P'}, {'O'}]",0.32681604615866755,96,0.8588235294117648,0.9020696794431918,5050
"[{'W'}, {'W'}, {'Z'}, {'M'}]",0.32670499029395106,113,0.8606403013182674,0.9020696794431918,5050
"[{'N'}, {'X'}, {'T'}, {'X'}]",0.3267000480970914,109,0.8602693602693602,0.9020696794431918,5050
"[{'U'}, {'M'}, {'T'}, {'V'}]",0.326676133111651,127,0.8618551587301587,0.9020696794431918,5050
"[{'Y'}, {'M'}, {'V'}, {'V'}]",0.32658512841079324,107,0.8601694915254237,0.9020696794431918,5050
"[{'T'}, {'N'}, {'M'}, {'M'}]",0.3264992532741092,108,0.8603371173030616,0.9020696794431918,5050
"[{'O'}, {'Z'}, {'T'}, {'V'}]",0.3264151643801213,135,0.8626666666666667,0.9020696794431918,5050
"[{'M'}, {'O'}, {'N'}, {'W'}]",0.32637285725541654,116,0.8611778846153846,0.9020696794431918,5050
"[{'U'}, {'V'}, {'M'}, {'Y'}]",0.3263458604191939,115,0.8611111111111112,0.9020696794431918,5050
"[{'M'}, {'M'}, {'W'}, {'U'}]",0.32628140658569227,125,0.8620071684587813,0.9020696794431918,5050
"[{'X'}, {'W'}, {'Z'}, {'M'}]",0.32618123065795923,134,0.8627756738694587,0.9020696794431918,5050
"[{'P'}, {'M'}, {'P'}, {'Z'}]",0.32613987620320717,114,0.8611889200124494,0.9020696794431918,5050
"[{'M'}, {'U'}, {'T'}, {'V'}, {'Y'}]",0.32610543047220997,23,0.7777777777777778,0.9020696794431918,5050
"[{'U'}, {'O'}, {'P'}, {'N'}]",0.32609718877232785,116,0.8614008941877794,0.9020696794431918,5050
"[{'X'}, {'Z'}, {'M'}, {'U'}]",0.3260969971950173,118,0.8615744805384842,0.9020696794431918,5050
"[{'U'}, {'M'}, {'U'}, {'X'}]",0.3260051983424721,120,0.8618181818181818,0.9020696794431918,5050
"[{'V'}, {'Y'}, {'T'}, {'N'}]",0.3259239019818375,111,0.8610928242264648,0.9020696794431918,5050
"[{'M'}, {'V'}, {'M'}, {'Z'}]",0.3257580828082547,128,0.8626588465298143,0.9020696794431918,5050
"[{'Z'}, {'P'}, {'T'}, {'W'}]",0.32568725422469913,132,0.863016917293233,0.9020696794431918,5050
"[{'M'}, {'M'}, {'V'}, {'V'}]",0.3256817274318089,105,0.8607221812822402,0.9020696794431918,5050
"[{'N'}, {'M'}, {'Z'}, {'Y'}]",0.32552871309556386,124,0.8625294579732913,0.9020696794431918,5050
"[{'W'}, {'T'}, {'W'}, {'P'}]",0.3254990270681971,123,0.8624733475479744,0.9020696794431918,5050
"[{'X'}, {'X'}, {'M'}, {'X'}]",0.3254952512074685,131,0.863095238095238,0.9020696794431918,5050
"[{'M'}, {'P'}, {'M'}, {'N'}]",0.32547098625656556,122,0.8624151967435549,0.9020696794431918,5050
"[{'Z'}, {'U'}, {'T'}, {'V'}]",0.325432300778261,124,0.862607338017174,0.9020696794431918,5050
"[{'V'}, {'Z'}, {'W'}, {'N'}, {'U'}]",0.3253755600259455,20,0.7738095238095238,0.9020696794431918,5050
"[{'Y'}, {'N'}, {'Y'}, {'X'}, {'X'}]",0.325326004417699,22,0.7768595041322315,0.9020696794431918,5050
"[{'M'}, {'T'}, {'O'}, {'W'}]",0.3253079914378898,136,0.8636065573770493,0.9020696794431918,5050
"[{'W'}, {'T'}, {'T'}, {'P'}]",0.3252765388237603,115,0.8619854721549637,0.9020696794431918,5050
"[{'M'}, {'P'}, {'Z'}, {'Y'}]",0.3252675884905878,141,0.8639839034205232,0.9020696794431918,5050
"[{'Z'}, {'U'}, {'W'}, {'P'}]",0.3251298389867937,124,0.8628526645768027,0.9020696794431918,5050
"[{'W'}, {'N'}, {'T'}, {'W'}]",0.32507042513300166,114,0.8620689655172414,0.9020696794431918,5050
"[{'Z'}, {'U'}, {'M'}, {'T'}]",0.32497265569418776,108,0.8616071428571429,0.9020696794431918,5050
"[{'V'}, {'P'}, {'Y'}, {'Z'}]",0.32460573034058016,109,0.8620107962213226,0.9020696794431918,5050
"[{'N'}, {'T'}, {'Y'}, {'P'}]",0.32450672802393876,133,0.8640350877192983,0.9020696794431918,5050
"[{'V'}, {'O'}, {'M'}, {'X'}]",0.3245063414254107,119,0.8629629629629629,0.9020696794431918,5050
"[{'T'}, {'O'}, {'Y'}, {'X'}]",0.3244872420802388,136,0.8642622950819672,0.9020696794431918,5050
"[{'Y'}, {'X'}, {'M'}, {'Y'}]",0.3243763568331193,123,0.8633923778851316,0.9020696794431918,5050
"[{'M'}, {'M'}, {'X'}, {'V'}]",0.32434225385575954,120,0.8631813125695217,0.9020696794431918,5050
"[{'M'}, {'W'}, {'N'}, {'T'}]",0.3242557725863945,103,0.8617424242424243,0.9020696794431918,5050
"[{'N'}, {'N'}, {'P'}, {'Z'}]",0.324214005264186,117,0.8630421865715983,0.9020696794431918,5050
"[{'O'}, {'T'}, {'U'}, {'N'}]",0.32416270731197216,133,0.864314789687924,0.9020696794431918,5050
"[{'N'}, {'Y'}, {'P'}, {'Y'}]",0.32415357677424794,128,0.8639588940543186,0.9020696794431918,5050
"[{'N'}, {'M'}, {'Y'}, {'T'}]",0.32405986845599977,112,0.8627450980392156,0.9020696794431918,5050
"[{'X'}, {'Y'}, {'U'}, {'X'}]",0.32390211712193107,118,0.8633879781420765,0.9020696794431918,5050
"[{'V'}, {'U'}, {'Y'}, {'X'}]",0.3238639358644887,129,0.8642719382835101,0.9020696794431918,5050
"[{'N'}, {'U'}, {'N'}, {'P'}]",0.32382701344078135,122,0.8637720488466757,0.9020696794431918,5050
"[{'V'}, {'Y'}, {'Z'}, {'T'}, {'V'}]",0.32381379500548146,22,0.7777777777777777,0.9020696794431918,5050
"[{'M'}, {'U'}, {'W'}, {'O'}]",0.3237991142426656,130,0.8643984220907298,0.9020696794431918,5050
"[{'U'}, {'X'}, {'Y'}, {'O'}]",0.3237485043451066,135,0.8647936786654961,0.9020696794431918,5050
"[{'U'}, {'Z'}, {'V'}, {'T'}]",0.32366582631533514,124,0.8640625,0.9020696794431918,5050
"[{'O'}, {'V'}, {'T'}, {'O'}]",0.32366075249027026,120,0.8637539522851394,0.9020696794431918,5050
"[{'M'}, {'M'}, {'U'}, {'P'}]",0.3235435258623537,132,0.8647531572904708,0.9020696794431918,5050
"[{'N'}, {'U'}, {'T'}, {'Z'}]",0.3234493898282321,123,0.864167995746943,0.9020696794431918,5050
"[{'U'}, {'Z'}, {'U'}, {'X'}]",0.3233414057840326,119,0.8639455782312925,0.9020696794431918,5050
"[{'X'}, {'M'}, {'T'}, {'T'}]",0.323310016169999,124,0.8643623985336476,0.9020696794431918,5050
"[{'Z'}, {'P'}, {'M'}, {'T'}]",0.3232892055118831,117,0.8638285024154588,0.9020696794431918,5050
"[{'W'}, {'V'}, {'V'}, {'U'}]",0.3232323988211392,120,0.8641183035714285,0.9020696794431918,5050
"[{'X'}, {'M'}, {'X'}, {'P'}]",0.32316592337187955,135,0.8652747252747254,0.9020696794431918,5050
"[{'M'}, {'Y'}, {'Y'}, {'M'}]",0.32316561267381694,103,0.8627002288329518,0.9020696794431918,5050
"[{'P'}, {'O'}, {'Z'}, {'W'}]",0.3227162015239138,131,0.8653755314123759,0.9020696794431918,5050
"[{'P'}, {'Z'}, {'W'}, {'U'}]",0.3226105526743851,134,0.8656716417910447,0.9020696794431918,5050
"[{'V'}, {'Z'}, {'P'}, {'P'}]",0.32259588540821804,137,0.8658848614072495,0.9020696794431918,5050
"[{'V'}, {'Y'}, {'Z'}, {'X'}]",0.3225618863342362,118,0.8645383951682485,0.9020696794431918,5050
"[{'M'}, {'M'}, {'U'}, {'M'}]",0.3224553766453242,118,0.8646313364055299,0.9020696794431918,5050
"[{'V'}, {'X'}, {'X'}, {'Y'}]",0.3224326614625386,119,0.8647300469483569,0.9020696794431918,5050
"[{'T'}, {'T'}, {'N'}, {'O'}]",0.3224024474684838,105,0.8635703918722787,0.9020696794431918,5050
"[{'Y'}, {'X'}, {'N'}, {'T'}]",0.3223849230106085,126,0.8653008962868117,0.9020696794431918,5050
"[{'M'}, {'V'}, {'V'}, {'T'}]",0.322334157001543,122,0.8650472334682862,0.9020696794431918,5050
"[{'T'}, {'P'}, {'M'}, {'Y'}]",0.3223248646549004,95,0.8626666666666666,0.9020696794431918,5050
"[{'Z'}, {'W'}, {'V'}, {'U'}]",0.32215683477834445,108,0.8640608785887237,0.9020696794431918,5050
"[{'M'}, {'O'}, {'M'}, {'V'}]",0.3220874792702937,106,0.8639455782312925,0.9020696794431918,5050
"[{'O'}, {'X'}, {'U'}, {'P'}]",0.3220246609219364,122,0.8653171390013495,0.9020696794431918,5050
"[{'T'}, {'T'}, {'Y'}, {'T'}]",0.321972921316382,117,0.8649764150943396,0.9020696794431918,5050
"[{'T'}, {'Z'}, {'V'}, {'W'}]",0.3219470446622048,140,0.8666258169934641,0.9020696794431918,5050
"[{'X'}, {'M'}, {'X'}, {'X'}]",0.3217383778876224,133,0.8663479052823316,0.9020696794431918,5050
"[{'T'}, {'P'}, {'X'}, {'U'}]",0.32172043709303555,112,0.8647959183673469,0.9020696794431918,5050
"[{'P'}, {'V'}, {'T'}, {'Z'}]",0.32151461464088316,113,0.8650641025641026,0.9020696794431918,5050
"[{'T'}, {'N'}, {'M'}, {'T'}]",0.3214494332397666,126,0.8661152752649264,0.9020696794431918,5050
"[{'M'}, {'O'}, {'T'}, {'N'}]",0.3214051832748388,126,0.866154253909356,0.9020696794431918,5050
"[{'T'}, {'V'}, {'P'}, {'U'}]",0.321283823983869,104,0.864501679731243,0.9020696794431918,5050
"[{'O'}, {'O'}, {'V'}, {'T'}]",0.3212456339163866,145,0.8675295013323182,0.9020696794431918,5050
"[{'T'}, {'M'}, {'X'}, {'U'}]",0.32121409806883583,111,0.8651721897335932,0.9020696794431918,5050
"[{'N'}, {'M'}, {'M'}, {'V'}]",0.3211184258551564,111,0.8652597402597402,0.9020696794431918,5050
"[{'O'}, {'W'}, {'T'}, {'O'}]",0.321113064030329,123,0.8661971830985915,0.9020696794431918,5050
"[{'M'}, {'W'}, {'W'}, {'X'}]",0.32093662474037277,116,0.8658280922431866,0.9020696794431918,5050
"[{'P'}, {'Z'}, {'T'}, {'W'}]",0.3209063447245921,127,0.8666666666666666,0.9020696794431918,5050
"[{'T'}, {'M'}, {'U'}, {'X'}]",0.3208631671344445,115,0.8658166363084396,0.9020696794431918,5050
"[{'N'}, {'P'}, {'O'}, {'O'}]",0.3208229038742111,148,0.8680670720471716,0.9020696794431918,5050
"[{'P'}, {'P'}, {'M'}, {'T'}]",0.32073177529182095,109,0.8654496281271129,0.9020696794431918,5050
"[{'W'}, {'V'}, {'X'}, {'P'}]",0.3206159567401563,128,0.8669950738916256,0.9020696794431918,5050
"[{'W'}, {'X'}, {'M'}, {'P'}]",0.32059712532448614,115,0.8660606060606061,0.9020696794431918,5050
"[{'O'}, {'X'}, {'Y'}, {'Z'}]",0.3205569338113232,129,0.8671160327395282,0.9020696794431918,5050
"[{'P'}, {'X'}, {'Z'}, {'V'}]",0.3205284242585923,126,0.8669354838709677,0.9020696794431918,5050
"[{'W'}, {'T'}, {'M'}, {'T'}]",0.3205240112449438,114,0.8660493827160494,0.9020696794431918,5050
"[{'M'}, {'N'}, {'U'}, {'Z'}]",0.32047524965318297,113,0.8660151324085751,0.9020696794431918,5050
"[{'M'}, {'P'}, {'N'}, {'W'}]",0.3204599591702705,127,0.8670664667666167,0.9020696794431918,5050
"[{'Z'}, {'X'}, {'T'}, {'W'}]",0.32042022235145273,138,0.867820945945946,0.9020696794431918,5050
"[{'Z'}, {'Z'}, {'N'}, {'T'}]",0.3204159319404608,111,0.865909090909091,0.9020696794431918,5050
"[{'Z'}, {'Z'}, {'U'}, {'N'}]",0.3203339050812043,122,0.8668280871670703,0.9020696794431918,5050
"[{'V'}, {'P'}, {'U'}, {'Z'}]",0.32028264942039697,101,0.8651729559748428,0.9020696794431918,5050
"[{'Y'}, {'X'}, {'N'}, {'M'}]",0.3202701359931489,119,0.8666666666666666,0.9020696794431918,5050
"[{'W'}, {'P'}, {'V'}, {'T'}]",0.3201929179487458,130,0.8675101456194796,0.9020696794431918,5050
"[{'X'}, {'Z'}, {'P'}, {'T'}]",0.32018989589343794,104,0.865530303030303,0.9020696794431918,5050
"[{'V'}, {'P'}, {'X'}, {'U'}]",0.3201641416779797,102,0.8653771760154739,0.9020696794431918,5050
"[{'P'}, {'T'}, {'N'}, {'O'}]",0.32015632151456097,106,0.8657357679914071,0.9020696794431918,5050
"[{'P'}, {'U'}, {'M'}, {'M'}]",0.32013804056257344,91,0.8643410852713178,0.9020696794431918,5050
"[{'U'}, {'X'}, {'U'}, {'P'}]",0.32013284155441635,121,0.8669398907103825,0.9020696794431918,5050
"[{'N'}, {'U'}, {'M'}, {'N'}]",0.3201258777222665,104,0.8655913978494624,0.9020696794431918,5050
"[{'U'}, {'V'}, {'Y'}, {'Z'}]",0.3200317497302828,121,0.8670329670329671,0.9020696794431918,5050
"[{'Z'}, {'Y'}, {'V'}, {'T'}]",0.32002387560679635,117,0.8667445938047925,0.9020696794431918,5050
"[{'P'}, {'U'}, {'U'}, {'P'}]",0.31999069651204104,108,0.8660620858039763,0.9020696794431918,5050
"[{'W'}, {'N'}, {'X'}, {'T'}]",0.3199730972033098,114,0.8665620094191522,0.9020696794431918,5050
"[{'T'}, {'T'}, {'X'}, {'P'}]",0.3199144124099724,105,0.8658806190125277,0.9020696794431918,5050
"[{'V'}, {'Z'}, {'V'}, {'V'}]",0.31990161447368015,125,0.8674358974358974,0.9020696794431918,5050
"[{'P'}, {'M'}, {'W'}, {'X'}]",0.31986122431289465,125,0.8674729799279465,0.9020696794431918,5050
"[{'T'}, {'W'}, {'Y'}, {'O'}]",0.3198463230230292,123,0.8673469387755102,0.9020696794431918,5050
"[{'N'}, {'T'}, {'Y'}, {'T'}]",0.3198207421025926,127,0.8676470588235293,0.9020696794431918,5050
"[{'T'}, {'P'}, {'M'}, {'M'}]",0.31980456752446895,106,0.8660714285714287,0.9020696794431918,5050
"[{'T'}, {'T'}, {'P'}, {'T'}]",0.3197037239583125,116,0.8669683257918551,0.9020696794431918,5050
"[{'V'}, {'V'}, {'Y'}, {'M'}]",0.3196599923828689,109,0.8664596273291925,0.9020696794431918,5050
"[{'M'}, {'N'}, {'M'}, {'Z'}]",0.31959303946271667,132,0.8681849551414769,0.9020696794431918,5050
"[{'P'}, {'M'}, {'T'}, {'N'}]",0.31957164234874247,103,0.8660377358490566,0.9020696794431918,5050
"[{'X'}, {'N'}, {'T'}, {'M'}]",0.31953182569651795,105,0.8662490788504054,0.9020696794431918,5050
"[{'T'}, {'T'}, {'M'}, {'W'}]",0.31948479478084457,106,0.8663793103448275,0.9020696794431918,5050
"[{'Y'}, {'P'}, {'M'}, {'P'}]",0.3194678129611557,103,0.8661387631975868,0.9020696794431918,5050
"[{'N'}, {'P'}, {'X'}, {'Z'}]",0.3194550284999831,99,0.8657937806873977,0.9020696794431918,5050
"[{'V'}, {'P'}, {'M'}, {'Z'}]",0.31939154738495745,103,0.8662131519274375,0.9020696794431918,5050
"[{'X'}, {'O'}, {'N'}, {'P'}]",0.3193771222446443,139,0.8688149688149688,0.9020696794431918,5050
"[{'M'}, {'U'}, {'P'}, {'X'}]",0.3193555222588582,145,0.8691838291380625,0.9020696794431918,5050
"[{'U'}, {'U'}, {'U'}, {'T'}]",0.31935121176541426,130,0.8682776593224354,0.9020696794431918,5050
"[{'M'}, {'T'}, {'U'}, {'O'}]",0.31933747184727757,117,0.8673887587822015,0.9020696794431918,5050
"[{'P'}, {'X'}, {'P'}, {'P'}]",0.3193101939121703,102,0.8662053056516724,0.9020696794431918,5050
"[{'Z'}, {'V'}, {'P'}, {'W'}]",0.31923690670826865,119,0.8676303854875282,0.9020696794431918,5050
"[{'T'}, {'U'}, {'P'}, {'Y'}]",0.31918088073976614,127,0.8682382133995038,0.9020696794431918,5050
"[{'W'}, {'W'}, {'N'}, {'M'}]",0.31917297723256766,122,0.8679042238364272,0.9020696794431918,5050
"[{'P'}, {'P'}, {'P'}, {'V'}, {'Y'}]",0.3190686058056159,20,0.7777777777777777,0.9020696794431918,5050
"[{'N'}, {'V'}, {'X'}, {'M'}, {'P'}]",0.3190686058056158,20,0.7777777777777778,0.9020696794431918,5050
"[{'W'}, {'T'}, {'T'}, {'U'}, {'Y'}]",0.3190686058056158,20,0.7777777777777778,0.9020696794431918,5050
"[{'M'}, {'U'}, {'P'}, {'O'}]",0.3190417865038989,115,0.8675213675213674,0.9020696794431918,5050
"[{'P'}, {'T'}, {'X'}, {'V'}]",0.318994569527035,106,0.8668565325738697,0.9020696794431918,5050
"[{'O'}, {'U'}, {'T'}, {'V'}]",0.3189873781484307,130,0.8686148728914231,0.9020696794431918,5050
"[{'V'}, {'P'}, {'Y'}, {'T'}]",0.3188585440389229,95,0.8660159716060337,0.9020696794431918,5050
"[{'V'}, {'V'}, {'M'}, {'T'}]",0.3188562965350925,105,0.8669090909090909,0.9020696794431918,5050
"[{'O'}, {'X'}, {'V'}, {'Y'}]",0.31883428257325575,144,0.8695987654320988,0.9020696794431918,5050
"[{'W'}, {'M'}, {'M'}, {'U'}]",0.3188283716922051,114,0.8676515851031086,0.9020696794431918,5050
"[{'M'}, {'U'}, {'W'}, {'Z'}]",0.31878488354247203,121,0.8682019977802441,0.9020696794431918,5050
"[{'U'}, {'N'}, {'X'}, {'W'}]",0.31876966637095405,122,0.8682860998650472,0.9020696794431918,5050
"[{'T'}, {'V'}, {'T'}, {'P'}]",0.3187397253474811,102,0.8667693492491336,0.9020696794431918,5050
"[{'T'}, {'N'}, {'T'}, {'T'}]",0.31867694869060825,124,0.8685111989459816,0.9020696794431918,5050
"[{'W'}, {'O'}, {'P'}, {'T'}]",0.31867599472098207,121,0.8683060109289616,0.9020696794431918,5050
"[{'Z'}, {'M'}, {'P'}, {'V'}]",0.3186304769110474,107,0.867296918767507,0.9020696794431918,5050
"[{'T'}, {'Z'}, {'X'}, {'Y'}]",0.3185846646405752,126,0.8687326782564877,0.9020696794431918,5050
"[{'P'}, {'U'}, {'M'}, {'T'}]",0.3184984479886067,109,0.8675876010781671,0.9020696794431918,5050
"[{'V'}, {'N'}, {'Y'}, {'U'}]",0.31849801270679745,110,0.8676666666666667,0.9020696794431918,5050
"[{'Z'}, {'X'}, {'M'}, {'T'}]",0.31841624829330617,134,0.869399641577061,0.9020696794431918,5050
"[{'V'}, {'W'}, {'Z'}, {'Z'}, {'W'}]",0.31834403332554195,30,0.7901785714285714,0.9020696794431918,5050
"[{'V'}, {'T'}, {'Y'}, {'P'}]",0.3182715587836301,121,0.8686951754385964,0.9020696794431918,5050
"[{'X'}, {'N'}, {'Z'}, {'V'}]",0.31826211709397456,146,0.8702347417840376,0.9020696794431918,5050
"[{'N'}, {'Y'}, {'T'}, {'M'}]",0.31825099129448187,118,0.8685050798258346,0.9020696794431918,5050
"[{'X'}, {'Y'}, {'Y'}, {'W'}]",0.3182179060264897,125,0.8690169840452907,0.9020696794431918,5050
"[{'T'}, {'T'}, {'Y'}, {'U'}]",0.3182170414544009,113,0.8681732580037665,0.9020696794431918,5050
"[{'X'}, {'Z'}, {'X'}, {'P'}]",0.3182087130477266,120,0.8686868686868687,0.9020696794431918,5050
"[{'Z'}, {'M'}, {'P'}, {'U'}]",0.31813745524671566,114,0.8683262364886997,0.9020696794431918,5050
"[{'M'}, {'T'}, {'V'}, {'M'}]",0.3180887171069987,118,0.8686635944700462,0.9020696794431918,5050
"[{'T'}, {'Y'}, {'T'}, {'P'}]",0.3180657555523567,112,0.8682476943346509,0.9020696794431918,5050
"[{'M'}, {'P'}, {'X'}, {'N'}]",0.3180394595562731,119,0.8687821612349914,0.9020696794431918,5050
"[{'Y'}, {'T'}, {'N'}, {'M'}]",0.3179840426463503,94,0.8668181818181817,0.9020696794431918,5050
"[{'V'}, {'O'}, {'U'}, {'Z'}]",0.317966673387828,113,0.8684210526315789,0.9020696794431918,5050
"[{'M'}, {'P'}, {'V'}, {'Y'}]",0.3179544156145422,118,0.8687953555878084,0.9020696794431918,5050
"[{'M'}, {'V'}, {'P'}, {'Z'}]",0.317909048224273,131,0.8696969696969697,0.9020696794431918,5050
"[{'T'}, {'O'}, {'O'}, {'Z'}]",0.31789016597225894,115,0.8686440677966102,0.9020696794431918,5050
"[{'M'}, {'Y'}, {'M'}, {'Y'}]",0.3178478049199114,102,0.8676697530864198,0.9020696794431918,5050
"[{'N'}, {'M'}, {'N'}, {'M'}]",0.3178251642606823,146,0.870640950711085,0.9020696794431918,5050
"[{'X'}, {'T'}, {'O'}, {'P'}]",0.31779583358250296,118,0.8689516129032258,0.9020696794431918,5050
"[{'V'}, {'U'}, {'V'}, {'P'}]",0.3177184558197369,120,0.8691666666666666,0.9020696794431918,5050
"[{'M'}, {'N'}, {'P'}, {'X'}]",0.3177143672677789,130,0.8698224852071006,0.9020696794431918,5050
"[{'X'}, {'M'}, {'T'}, {'Z'}]",0.31763320725023614,113,0.8687539531941809,0.9020696794431918,5050
"[{'P'}, {'Z'}, {'W'}, {'W'}]",0.31749668916064966,127,0.8698460009935419,0.9020696794431918,5050
"[{'M'}, {'U'}, {'N'}, {'X'}]",0.31749668916064955,127,0.869846000993542,0.9020696794431918,5050
"[{'V'}, {'M'}, {'P'}, {'M'}]",0.3174540637950053,116,0.869150521609538,0.9020696794431918,5050
"[{'P'}, {'X'}, {'P'}, {'M'}]",0.3174167923840575,98,0.8677721088435375,0.9020696794431918,5050
"[{'M'}, {'U'}, {'V'}, {'M'}]",0.31737699813488995,117,0.869298245614035,0.9020696794431918,5050
"[{'X'}, {'W'}, {'T'}, {'T'}]",0.3173420594330454,125,0.8698701298701299,0.9020696794431918,5050
"[{'O'}, {'O'}, {'W'}, {'V'}]",0.31732803284215216,140,0.8707830709466367,0.9020696794431918,5050
"[{'V'}, {'V'}, {'T'}, {'P'}]",0.31731948542653254,113,0.8690702087286527,0.9020696794431918,5050
"[{'Z'}, {'Z'}, {'T'}, {'T'}]",0.3173166132709291,120,0.8695652173913043,0.9020696794431918,5050
"[{'M'}, {'M'}, {'U'}, {'Y'}]",0.3172850311160579,115,0.8692493946731235,0.9020696794431918,5050
"[{'O'}, {'W'}, {'P'}, {'W'}]",0.3172400554220608,123,0.8698412698412697,0.9020696794431918,5050
"[{'P'}, {'T'}, {'T'}, {'M'}]",0.31722800428466746,102,0.8683095879861378,0.9020696794431918,5050
"[{'W'}, {'P'}, {'W'}, {'U'}]",0.3171134867689115,105,0.8686720469552458,0.9020696794431918,5050
"[{'T'}, {'M'}, {'W'}, {'Z'}, {'X'}]",0.31699366612046165,23,0.7833333333333333,0.9020696794431918,5050
"[{'M'}, {'M'}, {'M'}, {'U'}]",0.3169786456305381,118,0.8697688030436055,0.9020696794431918,5050
"[{'Y'}, {'P'}, {'V'}, {'V'}]",0.31697710754515096,121,0.8699724517906336,0.9020696794431918,5050
"[{'T'}, {'T'}, {'U'}, {'P'}]",0.31696869737473854,112,0.8693548387096774,0.9020696794431918,5050
"[{'M'}, {'Z'}, {'U'}, {'M'}]",0.316884893062245,98,0.8683333333333333,0.9020696794431918,5050
"[{'W'}, {'Z'}, {'Y'}, {'P'}]",0.3168778034047366,114,0.8695922813569872,0.9020696794431918,5050
"[{'M'}, {'M'}, {'U'}, {'X'}]",0.31687479196489243,135,0.8709394205443372,0.9020696794431918,5050
"[{'W'}, {'X'}, {'U'}, {'X'}]",0.3168736363674154,112,0.8694525429219306,0.9020696794431918,5050
"[{'X'}, {'M'}, {'U'}, {'N'}]",0.3168343306252873,119,0.8699830412662521,0.9020696794431918,5050
"[{'P'}, {'W'}, {'W'}, {'T'}]",0.3168150456093741,122,0.8702016017674676,0.9020696794431918,5050
"[{'T'}, {'M'}, {'O'}, {'W'}]",0.3167825460924626,108,0.8692493946731236,0.9020696794431918,5050
"[{'Z'}, {'W'}, {'M'}, {'W'}]",0.31666039728058293,99,0.8686579378068741,0.9020696794431918,5050
"[{'Z'}, {'T'}, {'P'}, {'P'}]",0.3165624827124992,116,0.8700564971751412,0.9020696794431918,5050
"[{'N'}, {'M'}, {'X'}, {'Z'}]",0.3164834295049491,134,0.8712690817953975,0.9020696794431918,5050
"[{'W'}, {'W'}, {'X'}, {'X'}]",0.31644152046507157,127,0.8708955223880597,0.9020696794431918,5050
"[{'X'}, {'V'}, {'P'}, {'X'}]",0.31640353389752673,120,0.8704895104895105,0.9020696794431918,5050
"[{'V'}, {'X'}, {'P'}, {'M'}]",0.31640147292304877,115,0.8701538461538463,0.9020696794431918,5050
"[{'T'}, {'O'}, {'M'}, {'Y'}]",0.31637823364457796,127,0.8709595959595959,0.9020696794431918,5050
"[{'W'}, {'O'}, {'T'}, {'O'}]",0.3163534652988672,122,0.8706709956709957,0.9020696794431918,5050
"[{'X'}, {'P'}, {'N'}, {'Z'}]",0.3162983571538074,156,0.872595758671708,0.9020696794431918,5050
"[{'M'}, {'T'}, {'N'}, {'Z'}]",0.3162682280545328,123,0.8708222811671088,0.9020696794431918,5050
"[{'Z'}, {'O'}, {'X'}, {'P'}]",0.3161894869091144,118,0.8705780845556514,0.9020696794431918,5050
"[{'W'}, {'P'}, {'W'}, {'M'}]",0.31610027206794555,114,0.8703990102072379,0.9020696794431918,5050
"[{'U'}, {'M'}, {'M'}, {'V'}]",0.31608283922105784,99,0.869281045751634,0.9020696794431918,5050
"[{'T'}, {'T'}, {'U'}, {'X'}]",0.31606535619012377,124,0.87109375,0.9020696794431918,5050
"[{'Z'}, {'U'}, {'P'}, {'M'}]",0.31606138088774094,98,0.8692211578508954,0.9020696794431918,5050
"[{'X'}, {'O'}, {'V'}, {'X'}, {'Y'}]",0.31603345440585295,26,0.7875000000000001,0.9020696794431918,5050
"[{'W'}, {'W'}, {'Z'}, {'X'}]",0.31597871155506785,133,0.8717194570135747,0.9020696794431918,5050
"[{'U'}, {'T'}, {'V'}, {'Y'}]",0.3158602471287595,126,0.8714285714285716,0.9020696794431918,5050
"[{'N'}, {'W'}, {'T'}, {'P'}]",0.3158166596298013,118,0.8709677419354839,0.9020696794431918,5050
"[{'X'}, {'W'}, {'V'}, {'M'}, {'M'}]",0.3157982786966317,28,0.7897435897435897,0.9020696794431918,5050
"[{'M'}, {'U'}, {'P'}, {'Y'}, {'O'}]",0.3157982786966317,28,0.7897435897435897,0.9020696794431918,5050
"[{'N'}, {'T'}, {'M'}, {'X'}]",0.3157722094365214,117,0.8709483793517406,0.9020696794431918,5050
"[{'W'}, {'W'}, {'V'}, {'M'}]",0.3157676375743479,127,0.8715846994535519,0.9020696794431918,5050
"[{'W'}, {'M'}, {'Y'}, {'U'}]",0.3157660816407908,105,0.8701015965166908,0.9020696794431918,5050
"[{'M'}, {'O'}, {'M'}, {'O'}]",0.3156991031351659,124,0.871473354231975,0.9020696794431918,5050
"[{'P'}, {'U'}, {'W'}, {'O'}]",0.31557390247866657,135,0.8722447143499775,0.9020696794431918,5050
"[{'P'}, {'V'}, {'Z'}, {'U'}]",0.3155630175532653,121,0.8714285714285714,0.9020696794431918,5050
"[{'O'}, {'X'}, {'P'}, {'Y'}]",0.3155466763248832,127,0.8718140929535233,0.9020696794431918,5050
"[{'T'}, {'Z'}, {'P'}, {'N'}]",0.315481630918507,121,0.8715144887916895,0.9020696794431918,5050
"[{'O'}, {'O'}, {'P'}, {'M'}]",0.31545017206861814,104,0.8703703703703703,0.9020696794431918,5050
"[{'Z'}, {'P'}, {'X'}, {'M'}]",0.31544529304801416,96,0.8697351280937907,0.9020696794431918,5050
"[{'X'}, {'M'}, {'M'}, {'T'}]",0.3154226854702188,113,0.8710509348807222,0.9020696794431918,5050
"[{'M'}, {'W'}, {'T'}, {'U'}]",0.31538874244335136,106,0.8705882352941176,0.9020696794431918,5050
"[{'W'}, {'P'}, {'N'}, {'U'}]",0.315362994200036,92,0.8694826767916469,0.9020696794431918,5050
"[{'O'}, {'Z'}, {'U'}, {'O'}]",0.31535329761057573,99,0.8700854700854701,0.9020696794431918,5050
"[{'V'}, {'Y'}, {'U'}, {'O'}]",0.3153517153619749,109,0.8708474576271187,0.9020696794431918,5050
"[{'Z'}, {'X'}, {'V'}, {'M'}]",0.31534370757018193,119,0.8715336728919072,0.9020696794431918,5050
"[{'M'}, {'U'}, {'P'}, {'Z'}]",0.31534136168739746,124,0.8718487394957983,0.9020696794431918,5050
"[{'M'}, {'X'}, {'Y'}, {'W'}]",0.3153192790074214,120,0.8716235032024506,0.9020696794431918,5050
"[{'Y'}, {'Z'}, {'T'}, {'V'}]",0.31531610894738826,126,0.871995952441184,0.9020696794431918,5050
"[{'M'}, {'U'}, {'Y'}, {'X'}]",0.3153110880412272,138,0.8726773648648649,0.9020696794431918,5050
"[{'N'}, {'M'}, {'M'}, {'Y'}]",0.3152928348197772,112,0.8711224816117683,0.9020696794431918,5050
"[{'O'}, {'U'}, {'Z'}, {'W'}]",0.3152536062811564,135,0.8725749559082894,0.9020696794431918,5050
"[{'X'}, {'V'}, {'V'}, {'P'}]",0.31524169594773077,127,0.8721335992023928,0.9020696794431918,5050
"[{'P'}, {'X'}, {'V'}, {'X'}]",0.31521762328539005,121,0.8717948717948717,0.9020696794431918,5050
"[{'U'}, {'P'}, {'X'}, {'W'}]",0.31513833234867517,130,0.8724162508909479,0.9020696794431918,5050
"[{'T'}, {'U'}, {'Z'}, {'O'}]",0.3151038207984618,112,0.8713282247765006,0.9020696794431918,5050
"[{'M'}, {'W'}, {'X'}, {'X'}]",0.3150898309179947,123,0.8720547945205479,0.9020696794431918,5050
"[{'M'}, {'N'}, {'P'}, {'U'}]",0.314999751616299,118,0.8718390804597701,0.9020696794431918,5050
"[{'W'}, {'T'}, {'Y'}, {'M'}, {'T'}]",0.3149501112136872,23,0.7846153846153846,0.9020696794431918,5050
"[{'U'}, {'V'}, {'M'}, {'P'}, {'M'}]",0.3149023136685146,22,0.7833333333333333,0.9020696794431918,5050
"[{'W'}, {'Z'}, {'V'}, {'T'}]",0.3148315268969645,135,0.873015873015873,0.9020696794431918,5050
"[{'M'}, {'P'}, {'O'}, {'W'}]",0.31480991662697255,122,0.8722943722943723,0.9020696794431918,5050
"[{'P'}, {'U'}, {'V'}, {'M'}]",0.3147072251653933,114,0.8718982630272953,0.9020696794431918,5050
"[{'M'}, {'T'}, {'W'}, {'T'}]",0.3146745962680445,115,0.8720000000000001,0.9020696794431918,5050
"[{'Y'}, {'V'}, {'T'}, {'X'}]",0.3146696114533313,123,0.8725067385444744,0.9020696794431918,5050
"[{'Y'}, {'M'}, {'O'}, {'X'}]",0.31464215243947735,109,0.8716307277628031,0.9020696794431918,5050
"[{'V'}, {'Y'}, {'M'}, {'W'}]",0.31464215243947724,109,0.8716307277628033,0.9020696794431918,5050
"[{'X'}, {'M'}, {'W'}, {'P'}]",0.314619943687104,135,0.8732394366197183,0.9020696794431918,5050
"[{'M'}, {'N'}, {'P'}, {'T'}]",0.3146177574998543,137,0.8733475479744137,0.9020696794431918,5050
"[{'Z'}, {'T'}, {'P'}, {'Y'}]",0.3145532908325581,112,0.8719354838709679,0.9020696794431918,5050
"[{'W'}, {'P'}, {'U'}, {'X'}]",0.31453307408669995,103,0.8713207547169811,0.9020696794431918,5050
"[{'T'}, {'W'}, {'U'}, {'Y'}]",0.31452135900791256,111,0.871903520208605,0.9020696794431918,5050
"[{'T'}, {'Z'}, {'Y'}, {'Y'}]",0.31447165793137644,134,0.8733438131596676,0.9020696794431918,5050
"[{'M'}, {'N'}, {'M'}, {'P'}]",0.31433772260698456,132,0.8733796296296297,0.9020696794431918,5050
"[{'T'}, {'Y'}, {'T'}, {'M'}]",0.3143256868568992,117,0.8725146198830409,0.9020696794431918,5050
"[{'P'}, {'T'}, {'X'}, {'U'}]",0.31428484071185747,121,0.8728070175438597,0.9020696794431918,5050
"[{'O'}, {'Z'}, {'U'}, {'X'}]",0.3142663266828186,109,0.8720538720538721,0.9020696794431918,5050
"[{'Z'}, {'P'}, {'T'}, {'Z'}]",0.3142628163604535,113,0.8723270440251572,0.9020696794431918,5050
"[{'N'}, {'M'}, {'P'}, {'P'}]",0.3142465807668471,119,0.8727272727272728,0.9020696794431918,5050
"[{'X'}, {'O'}, {'T'}, {'X'}]",0.31424591924960044,132,0.8734787600459242,0.9020696794431918,5050
"[{'O'}, {'W'}, {'P'}, {'T'}]",0.31409630914826037,121,0.873015873015873,0.9020696794431918,5050
"[{'M'}, {'T'}, {'U'}, {'V'}]",0.31404456805135894,103,0.8718820861678004,0.9020696794431918,5050
"[{'W'}, {'M'}, {'Y'}, {'X'}]",0.31401164679491245,111,0.8724788549121666,0.9020696794431918,5050
"[{'M'}, {'P'}, {'N'}, {'X'}]",0.3140017256338439,133,0.8737975263398992,0.9020696794431918,5050
"[{'X'}, {'W'}, {'U'}, {'X'}]",0.3139576334510875,118,0.8729885057471264,0.9020696794431918,5050
"[{'X'}, {'N'}, {'P'}, {'M'}]",0.31395422700712894,102,0.8719135802469136,0.9020696794431918,5050
"[{'T'}, {'V'}, {'M'}, {'Y'}]",0.3139445628356462,111,0.872555410691004,0.9020696794431918,5050
"[{'X'}, {'P'}, {'M'}, {'Y'}]",0.31386717227444394,114,0.8728395061728396,0.9020696794431918,5050
"[{'T'}, {'M'}, {'M'}, {'P'}]",0.31386664992329016,111,0.8726445743989603,0.9020696794431918,5050
"[{'U'}, {'M'}, {'X'}, {'U'}]",0.3138572192698518,127,0.8736291126620139,0.9020696794431918,5050
"[{'Y'}, {'T'}, {'W'}, {'U'}]",0.3138396146948459,130,0.8738140417457305,0.9020696794431918,5050
"[{'Y'}, {'U'}, {'M'}, {'Y'}]",0.3138170565839973,122,0.8733870967741936,0.9020696794431918,5050
"[{'T'}, {'M'}, {'O'}, {'X'}]",0.3138145518872626,104,0.8722222222222221,0.9020696794431918,5050
"[{'W'}, {'W'}, {'Y'}, {'X'}]",0.31379059823152,120,0.87329813837177,0.9020696794431918,5050
"[{'T'}, {'M'}, {'W'}, {'P'}]",0.3137892234895867,119,0.8732394366197183,0.9020696794431918,5050
"[{'X'}, {'W'}, {'V'}, {'P'}]",0.31371411853719233,126,0.8737322515212982,0.9020696794431918,5050
"[{'W'}, {'W'}, {'T'}, {'P'}]",0.3136642662493839,136,0.874322860238353,0.9020696794431918,5050
"[{'Z'}, {'W'}, {'N'}, {'Y'}]",0.31364062501968604,115,0.8731617647058824,0.9020696794431918,5050
"[{'W'}, {'V'}, {'V'}, {'P'}]",0.3136067554819496,119,0.8734463276836159,0.9020696794431918,5050
"[{'T'}, {'M'}, {'U'}, {'V'}]",0.31360669667724983,101,0.872248427672956,0.9020696794431918,5050
"[{'X'}, {'X'}, {'N'}, {'N'}]",0.31355030743060586,121,0.8736293859649122,0.9020696794431918,5050
"[{'X'}, {'N'}, {'V'}, {'P'}]",0.31348714211450446,119,0.8735827664399093,0.9020696794431918,5050
"[{'W'}, {'Z'}, {'Z'}, {'W'}]",0.31348306763787903,129,0.8741562198649951,0.9020696794431918,5050
"[{'T'}, {'O'}, {'M'}, {'M'}]",0.3134634587568238,109,0.8729784366576819,0.9020696794431918,5050
"[{'M'}, {'W'}, {'U'}, {'T'}]",0.31330727486460197,119,0.8737891737891738,0.9020696794431918,5050
"[{'Z'}, {'V'}, {'U'}, {'P'}]",0.31330405657083904,112,0.8733610489286857,0.9020696794431918,5050
"[{'O'}, {'M'}, {'V'}, {'V'}]",0.31329650902938644,113,0.8734335839598997,0.9020696794431918,5050
"[{'X'}, {'M'}, {'X'}, {'M'}]",0.31321757131719674,115,0.8736507936507937,0.9020696794431918,5050
"[{'Y'}, {'V'}, {'Z'}, {'O'}, {'P'}]",0.3132161501543207,23,0.7857142857142858,0.9020696794431918,5050
"[{'Y'}, {'W'}, {'U'}, {'V'}]",0.31318816263067584,121,0.8740437158469946,0.9020696794431918,5050
"[{'P'}, {'Z'}, {'X'}, {'V'}]",0.31318816263067584,121,0.8740437158469946,0.9020696794431918,5050
"[{'X'}, {'Y'}, {'P'}, {'W'}]",0.3131713072521489,118,0.8738868141338696,0.9020696794431918,5050
"[{'V'}, {'M'}, {'P'}, {'U'}]",0.3131437024689012,104,0.873015873015873,0.9020696794431918,5050
"[{'X'}, {'V'}, {'Y'}, {'M'}]",0.31303623914945367,131,0.8747667910447762,0.9020696794431918,5050
"[{'P'}, {'Z'}, {'N'}, {'P'}]",0.3129854569407925,105,0.8732752360203341,0.9020696794431918,5050
"[{'T'}, {'N'}, {'X'}, {'M'}]",0.3129268290361036,92,0.8723809523809525,0.9020696794431918,5050
"[{'M'}, {'M'}, {'X'}, {'W'}]",0.3128248993088478,120,0.8744082428292954,0.9020696794431918,5050
"[{'O'}, {'T'}, {'P'}, {'M'}]",0.31281715694627765,109,0.8737446197991391,0.9020696794431918,5050
"[{'O'}, {'W'}, {'T'}, {'V'}]",0.31278687911481573,130,0.875,0.9020696794431918,5050
"[{'O'}, {'Z'}, {'O'}, {'T'}]",0.3127655915606028,113,0.8740601503759399,0.9020696794431918,5050
"[{'M'}, {'T'}, {'N'}, {'U'}]",0.3127229411504676,128,0.8749688667496887,0.9020696794431918,5050
"[{'X'}, {'P'}, {'W'}, {'M'}]",0.3127129050658727,118,0.8744239631336405,0.9020696794431918,5050
"[{'T'}, {'X'}, {'M'}, {'Y'}]",0.31270467831416016,111,0.8740079365079365,0.9020696794431918,5050
"[{'M'}, {'T'}, {'Y'}, {'W'}]",0.31267963584801106,131,0.8751753155680224,0.9020696794431918,5050
"[{'V'}, {'T'}, {'T'}, {'P'}]",0.3126764466098809,120,0.8745828698553949,0.9020696794431918,5050
"[{'V'}, {'V'}, {'X'}, {'V'}, {'Y'}]",0.3126607457496213,25,0.7884615384615384,0.9020696794431918,5050
"[{'O'}, {'X'}, {'W'}, {'W'}, {'X'}]",0.3126607457496213,25,0.7884615384615384,0.9020696794431918,5050
"[{'N'}, {'X'}, {'P'}, {'P'}]",0.3126529077044089,115,0.8743169398907104,0.9020696794431918,5050
"[{'X'}, {'P'}, {'V'}, {'W'}]",0.31265074698006634,124,0.8748373666406453,0.9020696794431918,5050
"[{'M'}, {'O'}, {'M'}, {'W'}]",0.31261446195589904,109,0.873989218328841,0.9020696794431918,5050
"[{'V'}, {'N'}, {'U'}, {'M'}]",0.31257617515138925,130,0.8752436647173489,0.9020696794431918,5050
"[{'X'}, {'Z'}, {'W'}, {'N'}]",0.31253580768868017,116,0.8745168004757656,0.9020696794431918,5050
"[{'U'}, {'Y'}, {'O'}, {'T'}]",0.3125344939050684,129,0.8752403846153847,0.9020696794431918,5050
"[{'M'}, {'U'}, {'M'}, {'W'}]",0.3124658647066094,104,0.8738404452690167,0.9020696794431918,5050
"[{'V'}, {'T'}, {'Z'}, {'X'}]",0.3124278206222115,117,0.8747051886792453,0.9020696794431918,5050
"[{'U'}, {'X'}, {'O'}, {'P'}]",0.3124193853397119,122,0.8750000000000001,0.9020696794431918,5050
"[{'V'}, {'Z'}, {'P'}, {'U'}]",0.31238884366517794,125,0.8752,0.9020696794431918,5050
"[{'T'}, {'X'}, {'W'}, {'Z'}]",0.3123796710707202,110,0.8743386243386244,0.9020696794431918,5050
"[{'V'}, {'T'}, {'Z'}, {'V'}]",0.312377552547768,113,0.8745271122320302,0.9020696794431918,5050
"[{'N'}, {'P'}, {'N'}, {'O'}]",0.31235328848067123,123,0.8751336898395722,0.9020696794431918,5050
"[{'Y'}, {'Z'}, {'M'}, {'T'}]",0.3123219555239669,136,0.8758382003028337,0.9020696794431918,5050
"[{'T'}, {'Z'}, {'V'}, {'X'}]",0.3123219555239669,136,0.8758382003028337,0.9020696794431918,5050
"[{'U'}, {'P'}, {'V'}, {'Y'}]",0.3122362103531817,133,0.8757918552036199,0.9020696794431918,5050
"[{'X'}, {'V'}, {'Z'}, {'Z'}]",0.3121755643849107,127,0.875558867362146,0.9020696794431918,5050
"[{'Z'}, {'U'}, {'Z'}, {'T'}, {'N'}]",0.31211684097145065,22,0.7851239669421488,0.9020696794431918,5050
"[{'X'}, {'Y'}, {'O'}, {'Z'}]",0.31210279720125644,119,0.8752122241086587,0.9020696794431918,5050
"[{'V'}, {'Z'}, {'M'}, {'P'}]",0.31209743835358184,111,0.8747474747474747,0.9020696794431918,5050
"[{'X'}, {'M'}, {'N'}, {'Z'}]",0.3120858680025166,140,0.8763012859767298,0.9020696794431918,5050
"[{'Z'}, {'W'}, {'M'}, {'Y'}]",0.31200355733736895,101,0.8742138364779874,0.9020696794431918,5050
"[{'V'}, {'T'}, {'W'}, {'Y'}]",0.31200231579060844,109,0.8747412008281574,0.9020696794431918,5050
"[{'T'}, {'X'}, {'P'}, {'Y'}]",0.3118938022786403,111,0.875,0.9020696794431918,5050
"[{'Z'}, {'Z'}, {'W'}, {'N'}]",0.31188194846870676,131,0.876112412177986,0.9020696794431918,5050
"[{'O'}, {'T'}, {'M'}, {'X'}]",0.31184922306252616,128,0.8760010333247222,0.9020696794431918,5050
"[{'Z'}, {'T'}, {'W'}, {'N'}]",0.31184033088117,145,0.8768115942028986,0.9020696794431918,5050
"[{'U'}, {'M'}, {'W'}, {'P'}]",0.31181648602205225,134,0.8763368983957219,0.9020696794431918,5050
"[{'P'}, {'O'}, {'P'}, {'T'}]",0.31180683041078383,125,0.875897435897436,0.9020696794431918,5050
"[{'O'}, {'U'}, {'Z'}, {'Z'}]",0.3117794036532717,124,0.8758782201405152,0.9020696794431918,5050
"[{'X'}, {'P'}, {'X'}, {'Z'}]",0.3117661122117279,117,0.875511396843951,0.9020696794431918,5050
"[{'U'}, {'W'}, {'T'}, {'N'}]",0.31175352543944146,126,0.8760141987829615,0.9020696794431918,5050
"[{'O'}, {'N'}, {'X'}, {'O'}]",0.3117497957474006,124,0.8759143155694881,0.9020696794431918,5050
"[{'P'}, {'Z'}, {'U'}, {'X'}]",0.31170095328925207,132,0.8763786764705882,0.9020696794431918,5050
"[{'U'}, {'Z'}, {'N'}, {'X'}]",0.31168704392559665,112,0.8753188775510204,0.9020696794431918,5050
"[{'P'}, {'T'}, {'W'}, {'W'}]",0.3116857410402991,112,0.8753205128205127,0.9020696794431918,5050
"[{'Y'}, {'X'}, {'M'}, {'V'}]",0.3116378724052846,120,0.8758370535714286,0.9020696794431918,5050
"[{'M'}, {'W'}, {'T'}, {'W'}]",0.3116200017173988,144,0.8770270270270271,0.9020696794431918,5050
"[{'N'}, {'W'}, {'P'}, {'T'}]",0.3115668729315195,124,0.8761384335154827,0.9020696794431918,5050
"[{'T'}, {'X'}, {'P'}, {'Z'}]",0.3115458364308946,126,0.8762677484787018,0.9020696794431918,5050
"[{'Z'}, {'M'}, {'T'}, {'T'}]",0.3115387767576163,115,0.8756805807622504,0.9020696794431918,5050
"[{'U'}, {'N'}, {'N'}, {'W'}]",0.31153135480140426,123,0.8761297182349814,0.9020696794431918,5050
"[{'Y'}, {'P'}, {'X'}, {'Z'}]",0.31139145061064666,114,0.8758089368258859,0.9020696794431918,5050
"[{'W'}, {'M'}, {'X'}, {'Y'}]",0.31138509392155767,114,0.8758169934640523,0.9020696794431918,5050
"[{'M'}, {'T'}, {'T'}, {'T'}]",0.31129933766167794,114,0.8759259259259259,0.9020696794431918,5050
"[{'M'}, {'N'}, {'T'}, {'Y'}]",0.31127011414909433,139,0.8772256728778468,0.9020696794431918,5050
"[{'X'}, {'N'}, {'X'}, {'Y'}]",0.3112198367504416,107,0.8756114605171208,0.9020696794431918,5050
"[{'Z'}, {'T'}, {'M'}, {'Y'}]",0.31113506072331176,109,0.8758434547908232,0.9020696794431918,5050
"[{'W'}, {'M'}, {'N'}, {'O'}]",0.3111236116892345,132,0.8770833333333333,0.9020696794431918,5050
"[{'X'}, {'W'}, {'P'}, {'X'}]",0.3110968462316581,126,0.8768245838668373,0.9020696794431918,5050
"[{'X'}, {'V'}, {'U'}, {'P'}]",0.3110912927962891,101,0.8753968253968254,0.9020696794431918,5050
"[{'T'}, {'M'}, {'T'}, {'P'}]",0.31105534800302415,111,0.8760655737704918,0.9020696794431918,5050
"[{'N'}, {'X'}, {'W'}, {'M'}]",0.31104832572421437,113,0.8761904761904762,0.9020696794431918,5050
"[{'T'}, {'W'}, {'W'}, {'Z'}]",0.3109107966760277,114,0.8764252696456086,0.9020696794431918,5050
"[{'Y'}, {'U'}, {'P'}, {'Y'}]",0.3108921516353246,134,0.8774641577060932,0.9020696794431918,5050
"[{'T'}, {'Y'}, {'U'}, {'Z'}]",0.31087243350080807,113,0.8764186633039092,0.9020696794431918,5050
"[{'Z'}, {'M'}, {'O'}, {'U'}]",0.31085932498513436,126,0.8771241830065359,0.9020696794431918,5050
"[{'M'}, {'Z'}, {'T'}, {'V'}]",0.3108586228194129,122,0.8769230769230769,0.9020696794431918,5050
"[{'W'}, {'M'}, {'T'}, {'M'}]",0.3108488073435858,103,0.8758490566037735,0.9020696794431918,5050
"[{'M'}, {'Y'}, {'N'}, {'Y'}]",0.31083859198630404,104,0.8759259259259259,0.9020696794431918,5050
"[{'T'}, {'M'}, {'O'}, {'T'}]",0.31083464793601934,105,0.8759936406995231,0.9020696794431918,5050
"[{'V'}, {'U'}, {'V'}, {'Y'}]",0.31081302173974246,127,0.8772321428571429,0.9020696794431918,5050
"[{'X'}, {'O'}, {'T'}, {'P'}]",0.31078245815023464,129,0.8773676542010685,0.9020696794431918,5050
"[{'Z'}, {'T'}, {'T'}, {'M'}]",0.31065683201342453,106,0.8762923351158646,0.9020696794431918,5050
"[{'V'}, {'T'}, {'X'}, {'V'}]",0.3106560703608875,110,0.8765309500165508,0.9020696794431918,5050
"[{'P'}, {'Z'}, {'P'}, {'U'}]",0.3106559244287176,130,0.8775757575757576,0.9020696794431918,5050
"[{'Z'}, {'O'}, {'N'}, {'O'}]",0.3105654088426222,125,0.8774509803921569,0.9020696794431918,5050
"[{'T'}, {'X'}, {'Y'}, {'N'}]",0.3105218089101358,113,0.8768796992481203,0.9020696794431918,5050
"[{'M'}, {'V'}, {'Y'}, {'Z'}]",0.3105218089101358,113,0.8768796992481203,0.9020696794431918,5050
"[{'U'}, {'Z'}, {'N'}, {'P'}]",0.31047873540262083,97,0.8759590792838875,0.9020696794431918,5050
"[{'X'}, {'O'}, {'W'}, {'P'}]",0.31043452542509653,139,0.8782608695652174,0.9020696794431918,5050
"[{'T'}, {'M'}, {'P'}, {'Z'}]",0.3103994966681002,128,0.8778103616813294,0.9020696794431918,5050
"[{'X'}, {'T'}, {'W'}, {'N'}]",0.3103850571866823,102,0.8764132553606239,0.9020696794431918,5050
"[{'U'}, {'P'}, {'Z'}, {'Y'}]",0.3103481278902471,129,0.8779239766081871,0.9020696794431918,5050
"[{'V'}, {'P'}, {'P'}, {'Z'}]",0.31030485438690425,109,0.8769438810006761,0.9020696794431918,5050
"[{'Y'}, {'V'}, {'T'}, {'M'}]",0.3102873902153608,110,0.8770247933884296,0.9020696794431918,5050
"[{'Z'}, {'P'}, {'O'}, {'N'}, {'O'}]",0.31027504042856346,31,0.7958333333333334,0.9020696794431918,5050
"[{'U'}, {'U'}, {'O'}, {'W'}, {'Z'}]",0.31027258078619147,22,0.7863247863247864,0.9020696794431918,5050
"[{'V'}, {'O'}, {'U'}, {'M'}]",0.31027036776301076,111,0.8771043771043772,0.9020696794431918,5050
"[{'Y'}, {'V'}, {'X'}, {'P'}]",0.31025641634315626,122,0.8777056277056278,0.9020696794431918,5050
"[{'O'}, {'O'}, {'X'}, {'U'}]",0.3102461291142007,112,0.8771929824561403,0.9020696794431918,5050
"[{'V'}, {'T'}, {'V'}, {'P'}]",0.3102461291142007,112,0.8771929824561403,0.9020696794431918,5050
"[{'M'}, {'V'}, {'M'}, {'Y'}]",0.31019810341011933,115,0.8774213075060533,0.9020696794431918,5050
"[{'T'}, {'W'}, {'W'}, {'N'}]",0.310191692689861,121,0.8777412280701753,0.9020696794431918,5050
"[{'T'}, {'P'}, {'Y'}, {'X'}]",0.3101904234271762,123,0.8778424114225278,0.9020696794431918,5050
"[{'Z'}, {'W'}, {'P'}, {'P'}]",0.3101316325982384,106,0.877005347593583,0.9020696794431918,5050
"[{'T'}, {'N'}, {'Y'}, {'O'}]",0.3101137082647528,114,0.8774813895781637,0.9020696794431918,5050
"[{'T'}, {'M'}, {'N'}, {'Y'}]",0.31008321580048204,111,0.8773584905660378,0.9020696794431918,5050
"[{'T'}, {'V'}, {'V'}, {'U'}]",0.3100818470399912,103,0.8768939393939393,0.9020696794431918,5050
"[{'Z'}, {'M'}, {'Y'}, {'T'}]",0.3100335930847571,107,0.8771991555242787,0.9020696794431918,5050
"[{'P'}, {'V'}, {'P'}, {'M'}]",0.3100265924923473,121,0.8779614325068871,0.9020696794431918,5050
"[{'P'}, {'M'}, {'P'}, {'V'}]",0.3100105520991816,129,0.8783653846153846,0.9020696794431918,5050
"[{'P'}, {'M'}, {'N'}, {'N'}]",0.30998040316092323,107,0.8772727272727271,0.9020696794431918,5050
"[{'Z'}, {'O'}, {'P'}, {'W'}]",0.3099566742556369,123,0.8781535158346753,0.9020696794431918,5050
"[{'V'}, {'M'}, {'P'}, {'T'}]",0.30995289648373014,103,0.8770739064856712,0.9020696794431918,5050
"[{'P'}, {'W'}, {'Z'}, {'U'}]",0.30994937943575107,126,0.8783068783068783,0.9020696794431918,5050
"[{'Z'}, {'U'}, {'U'}, {'P'}]",0.30994102381208144,127,0.8783649052841476,0.9020696794431918,5050
"[{'U'}, {'N'}, {'M'}, {'U'}]",0.3098738511363395,96,0.8767431399010346,0.9020696794431918,5050
"[{'W'}, {'N'}, {'T'}, {'M'}]",0.3098455454006527,115,0.8778998778998779,0.9020696794431918,5050
"[{'M'}, {'M'}, {'T'}, {'V'}]",0.3098002487736986,122,0.8783155592015313,0.9020696794431918,5050
"[{'V'}, {'T'}, {'N'}, {'P'}]",0.3097759302396176,106,0.8775,0.9020696794431918,5050
"[{'W'}, {'P'}, {'T'}, {'V'}]",0.30976094349090455,135,0.8789612676056338,0.9020696794431918,5050
"[{'U'}, {'T'}, {'Z'}, {'Y'}]",0.3097499348057273,120,0.8782857142857142,0.9020696794431918,5050
"[{'M'}, {'X'}, {'N'}, {'Z'}]",0.30974330508617254,116,0.8780923994038748,0.9020696794431918,5050
"[{'M'}, {'M'}, {'M'}, {'V'}]",0.30972537984195747,103,0.8773946360153256,0.9020696794431918,5050
"[{'U'}, {'Z'}, {'N'}, {'M'}]",0.3097007474912087,102,0.8773694390715667,0.9020696794431918,5050
"[{'O'}, {'U'}, {'N'}, {'W'}]",0.30969627403739897,131,0.8788732394366197,0.9020696794431918,5050
"[{'W'}, {'P'}, {'O'}, {'O'}]",0.30963506979018085,118,0.8783433994823122,0.9020696794431918,5050
"[{'V'}, {'T'}, {'Y'}, {'T'}]",0.30959199532287374,108,0.8778730703259006,0.9020696794431918,5050
"[{'X'}, {'P'}, {'V'}, {'U'}]",0.30958440896637607,129,0.8789346246973366,0.9020696794431918,5050
"[{'X'}, {'N'}, {'M'}, {'X'}]",0.30955102308197124,108,0.8779310344827586,0.9020696794431918,5050
"[{'Z'}, {'T'}, {'T'}, {'X'}]",0.3095334572216726,117,0.8784336645236703,0.9020696794431918,5050
"[{'W'}, {'Y'}, {'N'}, {'T'}]",0.30952237245741454,118,0.8784992784992786,0.9020696794431918,5050
"[{'T'}, {'X'}, {'V'}, {'Y'}]",0.3095182828950217,130,0.8790686623901164,0.9020696794431918,5050
"[{'Z'}, {'O'}, {'V'}, {'T'}]",0.3095073288655519,142,0.8795853269537479,0.9020696794431918,5050
"[{'O'}, {'P'}, {'T'}, {'X'}]",0.3095002804206354,133,0.8792237442922375,0.9020696794431918,5050
"[{'P'}, {'Y'}, {'N'}, {'T'}]",0.30940396356267474,125,0.8789989680082559,0.9020696794431918,5050
"[{'O'}, {'X'}, {'X'}, {'P'}]",0.30938259109379995,112,0.8783870967741936,0.9020696794431918,5050
"[{'P'}, {'M'}, {'U'}, {'N'}]",0.30937496527430597,117,0.8786549707602339,0.9020696794431918,5050
"[{'M'}, {'W'}, {'Z'}, {'M'}]",0.30935593843469533,127,0.8791563275434243,0.9020696794431918,5050
"[{'X'}, {'Z'}, {'M'}, {'V'}]",0.3093408392570812,130,0.8793103448275862,0.9020696794431918,5050
"[{'X'}, {'P'}, {'X'}, {'Y'}]",0.3093196016219397,115,0.8786319612590799,0.9020696794431918,5050
"[{'T'}, {'Y'}, {'Y'}, {'V'}]",0.30931875159698763,112,0.8784777742244962,0.9020696794431918,5050
"[{'V'}, {'O'}, {'P'}, {'X'}]",0.3092954953377084,121,0.8789617486338798,0.9020696794431918,5050
"[{'U'}, {'W'}, {'M'}, {'U'}]",0.309266143801073,113,0.8786049631120054,0.9020696794431918,5050
"[{'M'}, {'M'}, {'W'}, {'T'}]",0.3092602677038928,122,0.8790584415584416,0.9020696794431918,5050
"[{'O'}, {'M'}, {'U'}, {'Y'}]",0.30924886927757045,117,0.8788325471698113,0.9020696794431918,5050
"[{'W'}, {'V'}, {'T'}, {'Z'}]",0.3092437161523258,125,0.8792207792207792,0.9020696794431918,5050
"[{'V'}, {'W'}, {'W'}, {'U'}]",0.3092413040646337,122,0.8790849673202614,0.9020696794431918,5050
"[{'X'}, {'P'}, {'N'}, {'U'}]",0.3092394373689611,114,0.878694581280788,0.9020696794431918,5050
"[{'P'}, {'W'}, {'M'}, {'Y'}]",0.30922975048487933,101,0.8779904306220095,0.9020696794431918,5050
"[{'X'}, {'P'}, {'W'}, {'M'}, {'Y'}]",0.30921587748557666,28,0.79375,0.9020696794431918,5050
"[{'W'}, {'V'}, {'P'}, {'T'}]",0.30920664419319355,107,0.878368794326241,0.9020696794431918,5050
"[{'M'}, {'N'}, {'M'}, {'Y'}]",0.3091801792032407,119,0.8790276992651215,0.9020696794431918,5050
"[{'N'}, {'P'}, {'X'}, {'X'}]",0.30917322383121515,108,0.8784722222222222,0.9020696794431918,5050
"[{'T'}, {'U'}, {'X'}, {'P'}]",0.30916597176944793,123,0.8792372881355932,0.9020696794431918,5050
"[{'N'}, {'Y'}, {'M'}, {'Y'}]",0.30915781193756775,140,0.8799755052051438,0.9020696794431918,5050
"[{'U'}, {'X'}, {'U'}, {'O'}]",0.3091567177141862,122,0.8792036588646758,0.9020696794431918,5050
"[{'U'}, {'P'}, {'N'}, {'Z'}]",0.30915487411930453,111,0.8786597267404034,0.9020696794431918,5050
"[{'O'}, {'V'}, {'T'}, {'Y'}]",0.30914275211223297,104,0.8782931354359926,0.9020696794431918,5050
"[{'N'}, {'V'}, {'P'}, {'T'}]",0.30914219534266485,109,0.8785714285714286,0.9020696794431918,5050
"[{'W'}, {'Z'}, {'T'}, {'U'}]",0.3091349975126546,117,0.8789940828402367,0.9020696794431918,5050
"[{'V'}, {'Z'}, {'M'}, {'Z'}]",0.30913046696354396,106,0.8784240150093809,0.9020696794431918,5050
"[{'P'}, {'Y'}, {'T'}, {'T'}]",0.30912542669356924,106,0.8784313725490196,0.9020696794431918,5050
"[{'V'}, {'P'}, {'T'}, {'V'}]",0.30910578762154006,110,0.8786776859504132,0.9020696794431918,5050
"[{'Y'}, {'O'}, {'M'}, {'Z'}]",0.30910479688316284,101,0.8781746031746032,0.9020696794431918,5050
"[{'W'}, {'T'}, {'P'}, {'Z'}]",0.30905803476581983,125,0.8794805194805195,0.9020696794431918,5050
"[{'X'}, {'N'}, {'V'}, {'T'}]",0.3090533016184065,125,0.8794871794871795,0.9020696794431918,5050
"[{'T'}, {'V'}, {'T'}, {'N'}]",0.3090482632474224,118,0.8791666666666667,0.9020696794431918,5050
"[{'O'}, {'P'}, {'Y'}, {'M'}]",0.30904455407189757,95,0.8778966131907309,0.9020696794431918,5050
"[{'Y'}, {'P'}, {'M'}, {'X'}]",0.3090297806751088,106,0.8785714285714286,0.9020696794431918,5050
"[{'P'}, {'V'}, {'P'}, {'N'}]",0.30902007190837233,139,0.8801242236024845,0.9020696794431918,5050
"[{'W'}, {'V'}, {'Y'}, {'T'}]",0.3090147959107369,120,0.8793103448275862,0.9020696794431918,5050
"[{'P'}, {'M'}, {'V'}, {'M'}]",0.30899332490410103,113,0.8789968652037619,0.9020696794431918,5050
"[{'V'}, {'U'}, {'W'}, {'W'}]",0.30898145630689144,119,0.8793103448275862,0.9020696794431918,5050
"[{'P'}, {'Y'}, {'M'}, {'M'}]",0.30897795920471016,97,0.8781223083548665,0.9020696794431918,5050
"[{'Z'}, {'W'}, {'W'}, {'M'}]",0.3089660546474814,127,0.8796992481203008,0.9020696794431918,5050
"[{'T'}, {'V'}, {'N'}, {'P'}]",0.30896352848675834,93,0.877890841813136,0.9020696794431918,5050
"[{'T'}, {'Y'}, {'Y'}, {'N'}]",0.3089200379818112,107,0.8787878787878787,0.9020696794431918,5050
"[{'M'}, {'M'}, {'T'}, {'Z'}]",0.3088180236168081,119,0.8795454545454545,0.9020696794431918,5050
"[{'T'}, {'Y'}, {'T'}, {'Y'}]",0.3087492958145811,118,0.8795977011494254,0.9020696794431918,5050
"[{'T'}, {'V'}, {'V'}, {'V'}]",0.30874188054875373,96,0.878419452887538,0.9020696794431918,5050
"[{'M'}, {'T'}, {'M'}, {'W'}]",0.30868845914349663,126,0.880050505050505,0.9020696794431918,5050
"[{'M'}, {'Z'}, {'W'}, {'Y'}]",0.3086335573826705,124,0.8800416341399948,0.9020696794431918,5050
"[{'W'}, {'M'}, {'P'}, {'Z'}]",0.30862608018859894,133,0.8804347826086957,0.9020696794431918,5050
"[{'N'}, {'T'}, {'W'}, {'Y'}]",0.30862427333468045,137,0.8805970149253732,0.9020696794431918,5050
"[{'M'}, {'N'}, {'N'}, {'W'}]",0.3085931444103168,122,0.8800107613666935,0.9020696794431918,5050
"[{'V'}, {'W'}, {'P'}, {'X'}]",0.3085863121428225,116,0.879740980573543,0.9020696794431918,5050
"[{'P'}, {'T'}, {'T'}, {'N'}]",0.30857790985865674,107,0.879298245614035,0.9020696794431918,5050
"[{'T'}, {'V'}, {'Y'}, {'Z'}]",0.30854125585446146,110,0.8795100959947036,0.9020696794431918,5050
"[{'W'}, {'U'}, {'M'}, {'X'}]",0.3085264432738739,115,0.8797814207650273,0.9020696794431918,5050
"[{'X'}, {'Z'}, {'W'}, {'Z'}]",0.3085264432738739,115,0.8797814207650273,0.9020696794431918,5050
"[{'P'}, {'O'}, {'Y'}, {'P'}]",0.3085186148320038,115,0.8797930614729155,0.9020696794431918,5050
"[{'P'}, {'M'}, {'Z'}, {'P'}]",0.30851737961628867,97,0.8788265306122449,0.9020696794431918,5050
"[{'T'}, {'T'}, {'P'}, {'N'}]",0.3085068658766239,119,0.8799999999999999,0.9020696794431918,5050
"[{'P'}, {'V'}, {'N'}, {'O'}]",0.3084757912244118,116,0.8799048751486326,0.9020696794431918,5050
"[{'P'}, {'U'}, {'N'}, {'U'}]",0.3084643237442164,106,0.8794171220400729,0.9020696794431918,5050
"[{'Y'}, {'M'}, {'V'}, {'T'}]",0.30844014708530787,120,0.8801446051167964,0.9020696794431918,5050
"[{'T'}, {'X'}, {'Y'}, {'W'}]",0.3083689526865572,110,0.8797703478554542,0.9020696794431918,5050
"[{'X'}, {'N'}, {'W'}, {'O'}]",0.3083649089047521,120,0.8802561960456697,0.9020696794431918,5050
"[{'X'}, {'V'}, {'W'}, {'U'}]",0.3083649089047521,120,0.8802561960456697,0.9020696794431918,5050
"[{'O'}, {'N'}, {'P'}, {'W'}]",0.30834732749739535,142,0.8811802232854865,0.9020696794431918,5050
"[{'O'}, {'V'}, {'T'}, {'V'}]",0.3083470859190214,121,0.880327868852459,0.9020696794431918,5050
"[{'Z'}, {'U'}, {'U'}, {'X'}]",0.3083076638663975,113,0.8800125313283208,0.9020696794431918,5050
"[{'Z'}, {'X'}, {'O'}, {'T'}]",0.3083076638663974,113,0.8800125313283209,0.9020696794431918,5050
"[{'V'}, {'T'}, {'O'}, {'Y'}]",0.3083026873426663,126,0.8806122448979591,0.9020696794431918,5050
"[{'U'}, {'W'}, {'X'}, {'N'}]",0.3083021251149345,128,0.8806973848069738,0.9020696794431918,5050
"[{'Y'}, {'X'}, {'M'}, {'P'}]",0.308300040731627,123,0.8804865150713908,0.9020696794431918,5050
"[{'M'}, {'X'}, {'M'}, {'N'}]",0.30826868114855677,115,0.8801679586563307,0.9020696794431918,5050
"[{'U'}, {'O'}, {'V'}, {'O'}]",0.3082398063083873,119,0.8803977272727272,0.9020696794431918,5050
"[{'Z'}, {'Z'}, {'P'}, {'W'}]",0.30823636374832863,118,0.880357142857143,0.9020696794431918,5050
"[{'P'}, {'Y'}, {'O'}, {'T'}]",0.3082119679859482,128,0.8808302808302808,0.9020696794431918,5050
"[{'T'}, {'O'}, {'U'}, {'N'}]",0.3081964791430506,122,0.8805970149253731,0.9020696794431918,5050
"[{'X'}, {'N'}, {'Z'}, {'Y'}]",0.3081788272621362,120,0.8805346700083542,0.9020696794431918,5050
"[{'O'}, {'X'}, {'Z'}, {'W'}]",0.3081525041269052,114,0.8802969378286422,0.9020696794431918,5050
"[{'Z'}, {'X'}, {'W'}, {'M'}]",0.3081307888786652,126,0.8808673469387754,0.9020696794431918,5050
"[{'N'}, {'Z'}, {'V'}, {'X'}]",0.30806439370066974,152,0.8819335767692575,0.9020696794431918,5050
"[{'T'}, {'M'}, {'U'}, {'T'}]",0.308054389349103,113,0.8803997421018698,0.9020696794431918,5050
"[{'V'}, {'W'}, {'Z'}, {'P'}]",0.3080498209470589,122,0.8808178638687113,0.9020696794431918,5050
"[{'U'}, {'T'}, {'Z'}, {'P'}]",0.3080378192095705,109,0.880229419703104,0.9020696794431918,5050
"[{'V'}, {'T'}, {'T'}, {'W'}]",0.30802685996764745,101,0.8798266351457841,0.9020696794431918,5050
"[{'T'}, {'T'}, {'O'}, {'N'}]",0.30802530177601606,112,0.8803965462104254,0.9020696794431918,5050
"[{'U'}, {'M'}, {'V'}, {'W'}]",0.3080244556024311,103,0.8799392097264438,0.9020696794431918,5050
"[{'T'}, {'Z'}, {'X'}, {'U'}]",0.3080244498707744,130,0.8811904761904762,0.9020696794431918,5050
"[{'T'}, {'X'}, {'X'}, {'N'}]",0.30798049679565176,116,0.880654761904762,0.9020696794431918,5050
"[{'O'}, {'N'}, {'X'}, {'P'}]",0.3079738493389236,126,0.8811029597773842,0.9020696794431918,5050
"[{'U'}, {'O'}, {'Z'}, {'M'}]",0.3079676190909627,108,0.8802889576883385,0.9020696794431918,5050
"[{'U'}, {'N'}, {'T'}, {'X'}]",0.30793197757416446,124,0.8810824876398646,0.9020696794431918,5050
"[{'N'}, {'Y'}, {'Y'}, {'Z'}]",0.3079022178427454,119,0.8809111880046135,0.9020696794431918,5050
"[{'W'}, {'W'}, {'M'}, {'M'}]",0.30788669892228027,107,0.88036593947924,0.9020696794431918,5050
"[{'V'}, {'W'}, {'Z'}, {'M'}]",0.30780430587635466,121,0.8811498065229408,0.9020696794431918,5050
"[{'X'}, {'M'}, {'V'}, {'N'}]",0.30779877169711145,129,0.8814903846153846,0.9020696794431918,5050
"[{'X'}, {'V'}, {'Y'}, {'P'}]",0.3077937600222399,118,0.8810344827586207,0.9020696794431918,5050
"[{'X'}, {'Y'}, {'M'}, {'Z'}]",0.30778916365332154,130,0.8815446576640606,0.9020696794431918,5050
"[{'U'}, {'U'}, {'N'}, {'U'}]",0.3077867919498959,112,0.8807692307692307,0.9020696794431918,5050
"[{'X'}, {'V'}, {'O'}, {'X'}]",0.3077785051112548,139,0.881901203819012,0.9020696794431918,5050
"[{'T'}, {'V'}, {'Y'}, {'U'}]",0.3077579634387636,102,0.8803118908382066,0.9020696794431918,5050
"[{'U'}, {'V'}, {'M'}, {'T'}]",0.30774845227691594,128,0.8815270935960591,0.9020696794431918,5050
"[{'V'}, {'Y'}, {'O'}, {'T'}]",0.307710263116012,111,0.880842659644503,0.9020696794431918,5050
"[{'U'}, {'T'}, {'V'}, {'U'}]",0.3076569872575404,104,0.8805803571428572,0.9020696794431918,5050
"[{'W'}, {'M'}, {'Y'}, {'V'}]",0.3076441418703576,113,0.8810420590081607,0.9020696794431918,5050
"[{'M'}, {'X'}, {'X'}, {'P'}]",0.30762847933798876,122,0.8814655172413794,0.9020696794431918,5050
"[{'W'}, {'V'}, {'U'}, {'W'}]",0.30762293692640785,120,0.8813888888888889,0.9020696794431918,5050
"[{'X'}, {'P'}, {'W'}, {'Z'}]",0.3076167457733725,120,0.8813986013986014,0.9020696794431918,5050
"[{'T'}, {'P'}, {'U'}, {'N'}]",0.3076163506845546,119,0.8813559322033898,0.9020696794431918,5050
"[{'T'}, {'X'}, {'O'}, {'P'}]",0.3076115333264824,110,0.8809523809523809,0.9020696794431918,5050
"[{'T'}, {'Z'}, {'X'}, {'Y'}, {'Y'}]",0.30760902466704276,25,0.7916666666666666,0.9020696794431918,5050
"[{'X'}, {'Y'}, {'Y'}, {'Z'}]",0.3075997572735315,99,0.8804081632653061,0.9020696794431918,5050
"[{'M'}, {'O'}, {'O'}, {'U'}]",0.3075710367093003,130,0.8818785578747628,0.9020696794431918,5050
"[{'N'}, {'X'}, {'Z'}, {'Y'}]",0.30756733098749023,124,0.881644409531291,0.9020696794431918,5050
"[{'P'}, {'T'}, {'M'}, {'T'}]",0.307523967123703,105,0.8808479532163743,0.9020696794431918,5050
"[{'M'}, {'Y'}, {'P'}, {'X'}]",0.30751288435368906,119,0.8815192743764173,0.9020696794431918,5050
"[{'M'}, {'U'}, {'O'}, {'X'}]",0.30751057890266564,127,0.8818544366899302,0.9020696794431918,5050
"[{'U'}, {'T'}, {'M'}, {'Y'}]",0.3075076887710898,117,0.8814402810304449,0.9020696794431918,5050
"[{'V'}, {'Y'}, {'X'}, {'P'}]",0.3075066972562256,110,0.8811212428233706,0.9020696794431918,5050
"[{'N'}, {'T'}, {'W'}, {'P'}, {'Y'}]",0.3074740312460439,35,0.8006535947712419,0.9020696794431918,5050
"[{'U'}, {'W'}, {'U'}, {'W'}]",0.3074733472319092,132,0.8821062441752097,0.9020696794431918,5050
"[{'W'}, {'T'}, {'M'}, {'U'}]",0.30746705749496184,104,0.8808905380333952,0.9020696794431918,5050
"[{'T'}, {'N'}, {'P'}, {'M'}]",0.3074391856081774,105,0.8809869375907112,0.9020696794431918,5050
"[{'N'}, {'Y'}, {'W'}, {'X'}]",0.30742772212637715,122,0.8817813765182186,0.9020696794431918,5050
"[{'M'}, {'T'}, {'U'}, {'U'}]",0.30740862689125736,124,0.8818938605619147,0.9020696794431918,5050
"[{'T'}, {'O'}, {'X'}, {'N'}]",0.30739612261809934,129,0.8821118611378977,0.9020696794431918,5050
"[{'W'}, {'T'}, {'W'}, {'X'}]",0.30738010380253356,127,0.8820589705147427,0.9020696794431918,5050
"[{'V'}, {'X'}, {'M'}, {'Y'}]",0.3073761264522298,105,0.881090909090909,0.9020696794431918,5050
"[{'V'}, {'U'}, {'M'}, {'P'}]",0.30737493751244893,125,0.8819875776397516,0.9020696794431918,5050
"[{'V'}, {'T'}, {'X'}, {'N'}]",0.3073717089294088,122,0.8818703855619361,0.9020696794431918,5050
"[{'Y'}, {'T'}, {'V'}, {'U'}]",0.3073686390167205,107,0.8812019566736548,0.9020696794431918,5050
"[{'X'}, {'W'}, {'T'}, {'X'}]",0.30736824156299647,139,0.8825238688252387,0.9020696794431918,5050
"[{'Y'}, {'M'}, {'P'}, {'P'}]",0.3073566464363363,126,0.8820564516129032,0.9020696794431918,5050
"[{'T'}, {'Y'}, {'M'}, {'X'}]",0.30735649739163906,121,0.8818530701754386,0.9020696794431918,5050
"[{'Y'}, {'Z'}, {'V'}, {'M'}]",0.3073449916212022,110,0.8813844086021506,0.9020696794431918,5050
"[{'M'}, {'U'}, {'X'}, {'M'}]",0.30733787241689137,126,0.8820861678004535,0.9020696794431918,5050
"[{'N'}, {'Z'}, {'M'}, {'V'}]",0.3073295269620625,126,0.8820993914807302,0.9020696794431918,5050
"[{'U'}, {'Z'}, {'Y'}, {'N'}]",0.30730769269292846,107,0.8813025210084033,0.9020696794431918,5050
"[{'O'}, {'W'}, {'W'}, {'X'}]",0.30723739478730205,132,0.8824751789425075,0.9020696794431918,5050
"[{'X'}, {'Z'}, {'Z'}, {'M'}]",0.30723374088425204,111,0.8816137566137566,0.9020696794431918,5050
"[{'Y'}, {'W'}, {'P'}, {'V'}]",0.30722897075264677,132,0.8824884792626728,0.9020696794431918,5050
"[{'M'}, {'Z'}, {'O'}, {'T'}]",0.3072011691008295,122,0.8821438337435056,0.9020696794431918,5050
"[{'V'}, {'M'}, {'Z'}, {'V'}]",0.30719959033813027,113,0.8817610062893082,0.9020696794431918,5050
"[{'T'}, {'U'}, {'V'}, {'Y'}]",0.3071974268870846,117,0.8819403857393338,0.9020696794431918,5050
"[{'V'}, {'W'}, {'M'}, {'P'}]",0.30719053422710096,112,0.8817307692307692,0.9020696794431918,5050
"[{'N'}, {'V'}, {'Y'}, {'V'}, {'Y'}]",0.3071796150697894,21,0.787037037037037,0.9020696794431918,5050
"[{'N'}, {'W'}, {'P'}, {'X'}, {'W'}]",0.3071796150697894,21,0.787037037037037,0.9020696794431918,5050
"[{'P'}, {'Z'}, {'P'}, {'M'}]",0.3071752702551134,100,0.8811722199919712,0.9020696794431918,5050
"[{'O'}, {'U'}, {'O'}, {'X'}]",0.30716130777959916,145,0.883047619047619,0.9020696794431918,5050
"[{'P'}, {'U'}, {'U'}, {'Y'}]",0.30715105577372404,118,0.8820588235294117,0.9020696794431918,5050
"[{'Z'}, {'T'}, {'U'}, {'T'}]",0.307136906833374,101,0.8812893081761006,0.9020696794431918,5050
"[{'M'}, {'T'}, {'X'}, {'W'}]",0.3071274349043138,125,0.8823831535695942,0.9020696794431918,5050
"[{'M'}, {'U'}, {'O'}, {'W'}]",0.3071139172725891,99,0.8812244897959183,0.9020696794431918,5050
"[{'V'}, {'X'}, {'Z'}, {'U'}]",0.30711255610914334,113,0.8819047619047619,0.9020696794431918,5050
"[{'W'}, {'X'}, {'P'}, {'Z'}]",0.30709326728018416,128,0.8825544409102031,0.9020696794431918,5050
"[{'X'}, {'Z'}, {'U'}, {'Y'}]",0.3070109235626235,123,0.8824933687002652,0.9020696794431918,5050
"[{'W'}, {'Z'}, {'X'}, {'U'}]",0.3070100059794243,113,0.8820754716981132,0.9020696794431918,5050
"[{'X'}, {'P'}, {'N'}, {'P'}]",0.30700629003560165,124,0.8825405261759236,0.9020696794431918,5050
"[{'M'}, {'Z'}, {'M'}, {'W'}]",0.30700375542683456,115,0.8821733821733821,0.9020696794431918,5050
"[{'Z'}, {'X'}, {'V'}, {'W'}]",0.30696705604946617,128,0.8827586206896552,0.9020696794431918,5050
"[{'T'}, {'N'}, {'M'}, {'U'}]",0.30693886554539074,109,0.8820148749154835,0.9020696794431918,5050
"[{'X'}, {'Z'}, {'P'}, {'X'}]",0.30692599197974246,114,0.882260101010101,0.9020696794431918,5050
"[{'W'}, {'M'}, {'U'}, {'P'}]",0.3068910254587537,118,0.8824884792626728,0.9020696794431918,5050
"[{'Y'}, {'W'}, {'Y'}, {'V'}]",0.3068832874511914,132,0.8830422794117647,0.9020696794431918,5050
"[{'W'}, {'U'}, {'X'}, {'Y'}]",0.30687563123967443,123,0.8827160493827161,0.9020696794431918,5050
"[{'X'}, {'T'}, {'X'}, {'V'}]",0.30687085677486625,114,0.8823529411764706,0.9020696794431918,5050
"[{'X'}, {'O'}, {'T'}, {'Z'}]",0.30686208511785795,136,0.8832179930795847,0.9020696794431918,5050
"[{'V'}, {'V'}, {'O'}, {'T'}]",0.3068566511487081,109,0.8821548821548822,0.9020696794431918,5050
"[{'X'}, {'Z'}, {'T'}, {'U'}]",0.30682338010515076,113,0.8823899371069183,0.9020696794431918,5050
"[{'O'}, {'W'}, {'O'}, {'O'}]",0.30681657187121036,128,0.8830049261083743,0.9020696794431918,5050
"[{'M'}, {'X'}, {'V'}, {'T'}]",0.30679679627779033,116,0.8825633383010432,0.9020696794431918,5050
"[{'M'}, {'T'}, {'Z'}, {'U'}]",0.3067934909601854,111,0.8823529411764707,0.9020696794431918,5050
"[{'X'}, {'Y'}, {'W'}, {'P'}]",0.3067902794762575,126,0.8829732510288066,0.9020696794431918,5050
"[{'U'}, {'U'}, {'M'}, {'V'}, {'U'}]",0.30677039997635724,25,0.7922077922077922,0.9020696794431918,5050
"[{'X'}, {'N'}, {'T'}, {'N'}]",0.30676453790993086,109,0.882312925170068,0.9020696794431918,5050
"[{'W'}, {'X'}, {'M'}, {'Z'}]",0.3067613329150476,117,0.8826650943396226,0.9020696794431918,5050
"[{'W'}, {'V'}, {'T'}, {'M'}]",0.30673042393083205,118,0.8827586206896552,0.9020696794431918,5050
"[{'T'}, {'T'}, {'Y'}, {'T'}, {'P'}]",0.30669900668035377,28,0.7953216374269005,0.9020696794431918,5050
"[{'M'}, {'P'}, {'N'}, {'Z'}]",0.30668404715825337,131,0.8833333333333333,0.9020696794431918,5050
"[{'N'}, {'W'}, {'P'}, {'P'}]",0.3066577043360067,114,0.882716049382716,0.9020696794431918,5050
"[{'P'}, {'X'}, {'P'}, {'X'}]",0.3066210862798059,117,0.882903981264637,0.9020696794431918,5050
"[{'P'}, {'X'}, {'M'}, {'T'}]",0.3065871168736265,105,0.8824383164005806,0.9020696794431918,5050
"[{'P'}, {'T'}, {'Z'}, {'X'}]",0.3065659854381355,113,0.8828320802005013,0.9020696794431918,5050
"[{'Z'}, {'T'}, {'P'}, {'Z'}]",0.30654800597077403,107,0.8825995807127882,0.9020696794431918,5050
"[{'X'}, {'W'}, {'M'}, {'Y'}]",0.3065441498865439,121,0.8831955922865014,0.9020696794431918,5050
"[{'N'}, {'Z'}, {'X'}, {'V'}]",0.30653745804572186,115,0.8829656862745098,0.9020696794431918,5050
"[{'T'}, {'U'}, {'T'}, {'M'}]",0.30650868490578764,123,0.8833333333333333,0.9020696794431918,5050
"[{'N'}, {'U'}, {'X'}, {'Z'}]",0.30649626285750364,143,0.884046381447421,0.9020696794431918,5050
"[{'M'}, {'T'}, {'T'}, {'Y'}]",0.3064763854446735,116,0.8831129807692307,0.9020696794431918,5050
"[{'W'}, {'T'}, {'Y'}, {'N'}]",0.30646346271684655,101,0.8824685534591196,0.9020696794431918,5050
"[{'W'}, {'U'}, {'U'}, {'U'}]",0.30645398891626485,118,0.8832326718435433,0.9020696794431918,5050
"[{'X'}, {'V'}, {'T'}, {'P'}]",0.3064480133695865,112,0.8829958212793314,0.9020696794431918,5050
"[{'W'}, {'M'}, {'W'}, {'X'}]",0.3064466938170576,145,0.8841904761904762,0.9020696794431918,5050
"[{'W'}, {'M'}, {'W'}, {'P'}]",0.30642639464106813,123,0.8834745762711863,0.9020696794431918,5050
"[{'X'}, {'X'}, {'M'}, {'V'}]",0.3064154771064941,124,0.8835309617918313,0.9020696794431918,5050
"[{'V'}, {'X'}, {'P'}, {'U'}]",0.3063888700822539,109,0.8829710144927536,0.9020696794431918,5050
"[{'V'}, {'X'}, {'O'}, {'W'}]",0.3063608137849687,110,0.8830645161290321,0.9020696794431918,5050
"[{'M'}, {'P'}, {'N'}, {'Y'}]",0.3063430705675094,121,0.8835429196282121,0.9020696794431918,5050
"[{'X'}, {'W'}, {'V'}, {'M'}]",0.30633433147931566,135,0.8840579710144928,0.9020696794431918,5050
"[{'U'}, {'U'}, {'M'}, {'X'}]",0.3063021766858002,123,0.8836898395721925,0.9020696794431918,5050
"[{'Y'}, {'M'}, {'Z'}, {'M'}]",0.3062907356693323,112,0.8832747041893189,0.9020696794431918,5050
"[{'Y'}, {'T'}, {'V'}, {'Y'}]",0.3062905107193794,108,0.883103448275862,0.9020696794431918,5050
"[{'P'}, {'M'}, {'O'}, {'V'}]",0.30628057190115343,109,0.8831649831649832,0.9020696794431918,5050
"[{'X'}, {'N'}, {'W'}, {'P'}]",0.3062634694149625,124,0.8837944664031621,0.9020696794431918,5050
"[{'T'}, {'U'}, {'O'}, {'P'}]",0.306259554130873,121,0.8836891078270388,0.9020696794431918,5050
"[{'T'}, {'N'}, {'X'}, {'Y'}]",0.30621668741713237,104,0.8830584707646176,0.9020696794431918,5050
"[{'V'}, {'P'}, {'X'}, {'X'}]",0.306211071736712,106,0.8831590335376849,0.9020696794431918,5050
"[{'N'}, {'P'}, {'O'}, {'X'}]",0.3062036256698609,123,0.8838624338624339,0.9020696794431918,5050
"[{'Y'}, {'M'}, {'V'}, {'P'}]",0.30618682943083886,125,0.8839651639344263,0.9020696794431918,5050
"[{'X'}, {'P'}, {'Z'}, {'T'}]",0.3061855549736253,112,0.8834635416666666,0.9020696794431918,5050
"[{'Y'}, {'M'}, {'P'}, {'Z'}]",0.3061687815729338,123,0.8839238498149127,0.9020696794431918,5050
"[{'U'}, {'T'}, {'M'}, {'U'}]",0.3061556325022321,111,0.8834759710335747,0.9020696794431918,5050
"[{'P'}, {'X'}, {'T'}, {'Z'}]",0.3061320983877348,114,0.883641975308642,0.9020696794431918,5050
"[{'Z'}, {'W'}, {'Y'}, {'X'}]",0.3060806316865303,112,0.8836538461538461,0.9020696794431918,5050
"[{'T'}, {'U'}, {'M'}, {'U'}]",0.30607948207717206,101,0.8831738437001596,0.9020696794431918,5050
"[{'U'}, {'W'}, {'U'}, {'P'}]",0.30606579972766956,117,0.8838805970149254,0.9020696794431918,5050
"[{'Z'}, {'T'}, {'V'}, {'Y'}]",0.3060643168617271,127,0.8842523596621957,0.9020696794431918,5050
"[{'Z'}, {'U'}, {'O'}, {'O'}]",0.3060639466870726,103,0.8832951945080092,0.9020696794431918,5050
"[{'W'}, {'Y'}, {'Y'}, {'T'}]",0.30605409075903156,125,0.8841996911991765,0.9020696794431918,5050
"[{'U'}, {'X'}, {'M'}, {'M'}]",0.30605337337714533,110,0.8836206896551724,0.9020696794431918,5050
"[{'X'}, {'X'}, {'N'}, {'U'}]",0.30603778762056644,130,0.8844027877913962,0.9020696794431918,5050
"[{'O'}, {'N'}, {'M'}, {'V'}]",0.30602011393476436,123,0.884188260179799,0.9020696794431918,5050
"[{'X'}, {'T'}, {'X'}, {'P'}]",0.30600168723084653,101,0.8833199679230153,0.9020696794431918,5050
"[{'T'}, {'Z'}, {'Z'}, {'X'}]",0.3059885750172413,120,0.8841344818005001,0.9020696794431918,5050
"[{'V'}, {'P'}, {'V'}, {'U'}]",0.3059707945587109,120,0.8841666666666667,0.9020696794431918,5050
"[{'X'}, {'W'}, {'Z'}, {'V'}]",0.30595457714149865,115,0.8840048840048841,0.9020696794431918,5050
"[{'T'}, {'Y'}, {'U'}, {'T'}]",0.30592239076274197,113,0.883984867591425,0.9020696794431918,5050
"[{'T'}, {'U'}, {'T'}, {'T'}]",0.30592120169344295,106,0.8836956521739131,0.9020696794431918,5050
"[{'X'}, {'T'}, {'N'}, {'O'}]",0.30590635701004876,112,0.8839743589743589,0.9020696794431918,5050
"[{'Y'}, {'T'}, {'T'}, {'Y'}]",0.30590598837727434,111,0.8839344262295081,0.9020696794431918,5050
"[{'V'}, {'N'}, {'Y'}, {'T'}]",0.305902936778393,103,0.8835978835978836,0.9020696794431918,5050
"[{'X'}, {'M'}, {'Y'}, {'O'}]",0.30589690328739716,126,0.8845164609053497,0.9020696794431918,5050
"[{'X'}, {'Y'}, {'M'}, {'Y'}]",0.3058951061723506,119,0.8842671194114319,0.9020696794431918,5050
"[{'X'}, {'V'}, {'M'}, {'W'}]",0.30588632905615565,124,0.8844652615144418,0.9020696794431918,5050
"[{'T'}, {'Z'}, {'U'}, {'P'}]",0.305876945543784,106,0.8837789661319073,0.9020696794431918,5050
"[{'M'}, {'Z'}, {'P'}, {'W'}]",0.305876945543784,106,0.8837789661319073,0.9020696794431918,5050
"[{'Z'}, {'O'}, {'W'}, {'W'}]",0.30585937077216463,128,0.884652981427175,0.9020696794431918,5050
"[{'M'}, {'T'}, {'U'}, {'X'}]",0.3058579136041838,129,0.8846894559460761,0.9020696794431918,5050
"[{'W'}, {'N'}, {'V'}, {'U'}]",0.30585774065076965,105,0.8837719298245614,0.9020696794431918,5050
"[{'Z'}, {'V'}, {'T'}, {'O'}]",0.30582425424028037,118,0.8843599033816425,0.9020696794431918,5050
"[{'P'}, {'O'}, {'W'}, {'U'}]",0.30581067610299184,103,0.8837735849056604,0.9020696794431918,5050
"[{'X'}, {'U'}, {'Y'}, {'Y'}]",0.3057845682475199,123,0.8846153846153846,0.9020696794431918,5050
"[{'Z'}, {'M'}, {'O'}, {'P'}]",0.30576463664678244,114,0.8843179709248377,0.9020696794431918,5050
"[{'M'}, {'Z'}, {'M'}, {'P'}]",0.30576028202708605,112,0.8842474489795918,0.9020696794431918,5050
"[{'Z'}, {'U'}, {'V'}, {'W'}]",0.3057462274515885,118,0.8845046082949309,0.9020696794431918,5050
"[{'M'}, {'O'}, {'Z'}, {'M'}]",0.3057346500060313,101,0.8838304552590267,0.9020696794431918,5050
"[{'W'}, {'O'}, {'W'}, {'X'}]",0.3057343986257176,121,0.8846364133406233,0.9020696794431918,5050
"[{'U'}, {'P'}, {'P'}, {'Z'}]",0.30569144920015034,120,0.8846801346801347,0.9020696794431918,5050
"[{'W'}, {'M'}, {'T'}, {'V'}]",0.3056744991990852,120,0.8847117794486216,0.9020696794431918,5050
"[{'N'}, {'M'}, {'Y'}, {'W'}]",0.3056727848443187,110,0.8843333333333333,0.9020696794431918,5050
"[{'V'}, {'U'}, {'T'}, {'W'}]",0.3056558227996775,131,0.8851224105461394,0.9020696794431918,5050
"[{'T'}, {'T'}, {'O'}, {'U'}]",0.3056334626816347,110,0.8844086021505376,0.9020696794431918,5050
"[{'P'}, {'T'}, {'X'}, {'Z'}]",0.3056259621787357,114,0.8845798707294552,0.9020696794431918,5050
"[{'M'}, {'Z'}, {'U'}, {'T'}]",0.30562565558227583,111,0.8844634628044766,0.9020696794431918,5050
"[{'V'}, {'W'}, {'W'}, {'T'}]",0.3056146096890906,128,0.8851000741289845,0.9020696794431918,5050
"[{'T'}, {'U'}, {'N'}, {'N'}]",0.3055872041980028,123,0.884981491274458,0.9020696794431918,5050
"[{'X'}, {'T'}, {'W'}, {'Y'}]",0.3055531958126618,108,0.8844827586206897,0.9020696794431918,5050
"[{'O'}, {'M'}, {'Y'}, {'X'}]",0.3055266704332943,120,0.884990253411306,0.9020696794431918,5050
"[{'Y'}, {'U'}, {'Z'}, {'Z'}]",0.305512580375657,124,0.88515625,0.9020696794431918,5050
"[{'P'}, {'P'}, {'M'}, {'U'}]",0.3055064466214211,107,0.8845331432644333,0.9020696794431918,5050
"[{'Z'}, {'Z'}, {'X'}, {'V'}]",0.30550606115993084,107,0.8845338983050848,0.9020696794431918,5050
"[{'W'}, {'N'}, {'W'}, {'O'}]",0.30548394259334344,114,0.8848522167487685,0.9020696794431918,5050
"[{'V'}, {'W'}, {'W'}, {'N'}]",0.30545625511866337,134,0.8855855855855855,0.9020696794431918,5050
"[{'O'}, {'W'}, {'O'}, {'V'}]",0.3054174454453703,126,0.8854034910194788,0.9020696794431918,5050
"[{'X'}, {'N'}, {'M'}, {'T'}]",0.30540772934677884,112,0.8849244615879138,0.9020696794431918,5050
"[{'N'}, {'U'}, {'Y'}, {'T'}]",0.30539544977335775,120,0.8852413019079685,0.9020696794431918,5050
"[{'W'}, {'M'}, {'Y'}, {'O'}]",0.3053849232482959,117,0.8851548801870252,0.9020696794431918,5050
"[{'X'}, {'T'}, {'W'}, {'U'}]",0.3053757784526656,113,0.8850250626566416,0.9020696794431918,5050
"[{'T'}, {'V'}, {'X'}, {'N'}]",0.30535146929955503,128,0.8855942673585372,0.9020696794431918,5050
"[{'V'}, {'N'}, {'M'}, {'W'}]",0.30533599579166937,122,0.8854252119223407,0.9020696794431918,5050
"[{'T'}, {'O'}, {'T'}, {'M'}]",0.3053215238337973,120,0.8853843987609124,0.9020696794431918,5050
"[{'T'}, {'T'}, {'U'}, {'W'}]",0.3053136093484573,104,0.8847926267281107,0.9020696794431918,5050
"[{'V'}, {'U'}, {'U'}, {'V'}]",0.305296560159383,116,0.8852913968547641,0.9020696794431918,5050
"[{'V'}, {'T'}, {'Y'}, {'Z'}]",0.3052849706557318,113,0.8852040816326531,0.9020696794431918,5050
"[{'T'}, {'N'}, {'O'}, {'Z'}]",0.3052845157917464,112,0.8851674641148326,0.9020696794431918,5050
"[{'W'}, {'O'}, {'W'}, {'T'}]",0.3052720690605165,127,0.8857142857142857,0.9020696794431918,5050
"[{'N'}, {'X'}, {'Y'}, {'X'}]",0.30525798906375246,132,0.8858983206809293,0.9020696794431918,5050
"[{'O'}, {'Y'}, {'U'}, {'U'}]",0.30523308804943483,116,0.8854166666666666,0.9020696794431918,5050
"[{'Z'}, {'M'}, {'V'}, {'O'}]",0.3052300823995848,119,0.8855285472018088,0.9020696794431918,5050
"[{'T'}, {'X'}, {'N'}, {'P'}]",0.3052262600976513,111,0.8852459016393442,0.9020696794431918,5050
"[{'W'}, {'P'}, {'W'}, {'T'}]",0.3052028647718399,104,0.8850174216027875,0.9020696794431918,5050
"[{'M'}, {'O'}, {'X'}, {'V'}]",0.30519591567504345,115,0.8854545454545454,0.9020696794431918,5050
"[{'X'}, {'U'}, {'U'}, {'N'}]",0.305195062056268,107,0.8851540616246498,0.9020696794431918,5050
"[{'P'}, {'T'}, {'W'}, {'M'}]",0.3051949219256491,103,0.8849924585218703,0.9020696794431918,5050
"[{'Y'}, {'Z'}, {'X'}, {'Z'}]",0.3051625133633026,128,0.885958485958486,0.9020696794431918,5050
"[{'V'}, {'Y'}, {'M'}, {'X'}]",0.30515875765899936,110,0.8853439680957129,0.9020696794431918,5050
"[{'W'}, {'M'}, {'W'}, {'T'}]",0.3051521163873342,117,0.8856132075471699,0.9020696794431918,5050
"[{'U'}, {'N'}, {'M'}, {'W'}]",0.3051482426851603,128,0.885986328125,0.9020696794431918,5050
"[{'O'}, {'N'}, {'V'}, {'V'}]",0.30512769067609935,129,0.8860576923076923,0.9020696794431918,5050
"[{'X'}, {'V'}, {'M'}, {'V'}]",0.3051133492718363,141,0.8864372469635627,0.9020696794431918,5050
"[{'U'}, {'Z'}, {'M'}, {'T'}]",0.30508917276469205,117,0.885739333722969,0.9020696794431918,5050
"[{'V'}, {'P'}, {'U'}, {'U'}]",0.30508917276469194,117,0.8857393337229691,0.9020696794431918,5050
"[{'W'}, {'V'}, {'W'}, {'V'}]",0.3050877713043607,119,0.8858111927642734,0.9020696794431918,5050
"[{'W'}, {'U'}, {'N'}, {'V'}, {'N'}]",0.3050793188745011,21,0.7884615384615384,0.9020696794431918,5050
"[{'Z'}, {'P'}, {'Z'}, {'W'}]",0.3050790186450716,122,0.885929513048157,0.9020696794431918,5050
"[{'P'}, {'Y'}, {'T'}, {'Y'}]",0.3050790186450716,122,0.885929513048157,0.9020696794431918,5050
"[{'X'}, {'P'}, {'Y'}, {'O'}]",0.3050751408094864,127,0.8860984271943175,0.9020696794431918,5050
"[{'Z'}, {'M'}, {'T'}, {'Y'}]",0.30506240604540635,126,0.8860920416984491,0.9020696794431918,5050
"[{'M'}, {'Y'}, {'Y'}, {'P'}]",0.3050560981055074,125,0.8860727086533539,0.9020696794431918,5050
"[{'M'}, {'W'}, {'X'}, {'P'}]",0.3050527863743311,126,0.8861111111111111,0.9020696794431918,5050
"[{'T'}, {'P'}, {'P'}, {'M'}]",0.30504207180520027,110,0.8855820105820106,0.9020696794431918,5050
"[{'P'}, {'O'}, {'Y'}, {'N'}]",0.30502629646513835,119,0.8859348198970841,0.9020696794431918,5050
"[{'X'}, {'U'}, {'N'}, {'N'}]",0.3050170105315554,118,0.8859195402298851,0.9020696794431918,5050
"[{'N'}, {'U'}, {'U'}, {'M'}]",0.304994690970654,121,0.8860655737704918,0.9020696794431918,5050
"[{'X'}, {'O'}, {'N'}, {'X'}]",0.30499399856563447,122,0.8860998650472335,0.9020696794431918,5050
"[{'U'}, {'U'}, {'T'}, {'V'}]",0.304979709648431,114,0.8858560794044665,0.9020696794431918,5050
"[{'M'}, {'O'}, {'U'}, {'X'}]",0.30495831216527025,126,0.8862996158770807,0.9020696794431918,5050
"[{'P'}, {'O'}, {'P'}, {'Y'}]",0.30495702326579655,116,0.8859728506787331,0.9020696794431918,5050
"[{'W'}, {'N'}, {'W'}, {'U'}]",0.30495069042244727,109,0.8857336037863421,0.9020696794431918,5050
"[{'N'}, {'Z'}, {'T'}, {'M'}]",0.3049351429158009,102,0.8854932301740813,0.9020696794431918,5050
"[{'W'}, {'P'}, {'M'}, {'M'}]",0.3049197869273218,90,0.885,0.9020696794431918,5050
"[{'O'}, {'M'}, {'U'}, {'X'}]",0.30490334624294146,110,0.8858695652173914,0.9020696794431918,5050
"[{'T'}, {'Z'}, {'M'}, {'W'}]",0.3048859380000213,119,0.8862206975414523,0.9020696794431918,5050
"[{'X'}, {'Y'}, {'Z'}, {'M'}]",0.3048411848426529,127,0.8865671641791044,0.9020696794431918,5050
"[{'U'}, {'Z'}, {'V'}, {'M'}]",0.30483334520391736,115,0.8861940298507462,0.9020696794431918,5050
"[{'M'}, {'M'}, {'T'}, {'Y'}]",0.30481158517299534,108,0.885989010989011,0.9020696794431918,5050
"[{'W'}, {'P'}, {'X'}, {'P'}]",0.3047796126821497,110,0.8861304203905992,0.9020696794431918,5050
"[{'M'}, {'U'}, {'Y'}, {'P'}]",0.3047760320019487,121,0.8865131578947368,0.9020696794431918,5050
"[{'T'}, {'T'}, {'M'}, {'U'}]",0.30476025837928056,113,0.8862781954887218,0.9020696794431918,5050
"[{'W'}, {'W'}, {'T'}, {'Y'}]",0.3047502390550134,133,0.8869289914066033,0.9020696794431918,5050
"[{'O'}, {'P'}, {'X'}, {'V'}]",0.30473565294594307,101,0.8858823529411765,0.9020696794431918,5050
"[{'T'}, {'W'}, {'T'}, {'W'}]",0.30472094554334583,117,0.8864976415094339,0.9020696794431918,5050
"[{'N'}, {'P'}, {'N'}, {'W'}]",0.30471962013505105,114,0.8863990040460629,0.9020696794431918,5050
"[{'V'}, {'T'}, {'Z'}, {'N'}]",0.30468990473938184,120,0.8866610971874129,0.9020696794431918,5050
"[{'T'}, {'Z'}, {'T'}, {'N'}]",0.30468486863140376,131,0.887005649717514,0.9020696794431918,5050
"[{'M'}, {'O'}, {'W'}, {'V'}]",0.30466256811597103,120,0.88671875,0.9020696794431918,5050
"[{'P'}, {'V'}, {'M'}, {'Z'}]",0.3046524446590726,111,0.8864384463462804,0.9020696794431918,5050
"[{'Y'}, {'Z'}, {'O'}, {'T'}]",0.30464466593160056,140,0.8873355263157895,0.9020696794431918,5050
"[{'T'}, {'X'}, {'M'}, {'V'}]",0.30463008402079395,102,0.8861538461538463,0.9020696794431918,5050
"[{'U'}, {'O'}, {'U'}, {'M'}]",0.3046063781229791,116,0.8867082961641392,0.9020696794431918,5050
"[{'Y'}, {'Z'}, {'V'}, {'T'}]",0.30458905007812553,127,0.8870887337986042,0.9020696794431918,5050
"[{'X'}, {'U'}, {'N'}, {'U'}]",0.30457954971041457,129,0.8871670702179177,0.9020696794431918,5050
"[{'N'}, {'V'}, {'Y'}, {'Y'}]",0.30455201935211207,115,0.8867924528301887,0.9020696794431918,5050
"[{'W'}, {'N'}, {'T'}, {'U'}]",0.3045374678193643,103,0.8863981762917933,0.9020696794431918,5050
"[{'U'}, {'P'}, {'M'}, {'P'}]",0.3045306038984439,105,0.8864886095836606,0.9020696794431918,5050
"[{'M'}, {'P'}, {'Y'}, {'W'}]",0.3045051077099913,105,0.8865454545454545,0.9020696794431918,5050
"[{'Y'}, {'T'}, {'U'}, {'N'}]",0.30448917318552604,100,0.8863910076274588,0.9020696794431918,5050
"[{'Y'}, {'N'}, {'O'}, {'X'}]",0.30448614022547627,114,0.8869029275808937,0.9020696794431918,5050
"[{'Z'}, {'M'}, {'Z'}, {'P'}]",0.30448323469428906,106,0.8866310160427807,0.9020696794431918,5050
"[{'Z'}, {'N'}, {'P'}, {'N'}]",0.3044716935098145,121,0.8871584699453552,0.9020696794431918,5050
"[{'V'}, {'M'}, {'P'}, {'O'}]",0.3044716935098145,121,0.8871584699453552,0.9020696794431918,5050
"[{'V'}, {'V'}, {'U'}, {'T'}]",0.3044687698491868,107,0.8866995073891627,0.9020696794431918,5050
"[{'O'}, {'T'}, {'T'}, {'M'}]",0.3044619481762806,132,0.8875,0.9020696794431918,5050
"[{'X'}, {'Z'}, {'N'}, {'V'}]",0.30445644757467527,120,0.887160633484163,0.9020696794431918,5050
"[{'V'}, {'M'}, {'T'}, {'P'}]",0.30443869552383074,114,0.8870073891625615,0.9020696794431918,5050
"[{'Y'}, {'M'}, {'V'}, {'M'}]",0.3044074742070515,102,0.8866537717601548,0.9020696794431918,5050
"[{'X'}, {'W'}, {'M'}, {'M'}]",0.3043952906764087,117,0.8872004675628288,0.9020696794431918,5050
"[{'X'}, {'P'}, {'X'}, {'T'}]",0.30439054608093363,122,0.8873655913978495,0.9020696794431918,5050
"[{'Y'}, {'M'}, {'Y'}, {'O'}]",0.30437901012295654,113,0.8871069182389937,0.9020696794431918,5050
"[{'M'}, {'M'}, {'Y'}, {'V'}]",0.3043765425688183,109,0.8869770580296897,0.9020696794431918,5050
"[{'T'}, {'N'}, {'X'}, {'U'}]",0.30437434337801295,113,0.8871173469387755,0.9020696794431918,5050
"[{'M'}, {'N'}, {'Y'}, {'X'}]",0.30435632424086967,124,0.8875000000000001,0.9020696794431918,5050
"[{'T'}, {'Y'}, {'M'}, {'W'}]",0.30433314742705386,107,0.887005649717514,0.9020696794431918,5050
"[{'M'}, {'V'}, {'O'}, {'T'}]",0.3043166098710044,120,0.887468030690537,0.9020696794431918,5050
"[{'V'}, {'P'}, {'N'}, {'X'}]",0.3043140482150729,109,0.8871186440677966,0.9020696794431918,5050
"[{'W'}, {'X'}, {'Y'}, {'W'}]",0.30430131048472275,106,0.8870431893687708,0.9020696794431918,5050
"[{'N'}, {'T'}, {'N'}, {'O'}]",0.3042968003908839,128,0.8877450980392158,0.9020696794431918,5050
"[{'Y'}, {'V'}, {'N'}, {'N'}]",0.30428845931222936,93,0.8865740740740741,0.9020696794431918,5050
"[{'V'}, {'V'}, {'M'}, {'N'}]",0.30428390962954266,111,0.8872549019607843,0.9020696794431918,5050
"[{'X'}, {'P'}, {'T'}, {'V'}]",0.30428182263086967,134,0.8879407141253088,0.9020696794431918,5050
"[{'Y'}, {'N'}, {'U'}, {'M'}]",0.3042790672383182,96,0.88671875,0.9020696794431918,5050
"[{'W'}, {'M'}, {'O'}, {'V'}]",0.3042777311683348,110,0.8872354497354498,0.9020696794431918,5050
"[{'U'}, {'Z'}, {'P'}, {'M'}]",0.3042735749403296,103,0.8869992441421013,0.9020696794431918,5050
"[{'W'}, {'O'}, {'V'}, {'N'}]",0.304268795433667,122,0.8876344086021506,0.9020696794431918,5050
"[{'W'}, {'X'}, {'U'}, {'Y'}]",0.3042606169214138,122,0.8876526458616011,0.9020696794431918,5050
"[{'V'}, {'U'}, {'P'}, {'M'}]",0.30425735119504926,107,0.8871794871794872,0.9020696794431918,5050
"[{'U'}, {'O'}, {'O'}, {'Y'}]",0.30425635999516776,127,0.8878060969515242,0.9020696794431918,5050
"[{'M'}, {'X'}, {'P'}, {'W'}]",0.30423389282582236,120,0.8876529477196886,0.9020696794431918,5050
"[{'W'}, {'T'}, {'P'}, {'M'}]",0.3042263713396006,112,0.8874193548387097,0.9020696794431918,5050
"[{'X'}, {'M'}, {'V'}, {'W'}]",0.3042222374420188,117,0.8875878220140515,0.9020696794431918,5050
"[{'X'}, {'T'}, {'N'}, {'Z'}]",0.3042025785951653,142,0.8883147853736089,0.9020696794431918,5050
"[{'T'}, {'P'}, {'P'}, {'X'}]",0.3041727401804539,117,0.8877005347593583,0.9020696794431918,5050
"[{'U'}, {'Y'}, {'U'}, {'O'}]",0.3041646524787712,108,0.8874289772727273,0.9020696794431918,5050
"[{'V'}, {'V'}, {'U'}, {'M'}]",0.3041472078055726,121,0.8878787878787878,0.9020696794431918,5050
"[{'V'}, {'N'}, {'Z'}, {'X'}]",0.30413705683862835,122,0.8879310344827587,0.9020696794431918,5050
"[{'Y'}, {'U'}, {'O'}, {'W'}]",0.3041345466741511,110,0.8875661375661376,0.9020696794431918,5050
"[{'T'}, {'P'}, {'X'}, {'Y'}]",0.30411293300176034,103,0.8873771730914589,0.9020696794431918,5050
"[{'V'}, {'V'}, {'N'}, {'T'}]",0.3041110330797372,90,0.8868778280542986,0.9020696794431918,5050
"[{'X'}, {'X'}, {'N'}, {'O'}]",0.304073712372402,115,0.8878676470588236,0.9020696794431918,5050
"[{'M'}, {'U'}, {'W'}, {'Y'}, {'O'}]",0.3040433641967003,22,0.7904761904761906,0.9020696794431918,5050
"[{'P'}, {'W'}, {'O'}, {'P'}]",0.303989726491954,116,0.8880952380952382,0.9020696794431918,5050
"[{'P'}, {'Y'}, {'Z'}, {'M'}]",0.30398160129383056,111,0.8879598662207359,0.9020696794431918,5050
"[{'V'}, {'Y'}, {'P'}, {'P'}]",0.3039777997534664,123,0.8883262260127931,0.9020696794431918,5050
"[{'W'}, {'X'}, {'T'}, {'Y'}]",0.3039777997534664,123,0.8883262260127931,0.9020696794431918,5050
"[{'T'}, {'N'}, {'P'}, {'Y'}]",0.30396811543253166,98,0.8875468554768846,0.9020696794431918,5050
"[{'M'}, {'V'}, {'P'}, {'V'}]",0.3039591380797304,124,0.8883975026014568,0.9020696794431918,5050
"[{'T'}, {'P'}, {'X'}, {'N'}]",0.30395622662593025,113,0.8880832282471627,0.9020696794431918,5050
"[{'T'}, {'T'}, {'V'}, {'Y'}]",0.30392782003309227,101,0.8877551020408163,0.9020696794431918,5050
"[{'P'}, {'P'}, {'M'}, {'N'}]",0.30392782003309227,101,0.8877551020408163,0.9020696794431918,5050
"[{'U'}, {'Z'}, {'V'}, {'X'}]",0.30392420632641315,134,0.8887402452619844,0.9020696794431918,5050
"[{'X'}, {'O'}, {'Z'}, {'T'}]",0.3039192223030759,112,0.8881410256410256,0.9020696794431918,5050
"[{'Z'}, {'V'}, {'P'}, {'N'}]",0.3038915204537955,137,0.888888888888889,0.9020696794431918,5050
"[{'O'}, {'N'}, {'W'}, {'T'}]",0.3038705566198997,135,0.8888888888888888,0.9020696794431918,5050
"[{'P'}, {'Y'}, {'P'}, {'W'}]",0.30384987104298833,109,0.8882154882154882,0.9020696794431918,5050
"[{'U'}, {'W'}, {'M'}, {'W'}]",0.30382906117372976,118,0.8885377765010054,0.9020696794431918,5050
"[{'T'}, {'U'}, {'M'}, {'M'}]",0.3038257972145365,113,0.8883984867591425,0.9020696794431918,5050
"[{'V'}, {'Y'}, {'W'}, {'X'}]",0.3038011642193106,119,0.888633754305396,0.9020696794431918,5050
"[{'O'}, {'N'}, {'W'}, {'X'}]",0.30379724072524694,120,0.8886713286713287,0.9020696794431918,5050
"[{'W'}, {'M'}, {'Z'}, {'U'}]",0.3037863338643577,105,0.888243831640058,0.9020696794431918,5050
"[{'W'}, {'W'}, {'O'}, {'T'}]",0.30378417987402584,130,0.888967803030303,0.9020696794431918,5050
"[{'U'}, {'M'}, {'V'}, {'Y'}]",0.30378376677540075,131,0.8889938592347663,0.9020696794431918,5050
"[{'Z'}, {'M'}, {'V'}, {'X'}]",0.30375086719343947,130,0.8890472796388691,0.9020696794431918,5050
"[{'T'}, {'P'}, {'T'}, {'M'}]",0.30374631628698545,104,0.8883116883116883,0.9020696794431918,5050
"[{'T'}, {'T'}, {'Z'}, {'N'}]",0.30374438428489614,109,0.8884770889487871,0.9020696794431918,5050
"[{'T'}, {'V'}, {'Y'}, {'Y'}]",0.3037418276673268,132,0.8891184573002755,0.9020696794431918,5050
"[{'U'}, {'U'}, {'U'}, {'Y'}]",0.3037338593003093,139,0.8893034825870647,0.9020696794431918,5050
"[{'O'}, {'P'}, {'Y'}, {'P'}]",0.30369828593513293,107,0.8885304659498208,0.9020696794431918,5050
"[{'P'}, {'M'}, {'Z'}, {'Y'}]",0.3036979463560019,113,0.8887147335423197,0.9020696794431918,5050
"[{'Y'}, {'Z'}, {'M'}, {'N'}]",0.30369692009425986,119,0.888888888888889,0.9020696794431918,5050
"[{'P'}, {'X'}, {'Y'}, {'T'}]",0.3036927821028038,125,0.8890600924499229,0.9020696794431918,5050
"[{'T'}, {'V'}, {'Y'}, {'P'}]",0.30368430757573184,129,0.8891826923076923,0.9020696794431918,5050
"[{'W'}, {'Y'}, {'M'}, {'V'}]",0.3036829652314482,120,0.8889508928571429,0.9020696794431918,5050
"[{'W'}, {'W'}, {'T'}, {'N'}]",0.30368113558726983,122,0.889009497964722,0.9020696794431918,5050
"[{'M'}, {'W'}, {'M'}, {'Y'}]",0.3036766910760551,100,0.8883553421368546,0.9020696794431918,5050
"[{'W'}, {'U'}, {'N'}, {'M'}]",0.3036590673491544,96,0.8882608695652174,0.9020696794431918,5050
"[{'P'}, {'X'}, {'W'}, {'Z'}]",0.3036262359685352,109,0.8887762001352265,0.9020696794431918,5050
"[{'X'}, {'W'}, {'N'}, {'P'}]",0.30362208595154605,125,0.8892339544513457,0.9020696794431918,5050
"[{'X'}, {'W'}, {'Z'}, {'U'}]",0.3036185713017897,130,0.889367816091954,0.9020696794431918,5050
"[{'P'}, {'U'}, {'T'}, {'P'}]",0.3036151826885952,91,0.8881922675026124,0.9020696794431918,5050
"[{'Z'}, {'P'}, {'U'}, {'M'}]",0.30359777002626553,105,0.8887251289609432,0.9020696794431918,5050
"[{'T'}, {'Z'}, {'W'}, {'M'}]",0.3035954927449269,118,0.8891146589259797,0.9020696794431918,5050
"[{'U'}, {'X'}, {'V'}, {'Z'}]",0.30357361488110246,122,0.8892770760548239,0.9020696794431918,5050
"[{'X'}, {'Y'}, {'X'}, {'V'}]",0.3035101724243645,134,0.8897304522165292,0.9020696794431918,5050
"[{'M'}, {'Z'}, {'M'}, {'X'}]",0.3035054080626439,133,0.8897192028985508,0.9020696794431918,5050
"[{'O'}, {'Z'}, {'X'}, {'N'}]",0.3034930723867859,111,0.8891803278688525,0.9020696794431918,5050
"[{'X'}, {'U'}, {'U'}, {'Y'}]",0.3034730655557387,124,0.8895833333333334,0.9020696794431918,5050
"[{'W'}, {'M'}, {'M'}, {'P'}]",0.3034678489859878,126,0.8896464646464647,0.9020696794431918,5050
"[{'X'}, {'U'}, {'U'}, {'P'}]",0.3034645706322864,121,0.8895285087719298,0.9020696794431918,5050
"[{'P'}, {'O'}, {'X'}, {'X'}]",0.30345406329650704,125,0.8896569380440348,0.9020696794431918,5050
"[{'P'}, {'Z'}, {'W'}, {'V'}]",0.30345398689020486,116,0.889423076923077,0.9020696794431918,5050
"[{'T'}, {'U'}, {'U'}, {'Y'}]",0.3034326470104872,128,0.8897849462365591,0.9020696794431918,5050
"[{'M'}, {'W'}, {'Z'}, {'T'}]",0.30343025306481997,119,0.8895652173913043,0.9020696794431918,5050
"[{'X'}, {'M'}, {'M'}, {'W'}]",0.30338716968609847,113,0.8895166352793472,0.9020696794431918,5050
"[{'M'}, {'P'}, {'T'}, {'O'}]",0.3033724114481201,134,0.8900780379041248,0.9020696794431918,5050
"[{'V'}, {'M'}, {'Z'}, {'M'}]",0.30336788606935106,124,0.889855072463768,0.9020696794431918,5050
"[{'O'}, {'P'}, {'N'}, {'T'}, {'W'}]",0.303361195041455,33,0.8016528925619835,0.9020696794431918,5050
"[{'U'}, {'T'}, {'N'}, {'Y'}]",0.30333743169452587,135,0.8901900132567389,0.9020696794431918,5050
"[{'O'}, {'T'}, {'M'}, {'W'}]",0.30333036407723746,129,0.8900726392251816,0.9020696794431918,5050
"[{'Y'}, {'N'}, {'T'}, {'M'}]",0.303325954177755,101,0.8893280632411067,0.9020696794431918,5050
"[{'P'}, {'P'}, {'X'}, {'M'}]",0.30330884930446866,103,0.8894376899696048,0.9020696794431918,5050
"[{'O'}, {'W'}, {'W'}, {'W'}]",0.3033048383061405,124,0.8900208986415884,0.9020696794431918,5050
"[{'U'}, {'W'}, {'N'}, {'Z'}]",0.30329542867499093,131,0.8902097902097902,0.9020696794431918,5050
"[{'M'}, {'Z'}, {'W'}, {'U'}]",0.30329262789850286,112,0.8897435897435897,0.9020696794431918,5050
"[{'U'}, {'X'}, {'X'}, {'P'}]",0.30329050983563466,115,0.8898305084745762,0.9020696794431918,5050
"[{'Z'}, {'Y'}, {'Y'}, {'U'}]",0.3032865656978333,149,0.8906079359301055,0.9020696794431918,5050
"[{'P'}, {'U'}, {'T'}, {'Y'}]",0.3032786928171305,114,0.8898358585858585,0.9020696794431918,5050
"[{'Z'}, {'T'}, {'P'}, {'V'}]",0.30327144200792444,120,0.8900112233445566,0.9020696794431918,5050
"[{'X'}, {'M'}, {'Z'}, {'T'}]",0.3032336156091393,100,0.8895558223289315,0.9020696794431918,5050
"[{'Y'}, {'Y'}, {'N'}, {'U'}]",0.3032324231468332,116,0.8900149031296573,0.9020696794431918,5050
"[{'P'}, {'U'}, {'M'}, {'V'}]",0.30322448074332486,123,0.8902116402116402,0.9020696794431918,5050
"[{'V'}, {'U'}, {'X'}, {'M'}]",0.3031956747337482,132,0.8904958677685951,0.9020696794431918,5050
"[{'P'}, {'W'}, {'N'}, {'O'}]",0.30317399786671595,134,0.8905971479500892,0.9020696794431918,5050
"[{'M'}, {'Y'}, {'M'}, {'T'}]",0.303156231743715,118,0.8902757619738751,0.9020696794431918,5050
"[{'X'}, {'T'}, {'X'}, {'W'}]",0.30315575183095334,121,0.8903508771929824,0.9020696794431918,5050
"[{'V'}, {'U'}, {'U'}, {'W'}]",0.3031394812214685,137,0.890752688172043,0.9020696794431918,5050
"[{'Z'}, {'X'}, {'Z'}, {'P'}]",0.3031067495060319,123,0.8905341089370704,0.9020696794431918,5050
"[{'P'}, {'X'}, {'M'}, {'Y'}]",0.3031023034948298,95,0.8897777777777777,0.9020696794431918,5050
"[{'W'}, {'T'}, {'M'}, {'N'}]",0.3030978080037955,111,0.8902597402597403,0.9020696794431918,5050
"[{'W'}, {'P'}, {'W'}, {'X'}]",0.30309651518458247,125,0.890608875128999,0.9020696794431918,5050
"[{'Y'}, {'W'}, {'V'}, {'V'}]",0.30308445578592347,120,0.8905251458738539,0.9020696794431918,5050
"[{'U'}, {'T'}, {'Y'}, {'V'}]",0.3030823889950084,108,0.8902229845626073,0.9020696794431918,5050
"[{'O'}, {'Z'}, {'W'}, {'X'}]",0.30307971044159376,115,0.8904151404151405,0.9020696794431918,5050
"[{'Z'}, {'V'}, {'Z'}, {'U'}]",0.30306549366620983,128,0.8907624633431085,0.9020696794431918,5050
"[{'P'}, {'N'}, {'U'}, {'W'}]",0.3030619473174513,134,0.8909009613234965,0.9020696794431918,5050
"[{'P'}, {'W'}, {'N'}, {'Z'}]",0.3030544158251298,121,0.890633608815427,0.9020696794431918,5050
"[{'T'}, {'M'}, {'M'}, {'T'}]",0.30304861694830976,115,0.8905038759689923,0.9020696794431918,5050
"[{'V'}, {'Z'}, {'W'}, {'P'}]",0.3030483945476704,121,0.8906506287588846,0.9020696794431918,5050
"[{'O'}, {'M'}, {'P'}, {'U'}]",0.303047268810992,100,0.890096618357488,0.9020696794431918,5050
"[{'O'}, {'Z'}, {'Z'}, {'T'}]",0.3030429263669878,103,0.8901975683890577,0.9020696794431918,5050
"[{'V'}, {'W'}, {'U'}, {'N'}]",0.3030418322463002,122,0.8906926406926408,0.9020696794431918,5050
"[{'M'}, {'U'}, {'Z'}, {'N'}]",0.30303853989166196,96,0.89,0.9020696794431918,5050
"[{'V'}, {'M'}, {'P'}, {'X'}]",0.3030300321161954,130,0.8909047505371209,0.9020696794431918,5050
"[{'M'}, {'U'}, {'T'}, {'X'}]",0.3030179881088485,136,0.8910632746249185,0.9020696794431918,5050
"[{'X'}, {'P'}, {'V'}, {'Z'}]",0.30300674754136037,129,0.890948483389504,0.9020696794431918,5050
"[{'Y'}, {'P'}, {'O'}, {'T'}]",0.3030045222124287,125,0.8908668730650154,0.9020696794431918,5050
"[{'U'}, {'Y'}, {'Z'}, {'X'}]",0.3030024103100515,118,0.8907103825136612,0.9020696794431918,5050
"[{'X'}, {'W'}, {'T'}, {'Y'}]",0.3029960472697625,113,0.8906052963430012,0.9020696794431918,5050
"[{'M'}, {'X'}, {'M'}, {'O'}]",0.30295653668723344,102,0.8904267589388697,0.9020696794431918,5050
"[{'M'}, {'N'}, {'M'}, {'T'}]",0.30293157098678725,152,0.8916003536693192,0.9020696794431918,5050
"[{'Z'}, {'Z'}, {'P'}, {'U'}]",0.30293127389634855,115,0.8908450704225352,0.9020696794431918,5050
"[{'V'}, {'X'}, {'M'}, {'V'}]",0.30292704835884476,139,0.8913764510779436,0.9020696794431918,5050
"[{'T'}, {'V'}, {'X'}, {'V'}]",0.3029140988085278,107,0.8906926406926408,0.9020696794431918,5050
"[{'W'}, {'V'}, {'N'}, {'N'}]",0.302913893763198,100,0.8904991948470209,0.9020696794431918,5050
"[{'N'}, {'P'}, {'M'}, {'M'}]",0.3029068698470272,98,0.8904623073719283,0.9020696794431918,5050
"[{'O'}, {'W'}, {'Z'}, {'X'}]",0.30289332656445345,128,0.8912512218963832,0.9020696794431918,5050
"[{'T'}, {'P'}, {'X'}, {'V'}]",0.30288841349933127,108,0.8907967032967032,0.9020696794431918,5050
"[{'P'}, {'Z'}, {'M'}, {'W'}]",0.3028663460368678,110,0.8909151193633952,0.9020696794431918,5050
"[{'V'}, {'Y'}, {'T'}, {'W'}]",0.3028654242105592,115,0.8910411622276029,0.9020696794431918,5050
"[{'M'}, {'M'}, {'W'}, {'Z'}]",0.30284920639273794,132,0.8914619883040935,0.9020696794431918,5050
"[{'T'}, {'O'}, {'W'}, {'W'}]",0.30284414991304454,131,0.8914565826330532,0.9020696794431918,5050
"[{'O'}, {'M'}, {'N'}, {'V'}]",0.3028267592738051,123,0.8913398692810458,0.9020696794431918,5050
"[{'N'}, {'N'}, {'W'}, {'U'}]",0.3028134427044552,135,0.8916256157635467,0.9020696794431918,5050
"[{'M'}, {'U'}, {'Z'}, {'X'}]",0.3028088358106684,137,0.8916773916773918,0.9020696794431918,5050
"[{'W'}, {'V'}, {'P'}, {'N'}]",0.30280019188058305,123,0.8914194915254237,0.9020696794431918,5050
"[{'N'}, {'V'}, {'M'}, {'Z'}]",0.30279356889684694,111,0.8911630929174789,0.9020696794431918,5050
"[{'Y'}, {'O'}, {'O'}, {'V'}]",0.3027874089009104,114,0.8912545037667868,0.9020696794431918,5050
"[{'T'}, {'Z'}, {'T'}, {'X'}]",0.30278504849245,141,0.8918211120064464,0.9020696794431918,5050
"[{'U'}, {'W'}, {'Z'}, {'Z'}]",0.3027692318091213,136,0.8917748917748917,0.9020696794431918,5050
"[{'U'}, {'M'}, {'T'}, {'T'}]",0.30275612889083847,114,0.8913511849799939,0.9020696794431918,5050
"[{'X'}, {'T'}, {'P'}, {'X'}]",0.3027558772493468,138,0.8918518518518519,0.9020696794431918,5050
"[{'W'}, {'M'}, {'P'}, {'T'}]",0.30275392662518064,114,0.8913580246913579,0.9020696794431918,5050
"[{'Z'}, {'P'}, {'O'}, {'Z'}]",0.30275143219327083,114,0.8913657770800627,0.9020696794431918,5050
"[{'Y'}, {'O'}, {'Y'}, {'X'}]",0.3027494763317272,121,0.8915300546448087,0.9020696794431918,5050
"[{'U'}, {'M'}, {'X'}, {'W'}]",0.30274128260299404,108,0.8912521440823327,0.9020696794431918,5050
"[{'U'}, {'X'}, {'P'}, {'V'}]",0.30273454547538414,130,0.8917624521072797,0.9020696794431918,5050
"[{'N'}, {'N'}, {'N'}, {'T'}]",0.3027339503732198,127,0.8917039244908097,0.9020696794431918,5050
"[{'Z'}, {'X'}, {'V'}, {'Z'}]",0.3026948491118495,126,0.8918032786885246,0.9020696794431918,5050
"[{'N'}, {'Y'}, {'T'}, {'X'}]",0.3026900668410807,111,0.8914879792072774,0.9020696794431918,5050
"[{'X'}, {'Z'}, {'V'}, {'U'}]",0.3026875800014004,121,0.8917214912280702,0.9020696794431918,5050
"[{'V'}, {'Y'}, {'T'}, {'Z'}]",0.3026683792468672,109,0.891509433962264,0.9020696794431918,5050
"[{'W'}, {'M'}, {'V'}, {'P'}]",0.30266450154769675,124,0.8918565069389892,0.9020696794431918,5050
"[{'O'}, {'M'}, {'O'}, {'T'}]",0.302641685941372,112,0.8916666666666665,0.9020696794431918,5050
"[{'W'}, {'Y'}, {'Z'}, {'T'}]",0.3026312937965846,117,0.8918128654970761,0.9020696794431918,5050
"[{'W'}, {'T'}, {'M'}, {'P'}]",0.30262676067296923,107,0.89159604519774,0.9020696794431918,5050
"[{'T'}, {'U'}, {'U'}, {'M'}]",0.30262402591314763,128,0.892063492063492,0.9020696794431918,5050
"[{'P'}, {'O'}, {'W'}, {'P'}]",0.302611383254196,106,0.8916221033868093,0.9020696794431918,5050
"[{'T'}, {'P'}, {'V'}, {'U'}]",0.3025990310619272,117,0.8919167176974893,0.9020696794431918,5050
"[{'O'}, {'Y'}, {'U'}, {'Z'}]",0.30259183310472837,122,0.8920454545454546,0.9020696794431918,5050
"[{'N'}, {'U'}, {'T'}, {'U'}]",0.30258969452750917,111,0.8918128654970761,0.9020696794431918,5050
"[{'P'}, {'P'}, {'Z'}, {'Z'}]",0.30257673580057776,118,0.8920105355575065,0.9020696794431918,5050
"[{'V'}, {'Y'}, {'P'}, {'T'}]",0.3025650084391305,106,0.8917764328942684,0.9020696794431918,5050
"[{'T'}, {'W'}, {'V'}, {'Z'}, {'O'}]",0.30153174166703944,21,0.790909090909091,0.9020696794431918,5050
"[{'M'}, {'P'}, {'Z'}, {'V'}, {'W'}]",0.3004953356574487,23,0.7941176470588235,0.9020696794431918,5050
"[{'N'}, {'N'}, {'N'}, {'M'}, {'W'}]",0.29980930036855336,22,0.7933884297520661,0.9020696794431918,5050
"[{'O'}, {'X'}, {'V'}, {'P'}, {'V'}]",0.29813521287274647,24,0.796875,0.9020696794431918,5050
"[{'O'}, {'T'}, {'M'}, {'W'}, {'Z'}]",0.29802677212553974,27,0.8,0.9020696794431918,5050
"[{'M'}, {'M'}, {'M'}, {'T'}, {'U'}]",0.29802000446133237,22,0.7946428571428571,0.9020696794431918,5050
"[{'N'}, {'P'}, {'M'}, {'U'}, {'N'}]",0.29766052103413077,24,0.7972027972027972,0.9020696794431918,5050
"[{'W'}, {'Z'}, {'W'}, {'N'}, {'X'}]",0.29766052103413077,24,0.7972027972027972,0.9020696794431918,5050
"[{'W'}, {'W'}, {'T'}, {'U'}, {'Z'}]",0.29634000174320685,27,0.8011363636363636,0.9020696794431918,5050
"[{'Z'}, {'Z'}, {'Y'}, {'O'}, {'N'}]",0.29634000174320685,27,0.8011363636363636,0.9020696794431918,5050
"[{'X'}, {'V'}, {'N'}, {'U'}, {'O'}]",0.2960547607331432,24,0.7983193277310924,0.9020696794431918,5050
"[{'X'}, {'T'}, {'U'}, {'W'}, {'X'}]",0.2951510859530403,25,0.8,0.9020696794431918,5050
"[{'X'}, {'M'}, {'V'}, {'T'}, {'V'}]",0.29383128175219697,30,0.8054298642533937,0.9020696794431918,5050
"[{'M'}, {'M'}, {'T'}, {'X'}, {'M'}]",0.2936700780078564,24,0.8,0.9020696794431918,5050
"[{'O'}, {'U'}, {'U'}, {'T'}, {'V'}]",0.2933212153945659,25,0.8012820512820513,0.9020696794431918,5050
"[{'X'}, {'T'}, {'N'}, {'N'}, {'Y'}]",0.2933212153945659,25,0.8012820512820513,0.9020696794431918,5050
"[{'T'}, {'U'}, {'W'}, {'U'}, {'Z'}]",0.29305406757916364,25,0.8014705882352942,0.9020696794431918,5050
"[{'W'}, {'Y'}, {'O'}, {'Y'}, {'T'}]",0.2929713657436277,33,0.8082706766917294,0.9020696794431918,5050
"[{'Z'}, {'X'}, {'U'}, {'V'}, {'T'}]",0.29061243633344835,22,0.8,0.9020696794431918,5050
"[{'M'}, {'U'}, {'U'}, {'Y'}, {'Y'}]",0.29003335583635237,20,0.7979797979797979,0.9020696794431918,5050
"[{'O'}, {'O'}, {'T'}, {'N'}, {'X'}]",0.29003335583635226,20,0.797979797979798,0.9020696794431918,5050
"[{'T'}, {'Z'}, {'U'}, {'V'}, {'W'}]",0.29003335583635226,20,0.797979797979798,0.9020696794431918,5050
"[{'Z'}, {'P'}, {'W'}, {'U'}, {'W'}]",0.2890314505923496,21,0.8,0.9020696794431918,5050
"[{'U'}, {'V'}, {'M'}, {'N'}, {'V'}]",0.28840338260900733,22,0.8016528925619835,0.9020696794431918,5050
"[{'T'}, {'V'}, {'V'}, {'V'}, {'U'}]",0.28840338260900733,22,0.8016528925619835,0.9020696794431918,5050
"[{'T'}, {'U'}, {'V'}, {'M'}, {'T'}]",0.2881894143010668,27,0.8068181818181819,0.9020696794431918,5050
"[{'V'}, {'O'}, {'M'}, {'X'}, {'X'}]",0.2880450965425958,23,0.8030303030303031,0.9020696794431918,5050
"[{'V'}, {'Z'}, {'M'}, {'P'}, {'W'}]",0.2878866870233999,24,0.8041958041958042,0.9020696794431918,5050
"[{'V'}, {'U'}, {'X'}, {'O'}, {'P'}]",0.2878340270581571,22,0.8020833333333333,0.9020696794431918,5050
"[{'U'}, {'T'}, {'Y'}, {'V'}, {'Z'}]",0.28741235239970764,20,0.8,0.9020696794431918,5050
"[{'O'}, {'U'}, {'T'}, {'W'}, {'V'}]",0.28741235239970764,20,0.8,0.9020696794431918,5050
"[{'P'}, {'O'}, {'Y'}, {'W'}, {'V'}]",0.2872483320156489,30,0.8099547511312217,0.9020696794431918,5050
"[{'Z'}, {'M'}, {'V'}, {'P'}, {'M'}]",0.2860831306622088,22,0.8034188034188035,0.9020696794431918,5050
"[{'N'}, {'N'}, {'N'}, {'N'}, {'U'}]",0.2860831306622088,22,0.8034188034188035,0.9020696794431918,5050
"[{'M'}, {'T'}, {'Y'}, {'T'}, {'O'}]",0.28606451706149005,24,0.8055555555555556,0.9020696794431918,5050
"[{'N'}, {'U'}, {'P'}, {'O'}, {'T'}]",0.28588833252656887,25,0.8066666666666666,0.9020696794431918,5050
"[{'V'}, {'N'}, {'X'}, {'X'}, {'Y'}]",0.28588452728894775,22,0.8035714285714286,0.9020696794431918,5050
"[{'M'}, {'M'}, {'Z'}, {'W'}, {'Z'}]",0.2836238955097583,24,0.8074074074074075,0.9020696794431918,5050
"[{'Y'}, {'U'}, {'X'}, {'Y'}, {'Z'}]",0.2824669044392706,36,0.8173374613003096,0.9020696794431918,5050
"[{'X'}, {'Y'}, {'Z'}, {'P'}, {'X'}]",0.2823442990012205,27,0.8111111111111111,0.9020696794431918,5050
"[{'T'}, {'O'}, {'M'}, {'U'}, {'W'}]",0.28195975427696174,23,0.8076923076923077,0.9020696794431918,5050
"[{'W'}, {'Z'}, {'Y'}, {'T'}, {'V'}]",0.2815873944567011,28,0.8124999999999999,0.9020696794431918,5050
"[{'Y'}, {'Z'}, {'W'}, {'U'}, {'X'}]",0.28114596100039546,23,0.8083333333333333,0.9020696794431918,5050
"[{'V'}, {'O'}, {'O'}, {'O'}, {'Z'}]",0.28114596100039546,23,0.8083333333333333,0.9020696794431918,5050
"[{'P'}, {'N'}, {'Z'}, {'V'}, {'Z'}]",0.28114240294933646,28,0.8128342245989305,0.9020696794431918,5050
"[{'X'}, {'V'}, {'M'}, {'O'}, {'U'}]",0.280510934308134,27,0.8125,0.9020696794431918,5050
"[{'V'}, {'V'}, {'O'}, {'U'}, {'V'}]",0.27984256642107197,22,0.8083333333333333,0.9020696794431918,5050
"[{'U'}, {'P'}, {'U'}, {'O'}, {'O'}]",0.27984256642107197,22,0.8083333333333333,0.9020696794431918,5050
"[{'P'}, {'N'}, {'X'}, {'V'}, {'U'}]",0.27964934515642503,23,0.8095238095238095,0.9020696794431918,5050
"[{'U'}, {'X'}, {'V'}, {'T'}, {'Z'}]",0.27932416701013085,25,0.8116883116883117,0.9020696794431918,5050
"[{'M'}, {'P'}, {'P'}, {'T'}, {'V'}]",0.27932416701013085,25,0.8116883116883117,0.9020696794431918,5050
"[{'Z'}, {'Z'}, {'V'}, {'V'}, {'T'}]",0.27878709819585246,24,0.8111888111888111,0.9020696794431918,5050
"[{'T'}, {'Y'}, {'U'}, {'T'}, {'M'}]",0.27878709819585246,24,0.8111888111888111,0.9020696794431918,5050
"[{'T'}, {'N'}, {'U'}, {'N'}, {'T'}]",0.2783053847437874,23,0.8106060606060606,0.9020696794431918,5050
"[{'X'}, {'Z'}, {'M'}, {'Z'}, {'T'}]",0.27759704018129994,21,0.8090909090909091,0.9020696794431918,5050
"[{'T'}, {'Z'}, {'Z'}, {'N'}, {'W'}]",0.27759704018129994,21,0.8090909090909091,0.9020696794431918,5050
"[{'P'}, {'T'}, {'W'}, {'T'}, {'W'}]",0.2774420142172779,20,0.8080808080808081,0.9020696794431918,5050
"[{'W'}, {'N'}, {'U'}, {'Y'}, {'T'}]",0.2774420142172779,20,0.8080808080808081,0.9020696794431918,5050
"[{'X'}, {'Y'}, {'P'}, {'N'}, {'V'}]",0.2772509991398575,25,0.8133333333333334,0.9020696794431918,5050
"[{'X'}, {'P'}, {'N'}, {'Z'}, {'V'}]",0.27702173813768716,34,0.820069204152249,0.9020696794431918,5050
"[{'N'}, {'O'}, {'P'}, {'O'}, {'T'}]",0.2768963277453744,33,0.8195488721804511,0.9020696794431918,5050
"[{'X'}, {'N'}, {'Y'}, {'V'}, {'Z'}]",0.2762946289735352,25,0.8141025641025641,0.9020696794431918,5050
"[{'O'}, {'Y'}, {'X'}, {'N'}, {'M'}]",0.27565236525498704,26,0.8154761904761905,0.9020696794431918,5050
"[{'W'}, {'X'}, {'P'}, {'M'}, {'Y'}]",0.2754348947575157,22,0.811965811965812,0.9020696794431918,5050
"[{'T'}, {'T'}, {'Y'}, {'U'}, {'V'}]",0.2754348947575157,22,0.811965811965812,0.9020696794431918,5050
"[{'V'}, {'T'}, {'W'}, {'W'}, {'Y'}]",0.2754348947575157,22,0.811965811965812,0.9020696794431918,5050
"[{'P'}, {'M'}, {'T'}, {'N'}, {'W'}]",0.2754348947575157,22,0.811965811965812,0.9020696794431918,5050
"[{'X'}, {'Y'}, {'T'}, {'T'}, {'M'}]",0.27519483686597124,20,0.8099999999999999,0.9020696794431918,5050
"[{'W'}, {'T'}, {'M'}, {'N'}, {'P'}]",0.2751948368659711,20,0.81,0.9020696794431918,5050
"[{'T'}, {'Z'}, {'M'}, {'O'}, {'P'}]",0.2751948368659711,20,0.81,0.9020696794431918,5050
"[{'V'}, {'T'}, {'Z'}, {'P'}, {'N'}]",0.27518009949214606,27,0.8166666666666668,0.9020696794431918,5050
"[{'Z'}, {'V'}, {'O'}, {'X'}, {'P'}]",0.2749726947424841,24,0.8142857142857143,0.9020696794431918,5050
"[{'N'}, {'W'}, {'M'}, {'Y'}, {'V'}]",0.2749726947424841,24,0.8142857142857143,0.9020696794431918,5050
"[{'T'}, {'P'}, {'Y'}, {'M'}, {'T'}]",0.27484197197706395,28,0.8177083333333334,0.9020696794431918,5050
"[{'Y'}, {'Z'}, {'P'}, {'M'}, {'T'}]",0.27480139865367303,22,0.8125,0.9020696794431918,5050
"[{'O'}, {'P'}, {'O'}, {'W'}, {'O'}]",0.2739626827658448,27,0.8176470588235294,0.9020696794431918,5050
"[{'W'}, {'V'}, {'X'}, {'Y'}, {'X'}]",0.2725602871093714,23,0.8153846153846154,0.9020696794431918,5050
"[{'X'}, {'T'}, {'M'}, {'U'}, {'Y'}]",0.2716610003805231,26,0.8187500000000001,0.9020696794431918,5050
"[{'P'}, {'X'}, {'N'}, {'O'}, {'M'}]",0.27140202803273805,20,0.8133333333333332,0.9020696794431918,5050
"[{'O'}, {'M'}, {'M'}, {'N'}, {'W'}]",0.2709444269982131,21,0.8148148148148148,0.9020696794431918,5050
"[{'N'}, {'M'}, {'M'}, {'X'}, {'P'}]",0.27029240482825645,29,0.8221153846153846,0.9020696794431918,5050
"[{'Y'}, {'T'}, {'N'}, {'T'}, {'Y'}]",0.27016075547571705,23,0.8174603174603174,0.9020696794431918,5050
"[{'P'}, {'M'}, {'M'}, {'U'}, {'W'}]",0.2699894090121334,22,0.8166666666666667,0.9020696794431918,5050
"[{'P'}, {'W'}, {'W'}, {'X'}, {'U'}]",0.26923908579290634,25,0.8200000000000001,0.9020696794431918,5050
"[{'V'}, {'Z'}, {'X'}, {'M'}, {'P'}]",0.2689123716063847,24,0.8194444444444444,0.9020696794431918,5050
"[{'W'}, {'V'}, {'X'}, {'U'}, {'P'}]",0.2689123716063847,24,0.8194444444444444,0.9020696794431918,5050
"[{'X'}, {'W'}, {'O'}, {'M'}, {'V'}]",0.2689123716063845,24,0.8194444444444445,0.9020696794431918,5050
"[{'W'}, {'Z'}, {'O'}, {'Z'}, {'V'}]",0.26850974055777455,26,0.8214285714285714,0.9020696794431918,5050
"[{'N'}, {'W'}, {'O'}, {'Z'}, {'P'}]",0.2685005304276422,28,0.8229166666666667,0.9020696794431918,5050
"[{'O'}, {'V'}, {'P'}, {'M'}, {'Z'}]",0.26829641561996853,22,0.8181818181818181,0.9020696794431918,5050
"[{'U'}, {'N'}, {'T'}, {'N'}, {'O'}]",0.26826122419488707,29,0.8238095238095238,0.9020696794431918,5050
"[{'P'}, {'M'}, {'T'}, {'T'}, {'W'}]",0.2672285104338905,21,0.8181818181818181,0.9020696794431918,5050
"[{'U'}, {'X'}, {'P'}, {'V'}, {'U'}]",0.2672285104338904,21,0.8181818181818182,0.9020696794431918,5050
"[{'O'}, {'U'}, {'Y'}, {'T'}, {'U'}]",0.2665702966698902,27,0.8238636363636364,0.9020696794431918,5050
"[{'X'}, {'V'}, {'V'}, {'P'}, {'N'}]",0.2662139647256567,27,0.8241758241758242,0.9020696794431918,5050
"[{'Y'}, {'Z'}, {'O'}, {'T'}, {'V'}]",0.26464167835675334,29,0.826923076923077,0.9020696794431918,5050
"[{'M'}, {'O'}, {'M'}, {'U'}, {'Y'}]",0.26433775469719567,28,0.8265306122448979,0.9020696794431918,5050
"[{'W'}, {'O'}, {'O'}, {'V'}, {'M'}]",0.2640727030631428,30,0.8280542986425339,0.9020696794431918,5050
"[{'W'}, {'N'}, {'W'}, {'T'}, {'P'}]",0.26399344149943527,25,0.8246753246753247,0.9020696794431918,5050
"[{'M'}, {'M'}, {'M'}, {'U'}, {'T'}]",0.26399344149943527,25,0.8246753246753247,0.9020696794431918,5050
"[{'M'}, {'N'}, {'T'}, {'W'}, {'Y'}]",0.2631070434503271,29,0.8282828282828283,0.9020696794431918,5050
"[{'X'}, {'W'}, {'P'}, {'Z'}, {'U'}]",0.26294633222077624,28,0.8277777777777778,0.9020696794431918,5050
"[{'O'}, {'X'}, {'O'}, {'T'}, {'U'}]",0.2629410920946197,29,0.8284313725490196,0.9020696794431918,5050
"[{'W'}, {'Y'}, {'M'}, {'Z'}, {'O'}]",0.2619340677047166,23,0.825,0.9020696794431918,5050
"[{'V'}, {'O'}, {'X'}, {'T'}, {'X'}]",0.2618755707373045,26,0.8273809523809523,0.9020696794431918,5050
"[{'N'}, {'Y'}, {'P'}, {'W'}, {'Y'}]",0.2618525924857157,25,0.8266666666666667,0.9020696794431918,5050
"[{'T'}, {'W'}, {'Z'}, {'W'}, {'X'}]",0.26158098648652894,25,0.826923076923077,0.9020696794431918,5050
"[{'X'}, {'V'}, {'O'}, {'N'}, {'X'}]",0.26158098648652894,25,0.826923076923077,0.9020696794431918,5050
"[{'U'}, {'N'}, {'P'}, {'M'}, {'T'}]",0.2613336686524802,24,0.8263888888888888,0.9020696794431918,5050
"[{'X'}, {'P'}, {'V'}, {'Z'}, {'U'}]",0.2612767006596768,20,0.8229166666666667,0.9020696794431918,5050
"[{'V'}, {'Z'}, {'Y'}, {'N'}, {'X'}]",0.2612767006596768,20,0.8229166666666667,0.9020696794431918,5050
"[{'P'}, {'M'}, {'Z'}, {'V'}, {'P'}]",0.26107747748156385,21,0.8240740740740741,0.9020696794431918,5050
"[{'M'}, {'W'}, {'T'}, {'V'}, {'T'}]",0.26107747748156385,21,0.8240740740740741,0.9020696794431918,5050
"[{'U'}, {'X'}, {'W'}, {'Y'}, {'U'}]",0.26107747748156385,21,0.8240740740740741,0.9020696794431918,5050
"[{'V'}, {'O'}, {'M'}, {'U'}, {'T'}]",0.2610529641066325,22,0.8250000000000001,0.9020696794431918,5050
"[{'V'}, {'X'}, {'N'}, {'W'}, {'P'}]",0.26078827364199986,26,0.8284023668639053,0.9020696794431918,5050
"[{'V'}, {'X'}, {'V'}, {'V'}, {'U'}]",0.26030813902457894,27,0.8295454545454546,0.9020696794431918,5050
"[{'Z'}, {'X'}, {'T'}, {'P'}, {'V'}]",0.2594586501138697,32,0.8333333333333334,0.9020696794431918,5050
"[{'X'}, {'T'}, {'W'}, {'V'}, {'Y'}]",0.2590891155079105,24,0.8285714285714286,0.9020696794431918,5050
"[{'M'}, {'Z'}, {'V'}, {'M'}, {'Y'}]",0.25864530739788916,21,0.826530612244898,0.9020696794431918,5050
"[{'M'}, {'N'}, {'P'}, {'O'}, {'Z'}]",0.2579258613501212,21,0.8272727272727272,0.9020696794431918,5050
"[{'V'}, {'U'}, {'X'}, {'M'}, {'P'}]",0.2576523082067538,29,0.8333333333333334,0.9020696794431918,5050
"[{'M'}, {'M'}, {'M'}, {'U'}, {'Z'}]",0.2572181076841241,25,0.8311688311688312,0.9020696794431918,5050
"[{'W'}, {'N'}, {'M'}, {'W'}, {'Y'}]",0.25703140126272583,22,0.8290598290598292,0.9020696794431918,5050
"[{'P'}, {'P'}, {'Z'}, {'Z'}, {'U'}]",0.25615733049116807,23,0.8307692307692307,0.9020696794431918,5050
"[{'Z'}, {'Z'}, {'M'}, {'T'}, {'T'}]",0.25612316462030416,28,0.8342245989304813,0.9020696794431918,5050
"[{'P'}, {'Z'}, {'M'}, {'O'}, {'P'}]",0.25611189771024334,20,0.8282828282828283,0.9020696794431918,5050
"[{'Z'}, {'Y'}, {'V'}, {'T'}, {'W'}]",0.25611189771024334,20,0.8282828282828283,0.9020696794431918,5050
"[{'V'}, {'X'}, {'V'}, {'P'}, {'W'}]",0.25610374975607997,24,0.831578947368421,0.9020696794431918,5050
"[{'X'}, {'P'}, {'V'}, {'M'}, {'W'}]",0.25576072928418236,24,0.8319327731092436,0.9020696794431918,5050
"[{'Y'}, {'V'}, {'O'}, {'X'}, {'P'}]",0.25574985579357723,26,0.8333333333333333,0.9020696794431918,5050
"[{'U'}, {'M'}, {'X'}, {'P'}, {'N'}]",0.2555338028123092,24,0.8321678321678322,0.9020696794431918,5050
"[{'O'}, {'Z'}, {'W'}, {'W'}, {'T'}]",0.2550915192182851,25,0.8333333333333334,0.9020696794431918,5050
"[{'N'}, {'Y'}, {'Z'}, {'P'}, {'M'}]",0.2547840435123663,26,0.834319526627219,0.9020696794431918,5050
"[{'V'}, {'U'}, {'U'}, {'M'}, {'Z'}]",0.25457915026219446,27,0.8351648351648353,0.9020696794431918,5050
"[{'T'}, {'O'}, {'X'}, {'N'}, {'V'}]",0.25453570645166335,20,0.8300000000000001,0.9020696794431918,5050
"[{'Y'}, {'O'}, {'P'}, {'O'}, {'T'}]",0.25451808882847504,27,0.8352272727272727,0.9020696794431918,5050
"[{'W'}, {'V'}, {'N'}, {'Z'}, {'P'}]",0.25445381275863843,28,0.8358974358974358,0.9020696794431918,5050
"[{'T'}, {'U'}, {'Y'}, {'M'}, {'T'}]",0.25439116533689876,29,0.8365384615384616,0.9020696794431918,5050
"[{'T'}, {'N'}, {'T'}, {'P'}, {'N'}]",0.2542264271131457,27,0.8355263157894737,0.9020696794431918,5050
"[{'T'}, {'Z'}, {'Y'}, {'X'}, {'W'}]",0.25373409409218683,23,0.8333333333333333,0.9020696794431918,5050
"[{'Z'}, {'W'}, {'P'}, {'W'}, {'T'}]",0.25373409409218683,23,0.8333333333333333,0.9020696794431918,5050
"[{'N'}, {'O'}, {'T'}, {'Z'}, {'W'}]",0.25352414207000007,30,0.8379629629629629,0.9020696794431918,5050
"[{'O'}, {'O'}, {'N'}, {'T'}, {'N'}]",0.2530332317045696,22,0.8333333333333333,0.9020696794431918,5050
"[{'M'}, {'T'}, {'Y'}, {'P'}, {'P'}]",0.2530332317045696,22,0.8333333333333333,0.9020696794431918,5050
"[{'T'}, {'M'}, {'W'}, {'W'}, {'Y'}]",0.2530332317045695,22,0.8333333333333334,0.9020696794431918,5050
"[{'O'}, {'X'}, {'N'}, {'N'}, {'O'}]",0.25286335888428824,29,0.8380952380952381,0.9020696794431918,5050
"[{'X'}, {'O'}, {'W'}, {'P'}, {'W'}]",0.2528266239104151,26,0.8363636363636363,0.9020696794431918,5050
"[{'P'}, {'Y'}, {'X'}, {'Z'}, {'U'}]",0.2523162512185195,21,0.8333333333333333,0.9020696794431918,5050
"[{'X'}, {'N'}, {'P'}, {'N'}, {'P'}]",0.25179594000433436,22,0.8347107438016528,0.9020696794431918,5050
"[{'U'}, {'V'}, {'W'}, {'W'}, {'N'}]",0.2510361264955042,25,0.8376623376623376,0.9020696794431918,5050
"[{'V'}, {'O'}, {'N'}, {'U'}, {'M'}]",0.2510043999485949,24,0.8370370370370371,0.9020696794431918,5050
"[{'Y'}, {'X'}, {'M'}, {'T'}, {'X'}]",0.2492761436726294,22,0.8376068376068376,0.9020696794431918,5050
"[{'N'}, {'Y'}, {'N'}, {'V'}, {'O'}]",0.24924581882844477,26,0.8402777777777779,0.9020696794431918,5050
"[{'M'}, {'N'}, {'Z'}, {'P'}, {'X'}]",0.2491802879335474,25,0.8397435897435898,0.9020696794431918,5050
"[{'W'}, {'U'}, {'M'}, {'M'}, {'W'}]",0.24915384104055494,23,0.8384615384615385,0.9020696794431918,5050
"[{'M'}, {'U'}, {'O'}, {'Y'}, {'X'}]",0.24915384104055494,23,0.8384615384615385,0.9020696794431918,5050
"[{'U'}, {'T'}, {'V'}, {'T'}, {'N'}]",0.24895586599061492,25,0.84,0.9020696794431918,5050
"[{'Z'}, {'W'}, {'T'}, {'W'}, {'W'}]",0.24886211268044434,22,0.8380952380952381,0.9020696794431918,5050
"[{'Z'}, {'Y'}, {'Y'}, {'N'}, {'U'}]",0.24871378625629714,25,0.8402777777777777,0.9020696794431918,5050
"[{'M'}, {'Z'}, {'T'}, {'N'}, {'W'}]",0.24817100229196787,24,0.8402777777777778,0.9020696794431918,5050
"[{'T'}, {'V'}, {'Y'}, {'Z'}, {'M'}]",0.24744287877533566,30,0.8444444444444446,0.9020696794431918,5050
"[{'U'}, {'V'}, {'O'}, {'O'}, {'T'}]",0.2473731228222834,20,0.8383838383838383,0.9020696794431918,5050
"[{'T'}, {'N'}, {'Y'}, {'V'}, {'U'}]",0.24709294545659488,23,0.8409090909090908,0.9020696794431918,5050
"[{'W'}, {'U'}, {'W'}, {'U'}, {'X'}]",0.24709294545659488,23,0.8409090909090909,0.9020696794431918,5050
"[{'P'}, {'W'}, {'V'}, {'O'}, {'U'}]",0.24709294545659488,23,0.8409090909090909,0.9020696794431918,5050
"[{'M'}, {'V'}, {'T'}, {'Y'}, {'U'}]",0.2467960223893645,23,0.8412698412698413,0.9020696794431918,5050
"[{'U'}, {'T'}, {'Z'}, {'W'}, {'Z'}]",0.2460940915710923,20,0.84,0.9020696794431918,5050
"[{'V'}, {'O'}, {'Y'}, {'M'}, {'V'}]",0.24601934030413564,24,0.842857142857143,0.9020696794431918,5050
"[{'X'}, {'M'}, {'O'}, {'Y'}, {'T'}]",0.24593021180594443,22,0.8416666666666666,0.9020696794431918,5050
"[{'O'}, {'N'}, {'O'}, {'Y'}, {'T'}]",0.24554190554791233,29,0.8461538461538461,0.9020696794431918,5050
"[{'U'}, {'Z'}, {'V'}, {'O'}, {'X'}]",0.24544749793357512,25,0.8441558441558441,0.9020696794431918,5050
"[{'M'}, {'W'}, {'P'}, {'X'}, {'P'}]",0.24544749793357512,25,0.8441558441558441,0.9020696794431918,5050
"[{'X'}, {'T'}, {'Y'}, {'U'}, {'W'}]",0.24502379053635026,26,0.8452380952380951,0.9020696794431918,5050
"[{'W'}, {'M'}, {'N'}, {'P'}, {'V'}]",0.24502379053635015,26,0.8452380952380952,0.9020696794431918,5050
"[{'Z'}, {'V'}, {'O'}, {'P'}, {'W'}]",0.24502379053635004,26,0.8452380952380953,0.9020696794431918,5050
"[{'T'}, {'Y'}, {'U'}, {'Y'}, {'Z'}]",0.24466074820908001,21,0.8425925925925926,0.9020696794431918,5050
"[{'P'}, {'X'}, {'V'}, {'M'}, {'W'}]",0.24466074820908001,21,0.8425925925925926,0.9020696794431918,5050
"[{'U'}, {'Z'}, {'O'}, {'O'}, {'W'}]",0.2442829496381539,26,0.8461538461538463,0.9020696794431918,5050
"[{'Y'}, {'T'}, {'Z'}, {'Y'}, {'Y'}]",0.24384729263231586,25,0.8461538461538461,0.9020696794431918,5050
"[{'O'}, {'P'}, {'N'}, {'U'}, {'W'}]",0.24344563280270481,25,0.8466666666666667,0.9020696794431918,5050
"[{'T'}, {'Y'}, {'T'}, {'W'}, {'U'}]",0.2434028318058633,24,0.8461538461538461,0.9020696794431918,5050
"[{'Y'}, {'O'}, {'Y'}, {'Z'}, {'P'}]",0.24325297745325947,20,0.84375,0.9020696794431918,5050
"[{'M'}, {'Z'}, {'U'}, {'N'}, {'X'}]",0.24294901082893428,23,0.8461538461538461,0.9020696794431918,5050
"[{'X'}, {'O'}, {'W'}, {'W'}, {'P'}]",0.24294901082893428,23,0.8461538461538461,0.9020696794431918,5050
"[{'T'}, {'W'}, {'W'}, {'O'}, {'T'}]",0.24294901082893428,23,0.8461538461538461,0.9020696794431918,5050
"[{'W'}, {'U'}, {'P'}, {'W'}, {'V'}]",0.24285303663376312,28,0.8489583333333333,0.9020696794431918,5050
"[{'X'}, {'T'}, {'M'}, {'P'}, {'Y'}]",0.2425182051735032,21,0.8454545454545455,0.9020696794431918,5050
"[{'Z'}, {'P'}, {'Z'}, {'W'}, {'M'}]",0.2425182051735032,21,0.8454545454545455,0.9020696794431918,5050
"[{'V'}, {'T'}, {'N'}, {'Y'}, {'P'}]",0.24248521218739838,22,0.8461538461538461,0.9020696794431918,5050
"[{'N'}, {'Z'}, {'M'}, {'T'}, {'W'}]",0.24248521218739838,22,0.8461538461538461,0.9020696794431918,5050
"[{'X'}, {'T'}, {'Z'}, {'N'}, {'V'}]",0.24248521218739838,22,0.8461538461538461,0.9020696794431918,5050
"[{'N'}, {'U'}, {'N'}, {'P'}, {'W'}]",0.2424514769508781,26,0.8484848484848485,0.9020696794431918,5050
"[{'Z'}, {'X'}, {'Y'}, {'X'}, {'V'}]",0.24238152262666268,31,0.8508771929824561,0.9020696794431918,5050
"[{'Y'}, {'V'}, {'O'}, {'M'}, {'Z'}]",0.24201074732623173,21,0.8461538461538461,0.9020696794431918,5050
"[{'T'}, {'T'}, {'U'}, {'N'}, {'O'}]",0.2418304023958866,28,0.8502673796791443,0.9020696794431918,5050
"[{'X'}, {'O'}, {'O'}, {'T'}, {'P'}]",0.24144866447827884,21,0.846938775510204,0.9020696794431918,5050
"[{'W'}, {'N'}, {'Z'}, {'X'}, {'P'}]",0.2412858188214626,30,0.8518518518518519,0.9020696794431918,5050
"[{'X'}, {'T'}, {'U'}, {'W'}, {'M'}]",0.24070812334583758,23,0.8492063492063492,0.9020696794431918,5050
"[{'O'}, {'W'}, {'X'}, {'X'}, {'W'}]",0.24070812334583758,23,0.8492063492063492,0.9020696794431918,5050
"[{'X'}, {'T'}, {'P'}, {'M'}, {'V'}]",0.2405396292137979,24,0.8500000000000001,0.9020696794431918,5050
"[{'O'}, {'U'}, {'O'}, {'Y'}, {'T'}]",0.24042344022285045,26,0.8511904761904763,0.9020696794431918,5050
"[{'N'}, {'T'}, {'T'}, {'P'}, {'X'}]",0.24014609293774614,23,0.85,0.9020696794431918,5050
"[{'W'}, {'W'}, {'U'}, {'W'}, {'P'}]",0.24014609293774614,23,0.85,0.9020696794431918,5050
"[{'V'}, {'U'}, {'Y'}, {'Z'}, {'Z'}]",0.24014609293774614,23,0.85,0.9020696794431918,5050
"[{'X'}, {'M'}, {'Y'}, {'V'}, {'N'}]",0.23991853684469489,20,0.8484848484848485,0.9020696794431918,5050
"[{'U'}, {'V'}, {'W'}, {'U'}, {'U'}]",0.2397860858935752,26,0.8520710059171597,0.9020696794431918,5050
"[{'X'}, {'W'}, {'W'}, {'X'}, {'T'}]",0.23974390441075688,22,0.85,0.9020696794431918,5050
"[{'M'}, {'Y'}, {'M'}, {'N'}, {'P'}]",0.23943471298168406,24,0.8515625,0.9020696794431918,5050
"[{'M'}, {'U'}, {'W'}, {'U'}, {'P'}]",0.23891111024157619,20,0.85,0.9020696794431918,5050
"[{'X'}, {'N'}, {'X'}, {'P'}, {'Y'}]",0.2385608196545551,25,0.8533333333333333,0.9020696794431918,5050
"[{'X'}, {'V'}, {'Y'}, {'M'}, {'T'}]",0.2383487140774153,24,0.8531468531468531,0.9020696794431918,5050
"[{'X'}, {'V'}, {'M'}, {'Z'}, {'U'}]",0.23813740706905506,23,0.8529411764705883,0.9020696794431918,5050
"[{'X'}, {'T'}, {'W'}, {'W'}, {'W'}]",0.2381109684532452,21,0.8518518518518519,0.9020696794431918,5050
"[{'W'}, {'O'}, {'Z'}, {'T'}, {'T'}]",0.2381109684532452,21,0.8518518518518519,0.9020696794431918,5050
"[{'N'}, {'Y'}, {'U'}, {'P'}, {'O'}]",0.2381109684532452,21,0.8518518518518519,0.9020696794431918,5050
"[{'U'}, {'Y'}, {'O'}, {'Y'}, {'X'}]",0.23805457181497647,26,0.8545454545454546,0.9020696794431918,5050
"[{'W'}, {'X'}, {'Y'}, {'M'}, {'Y'}]",0.23805457181497647,26,0.8545454545454546,0.9020696794431918,5050
"[{'Z'}, {'U'}, {'O'}, {'Y'}, {'T'}]",0.23766798866118444,24,0.8541666666666666,0.9020696794431918,5050
"[{'W'}, {'Z'}, {'Z'}, {'U'}, {'O'}]",0.23766292538196598,31,0.8571428571428571,0.9020696794431918,5050
"[{'P'}, {'P'}, {'P'}, {'X'}, {'Y'}]",0.2375428398563061,23,0.8538461538461538,0.9020696794431918,5050
"[{'T'}, {'T'}, {'M'}, {'T'}, {'M'}]",0.23754283985630598,23,0.8538461538461539,0.9020696794431918,5050
"[{'P'}, {'N'}, {'T'}, {'Y'}, {'W'}]",0.23714428607176652,29,0.8571428571428572,0.9020696794431918,5050
"[{'M'}, {'O'}, {'M'}, {'N'}, {'X'}]",0.23687825644843086,28,0.8571428571428572,0.9020696794431918,5050
"[{'P'}, {'Y'}, {'N'}, {'M'}, {'Z'}]",0.2366711752960693,29,0.857843137254902,0.9020696794431918,5050
"[{'O'}, {'U'}, {'P'}, {'T'}, {'W'}]",0.23641319808065453,21,0.8545454545454545,0.9020696794431918,5050
"[{'U'}, {'U'}, {'U'}, {'T'}, {'N'}]",0.23641319808065442,21,0.8545454545454546,0.9020696794431918,5050
"[{'W'}, {'T'}, {'W'}, {'P'}, {'T'}]",0.23633154478609353,26,0.8571428571428572,0.9020696794431918,5050
"[{'O'}, {'X'}, {'W'}, {'O'}, {'T'}]",0.23633154478609353,26,0.8571428571428572,0.9020696794431918,5050
"[{'T'}, {'W'}, {'W'}, {'U'}, {'N'}]",0.2362896730620544,20,0.8541666666666666,0.9020696794431918,5050
"[{'X'}, {'O'}, {'T'}, {'X'}, {'Z'}]",0.2362896730620544,20,0.8541666666666666,0.9020696794431918,5050
"[{'W'}, {'V'}, {'Z'}, {'P'}, {'N'}]",0.23617751282186583,29,0.8585858585858586,0.9020696794431918,5050
"[{'N'}, {'T'}, {'M'}, {'P'}, {'O'}]",0.2361345705578236,23,0.8560606060606061,0.9020696794431918,5050
"[{'Y'}, {'Z'}, {'Z'}, {'M'}, {'N'}]",0.2361345705578236,23,0.8560606060606061,0.9020696794431918,5050
"[{'Y'}, {'T'}, {'O'}, {'M'}, {'Y'}]",0.2358199139639453,34,0.8608058608058609,0.9020696794431918,5050
"[{'P'}, {'Z'}, {'U'}, {'X'}, {'V'}]",0.23552386798996505,27,0.8588235294117648,0.9020696794431918,5050
"[{'U'}, {'T'}, {'O'}, {'M'}, {'Y'}]",0.235470396961606,23,0.8571428571428571,0.9020696794431918,5050
"[{'P'}, {'N'}, {'Z'}, {'X'}, {'V'}]",0.23542190562771825,28,0.859375,0.9020696794431918,5050
"[{'U'}, {'M'}, {'N'}, {'T'}, {'Y'}]",0.23520297912572918,32,0.8611111111111112,0.9020696794431918,5050
"[{'N'}, {'M'}, {'M'}, {'V'}, {'X'}]",0.23491600998037132,25,0.858974358974359,0.9020696794431918,5050
"[{'V'}, {'X'}, {'Y'}, {'M'}, {'O'}]",0.23491600998037132,25,0.8589743589743589,0.9020696794431918,5050
"[{'W'}, {'M'}, {'Y'}, {'T'}, {'U'}]",0.23491600998037132,25,0.858974358974359,0.9020696794431918,5050
"[{'Z'}, {'T'}, {'W'}, {'U'}, {'W'}]",0.23475806539583532,23,0.8583333333333334,0.9020696794431918,5050
"[{'T'}, {'W'}, {'Y'}, {'U'}, {'Y'}]",0.23475806539583532,23,0.8583333333333334,0.9020696794431918,5050
"[{'O'}, {'O'}, {'T'}, {'V'}, {'W'}]",0.23475806539583532,23,0.8583333333333334,0.9020696794431918,5050
"[{'X'}, {'U'}, {'U'}, {'Z'}, {'Y'}]",0.23447430951900716,22,0.8583333333333333,0.9020696794431918,5050
"[{'M'}, {'U'}, {'W'}, {'U'}, {'T'}]",0.23447430951900716,22,0.8583333333333333,0.9020696794431918,5050
"[{'T'}, {'T'}, {'T'}, {'Y'}, {'U'}]",0.23447430951900716,22,0.8583333333333334,0.9020696794431918,5050
"[{'N'}, {'N'}, {'T'}, {'Y'}, {'P'}]",0.2344676394394446,30,0.8616071428571428,0.9020696794431918,5050
"[{'M'}, {'U'}, {'T'}, {'W'}, {'W'}]",0.23441505026902387,24,0.859375,0.9020696794431918,5050
"[{'N'}, {'X'}, {'T'}, {'X'}, {'W'}]",0.23418477890831946,26,0.8606060606060606,0.9020696794431918,5050
"[{'W'}, {'Z'}, {'U'}, {'Y'}, {'T'}]",0.23418477890831946,26,0.8606060606060606,0.9020696794431918,5050
"[{'X'}, {'X'}, {'N'}, {'X'}, {'N'}]",0.23412791682300882,25,0.8602941176470589,0.9020696794431918,5050
"[{'U'}, {'M'}, {'P'}, {'Z'}, {'Y'}]",0.23408117666293415,28,0.8615384615384616,0.9020696794431918,5050
"[{'M'}, {'P'}, {'M'}, {'P'}, {'V'}]",0.23396884153215036,24,0.8601398601398602,0.9020696794431918,5050
"[{'N'}, {'U'}, {'N'}, {'T'}, {'Y'}]",0.2339488106461628,35,0.8639455782312926,0.9020696794431918,5050
"[{'T'}, {'U'}, {'Z'}, {'W'}, {'W'}]",0.23380739790601657,22,0.8595041322314049,0.9020696794431918,5050
"[{'X'}, {'O'}, {'W'}, {'M'}, {'Z'}]",0.23380739790601646,22,0.859504132231405,0.9020696794431918,5050
"[{'U'}, {'M'}, {'Z'}, {'X'}, {'W'}]",0.23365233242085515,25,0.8611111111111112,0.9020696794431918,5050
"[{'P'}, {'O'}, {'O'}, {'P'}, {'V'}]",0.23341385161944106,24,0.8611111111111112,0.9020696794431918,5050
"[{'V'}, {'T'}, {'M'}, {'Y'}, {'W'}]",0.2333201601694529,20,0.859375,0.9020696794431918,5050
"[{'Y'}, {'T'}, {'P'}, {'W'}, {'T'}]",0.23298676246311512,20,0.86,0.9020696794431918,5050
"[{'V'}, {'W'}, {'W'}, {'N'}, {'P'}]",0.23298676246311512,20,0.86,0.9020696794431918,5050
"[{'Z'}, {'U'}, {'V'}, {'V'}, {'U'}]",0.23293532812267026,23,0.8615384615384616,0.9020696794431918,5050
"[{'W'}, {'O'}, {'T'}, {'T'}, {'P'}]",0.23293532812267026,23,0.8615384615384616,0.9020696794431918,5050
"[{'M'}, {'T'}, {'O'}, {'U'}, {'P'}]",0.23293532812267026,23,0.8615384615384616,0.9020696794431918,5050
"[{'Z'}, {'T'}, {'T'}, {'W'}, {'X'}]",0.23293532812267026,23,0.8615384615384615,0.9020696794431918,5050
"[{'Y'}, {'T'}, {'Y'}, {'V'}, {'U'}]",0.23274810422607917,26,0.8630952380952381,0.9020696794431918,5050
"[{'O'}, {'T'}, {'U'}, {'T'}, {'M'}]",0.23274810422607917,26,0.863095238095238,0.9020696794431918,5050
"[{'O'}, {'X'}, {'V'}, {'O'}, {'M'}]",0.23274810422607917,26,0.863095238095238,0.9020696794431918,5050
"[{'W'}, {'P'}, {'M'}, {'W'}, {'X'}]",0.23274810422607917,26,0.863095238095238,0.9020696794431918,5050
"[{'U'}, {'T'}, {'Z'}, {'O'}, {'U'}]",0.2326669119510153,21,0.8611111111111112,0.9020696794431918,5050
"[{'Y'}, {'V'}, {'N'}, {'Y'}, {'V'}]",0.23224172800793486,25,0.8636363636363635,0.9020696794431918,5050
"[{'V'}, {'U'}, {'M'}, {'M'}, {'U'}]",0.23224172800793474,25,0.8636363636363636,0.9020696794431918,5050
"[{'X'}, {'O'}, {'X'}, {'X'}, {'Y'}]",0.23204714566254425,29,0.8653846153846154,0.9020696794431918,5050
"[{'T'}, {'U'}, {'M'}, {'Z'}, {'P'}]",0.2317963275315329,22,0.8632478632478632,0.9020696794431918,5050
"[{'X'}, {'W'}, {'M'}, {'V'}, {'M'}]",0.23169056005622157,24,0.8642857142857142,0.9020696794431918,5050
"[{'V'}, {'Z'}, {'P'}, {'U'}, {'W'}]",0.2314759577192953,25,0.865079365079365,0.9020696794431918,5050
"[{'W'}, {'Y'}, {'Y'}, {'V'}, {'V'}]",0.23137049719063185,28,0.8663101604278074,0.9020696794431918,5050
"[{'X'}, {'X'}, {'P'}, {'T'}, {'V'}]",0.23131772262965822,25,0.8653846153846154,0.9020696794431918,5050
"[{'P'}, {'Z'}, {'O'}, {'X'}, {'W'}]",0.23131772262965822,25,0.8653846153846154,0.9020696794431918,5050
"[{'W'}, {'M'}, {'P'}, {'T'}, {'X'}]",0.23127465387393376,35,0.868421052631579,0.9020696794431918,5050
"[{'P'}, {'M'}, {'Z'}, {'N'}, {'W'}]",0.2310828432366695,23,0.8650793650793651,0.9020696794431918,5050
"[{'V'}, {'X'}, {'V'}, {'N'}, {'Z'}]",0.2310828432366695,23,0.8650793650793651,0.9020696794431918,5050
"[{'T'}, {'N'}, {'X'}, {'U'}, {'U'}]",0.2310828432366695,23,0.8650793650793651,0.9020696794431918,5050
"[{'M'}, {'U'}, {'W'}, {'O'}, {'X'}]",0.231013415503037,27,0.8666666666666666,0.9020696794431918,5050
"[{'V'}, {'T'}, {'T'}, {'T'}, {'X'}]",0.231013415503037,27,0.8666666666666666,0.9020696794431918,5050
"[{'O'}, {'Y'}, {'T'}, {'M'}, {'W'}]",0.2306920734788519,20,0.8645833333333334,0.9020696794431918,5050
"[{'V'}, {'U'}, {'O'}, {'W'}, {'T'}]",0.23066745347753637,25,0.8666666666666667,0.9020696794431918,5050
"[{'Z'}, {'Y'}, {'T'}, {'M'}, {'U'}]",0.23052720673374638,21,0.8653846153846154,0.9020696794431918,5050
"[{'N'}, {'T'}, {'O'}, {'N'}, {'T'}]",0.2304892794773975,24,0.8666666666666667,0.9020696794431918,5050
"[{'T'}, {'Y'}, {'N'}, {'Y'}, {'N'}]",0.23040194612132803,22,0.8660714285714286,0.9020696794431918,5050
"[{'O'}, {'Z'}, {'O'}, {'M'}, {'W'}]",0.23029373905663364,29,0.8686868686868687,0.9020696794431918,5050
"[{'T'}, {'X'}, {'M'}, {'V'}, {'Y'}]",0.2302632141700689,24,0.8671328671328671,0.9020696794431918,5050
"[{'Y'}, {'Z'}, {'M'}, {'P'}, {'X'}]",0.2302632141700689,24,0.8671328671328671,0.9020696794431918,5050
"[{'Y'}, {'O'}, {'X'}, {'P'}, {'N'}]",0.2302632141700689,24,0.8671328671328671,0.9020696794431918,5050
"[{'P'}, {'W'}, {'Y'}, {'T'}, {'P'}]",0.2302632141700689,24,0.8671328671328671,0.9020696794431918,5050
"[{'Y'}, {'Z'}, {'Y'}, {'X'}, {'T'}]",0.23012142713069528,22,0.8666666666666667,0.9020696794431918,5050
"[{'T'}, {'V'}, {'Z'}, {'Y'}, {'P'}]",0.23012142713069528,22,0.8666666666666667,0.9020696794431918,5050
"[{'T'}, {'Z'}, {'M'}, {'V'}, {'P'}]",0.2298246277601298,24,0.8680555555555556,0.9020696794431918,5050
"[{'Y'}, {'V'}, {'W'}, {'Z'}, {'V'}]",0.2298246277601298,24,0.8680555555555556,0.9020696794431918,5050
"[{'X'}, {'Y'}, {'P'}, {'W'}, {'V'}]",0.2298147920236483,26,0.86875,0.9020696794431918,5050
"[{'M'}, {'O'}, {'M'}, {'P'}, {'O'}]",0.2296235984141647,21,0.8673469387755102,0.9020696794431918,5050
"[{'M'}, {'V'}, {'V'}, {'M'}, {'V'}]",0.2296235984141647,21,0.8673469387755102,0.9020696794431918,5050
"[{'P'}, {'O'}, {'M'}, {'W'}, {'X'}]",0.22961446289327958,22,0.8677685950413222,0.9020696794431918,5050
"[{'V'}, {'O'}, {'Y'}, {'O'}, {'T'}]",0.22960669834253455,28,0.8697916666666667,0.9020696794431918,5050
"[{'W'}, {'Z'}, {'W'}, {'T'}, {'X'}]",0.2295217927309764,35,0.8717105263157895,0.9020696794431918,5050
"[{'N'}, {'T'}, {'Z'}, {'M'}, {'V'}]",0.22931022742994822,26,0.8698224852071006,0.9020696794431918,5050
"[{'X'}, {'O'}, {'X'}, {'P'}, {'T'}]",0.22920478973993685,31,0.8714285714285714,0.9020696794431918,5050
"[{'T'}, {'W'}, {'U'}, {'U'}, {'Y'}]",0.2290970631380378,20,0.8681318681318682,0.9020696794431918,5050
"[{'W'}, {'M'}, {'N'}, {'X'}, {'M'}]",0.22902650995277019,25,0.8701298701298701,0.9020696794431918,5050
"[{'M'}, {'O'}, {'X'}, {'V'}, {'O'}]",0.22902650995277019,25,0.8701298701298701,0.9020696794431918,5050
"[{'X'}, {'T'}, {'Z'}, {'T'}, {'Z'}]",0.2288619316206323,20,0.8686868686868687,0.9020696794431918,5050
"[{'T'}, {'M'}, {'P'}, {'N'}, {'O'}]",0.22871117512931693,20,0.8690476190476191,0.9020696794431918,5050
"[{'N'}, {'U'}, {'V'}, {'X'}, {'W'}]",0.22848233011138241,28,0.8722222222222221,0.9020696794431918,5050
"[{'O'}, {'V'}, {'W'}, {'W'}, {'V'}]",0.2284823301113823,28,0.8722222222222222,0.9020696794431918,5050
"[{'M'}, {'T'}, {'M'}, {'W'}, {'U'}]",0.22836279634786472,27,0.8722222222222222,0.9020696794431918,5050
"[{'M'}, {'O'}, {'W'}, {'Z'}, {'V'}]",0.22832857870239032,21,0.8703703703703703,0.9020696794431918,5050
"[{'Z'}, {'M'}, {'Y'}, {'X'}, {'V'}]",0.22832857870239032,21,0.8703703703703703,0.9020696794431918,5050
"[{'V'}, {'Z'}, {'O'}, {'U'}, {'V'}]",0.22832857870239032,21,0.8703703703703703,0.9020696794431918,5050
"[{'Y'}, {'N'}, {'U'}, {'V'}, {'O'}]",0.22832857870239032,21,0.8703703703703703,0.9020696794431918,5050
"[{'V'}, {'Y'}, {'M'}, {'W'}, {'Z'}]",0.2283285787023902,21,0.8703703703703705,0.9020696794431918,5050
"[{'T'}, {'Z'}, {'X'}, {'U'}, {'T'}]",0.22832120198898276,24,0.8714285714285714,0.9020696794431918,5050
"[{'U'}, {'Y'}, {'O'}, {'W'}, {'T'}]",0.22829767126245137,25,0.8717948717948718,0.9020696794431918,5050
"[{'N'}, {'N'}, {'W'}, {'N'}, {'U'}]",0.22829767126245137,25,0.8717948717948718,0.9020696794431918,5050
"[{'W'}, {'O'}, {'W'}, {'P'}, {'Y'}]",0.2282747588222691,23,0.8712121212121212,0.9020696794431918,5050
"[{'O'}, {'X'}, {'U'}, {'Y'}, {'N'}]",0.22804414271168738,31,0.8739495798319328,0.9020696794431918,5050
"[{'V'}, {'P'}, {'M'}, {'V'}, {'T'}]",0.22802652978273896,26,0.8727272727272728,0.9020696794431918,5050
"[{'O'}, {'X'}, {'O'}, {'U'}, {'T'}]",0.22795459012538466,29,0.8736842105263158,0.9020696794431918,5050
"[{'Y'}, {'O'}, {'O'}, {'U'}, {'P'}]",0.22789837436089844,22,0.8717948717948718,0.9020696794431918,5050
"[{'U'}, {'T'}, {'N'}, {'Y'}, {'N'}]",0.22776431603058678,27,0.8736263736263736,0.9020696794431918,5050
"[{'W'}, {'N'}, {'V'}, {'T'}, {'Y'}]",0.22749657374080756,30,0.875,0.9020696794431918,5050
"[{'T'}, {'T'}, {'Y'}, {'P'}, {'N'}]",0.2274016455661627,29,0.875,0.9020696794431918,5050
"[{'P'}, {'Z'}, {'W'}, {'O'}, {'W'}]",0.22740082588587773,21,0.8727272727272728,0.9020696794431918,5050
"[{'T'}, {'V'}, {'N'}, {'X'}, {'U'}]",0.2272518079674053,24,0.8740740740740741,0.9020696794431918,5050
"[{'Z'}, {'W'}, {'N'}, {'O'}, {'V'}]",0.22723183199117059,24,0.8741258741258742,0.9020696794431918,5050
"[{'M'}, {'W'}, {'X'}, {'Z'}, {'X'}]",0.22710658773627812,26,0.875,0.9020696794431918,5050
"[{'Z'}, {'V'}, {'Y'}, {'Y'}, {'Y'}]",0.22710658773627812,26,0.875,0.9020696794431918,5050
"[{'W'}, {'V'}, {'X'}, {'T'}, {'X'}]",0.22700448407266272,25,0.875,0.9020696794431918,5050
"[{'M'}, {'U'}, {'M'}, {'U'}, {'M'}]",0.22690031708325087,24,0.875,0.9020696794431918,5050
"[{'T'}, {'O'}, {'X'}, {'Y'}, {'W'}]",0.2267939563826331,23,0.875,0.9020696794431918,5050
"[{'X'}, {'M'}, {'Z'}, {'U'}, {'P'}]",0.2267939563826331,23,0.875,0.9020696794431918,5050
"[{'W'}, {'Y'}, {'Z'}, {'M'}, {'N'}]",0.22668525724582111,22,0.875,0.9020696794431918,5050
"[{'T'}, {'P'}, {'P'}, {'X'}, {'U'}]",0.22668525724582111,22,0.875,0.9020696794431918,5050
"[{'N'}, {'V'}, {'Z'}, {'T'}, {'P'}]",0.22664040182747736,27,0.8764705882352941,0.9020696794431918,5050
"[{'T'}, {'N'}, {'O'}, {'Z'}, {'Y'}]",0.22664040182747736,27,0.8764705882352941,0.9020696794431918,5050
"[{'M'}, {'Z'}, {'T'}, {'Y'}, {'X'}]",0.22661325367139573,27,0.8765432098765431,0.9020696794431918,5050
"[{'W'}, {'Y'}, {'N'}, {'N'}, {'M'}]",0.22657405829817956,21,0.875,0.9020696794431918,5050
"[{'U'}, {'T'}, {'U'}, {'P'}, {'W'}]",0.22657405829817956,21,0.875,0.9020696794431918,5050
"[{'U'}, {'X'}, {'O'}, {'O'}, {'Y'}]",0.2265573513799356,28,0.8769230769230769,0.9020696794431918,5050
"[{'P'}, {'V'}, {'N'}, {'M'}, {'O'}]",0.22646017870365198,20,0.875,0.9020696794431918,5050
"[{'M'}, {'M'}, {'M'}, {'Z'}, {'W'}]",0.22646017870365198,20,0.875,0.9020696794431918,5050
"[{'U'}, {'U'}, {'X'}, {'N'}, {'P'}]",0.22646017870365198,20,0.875,0.9020696794431918,5050
"[{'Z'}, {'X'}, {'W'}, {'T'}, {'M'}]",0.22640464452429665,25,0.8766233766233765,0.9020696794431918,5050
"[{'X'}, {'N'}, {'T'}, {'Y'}, {'N'}]",0.22616353522808275,27,0.8777777777777779,0.9020696794431918,5050
"[{'Y'}, {'X'}, {'O'}, {'N'}, {'O'}]",0.2261162823723759,23,0.8769230769230769,0.9020696794431918,5050
"[{'O'}, {'O'}, {'M'}, {'X'}, {'Z'}]",0.2261162823723759,23,0.8769230769230769,0.9020696794431918,5050
"[{'X'}, {'T'}, {'Y'}, {'T'}, {'U'}]",0.22602430771492066,32,0.8791666666666667,0.9020696794431918,5050
"[{'O'}, {'T'}, {'Y'}, {'U'}, {'T'}]",0.22585585587875057,25,0.8782051282051282,0.9020696794431918,5050
"[{'T'}, {'T'}, {'X'}, {'P'}, {'X'}]",0.2257380735638156,26,0.8787878787878788,0.9020696794431918,5050
"[{'P'}, {'Z'}, {'X'}, {'T'}, {'W'}]",0.22569959576137433,27,0.8791208791208791,0.9020696794431918,5050
"[{'P'}, {'W'}, {'Y'}, {'N'}, {'T'}]",0.2256552949294438,24,0.8785714285714286,0.9020696794431918,5050
"[{'P'}, {'T'}, {'Z'}, {'T'}, {'T'}]",0.22565403284608565,21,0.8777777777777778,0.9020696794431918,5050
"[{'U'}, {'U'}, {'Y'}, {'O'}, {'Z'}]",0.22550681414069818,23,0.8787878787878787,0.9020696794431918,5050
"[{'U'}, {'N'}, {'X'}, {'X'}, {'Y'}]",0.22550681414069818,23,0.8787878787878787,0.9020696794431918,5050
"[{'P'}, {'N'}, {'Z'}, {'X'}, {'X'}]",0.22550681414069806,23,0.8787878787878788,0.9020696794431918,5050
"[{'X'}, {'V'}, {'Y'}, {'Y'}, {'Y'}]",0.22550681414069806,23,0.8787878787878789,0.9020696794431918,5050
"[{'Z'}, {'P'}, {'Z'}, {'P'}, {'O'}]",0.22550681414069806,23,0.8787878787878788,0.9020696794431918,5050
"[{'T'}, {'T'}, {'M'}, {'N'}, {'X'}]",0.22550681414069806,23,0.8787878787878788,0.9020696794431918,5050
"[{'P'}, {'X'}, {'T'}, {'W'}, {'X'}]",0.22550681414069806,23,0.8787878787878788,0.9020696794431918,5050
"[{'N'}, {'U'}, {'X'}, {'W'}, {'N'}]",0.22540741477821202,28,0.8802083333333334,0.9020696794431918,5050
"[{'X'}, {'Y'}, {'W'}, {'N'}, {'N'}]",0.22540741477821202,28,0.8802083333333334,0.9020696794431918,5050
"[{'Y'}, {'N'}, {'Y'}, {'O'}, {'M'}]",0.22527576745955868,25,0.88,0.9020696794431918,5050
"[{'X'}, {'W'}, {'N'}, {'U'}, {'V'}]",0.22527576745955868,25,0.88,0.9020696794431918,5050
"[{'W'}, {'V'}, {'T'}, {'Z'}, {'N'}]",0.22527576745955868,25,0.88,0.9020696794431918,5050
"[{'M'}, {'U'}, {'T'}, {'N'}, {'W'}]",0.22525991237415832,20,0.8787878787878788,0.9020696794431918,5050
"[{'Z'}, {'N'}, {'N'}, {'N'}, {'T'}]",0.22519355543110386,27,0.8806818181818181,0.9020696794431918,5050
"[{'X'}, {'Y'}, {'W'}, {'X'}, {'O'}]",0.22516303028045892,20,0.8791208791208791,0.9020696794431918,5050
"[{'T'}, {'T'}, {'M'}, {'U'}, {'O'}]",0.2249647472951295,22,0.8803418803418803,0.9020696794431918,5050
"[{'X'}, {'O'}, {'X'}, {'T'}, {'U'}]",0.2249647472951295,22,0.8803418803418804,0.9020696794431918,5050
"[{'U'}, {'V'}, {'Z'}, {'Y'}, {'N'}]",0.2249647472951295,22,0.8803418803418803,0.9020696794431918,5050
"[{'M'}, {'T'}, {'V'}, {'Y'}, {'W'}]",0.2249647472951295,22,0.8803418803418804,0.9020696794431918,5050
"[{'Z'}, {'W'}, {'M'}, {'W'}, {'Y'}]",0.2249647472951295,22,0.8803418803418803,0.9020696794431918,5050
"[{'X'}, {'Z'}, {'U'}, {'V'}, {'Y'}]",0.22495895495051665,26,0.88125,0.9020696794431918,5050
"[{'U'}, {'P'}, {'N'}, {'Z'}, {'Y'}]",0.22495895495051665,26,0.88125,0.9020696794431918,5050
"[{'Z'}, {'M'}, {'W'}, {'V'}, {'Z'}]",0.22491396755935844,20,0.88,0.9020696794431918,5050
"[{'T'}, {'N'}, {'U'}, {'T'}, {'V'}]",0.2248582537646826,23,0.8809523809523809,0.9020696794431918,5050
"[{'V'}, {'W'}, {'V'}, {'Z'}, {'W'}]",0.2247708599005359,24,0.8814814814814815,0.9020696794431918,5050
"[{'O'}, {'U'}, {'O'}, {'M'}, {'V'}]",0.2247708599005359,24,0.8814814814814814,0.9020696794431918,5050
"[{'Y'}, {'X'}, {'N'}, {'Y'}, {'U'}]",0.22465599585938612,28,0.8826530612244897,0.9020696794431918,5050
"[{'M'}, {'X'}, {'X'}, {'U'}, {'Y'}]",0.22454495867220403,28,0.8830409356725146,0.9020696794431918,5050
"[{'V'}, {'X'}, {'U'}, {'T'}, {'X'}]",0.22449346078394983,21,0.8818181818181818,0.9020696794431918,5050
"[{'T'}, {'O'}, {'O'}, {'Y'}, {'P'}]",0.22449346078394983,21,0.8818181818181818,0.9020696794431918,5050
"[{'N'}, {'P'}, {'M'}, {'W'}, {'N'}]",0.22449346078394983,21,0.8818181818181818,0.9020696794431918,5050
"[{'X'}, {'Y'}, {'M'}, {'U'}, {'O'}]",0.22449346078394983,21,0.8818181818181818,0.9020696794431918,5050
"[{'X'}, {'U'}, {'Y'}, {'Y'}, {'W'}]",0.2244627348344832,28,0.8833333333333333,0.9020696794431918,5050
"[{'M'}, {'M'}, {'U'}, {'Y'}, {'P'}]",0.2244156321436911,27,0.8833333333333333,0.9020696794431918,5050
"[{'X'}, {'Y'}, {'U'}, {'U'}, {'X'}]",0.22437613172251425,25,0.883116883116883,0.9020696794431918,5050
"[{'U'}, {'Z'}, {'Z'}, {'T'}, {'P'}]",0.22437613172251414,25,0.8831168831168831,0.9020696794431918,5050
"[{'M'}, {'P'}, {'X'}, {'N'}, {'N'}]",0.22437613172251414,25,0.8831168831168831,0.9020696794431918,5050
"[{'O'}, {'Z'}, {'T'}, {'V'}, {'Y'}]",0.22437613172251414,25,0.8831168831168832,0.9020696794431918,5050
"[{'W'}, {'W'}, {'M'}, {'O'}, {'P'}]",0.2243675188252745,29,0.8838383838383838,0.9020696794431918,5050
"[{'V'}, {'T'}, {'U'}, {'Y'}, {'V'}]",0.2241657998643849,22,0.8833333333333333,0.9020696794431918,5050
"[{'P'}, {'U'}, {'T'}, {'M'}, {'U'}]",0.2241657998643849,22,0.8833333333333333,0.9020696794431918,5050
"[{'P'}, {'Y'}, {'M'}, {'Z'}, {'W'}]",0.22416579986438478,22,0.8833333333333334,0.9020696794431918,5050
"[{'U'}, {'Z'}, {'P'}, {'W'}, {'Y'}]",0.22415739870064932,29,0.8846153846153846,0.9020696794431918,5050
"[{'N'}, {'X'}, {'N'}, {'V'}, {'O'}]",0.2240763680759874,27,0.8846153846153846,0.9020696794431918,5050
"[{'Z'}, {'U'}, {'X'}, {'U'}, {'Y'}]",0.2240763680759874,27,0.8846153846153846,0.9020696794431918,5050
"[{'V'}, {'M'}, {'X'}, {'N'}, {'O'}]",0.2240697357510275,23,0.8839285714285714,0.9020696794431918,5050
"[{'U'}, {'M'}, {'N'}, {'O'}, {'Y'}]",0.22402091690742398,22,0.8839285714285714,0.9020696794431918,5050
"[{'X'}, {'O'}, {'T'}, {'Y'}, {'P'}]",0.22399227647855602,25,0.8846153846153846,0.9020696794431918,5050
"[{'T'}, {'P'}, {'V'}, {'P'}, {'W'}]",0.22397672957413672,26,0.8848484848484849,0.9020696794431918,5050
"[{'W'}, {'T'}, {'U'}, {'Z'}, {'V'}]",0.22393346139785908,22,0.884297520661157,0.9020696794431918,5050
"[{'V'}, {'P'}, {'W'}, {'W'}, {'N'}]",0.22392861153776722,33,0.8860294117647058,0.9020696794431918,5050
"[{'O'}, {'M'}, {'O'}, {'N'}, {'T'}]",0.22390474835571728,23,0.8846153846153846,0.9020696794431918,5050
"[{'O'}, {'P'}, {'V'}, {'V'}, {'Y'}]",0.22390474835571728,23,0.8846153846153846,0.9020696794431918,5050
"[{'X'}, {'O'}, {'V'}, {'P'}, {'W'}]",0.22387585028500512,29,0.8857142857142857,0.9020696794431918,5050
"[{'X'}, {'Z'}, {'Y'}, {'T'}, {'V'}]",0.22387585028500512,29,0.8857142857142857,0.9020696794431918,5050
"[{'O'}, {'Y'}, {'X'}, {'N'}, {'V'}]",0.22381332443639657,21,0.8846153846153846,0.9020696794431918,5050
"[{'Z'}, {'M'}, {'W'}, {'M'}, {'Y'}]",0.22381332443639657,21,0.8846153846153846,0.9020696794431918,5050
"[{'T'}, {'M'}, {'Z'}, {'W'}, {'M'}]",0.22374397707376503,32,0.8866396761133604,0.9020696794431918,5050
"[{'Y'}, {'V'}, {'V'}, {'O'}, {'X'}]",0.2236928388776045,24,0.8857142857142857,0.9020696794431918,5050
"[{'U'}, {'N'}, {'M'}, {'U'}, {'Y'}]",0.2236928388776045,24,0.8857142857142857,0.9020696794431918,5050
"[{'M'}, {'U'}, {'N'}, {'T'}, {'Z'}]",0.2236928388776045,24,0.8857142857142857,0.9020696794431918,5050
"[{'U'}, {'N'}, {'N'}, {'P'}, {'V'}]",0.223652472277865,27,0.8863636363636364,0.9020696794431918,5050
"[{'P'}, {'O'}, {'X'}, {'U'}, {'Z'}]",0.223652472277865,27,0.8863636363636364,0.9020696794431918,5050
"[{'N'}, {'O'}, {'W'}, {'Z'}, {'M'}]",0.22359398873645442,20,0.8854166666666666,0.9020696794431918,5050
"[{'X'}, {'Z'}, {'W'}, {'V'}, {'Y'}]",0.22359398873645442,20,0.8854166666666666,0.9020696794431918,5050
"[{'M'}, {'N'}, {'M'}, {'P'}, {'U'}]",0.22349969968061323,28,0.8871794871794871,0.9020696794431918,5050
"[{'U'}, {'Y'}, {'U'}, {'Y'}, {'W'}]",0.22335646812148557,26,0.8875739644970414,0.9020696794431918,5050
"[{'Z'}, {'O'}, {'V'}, {'X'}, {'X'}]",0.22311908709468953,27,0.8888888888888888,0.9020696794431918,5050
"[{'T'}, {'X'}, {'T'}, {'U'}, {'X'}]",0.22304643527678947,24,0.8888888888888888,0.9020696794431918,5050
"[{'Y'}, {'Z'}, {'V'}, {'T'}, {'U'}]",0.22304643527678947,24,0.8888888888888888,0.9020696794431918,5050
"[{'W'}, {'M'}, {'P'}, {'V'}, {'T'}]",0.22302121801763208,23,0.888888888888889,0.9020696794431918,5050
"[{'Y'}, {'V'}, {'P'}, {'T'}, {'Y'}]",0.22302121801763208,23,0.8888888888888888,0.9020696794431918,5050
"[{'O'}, {'X'}, {'P'}, {'U'}, {'W'}]",0.22296908196595455,21,0.888888888888889,0.9020696794431918,5050
"[{'P'}, {'X'}, {'Z'}, {'M'}, {'T'}]",0.22296908196595455,21,0.8888888888888888,0.9020696794431918,5050
"[{'Y'}, {'Y'}, {'W'}, {'V'}, {'Z'}]",0.22296908196595455,21,0.888888888888889,0.9020696794431918,5050
"[{'U'}, {'N'}, {'Y'}, {'X'}, {'X'}]",0.22296908196595455,21,0.8888888888888887,0.9020696794431918,5050
"[{'X'}, {'W'}, {'V'}, {'O'}, {'T'}]",0.22296908196595455,21,0.888888888888889,0.9020696794431918,5050
"[{'O'}, {'T'}, {'Z'}, {'O'}, {'M'}]",0.22296908196595455,21,0.888888888888889,0.9020696794431918,5050
"[{'O'}, {'U'}, {'P'}, {'T'}, {'P'}]",0.22294208203805588,20,0.8888888888888888,0.9020696794431918,5050
"[{'W'}, {'P'}, {'T'}, {'U'}, {'V'}]",0.22294208203805588,20,0.8888888888888888,0.9020696794431918,5050
"[{'P'}, {'Z'}, {'T'}, {'P'}, {'V'}]",0.22294097154742276,25,0.8896103896103896,0.9020696794431918,5050
"[{'T'}, {'Y'}, {'O'}, {'P'}, {'N'}]",0.22292429329779362,25,0.8897058823529411,0.9020696794431918,5050
"[{'X'}, {'M'}, {'X'}, {'O'}, {'O'}]",0.22292429329779362,25,0.8897058823529411,0.9020696794431918,5050
"[{'O'}, {'W'}, {'W'}, {'M'}, {'X'}]",0.22289463297442635,27,0.8901098901098901,0.9020696794431918,5050
"[{'T'}, {'X'}, {'V'}, {'U'}, {'Y'}]",0.22289463297442635,27,0.8901098901098901,0.9020696794431918,5050
"[{'W'}, {'V'}, {'Z'}, {'Y'}, {'M'}]",0.22286729788761406,29,0.8904761904761905,0.9020696794431918,5050
"[{'O'}, {'T'}, {'M'}, {'X'}, {'N'}]",0.22284335194138738,33,0.8909774436090225,0.9020696794431918,5050
"[{'W'}, {'N'}, {'P'}, {'Z'}, {'W'}]",0.22276552043406272,20,0.89,0.9020696794431918,5050
"[{'U'}, {'O'}, {'P'}, {'V'}, {'Z'}]",0.22275170688354085,24,0.890625,0.9020696794431918,5050
"[{'W'}, {'U'}, {'W'}, {'X'}, {'W'}]",0.22275170688354085,24,0.890625,0.9020696794431918,5050
"[{'N'}, {'U'}, {'V'}, {'V'}, {'U'}]",0.22274890268921876,20,0.8901098901098901,0.9020696794431918,5050
"[{'Y'}, {'V'}, {'V'}, {'Z'}, {'O'}]",0.22274249781370237,26,0.8909090909090909,0.9020696794431918,5050
"[{'V'}, {'Z'}, {'P'}, {'T'}, {'O'}]",0.222725743649813,30,0.8914027149321266,0.9020696794431918,5050
"[{'P'}, {'W'}, {'Y'}, {'N'}, {'X'}]",0.22270693306186762,25,0.891025641025641,0.9020696794431918,5050
"[{'P'}, {'O'}, {'V'}, {'X'}, {'W'}]",0.22270693306186762,25,0.891025641025641,0.9020696794431918,5050
"[{'W'}, {'Z'}, {'M'}, {'Y'}, {'W'}]",0.22267303305585662,20,0.890625,0.9020696794431918,5050
"[{'X'}, {'V'}, {'W'}, {'M'}, {'V'}]",0.22265197634566192,21,0.8909090909090909,0.9020696794431918,5050
"[{'W'}, {'U'}, {'V'}, {'Z'}, {'V'}]",0.22265197634566192,21,0.8909090909090909,0.9020696794431918,5050
"[{'N'}, {'T'}, {'O'}, {'V'}, {'O'}]",0.2225791087969229,23,0.8916666666666667,0.9020696794431918,5050
"[{'W'}, {'Z'}, {'V'}, {'M'}, {'U'}]",0.2225630549863863,22,0.8916666666666666,0.9020696794431918,5050
"[{'O'}, {'Y'}, {'V'}, {'V'}, {'O'}]",0.2225630549863863,22,0.8916666666666667,0.9020696794431918,5050
