pattern,quality,support,pattern_auc,global_auc,dataset_size
"[{'A'}, {'B'}, {'C'}]",1.0321860574906883,50,0.6496,0.9020696794431918,5050
"[{'T'}, {'X'}, {'W'}, {'X'}, {'Y'}]",0.9710151592029853,21,0.5612244897959184,0.9020696794431918,5050
"[{'P'}, {'V'}, {'P'}, {'U'}, {'W'}]",0.7352472912788236,25,0.6319444444444444,0.9020696794431918,5050
"[{'V'}, {'T'}, {'Z'}, {'U'}, {'W'}]",0.6693170749578847,20,0.6354166666666666,0.9020696794431918,5050
"[{'Z'}, {'P'}, {'W'}, {'U'}, {'N'}]",0.6505560431161377,21,0.6442307692307692,0.9020696794431918,5050
"[{'V'}, {'O'}, {'M'}, {'Y'}, {'X'}]",0.6412279328440851,22,0.65,0.9020696794431918,5050
"[{'O'}, {'M'}, {'P'}, {'O'}, {'P'}]",0.6067460349037599,20,0.6547619047619048,0.9020696794431918,5050
"[{'X'}, {'W'}, {'V'}, {'M'}, {'P'}]",0.6019448987243697,30,0.6799999999999999,0.9020696794431918,5050
"[{'M'}, {'M'}, {'N'}, {'P'}, {'X'}]",0.596128306550164,27,0.6758241758241759,0.9020696794431918,5050
"[{'M'}, {'V'}, {'U'}, {'W'}, {'Z'}]",0.5958234841486626,23,0.6666666666666667,0.9020696794431918,5050
"[{'M'}, {'X'}, {'U'}, {'P'}, {'Y'}]",0.588453286394921,21,0.6636363636363636,0.9020696794431918,5050
"[{'Y'}, {'Z'}, {'M'}, {'T'}, {'V'}]",0.5859003109812204,24,0.6722689075630253,0.9020696794431918,5050
"[{'P'}, {'W'}, {'T'}, {'O'}, {'Y'}]",0.5615258018164682,22,0.6752136752136753,0.9020696794431918,5050
"[{'M'}, {'U'}, {'T'}, {'V'}, {'W'}]",0.561030666029268,21,0.6727272727272727,0.9020696794431918,5050
"[{'T'}, {'O'}, {'V'}, {'P'}, {'M'}]",0.5586069233957529,22,0.6761904761904762,0.9020696794431918,5050
"[{'M'}, {'Z'}, {'N'}, {'W'}, {'P'}]",0.5516354601805284,21,0.6759259259259258,0.9020696794431918,5050
"[{'T'}, {'Y'}]",0.5488308589302482,1583,0.8805399296354709,0.9020696794431918,5050
"[{'N'}, {'M'}, {'O'}, {'T'}]",0.5459983703195297,128,0.7780257936507936,0.9020696794431918,5050
"[{'M'}, {'U'}, {'M'}, {'P'}, {'Z'}]",0.5435774244408262,27,0.6923076923076924,0.9020696794431918,5050
"[{'X'}, {'M'}, {'V'}, {'V'}]",0.5418213611976275,129,0.7793269230769231,0.9020696794431918,5050
"[{'O'}, {'M'}, {'O'}, {'V'}, {'O'}]",0.5412961902742233,20,0.6767676767676767,0.9020696794431918,5050
"[{'M'}, {'T'}]",0.5338162827774544,1616,0.8881646381508282,0.9020696794431918,5050
"[{'M'}, {'U'}]",0.5336285067823832,1543,0.8881242858103112,0.9020696794431918,5050
"[{'P'}, {'M'}]",0.5305074598124562,1481,0.8902007988181868,0.9020696794431918,5050
"[{'P'}, {'T'}]",0.5300044307460505,1575,0.8907739045462901,0.9020696794431918,5050
"[{'T'}, {'P'}]",0.5297057997166654,1556,0.8909795368741067,0.9020696794431918,5050
"[{'M'}, {'U'}, {'P'}, {'M'}, {'N'}]",0.5070068952644964,22,0.6942148760330579,0.9020696794431918,5050
"[{'M'}, {'Z'}, {'M'}, {'V'}]",0.5044169031081648,102,0.7824412783981517,0.9020696794431918,5050
"[{'X'}, {'U'}, {'N'}, {'X'}, {'Y'}]",0.5013556722280785,21,0.6938775510204082,0.9020696794431918,5050
"[{'O'}, {'M'}, {'N'}, {'M'}, {'P'}]",0.4974115147174303,23,0.7,0.9020696794431918,5050
"[{'T'}, {'V'}, {'P'}, {'Y'}]",0.4953698583612387,106,0.7862513426423201,0.9020696794431918,5050
"[{'M'}, {'Y'}, {'P'}, {'Y'}]",0.4809309510613776,104,0.7901049475262368,0.9020696794431918,5050
"[{'T'}, {'Z'}, {'U'}, {'Y'}, {'W'}]",0.4788123530451036,20,0.7000000000000001,0.9020696794431918,5050
"[{'U'}, {'V'}, {'T'}, {'O'}, {'P'}]",0.4695840305964827,22,0.7083333333333334,0.9020696794431918,5050
"[{'T'}, {'N'}, {'M'}, {'P'}, {'Z'}]",0.4649442622468658,24,0.7142857142857143,0.9020696794431918,5050
"[{'M'}, {'U'}, {'W'}]",0.4613624398352677,515,0.8575048262548263,0.9020696794431918,5050
"[{'T'}, {'V'}, {'P'}, {'Z'}]",0.447400545027844,119,0.8044217687074829,0.9020696794431918,5050
"[{'U'}, {'M'}, {'N'}]",0.44621000120337106,481,0.8625216188170184,0.9020696794431918,5050
"[{'N'}, {'M'}, {'T'}]",0.44396531564186903,509,0.8639945186707777,0.9020696794431918,5050
"[{'T'}, {'U'}, {'Y'}, {'X'}]",0.43889059121954943,138,0.8107481559536354,0.9020696794431918,5050
"[{'T'}, {'V'}, {'P'}]",0.4364007282672754,488,0.8668952880461277,0.9020696794431918,5050
"[{'M'}, {'P'}, {'Y'}, {'N'}, {'V'}]",0.4356514494866185,28,0.7326203208556149,0.9020696794431918,5050
"[{'M'}, {'T'}, {'U'}]",0.4335541194954716,517,0.8687069739598923,0.9020696794431918,5050
"[{'W'}, {'P'}, {'Y'}]",0.4334207170090094,464,0.8678568107856811,0.9020696794431918,5050
"[{'M'}, {'V'}, {'U'}]",0.4331723568458784,496,0.8685404772361294,0.9020696794431918,5050
"[{'U'}, {'V'}, {'M'}, {'Y'}, {'T'}]",0.4329141821213158,21,0.7211538461538461,0.9020696794431918,5050
"[{'T'}, {'Y'}, {'X'}]",0.43216915186093297,496,0.8690212793648728,0.9020696794431918,5050
"[{'V'}, {'P'}, {'Y'}]",0.4320051132823044,485,0.8689151954281048,0.9020696794431918,5050
"[{'M'}, {'U'}, {'Y'}]",0.43066554944095525,493,0.8697062504116446,0.9020696794431918,5050
"[{'T'}, {'U'}, {'Y'}]",0.4305473704007081,519,0.8701771595030021,0.9020696794431918,5050
"[{'T'}, {'Z'}, {'X'}, {'M'}, {'V'}]",0.43046328450758375,20,0.72,0.9020696794431918,5050
"[{'P'}, {'M'}, {'T'}]",0.42955562629166566,480,0.8700465795328143,0.9020696794431918,5050
"[{'P'}, {'T'}, {'W'}]",0.4293667341163502,512,0.8706533877950648,0.9020696794431918,5050
"[{'T'}, {'Y'}, {'W'}, {'P'}, {'Z'}]",0.42936405479670037,24,0.7285714285714286,0.9020696794431918,5050
"[{'X'}, {'M'}, {'V'}]",0.4284164043964097,529,0.8713836477987421,0.9020696794431918,5050
"[{'U'}, {'V'}, {'P'}]",0.42806135245990984,509,0.8712675621429673,0.9020696794431918,5050
"[{'M'}, {'O'}, {'U'}]",0.4277041392594304,502,0.8713445645263828,0.9020696794431918,5050
"[{'M'}, {'T'}, {'V'}]",0.4272994522520489,518,0.8717925766797948,0.9020696794431918,5050
"[{'V'}, {'U'}, {'Y'}]",0.4272539216426702,503,0.8715929931069373,0.9020696794431918,5050
"[{'N'}, {'T'}, {'Y'}]",0.42655885536609484,536,0.8724310776942356,0.9020696794431918,5050
"[{'T'}, {'M'}, {'Y'}]",0.42636110801603,489,0.8718481759656652,0.9020696794431918,5050
"[{'W'}, {'N'}, {'M'}, {'M'}, {'O'}]",0.4253119285233955,22,0.7264957264957265,0.9020696794431918,5050
"[{'M'}, {'P'}, {'Y'}]",0.42519046740994837,499,0.8726265060240963,0.9020696794431918,5050
"[{'V'}, {'X'}, {'P'}]",0.424888727551777,516,0.8730341679430988,0.9020696794431918,5050
"[{'X'}, {'P'}, {'Z'}]",0.4242577989980758,536,0.8736475666643457,0.9020696794431918,5050
"[{'M'}, {'U'}, {'T'}]",0.4241674982793193,516,0.8734253420224855,0.9020696794431918,5050
"[{'P'}, {'U'}, {'M'}, {'N'}, {'T'}]",0.4240353455555317,21,0.725,0.9020696794431918,5050
"[{'V'}, {'P'}, {'U'}]",0.42341519590298327,476,0.8732638888888888,0.9020696794431918,5050
"[{'M'}, {'T'}, {'Y'}]",0.422857813669979,501,0.8739430103066467,0.9020696794431918,5050
"[{'N'}, {'P'}, {'T'}]",0.42264581303600157,509,0.8741736175471115,0.9020696794431918,5050
"[{'N'}, {'X'}, {'M'}]",0.4226018253140513,481,0.8738014174541413,0.9020696794431918,5050
"[{'N'}, {'O'}, {'T'}, {'X'}, {'W'}]",0.4223697353692284,28,0.7379679144385027,0.9020696794431918,5050
"[{'X'}, {'P'}, {'M'}]",0.4223135436512597,500,0.8742379878078049,0.9020696794431918,5050
"[{'P'}, {'M'}, {'X'}]",0.4219436756290039,454,0.8737754626030168,0.9020696794431918,5050
"[{'X'}, {'V'}, {'P'}]",0.4219416941834532,525,0.87478594026645,0.9020696794431918,5050
"[{'T'}, {'V'}, {'Y'}]",0.42189395882073233,511,0.8746282841288819,0.9020696794431918,5050
"[{'M'}, {'T'}, {'P'}]",0.42187533762850526,478,0.8741772996121242,0.9020696794431918,5050
"[{'V'}, {'Y'}, {'U'}]",0.4218644133931716,464,0.8739756573446067,0.9020696794431918,5050
"[{'X'}, {'U'}, {'X'}]",0.4212740998919903,537,0.875319622012229,0.9020696794431918,5050
"[{'W'}, {'M'}, {'Y'}]",0.42125596422470035,473,0.8744680851063829,0.9020696794431918,5050
"[{'X'}, {'P'}, {'Y'}]",0.4210847352255409,511,0.8750957854406132,0.9020696794431918,5050
"[{'T'}, {'P'}, {'Y'}]",0.4210712530043188,478,0.8746498108978848,0.9020696794431918,5050
"[{'Z'}, {'M'}, {'V'}]",0.42106224151112004,512,0.8751220703125,0.9020696794431918,5050
"[{'P'}, {'M'}, {'V'}]",0.42097499324628496,498,0.8749858873243979,0.9020696794431918,5050
"[{'M'}, {'M'}, {'U'}]",0.420802895124225,494,0.8750327954873409,0.9020696794431918,5050
"[{'M'}, {'O'}, {'T'}]",0.4207188330951289,510,0.8752967462644882,0.9020696794431918,5050
"[{'M'}, {'U'}, {'Z'}]",0.4197788265933756,482,0.8754822929585228,0.9020696794431918,5050
"[{'T'}, {'Y'}, {'P'}]",0.4194991714606383,488,0.8757346483820847,0.9020696794431918,5050
"[{'O'}, {'Z'}, {'U'}]",0.4192664921459691,463,0.8755305164319249,0.9020696794431918,5050
"[{'U'}, {'Z'}, {'M'}, {'V'}]",0.4184615064960826,118,0.8144211433496121,0.9020696794431918,5050
"[{'Z'}, {'Z'}, {'Y'}, {'Y'}, {'W'}]",0.41836255233213604,31,0.7436974789915967,0.9020696794431918,5050
"[{'T'}, {'T'}, {'T'}]",0.41789928457147685,493,0.8767951251646905,0.9020696794431918,5050
"[{'V'}, {'Y'}, {'T'}]",0.4178049582257186,480,0.8766859010011124,0.9020696794431918,5050
"[{'P'}, {'M'}, {'W'}]",0.41770039863099495,480,0.8767527931747494,0.9020696794431918,5050
"[{'W'}, {'V'}, {'M'}, {'P'}]",0.4175699293547336,109,0.8130053908355794,0.9020696794431918,5050
"[{'N'}, {'M'}, {'Y'}]",0.41729409681596275,509,0.8773791867507107,0.9020696794431918,5050
"[{'V'}, {'P'}, {'Z'}]",0.41718205538396,502,0.8773653797307595,0.9020696794431918,5050
"[{'M'}, {'O'}, {'X'}]",0.4171148344334623,504,0.8774330708661418,0.9020696794431918,5050
"[{'M'}, {'N'}, {'M'}, {'T'}, {'O'}]",0.41709865057945117,36,0.75,0.9020696794431918,5050
"[{'W'}, {'N'}, {'T'}]",0.41667737632858726,492,0.8775685639185995,0.9020696794431918,5050
"[{'T'}, {'N'}, {'Y'}]",0.4164086399467588,518,0.878056052474657,0.9020696794431918,5050
"[{'X'}, {'M'}, {'U'}]",0.41630353697280087,507,0.8779956427015251,0.9020696794431918,5050
"[{'O'}, {'T'}, {'W'}]",0.4159473805526186,540,0.8786031118252104,0.9020696794431918,5050
"[{'U'}, {'M'}, {'V'}]",0.41583229966604085,512,0.8783647683574436,0.9020696794431918,5050
"[{'T'}, {'X'}, {'V'}]",0.41578382624753263,471,0.8778977395825811,0.9020696794431918,5050
"[{'T'}, {'O'}, {'Y'}]",0.41577745242526765,511,0.8783895578637743,0.9020696794431918,5050
"[{'V'}, {'Z'}, {'U'}]",0.41565664649220113,502,0.8783648099450155,0.9020696794431918,5050
"[{'U'}, {'X'}, {'N'}]",0.41503185288772315,509,0.8788670148654079,0.9020696794431918,5050
"[{'X'}, {'V'}, {'Y'}]",0.4150102176848355,529,0.8791040503792759,0.9020696794431918,5050
"[{'T'}, {'Y'}, {'W'}]",0.4147999814303712,503,0.8789565217391304,0.9020696794431918,5050
"[{'M'}, {'M'}, {'V'}]",0.4147673597217887,478,0.8786827207879839,0.9020696794431918,5050
"[{'T'}, {'Z'}, {'Y'}]",0.41450646017546533,518,0.8793262919202768,0.9020696794431918,5050
"[{'M'}, {'U'}, {'P'}, {'M'}]",0.4143500510120186,112,0.814838503357851,0.9020696794431918,5050
"[{'W'}, {'V'}, {'Y'}]",0.41419509520104847,507,0.8794198207171313,0.9020696794431918,5050
"[{'X'}, {'M'}, {'X'}]",0.41405792259174723,528,0.8797432754020337,0.9020696794431918,5050
"[{'X'}, {'T'}, {'Y'}]",0.4139082279365972,485,0.8793702127659574,0.9020696794431918,5050
"[{'N'}, {'M'}, {'X'}]",0.4138315833320152,505,0.8796523710561118,0.9020696794431918,5050
"[{'M'}, {'X'}, {'Y'}]",0.41379433802300825,513,0.8797664659733626,0.9020696794431918,5050
"[{'N'}, {'M'}, {'V'}]",0.41374223227137563,525,0.8799314889540454,0.9020696794431918,5050
"[{'V'}, {'T'}, {'P'}]",0.4137267888375902,498,0.8796483020085505,0.9020696794431918,5050
"[{'M'}, {'U'}, {'P'}]",0.41305718822433657,505,0.8802053891087244,0.9020696794431918,5050
"[{'U'}, {'N'}, {'T'}]",0.41292381551421087,512,0.8803768382352941,0.9020696794431918,5050
"[{'X'}, {'O'}, {'Z'}]",0.41280131448659874,527,0.8806210929622907,0.9020696794431918,5050
"[{'M'}, {'V'}, {'P'}]",0.4126105697894057,529,0.8807793545433737,0.9020696794431918,5050
"[{'M'}, {'U'}, {'Y'}, {'O'}]",0.4124718736513706,113,0.8157564344005022,0.9020696794431918,5050
"[{'W'}, {'P'}, {'M'}]",0.4124053552015505,452,0.8800808223477715,0.9020696794431918,5050
"[{'M'}, {'O'}, {'W'}]",0.4123894377214047,479,0.8804093873138753,0.9020696794431918,5050
"[{'T'}, {'T'}, {'Y'}]",0.4123834168329411,472,0.8803340517241379,0.9020696794431918,5050
"[{'X'}, {'M'}, {'Y'}]",0.4123349481975286,504,0.8807235011383759,0.9020696794431918,5050
"[{'T'}, {'Y'}, {'N'}]",0.4121075519986003,482,0.8806551586820646,0.9020696794431918,5050
"[{'T'}, {'M'}, {'X'}]",0.411823646938833,503,0.8810956200662082,0.9020696794431918,5050
"[{'W'}, {'X'}, {'Y'}]",0.4116881592145125,526,0.8814302091042329,0.9020696794431918,5050
"[{'T'}, {'Y'}, {'O'}]",0.4116487394924988,485,0.8810374149659863,0.9020696794431918,5050
"[{'T'}, {'T'}, {'N'}]",0.4116341228699357,484,0.881037780966045,0.9020696794431918,5050
"[{'V'}, {'P'}, {'M'}]",0.4116334627800545,487,0.881070752164502,0.9020696794431918,5050
"[{'Z'}, {'M'}, {'U'}]",0.4116183241089443,460,0.8807809523809524,0.9020696794431918,5050
"[{'T'}, {'P'}, {'P'}]",0.41122804109944,477,0.8812763713080168,0.9020696794431918,5050
"[{'T'}, {'W'}, {'V'}, {'P'}]",0.4111317277354012,106,0.8148943788041533,0.9020696794431918,5050
"[{'M'}, {'T'}, {'Z'}]",0.41105060259337844,499,0.8816471800818114,0.9020696794431918,5050
"[{'Z'}, {'V'}, {'P'}]",0.4110404277751021,523,0.8818934495772506,0.9020696794431918,5050
"[{'X'}, {'M'}, {'V'}, {'T'}]",0.41101949057310905,120,0.8175995544416597,0.9020696794431918,5050
"[{'O'}, {'O'}, {'O'}]",0.4109306482881738,523,0.8819781642682677,0.9020696794431918,5050
"[{'P'}, {'M'}, {'P'}]",0.4105812165684576,449,0.88147971739303,0.9020696794431918,5050
"[{'U'}, {'P'}, {'Y'}]",0.41057403551314475,527,0.8822935594589136,0.9020696794431918,5050
"[{'M'}, {'Y'}, {'Y'}]",0.4105714988623923,476,0.8817859223558074,0.9020696794431918,5050
"[{'W'}, {'Z'}, {'Z'}, {'T'}, {'V'}]",0.4105613383180604,23,0.7348484848484849,0.9020696794431918,5050
"[{'U'}, {'P'}, {'N'}]",0.4104875877186247,486,0.8819582125972244,0.9020696794431918,5050
"[{'M'}, {'W'}, {'T'}]",0.4104296280510654,498,0.8821266968325792,0.9020696794431918,5050
"[{'T'}, {'N'}, {'P'}]",0.41039942379263195,489,0.8820598006644519,0.9020696794431918,5050
"[{'Z'}, {'T'}, {'Y'}]",0.4102946023793712,512,0.882371794871795,0.9020696794431918,5050
"[{'T'}, {'P'}, {'Z'}]",0.41013684956197705,501,0.8823914014160873,0.9020696794431918,5050
"[{'X'}, {'V'}, {'V'}]",0.41003941915670883,513,0.8825857921500563,0.9020696794431918,5050
"[{'Y'}, {'O'}, {'U'}, {'T'}]",0.4099942577526451,117,0.8174603174603174,0.9020696794431918,5050
"[{'Z'}, {'X'}, {'V'}]",0.4099865011182906,506,0.8825615548056492,0.9020696794431918,5050
"[{'M'}, {'Z'}, {'M'}, {'U'}, {'T'}]",0.4099858430846792,20,0.7291666666666667,0.9020696794431918,5050
"[{'P'}, {'X'}, {'Z'}]",0.40998393050960313,498,0.8824857663586072,0.9020696794431918,5050
"[{'M'}, {'T'}, {'W'}]",0.4099358550733355,524,0.8827719829846745,0.9020696794431918,5050
"[{'Y'}, {'O'}, {'Z'}, {'U'}]",0.4099024027881919,93,0.8125,0.9020696794431918,5050
"[{'N'}, {'P'}, {'X'}]",0.409799657799633,484,0.8824971288503403,0.9020696794431918,5050
"[{'V'}, {'X'}, {'U'}]",0.4097921128451226,516,0.8828140309621791,0.9020696794431918,5050
"[{'X'}, {'W'}, {'P'}, {'M'}, {'Z'}]",0.40977304575621976,22,0.7333333333333334,0.9020696794431918,5050
"[{'P'}, {'T'}, {'Z'}]",0.4096824880626103,480,0.8825536062378168,0.9020696794431918,5050
"[{'V'}, {'M'}, {'Z'}]",0.4094870670352009,503,0.8829418130888719,0.9020696794431918,5050
"[{'W'}, {'W'}, {'M'}]",0.4094157963535394,518,0.8831405057251909,0.9020696794431918,5050
"[{'U'}, {'V'}, {'N'}]",0.4094049080239197,496,0.8829430894308943,0.9020696794431918,5050
"[{'V'}, {'T'}, {'Y'}]",0.40938056013621216,489,0.8828953974895398,0.9020696794431918,5050
"[{'V'}, {'V'}, {'V'}]",0.4093568404545308,508,0.8830969541966985,0.9020696794431918,5050
"[{'M'}, {'T'}, {'N'}]",0.40925898129978044,487,0.8829780010863661,0.9020696794431918,5050
"[{'T'}, {'P'}, {'M'}]",0.4092376017162359,466,0.8827846934071,0.9020696794431918,5050
"[{'T'}, {'P'}, {'T'}]",0.4092296353983629,487,0.8830027659718007,0.9020696794431918,5050
"[{'N'}, {'M'}, {'O'}]",0.4091720771184497,484,0.8830220306513409,0.9020696794431918,5050
"[{'N'}, {'X'}, {'X'}]",0.40906358952971655,519,0.8834422334422335,0.9020696794431918,5050
"[{'X'}, {'N'}, {'Z'}]",0.4089427322228505,533,0.8836665727963955,0.9020696794431918,5050
"[{'M'}, {'X'}, {'U'}]",0.40882017926191894,502,0.883493141986284,0.9020696794431918,5050
"[{'M'}, {'U'}, {'M'}]",0.4088194577545333,475,0.8832352315438621,0.9020696794431918,5050
"[{'Z'}, {'P'}, {'P'}]",0.40870794686603973,509,0.883653070093748,0.9020696794431918,5050
"[{'U'}, {'P'}, {'M'}]",0.4086918359145437,478,0.8833754740834387,0.9020696794431918,5050
"[{'T'}, {'Z'}, {'V'}]",0.4086414022231116,511,0.8837280553938539,0.9020696794431918,5050
"[{'T'}, {'Z'}, {'X'}]",0.4085545765481461,524,0.8839169814623047,0.9020696794431918,5050
"[{'X'}, {'X'}, {'P'}]",0.4085180261883319,504,0.8837711010330058,0.9020696794431918,5050
"[{'V'}, {'P'}, {'X'}]",0.40843380899389525,516,0.8839509884988348,0.9020696794431918,5050
"[{'U'}, {'W'}, {'N'}]",0.4079849300008329,507,0.8842645914396887,0.9020696794431918,5050
"[{'P'}, {'O'}, {'Z'}]",0.40793906840924754,490,0.8841531698674555,0.9020696794431918,5050
"[{'V'}, {'U'}, {'U'}]",0.40779518319401187,499,0.8843632958801498,0.9020696794431918,5050
"[{'T'}, {'M'}, {'U'}]",0.40768529479377735,475,0.8842439734441013,0.9020696794431918,5050
"[{'W'}, {'P'}, {'T'}]",0.4076407456255827,500,0.8845113696372277,0.9020696794431918,5050
"[{'X'}, {'P'}, {'W'}]",0.40755462049206626,527,0.8848178137651821,0.9020696794431918,5050
"[{'T'}, {'Y'}, {'Y'}]",0.40750832103463097,498,0.8846141437604852,0.9020696794431918,5050
"[{'O'}, {'P'}, {'W'}]",0.40740923627172243,517,0.884866548842225,0.9020696794431918,5050
"[{'N'}, {'X'}, {'P'}]",0.40739485877641735,528,0.8849698535745048,0.9020696794431918,5050
"[{'M'}, {'W'}, {'P'}]",0.40734440867403054,500,0.8847816342213114,0.9020696794431918,5050
"[{'W'}, {'W'}, {'Y'}]",0.4072606528486976,514,0.8849772014603183,0.9020696794431918,5050
"[{'T'}, {'P'}, {'N'}]",0.407227986066224,478,0.884694614152156,0.9020696794431918,5050
"[{'W'}, {'W'}, {'U'}]",0.40699171033256054,498,0.8850919102761358,0.9020696794431918,5050
"[{'W'}, {'N'}, {'Y'}]",0.4069845643450474,503,0.8851409460105112,0.9020696794431918,5050
"[{'X'}, {'U'}, {'Y'}]",0.4069777327013868,524,0.8853194962686567,0.9020696794431918,5050
"[{'W'}, {'N'}, {'W'}]",0.4069624405443055,494,0.8850851737084584,0.9020696794431918,5050
"[{'T'}, {'Z'}, {'W'}]",0.40689398336849025,544,0.8855526839235213,0.9020696794431918,5050
"[{'T'}, {'O'}, {'W'}]",0.40688050924672026,484,0.8850758043493174,0.9020696794431918,5050
"[{'W'}, {'N'}, {'P'}]",0.4068676628947291,506,0.8852756892230577,0.9020696794431918,5050
"[{'P'}, {'M'}, {'N'}]",0.4068555336205806,492,0.8851689663719738,0.9020696794431918,5050
"[{'M'}, {'T'}, {'M'}]",0.40683325714595964,499,0.8852496046984414,0.9020696794431918,5050
"[{'W'}, {'T'}, {'Y'}]",0.40681193422788153,515,0.885401814155265,0.9020696794431918,5050
"[{'T'}, {'N'}, {'N'}]",0.4068108045412673,493,0.8852199703410775,0.9020696794431918,5050
"[{'U'}, {'O'}, {'O'}]",0.4067924862035298,494,0.8852459016393442,0.9020696794431918,5050
"[{'P'}, {'T'}, {'P'}]",0.4066823677169692,452,0.8849753308794737,0.9020696794431918,5050
"[{'P'}, {'X'}, {'V'}]",0.40657833126347664,491,0.885425316371608,0.9020696794431918,5050
"[{'M'}, {'P'}, {'Z'}]",0.4065201281772195,537,0.8858487422955188,0.9020696794431918,5050
"[{'M'}, {'O'}, {'Z'}]",0.4065019764611425,484,0.8854394477856752,0.9020696794431918,5050
"[{'X'}, {'X'}, {'Y'}]",0.40646812376385033,490,0.8855234001432832,0.9020696794431918,5050
"[{'N'}, {'X'}, {'V'}]",0.40642344740754077,499,0.8856417181069959,0.9020696794431918,5050
"[{'X'}, {'V'}, {'X'}]",0.4064023356761448,543,0.8860051581376409,0.9020696794431918,5050
"[{'M'}, {'U'}, {'X'}]",0.4063926064444977,529,0.8859092079292886,0.9020696794431918,5050
"[{'P'}, {'X'}, {'Y'}]",0.40638959188668,500,0.8856827347801036,0.9020696794431918,5050
"[{'M'}, {'T'}, {'T'}]",0.40631608757569737,509,0.8858267716535434,0.9020696794431918,5050
"[{'M'}, {'P'}, {'V'}]",0.40623037576622856,516,0.8859651774378816,0.9020696794431918,5050
"[{'X'}, {'N'}, {'T'}]",0.406151268617559,503,0.8859396281397485,0.9020696794431918,5050
"[{'T'}, {'Y'}, {'T'}]",0.40614126427543984,500,0.8859253311922923,0.9020696794431918,5050
"[{'T'}, {'Y'}, {'U'}]",0.4060964891740635,502,0.885985521971044,0.9020696794431918,5050
"[{'U'}, {'Y'}, {'O'}]",0.4060813731944203,496,0.885952055240701,0.9020696794431918,5050
"[{'M'}, {'P'}, {'T'}]",0.4060619525832032,531,0.8862433862433863,0.9020696794431918,5050
"[{'V'}, {'V'}, {'U'}]",0.4059851456459833,481,0.8859241126070991,0.9020696794431918,5050
"[{'Z'}, {'T'}, {'W'}]",0.4059726775070569,528,0.8863082974339763,0.9020696794431918,5050
"[{'W'}, {'X'}, {'V'}]",0.4059610845551651,489,0.8860146190987124,0.9020696794431918,5050
"[{'T'}, {'O'}, {'U'}]",0.4059582693050203,482,0.8859594706368901,0.9020696794431918,5050
"[{'W'}, {'P'}, {'V'}]",0.40595560151744947,512,0.8862034701521058,0.9020696794431918,5050
"[{'W'}, {'M'}, {'T'}]",0.4059253455703494,492,0.8860749024019057,0.9020696794431918,5050
"[{'M'}, {'V'}, {'Y'}]",0.4059218856484794,510,0.8862213746328109,0.9020696794431918,5050
"[{'U'}, {'M'}, {'P'}]",0.4058025961346289,491,0.8861902382142262,0.9020696794431918,5050
"[{'T'}, {'P'}, {'X'}]",0.40577646197980977,511,0.8863740985115851,0.9020696794431918,5050
"[{'W'}, {'W'}, {'W'}]",0.40573810823941103,512,0.8864202055369768,0.9020696794431918,5050
"[{'U'}, {'Z'}, {'M'}]",0.4056805361998782,499,0.8863775100401605,0.9020696794431918,5050
"[{'U'}, {'N'}, {'O'}]",0.4056724120383606,509,0.8864633543443331,0.9020696794431918,5050
"[{'X'}, {'U'}, {'P'}]",0.40564150363723683,510,0.8865022172949002,0.9020696794431918,5050
"[{'O'}, {'O'}, {'T'}]",0.40563588355390756,549,0.8867919520093434,0.9020696794431918,5050
"[{'N'}, {'P'}, {'Y'}]",0.405541717804188,500,0.8865266393442623,0.9020696794431918,5050
"[{'U'}, {'Z'}, {'P'}]",0.405530263230643,480,0.8863790377230629,0.9020696794431918,5050
"[{'X'}, {'V'}, {'U'}]",0.4054988599320145,509,0.8866394885573983,0.9020696794431918,5050
"[{'O'}, {'P'}, {'M'}]",0.40545386608023914,466,0.8863422465814095,0.9020696794431918,5050
"[{'P'}, {'U'}, {'W'}]",0.40545212967881483,509,0.8866872586872586,0.9020696794431918,5050
"[{'M'}, {'T'}, {'X'}]",0.4054511762969979,518,0.8867554858934169,0.9020696794431918,5050
"[{'M'}, {'M'}, {'W'}]",0.4054307251549282,507,0.8866940630740013,0.9020696794431918,5050
"[{'T'}, {'Y'}, {'M'}]",0.4053687879646417,486,0.8865949699381827,0.9020696794431918,5050
"[{'W'}, {'W'}, {'T'}]",0.40535712352633047,542,0.8870230049832754,0.9020696794431918,5050
"[{'T'}, {'U'}, {'N'}]",0.4051887597922512,511,0.8869741199558445,0.9020696794431918,5050
"[{'V'}, {'P'}, {'P'}]",0.4051792624905389,494,0.886855868706245,0.9020696794431918,5050
"[{'Z'}, {'P'}, {'T'}]",0.4050548985593777,496,0.8870023419203747,0.9020696794431918,5050
"[{'X'}, {'W'}, {'W'}]",0.40504815521737114,519,0.8871791825095057,0.9020696794431918,5050
"[{'N'}, {'M'}, {'U'}]",0.4050478398842611,469,0.8867975995635571,0.9020696794431918,5050
"[{'T'}, {'U'}, {'W'}]",0.40504328463913475,525,0.8872269981412639,0.9020696794431918,5050
"[{'Z'}, {'V'}, {'U'}]",0.4049915006797469,493,0.8870468539066874,0.9020696794431918,5050
"[{'Y'}, {'X'}, {'M'}]",0.4049906526896211,489,0.8870171313402755,0.9020696794431918,5050
"[{'N'}, {'M'}, {'P'}]",0.4048918456410072,504,0.8872354497354497,0.9020696794431918,5050
"[{'U'}, {'Y'}, {'T'}]",0.4047612834999508,505,0.8873826903023985,0.9020696794431918,5050
"[{'N'}, {'P'}, {'W'}]",0.40476000763623166,515,0.8874558783600326,0.9020696794431918,5050
"[{'V'}, {'M'}, {'T'}]",0.40475176075837715,513,0.8874505025890953,0.9020696794431918,5050
"[{'W'}, {'P'}, {'Z'}]",0.40473513920855875,497,0.8873522267206477,0.9020696794431918,5050
"[{'N'}, {'P'}, {'P'}]",0.40472736972245915,493,0.887330897600474,0.9020696794431918,5050
"[{'Z'}, {'M'}, {'T'}]",0.40466118756264813,508,0.8875124192747144,0.9020696794431918,5050
"[{'V'}, {'V'}, {'P'}]",0.40466039374927365,495,0.887418633703728,0.9020696794431918,5050
"[{'X'}, {'V'}, {'T'}]",0.40463115019272844,509,0.8875521235521235,0.9020696794431918,5050
"[{'M'}, {'O'}, {'Y'}]",0.4045962902147846,498,0.8875106860009356,0.9020696794431918,5050
"[{'V'}, {'O'}, {'U'}]",0.4045379579564743,475,0.8874022526723582,0.9020696794431918,5050
"[{'T'}, {'W'}, {'P'}]",0.4044922064542956,493,0.8875884773662551,0.9020696794431918,5050
"[{'O'}, {'V'}, {'T'}]",0.4044833761978873,532,0.8878710771840542,0.9020696794431918,5050
"[{'M'}, {'P'}, {'N'}]",0.4044116385670399,526,0.8879090276166164,0.9020696794431918,5050
"[{'T'}, {'T'}, {'W'}]",0.40436013585985175,490,0.8877132764596106,0.9020696794431918,5050
"[{'P'}, {'M'}, {'U'}]",0.4043099433800408,478,0.8876805883898083,0.9020696794431918,5050
"[{'M'}, {'P'}, {'P'}]",0.40429396460116873,518,0.8879844961240311,0.9020696794431918,5050
"[{'M'}, {'N'}, {'P'}]",0.4042642061584868,536,0.8881370091896409,0.9020696794431918,5050
"[{'W'}, {'M'}, {'U'}]",0.40420883562123877,473,0.8877576671694318,0.9020696794431918,5050
"[{'P'}, {'X'}, {'U'}]",0.4041648122443633,493,0.8879549050632912,0.9020696794431918,5050
"[{'W'}, {'N'}, {'V'}]",0.404107252626983,498,0.8880557130131994,0.9020696794431918,5050
"[{'P'}, {'T'}, {'Y'}]",0.40405509436684084,465,0.8878738464959418,0.9020696794431918,5050
"[{'Z'}, {'T'}, {'V'}]",0.4040536322951047,539,0.8883900289216361,0.9020696794431918,5050
"[{'V'}, {'X'}, {'X'}]",0.4039951727982175,502,0.8882113821138211,0.9020696794431918,5050
"[{'P'}, {'O'}, {'T'}]",0.4039808227877957,534,0.888440011783024,0.9020696794431918,5050
"[{'W'}, {'X'}, {'P'}]",0.40398006537694775,511,0.8882900313248571,0.9020696794431918,5050
"[{'U'}, {'O'}, {'U'}]",0.40395750504039685,497,0.8882199379996737,0.9020696794431918,5050
"[{'Z'}, {'U'}, {'V'}]",0.403901100283118,505,0.8883399209486166,0.9020696794431918,5050
"[{'M'}, {'N'}, {'W'}]",0.40388832424312393,526,0.8884936300666637,0.9020696794431918,5050
"[{'X'}, {'N'}, {'M'}]",0.40385791954478356,489,0.8882791849299027,0.9020696794431918,5050
"[{'Z'}, {'P'}, {'X'}]",0.4038552449874899,507,0.8884063385324242,0.9020696794431918,5050
"[{'U'}, {'M'}, {'U'}]",0.4038015301460953,488,0.8883380185705767,0.9020696794431918,5050
"[{'X'}, {'M'}, {'M'}]",0.40376707043048266,493,0.8884132889927893,0.9020696794431918,5050
"[{'O'}, {'T'}, {'X'}]",0.40375434340678384,533,0.8886916835699797,0.9020696794431918,5050
"[{'M'}, {'P'}, {'M'}]",0.4037306374187938,470,0.8882924706223705,0.9020696794431918,5050
"[{'P'}, {'Y'}, {'T'}]",0.40372236765529823,501,0.8885204081632654,0.9020696794431918,5050
"[{'T'}, {'T'}, {'P'}]",0.4036678750967648,484,0.8884675173815747,0.9020696794431918,5050
"[{'X'}, {'O'}, {'P'}]",0.4035950407323238,532,0.8888700277259096,0.9020696794431918,5050
"[{'W'}, {'N'}, {'T'}, {'Y'}]",0.4035925301775509,131,0.8222703222703222,0.9020696794431918,5050
"[{'P'}, {'W'}, {'U'}]",0.4035598961812831,519,0.8888294711824123,0.9020696794431918,5050
"[{'W'}, {'M'}, {'P'}]",0.40355656809508966,484,0.8886003280481137,0.9020696794431918,5050
"[{'U'}, {'U'}, {'M'}]",0.4034940717069764,500,0.8887839395491802,0.9020696794431918,5050
"[{'U'}, {'T'}, {'U'}]",0.40343040322587387,489,0.8887866416811673,0.9020696794431918,5050
"[{'W'}, {'N'}, {'X'}]",0.40340655440717865,513,0.8889733377922354,0.9020696794431918,5050
"[{'M'}, {'U'}, {'V'}]",0.4033912528358379,481,0.8887793914246197,0.9020696794431918,5050
"[{'U'}, {'Z'}, {'N'}]",0.4033838590747897,471,0.8887184669241041,0.9020696794431918,5050
"[{'V'}, {'N'}, {'U'}]",0.403383852386087,498,0.888903240389428,0.9020696794431918,5050
"[{'T'}, {'W'}, {'U'}]",0.4033433565179121,498,0.888952303302079,0.9020696794431918,5050
"[{'U'}, {'N'}, {'W'}]",0.4033210923007321,518,0.8891075821963766,0.9020696794431918,5050
"[{'N'}, {'M'}, {'N'}]",0.4033054544406536,506,0.8890503648836592,0.9020696794431918,5050
"[{'U'}, {'U'}, {'N'}]",0.4032999514862783,496,0.8889919453258482,0.9020696794431918,5050
"[{'W'}, {'N'}, {'U'}]",0.4032466520319038,479,0.8889431802317465,0.9020696794431918,5050
"[{'U'}, {'V'}, {'O'}]",0.403239875157419,488,0.8890124705089316,0.9020696794431918,5050
"[{'Z'}, {'V'}, {'T'}]",0.4032121184677241,517,0.8892333033842468,0.9020696794431918,5050
"[{'T'}, {'W'}, {'Z'}]",0.40320376125029445,494,0.8890967265567314,0.9020696794431918,5050
"[{'U'}, {'N'}, {'U'}]",0.40318743934005985,491,0.8890971153202597,0.9020696794431918,5050
"[{'T'}, {'X'}, {'Y'}]",0.4031522276248959,495,0.8891669119811599,0.9020696794431918,5050
"[{'W'}, {'V'}, {'V'}]",0.4031032102687597,499,0.8892535392535392,0.9020696794431918,5050
"[{'Y'}, {'N'}, {'M'}]",0.4030787207462272,474,0.889118616879066,0.9020696794431918,5050
"[{'N'}, {'X'}, {'Y'}]",0.4030307362387686,539,0.889586776859504,0.9020696794431918,5050
"[{'T'}, {'T'}, {'U'}]",0.4030272385551814,474,0.8891836553013442,0.9020696794431918,5050
"[{'U'}, {'N'}, {'M'}]",0.4029917996320528,476,0.8892421272011162,0.9020696794431918,5050
"[{'O'}, {'X'}, {'P'}]",0.40297836790606567,515,0.8895089285714286,0.9020696794431918,5050
"[{'W'}, {'Z'}, {'P'}]",0.4029245819066427,496,0.8894581889750971,0.9020696794431918,5050
"[{'U'}, {'O'}, {'Y'}]",0.4028711625616682,522,0.8896851503759399,0.9020696794431918,5050
"[{'O'}, {'N'}, {'M'}]",0.40284610848894087,479,0.8894482903293476,0.9020696794431918,5050
"[{'M'}, {'U'}, {'N'}]",0.4028452085645975,500,0.8895841001104159,0.9020696794431918,5050
"[{'O'}, {'W'}, {'W'}]",0.4028401310159192,527,0.8897535667963685,0.9020696794431918,5050
"[{'O'}, {'U'}, {'O'}]",0.40280136896972907,514,0.8897255357170131,0.9020696794431918,5050
"[{'V'}, {'V'}, {'Y'}]",0.4027999924990411,487,0.8895596590909091,0.9020696794431918,5050
"[{'X'}, {'O'}, {'T'}]",0.4027469967287435,540,0.8899452607317775,0.9020696794431918,5050
"[{'M'}, {'M'}, {'O'}]",0.4027347230298094,489,0.889656672466872,0.9020696794431918,5050
"[{'Z'}, {'X'}, {'P'}]",0.40273426749059904,522,0.8898582654035397,0.9020696794431918,5050
"[{'T'}, {'O'}, {'N'}]",0.40272259274328936,510,0.8898020229431356,0.9020696794431918,5050
"[{'M'}, {'M'}, {'T'}]",0.40271953472232225,517,0.8898476697092427,0.9020696794431918,5050
"[{'M'}, {'O'}, {'P'}]",0.40267989771573187,505,0.8898267854901467,0.9020696794431918,5050
"[{'T'}, {'W'}, {'Y'}]",0.40267223508643735,495,0.8897753653990779,0.9020696794431918,5050
"[{'X'}, {'V'}, {'M'}]",0.40265990981213895,537,0.8900388457269701,0.9020696794431918,5050
"[{'V'}, {'T'}, {'U'}]",0.40263464291914175,468,0.889651376146789,0.9020696794431918,5050
"[{'N'}, {'O'}, {'T'}]",0.4026299849116074,538,0.8900826217145391,0.9020696794431918,5050
"[{'Z'}, {'U'}, {'Y'}]",0.4025542856961569,503,0.8899781098315408,0.9020696794431918,5050
"[{'V'}, {'M'}, {'P'}]",0.4025306292262081,494,0.8899545849523716,0.9020696794431918,5050
"[{'M'}, {'N'}, {'M'}]",0.40252674277204636,528,0.8901595592033518,0.9020696794431918,5050
"[{'P'}, {'O'}, {'Y'}]",0.4025054003488787,510,0.8900838160976211,0.9020696794431918,5050
"[{'O'}, {'M'}, {'T'}]",0.4024987168975078,510,0.8900925925925925,0.9020696794431918,5050
"[{'X'}, {'N'}, {'X'}]",0.4024751947447921,480,0.8899410957237928,0.9020696794431918,5050
"[{'M'}, {'X'}, {'Z'}]",0.4023939788204255,511,0.8902367773677736,0.9020696794431918,5050
"[{'X'}, {'U'}, {'N'}]",0.4023923875582224,509,0.890227286802502,0.9020696794431918,5050
"[{'U'}, {'Z'}, {'V'}]",0.4023693664770366,517,0.8903039030390305,0.9020696794431918,5050
"[{'U'}, {'T'}, {'V'}]",0.4023524176240667,512,0.8902978697430263,0.9020696794431918,5050
"[{'U'}, {'V'}, {'Y'}]",0.4023315938477413,513,0.890331407722712,0.9020696794431918,5050
"[{'O'}, {'O'}, {'Z'}]",0.40229549563414,522,0.8904304674653511,0.9020696794431918,5050
"[{'O'}, {'P'}, {'T'}]",0.402282864050329,529,0.8904859978832347,0.9020696794431918,5050
"[{'X'}, {'M'}, {'Z'}]",0.40223102650533293,512,0.8904609279609279,0.9020696794431918,5050
"[{'P'}, {'V'}, {'V'}]",0.40222107149799124,505,0.8904344272601534,0.9020696794431918,5050
"[{'T'}, {'N'}, {'M'}]",0.4022156706085064,480,0.8902932342575391,0.9020696794431918,5050
"[{'M'}, {'Z'}, {'T'}]",0.4021953443127686,508,0.8904866055501266,0.9020696794431918,5050
"[{'U'}, {'Z'}, {'T'}]",0.40218162441487215,501,0.8904651088654404,0.9020696794431918,5050
"[{'W'}, {'P'}, {'X'}]",0.40218112084476765,488,0.8903892780172413,0.9020696794431918,5050
"[{'T'}, {'T'}, {'M'}]",0.4021370936458183,497,0.8905030285362615,0.9020696794431918,5050
"[{'P'}, {'P'}, {'W'}]",0.4021253689615236,492,0.8904899611666529,0.9020696794431918,5050
"[{'Z'}, {'W'}, {'Y'}]",0.40208770744209166,478,0.8904586834733893,0.9020696794431918,5050
"[{'U'}, {'X'}, {'Y'}]",0.4020873518407416,537,0.8907921424800646,0.9020696794431918,5050
"[{'M'}, {'M'}, {'X'}]",0.4020849817721813,534,0.8907795638489209,0.9020696794431918,5050
"[{'W'}, {'X'}, {'U'}]",0.4020211838211102,482,0.8905761423512136,0.9020696794431918,5050
"[{'O'}, {'X'}, {'Y'}]",0.4020124442347903,539,0.8909048327547254,0.9020696794431918,5050
"[{'P'}, {'X'}, {'Y'}, {'V'}]",0.4019832446574928,121,0.8213114754098361,0.9020696794431918,5050
"[{'O'}, {'U'}, {'W'}]",0.4019728250766753,535,0.8909385655989714,0.9020696794431918,5050
"[{'X'}, {'M'}, {'P'}]",0.40195717660068286,541,0.8909911141490088,0.9020696794431918,5050
"[{'X'}, {'P'}, {'N'}]",0.4019535831639903,512,0.8908424908424909,0.9020696794431918,5050
"[{'T'}, {'N'}, {'T'}]",0.4018546380232373,509,0.8909654424298776,0.9020696794431918,5050
"[{'W'}, {'W'}, {'P'}]",0.40184636422562425,526,0.8910679162327895,0.9020696794431918,5050
"[{'Z'}, {'Z'}, {'W'}]",0.4018298749746454,509,0.8910006195786866,0.9020696794431918,5050
"[{'P'}, {'M'}, {'Y'}]",0.40175718259352566,463,0.8908417785423134,0.9020696794431918,5050
"[{'Z'}, {'P'}, {'W'}]",0.40174585274880814,529,0.8912258064516129,0.9020696794431918,5050
"[{'Z'}, {'T'}, {'U'}]",0.4016910557599407,495,0.8911238720262511,0.9020696794431918,5050
"[{'X'}, {'M'}, {'T'}]",0.40169038281978375,514,0.8912274307928264,0.9020696794431918,5050
"[{'V'}, {'T'}, {'X'}]",0.4016791474140152,520,0.8912750485048654,0.9020696794431918,5050
"[{'O'}, {'W'}, {'T'}]",0.40165046329021137,533,0.8913827090960292,0.9020696794431918,5050
"[{'X'}, {'O'}, {'X'}]",0.40164900087683253,533,0.8913848153485349,0.9020696794431918,5050
"[{'V'}, {'O'}, {'Z'}]",0.40164476495647183,496,0.8911971085749638,0.9020696794431918,5050
"[{'O'}, {'X'}, {'X'}]",0.40163128685789473,538,0.8914352140158592,0.9020696794431918,5050
"[{'X'}, {'Y'}, {'Z'}]",0.4015841957339342,514,0.8913820251937985,0.9020696794431918,5050
"[{'M'}, {'M'}, {'P'}]",0.4015591287789455,520,0.8914497041420119,0.9020696794431918,5050
"[{'P'}, {'W'}, {'M'}]",0.40155435157033303,478,0.8912308958176504,0.9020696794431918,5050
"[{'W'}, {'M'}, {'N'}]",0.4015132383672687,520,0.8915172495413929,0.9020696794431918,5050
"[{'U'}, {'T'}, {'P'}]",0.4015125412586875,464,0.891213389121339,0.9020696794431918,5050
"[{'Y'}, {'M'}, {'V'}]",0.40144786709857305,495,0.8914846377379436,0.9020696794431918,5050
"[{'P'}, {'X'}, {'P'}]",0.40141658734087016,470,0.8913945190095818,0.9020696794431918,5050
"[{'W'}, {'U'}, {'X'}]",0.40138094049160133,509,0.8916589434661724,0.9020696794431918,5050
"[{'V'}, {'U'}, {'W'}]",0.4013797172929777,526,0.8917459352241961,0.9020696794431918,5050
"[{'Z'}, {'P'}, {'M'}]",0.40135654005898636,472,0.8914983391686867,0.9020696794431918,5050
"[{'W'}, {'Z'}, {'Z'}]",0.4013486973001996,511,0.8917179887857339,0.9020696794431918,5050
"[{'P'}, {'V'}, {'P'}]",0.40132127547586727,515,0.8917797888386123,0.9020696794431918,5050
"[{'V'}, {'P'}, {'T'}]",0.40131867646259245,479,0.8915957001256458,0.9020696794431918,5050
"[{'X'}, {'Y'}, {'O'}]",0.4013133863173066,530,0.8918653056569343,0.9020696794431918,5050
"[{'Z'}, {'T'}, {'N'}]",0.4013110319937232,532,0.8918784679353456,0.9020696794431918,5050
"[{'T'}, {'Y'}, {'Z'}]",0.4012976179273873,478,0.8916229355704934,0.9020696794431918,5050
"[{'T'}, {'X'}, {'N'}]",0.40128488895086745,499,0.891754233747871,0.9020696794431918,5050
"[{'Y'}, {'O'}, {'U'}]",0.4012830489423188,473,0.8916181857358328,0.9020696794431918,5050
"[{'P'}, {'N'}, {'W'}]",0.4012499399690832,517,0.8918987720874513,0.9020696794431918,5050
"[{'X'}, {'Y'}, {'N'}]",0.40124472177005865,522,0.891931216931217,0.9020696794431918,5050
"[{'T'}, {'U'}, {'X'}]",0.40124182840164957,520,0.891925925925926,0.9020696794431918,5050
"[{'V'}, {'T'}, {'Z'}]",0.40120896280023766,500,0.8918770847097117,0.9020696794431918,5050
"[{'V'}, {'Y'}, {'Z'}]",0.4012033870746219,487,0.8918184885290148,0.9020696794431918,5050
"[{'U'}, {'T'}, {'Y'}]",0.40114212741758903,514,0.8920512237629765,0.9020696794431918,5050
"[{'W'}, {'P'}, {'U'}]",0.401136007904236,459,0.8917735734135293,0.9020696794431918,5050
"[{'V'}, {'Y'}, {'M'}]",0.4010724209331892,473,0.8919527896995708,0.9020696794431918,5050
"[{'M'}, {'O'}, {'V'}]",0.40106891074295936,491,0.8920524307283888,0.9020696794431918,5050
"[{'M'}, {'Z'}, {'M'}]",0.4010616552101842,481,0.8920124481327801,0.9020696794431918,5050
"[{'Y'}, {'Z'}, {'O'}, {'V'}, {'U'}]",0.4010233420074598,26,0.7440476190476191,0.9020696794431918,5050
"[{'Y'}, {'P'}, {'M'}]",0.40091398647464027,444,0.8920547945205478,0.9020696794431918,5050
"[{'O'}, {'Z'}, {'U'}, {'W'}]",0.40086701443302897,108,0.8194444444444444,0.9020696794431918,5050
"[{'X'}, {'W'}, {'W'}, {'Y'}]",0.40047993067017484,125,0.8225641025641026,0.9020696794431918,5050
"[{'V'}, {'M'}, {'P'}, {'Z'}]",0.3987125091596744,132,0.8243398392652124,0.9020696794431918,5050
"[{'M'}, {'T'}, {'N'}, {'N'}]",0.3980597495865551,116,0.8220566318926975,0.9020696794431918,5050
"[{'X'}, {'M'}, {'U'}, {'T'}]",0.39746222728962366,121,0.8231404958677686,0.9020696794431918,5050
"[{'M'}, {'T'}, {'V'}, {'U'}]",0.3965022447838277,116,0.822701407607068,0.9020696794431918,5050
"[{'U'}, {'V'}, {'P'}, {'N'}]",0.3949910620219639,126,0.8249430812041488,0.9020696794431918,5050
"[{'T'}, {'T'}, {'U'}, {'T'}]",0.39326075909386926,110,0.8230177316828371,0.9020696794431918,5050
"[{'P'}, {'M'}, {'M'}, {'N'}, {'W'}]",0.392932186774943,22,0.7410714285714286,0.9020696794431918,5050
"[{'M'}, {'P'}, {'M'}, {'V'}]",0.39263228993589494,113,0.8238157040882544,0.9020696794431918,5050
"[{'Z'}, {'X'}, {'N'}, {'V'}, {'P'}]",0.3925493726686008,20,0.7373737373737373,0.9020696794431918,5050
"[{'P'}, {'M'}, {'N'}, {'W'}]",0.39190253306528644,124,0.8259172521467603,0.9020696794431918,5050
"[{'X'}, {'V'}, {'P'}, {'Y'}]",0.39105235912812564,116,0.825,0.9020696794431918,5050
"[{'N'}, {'X'}, {'P'}, {'Y'}]",0.3904335632162358,134,0.8279857397504455,0.9020696794431918,5050
"[{'X'}, {'M'}, {'V'}, {'Y'}]",0.38973362009221324,122,0.8265250544662309,0.9020696794431918,5050
"[{'T'}, {'Z'}, {'V'}, {'P'}]",0.38945516026095905,125,0.8271004098360656,0.9020696794431918,5050
"[{'U'}, {'V'}, {'P'}, {'Y'}]",0.3886868667731651,125,0.827426810477658,0.9020696794431918,5050
"[{'W'}, {'N'}, {'X'}, {'Y'}]",0.3879596102866689,135,0.8291536050156739,0.9020696794431918,5050
"[{'M'}, {'P'}, {'X'}, {'Y'}]",0.38748469939504426,125,0.8279404211607602,0.9020696794431918,5050
"[{'W'}, {'N'}, {'T'}, {'X'}]",0.3854837066519443,116,0.8274217585692996,0.9020696794431918,5050
"[{'X'}, {'V'}, {'X'}, {'M'}, {'X'}]",0.3854428375068273,28,0.7538461538461538,0.9020696794431918,5050
"[{'O'}, {'O'}, {'Z'}, {'V'}, {'T'}]",0.38446259110729697,27,0.7529411764705882,0.9020696794431918,5050
"[{'Y'}, {'O'}, {'P'}, {'T'}]",0.3842271464356799,115,0.8278186274509803,0.9020696794431918,5050
"[{'T'}, {'V'}, {'P'}, {'M'}]",0.3819616221225963,112,0.828351012536162,0.9020696794431918,5050
"[{'M'}, {'T'}, {'P'}, {'M'}]",0.38126372982726087,104,0.8272969881814716,0.9020696794431918,5050
"[{'P'}, {'W'}, {'M'}, {'N'}, {'W'}]",0.38101495025803234,29,0.7571428571428571,0.9020696794431918,5050
"[{'U'}, {'U'}, {'N'}, {'O'}]",0.38076449186204886,126,0.8310214375788146,0.9020696794431918,5050
"[{'N'}, {'V'}, {'T'}, {'P'}]",0.37893131262080204,109,0.8292517006802721,0.9020696794431918,5050
"[{'U'}, {'Z'}, {'N'}, {'U'}]",0.3788336801334826,97,0.8271441202475686,0.9020696794431918,5050
"[{'X'}, {'T'}, {'O'}, {'N'}]",0.37861287720666215,119,0.8309779536461277,0.9020696794431918,5050
"[{'V'}, {'X'}, {'P'}, {'X'}]",0.37861287720666215,119,0.8309779536461277,0.9020696794431918,5050
"[{'P'}, {'N'}, {'Z'}, {'V'}]",0.378596477114448,145,0.8344118766653978,0.9020696794431918,5050
"[{'V'}, {'Y'}, {'M'}, {'T'}]",0.3784482948937533,108,0.8293103448275863,0.9020696794431918,5050
"[{'X'}, {'V'}, {'X'}, {'P'}]",0.37839845161625685,110,0.8296666666666667,0.9020696794431918,5050
"[{'O'}, {'O'}, {'V'}, {'O'}]",0.37787389016337913,133,0.8332576101771921,0.9020696794431918,5050
"[{'M'}, {'T'}, {'U'}, {'P'}]",0.3762095142658788,114,0.8313327177593106,0.9020696794431918,5050
"[{'W'}, {'N'}, {'P'}, {'T'}]",0.375909462759882,110,0.8308408109006314,0.9020696794431918,5050
"[{'X'}, {'M'}, {'V'}, {'P'}]",0.3757060935589718,142,0.8353365384615385,0.9020696794431918,5050
"[{'X'}, {'M'}, {'V'}, {'X'}]",0.3755835488052971,131,0.8340336134453781,0.9020696794431918,5050
"[{'X'}, {'M'}, {'X'}, {'X'}, {'P'}]",0.3750436304479552,26,0.7559523809523809,0.9020696794431918,5050
"[{'V'}, {'N'}, {'X'}, {'X'}, {'U'}]",0.3744826183799004,22,0.75,0.9020696794431918,5050
"[{'W'}, {'M'}, {'O'}, {'T'}]",0.37419378602817355,117,0.832739156268568,0.9020696794431918,5050
"[{'Y'}, {'Z'}, {'O'}, {'U'}]",0.3738568944902313,118,0.8330459770114943,0.9020696794431918,5050
"[{'W'}, {'X'}, {'M'}, {'V'}, {'P'}]",0.3716585214987487,26,0.7575757575757576,0.9020696794431918,5050
"[{'V'}, {'T'}, {'O'}, {'Y'}, {'Z'}]",0.37112870134861753,25,0.7564102564102565,0.9020696794431918,5050
"[{'W'}, {'V'}, {'Y'}, {'O'}, {'V'}]",0.3709733247156919,21,0.75,0.9020696794431918,5050
"[{'O'}, {'W'}, {'X'}, {'Y'}, {'U'}]",0.3709733247156919,21,0.75,0.9020696794431918,5050
"[{'U'}, {'Z'}, {'V'}, {'U'}]",0.37071722940701535,121,0.8349726775956284,0.9020696794431918,5050
"[{'T'}, {'Z'}, {'Y'}, {'X'}]",0.3707116379593165,121,0.8349753694581281,0.9020696794431918,5050
"[{'U'}, {'V'}, {'U'}, {'N'}]",0.37058672870254106,108,0.833103448275862,0.9020696794431918,5050
"[{'N'}, {'X'}, {'M'}, {'X'}]",0.3694183750299038,121,0.8356009070294784,0.9020696794431918,5050
"[{'X'}, {'W'}, {'W'}, {'X'}]",0.368948113172487,128,0.8367546432062561,0.9020696794431918,5050
"[{'Y'}, {'X'}, {'P'}, {'W'}]",0.3678471356241737,101,0.8333333333333333,0.9020696794431918,5050
"[{'P'}, {'Z'}, {'M'}, {'V'}, {'P'}]",0.36737943333421696,20,0.75,0.9020696794431918,5050
"[{'U'}, {'V'}, {'P'}, {'M'}]",0.3673394521987968,118,0.8362068965517241,0.9020696794431918,5050
"[{'N'}, {'X'}, {'T'}, {'M'}]",0.36631557993862185,107,0.8350988700564972,0.9020696794431918,5050
"[{'Z'}, {'P'}, {'X'}, {'P'}]",0.36624350009599116,112,0.8358957219251336,0.9020696794431918,5050
"[{'T'}, {'W'}, {'X'}, {'Y'}]",0.3661911935892168,115,0.8363579474342929,0.9020696794431918,5050
"[{'M'}, {'W'}, {'Y'}, {'Y'}]",0.365980477358711,109,0.8355795148247979,0.9020696794431918,5050
"[{'T'}, {'V'}, {'U'}, {'Y'}]",0.36576961820133047,125,0.8379220779220778,0.9020696794431918,5050
"[{'P'}, {'X'}, {'P'}, {'Z'}]",0.365640915728044,116,0.8367774782869123,0.9020696794431918,5050
"[{'N'}, {'W'}, {'T'}, {'V'}, {'P'}]",0.36542556048822306,29,0.764423076923077,0.9020696794431918,5050
"[{'N'}, {'M'}, {'O'}, {'V'}]",0.3647370596535877,131,0.8391771856007479,0.9020696794431918,5050
"[{'M'}, {'Z'}, {'M'}, {'U'}]",0.3640706743166031,116,0.8375757575757575,0.9020696794431918,5050
"[{'X'}, {'M'}, {'T'}, {'V'}]",0.36388386439216414,138,0.8404074702886247,0.9020696794431918,5050
"[{'T'}, {'N'}, {'P'}, {'W'}]",0.3636654324893728,123,0.8387182203389831,0.9020696794431918,5050
"[{'M'}, {'W'}, {'P'}, {'T'}]",0.36326251151757905,116,0.8379904875148633,0.9020696794431918,5050
"[{'W'}, {'Z'}, {'O'}, {'P'}, {'T'}]",0.36281645698331677,26,0.7619047619047619,0.9020696794431918,5050
"[{'O'}, {'O'}, {'T'}, {'O'}]",0.362725011284746,135,0.8406419529837251,0.9020696794431918,5050
"[{'M'}, {'U'}, {'Y'}, {'T'}]",0.36251388255821904,106,0.8369252873563219,0.9020696794431918,5050
"[{'M'}, {'W'}, {'X'}, {'Y'}]",0.36193862599719506,114,0.8383995037220844,0.9020696794431918,5050
"[{'X'}, {'Y'}, {'V'}, {'V'}]",0.361909880298798,120,0.8392255892255892,0.9020696794431918,5050
"[{'M'}, {'U'}, {'T'}, {'Y'}]",0.3618062680421831,114,0.838468720821662,0.9020696794431918,5050
"[{'N'}, {'O'}, {'T'}, {'M'}]",0.3610570092060057,122,0.839924670433145,0.9020696794431918,5050
"[{'P'}, {'P'}, {'M'}, {'W'}]",0.36076665167163724,99,0.8367514356029533,0.9020696794431918,5050
"[{'M'}, {'T'}, {'N'}, {'P'}]",0.36054430409591665,113,0.8389937106918238,0.9020696794431918,5050
"[{'T'}, {'Z'}, {'W'}, {'Z'}]",0.3600528494258076,99,0.8371428571428572,0.9020696794431918,5050
"[{'M'}, {'X'}, {'U'}, {'Z'}]",0.3600220488590731,122,0.8404627387678235,0.9020696794431918,5050
"[{'Z'}, {'X'}, {'V'}, {'T'}]",0.35932377233198687,130,0.8417931688804554,0.9020696794431918,5050
"[{'X'}, {'M'}, {'P'}, {'V'}]",0.3591594446281048,131,0.8419933868682099,0.9020696794431918,5050
"[{'T'}, {'P'}, {'T'}, {'P'}]",0.35886870625937484,101,0.8381180223285486,0.9020696794431918,5050
"[{'W'}, {'M'}, {'P'}, {'Y'}]",0.35774603616700607,102,0.8388975155279503,0.9020696794431918,5050
"[{'M'}, {'U'}, {'X'}, {'P'}]",0.35772012967296785,118,0.8411712511091393,0.9020696794431918,5050
"[{'N'}, {'M'}, {'V'}, {'T'}]",0.3577110816264433,128,0.8424019607843137,0.9020696794431918,5050
"[{'M'}, {'O'}, {'T'}, {'V'}]",0.35770418876188304,138,0.8435171385991058,0.9020696794431918,5050
"[{'P'}, {'T'}, {'W'}, {'P'}]",0.3576464190827392,111,0.8402732595966168,0.9020696794431918,5050
"[{'M'}, {'T'}, {'P'}, {'Y'}]",0.3576230545851663,113,0.8405612244897959,0.9020696794431918,5050
"[{'X'}, {'M'}, {'X'}, {'V'}]",0.35725106722223765,141,0.8440643863179074,0.9020696794431918,5050
"[{'M'}, {'T'}, {'X'}, {'Y'}]",0.35708900379674113,113,0.8408521303258145,0.9020696794431918,5050
"[{'T'}, {'V'}, {'M'}, {'T'}, {'T'}]",0.3570853985219674,22,0.7589285714285714,0.9020696794431918,5050
"[{'O'}, {'U'}, {'M'}, {'N'}]",0.35661305737785653,116,0.8415105560511449,0.9020696794431918,5050
"[{'V'}, {'O'}, {'Z'}, {'U'}]",0.35654241760906,115,0.8414179104477612,0.9020696794431918,5050
"[{'T'}, {'Y'}, {'O'}, {'U'}]",0.3564873455206422,111,0.8409090909090909,0.9020696794431918,5050
"[{'N'}, {'M'}, {'P'}, {'Y'}]",0.3563239288706851,126,0.8429041234505439,0.9020696794431918,5050
"[{'Z'}, {'T'}, {'T'}, {'W'}]",0.3562065660206515,107,0.8405017921146954,0.9020696794431918,5050
"[{'T'}, {'N'}, {'P'}, {'T'}]",0.3560796956665131,118,0.8420588235294117,0.9020696794431918,5050
"[{'W'}, {'P'}, {'V'}, {'P'}]",0.35589878557995125,119,0.8422837761447145,0.9020696794431918,5050
"[{'N'}, {'X'}, {'P'}, {'M'}]",0.3555928045437071,117,0.8421975452951491,0.9020696794431918,5050
"[{'M'}, {'X'}, {'N'}, {'W'}]",0.35552673603550133,116,0.8421052631578948,0.9020696794431918,5050
"[{'O'}, {'P'}, {'O'}, {'N'}, {'X'}]",0.3551577828293987,27,0.7670454545454546,0.9020696794431918,5050
"[{'P'}, {'M'}, {'T'}, {'P'}]",0.3550462045924758,98,0.8397997496871089,0.9020696794431918,5050
"[{'T'}, {'T'}, {'N'}, {'M'}]",0.35493660388940806,106,0.8410714285714285,0.9020696794431918,5050
"[{'M'}, {'M'}, {'O'}, {'Z'}]",0.35386710680511846,98,0.8404831320283215,0.9020696794431918,5050
"[{'N'}, {'W'}, {'X'}, {'M'}]",0.353841147454769,95,0.840017825311943,0.9020696794431918,5050
"[{'T'}, {'P'}, {'V'}, {'P'}, {'U'}]",0.353245291258103,28,0.7692307692307692,0.9020696794431918,5050
"[{'M'}, {'V'}, {'P'}, {'Y'}, {'O'}]",0.353245291258103,28,0.7692307692307692,0.9020696794431918,5050
"[{'T'}, {'P'}, {'M'}, {'O'}, {'X'}]",0.3532406114163653,20,0.7575757575757576,0.9020696794431918,5050
"[{'T'}, {'M'}, {'T'}, {'T'}]",0.3532080877431978,119,0.8437681159420289,0.9020696794431918,5050
"[{'M'}, {'U'}, {'M'}, {'P'}]",0.3530856355038292,127,0.844776119402985,0.9020696794431918,5050
"[{'N'}, {'P'}, {'X'}, {'Y'}]",0.3528947610903991,111,0.8429232804232805,0.9020696794431918,5050
"[{'V'}, {'O'}, {'P'}, {'U'}]",0.35252745657445983,104,0.8421654593976363,0.9020696794431918,5050
"[{'T'}, {'T'}, {'U'}, {'M'}]",0.3524724837638902,85,0.8391003460207613,0.9020696794431918,5050
"[{'V'}, {'M'}, {'P'}, {'Y'}]",0.35221068310146597,117,0.8440828402366864,0.9020696794431918,5050
"[{'Y'}, {'V'}, {'O'}, {'V'}, {'Z'}]",0.35167231403833443,25,0.7662337662337663,0.9020696794431918,5050
"[{'M'}, {'V'}, {'P'}, {'M'}]",0.351659615040125,126,0.8454545454545453,0.9020696794431918,5050
"[{'T'}, {'N'}, {'P'}, {'N'}]",0.3513382220106299,125,0.8455219925808161,0.9020696794431918,5050
"[{'V'}, {'X'}, {'N'}, {'Z'}]",0.3509350066234189,108,0.8436527153234175,0.9020696794431918,5050
"[{'U'}, {'M'}, {'P'}, {'Y'}]",0.35076764004387573,129,0.8462846041767849,0.9020696794431918,5050
"[{'X'}, {'M'}, {'X'}, {'Y'}]",0.3500966468643427,122,0.8458839406207828,0.9020696794431918,5050
"[{'X'}, {'M'}, {'O'}, {'X'}, {'Z'}]",0.3499536812146059,30,0.7731481481481481,0.9020696794431918,5050
"[{'W'}, {'N'}, {'P'}, {'X'}]",0.34957429334446044,112,0.8449760765550238,0.9020696794431918,5050
"[{'T'}, {'O'}, {'U'}, {'Y'}]",0.34941100543200143,122,0.846277882289707,0.9020696794431918,5050
"[{'U'}, {'P'}, {'X'}, {'Z'}]",0.3491569483259438,130,0.8473011363636364,0.9020696794431918,5050
"[{'X'}, {'W'}, {'W'}, {'T'}]",0.34894003851740907,125,0.8468862583633556,0.9020696794431918,5050
"[{'U'}, {'Z'}, {'M'}, {'U'}]",0.34888322106923375,105,0.8444619010212098,0.9020696794431918,5050
"[{'W'}, {'M'}, {'T'}, {'T'}]",0.3488608911039389,118,0.8461317227494967,0.9020696794431918,5050
"[{'P'}, {'Y'}, {'P'}, {'M'}]",0.34881602019497715,103,0.844224924012158,0.9020696794431918,5050
"[{'N'}, {'X'}, {'P'}, {'X'}]",0.3487234922894614,122,0.8466757123473541,0.9020696794431918,5050
"[{'M'}, {'V'}, {'M'}, {'P'}]",0.34854357890709575,117,0.8461988304093567,0.9020696794431918,5050
"[{'P'}, {'X'}, {'Y'}, {'W'}]",0.3483997442058494,109,0.8452868852459017,0.9020696794431918,5050
"[{'T'}, {'P'}, {'T'}, {'W'}]",0.34829870507555905,105,0.8448148148148148,0.9020696794431918,5050
"[{'P'}, {'T'}, {'Z'}, {'W'}]",0.3482803137600776,138,0.848606418918919,0.9020696794431918,5050
"[{'Z'}, {'V'}, {'P'}, {'P'}]",0.3481883725391156,108,0.8452830188679245,0.9020696794431918,5050
"[{'M'}, {'U'}, {'Z'}, {'Y'}]",0.3479660353335653,129,0.8478784956605593,0.9020696794431918,5050
"[{'V'}, {'M'}, {'N'}, {'Z'}]",0.3478088240040583,115,0.8463930348258707,0.9020696794431918,5050
"[{'Z'}, {'O'}, {'O'}, {'O'}]",0.34775923468911407,113,0.8461779448621554,0.9020696794431918,5050
"[{'Z'}, {'Z'}, {'N'}, {'W'}]",0.34773390913311597,132,0.8483224603914259,0.9020696794431918,5050
"[{'M'}, {'Z'}, {'O'}, {'Y'}]",0.34768712539463187,119,0.846938775510204,0.9020696794431918,5050
"[{'U'}, {'W'}, {'V'}, {'V'}]",0.3474787272423375,90,0.8430836522689994,0.9020696794431918,5050
"[{'P'}, {'U'}, {'Z'}, {'V'}]",0.34732202361217623,125,0.8478260869565217,0.9020696794431918,5050
"[{'W'}, {'W'}, {'U'}, {'X'}]",0.3471753036880726,130,0.8484405458089669,0.9020696794431918,5050
"[{'M'}, {'M'}, {'U'}, {'Z'}]",0.3470082382123011,119,0.8473413379073756,0.9020696794431918,5050
"[{'X'}, {'M'}, {'M'}, {'P'}]",0.34685556065275036,126,0.8482074752097635,0.9020696794431918,5050
"[{'N'}, {'M'}, {'T'}, {'N'}]",0.34676293187741636,105,0.84575260804769,0.9020696794431918,5050
"[{'T'}, {'Y'}, {'T'}, {'N'}]",0.3467460487880941,117,0.8472658705216846,0.9020696794431918,5050
"[{'P'}, {'P'}, {'Z'}, {'T'}]",0.3466343078099834,114,0.8469762779819578,0.9020696794431918,5050
"[{'M'}, {'T'}, {'Y'}, {'X'}]",0.3465092739943876,118,0.8475241545893719,0.9020696794431918,5050
"[{'V'}, {'Y'}, {'Z'}, {'M'}]",0.34634064337024284,119,0.8477401129943503,0.9020696794431918,5050
"[{'N'}, {'M'}, {'X'}, {'Y'}]",0.3462386630191727,123,0.8482479784366577,0.9020696794431918,5050
"[{'V'}, {'V'}, {'V'}, {'U'}]",0.3461820409431764,127,0.8487103174603176,0.9020696794431918,5050
"[{'U'}, {'O'}, {'Y'}, {'N'}, {'X'}]",0.3460068111585005,25,0.7692307692307693,0.9020696794431918,5050
"[{'U'}, {'V'}, {'M'}, {'P'}]",0.3457413737814987,116,0.847754980672019,0.9020696794431918,5050
"[{'P'}, {'M'}, {'P'}, {'N'}]",0.3454942733686719,122,0.8485838779956427,0.9020696794431918,5050
"[{'O'}, {'X'}, {'X'}, {'W'}]",0.34521511870168253,126,0.8491803278688524,0.9020696794431918,5050
"[{'W'}, {'W'}, {'W'}, {'X'}]",0.34520643913113036,120,0.8485365160556977,0.9020696794431918,5050
"[{'Y'}, {'M'}, {'M'}, {'V'}]",0.34504247234585683,109,0.8473360655737704,0.9020696794431918,5050
"[{'T'}, {'U'}, {'O'}, {'X'}]",0.34489458269139384,117,0.8483870967741935,0.9020696794431918,5050
"[{'W'}, {'W'}, {'T'}, {'M'}]",0.3443649109053235,125,0.8495872033023735,0.9020696794431918,5050
"[{'T'}, {'U'}, {'Y'}, {'W'}]",0.3443598232685907,115,0.8484848484848484,0.9020696794431918,5050
"[{'Z'}, {'T'}, {'N'}, {'N'}]",0.34425169965238767,117,0.8487819370172311,0.9020696794431918,5050
"[{'P'}, {'M'}, {'M'}, {'W'}]",0.34414989842740684,107,0.8476425052779732,0.9020696794431918,5050
"[{'U'}, {'P'}, {'Y'}, {'N'}]",0.344135698154008,122,0.849407327586207,0.9020696794431918,5050
"[{'W'}, {'M'}, {'U'}, {'Y'}]",0.3440460513790997,109,0.8479591836734693,0.9020696794431918,5050
"[{'M'}, {'O'}, {'W'}, {'T'}]",0.34400279347242246,110,0.8481097356975578,0.9020696794431918,5050
"[{'V'}, {'N'}, {'X'}, {'X'}]",0.34397951014382533,122,0.8495028218220908,0.9020696794431918,5050
"[{'N'}, {'Y'}, {'P'}, {'O'}, {'Y'}]",0.34379746301270686,31,0.7773109243697479,0.9020696794431918,5050
"[{'W'}, {'Y'}, {'P'}, {'Y'}]",0.3437138407928022,112,0.8485331632653061,0.9020696794431918,5050
"[{'W'}, {'N'}, {'P'}, {'U'}]",0.34364387065868696,104,0.8475767665556788,0.9020696794431918,5050
"[{'N'}, {'X'}, {'M'}, {'X'}, {'M'}]",0.34349830890888655,24,0.7692307692307692,0.9020696794431918,5050
"[{'P'}, {'T'}, {'W'}, {'Z'}, {'O'}]",0.34349830890888633,24,0.7692307692307693,0.9020696794431918,5050
"[{'V'}, {'O'}, {'O'}, {'Z'}]",0.3428522708510512,116,0.8495391019922689,0.9020696794431918,5050
"[{'W'}, {'X'}, {'Y'}, {'Y'}]",0.3426899481889789,121,0.850191361399672,0.9020696794431918,5050
"[{'W'}, {'M'}, {'N'}, {'P'}]",0.3426118648835388,142,0.8522727272727273,0.9020696794431918,5050
"[{'W'}, {'W'}, {'P'}, {'M'}]",0.34243209231633087,128,0.85107421875,0.9020696794431918,5050
"[{'W'}, {'N'}, {'T'}, {'T'}]",0.3423822136919983,114,0.8496075353218211,0.9020696794431918,5050
"[{'P'}, {'T'}, {'N'}, {'N'}]",0.3423573545630385,103,0.8482758620689655,0.9020696794431918,5050
"[{'X'}, {'O'}, {'N'}, {'Z'}]",0.3419486389160552,142,0.8526714513556619,0.9020696794431918,5050
"[{'V'}, {'Y'}, {'U'}, {'U'}]",0.3419106777638945,116,0.8501338090990188,0.9020696794431918,5050
"[{'M'}, {'W'}, {'N'}, {'P'}]",0.3418478668563639,123,0.8509283819628647,0.9020696794431918,5050
"[{'Z'}, {'T'}, {'N'}, {'Y'}]",0.3416917672068862,136,0.8522923875432526,0.9020696794431918,5050
"[{'Z'}, {'O'}, {'U'}, {'T'}]",0.34156251330622567,120,0.8507918866351765,0.9020696794431918,5050
"[{'M'}, {'U'}, {'T'}, {'U'}]",0.3413643261002174,130,0.8519308220800759,0.9020696794431918,5050
"[{'P'}, {'X'}, {'U'}, {'X'}, {'X'}]",0.34101271632890584,25,0.7719298245614035,0.9020696794431918,5050
"[{'X'}, {'N'}, {'O'}, {'O'}, {'T'}]",0.3409182698815797,30,0.7777777777777778,0.9020696794431918,5050
"[{'N'}, {'M'}, {'T'}, {'Z'}]",0.34085278641530004,119,0.8511363636363636,0.9020696794431918,5050
"[{'T'}, {'U'}, {'O'}, {'N'}]",0.3408486772244532,102,0.8491379310344828,0.9020696794431918,5050
"[{'W'}, {'W'}, {'M'}, {'W'}]",0.3407838877640498,117,0.8509643483343073,0.9020696794431918,5050
"[{'T'}, {'O'}, {'X'}, {'U'}, {'U'}]",0.3407405272011439,22,0.7678571428571429,0.9020696794431918,5050
"[{'Y'}, {'N'}, {'M'}, {'Y'}]",0.34061184592095906,126,0.8520111307867442,0.9020696794431918,5050
"[{'X'}, {'M'}, {'P'}, {'M'}]",0.34060559460164364,130,0.8524046434494196,0.9020696794431918,5050
"[{'M'}, {'T'}, {'V'}, {'Y'}]",0.3403266864855473,119,0.8514739229024944,0.9020696794431918,5050
"[{'W'}, {'Y'}, {'U'}, {'T'}]",0.3402356979909633,110,0.8505291005291005,0.9020696794431918,5050
"[{'U'}, {'P'}, {'X'}, {'N'}, {'Z'}]",0.3398874746842675,26,0.7738095238095238,0.9020696794431918,5050
"[{'T'}, {'N'}, {'X'}, {'U'}, {'P'}]",0.33984488344939445,23,0.7698412698412699,0.9020696794431918,5050
"[{'U'}, {'X'}, {'N'}, {'Z'}]",0.339830601644568,127,0.852605459057072,0.9020696794431918,5050
"[{'T'}, {'M'}, {'U'}, {'M'}]",0.3396126468155145,108,0.8507051943584452,0.9020696794431918,5050
"[{'U'}, {'Z'}, {'X'}, {'P'}]",0.33960783046683896,112,0.851173256187721,0.9020696794431918,5050
"[{'Y'}, {'M'}, {'N'}, {'W'}]",0.33956223107195793,102,0.85,0.9020696794431918,5050
"[{'T'}, {'U'}, {'U'}, {'X'}]",0.33933436605384726,130,0.8532088122605365,0.9020696794431918,5050
"[{'X'}, {'N'}, {'P'}, {'W'}]",0.3392837877922886,134,0.8536096256684492,0.9020696794431918,5050
"[{'N'}, {'M'}, {'V'}, {'P'}]",0.3392829405096103,127,0.8529557873820169,0.9020696794431918,5050
"[{'V'}, {'V'}, {'U'}, {'Y'}]",0.3392566847892393,106,0.8507032095203751,0.9020696794431918,5050
"[{'N'}, {'P'}, {'T'}, {'W'}]",0.3392339384349824,116,0.8518628912071535,0.9020696794431918,5050
"[{'T'}, {'T'}, {'T'}, {'P'}]",0.3391817955582199,117,0.8520047169811321,0.9020696794431918,5050
"[{'T'}, {'N'}, {'P'}, {'Z'}]",0.33905249195957254,129,0.8532948532948533,0.9020696794431918,5050
"[{'N'}, {'Z'}, {'Z'}, {'M'}, {'P'}]",0.33900960114237666,20,0.765625,0.9020696794431918,5050
"[{'W'}, {'T'}, {'M'}, {'Y'}]",0.3387778806034606,116,0.8521634615384615,0.9020696794431918,5050
"[{'O'}, {'V'}, {'P'}, {'M'}]",0.338740944857589,110,0.851521164021164,0.9020696794431918,5050
"[{'M'}, {'P'}, {'Y'}, {'V'}]",0.33869811416259943,123,0.8529411764705882,0.9020696794431918,5050
"[{'V'}, {'N'}, {'P'}, {'X'}]",0.3386214752914717,120,0.8526872737399054,0.9020696794431918,5050
"[{'U'}, {'O'}, {'Y'}, {'N'}]",0.3383742341347644,112,0.851993620414673,0.9020696794431918,5050
"[{'W'}, {'Z'}, {'Z'}, {'N'}, {'W'}]",0.33831933532963665,22,0.7692307692307692,0.9020696794431918,5050
"[{'P'}, {'Z'}, {'V'}, {'P'}]",0.33822261163205714,123,0.8532522474881016,0.9020696794431918,5050
"[{'W'}, {'T'}, {'V'}, {'Y'}]",0.3378989327363491,116,0.852747909199522,0.9020696794431918,5050
"[{'X'}, {'T'}, {'P'}, {'N'}]",0.3375053569468903,115,0.8529055690072639,0.9020696794431918,5050
"[{'M'}, {'P'}, {'N'}, {'T'}]",0.33723607277448864,131,0.8546568627450981,0.9020696794431918,5050
"[{'U'}, {'M'}, {'W'}, {'T'}]",0.33709260759513815,109,0.8525252525252526,0.9020696794431918,5050
"[{'T'}, {'X'}, {'T'}, {'V'}, {'T'}]",0.3368650233855308,21,0.7685185185185186,0.9020696794431918,5050
"[{'W'}, {'M'}, {'O'}, {'P'}]",0.336838320682339,122,0.8540714861596345,0.9020696794431918,5050
"[{'M'}, {'M'}, {'V'}, {'M'}]",0.336430562478476,96,0.8513986013986014,0.9020696794431918,5050
"[{'T'}, {'Z'}, {'Y'}, {'W'}]",0.3364302445149877,127,0.8548225887056472,0.9020696794431918,5050
"[{'M'}, {'T'}, {'Z'}, {'P'}]",0.33641625319324064,105,0.8525311812179016,0.9020696794431918,5050
"[{'M'}, {'V'}, {'T'}, {'P'}]",0.3363145823453083,117,0.8539227166276346,0.9020696794431918,5050
"[{'W'}, {'V'}, {'P'}, {'M'}]",0.3361967708615142,105,0.8526850507982583,0.9020696794431918,5050
"[{'W'}, {'U'}, {'W'}, {'N'}]",0.3359402623999628,132,0.8556014692378329,0.9020696794431918,5050
"[{'T'}, {'U'}, {'O'}, {'U'}]",0.33590143893134583,121,0.8546059933407326,0.9020696794431918,5050
"[{'V'}, {'P'}, {'P'}, {'P'}]",0.33583331065351374,117,0.8542521994134897,0.9020696794431918,5050
"[{'X'}, {'M'}, {'T'}, {'X'}]",0.3357910313811667,125,0.8550649350649351,0.9020696794431918,5050
"[{'X'}, {'X'}, {'W'}, {'Y'}]",0.3357588071091969,108,0.8533379453476305,0.9020696794431918,5050
"[{'W'}, {'N'}, {'U'}, {'Y'}]",0.3354780099729112,108,0.8535353535353536,0.9020696794431918,5050
"[{'U'}, {'X'}, {'V'}, {'P'}]",0.3354051289384482,123,0.8551377118644068,0.9020696794431918,5050
"[{'M'}, {'M'}, {'V'}, {'P'}]",0.3353982367576811,125,0.8553312629399585,0.9020696794431918,5050
"[{'Z'}, {'N'}, {'M'}, {'T'}]",0.3353351584483456,124,0.8552803129074316,0.9020696794431918,5050
"[{'P'}, {'T'}, {'O'}, {'Y'}]",0.3351904491016595,116,0.8545941123996432,0.9020696794431918,5050
"[{'V'}, {'O'}, {'V'}, {'O'}]",0.33487626268842063,119,0.8551136363636364,0.9020696794431918,5050
"[{'Y'}, {'Z'}, {'P'}, {'Z'}]",0.3347731200931655,137,0.8568075117370892,0.9020696794431918,5050
"[{'P'}, {'W'}, {'W'}, {'W'}]",0.3346093561202198,102,0.8534615384615384,0.9020696794431918,5050
"[{'Z'}, {'M'}, {'U'}, {'V'}]",0.3345936341572837,116,0.8550106609808102,0.9020696794431918,5050
"[{'X'}, {'W'}, {'Z'}, {'W'}]",0.3345769601743208,128,0.8561660561660562,0.9020696794431918,5050
"[{'X'}, {'V'}, {'T'}, {'X'}]",0.3345174164479727,134,0.856729055258467,0.9020696794431918,5050
"[{'T'}, {'O'}, {'P'}, {'W'}]",0.3344127628216176,123,0.8558201058201058,0.9020696794431918,5050
"[{'Y'}, {'Z'}, {'T'}, {'M'}]",0.3343679254787677,98,0.8531497705465165,0.9020696794431918,5050
"[{'X'}, {'M'}, {'O'}, {'M'}]",0.3343049912504118,115,0.8551119177253478,0.9020696794431918,5050
"[{'W'}, {'N'}, {'Y'}, {'X'}]",0.3338022463061969,113,0.8552631578947367,0.9020696794431918,5050
"[{'Y'}, {'Y'}, {'T'}, {'W'}]",0.33377229842100664,109,0.8548611111111111,0.9020696794431918,5050
"[{'V'}, {'U'}, {'Y'}, {'Z'}]",0.33365602655653437,111,0.8551587301587301,0.9020696794431918,5050
"[{'M'}, {'U'}, {'M'}, {'M'}]",0.3334910855466814,113,0.855485893416928,0.9020696794431918,5050
"[{'P'}, {'O'}, {'Z'}, {'V'}]",0.33341451016771906,130,0.8571428571428571,0.9020696794431918,5050
"[{'Z'}, {'Z'}, {'V'}, {'V'}]",0.3333962355683413,115,0.8557575757575757,0.9020696794431918,5050
"[{'M'}, {'P'}, {'T'}, {'Y'}]",0.3333750072120154,117,0.8559718969555035,0.9020696794431918,5050
"[{'T'}, {'Y'}, {'P'}, {'X'}]",0.3333288598795616,109,0.8551818805765271,0.9020696794431918,5050
"[{'W'}, {'P'}, {'X'}, {'V'}]",0.3332637597566158,116,0.855952380952381,0.9020696794431918,5050
"[{'N'}, {'M'}, {'M'}, {'T'}]",0.33311264902703086,116,0.8560606060606061,0.9020696794431918,5050
"[{'Z'}, {'N'}, {'P'}, {'T'}]",0.3329705428258395,117,0.8562610229276896,0.9020696794431918,5050
"[{'U'}, {'M'}, {'U'}, {'O'}]",0.33280888751901505,114,0.8560794044665012,0.9020696794431918,5050
"[{'U'}, {'Z'}, {'X'}, {'U'}]",0.3327336770618692,125,0.8571796191456511,0.9020696794431918,5050
"[{'X'}, {'W'}, {'M'}, {'T'}]",0.33268198505558877,125,0.857216230097586,0.9020696794431918,5050
"[{'U'}, {'M'}, {'P'}, {'V'}]",0.33249835901824565,106,0.8554645781416874,0.9020696794431918,5050
"[{'X'}, {'V'}, {'P'}, {'Z'}]",0.33218813673076963,122,0.8572964256920182,0.9020696794431918,5050
"[{'V'}, {'T'}, {'X'}, {'P'}]",0.33184204973358744,111,0.8564814814814814,0.9020696794431918,5050
"[{'M'}, {'M'}, {'N'}, {'X'}]",0.33153710534938685,131,0.8585480093676816,0.9020696794431918,5050
"[{'W'}, {'M'}, {'U'}, {'N'}]",0.33139017961425854,116,0.8573127229488704,0.9020696794431918,5050
"[{'X'}, {'Z'}, {'P'}, {'N'}]",0.3313472104345935,134,0.8589285714285715,0.9020696794431918,5050
"[{'T'}, {'Y'}, {'X'}, {'U'}]",0.3312101850812281,118,0.8576358930112165,0.9020696794431918,5050
"[{'M'}, {'W'}, {'T'}, {'Y'}]",0.331202590730989,110,0.8568548387096774,0.9020696794431918,5050
"[{'W'}, {'P'}, {'Z'}, {'V'}]",0.33117592288898534,122,0.858029689608637,0.9020696794431918,5050
"[{'Z'}, {'W'}, {'T'}, {'Y'}]",0.33096387980969755,115,0.8575317604355717,0.9020696794431918,5050
"[{'P'}, {'O'}, {'N'}, {'O'}]",0.330917317669436,122,0.8582189938122141,0.9020696794431918,5050
"[{'T'}, {'M'}, {'U'}, {'Y'}]",0.33089269467796345,120,0.8580555555555556,0.9020696794431918,5050
"[{'Y'}, {'M'}, {'Y'}, {'M'}]",0.3306765484183154,106,0.856833754056978,0.9020696794431918,5050
"[{'W'}, {'W'}, {'P'}, {'P'}, {'Y'}]",0.3305435288690438,28,0.7812499999999999,0.9020696794431918,5050
"[{'T'}, {'O'}, {'N'}, {'W'}]",0.3302762797024734,125,0.8589544513457557,0.9020696794431918,5050
"[{'Y'}, {'O'}, {'Z'}, {'P'}]",0.3298885734114071,114,0.8582434514637904,0.9020696794431918,5050
"[{'P'}, {'X'}, {'P'}, {'V'}]",0.3298885734114071,114,0.8582434514637904,0.9020696794431918,5050
"[{'N'}, {'T'}, {'U'}, {'T'}]",0.32979522132090733,124,0.859224564142597,0.9020696794431918,5050
"[{'Z'}, {'X'}, {'P'}, {'X'}]",0.32979522132090733,124,0.859224564142597,0.9020696794431918,5050
"[{'P'}, {'O'}, {'W'}, {'W'}]",0.3297160096642008,122,0.8591093117408907,0.9020696794431918,5050
"[{'N'}, {'P'}, {'W'}, {'T'}]",0.3296764606821858,109,0.857912457912458,0.9020696794431918,5050
"[{'M'}, {'W'}, {'M'}, {'T'}]",0.3296646871095431,113,0.8583175205566097,0.9020696794431918,5050
"[{'M'}, {'T'}, {'P'}, {'N'}]",0.32952321551101726,108,0.8579291365669075,0.9020696794431918,5050
"[{'W'}, {'V'}, {'N'}, {'O'}]",0.3294742093272808,112,0.8583662714097497,0.9020696794431918,5050
"[{'T'}, {'M'}, {'X'}, {'Y'}]",0.32946044253339246,106,0.8577712609970675,0.9020696794431918,5050
"[{'M'}, {'T'}, {'O'}, {'Y'}]",0.3292459348379666,121,0.8593749999999999,0.9020696794431918,5050
"[{'M'}, {'W'}, {'X'}, {'U'}]",0.3289280230013917,97,0.8572037510656437,0.9020696794431918,5050
"[{'X'}, {'Z'}, {'T'}, {'V'}]",0.32891984834411514,128,0.8602150537634409,0.9020696794431918,5050
"[{'T'}, {'Y'}, {'T'}, {'X'}]",0.32866708825519664,110,0.8587962962962963,0.9020696794431918,5050
"[{'U'}, {'M'}, {'V'}, {'N'}]",0.32865929645806446,124,0.8600790513833992,0.9020696794431918,5050
"[{'T'}, {'T'}, {'M'}, {'T'}]",0.32855901029279744,129,0.8605675146771037,0.9020696794431918,5050
"[{'N'}, {'T'}, {'Y'}, {'Y'}]",0.3284262795455558,123,0.8601717659688675,0.9020696794431918,5050
"[{'V'}, {'M'}, {'Z'}, {'T'}]",0.32820081807275037,107,0.8588652482269504,0.9020696794431918,5050
"[{'W'}, {'U'}, {'M'}, {'N'}]",0.3281509948526855,108,0.8590051457975987,0.9020696794431918,5050
"[{'M'}, {'T'}, {'T'}, {'M'}]",0.3278950386213695,114,0.859784283513097,0.9020696794431918,5050
"[{'Y'}, {'M'}, {'T'}, {'V'}]",0.3278612540219341,122,0.860521365224402,0.9020696794431918,5050
"[{'Z'}, {'X'}, {'V'}, {'V'}]",0.3278591778968697,123,0.8606076759061834,0.9020696794431918,5050
"[{'W'}, {'T'}, {'N'}, {'P'}]",0.3277976907508954,113,0.8597678916827853,0.9020696794431918,5050
"[{'Z'}, {'N'}, {'T'}, {'W'}]",0.3277939526592827,131,0.8613053613053613,0.9020696794431918,5050
"[{'W'}, {'V'}, {'Y'}, {'P'}]",0.32772353683660527,127,0.8610421836228288,0.9020696794431918,5050
"[{'M'}, {'W'}, {'V'}, {'P'}]",0.32770785971196315,122,0.8606403013182675,0.9020696794431918,5050
"[{'N'}, {'M'}, {'T'}, {'T'}]",0.3276424495191238,118,0.8603448275862069,0.9020696794431918,5050
"[{'T'}, {'W'}, {'V'}, {'M'}]",0.3275173712790418,103,0.8590038314176245,0.9020696794431918,5050
"[{'V'}, {'N'}, {'T'}, {'Y'}]",0.32749120381634955,116,0.8602853745541023,0.9020696794431918,5050
"[{'N'}, {'P'}, {'M'}, {'X'}]",0.32747895311603403,96,0.8582711715664766,0.9020696794431918,5050
"[{'M'}, {'T'}, {'M'}, {'V'}]",0.3274236091928878,125,0.8611111111111112,0.9020696794431918,5050
"[{'N'}, {'M'}, {'M'}, {'P'}]",0.3272116088639252,123,0.861111111111111,0.9020696794431918,5050
"[{'U'}, {'Z'}, {'T'}, {'P'}]",0.3270288496759546,112,0.860287081339713,0.9020696794431918,5050
"[{'U'}, {'X'}, {'W'}, {'W'}, {'T'}]",0.32699203546366296,24,0.7785714285714285,0.9020696794431918,5050
"[{'X'}, {'U'}, {'V'}, {'P'}]",0.32687571507415947,125,0.8615384615384616,0.9020696794431918,5050
"[{'V'}, {'P'}, {'Z'}, {'T'}]",0.32677682138907194,106,0.8599137931034483,0.9020696794431918,5050
"[{'U'}, {'M'}, {'T'}, {'V'}]",0.326676133111651,127,0.8618551587301587,0.9020696794431918,5050
"[{'Y'}, {'M'}, {'V'}, {'V'}]",0.32658512841079324,107,0.8601694915254237,0.9020696794431918,5050
"[{'M'}, {'T'}, {'U'}, {'M'}]",0.32655038914481227,105,0.86,0.9020696794431918,5050
"[{'T'}, {'N'}, {'M'}, {'M'}]",0.3264992532741092,108,0.8603371173030616,0.9020696794431918,5050
"[{'X'}, {'U'}, {'N'}, {'Z'}]",0.3264941913125725,125,0.861838726245506,0.9020696794431918,5050
"[{'O'}, {'Z'}, {'T'}, {'V'}]",0.3264151643801213,135,0.8626666666666667,0.9020696794431918,5050
"[{'U'}, {'V'}, {'X'}, {'U'}]",0.3263918047358447,108,0.8604252400548698,0.9020696794431918,5050
"[{'M'}, {'M'}, {'W'}, {'U'}]",0.32628140658569227,125,0.8620071684587813,0.9020696794431918,5050
"[{'T'}, {'T'}, {'U'}, {'N'}]",0.32623807905297464,126,0.8621212121212122,0.9020696794431918,5050
"[{'T'}, {'T'}, {'T'}, {'T'}]",0.32622095391150263,109,0.8606612685560053,0.9020696794431918,5050
"[{'X'}, {'W'}, {'Z'}, {'M'}]",0.32618123065795923,134,0.8627756738694587,0.9020696794431918,5050
"[{'Y'}, {'M'}, {'O'}, {'V'}]",0.32610674598420586,103,0.8601662887377172,0.9020696794431918,5050
"[{'M'}, {'M'}, {'T'}, {'O'}]",0.3260660470273521,132,0.8627180899908172,0.9020696794431918,5050
"[{'T'}, {'M'}, {'Y'}, {'O'}]",0.3260231246742601,97,0.8596037898363479,0.9020696794431918,5050
"[{'W'}, {'N'}, {'V'}, {'Y'}]",0.3259597034043137,125,0.86226318484383,0.9020696794431918,5050
"[{'Z'}, {'W'}, {'P'}, {'Y'}]",0.325792361912871,108,0.8609203296703297,0.9020696794431918,5050
"[{'N'}, {'M'}, {'V'}, {'Y'}]",0.3257740896168273,127,0.862568715642179,0.9020696794431918,5050
"[{'M'}, {'M'}, {'V'}, {'V'}]",0.3256817274318089,105,0.8607221812822402,0.9020696794431918,5050
"[{'V'}, {'X'}, {'V'}, {'P'}]",0.3255536697348508,122,0.8623481781376519,0.9020696794431918,5050
"[{'W'}, {'T'}, {'W'}, {'P'}]",0.3254990270681971,123,0.8624733475479744,0.9020696794431918,5050
"[{'X'}, {'X'}, {'M'}, {'X'}]",0.3254952512074685,131,0.863095238095238,0.9020696794431918,5050
"[{'Z'}, {'U'}, {'T'}, {'V'}]",0.325432300778261,124,0.862607338017174,0.9020696794431918,5050
"[{'P'}, {'X'}, {'N'}, {'Z'}]",0.32538360783716846,123,0.8625668449197861,0.9020696794431918,5050
"[{'U'}, {'T'}, {'P'}, {'V'}]",0.32529828496600055,104,0.8609467455621302,0.9020696794431918,5050
"[{'Z'}, {'P'}, {'P'}, {'W'}]",0.3252849964529323,117,0.8621509209744505,0.9020696794431918,5050
"[{'W'}, {'N'}, {'T'}, {'W'}]",0.32507042513300166,114,0.8620689655172414,0.9020696794431918,5050
"[{'W'}, {'Z'}, {'T'}, {'P'}]",0.3248466342512386,128,0.8633919843597263,0.9020696794431918,5050
"[{'M'}, {'M'}, {'T'}, {'W'}]",0.32476757440077786,126,0.8633039092055486,0.9020696794431918,5050
"[{'N'}, {'P'}, {'U'}, {'Y'}]",0.3247405141286983,112,0.8621682123440998,0.9020696794431918,5050
"[{'T'}, {'P'}, {'T'}, {'X'}]",0.3245460746699089,118,0.8628472222222222,0.9020696794431918,5050
"[{'Z'}, {'N'}, {'T'}, {'N'}]",0.3245248993278881,120,0.863029269678886,0.9020696794431918,5050
"[{'V'}, {'O'}, {'M'}, {'X'}]",0.3245063414254107,119,0.8629629629629629,0.9020696794431918,5050
"[{'O'}, {'X'}, {'X'}, {'V'}, {'Y'}]",0.3244437860567817,29,0.7857142857142857,0.9020696794431918,5050
"[{'Y'}, {'X'}, {'V'}, {'T'}]",0.32441818075856943,126,0.8635902636916836,0.9020696794431918,5050
"[{'U'}, {'M'}, {'M'}, {'N'}]",0.32439989730538343,98,0.8611111111111112,0.9020696794431918,5050
"[{'X'}, {'M'}, {'O'}, {'N'}]",0.3243985896164435,118,0.8629704108014937,0.9020696794431918,5050
"[{'V'}, {'V'}, {'M'}, {'P'}]",0.3242787493084207,109,0.8622895622895623,0.9020696794431918,5050
"[{'O'}, {'W'}, {'V'}, {'T'}]",0.3242561676295923,123,0.8634920634920634,0.9020696794431918,5050
"[{'Y'}, {'P'}, {'X'}, {'Y'}]",0.3242417623519792,104,0.8618518518518519,0.9020696794431918,5050
"[{'Z'}, {'U'}, {'P'}, {'P'}]",0.324175378306806,100,0.8615136876006442,0.9020696794431918,5050
"[{'O'}, {'T'}, {'U'}, {'N'}]",0.32416270731197216,133,0.864314789687924,0.9020696794431918,5050
"[{'N'}, {'Y'}, {'P'}, {'Y'}]",0.32415357677424794,128,0.8639588940543186,0.9020696794431918,5050
"[{'W'}, {'W'}, {'U'}, {'U'}]",0.32410388582872984,112,0.8627075351213283,0.9020696794431918,5050
"[{'T'}, {'Z'}, {'W'}, {'V'}]",0.32410310750068305,118,0.8632183908045977,0.9020696794431918,5050
"[{'P'}, {'U'}, {'M'}, {'X'}]",0.32407696583540535,100,0.8615999999999999,0.9020696794431918,5050
"[{'Z'}, {'P'}, {'X'}, {'V'}]",0.32398658626279075,111,0.8627195836044241,0.9020696794431918,5050
"[{'N'}, {'P'}, {'M'}, {'U'}]",0.32380563773856463,98,0.8616352201257862,0.9020696794431918,5050
"[{'P'}, {'T'}, {'O'}, {'O'}]",0.3237636113643164,114,0.8631713554987213,0.9020696794431918,5050
"[{'X'}, {'N'}, {'X'}, {'P'}]",0.3236870434952176,113,0.8631512868801005,0.9020696794431918,5050
"[{'M'}, {'P'}, {'T'}, {'P'}]",0.32359478712674083,122,0.8639676113360323,0.9020696794431918,5050
"[{'M'}, {'M'}, {'U'}, {'P'}]",0.3235435258623537,132,0.8647531572904708,0.9020696794431918,5050
"[{'O'}, {'T'}, {'N'}, {'X'}]",0.32354021646070574,127,0.8643939393939394,0.9020696794431918,5050
"[{'T'}, {'X'}, {'P'}, {'W'}]",0.3234819956141388,121,0.8639846743295019,0.9020696794431918,5050
"[{'W'}, {'N'}, {'O'}, {'P'}]",0.32348021429082385,123,0.8641419491525424,0.9020696794431918,5050
"[{'X'}, {'M'}, {'T'}, {'T'}]",0.323310016169999,124,0.8643623985336476,0.9020696794431918,5050
"[{'Z'}, {'P'}, {'M'}, {'T'}]",0.3232892055118831,117,0.8638285024154588,0.9020696794431918,5050
"[{'W'}, {'V'}, {'V'}, {'U'}]",0.3232323988211392,120,0.8641183035714285,0.9020696794431918,5050
"[{'X'}, {'M'}, {'X'}, {'P'}]",0.32316592337187955,135,0.8652747252747254,0.9020696794431918,5050
"[{'V'}, {'O'}, {'Z'}, {'M'}]",0.3229755228243224,126,0.8647959183673469,0.9020696794431918,5050
"[{'Z'}, {'Y'}, {'X'}, {'V'}]",0.3228681004992242,122,0.8645861601085482,0.9020696794431918,5050
"[{'Z'}, {'P'}, {'U'}, {'W'}]",0.3227695274350574,118,0.8643578643578643,0.9020696794431918,5050
"[{'M'}, {'O'}, {'W'}, {'Z'}]",0.32273881614444566,103,0.8630816170861937,0.9020696794431918,5050
"[{'O'}, {'Y'}, {'P'}, {'W'}]",0.3227121049217003,117,0.8643274853801169,0.9020696794431918,5050
"[{'P'}, {'Y'}, {'P'}, {'V'}]",0.3226696864217159,113,0.8640350877192983,0.9020696794431918,5050
"[{'P'}, {'Z'}, {'W'}, {'U'}]",0.3226105526743851,134,0.8656716417910447,0.9020696794431918,5050
"[{'V'}, {'Z'}, {'P'}, {'P'}]",0.32259588540821804,137,0.8658848614072495,0.9020696794431918,5050
"[{'N'}, {'T'}, {'U'}, {'Y'}]",0.32258131454090344,147,0.8665286144578314,0.9020696794431918,5050
"[{'W'}, {'M'}, {'M'}, {'V'}]",0.3224735097362573,110,0.8639523336643496,0.9020696794431918,5050
"[{'M'}, {'M'}, {'U'}, {'M'}]",0.3224553766453242,118,0.8646313364055299,0.9020696794431918,5050
"[{'V'}, {'X'}, {'X'}, {'Y'}]",0.3224326614625386,119,0.8647300469483569,0.9020696794431918,5050
"[{'M'}, {'O'}, {'X'}, {'Z'}]",0.322334157001543,122,0.8650472334682862,0.9020696794431918,5050
"[{'M'}, {'T'}, {'Y'}, {'T'}]",0.32232753980020723,116,0.8645833333333333,0.9020696794431918,5050
"[{'Z'}, {'T'}, {'Y'}, {'N'}]",0.32231467108628753,113,0.8643483709273183,0.9020696794431918,5050
"[{'X'}, {'W'}, {'P'}, {'Y'}]",0.3223089678574903,112,0.8642695173307419,0.9020696794431918,5050
"[{'U'}, {'T'}, {'N'}, {'O'}]",0.3222126972911725,113,0.864438839848676,0.9020696794431918,5050
"[{'X'}, {'V'}, {'M'}, {'X'}]",0.3221866536369422,139,0.8663594470046083,0.9020696794431918,5050
"[{'N'}, {'Y'}, {'P'}, {'P'}]",0.3221204242502078,134,0.8660873440285205,0.9020696794431918,5050
"[{'N'}, {'M'}, {'U'}, {'X'}]",0.3221005272407671,116,0.8647836538461537,0.9020696794431918,5050
"[{'V'}, {'Z'}, {'N'}, {'U'}]",0.3220291828824702,96,0.8630434782608696,0.9020696794431918,5050
"[{'M'}, {'T'}, {'Y'}, {'M'}]",0.321927023091537,107,0.8641801548205489,0.9020696794431918,5050
"[{'O'}, {'W'}, {'N'}, {'O'}]",0.32190257998210037,130,0.8660014255167499,0.9020696794431918,5050
"[{'V'}, {'P'}, {'T'}, {'Y'}]",0.32188874394009614,88,0.8623188405797102,0.9020696794431918,5050
"[{'N'}, {'T'}, {'M'}, {'U'}]",0.3218188310750255,128,0.8659340659340659,0.9020696794431918,5050
"[{'T'}, {'P'}, {'U'}, {'W'}]",0.32179749288726456,112,0.8647265749920051,0.9020696794431918,5050
"[{'W'}, {'W'}, {'V'}, {'Y'}]",0.3217255001463025,125,0.8658008658008658,0.9020696794431918,5050
"[{'X'}, {'U'}, {'M'}, {'P'}]",0.3216964603084054,120,0.8654545454545455,0.9020696794431918,5050
"[{'N'}, {'O'}, {'T'}, {'P'}]",0.32167914597018943,116,0.865158371040724,0.9020696794431918,5050
"[{'V'}, {'U'}, {'U'}, {'U'}]",0.32154085554683165,128,0.8661764705882353,0.9020696794431918,5050
"[{'O'}, {'Y'}, {'O'}, {'Z'}]",0.3214776713897185,123,0.8658730158730159,0.9020696794431918,5050
"[{'T'}, {'N'}, {'M'}, {'T'}]",0.3214494332397666,126,0.8661152752649264,0.9020696794431918,5050
"[{'O'}, {'T'}, {'W'}, {'W'}]",0.3214492632368122,124,0.8659713168187745,0.9020696794431918,5050
"[{'W'}, {'W'}, {'W'}, {'W'}]",0.3213670194463897,111,0.8650326797385621,0.9020696794431918,5050
"[{'N'}, {'O'}, {'X'}, {'Y'}]",0.3213441027189685,134,0.8667557932263815,0.9020696794431918,5050
"[{'T'}, {'T'}, {'Z'}, {'W'}]",0.32131240895270274,117,0.8655660377358491,0.9020696794431918,5050
"[{'O'}, {'O'}, {'V'}, {'T'}]",0.3212456339163866,145,0.8675295013323182,0.9020696794431918,5050
"[{'T'}, {'M'}, {'X'}, {'U'}]",0.32121409806883583,111,0.8651721897335932,0.9020696794431918,5050
"[{'W'}, {'P'}, {'O'}, {'Y'}]",0.32121409806883583,111,0.8651721897335932,0.9020696794431918,5050
"[{'U'}, {'V'}, {'V'}, {'T'}]",0.32121018341525165,126,0.8663265306122448,0.9020696794431918,5050
"[{'M'}, {'T'}, {'P'}, {'V'}]",0.32120241863358046,113,0.8653471771576898,0.9020696794431918,5050
"[{'V'}, {'O'}, {'O'}, {'U'}]",0.3211256981815339,111,0.8652530779753762,0.9020696794431918,5050
"[{'N'}, {'M'}, {'M'}, {'V'}]",0.3211184258551564,111,0.8652597402597402,0.9020696794431918,5050
"[{'T'}, {'P'}, {'Y'}, {'N'}]",0.3209926095241634,103,0.8646825396825396,0.9020696794431918,5050
"[{'V'}, {'V'}, {'Z'}, {'T'}]",0.32097024854317524,114,0.8656394453004623,0.9020696794431918,5050
"[{'M'}, {'N'}, {'P'}, {'W'}]",0.32095856696038905,132,0.8669607615509636,0.9020696794431918,5050
"[{'M'}, {'W'}, {'W'}, {'X'}]",0.32093662474037277,116,0.8658280922431866,0.9020696794431918,5050
"[{'U'}, {'P'}, {'X'}, {'U'}]",0.3209278409975106,115,0.8657575757575757,0.9020696794431918,5050
"[{'W'}, {'W'}, {'T'}, {'U'}]",0.32090599152894905,120,0.8661616161616161,0.9020696794431918,5050
"[{'U'}, {'O'}, {'X'}, {'N'}]",0.3208944481888021,119,0.8660968660968661,0.9020696794431918,5050
"[{'T'}, {'M'}, {'U'}, {'X'}]",0.3208631671344445,115,0.8658166363084396,0.9020696794431918,5050
"[{'W'}, {'O'}, {'Y'}, {'U'}]",0.32081868213404663,117,0.8660130718954248,0.9020696794431918,5050
"[{'M'}, {'U'}, {'X'}, {'T'}]",0.3208167923282822,113,0.8656998738965952,0.9020696794431918,5050
"[{'P'}, {'P'}, {'M'}, {'T'}]",0.32073177529182095,109,0.8654496281271129,0.9020696794431918,5050
"[{'W'}, {'X'}, {'M'}, {'P'}]",0.32059712532448614,115,0.8660606060606061,0.9020696794431918,5050
"[{'M'}, {'P'}, {'Y'}, {'O'}]",0.3205495290982894,135,0.8675176056338029,0.9020696794431918,5050
"[{'M'}, {'Y'}, {'X'}, {'T'}]",0.3205285664581484,112,0.8658854166666667,0.9020696794431918,5050
"[{'W'}, {'T'}, {'M'}, {'T'}]",0.3205240112449438,114,0.8660493827160494,0.9020696794431918,5050
"[{'N'}, {'Y'}, {'O'}, {'P'}]",0.32051912065877153,126,0.866943866943867,0.9020696794431918,5050
"[{'Z'}, {'X'}, {'T'}, {'W'}]",0.32042022235145273,138,0.867820945945946,0.9020696794431918,5050
"[{'W'}, {'Z'}, {'W'}, {'M'}]",0.32028959020483694,138,0.8679365079365079,0.9020696794431918,5050
"[{'Z'}, {'M'}, {'O'}, {'T'}]",0.3202795565869009,111,0.8660365058670143,0.9020696794431918,5050
"[{'Y'}, {'X'}, {'N'}, {'M'}]",0.3202701359931489,119,0.8666666666666666,0.9020696794431918,5050
"[{'Z'}, {'P'}, {'P'}, {'Y'}]",0.3202507033164701,113,0.8662239089184061,0.9020696794431918,5050
"[{'T'}, {'U'}, {'T'}, {'W'}]",0.32016414167797946,102,0.865377176015474,0.9020696794431918,5050
"[{'W'}, {'W'}, {'M'}, {'T'}]",0.32006103935784547,131,0.8676951846657317,0.9020696794431918,5050
"[{'Y'}, {'M'}, {'Z'}, {'T'}]",0.3199412834110278,133,0.8679330619629128,0.9020696794431918,5050
"[{'Y'}, {'Z'}, {'U'}, {'X'}]",0.31991959448179685,116,0.8667660208643815,0.9020696794431918,5050
"[{'T'}, {'T'}, {'X'}, {'P'}]",0.3199144124099724,105,0.8658806190125277,0.9020696794431918,5050
"[{'V'}, {'Z'}, {'V'}, {'V'}]",0.31990161447368015,125,0.8674358974358974,0.9020696794431918,5050
"[{'M'}, {'W'}, {'W'}, {'Y'}]",0.3198980696529118,116,0.8667861409796893,0.9020696794431918,5050
"[{'U'}, {'N'}, {'P'}, {'N'}]",0.3197960226158588,101,0.8656422379826636,0.9020696794431918,5050
"[{'M'}, {'V'}, {'M'}, {'T'}]",0.3197871124996239,116,0.8668900395979288,0.9020696794431918,5050
"[{'X'}, {'T'}, {'Y'}, {'M'}]",0.31977192412570676,115,0.8668280871670702,0.9020696794431918,5050
"[{'N'}, {'M'}, {'U'}, {'M'}, {'M'}]",0.31976419847412296,21,0.7788461538461539,0.9020696794431918,5050
"[{'T'}, {'T'}, {'P'}, {'T'}]",0.3197037239583125,116,0.8669683257918551,0.9020696794431918,5050
"[{'P'}, {'X'}, {'T'}, {'U'}]",0.31965005779286404,93,0.8650278293135436,0.9020696794431918,5050
"[{'M'}, {'N'}, {'M'}, {'Z'}]",0.31959303946271667,132,0.8681849551414769,0.9020696794431918,5050
"[{'N'}, {'T'}, {'O'}, {'N'}]",0.31950912445557544,120,0.8674463937621832,0.9020696794431918,5050
"[{'O'}, {'W'}, {'P'}, {'Y'}]",0.31943958146524154,119,0.8674392312040701,0.9020696794431918,5050
"[{'M'}, {'T'}, {'U'}, {'O'}]",0.31933747184727757,117,0.8673887587822015,0.9020696794431918,5050
"[{'M'}, {'Z'}, {'M'}, {'T'}]",0.3193266351188008,109,0.866779661016949,0.9020696794431918,5050
"[{'P'}, {'X'}, {'Z'}, {'Y'}]",0.3192870541115028,116,0.8673621460506705,0.9020696794431918,5050
"[{'M'}, {'N'}, {'P'}, {'O'}]",0.31925206042536347,124,0.8679687500000001,0.9020696794431918,5050
"[{'X'}, {'P'}, {'Z'}, {'Y'}]",0.3192362251485299,125,0.8680519480519481,0.9020696794431918,5050
"[{'X'}, {'T'}, {'Y'}, {'O'}, {'W'}]",0.31923092460514224,24,0.7832167832167831,0.9020696794431918,5050
"[{'T'}, {'U'}, {'P'}, {'Y'}]",0.31918088073976614,127,0.8682382133995038,0.9020696794431918,5050
"[{'W'}, {'N'}, {'M'}, {'X'}]",0.319154345985567,107,0.8667832167832168,0.9020696794431918,5050
"[{'W'}, {'Z'}, {'X'}, {'P'}]",0.31911081814314746,127,0.8683035714285714,0.9020696794431918,5050
"[{'T'}, {'Y'}, {'W'}, {'V'}, {'V'}]",0.3190686058056156,20,0.7777777777777779,0.9020696794431918,5050
"[{'Z'}, {'W'}, {'P'}, {'M'}]",0.318994569527035,106,0.8668565325738697,0.9020696794431918,5050
"[{'O'}, {'Z'}, {'P'}, {'T'}]",0.3189508470947091,121,0.8680440771349862,0.9020696794431918,5050
"[{'P'}, {'X'}, {'U'}, {'V'}]",0.3189185445332987,106,0.8669311215290298,0.9020696794431918,5050
"[{'U'}, {'Z'}, {'W'}, {'Y'}]",0.31889712669392956,120,0.8680245535714286,0.9020696794431918,5050
"[{'O'}, {'X'}, {'V'}, {'Y'}]",0.31883428257325575,144,0.8695987654320988,0.9020696794431918,5050
"[{'M'}, {'U'}, {'W'}, {'Z'}]",0.31878488354247203,121,0.8682019977802441,0.9020696794431918,5050
"[{'M'}, {'V'}, {'N'}, {'U'}]",0.3186996894431484,124,0.8684895833333334,0.9020696794431918,5050
"[{'N'}, {'Y'}, {'O'}, {'T'}, {'T'}]",0.31867163083995265,22,0.780952380952381,0.9020696794431918,5050
"[{'M'}, {'U'}, {'P'}, {'N'}]",0.31860601320199033,122,0.8684422921711057,0.9020696794431918,5050
"[{'M'}, {'U'}, {'W'}, {'Y'}]",0.31859232630078127,113,0.8678051865907653,0.9020696794431918,5050
"[{'M'}, {'N'}, {'T'}, {'W'}]",0.31852490751950624,138,0.8695378151260504,0.9020696794431918,5050
"[{'P'}, {'U'}, {'M'}, {'T'}]",0.3184984479886067,109,0.8675876010781671,0.9020696794431918,5050
"[{'V'}, {'N'}, {'Y'}, {'U'}]",0.31849801270679745,110,0.8676666666666667,0.9020696794431918,5050
"[{'U'}, {'Z'}, {'T'}, {'V'}]",0.3184851027050244,117,0.8682057276446522,0.9020696794431918,5050
"[{'O'}, {'O'}, {'Y'}, {'O'}]",0.3184774300478972,135,0.8694029850746269,0.9020696794431918,5050
"[{'Z'}, {'T'}, {'P'}, {'T'}]",0.3184585286676782,110,0.8677055702917772,0.9020696794431918,5050
"[{'Z'}, {'X'}, {'M'}, {'T'}]",0.31841624829330617,134,0.869399641577061,0.9020696794431918,5050
"[{'W'}, {'Y'}, {'X'}, {'M'}]",0.31841084090304783,115,0.8681318681318682,0.9020696794431918,5050
"[{'M'}, {'M'}, {'O'}, {'V'}]",0.3182861835067874,101,0.8671383647798743,0.9020696794431918,5050
"[{'V'}, {'T'}, {'Y'}, {'P'}]",0.3182715587836301,121,0.8686951754385964,0.9020696794431918,5050
"[{'X'}, {'N'}, {'Z'}, {'V'}]",0.31826211709397456,146,0.8702347417840376,0.9020696794431918,5050
"[{'V'}, {'Y'}, {'O'}, {'Z'}]",0.3182556444470098,114,0.8682098765432099,0.9020696794431918,5050
"[{'O'}, {'P'}, {'N'}, {'W'}]",0.3182509101227696,134,0.8695553539019963,0.9020696794431918,5050
"[{'N'}, {'M'}, {'T'}, {'N'}, {'X'}]",0.3181963737269897,22,0.78125,0.9020696794431918,5050
"[{'W'}, {'X'}, {'P'}, {'M'}]",0.31817908966754316,112,0.8681353767560664,0.9020696794431918,5050
"[{'P'}, {'M'}, {'Z'}, {'W'}]",0.3181677068624711,113,0.8682219419924339,0.9020696794431918,5050
"[{'M'}, {'T'}, {'V'}, {'M'}]",0.3180887171069987,118,0.8686635944700462,0.9020696794431918,5050
"[{'U'}, {'T'}, {'O'}, {'W'}]",0.3180856810883441,116,0.868523510032944,0.9020696794431918,5050
"[{'X'}, {'N'}, {'W'}, {'W'}]",0.31807234333150314,119,0.8687499999999999,0.9020696794431918,5050
"[{'M'}, {'P'}, {'X'}, {'N'}]",0.3180394595562731,119,0.8687821612349914,0.9020696794431918,5050
"[{'P'}, {'O'}, {'P'}, {'M'}]",0.31791394904008774,109,0.8681693989071038,0.9020696794431918,5050
"[{'W'}, {'M'}, {'N'}, {'Z'}]",0.31788385749456216,141,0.8703106091165793,0.9020696794431918,5050
"[{'O'}, {'T'}, {'N'}, {'N'}]",0.31779436662695937,124,0.869361147327249,0.9020696794431918,5050
"[{'V'}, {'U'}, {'V'}, {'P'}]",0.3177184558197369,120,0.8691666666666666,0.9020696794431918,5050
"[{'U'}, {'Z'}, {'W'}, {'W'}]",0.31767530259896715,125,0.869542886492039,0.9020696794431918,5050
"[{'U'}, {'T'}, {'P'}, {'N'}]",0.31762294739689634,104,0.8680659670164917,0.9020696794431918,5050
"[{'O'}, {'T'}, {'Z'}, {'Y'}]",0.3175892179939175,123,0.8694960212201591,0.9020696794431918,5050
"[{'W'}, {'T'}, {'M'}, {'X'}]",0.3174161749417448,126,0.8698612862547288,0.9020696794431918,5050
"[{'M'}, {'Y'}, {'X'}, {'Y'}]",0.31739186768555727,104,0.8683035714285714,0.9020696794431918,5050
"[{'W'}, {'W'}, {'T'}, {'W'}]",0.3173649234755733,127,0.8699751861042184,0.9020696794431918,5050
"[{'N'}, {'Y'}, {'X'}, {'M'}]",0.3173600630313771,121,0.869589345172031,0.9020696794431918,5050
"[{'M'}, {'M'}, {'U'}, {'Y'}]",0.3172850311160579,115,0.8692493946731235,0.9020696794431918,5050
"[{'P'}, {'T'}, {'T'}, {'M'}]",0.31722800428466746,102,0.8683095879861378,0.9020696794431918,5050
"[{'N'}, {'X'}, {'X'}, {'U'}]",0.3172176748248079,118,0.8695276497695853,0.9020696794431918,5050
"[{'O'}, {'M'}, {'T'}, {'N'}]",0.3171882158134336,127,0.8701492537313433,0.9020696794431918,5050
"[{'V'}, {'N'}, {'U'}, {'X'}]",0.3171686957575647,121,0.8697802197802198,0.9020696794431918,5050
"[{'W'}, {'T'}, {'Y'}, {'P'}]",0.3171018221167925,112,0.8692185007974481,0.9020696794431918,5050
"[{'O'}, {'T'}, {'W'}, {'Y'}]",0.3170989631451109,117,0.8695781342840166,0.9020696794431918,5050
"[{'U'}, {'U'}, {'M'}, {'O'}]",0.3170355345753666,96,0.8679982631350412,0.9020696794431918,5050
"[{'M'}, {'M'}, {'M'}, {'U'}]",0.3169786456305381,118,0.8697688030436055,0.9020696794431918,5050
"[{'V'}, {'U'}, {'N'}, {'O'}]",0.3169674350184989,113,0.869428750784683,0.9020696794431918,5050
"[{'W'}, {'Z'}, {'Y'}, {'P'}]",0.3168778034047366,114,0.8695922813569872,0.9020696794431918,5050
"[{'M'}, {'M'}, {'U'}, {'X'}]",0.31687479196489243,135,0.8709394205443372,0.9020696794431918,5050
"[{'U'}, {'T'}, {'P'}, {'W'}]",0.31681447336714896,116,0.8697978596908442,0.9020696794431918,5050
"[{'P'}, {'Y'}, {'X'}, {'M'}]",0.31680309228296233,110,0.8693783068783069,0.9020696794431918,5050
"[{'M'}, {'N'}, {'O'}, {'U'}]",0.3167652329186632,130,0.8707531480161559,0.9020696794431918,5050
"[{'O'}, {'T'}, {'T'}, {'X'}]",0.31674392646347016,127,0.8705911574764034,0.9020696794431918,5050
"[{'W'}, {'T'}, {'N'}, {'N'}]",0.3167119473641202,100,0.8686868686868687,0.9020696794431918,5050
"[{'M'}, {'N'}, {'T'}, {'P'}]",0.3167088978980237,120,0.8701774148127288,0.9020696794431918,5050
"[{'T'}, {'Z'}, {'Y'}, {'T'}]",0.31670454249901003,121,0.8702479338842976,0.9020696794431918,5050
"[{'W'}, {'Z'}, {'M'}, {'V'}]",0.31662907847852095,108,0.8694096601073344,0.9020696794431918,5050
"[{'Z'}, {'T'}, {'P'}, {'P'}]",0.3165624827124992,116,0.8700564971751412,0.9020696794431918,5050
"[{'N'}, {'M'}, {'X'}, {'Z'}]",0.3164834295049491,134,0.8712690817953975,0.9020696794431918,5050
"[{'X'}, {'P'}, {'N'}, {'Z'}]",0.3162983571538074,156,0.872595758671708,0.9020696794431918,5050
"[{'O'}, {'X'}, {'U'}, {'O'}]",0.3162745639299809,125,0.8709415584415585,0.9020696794431918,5050
"[{'W'}, {'W'}, {'W'}, {'N'}]",0.3162116698809425,119,0.8706214689265537,0.9020696794431918,5050
"[{'P'}, {'M'}, {'M'}, {'X'}]",0.3161272732933764,113,0.8703007518796992,0.9020696794431918,5050
"[{'W'}, {'Z'}, {'Z'}, {'M'}]",0.3160658251379157,107,0.86993006993007,0.9020696794431918,5050
"[{'W'}, {'W'}, {'Z'}, {'X'}]",0.31597871155506785,133,0.8717194570135747,0.9020696794431918,5050
"[{'M'}, {'P'}, {'M'}, {'U'}]",0.3159450371226734,117,0.8707664884135472,0.9020696794431918,5050
"[{'T'}, {'Z'}, {'N'}, {'Y'}]",0.3159414438164857,120,0.8709677419354839,0.9020696794431918,5050
"[{'W'}, {'W'}, {'N'}, {'W'}]",0.3158884716599196,112,0.870482890949792,0.9020696794431918,5050
"[{'Y'}, {'Z'}, {'P'}, {'X'}]",0.31587154520217053,120,0.8710407239819005,0.9020696794431918,5050
"[{'U'}, {'T'}, {'V'}, {'Y'}]",0.3158602471287595,126,0.8714285714285716,0.9020696794431918,5050
"[{'W'}, {'N'}, {'M'}, {'P'}]",0.31585600368596467,91,0.8688362919132149,0.9020696794431918,5050
"[{'U'}, {'U'}, {'V'}, {'U'}]",0.3158359750721441,123,0.8712686567164178,0.9020696794431918,5050
"[{'O'}, {'X'}, {'Y'}, {'O'}]",0.31579139716897897,136,0.8720779220779221,0.9020696794431918,5050
"[{'V'}, {'Z'}, {'Z'}, {'W'}]",0.3157810709199035,121,0.871199557766722,0.9020696794431918,5050
"[{'X'}, {'Y'}, {'Y'}, {'V'}]",0.3157467954493708,115,0.8708408953418028,0.9020696794431918,5050
"[{'W'}, {'M'}, {'X'}, {'W'}]",0.3157467954493708,115,0.8708408953418028,0.9020696794431918,5050
"[{'V'}, {'O'}, {'X'}, {'Y'}]",0.31573619934317154,112,0.8706451612903225,0.9020696794431918,5050
"[{'U'}, {'Y'}, {'M'}, {'V'}]",0.3157289325182481,121,0.8712541620421754,0.9020696794431918,5050
"[{'X'}, {'V'}, {'X'}, {'V'}]",0.31572702592214197,129,0.8717454194792672,0.9020696794431918,5050
"[{'X'}, {'V'}, {'X'}, {'O'}]",0.3156398236548762,112,0.8707482993197279,0.9020696794431918,5050
"[{'P'}, {'V'}, {'Z'}, {'U'}]",0.3155630175532653,121,0.8714285714285714,0.9020696794431918,5050
"[{'M'}, {'M'}, {'N'}, {'O'}]",0.3154767587077524,122,0.8715824357912179,0.9020696794431918,5050
"[{'U'}, {'M'}, {'V'}, {'M'}]",0.3154602901143819,108,0.870657034743722,0.9020696794431918,5050
"[{'Z'}, {'P'}, {'X'}, {'M'}]",0.31544529304801416,96,0.8697351280937907,0.9020696794431918,5050
"[{'Z'}, {'X'}, {'T'}, {'Y'}]",0.31543582319792873,112,0.8709677419354839,0.9020696794431918,5050
"[{'N'}, {'W'}, {'P'}, {'X'}]",0.315420561002671,122,0.8716417910447761,0.9020696794431918,5050
"[{'M'}, {'X'}, {'Y'}, {'W'}]",0.3153192790074214,120,0.8716235032024506,0.9020696794431918,5050
"[{'P'}, {'V'}, {'P'}, {'P'}]",0.31531122256141153,112,0.8711025393764064,0.9020696794431918,5050
"[{'M'}, {'U'}, {'Y'}, {'X'}]",0.3153110880412272,138,0.8726773648648649,0.9020696794431918,5050
"[{'X'}, {'T'}, {'O'}, {'U'}]",0.31529559659927475,122,0.871774193548387,0.9020696794431918,5050
"[{'W'}, {'U'}, {'U'}, {'O'}]",0.3152866242163326,110,0.8709895305639986,0.9020696794431918,5050
"[{'X'}, {'V'}, {'P'}, {'T'}]",0.31517927960681613,116,0.8715151515151515,0.9020696794431918,5050
"[{'P'}, {'M'}, {'T'}, {'O'}]",0.3151660891144219,108,0.8709789000345901,0.9020696794431918,5050
"[{'Z'}, {'P'}, {'Z'}, {'P'}]",0.31515325388270843,116,0.8715432649420161,0.9020696794431918,5050
"[{'U'}, {'P'}, {'X'}, {'W'}]",0.31513833234867517,130,0.8724162508909479,0.9020696794431918,5050
"[{'O'}, {'T'}, {'X'}, {'V'}]",0.31510267657624824,109,0.8711201079622132,0.9020696794431918,5050
"[{'O'}, {'T'}, {'N'}, {'O'}]",0.31509988160139957,119,0.8717948717948718,0.9020696794431918,5050
"[{'M'}, {'W'}, {'X'}, {'X'}]",0.3150898309179947,123,0.8720547945205479,0.9020696794431918,5050
"[{'M'}, {'V'}, {'U'}, {'N'}]",0.3149657453372692,118,0.8718758977305373,0.9020696794431918,5050
"[{'N'}, {'O'}, {'W'}, {'X'}, {'W'}]",0.3149501112136872,23,0.7846153846153846,0.9020696794431918,5050
"[{'U'}, {'Y'}, {'O'}, {'X'}]",0.31487340615997383,129,0.872639225181598,0.9020696794431918,5050
"[{'T'}, {'N'}, {'Y'}, {'P'}]",0.31480009165414535,128,0.8726600985221675,0.9020696794431918,5050
"[{'X'}, {'T'}, {'O'}, {'O'}]",0.3147848633579663,113,0.8717460317460317,0.9020696794431918,5050
"[{'X'}, {'T'}, {'P'}, {'Y'}]",0.3147472819124665,112,0.8717201166180758,0.9020696794431918,5050
"[{'N'}, {'X'}, {'W'}, {'Y'}]",0.31473313073530007,131,0.872901119402985,0.9020696794431918,5050
"[{'T'}, {'M'}, {'T'}, {'U'}]",0.3147120991493144,116,0.8720238095238095,0.9020696794431918,5050
"[{'X'}, {'O'}, {'M'}, {'P'}]",0.3146879334955234,133,0.8730593607305936,0.9020696794431918,5050
"[{'X'}, {'O'}, {'T'}, {'M'}]",0.3146783216243254,134,0.8731238273921201,0.9020696794431918,5050
"[{'Y'}, {'M'}, {'O'}, {'X'}]",0.31464215243947735,109,0.8716307277628031,0.9020696794431918,5050
"[{'M'}, {'Z'}, {'P'}, {'Y'}]",0.3146111710220223,111,0.8718032786885245,0.9020696794431918,5050
"[{'T'}, {'T'}, {'Y'}, {'W'}]",0.3146104434989313,110,0.8717355371900826,0.9020696794431918,5050
"[{'T'}, {'M'}, {'T'}, {'M'}]",0.3146083234209104,116,0.872137972048766,0.9020696794431918,5050
"[{'V'}, {'U'}, {'U'}, {'Y'}]",0.31459006526389555,117,0.8722222222222222,0.9020696794431918,5050
"[{'O'}, {'M'}, {'N'}, {'M'}, {'Z'}]",0.3145492505511823,27,0.7894736842105263,0.9020696794431918,5050
"[{'O'}, {'T'}, {'N'}, {'M'}]",0.3145343377562084,121,0.872532894736842,0.9020696794431918,5050
"[{'U'}, {'T'}, {'M'}, {'Z'}]",0.31451508447455123,114,0.8721109399075501,0.9020696794431918,5050
"[{'U'}, {'Y'}, {'X'}, {'X'}]",0.31448058549334945,108,0.8717421124828533,0.9020696794431918,5050
"[{'T'}, {'Z'}, {'Y'}, {'Y'}]",0.31447165793137644,134,0.8733438131596676,0.9020696794431918,5050
"[{'T'}, {'P'}, {'T'}, {'T'}]",0.3143923050303379,112,0.8721153846153846,0.9020696794431918,5050
"[{'M'}, {'P'}, {'Y'}, {'P'}]",0.31434684166764115,113,0.8722327640733712,0.9020696794431918,5050
"[{'P'}, {'T'}, {'X'}, {'U'}]",0.31428484071185747,121,0.8728070175438597,0.9020696794431918,5050
"[{'T'}, {'W'}, {'P'}, {'Z'}]",0.31413430188829694,114,0.8725369458128079,0.9020696794431918,5050
"[{'U'}, {'T'}, {'O'}, {'Z'}]",0.31413225535413936,112,0.872408293460925,0.9020696794431918,5050
"[{'U'}, {'M'}, {'O'}, {'X'}]",0.31403857583296946,107,0.8721751412429379,0.9020696794431918,5050
"[{'M'}, {'Z'}, {'X'}, {'W'}]",0.31400668346155036,120,0.8730555555555556,0.9020696794431918,5050
"[{'U'}, {'Z'}, {'P'}, {'Z'}]",0.31396594189530624,114,0.8727272727272727,0.9020696794431918,5050
"[{'W'}, {'M'}, {'V'}, {'Y'}]",0.3139638207938761,115,0.8727936701156421,0.9020696794431918,5050
"[{'M'}, {'T'}, {'P'}, {'T'}]",0.31396175443494545,118,0.872983870967742,0.9020696794431918,5050
"[{'N'}, {'Y'}, {'X'}, {'V'}]",0.3139263608738577,131,0.873772791023843,0.9020696794431918,5050
"[{'X'}, {'P'}, {'M'}, {'Y'}]",0.31386717227444394,114,0.8728395061728396,0.9020696794431918,5050
"[{'T'}, {'Z'}, {'T'}, {'T'}]",0.31383486832784147,106,0.8723404255319149,0.9020696794431918,5050
"[{'T'}, {'M'}, {'O'}, {'X'}]",0.3138145518872626,104,0.8722222222222221,0.9020696794431918,5050
"[{'M'}, {'V'}, {'M'}, {'N'}]",0.31369632655488766,115,0.8730979914790019,0.9020696794431918,5050
"[{'W'}, {'W'}, {'T'}, {'P'}]",0.3136642662493839,136,0.874322860238353,0.9020696794431918,5050
"[{'X'}, {'N'}, {'M'}, {'W'}]",0.313612146376542,123,0.8736758474576272,0.9020696794431918,5050
"[{'O'}, {'W'}, {'T'}, {'Z'}]",0.313598441269359,128,0.8739726027397261,0.9020696794431918,5050
"[{'U'}, {'Z'}, {'W'}, {'P'}]",0.313557677209089,123,0.8737373737373736,0.9020696794431918,5050
"[{'U'}, {'N'}, {'W'}, {'T'}]",0.3135535144699859,122,0.8736842105263157,0.9020696794431918,5050
"[{'M'}, {'T'}, {'X'}, {'P'}]",0.3135292187182148,101,0.8723404255319148,0.9020696794431918,5050
"[{'X'}, {'N'}, {'V'}, {'P'}]",0.31348714211450446,119,0.8735827664399093,0.9020696794431918,5050
"[{'Z'}, {'V'}, {'T'}, {'W'}]",0.3134812010981015,118,0.8735294117647059,0.9020696794431918,5050
"[{'T'}, {'O'}, {'M'}, {'M'}]",0.3134634587568238,109,0.8729784366576819,0.9020696794431918,5050
"[{'P'}, {'M'}, {'Y'}, {'T'}]",0.3134470633923554,111,0.8731294729993494,0.9020696794431918,5050
"[{'O'}, {'P'}, {'W'}, {'N'}]",0.31342078185464295,124,0.8739495798319328,0.9020696794431918,5050
"[{'P'}, {'Z'}, {'P'}, {'N'}]",0.31340431191188156,135,0.8745590828924162,0.9020696794431918,5050
"[{'M'}, {'O'}, {'N'}, {'X'}]",0.31335973858219845,119,0.8737288135593221,0.9020696794431918,5050
"[{'X'}, {'P'}, {'M'}, {'N'}]",0.313328485954361,122,0.8739403882964178,0.9020696794431918,5050
"[{'M'}, {'W'}, {'U'}, {'T'}]",0.31330727486460197,119,0.8737891737891738,0.9020696794431918,5050
"[{'Y'}, {'O'}, {'P'}, {'O'}]",0.31323179923124733,99,0.8725490196078431,0.9020696794431918,5050
"[{'X'}, {'M'}, {'X'}, {'M'}]",0.31321757131719674,115,0.8736507936507937,0.9020696794431918,5050
"[{'P'}, {'X'}, {'N'}, {'W'}, {'U'}]",0.3132161501543209,23,0.7857142857142857,0.9020696794431918,5050
"[{'P'}, {'Z'}, {'X'}, {'V'}]",0.31318816263067584,121,0.8740437158469946,0.9020696794431918,5050
"[{'O'}, {'T'}, {'W'}, {'N'}]",0.3131802986883422,132,0.8746556473829201,0.9020696794431918,5050
"[{'W'}, {'N'}, {'P'}, {'Z'}]",0.3131764937082032,117,0.8738207547169811,0.9020696794431918,5050
"[{'W'}, {'T'}, {'Y'}, {'M'}]",0.31313259859895504,106,0.8731671554252199,0.9020696794431918,5050
"[{'P'}, {'U'}, {'O'}, {'O'}]",0.31310299491177174,111,0.8735332464146023,0.9020696794431918,5050
"[{'Y'}, {'X'}, {'P'}, {'Y'}]",0.31307154257679304,130,0.8746742478085762,0.9020696794431918,5050
"[{'Y'}, {'X'}, {'Y'}, {'W'}]",0.31306693378254646,120,0.8741258741258742,0.9020696794431918,5050
"[{'X'}, {'V'}, {'Y'}, {'M'}]",0.31303623914945367,131,0.8747667910447762,0.9020696794431918,5050
"[{'T'}, {'T'}, {'W'}, {'V'}]",0.3129762954505648,102,0.8730769230769231,0.9020696794431918,5050
"[{'T'}, {'N'}, {'X'}, {'M'}]",0.3129268290361036,92,0.8723809523809525,0.9020696794431918,5050
"[{'W'}, {'N'}, {'W'}, {'Y'}]",0.31288849964834664,125,0.8746153846153846,0.9020696794431918,5050
"[{'O'}, {'W'}, {'T'}, {'V'}]",0.31278687911481573,130,0.875,0.9020696794431918,5050
"[{'N'}, {'U'}, {'P'}, {'P'}]",0.3127785276656865,97,0.8729543496985358,0.9020696794431918,5050
"[{'M'}, {'O'}, {'N'}, {'P'}]",0.3127576759426085,127,0.8748753738783649,0.9020696794431918,5050
"[{'Z'}, {'X'}, {'O'}, {'Z'}]",0.3127569426223563,116,0.8742532855436081,0.9020696794431918,5050
"[{'V'}, {'O'}, {'P'}, {'O'}]",0.3127441967446881,112,0.8740234375,0.9020696794431918,5050
"[{'M'}, {'T'}, {'N'}, {'U'}]",0.3127229411504676,128,0.8749688667496887,0.9020696794431918,5050
"[{'X'}, {'P'}, {'W'}, {'M'}]",0.3127129050658727,118,0.8744239631336405,0.9020696794431918,5050
"[{'M'}, {'T'}, {'Y'}, {'W'}]",0.31267963584801106,131,0.8751753155680224,0.9020696794431918,5050
"[{'X'}, {'P'}, {'V'}, {'W'}]",0.31265074698006634,124,0.8748373666406453,0.9020696794431918,5050
"[{'X'}, {'X'}, {'U'}, {'N'}]",0.3126388127141341,113,0.8742118537200504,0.9020696794431918,5050
"[{'X'}, {'U'}, {'Z'}, {'Y'}]",0.31262953529689863,131,0.8752332089552239,0.9020696794431918,5050
"[{'P'}, {'T'}, {'V'}, {'M'}]",0.3125767217921682,105,0.873771730914588,0.9020696794431918,5050
"[{'N'}, {'X'}, {'X'}, {'P'}]",0.3125469978314278,121,0.8747927031509121,0.9020696794431918,5050
"[{'X'}, {'M'}, {'T'}, {'M'}]",0.31252450810404575,115,0.8744706594071385,0.9020696794431918,5050
"[{'U'}, {'Y'}, {'N'}, {'X'}]",0.3124702234357154,107,0.8740350877192983,0.9020696794431918,5050
"[{'U'}, {'P'}, {'T'}, {'V'}]",0.31244058557209875,113,0.874450721908349,0.9020696794431918,5050
"[{'T'}, {'X'}, {'W'}, {'Z'}]",0.3123796710707202,110,0.8743386243386244,0.9020696794431918,5050
"[{'Y'}, {'T'}, {'U'}, {'Y'}]",0.3123286417071133,131,0.8755835667600373,0.9020696794431918,5050
"[{'P'}, {'X'}, {'P'}, {'Y'}]",0.3123154099135298,121,0.8750683433570257,0.9020696794431918,5050
"[{'M'}, {'X'}, {'U'}, {'P'}]",0.3122966601737829,108,0.8743131868131868,0.9020696794431918,5050
"[{'O'}, {'W'}, {'Z'}, {'U'}]",0.3122921214105657,114,0.8746913580246913,0.9020696794431918,5050
"[{'U'}, {'P'}, {'V'}, {'Y'}]",0.3122362103531817,133,0.8757918552036199,0.9020696794431918,5050
"[{'Y'}, {'M'}, {'O'}, {'W'}]",0.3122024708588772,93,0.8733766233766234,0.9020696794431918,5050
"[{'X'}, {'V'}, {'Z'}, {'Z'}]",0.3121755643849107,127,0.875558867362146,0.9020696794431918,5050
"[{'Y'}, {'Z'}, {'M'}, {'U'}]",0.3120688488565977,109,0.8746584699453551,0.9020696794431918,5050
"[{'X'}, {'N'}, {'P'}, {'N'}]",0.3120432298765965,107,0.8745632424877707,0.9020696794431918,5050
"[{'V'}, {'O'}, {'Y'}, {'U'}]",0.31203963171131643,114,0.8749999999999999,0.9020696794431918,5050
"[{'Y'}, {'Z'}, {'N'}, {'V'}]",0.3120368962975113,105,0.874441132637854,0.9020696794431918,5050
"[{'Z'}, {'W'}, {'M'}, {'Y'}]",0.31200355733736895,101,0.8742138364779874,0.9020696794431918,5050
"[{'X'}, {'T'}, {'T'}, {'N'}]",0.31194262862179967,112,0.875,0.9020696794431918,5050
"[{'X'}, {'Y'}, {'M'}, {'N'}]",0.31188809072135937,127,0.8759029927760578,0.9020696794431918,5050
"[{'O'}, {'T'}, {'M'}, {'X'}]",0.31184922306252616,128,0.8760010333247222,0.9020696794431918,5050
"[{'Z'}, {'T'}, {'W'}, {'N'}]",0.31184033088117,145,0.8768115942028986,0.9020696794431918,5050
"[{'W'}, {'Z'}, {'U'}, {'W'}]",0.3118267897506757,135,0.8763724198506807,0.9020696794431918,5050
"[{'P'}, {'O'}, {'P'}, {'T'}]",0.31180683041078383,125,0.875897435897436,0.9020696794431918,5050
"[{'X'}, {'W'}, {'T'}, {'M'}]",0.3117246484661641,129,0.8762019230769231,0.9020696794431918,5050
"[{'N'}, {'O'}, {'V'}, {'T'}]",0.3116695329239383,137,0.8766538625693556,0.9020696794431918,5050
"[{'U'}, {'X'}, {'M'}, {'U'}]",0.3116456599559273,124,0.8760416666666667,0.9020696794431918,5050
"[{'T'}, {'W'}, {'X'}, {'V'}]",0.3116069878801653,99,0.8745847176079735,0.9020696794431918,5050
"[{'P'}, {'Z'}, {'T'}, {'Z'}]",0.3115817386730897,104,0.8749536178107606,0.9020696794431918,5050
"[{'O'}, {'O'}, {'T'}, {'X'}]",0.3114899763719142,128,0.8764374847076095,0.9020696794431918,5050
"[{'M'}, {'N'}, {'Y'}, {'O'}]",0.3114822187306835,123,0.8761904761904763,0.9020696794431918,5050
"[{'T'}, {'N'}, {'M'}, {'N'}]",0.31147232825305604,121,0.8760964912280702,0.9020696794431918,5050
"[{'Y'}, {'T'}, {'X'}, {'M'}]",0.31142106437012873,103,0.8750957854406131,0.9020696794431918,5050
"[{'Z'}, {'O'}, {'P'}, {'T'}]",0.311367644441797,130,0.8766863905325444,0.9020696794431918,5050
"[{'W'}, {'V'}, {'X'}, {'V'}]",0.31128694786433064,107,0.8755244755244755,0.9020696794431918,5050
"[{'T'}, {'T'}, {'X'}, {'N'}]",0.3112800600568,129,0.8767453057294174,0.9020696794431918,5050
"[{'M'}, {'N'}, {'T'}, {'Y'}]",0.31127011414909433,139,0.8772256728778468,0.9020696794431918,5050
"[{'Z'}, {'U'}, {'V'}, {'U'}]",0.31115734652790494,118,0.8763301696865113,0.9020696794431918,5050
"[{'V'}, {'M'}, {'T'}, {'T'}]",0.3111491824932442,112,0.8760026737967914,0.9020696794431918,5050
"[{'O'}, {'U'}, {'V'}, {'N'}]",0.31114817761995117,124,0.8766588602654176,0.9020696794431918,5050
"[{'T'}, {'V'}, {'O'}, {'Z'}]",0.31114698218341874,107,0.8757062146892656,0.9020696794431918,5050
"[{'Z'}, {'T'}, {'M'}, {'Y'}]",0.31113506072331176,109,0.8758434547908232,0.9020696794431918,5050
"[{'N'}, {'M'}, {'Z'}, {'V'}]",0.311125460467931,131,0.8770334928229666,0.9020696794431918,5050
"[{'T'}, {'X'}, {'V'}, {'T'}]",0.3111184711486946,104,0.8755555555555556,0.9020696794431918,5050
"[{'Y'}, {'O'}, {'X'}, {'P'}]",0.311105162577597,105,0.8756363636363637,0.9020696794431918,5050
"[{'M'}, {'U'}, {'M'}, {'Y'}]",0.3110622380542073,103,0.8755656108597285,0.9020696794431918,5050
"[{'Y'}, {'O'}, {'O'}, {'T'}]",0.3110407798196928,130,0.8770909090909091,0.9020696794431918,5050
"[{'X'}, {'V'}, {'M'}, {'Z'}]",0.3109920711140153,138,0.8775210084033613,0.9020696794431918,5050
"[{'P'}, {'Y'}, {'U'}, {'W'}]",0.31096893666946346,122,0.8767823513586225,0.9020696794431918,5050
"[{'T'}, {'Y'}, {'M'}, {'P'}]",0.31094108206761195,115,0.8764420157862781,0.9020696794431918,5050
"[{'X'}, {'N'}, {'X'}, {'U'}]",0.3109167797130524,106,0.8759466282005048,0.9020696794431918,5050
"[{'T'}, {'T'}, {'T'}, {'M'}]",0.31087243350080795,113,0.8764186633039093,0.9020696794431918,5050
"[{'W'}, {'M'}, {'T'}, {'M'}]",0.3108488073435858,103,0.8758490566037735,0.9020696794431918,5050
"[{'M'}, {'Y'}, {'N'}, {'Y'}]",0.31083859198630404,104,0.8759259259259259,0.9020696794431918,5050
"[{'Z'}, {'N'}, {'T'}, {'T'}]",0.31080424716671395,119,0.8768361581920904,0.9020696794431918,5050
"[{'V'}, {'V'}, {'Z'}, {'V'}]",0.31077078914950595,121,0.876984126984127,0.9020696794431918,5050
"[{'P'}, {'V'}, {'T'}, {'P'}]",0.31075985103383286,105,0.8760932944606414,0.9020696794431918,5050
"[{'Z'}, {'O'}, {'T'}, {'X'}]",0.310726901834528,141,0.877979797979798,0.9020696794431918,5050
"[{'W'}, {'W'}, {'U'}, {'P'}]",0.31066244800978604,113,0.8766937669376694,0.9020696794431918,5050
"[{'T'}, {'Z'}, {'W'}, {'N'}]",0.3106599849105288,125,0.8773291925465838,0.9020696794431918,5050
"[{'V'}, {'T'}, {'X'}, {'V'}]",0.3106560703608875,110,0.8765309500165508,0.9020696794431918,5050
"[{'O'}, {'W'}, {'Z'}, {'Z'}]",0.3106477726521145,132,0.8776794035414726,0.9020696794431918,5050
"[{'U'}, {'P'}, {'T'}, {'P'}]",0.31063678680396056,93,0.8754629629629629,0.9020696794431918,5050
"[{'M'}, {'W'}, {'T'}, {'O'}]",0.3106345589355268,114,0.8767862813591617,0.9020696794431918,5050
"[{'T'}, {'X'}, {'Y'}, {'N'}]",0.3105218089101358,113,0.8768796992481203,0.9020696794431918,5050
"[{'P'}, {'O'}, {'Z'}, {'Z'}]",0.31048039292455676,112,0.8768787975695554,0.9020696794431918,5050
"[{'T'}, {'Z'}, {'T'}, {'Y'}]",0.3104093684808501,124,0.8776041666666666,0.9020696794431918,5050
"[{'T'}, {'M'}, {'P'}, {'Z'}]",0.3103994966681002,128,0.8778103616813294,0.9020696794431918,5050
"[{'U'}, {'W'}, {'Z'}, {'U'}]",0.31035633758532144,114,0.877155172413793,0.9020696794431918,5050
"[{'V'}, {'T'}, {'V'}, {'P'}]",0.3102461291142007,112,0.8771929824561403,0.9020696794431918,5050
"[{'Z'}, {'X'}, {'N'}, {'T'}]",0.3102157037898142,129,0.8780961631860127,0.9020696794431918,5050
"[{'V'}, {'X'}, {'T'}, {'U'}]",0.31017304530765666,116,0.877508235998802,0.9020696794431918,5050
"[{'P'}, {'O'}, {'T'}, {'N'}]",0.310143491895853,128,0.878144078144078,0.9020696794431918,5050
"[{'U'}, {'Y'}, {'T'}, {'M'}]",0.31012568192772483,104,0.8768939393939393,0.9020696794431918,5050
"[{'Z'}, {'P'}, {'X'}, {'O'}]",0.3101228443044147,116,0.8775757575757576,0.9020696794431918,5050
"[{'N'}, {'M'}, {'Y'}, {'X'}]",0.31011808535983043,117,0.8776346604215456,0.9020696794431918,5050
"[{'W'}, {'X'}, {'U'}, {'O'}]",0.3101147153266295,105,0.8769692423105776,0.9020696794431918,5050
"[{'M'}, {'Y'}, {'N'}, {'N'}]",0.3100902599425339,114,0.8775131456851222,0.9020696794431918,5050
"[{'W'}, {'P'}, {'Y'}, {'U'}]",0.3100489383461479,94,0.876358695652174,0.9020696794431918,5050
"[{'U'}, {'M'}, {'V'}, {'T'}]",0.31004111569258475,121,0.8779419813902574,0.9020696794431918,5050
"[{'N'}, {'M'}, {'U'}, {'O'}]",0.31002257693607216,104,0.877037037037037,0.9020696794431918,5050
"[{'M'}, {'U'}, {'N'}, {'O'}]",0.3100142742102311,124,0.8781249999999999,0.9020696794431918,5050
"[{'Y'}, {'N'}, {'X'}, {'V'}]",0.31000659823242804,112,0.8775183882315318,0.9020696794431918,5050
"[{'W'}, {'M'}, {'M'}, {'W'}]",0.30997320061203626,112,0.8775641025641026,0.9020696794431918,5050
"[{'V'}, {'Y'}, {'Z'}, {'U'}]",0.30992848932782213,113,0.8776796973518285,0.9020696794431918,5050
"[{'T'}, {'U'}, {'T'}, {'U'}]",0.30992006036263964,115,0.8777979431336963,0.9020696794431918,5050
"[{'X'}, {'M'}, {'T'}, {'P'}]",0.309850013914139,114,0.8778409090909091,0.9020696794431918,5050
"[{'M'}, {'M'}, {'T'}, {'V'}]",0.3098002487736986,122,0.8783155592015313,0.9020696794431918,5050
"[{'P'}, {'V'}, {'U'}, {'P'}]",0.30976570436441153,106,0.877514367816092,0.9020696794431918,5050
"[{'Y'}, {'M'}, {'O'}, {'M'}]",0.30975087351699326,103,0.8773584905660378,0.9020696794431918,5050
"[{'U'}, {'T'}, {'Z'}, {'Y'}]",0.3097499348057273,120,0.8782857142857142,0.9020696794431918,5050
"[{'M'}, {'V'}, {'O'}, {'O'}]",0.30974422190580453,124,0.8784876140808344,0.9020696794431918,5050
"[{'M'}, {'X'}, {'N'}, {'Z'}]",0.30974330508617254,116,0.8780923994038748,0.9020696794431918,5050
"[{'X'}, {'V'}, {'N'}, {'M'}]",0.30973978542037284,121,0.8783488244942592,0.9020696794431918,5050
"[{'M'}, {'M'}, {'M'}, {'V'}]",0.30972537984195747,103,0.8773946360153256,0.9020696794431918,5050
"[{'Y'}, {'N'}, {'O'}, {'M'}]",0.30968497641822745,119,0.8783248443689871,0.9020696794431918,5050
"[{'M'}, {'P'}, {'P'}, {'Z'}]",0.30967125495974746,117,0.8782429245283019,0.9020696794431918,5050
"[{'V'}, {'M'}, {'P'}, {'V'}]",0.3096641108628222,125,0.8786433492315845,0.9020696794431918,5050
"[{'Z'}, {'Y'}, {'W'}, {'V'}]",0.3096600022603039,93,0.876851851851852,0.9020696794431918,5050
"[{'Z'}, {'M'}, {'X'}, {'V'}]",0.30963408350132127,112,0.8780332056194126,0.9020696794431918,5050
"[{'P'}, {'U'}, {'N'}, {'T'}]",0.30959949150615385,122,0.8785890073831009,0.9020696794431918,5050
"[{'T'}, {'V'}, {'T'}, {'T'}]",0.30955332677615177,106,0.8778146917681802,0.9020696794431918,5050
"[{'M'}, {'P'}, {'Z'}, {'O'}]",0.3095387913639729,131,0.8790849673202614,0.9020696794431918,5050
"[{'X'}, {'P'}, {'W'}, {'Y'}]",0.3095352884941869,119,0.8785310734463277,0.9020696794431918,5050
"[{'Y'}, {'Z'}, {'P'}, {'N'}]",0.3094257648860348,135,0.8794091710758378,0.9020696794431918,5050
"[{'X'}, {'W'}, {'P'}, {'W'}]",0.3093741836884739,116,0.8786057692307693,0.9020696794431918,5050
"[{'M'}, {'W'}, {'Z'}, {'M'}]",0.30935593843469533,127,0.8791563275434243,0.9020696794431918,5050
"[{'X'}, {'Z'}, {'M'}, {'V'}]",0.3093408392570812,130,0.8793103448275862,0.9020696794431918,5050
"[{'V'}, {'T'}, {'M'}, {'Y'}]",0.30933237008946624,119,0.8788135593220339,0.9020696794431918,5050
"[{'X'}, {'X'}, {'P'}, {'M'}]",0.30932557065596,105,0.8780841799709724,0.9020696794431918,5050
"[{'W'}, {'P'}, {'M'}, {'O'}, {'X'}]",0.30930741281126317,26,0.7916666666666666,0.9020696794431918,5050
"[{'M'}, {'X'}, {'N'}, {'V'}, {'U'}]",0.3092926130521507,30,0.7955555555555556,0.9020696794431918,5050
"[{'T'}, {'P'}, {'N'}, {'V'}]",0.3092701650097406,115,0.8787019533711405,0.9020696794431918,5050
"[{'M'}, {'M'}, {'W'}, {'T'}]",0.3092602677038928,122,0.8790584415584416,0.9020696794431918,5050
"[{'V'}, {'W'}, {'W'}, {'U'}]",0.3092413040646337,122,0.8790849673202614,0.9020696794431918,5050
"[{'Y'}, {'V'}, {'U'}, {'W'}]",0.3092330309457463,114,0.8787037037037038,0.9020696794431918,5050
"[{'X'}, {'P'}, {'Y'}, {'N'}]",0.30921345502587283,127,0.8793532338308457,0.9020696794431918,5050
"[{'X'}, {'V'}, {'M'}, {'N'}]",0.30921198116443394,126,0.8793103448275862,0.9020696794431918,5050
"[{'P'}, {'Z'}, {'N'}, {'U'}]",0.3092108370944979,109,0.8784722222222222,0.9020696794431918,5050
"[{'X'}, {'O'}, {'Y'}, {'P'}]",0.30919859970960795,141,0.8799595141700405,0.9020696794431918,5050
"[{'O'}, {'V'}, {'Y'}, {'U'}]",0.30918050477359404,107,0.8784067085953879,0.9020696794431918,5050
"[{'T'}, {'X'}, {'Y'}, {'Y'}]",0.3091801792032407,119,0.8790276992651215,0.9020696794431918,5050
"[{'T'}, {'M'}, {'Y'}, {'T'}]",0.3091794719382077,109,0.8785175017158545,0.9020696794431918,5050
"[{'V'}, {'P'}, {'W'}, {'U'}]",0.3091567177141862,122,0.8792036588646758,0.9020696794431918,5050
"[{'Z'}, {'M'}, {'M'}, {'V'}]",0.30915487411930453,111,0.8786597267404034,0.9020696794431918,5050
"[{'O'}, {'V'}, {'T'}, {'Y'}]",0.30914275211223297,104,0.8782931354359926,0.9020696794431918,5050
"[{'X'}, {'Y'}, {'M'}, {'X'}]",0.30911078456202845,139,0.88,0.9020696794431918,5050
"[{'T'}, {'X'}, {'O'}, {'N'}]",0.3091052089154912,104,0.8783482142857142,0.9020696794431918,5050
"[{'T'}, {'Z'}, {'Y'}, {'P'}]",0.3090844229827562,127,0.8795330352707401,0.9020696794431918,5050
"[{'P'}, {'V'}, {'P'}, {'N'}]",0.30902007190837233,139,0.8801242236024845,0.9020696794431918,5050
"[{'P'}, {'M'}, {'V'}, {'M'}]",0.30899332490410103,113,0.8789968652037619,0.9020696794431918,5050
"[{'P'}, {'Y'}, {'M'}, {'M'}]",0.30897795920471016,97,0.8781223083548665,0.9020696794431918,5050
"[{'U'}, {'P'}, {'V'}, {'M'}]",0.3089354435143864,105,0.8786549707602339,0.9020696794431918,5050
"[{'Y'}, {'V'}, {'T'}, {'P'}]",0.3088830820769234,106,0.8787878787878788,0.9020696794431918,5050
"[{'T'}, {'M'}, {'P'}, {'Y'}]",0.30887914591182963,108,0.8789022298456262,0.9020696794431918,5050
"[{'V'}, {'Z'}, {'Z'}, {'X'}]",0.3087440455719014,112,0.8793103448275862,0.9020696794431918,5050
"[{'M'}, {'U'}, {'U'}, {'P'}]",0.3087332520737801,127,0.8800298062593145,0.9020696794431918,5050
"[{'W'}, {'V'}, {'M'}, {'T'}]",0.30872700261913555,113,0.8793859649122807,0.9020696794431918,5050
"[{'W'}, {'M'}, {'T'}, {'Z'}]",0.3086898859952193,122,0.8798701298701298,0.9020696794431918,5050
"[{'M'}, {'T'}, {'M'}, {'W'}]",0.30868845914349663,126,0.880050505050505,0.9020696794431918,5050
"[{'P'}, {'U'}, {'O'}, {'Y'}]",0.3086789589062633,129,0.8801932367149758,0.9020696794431918,5050
"[{'Z'}, {'U'}, {'O'}, {'N'}]",0.3086768503468521,116,0.8796076099881094,0.9020696794431918,5050
"[{'O'}, {'X'}, {'X'}, {'V'}]",0.30867477492871054,122,0.8798920377867747,0.9020696794431918,5050
"[{'M'}, {'U'}, {'V'}, {'X'}]",0.3086526579080262,129,0.8802308802308803,0.9020696794431918,5050
"[{'M'}, {'M'}, {'N'}, {'U'}]",0.3086403006188567,127,0.8801631820499745,0.9020696794431918,5050
"[{'M'}, {'Z'}, {'W'}, {'Y'}]",0.3086335573826705,124,0.8800416341399948,0.9020696794431918,5050
"[{'X'}, {'O'}, {'Z'}, {'X'}]",0.30861149255550513,132,0.8804147465437788,0.9020696794431918,5050
"[{'W'}, {'M'}, {'X'}, {'P'}]",0.30860961289131594,123,0.8800317796610169,0.9020696794431918,5050
"[{'T'}, {'O'}, {'N'}, {'U'}]",0.30860405120607204,111,0.8794671864847303,0.9020696794431918,5050
"[{'X'}, {'P'}, {'N'}, {'T'}]",0.30860405120607204,111,0.8794671864847303,0.9020696794431918,5050
"[{'T'}, {'N'}, {'U'}, {'U'}]",0.3085621059608099,117,0.8798245614035087,0.9020696794431918,5050
"[{'T'}, {'Z'}, {'O'}, {'W'}]",0.3085511336749087,123,0.8801169590643276,0.9020696794431918,5050
"[{'Y'}, {'Z'}, {'O'}, {'X'}]",0.30852493762099553,135,0.8806593406593406,0.9020696794431918,5050
"[{'T'}, {'N'}, {'Y'}, {'W'}]",0.30847994970464254,121,0.8801313628899836,0.9020696794431918,5050
"[{'Y'}, {'N'}, {'U'}, {'U'}]",0.3084683077705933,119,0.88005698005698,0.9020696794431918,5050
"[{'U'}, {'P'}, {'P'}, {'Y'}]",0.3084600510337354,116,0.8799283154121864,0.9020696794431918,5050
"[{'W'}, {'Y'}, {'V'}, {'Y'}]",0.3084448281591624,136,0.8808133246809431,0.9020696794431918,5050
"[{'N'}, {'X'}, {'X'}, {'X'}]",0.30843254022638034,135,0.880791722896986,0.9020696794431918,5050
"[{'U'}, {'T'}, {'X'}, {'U'}]",0.30842853820543203,123,0.8802966101694916,0.9020696794431918,5050
"[{'Z'}, {'P'}, {'T'}, {'X'}]",0.3084277152446262,130,0.8805970149253731,0.9020696794431918,5050
"[{'P'}, {'M'}, {'O'}, {'N'}]",0.30840937244460087,104,0.8793932667406585,0.9020696794431918,5050
"[{'P'}, {'P'}, {'V'}, {'P'}]",0.30840441637972216,117,0.8800586510263929,0.9020696794431918,5050
"[{'X'}, {'N'}, {'W'}, {'O'}]",0.3083649089047521,120,0.8802561960456697,0.9020696794431918,5050
"[{'W'}, {'V'}, {'T'}, {'P'}, {'N'}]",0.30833611090490376,29,0.7952380952380952,0.9020696794431918,5050
"[{'O'}, {'W'}, {'N'}, {'O'}, {'O'}]",0.30833611090490376,29,0.7952380952380952,0.9020696794431918,5050
"[{'Z'}, {'X'}, {'O'}, {'T'}]",0.3083076638663974,113,0.8800125313283209,0.9020696794431918,5050
"[{'W'}, {'P'}, {'X'}, {'Z'}]",0.3082836252253365,112,0.88,0.9020696794431918,5050
"[{'U'}, {'Y'}, {'N'}, {'V'}]",0.3082374815172092,106,0.8797653958944281,0.9020696794431918,5050
"[{'Z'}, {'Z'}, {'P'}, {'W'}]",0.30823636374832863,118,0.880357142857143,0.9020696794431918,5050
"[{'U'}, {'U'}, {'W'}, {'W'}]",0.30822434743748006,113,0.8801391524351676,0.9020696794431918,5050
"[{'T'}, {'T'}, {'V'}, {'T'}]",0.3082110915915489,119,0.8804409270774449,0.9020696794431918,5050
"[{'T'}, {'O'}, {'U'}, {'N'}]",0.3081964791430506,122,0.8805970149253731,0.9020696794431918,5050
"[{'N'}, {'Y'}, {'O'}, {'Y'}]",0.30817797175227024,143,0.8814595660749507,0.9020696794431918,5050
"[{'T'}, {'P'}, {'M'}, {'V'}]",0.3080908052423347,119,0.8806228373702422,0.9020696794431918,5050
"[{'U'}, {'T'}, {'U'}, {'O'}]",0.30807500651392006,107,0.8800699300699301,0.9020696794431918,5050
"[{'V'}, {'T'}, {'N'}, {'V'}]",0.3080729562439042,123,0.8808262711864407,0.9020696794431918,5050
"[{'U'}, {'V'}, {'M'}, {'U'}]",0.30805378072312317,102,0.8798387096774194,0.9020696794431918,5050
"[{'W'}, {'Z'}, {'O'}, {'X'}]",0.30805302526943146,121,0.8807692307692307,0.9020696794431918,5050
"[{'W'}, {'O'}, {'U'}, {'T'}]",0.3080398211723404,128,0.8810863714215806,0.9020696794431918,5050
"[{'M'}, {'W'}, {'U'}, {'Z'}]",0.30802670291194156,121,0.8808091853471842,0.9020696794431918,5050
"[{'V'}, {'Y'}, {'U'}, {'N'}]",0.3079838997056521,121,0.8808743169398907,0.9020696794431918,5050
"[{'M'}, {'T'}, {'V'}, {'W'}]",0.3079819854552588,115,0.8806060606060606,0.9020696794431918,5050
"[{'Y'}, {'Z'}, {'P'}, {'W'}]",0.30796123577101986,122,0.8809523809523809,0.9020696794431918,5050
"[{'O'}, {'W'}, {'Y'}, {'U'}]",0.3079346158702958,109,0.8803908355795148,0.9020696794431918,5050
"[{'V'}, {'P'}, {'X'}, {'V'}]",0.30793207323593896,108,0.8803448275862069,0.9020696794431918,5050
"[{'Z'}, {'V'}, {'N'}, {'P'}]",0.30788669892228027,107,0.8803659394792399,0.9020696794431918,5050
"[{'O'}, {'Y'}, {'X'}, {'X'}]",0.30782490385634353,131,0.8815298507462687,0.9020696794431918,5050
"[{'U'}, {'T'}, {'U'}, {'W'}]",0.3078163020936716,123,0.8812169312169311,0.9020696794431918,5050
"[{'U'}, {'T'}, {'W'}, {'U'}]",0.3077910820839843,118,0.8810386473429952,0.9020696794431918,5050
"[{'U'}, {'Z'}, {'P'}, {'W'}]",0.3077701042539477,127,0.881453634085213,0.9020696794431918,5050
"[{'T'}, {'W'}, {'Z'}, {'M'}]",0.30775813856014445,111,0.8807667316439246,0.9020696794431918,5050
"[{'T'}, {'V'}, {'Y'}, {'U'}]",0.3077579634387636,102,0.8803118908382066,0.9020696794431918,5050
"[{'T'}, {'V'}, {'Z'}, {'V'}]",0.3077520602557172,116,0.8810096153846154,0.9020696794431918,5050
"[{'O'}, {'Y'}, {'P'}, {'M'}]",0.3077520602557172,116,0.8810096153846154,0.9020696794431918,5050
"[{'U'}, {'V'}, {'M'}, {'T'}]",0.30774845227691594,128,0.8815270935960591,0.9020696794431918,5050
"[{'P'}, {'T'}, {'Z'}, {'V'}]",0.3077450729716945,119,0.8811544991511036,0.9020696794431918,5050
"[{'W'}, {'V'}, {'P'}, {'O'}]",0.307689320139128,96,0.8800925925925925,0.9020696794431918,5050
"[{'N'}, {'U'}, {'T'}, {'P'}]",0.3076713918885182,109,0.8808080808080807,0.9020696794431918,5050
"[{'T'}, {'Y'}, {'V'}, {'W'}]",0.30762995780891467,121,0.8814207650273224,0.9020696794431918,5050
"[{'X'}, {'Y'}, {'Y'}, {'Z'}]",0.3075997572735315,99,0.8804081632653061,0.9020696794431918,5050
"[{'M'}, {'O'}, {'O'}, {'U'}]",0.3075710367093003,130,0.8818785578747628,0.9020696794431918,5050
"[{'T'}, {'W'}, {'W'}, {'Y'}]",0.30756076863576765,117,0.8813559322033898,0.9020696794431918,5050
"[{'X'}, {'P'}, {'N'}, {'O'}]",0.30751846217700596,103,0.8807547169811321,0.9020696794431918,5050
"[{'M'}, {'U'}, {'O'}, {'X'}]",0.30751057890266564,127,0.8818544366899302,0.9020696794431918,5050
"[{'V'}, {'N'}, {'Y'}, {'X'}]",0.30749154343212715,116,0.8814217443249701,0.9020696794431918,5050
"[{'W'}, {'T'}, {'M'}, {'U'}]",0.30746705749496184,104,0.8808905380333952,0.9020696794431918,5050
"[{'Z'}, {'Z'}, {'N'}, {'P'}]",0.3074602407416387,112,0.8812903225806452,0.9020696794431918,5050
"[{'Y'}, {'P'}, {'P'}, {'W'}]",0.30742865071121384,106,0.881054131054131,0.9020696794431918,5050
"[{'N'}, {'Y'}, {'W'}, {'X'}]",0.30742772212637715,122,0.8817813765182186,0.9020696794431918,5050
"[{'T'}, {'Y'}, {'W'}, {'Z'}]",0.30740431918429656,94,0.8804545454545455,0.9020696794431918,5050
"[{'W'}, {'T'}, {'W'}, {'X'}]",0.30738010380253356,127,0.8820589705147427,0.9020696794431918,5050
"[{'T'}, {'Y'}, {'X'}, {'N'}]",0.3073762156085845,110,0.8813333333333333,0.9020696794431918,5050
"[{'Y'}, {'T'}, {'V'}, {'U'}]",0.3073686390167205,107,0.8812019566736548,0.9020696794431918,5050
"[{'Y'}, {'M'}, {'P'}, {'P'}]",0.3073566464363363,126,0.8820564516129032,0.9020696794431918,5050
"[{'M'}, {'U'}, {'X'}, {'M'}]",0.30733787241689137,126,0.8820861678004535,0.9020696794431918,5050
"[{'N'}, {'Z'}, {'M'}, {'V'}]",0.3073295269620625,126,0.8820993914807302,0.9020696794431918,5050
"[{'M'}, {'N'}, {'P'}, {'N'}]",0.3073254866901768,121,0.8819026790595954,0.9020696794431918,5050
"[{'U'}, {'O'}, {'X'}, {'O'}]",0.3072358789864156,134,0.8825510891533798,0.9020696794431918,5050
"[{'V'}, {'T'}, {'P'}, {'U'}]",0.3072030853760217,112,0.8817100610736098,0.9020696794431918,5050
"[{'M'}, {'P'}, {'P'}, {'M'}, {'N'}]",0.3071796150697894,21,0.787037037037037,0.9020696794431918,5050
"[{'M'}, {'Z'}, {'O'}, {'X'}]",0.30715656636874267,111,0.8817413905133202,0.9020696794431918,5050
"[{'M'}, {'X'}, {'M'}, {'Y'}]",0.30706700353113625,104,0.881559220389805,0.9020696794431918,5050
"[{'M'}, {'V'}, {'O'}, {'T'}, {'P'}]",0.30706017679191855,27,0.7941176470588235,0.9020696794431918,5050
"[{'O'}, {'P'}, {'W'}, {'M'}]",0.3070567122531488,114,0.8820417055711175,0.9020696794431918,5050
"[{'M'}, {'V'}, {'Z'}, {'M'}]",0.3070196555088054,117,0.8822326125073057,0.9020696794431918,5050
"[{'O'}, {'Z'}, {'N'}, {'T'}]",0.3070180185986445,121,0.8824013157894737,0.9020696794431918,5050
"[{'N'}, {'T'}, {'P'}, {'X'}]",0.306964081785984,129,0.8828009828009828,0.9020696794431918,5050
"[{'V'}, {'M'}, {'T'}, {'U'}]",0.3069625171082154,110,0.8820206048521103,0.9020696794431918,5050
"[{'W'}, {'M'}, {'U'}, {'T'}]",0.30695349866769217,116,0.8823000898472596,0.9020696794431918,5050
"[{'N'}, {'M'}, {'V'}, {'M'}]",0.3069515328738952,128,0.8827838827838828,0.9020696794431918,5050
"[{'X'}, {'Z'}, {'P'}, {'X'}]",0.30692599197974246,114,0.882260101010101,0.9020696794431918,5050
"[{'M'}, {'P'}, {'U'}, {'Y'}]",0.3069138961556044,114,0.8822804314329739,0.9020696794431918,5050
"[{'O'}, {'U'}, {'W'}, {'N'}]",0.3068870850720312,130,0.8829633204633205,0.9020696794431918,5050
"[{'N'}, {'T'}, {'U'}, {'X'}]",0.3068801975628793,138,0.8832575265323803,0.9020696794431918,5050
"[{'X'}, {'O'}, {'T'}, {'Z'}]",0.30686208511785795,136,0.8832179930795847,0.9020696794431918,5050
"[{'T'}, {'Y'}, {'W'}, {'O'}]",0.30681831725774256,90,0.8812469074715487,0.9020696794431918,5050
"[{'X'}, {'Y'}, {'W'}, {'P'}]",0.3067902794762575,126,0.8829732510288066,0.9020696794431918,5050
"[{'Y'}, {'O'}, {'Y'}, {'T'}]",0.30678872811261837,138,0.883405172413793,0.9020696794431918,5050
"[{'U'}, {'T'}, {'T'}, {'T'}, {'N'}]",0.30677039997635724,25,0.7922077922077922,0.9020696794431918,5050
"[{'U'}, {'U'}, {'U'}, {'P'}]",0.30675460840453994,131,0.8832167832167832,0.9020696794431918,5050
"[{'N'}, {'W'}, {'O'}, {'P'}]",0.3067481659464364,118,0.8827285921625544,0.9020696794431918,5050
"[{'W'}, {'Z'}, {'T'}, {'V'}]",0.3066847003638761,132,0.883367839889579,0.9020696794431918,5050
"[{'V'}, {'X'}, {'V'}, {'Z'}]",0.30667443628109803,106,0.8823315118397086,0.9020696794431918,5050
"[{'W'}, {'Z'}, {'W'}, {'Z'}]",0.3066092078770206,121,0.8830845771144279,0.9020696794431918,5050
"[{'X'}, {'T'}, {'Y'}, {'U'}]",0.3066049075450241,122,0.8831309041835357,0.9020696794431918,5050
"[{'O'}, {'X'}, {'P'}, {'N'}]",0.3065382590108794,127,0.8834325396825397,0.9020696794431918,5050
"[{'Z'}, {'T'}, {'Z'}, {'Y'}]",0.3065166817822951,120,0.8832035595105674,0.9020696794431918,5050
"[{'Y'}, {'Z'}, {'T'}, {'X'}]",0.30649885332733895,132,0.883677733921523,0.9020696794431918,5050
"[{'M'}, {'Y'}, {'V'}, {'T'}, {'W'}]",0.30649414817864307,21,0.7875,0.9020696794431918,5050
"[{'X'}, {'V'}, {'X'}, {'X'}]",0.30646874614988917,133,0.8837630031659882,0.9020696794431918,5050
"[{'O'}, {'P'}, {'U'}, {'U'}]",0.30645775011618037,108,0.8828043250784792,0.9020696794431918,5050
"[{'X'}, {'W'}, {'N'}, {'W'}]",0.30645775011618037,108,0.8828043250784793,0.9020696794431918,5050
"[{'T'}, {'U'}, {'Z'}, {'W'}]",0.30645501426628474,136,0.8838878016960209,0.9020696794431918,5050
"[{'X'}, {'V'}, {'T'}, {'P'}]",0.3064480133695865,112,0.8829958212793314,0.9020696794431918,5050
"[{'W'}, {'M'}, {'W'}, {'X'}]",0.3064466938170576,145,0.8841904761904762,0.9020696794431918,5050
"[{'U'}, {'N'}, {'T'}, {'U'}]",0.3064187364588895,107,0.8828289936664321,0.9020696794431918,5050
"[{'V'}, {'Y'}, {'T'}, {'M'}]",0.3064177133932734,111,0.8830065359477124,0.9020696794431918,5050
"[{'X'}, {'M'}, {'N'}, {'N'}]",0.30641370213125985,128,0.8836805555555556,0.9020696794431918,5050
"[{'O'}, {'T'}, {'Y'}, {'W'}]",0.3063994958265578,146,0.8842991011665711,0.9020696794431918,5050
"[{'U'}, {'O'}, {'M'}, {'U'}]",0.3063675296204541,112,0.8831380208333334,0.9020696794431918,5050
"[{'Y'}, {'T'}, {'O'}, {'Y'}]",0.3063668867546149,128,0.8837606837606837,0.9020696794431918,5050
"[{'T'}, {'Y'}, {'O'}, {'P'}]",0.30635050373447026,116,0.8833333333333333,0.9020696794431918,5050
"[{'X'}, {'P'}, {'W'}, {'U'}]",0.30630533373956814,127,0.8838308457711442,0.9020696794431918,5050
"[{'P'}, {'T'}, {'P'}, {'X'}]",0.30630443786247386,114,0.8833333333333333,0.9020696794431918,5050
"[{'V'}, {'T'}, {'N'}, {'O'}]",0.30628057190115343,109,0.8831649831649832,0.9020696794431918,5050
"[{'X'}, {'N'}, {'W'}, {'P'}]",0.3062634694149625,124,0.8837944664031621,0.9020696794431918,5050
"[{'T'}, {'U'}, {'O'}, {'P'}]",0.306259554130873,121,0.8836891078270388,0.9020696794431918,5050
"[{'O'}, {'W'}, {'Z'}, {'P'}]",0.3062489535189763,127,0.8839285714285714,0.9020696794431918,5050
"[{'T'}, {'N'}, {'X'}, {'Y'}]",0.30621668741713237,104,0.8830584707646176,0.9020696794431918,5050
"[{'W'}, {'W'}, {'M'}, {'V'}]",0.3062018916464254,110,0.8833499501495513,0.9020696794431918,5050
"[{'Y'}, {'N'}, {'P'}, {'U'}]",0.3061874733855029,109,0.8833333333333333,0.9020696794431918,5050
"[{'U'}, {'T'}, {'M'}, {'U'}]",0.3061556325022321,111,0.8834759710335747,0.9020696794431918,5050
"[{'P'}, {'X'}, {'T'}, {'Z'}]",0.3061320983877348,114,0.883641975308642,0.9020696794431918,5050
"[{'Z'}, {'Y'}, {'M'}, {'T'}]",0.306129568179936,126,0.8841017888636936,0.9020696794431918,5050
"[{'T'}, {'V'}, {'Z'}, {'Z'}]",0.3061290239450474,110,0.883482290632241,0.9020696794431918,5050
"[{'T'}, {'W'}, {'T'}, {'X'}]",0.30612611250722555,133,0.8843490304709141,0.9020696794431918,5050
"[{'T'}, {'N'}, {'Y'}, {'U'}]",0.30608920101371284,117,0.8838383838383838,0.9020696794431918,5050
"[{'V'}, {'M'}, {'T'}, {'N'}]",0.3060806316865303,112,0.8836538461538461,0.9020696794431918,5050
"[{'X'}, {'T'}, {'Y'}, {'V'}]",0.30606693680433483,111,0.8836375488917863,0.9020696794431918,5050
"[{'Z'}, {'T'}, {'V'}, {'Y'}]",0.3060643168617271,127,0.8842523596621957,0.9020696794431918,5050
"[{'U'}, {'X'}, {'M'}, {'M'}]",0.30605337337714533,110,0.8836206896551724,0.9020696794431918,5050
"[{'M'}, {'U'}, {'V'}, {'Z'}]",0.30604469169600157,107,0.8835087719298246,0.9020696794431918,5050
"[{'T'}, {'Z'}, {'Z'}, {'X'}]",0.3059885750172413,120,0.8841344818005001,0.9020696794431918,5050
"[{'W'}, {'M'}, {'N'}, {'M'}]",0.3059740067853488,139,0.8848069738480697,0.9020696794431918,5050
"[{'P'}, {'V'}, {'N'}, {'Z'}]",0.30595519630261014,109,0.8837601078167117,0.9020696794431918,5050
"[{'X'}, {'W'}, {'Z'}, {'V'}]",0.30595457714149865,115,0.8840048840048841,0.9020696794431918,5050
"[{'W'}, {'X'}, {'M'}, {'O'}]",0.3059484740555144,104,0.8835565476190476,0.9020696794431918,5050
"[{'N'}, {'T'}, {'N'}, {'T'}]",0.30594357020443586,111,0.883864671437866,0.9020696794431918,5050
"[{'T'}, {'U'}, {'T'}, {'T'}]",0.30592120169344295,106,0.8836956521739131,0.9020696794431918,5050
"[{'Y'}, {'T'}, {'T'}, {'Y'}]",0.30590598837727434,111,0.8839344262295081,0.9020696794431918,5050
"[{'Z'}, {'P'}, {'P'}, {'N'}]",0.30590246998004045,130,0.8846431146359048,0.9020696794431918,5050
"[{'X'}, {'M'}, {'Y'}, {'O'}]",0.30589690328739716,126,0.8845164609053497,0.9020696794431918,5050
"[{'X'}, {'Y'}, {'M'}, {'Y'}]",0.3058951061723506,119,0.8842671194114319,0.9020696794431918,5050
"[{'Z'}, {'U'}, {'M'}, {'U'}]",0.30589380982757997,105,0.8837037037037037,0.9020696794431918,5050
"[{'Y'}, {'N'}, {'Y'}, {'M'}]",0.30587779707530505,111,0.8839869281045752,0.9020696794431918,5050
"[{'T'}, {'Z'}, {'U'}, {'P'}]",0.305876945543784,106,0.8837789661319073,0.9020696794431918,5050
"[{'M'}, {'T'}, {'U'}, {'X'}]",0.3058579136041838,129,0.8846894559460761,0.9020696794431918,5050
"[{'V'}, {'Y'}, {'P'}, {'V'}]",0.3058568871734558,107,0.883859649122807,0.9020696794431918,5050
"[{'Z'}, {'T'}, {'V'}, {'X'}]",0.3058401173038874,138,0.885011561908766,0.9020696794431918,5050
"[{'M'}, {'Z'}, {'M'}, {'Y'}]",0.305840108711934,105,0.8838053740014524,0.9020696794431918,5050
"[{'M'}, {'O'}, {'M'}, {'X'}]",0.30583145300850634,126,0.8846348884381339,0.9020696794431918,5050
"[{'P'}, {'W'}, {'T'}, {'W'}]",0.3057957442882284,123,0.8845948827292112,0.9020696794431918,5050
"[{'Y'}, {'V'}, {'O'}, {'T'}]",0.3057940611766482,122,0.8845622756144711,0.9020696794431918,5050
"[{'X'}, {'U'}, {'Y'}, {'Y'}]",0.3057845682475199,123,0.8846153846153846,0.9020696794431918,5050
"[{'X'}, {'V'}, {'Z'}, {'U'}]",0.30576405277421925,117,0.8844339622641509,0.9020696794431918,5050
"[{'M'}, {'Z'}, {'M'}, {'P'}]",0.30576028202708605,112,0.8842474489795918,0.9020696794431918,5050
"[{'N'}, {'O'}, {'Z'}, {'U'}]",0.3057395517991589,113,0.8843260188087775,0.9020696794431918,5050
"[{'O'}, {'Y'}, {'U'}, {'X'}]",0.30573692800789476,122,0.8846675712347354,0.9020696794431918,5050
"[{'O'}, {'W'}, {'T'}, {'Y'}]",0.30572229229045234,138,0.8852217784317847,0.9020696794431918,5050
"[{'T'}, {'T'}, {'T'}, {'Z'}]",0.30570661915392594,119,0.8846153846153846,0.9020696794431918,5050
"[{'M'}, {'P'}, {'M'}, {'T'}]",0.30570415831128883,111,0.8843137254901962,0.9020696794431918,5050
"[{'W'}, {'Z'}, {'T'}, {'T'}]",0.30569807167650087,121,0.8847038527889592,0.9020696794431918,5050
"[{'W'}, {'Y'}, {'X'}, {'P'}]",0.3056922612097456,122,0.8847503373819163,0.9020696794431918,5050
"[{'P'}, {'V'}, {'V'}, {'P'}]",0.3056882348465715,105,0.8840960240060015,0.9020696794431918,5050
"[{'X'}, {'X'}, {'P'}, {'N'}]",0.30567952851650393,135,0.8852063213345039,0.9020696794431918,5050
"[{'M'}, {'Z'}, {'U'}, {'T'}]",0.30562565558227583,111,0.8844634628044766,0.9020696794431918,5050
"[{'X'}, {'P'}, {'T'}, {'W'}]",0.3056221075528881,126,0.8850192061459667,0.9020696794431918,5050
"[{'X'}, {'T'}, {'T'}, {'Y'}]",0.3055587828968106,134,0.8853957636566332,0.9020696794431918,5050
"[{'U'}, {'P'}, {'V'}, {'W'}]",0.30553329878012103,132,0.8853801169590644,0.9020696794431918,5050
"[{'V'}, {'N'}, {'T'}, {'X'}]",0.30547726791489294,127,0.8853233830845771,0.9020696794431918,5050
"[{'N'}, {'O'}, {'U'}, {'X'}]",0.3054278597334057,127,0.8854166666666666,0.9020696794431918,5050
"[{'M'}, {'W'}, {'N'}, {'Z'}]",0.3054142671442768,129,0.8855072463768117,0.9020696794431918,5050
"[{'X'}, {'N'}, {'M'}, {'T'}]",0.30540772934677884,112,0.8849244615879138,0.9020696794431918,5050
"[{'N'}, {'U'}, {'Y'}, {'T'}]",0.30539544977335775,120,0.8852413019079685,0.9020696794431918,5050
"[{'X'}, {'O'}, {'M'}, {'Z'}]",0.30537973072992686,119,0.8852364475201846,0.9020696794431918,5050
"[{'O'}, {'M'}, {'V'}, {'Y'}]",0.3053574599653166,120,0.8853146853146854,0.9020696794431918,5050
"[{'O'}, {'W'}, {'X'}, {'P'}]",0.3053566498273611,125,0.8854863612969635,0.9020696794431918,5050
"[{'N'}, {'P'}, {'Y'}, {'T'}]",0.3053511673852751,110,0.8849586776859504,0.9020696794431918,5050
"[{'N'}, {'W'}, {'M'}, {'T'}]",0.305336879475401,104,0.8847457627118643,0.9020696794431918,5050
"[{'M'}, {'W'}, {'T'}, {'V'}]",0.30529783907812236,127,0.8856646825396826,0.9020696794431918,5050
"[{'O'}, {'N'}, {'X'}, {'W'}]",0.30528984578990337,122,0.8855146466003763,0.9020696794431918,5050
"[{'T'}, {'Y'}, {'X'}, {'W'}]",0.3052645763916353,118,0.8854256854256854,0.9020696794431918,5050
"[{'P'}, {'Z'}, {'M'}, {'U'}]",0.3052645763916353,118,0.8854256854256853,0.9020696794431918,5050
"[{'N'}, {'X'}, {'Y'}, {'X'}]",0.30525798906375246,132,0.8858983206809293,0.9020696794431918,5050
"[{'V'}, {'O'}, {'M'}, {'Y'}]",0.30523818531611724,120,0.885547201336675,0.9020696794431918,5050
"[{'M'}, {'Z'}, {'P'}, {'P'}]",0.3052075331091507,117,0.8855029585798816,0.9020696794431918,5050
"[{'M'}, {'Y'}, {'T'}, {'W'}]",0.3052046629271513,127,0.8858447488584474,0.9020696794431918,5050
"[{'X'}, {'M'}, {'T'}, {'N'}]",0.3051973032933387,119,0.885593220338983,0.9020696794431918,5050
"[{'Y'}, {'W'}, {'V'}, {'P'}]",0.30519590847324396,122,0.8856981981981982,0.9020696794431918,5050
"[{'P'}, {'T'}, {'W'}, {'M'}]",0.3051949219256491,103,0.8849924585218703,0.9020696794431918,5050
"[{'W'}, {'X'}, {'O'}, {'Z'}]",0.3051867221038266,121,0.8856825749167592,0.9020696794431918,5050
"[{'Z'}, {'W'}, {'U'}, {'X'}]",0.3051691654041464,108,0.8852459016393442,0.9020696794431918,5050
"[{'M'}, {'N'}, {'Y'}, {'M'}]",0.30516861394096373,113,0.8854362837413685,0.9020696794431918,5050
"[{'M'}, {'X'}, {'X'}, {'W'}]",0.30516274439591506,121,0.8857299070530344,0.9020696794431918,5050
"[{'V'}, {'Y'}, {'M'}, {'X'}]",0.30515875765899936,110,0.8853439680957129,0.9020696794431918,5050
"[{'W'}, {'M'}, {'W'}, {'T'}]",0.3051521163873342,117,0.8856132075471699,0.9020696794431918,5050
"[{'P'}, {'V'}, {'N'}, {'V'}]",0.3051407836056502,105,0.8851851851851852,0.9020696794431918,5050
"[{'U'}, {'T'}, {'U'}, {'N'}]",0.30512544811619513,112,0.8854864433811802,0.9020696794431918,5050
"[{'Z'}, {'Y'}, {'P'}, {'X'}]",0.30510743183983846,112,0.8855229591836735,0.9020696794431918,5050
"[{'T'}, {'Y'}, {'V'}, {'O'}]",0.30510549795758546,105,0.8852578068264342,0.9020696794431918,5050
"[{'O'}, {'X'}, {'W'}, {'X'}]",0.30509802411924913,137,0.8863539445628998,0.9020696794431918,5050
"[{'U'}, {'Z'}, {'M'}, {'T'}]",0.30508917276469205,117,0.885739333722969,0.9020696794431918,5050
"[{'M'}, {'Y'}, {'Y'}, {'P'}]",0.3050560981055074,125,0.8860727086533539,0.9020696794431918,5050
"[{'W'}, {'X'}, {'W'}, {'Y'}]",0.3050538624990753,122,0.8859797297297297,0.9020696794431918,5050
"[{'V'}, {'T'}, {'O'}, {'P'}]",0.30505337707426594,128,0.8861726508785333,0.9020696794431918,5050
"[{'M'}, {'W'}, {'X'}, {'P'}]",0.3050527863743311,126,0.8861111111111111,0.9020696794431918,5050
"[{'P'}, {'M'}, {'W'}, {'W'}]",0.30504783784698175,106,0.8854166666666666,0.9020696794431918,5050
"[{'V'}, {'W'}, {'U'}, {'X'}]",0.3050329946385133,122,0.886021505376344,0.9020696794431918,5050
"[{'M'}, {'O'}, {'O'}, {'X'}]",0.3050181765267046,132,0.8863636363636364,0.9020696794431918,5050
"[{'Y'}, {'M'}, {'O'}, {'U'}]",0.3049963124850419,110,0.8856763044200732,0.9020696794431918,5050
"[{'N'}, {'U'}, {'U'}, {'M'}]",0.304994690970654,121,0.8860655737704918,0.9020696794431918,5050
"[{'U'}, {'M'}, {'P'}, {'U'}]",0.30499325267879374,121,0.886068476977568,0.9020696794431918,5050
"[{'Z'}, {'V'}, {'M'}, {'T'}]",0.3049774351505208,124,0.8861979166666667,0.9020696794431918,5050
"[{'Z'}, {'U'}, {'M'}, {'P'}]",0.30497725987029567,107,0.8856022808267997,0.9020696794431918,5050
"[{'Z'}, {'O'}, {'V'}, {'V'}]",0.30497698767921344,130,0.8863851992409867,0.9020696794431918,5050
"[{'M'}, {'W'}, {'X'}, {'Z'}]",0.30497082994703506,126,0.8862745098039215,0.9020696794431918,5050
"[{'U'}, {'Y'}, {'X'}, {'P'}]",0.30496575546069193,113,0.8858490566037736,0.9020696794431918,5050
"[{'W'}, {'N'}, {'W'}, {'U'}]",0.30495069042244727,109,0.8857336037863421,0.9020696794431918,5050
"[{'W'}, {'P'}, {'M'}, {'M'}]",0.3049197869273218,90,0.885,0.9020696794431918,5050
"[{'N'}, {'O'}, {'Y'}, {'O'}]",0.3049029745848959,133,0.8866213151927438,0.9020696794431918,5050
"[{'Z'}, {'V'}, {'T'}, {'N'}]",0.30490001221749774,122,0.8862903225806451,0.9020696794431918,5050
"[{'X'}, {'M'}, {'W'}, {'T'}]",0.30487524672757926,111,0.8859649122807018,0.9020696794431918,5050
"[{'X'}, {'Z'}, {'M'}, {'N'}]",0.3048411848426529,127,0.8865671641791044,0.9020696794431918,5050
"[{'O'}, {'W'}, {'W'}, {'U'}]",0.3048354562246899,119,0.8863247863247864,0.9020696794431918,5050
"[{'N'}, {'P'}, {'N'}, {'U'}]",0.3048322695518234,106,0.8858695652173912,0.9020696794431918,5050
"[{'P'}, {'X'}, {'V'}, {'P'}]",0.3048264142372138,114,0.8861738323538509,0.9020696794431918,5050
"[{'Z'}, {'T'}, {'M'}, {'N'}]",0.3048140455900529,107,0.8859463276836158,0.9020696794431918,5050
"[{'U'}, {'N'}, {'U'}, {'T'}]",0.3048136812722786,124,0.8865306122448979,0.9020696794431918,5050
"[{'M'}, {'M'}, {'T'}, {'Y'}]",0.30481158517299534,108,0.885989010989011,0.9020696794431918,5050
"[{'X'}, {'U'}, {'Z'}, {'M'}]",0.30480981293034903,126,0.8866005593694382,0.9020696794431918,5050
"[{'T'}, {'T'}, {'M'}, {'U'}]",0.30476025837928056,113,0.8862781954887218,0.9020696794431918,5050
"[{'N'}, {'T'}, {'V'}, {'P'}]",0.30472774479659104,125,0.8867389060887514,0.9020696794431918,5050
"[{'T'}, {'Y'}, {'U'}, {'X'}]",0.30472094554334583,117,0.8864976415094339,0.9020696794431918,5050
"[{'M'}, {'T'}, {'V'}, {'T'}]",0.304713301142747,113,0.8863779033270558,0.9020696794431918,5050
"[{'N'}, {'N'}, {'Y'}, {'Y'}]",0.3047003873265086,118,0.8865740740740741,0.9020696794431918,5050
"[{'T'}, {'M'}, {'P'}, {'M'}]",0.3046979498154433,101,0.8859649122807017,0.9020696794431918,5050
"[{'T'}, {'N'}, {'O'}, {'P'}]",0.30468682299465044,121,0.8866995073891626,0.9020696794431918,5050
"[{'Y'}, {'T'}, {'N'}, {'X'}]",0.30468475220090097,110,0.8863333333333333,0.9020696794431918,5050
"[{'P'}, {'M'}, {'W'}, {'T'}]",0.30466642825447054,112,0.8864433811802233,0.9020696794431918,5050
"[{'P'}, {'W'}, {'Z'}, {'T'}]",0.3046657174617996,113,0.8864795918367346,0.9020696794431918,5050
"[{'P'}, {'Z'}, {'V'}, {'V'}]",0.3046529750766397,113,0.8865069356872635,0.9020696794431918,5050
"[{'T'}, {'X'}, {'M'}, {'V'}]",0.30463008402079395,102,0.8861538461538463,0.9020696794431918,5050
"[{'X'}, {'O'}, {'V'}, {'T'}]",0.3046022159472932,122,0.8869095816464238,0.9020696794431918,5050
"[{'X'}, {'X'}, {'X'}, {'V'}]",0.3045981690488766,142,0.8874824191279888,0.9020696794431918,5050
"[{'Y'}, {'Z'}, {'V'}, {'T'}]",0.30458905007812553,127,0.8870887337986042,0.9020696794431918,5050
"[{'X'}, {'X'}, {'Y'}, {'N'}]",0.3045712022707894,120,0.8869130313976105,0.9020696794431918,5050
"[{'U'}, {'P'}, {'M'}, {'W'}]",0.30456538905571506,126,0.8871090770404272,0.9020696794431918,5050
"[{'N'}, {'Z'}, {'V'}, {'W'}]",0.30456138755576756,143,0.8875832354093224,0.9020696794431918,5050
"[{'N'}, {'V'}, {'Y'}, {'Y'}]",0.30455201935211207,115,0.8867924528301887,0.9020696794431918,5050
"[{'U'}, {'X'}, {'T'}, {'X'}]",0.30451884646051386,136,0.8874889478337754,0.9020696794431918,5050
"[{'O'}, {'W'}, {'Y'}, {'T'}]",0.30450844230436125,137,0.8875373452838242,0.9020696794431918,5050
"[{'X'}, {'Z'}, {'N'}, {'M'}]",0.30449293174857506,117,0.8869863013698629,0.9020696794431918,5050
"[{'T'}, {'V'}, {'Z'}, {'P'}]",0.3044902246654916,111,0.8867924528301888,0.9020696794431918,5050
"[{'X'}, {'V'}, {'U'}, {'U'}]",0.30448348048175544,107,0.8866666666666667,0.9020696794431918,5050
"[{'Z'}, {'Y'}, {'V'}, {'P'}]",0.3044643146655024,125,0.8872950819672131,0.9020696794431918,5050
"[{'Z'}, {'P'}, {'V'}, {'X'}]",0.3044565427208169,132,0.8875114784205694,0.9020696794431918,5050
"[{'M'}, {'P'}, {'X'}, {'Z'}]",0.30441882112955254,131,0.8875642823749417,0.9020696794431918,5050
"[{'U'}, {'X'}, {'X'}, {'W'}]",0.3043957175430555,138,0.8878007238662977,0.9020696794431918,5050
"[{'X'}, {'W'}, {'M'}, {'M'}]",0.3043952906764087,117,0.8872004675628288,0.9020696794431918,5050
"[{'Y'}, {'W'}, {'X'}, {'Y'}]",0.3043620075248308,131,0.8876863876863876,0.9020696794431918,5050
"[{'M'}, {'N'}, {'Y'}, {'X'}]",0.30435632424086967,124,0.8875000000000001,0.9020696794431918,5050
"[{'P'}, {'Z'}, {'Y'}, {'N'}]",0.30432694927313486,110,0.8871234690499834,0.9020696794431918,5050
"[{'X'}, {'W'}, {'N'}, {'T'}]",0.30432636998047313,118,0.8873847926267282,0.9020696794431918,5050
"[{'U'}, {'M'}, {'U'}, {'U'}]",0.3043217050908239,116,0.8873323397913562,0.9020696794431918,5050
"[{'M'}, {'V'}, {'O'}, {'T'}]",0.3043166098710044,120,0.887468030690537,0.9020696794431918,5050
"[{'V'}, {'P'}, {'N'}, {'X'}]",0.3043140482150729,109,0.8871186440677966,0.9020696794431918,5050
"[{'O'}, {'O'}, {'V'}, {'W'}]",0.3043065884990792,121,0.88752052545156,0.9020696794431918,5050
"[{'O'}, {'W'}, {'W'}, {'Z'}]",0.3043037977572467,120,0.8874965190754665,0.9020696794431918,5050
"[{'N'}, {'T'}, {'N'}, {'O'}]",0.3042968003908839,128,0.8877450980392158,0.9020696794431918,5050
"[{'X'}, {'Z'}, {'Y'}, {'Z'}]",0.3042935755576682,117,0.8874269005847953,0.9020696794431918,5050
"[{'N'}, {'T'}, {'V'}, {'Y'}]",0.30429216021897976,130,0.8878106508875739,0.9020696794431918,5050
"[{'X'}, {'P'}, {'T'}, {'V'}]",0.30428182263086967,134,0.8879407141253088,0.9020696794431918,5050
"[{'U'}, {'Z'}, {'X'}, {'N'}]",0.3042747965275091,99,0.8868464052287581,0.9020696794431918,5050
"[{'X'}, {'T'}, {'P'}, {'W'}]",0.3042618851360035,118,0.8875291375291375,0.9020696794431918,5050
"[{'U'}, {'U'}, {'W'}, {'N'}]",0.3042523159258367,123,0.8877005347593582,0.9020696794431918,5050
"[{'U'}, {'T'}, {'N'}, {'V'}, {'O'}]",0.3042475474769035,28,0.796875,0.9020696794431918,5050
"[{'Y'}, {'P'}, {'T'}, {'V'}]",0.30424723651984487,123,0.8877118644067796,0.9020696794431918,5050
"[{'V'}, {'P'}, {'T'}, {'W'}]",0.30422859679189096,109,0.8873144399460189,0.9020696794431918,5050
"[{'W'}, {'T'}, {'P'}, {'M'}]",0.3042263713396006,112,0.8874193548387097,0.9020696794431918,5050
"[{'U'}, {'V'}, {'O'}, {'T'}]",0.3042109610737249,126,0.8878787878787878,0.9020696794431918,5050
"[{'X'}, {'T'}, {'N'}, {'Z'}]",0.3042025785951653,142,0.8883147853736089,0.9020696794431918,5050
"[{'Z'}, {'T'}, {'W'}, {'P'}]",0.3042025127440605,129,0.8879807692307693,0.9020696794431918,5050
"[{'Y'}, {'W'}, {'V'}, {'U'}]",0.3041983327674057,118,0.8876728110599077,0.9020696794431918,5050
"[{'W'}, {'Y'}, {'Z'}, {'Y'}]",0.3041942059287265,123,0.8878306878306879,0.9020696794431918,5050
"[{'V'}, {'T'}, {'U'}, {'U'}]",0.3041917188179146,113,0.8875313283208021,0.9020696794431918,5050
"[{'W'}, {'X'}, {'P'}, {'U'}]",0.30418186642903644,107,0.8873546511627907,0.9020696794431918,5050
"[{'M'}, {'T'}, {'T'}, {'U'}]",0.3041710574651497,125,0.8879399585921326,0.9020696794431918,5050
"[{'Z'}, {'W'}, {'Z'}, {'M'}]",0.30415945320652094,111,0.8875409836065573,0.9020696794431918,5050
"[{'V'}, {'V'}, {'U'}, {'M'}]",0.3041472078055726,121,0.8878787878787878,0.9020696794431918,5050
"[{'V'}, {'N'}, {'Z'}, {'X'}]",0.30413705683862835,122,0.8879310344827587,0.9020696794431918,5050
"[{'M'}, {'W'}, {'W'}, {'Z'}]",0.3041325369926229,119,0.8878531073446327,0.9020696794431918,5050
"[{'U'}, {'V'}, {'N'}, {'M'}]",0.30412701098882133,108,0.887517146776406,0.9020696794431918,5050
"[{'T'}, {'V'}, {'T'}, {'Z'}]",0.3041114852653226,115,0.8877797943133695,0.9020696794431918,5050
"[{'Y'}, {'O'}, {'M'}, {'T'}]",0.3041002478833119,131,0.888262910798122,0.9020696794431918,5050
"[{'M'}, {'X'}, {'M'}, {'U'}]",0.3040978322923178,118,0.8879029872818692,0.9020696794431918,5050
"[{'X'}, {'X'}, {'N'}, {'O'}]",0.304073712372402,115,0.8878676470588236,0.9020696794431918,5050
"[{'U'}, {'U'}, {'P'}, {'U'}]",0.3040607917882415,116,0.8879284649776453,0.9020696794431918,5050
"[{'M'}, {'N'}, {'W'}, {'N'}]",0.3040570481867475,125,0.8881987577639752,0.9020696794431918,5050
"[{'X'}, {'X'}, {'X'}, {'Y'}]",0.30405692463257616,113,0.8878446115288221,0.9020696794431918,5050
"[{'P'}, {'X'}, {'X'}, {'X'}]",0.3040437487715463,140,0.8886158886158886,0.9020696794431918,5050
"[{'O'}, {'X'}, {'U'}, {'X'}]",0.30403432876287584,139,0.8886128364389234,0.9020696794431918,5050
"[{'M'}, {'T'}, {'O'}, {'M'}]",0.304033098171682,127,0.8883084577114427,0.9020696794431918,5050
"[{'T'}, {'Z'}, {'Z'}, {'M'}]",0.3039824114444084,115,0.8880822746521475,0.9020696794431918,5050
"[{'V'}, {'Y'}, {'Y'}, {'U'}]",0.30397709980388543,107,0.8878406708595388,0.9020696794431918,5050
"[{'O'}, {'T'}, {'T'}, {'U'}]",0.30396274991737005,118,0.8882183908045977,0.9020696794431918,5050
"[{'O'}, {'X'}, {'U'}, {'Z'}]",0.30396167377270866,131,0.8885780885780885,0.9020696794431918,5050
"[{'Y'}, {'X'}, {'N'}, {'V'}]",0.30393519310265904,124,0.8884535005224661,0.9020696794431918,5050
"[{'U'}, {'X'}, {'T'}, {'Z'}]",0.303928028669763,126,0.8885245901639345,0.9020696794431918,5050
"[{'Z'}, {'V'}, {'X'}, {'U'}]",0.30392420632641315,134,0.8887402452619844,0.9020696794431918,5050
"[{'Z'}, {'Y'}, {'X'}, {'P'}]",0.3039143030814908,133,0.8887381275440976,0.9020696794431918,5050
"[{'W'}, {'T'}, {'T'}, {'X'}]",0.30390103476939667,123,0.8885063559322033,0.9020696794431918,5050
"[{'V'}, {'M'}, {'T'}, {'X'}]",0.30388781522925323,129,0.8886977886977887,0.9020696794431918,5050
"[{'V'}, {'T'}, {'W'}, {'V'}]",0.3038824883995378,109,0.8881355932203391,0.9020696794431918,5050
"[{'U'}, {'X'}, {'Y'}, {'W'}]",0.30385476637086273,127,0.8887232985593642,0.9020696794431918,5050
"[{'V'}, {'W'}, {'W'}, {'Z'}]",0.30382245971495514,120,0.8886104149262044,0.9020696794431918,5050
"[{'V'}, {'P'}, {'O'}, {'O'}]",0.30382217084017404,120,0.888611111111111,0.9020696794431918,5050
"[{'Y'}, {'T'}, {'N'}, {'U'}]",0.30381326539180864,108,0.8882739536492563,0.9020696794431918,5050
"[{'W'}, {'P'}, {'Y'}, {'M'}]",0.30380337885148934,98,0.8879598662207357,0.9020696794431918,5050
"[{'T'}, {'U'}, {'W'}, {'P'}]",0.3037865375378198,135,0.8890852850198852,0.9020696794431918,5050
"[{'W'}, {'M'}, {'Z'}, {'U'}]",0.3037863338643577,105,0.888243831640058,0.9020696794431918,5050
"[{'Z'}, {'M'}, {'V'}, {'T'}]",0.3037859560673143,134,0.8890625,0.9020696794431918,5050
"[{'Y'}, {'X'}, {'P'}, {'X'}]",0.30375086719343947,130,0.8890472796388692,0.9020696794431918,5050
"[{'M'}, {'Z'}, {'U'}, {'V'}]",0.30375066864620026,95,0.8879855465221319,0.9020696794431918,5050
"[{'P'}, {'T'}, {'W'}, {'T'}]",0.30374438428489614,109,0.8884770889487871,0.9020696794431918,5050
"[{'T'}, {'V'}, {'Y'}, {'Y'}]",0.3037418276673268,132,0.8891184573002755,0.9020696794431918,5050
"[{'M'}, {'T'}, {'W'}, {'V'}]",0.30373502143886366,111,0.888562091503268,0.9020696794431918,5050
"[{'W'}, {'M'}, {'W'}, {'U'}]",0.30371652000915106,124,0.8889759665621735,0.9020696794431918,5050
"[{'Y'}, {'Z'}, {'M'}, {'N'}]",0.30369692009425986,119,0.888888888888889,0.9020696794431918,5050
"[{'P'}, {'P'}, {'T'}, {'U'}]",0.3036683375422885,102,0.8884446221511395,0.9020696794431918,5050
"[{'V'}, {'M'}, {'P'}, {'P'}]",0.30364594291663605,124,0.8891491022638564,0.9020696794431918,5050
"[{'X'}, {'N'}, {'M'}, {'P'}]",0.30364568972480666,120,0.8890433815350389,0.9020696794431918,5050
"[{'V'}, {'X'}, {'P'}, {'N'}]",0.30364523665572496,123,0.8891246684350133,0.9020696794431918,5050
"[{'W'}, {'M'}, {'Y'}, {'Y'}]",0.3036452294443851,102,0.8885044213763936,0.9020696794431918,5050
"[{'W'}, {'U'}, {'P'}, {'M'}]",0.30362208595154605,125,0.8892339544513458,0.9020696794431918,5050
"[{'P'}, {'M'}, {'O'}, {'O'}]",0.3036135025056669,102,0.8885869565217391,0.9020696794431918,5050
"[{'O'}, {'O'}, {'X'}, {'Z'}]",0.30361175831329323,115,0.8889897156684816,0.9020696794431918,5050
"[{'P'}, {'Y'}, {'M'}, {'V'}]",0.30359529641477556,120,0.8891694725028059,0.9020696794431918,5050
"[{'U'}, {'X'}, {'V'}, {'Z'}]",0.30357361488110246,122,0.8892770760548239,0.9020696794431918,5050
"[{'X'}, {'T'}, {'V'}, {'N'}]",0.3035709757258488,120,0.8892307692307692,0.9020696794431918,5050
"[{'O'}, {'W'}, {'W'}, {'M'}]",0.3035709757258488,120,0.8892307692307693,0.9020696794431918,5050
"[{'T'}, {'Z'}, {'W'}, {'T'}]",0.30357018087303,122,0.8892857142857142,0.9020696794431918,5050
"[{'X'}, {'Z'}, {'Y'}, {'Y'}, {'U'}]",0.30355840990837324,30,0.7991071428571428,0.9020696794431918,5050
"[{'X'}, {'V'}, {'P'}, {'W'}]",0.30355518805781523,133,0.8895956383462063,0.9020696794431918,5050
"[{'X'}, {'O'}, {'N'}, {'T'}]",0.3035451461166776,126,0.889451049835568,0.9020696794431918,5050
"[{'O'}, {'X'}, {'Z'}, {'Y'}]",0.3035451461166776,126,0.889451049835568,0.9020696794431918,5050
"[{'M'}, {'Y'}, {'Y'}, {'U'}]",0.3035355667853129,111,0.8890696161353285,0.9020696794431918,5050
"[{'Z'}, {'Z'}, {'V'}, {'T'}]",0.3035302343922677,124,0.8894380853277836,0.9020696794431918,5050
"[{'M'}, {'Z'}, {'M'}, {'X'}]",0.3035054080626439,133,0.8897192028985508,0.9020696794431918,5050
"[{'O'}, {'Z'}, {'X'}, {'N'}]",0.3034930723867859,111,0.8891803278688525,0.9020696794431918,5050
"[{'T'}, {'O'}, {'W'}, {'T'}]",0.30346724551103244,122,0.8895474137931034,0.9020696794431918,5050
"[{'X'}, {'M'}, {'Y'}, {'V'}]",0.30346724551103244,122,0.8895474137931034,0.9020696794431918,5050
"[{'P'}, {'V'}, {'M'}, {'N'}]",0.3034589315791729,105,0.889090909090909,0.9020696794431918,5050
"[{'W'}, {'M'}, {'T'}, {'W'}]",0.3034269979359019,113,0.8894110275689222,0.9020696794431918,5050
"[{'Y'}, {'Y'}, {'Y'}, {'N'}]",0.3034149404151074,117,0.8895522388059701,0.9020696794431918,5050
"[{'Z'}, {'U'}, {'P'}, {'V'}]",0.3034112452321718,112,0.8894246223079396,0.9020696794431918,5050
"[{'W'}, {'Z'}, {'N'}, {'X'}]",0.3033769663105448,120,0.8897306397306397,0.9020696794431918,5050
"[{'Z'}, {'M'}, {'U'}, {'N'}]",0.3033710324582326,115,0.8896144278606966,0.9020696794431918,5050
"[{'W'}, {'V'}, {'Z'}, {'T'}]",0.30336256176314946,126,0.8899176954732511,0.9020696794431918,5050
"[{'P'}, {'O'}, {'U'}, {'N'}]",0.3033426826748792,116,0.8897168405365127,0.9020696794431918,5050
"[{'U'}, {'W'}, {'W'}, {'V'}]",0.30333359086227407,123,0.8899204244031831,0.9020696794431918,5050
"[{'U'}, {'W'}, {'N'}, {'T'}]",0.3033220025915875,105,0.8894620486366986,0.9020696794431918,5050
"[{'P'}, {'U'}, {'T'}, {'N'}]",0.3033172516024172,116,0.8897849462365591,0.9020696794431918,5050
"[{'M'}, {'X'}, {'M'}, {'V'}]",0.3033127010799539,112,0.8896890343698854,0.9020696794431918,5050
"[{'Y'}, {'W'}, {'N'}, {'U'}]",0.30331019448427365,103,0.889433962264151,0.9020696794431918,5050
"[{'Z'}, {'O'}, {'P'}, {'P'}]",0.30327039985680115,126,0.8901601830663616,0.9020696794431918,5050
"[{'P'}, {'W'}, {'W'}, {'Y'}]",0.30326637470616613,118,0.8899741453605285,0.9020696794431918,5050
"[{'O'}, {'Z'}, {'M'}, {'Z'}]",0.30326497472654035,105,0.8896198830409356,0.9020696794431918,5050
"[{'X'}, {'M'}, {'Z'}, {'T'}]",0.3032336156091393,100,0.8895558223289315,0.9020696794431918,5050
"[{'N'}, {'V'}, {'T'}, {'O'}]",0.30321582829723326,126,0.8903061224489796,0.9020696794431918,5050
"[{'Z'}, {'T'}, {'U'}, {'X'}]",0.30321306620313004,111,0.889935064935065,0.9020696794431918,5050
"[{'P'}, {'T'}, {'T'}, {'W'}]",0.3032025013029548,117,0.8901227352425483,0.9020696794431918,5050
"[{'V'}, {'U'}, {'X'}, {'M'}]",0.3031956747337482,132,0.8904958677685951,0.9020696794431918,5050
"[{'Z'}, {'Y'}, {'U'}, {'W'}]",0.3031790816699672,114,0.8901098901098902,0.9020696794431918,5050
"[{'W'}, {'O'}, {'T'}, {'M'}]",0.303176488229257,112,0.8900641025641026,0.9020696794431918,5050
"[{'Y'}, {'V'}, {'M'}, {'P'}]",0.3031734960822303,111,0.8900455432661029,0.9020696794431918,5050
"[{'X'}, {'N'}, {'X'}, {'W'}]",0.30316083228250623,104,0.8898842851810377,0.9020696794431918,5050
"[{'T'}, {'P'}, {'N'}, {'M'}]",0.30314703740801874,103,0.889894419306184,0.9020696794431918,5050
"[{'P'}, {'X'}, {'O'}, {'Y'}]",0.3031461927686342,121,0.8903772553307818,0.9020696794431918,5050
"[{'Y'}, {'V'}, {'P'}, {'Z'}]",0.30314091089260997,132,0.8906431390759229,0.9020696794431918,5050
"[{'W'}, {'N'}, {'P'}, {'V'}]",0.30313129992688637,125,0.8905128205128204,0.9020696794431918,5050
"[{'V'}, {'M'}, {'O'}, {'P'}]",0.3031298097099333,124,0.8904936974789917,0.9020696794431918,5050
"[{'X'}, {'U'}, {'T'}, {'Y'}]",0.3031262145366054,116,0.890309155766944,0.9020696794431918,5050
"[{'M'}, {'P'}, {'P'}, {'W'}]",0.3031220935081965,119,0.8903954802259887,0.9020696794431918,5050
"[{'W'}, {'X'}, {'Z'}, {'P'}]",0.3031192406888975,113,0.890251572327044,0.9020696794431918,5050
"[{'P'}, {'M'}, {'W'}, {'O'}]",0.3031146860618176,111,0.8902116402116402,0.9020696794431918,5050
"[{'O'}, {'W'}, {'O'}, {'T'}]",0.3031105319864704,121,0.8904761904761904,0.9020696794431918,5050
"[{'P'}, {'X'}, {'M'}, {'Y'}]",0.3031023034948298,95,0.8897777777777777,0.9020696794431918,5050
"[{'U'}, {'M'}, {'Z'}, {'V'}]",0.3030978080037955,111,0.8902597402597403,0.9020696794431918,5050
"[{'W'}, {'T'}, {'M'}, {'N'}]",0.3030978080037955,111,0.8902597402597403,0.9020696794431918,5050
"[{'W'}, {'P'}, {'W'}, {'X'}]",0.30309651518458247,125,0.890608875128999,0.9020696794431918,5050
"[{'X'}, {'W'}, {'M'}, {'W'}]",0.3030874485435394,109,0.8902356902356903,0.9020696794431918,5050
"[{'U'}, {'M'}, {'T'}, {'M'}]",0.3030823889950084,108,0.8902229845626072,0.9020696794431918,5050
"[{'U'}, {'P'}, {'U'}, {'O'}]",0.3030781584261668,114,0.8903940886699507,0.9020696794431918,5050
"[{'V'}, {'M'}, {'M'}, {'P'}]",0.3030673197779681,122,0.8906208008599839,0.9020696794431918,5050
"[{'P'}, {'W'}, {'N'}, {'Z'}]",0.3030544158251298,121,0.890633608815427,0.9020696794431918,5050
"[{'T'}, {'U'}, {'P'}, {'N'}]",0.30305003484958903,119,0.8905982905982905,0.9020696794431918,5050
"[{'T'}, {'M'}, {'M'}, {'T'}]",0.30304861694830976,115,0.8905038759689923,0.9020696794431918,5050
"[{'V'}, {'Z'}, {'W'}, {'P'}]",0.3030483945476704,121,0.8906506287588846,0.9020696794431918,5050
"[{'U'}, {'Z'}, {'V'}, {'N'}]",0.3030450573694249,118,0.8905882352941177,0.9020696794431918,5050
"[{'V'}, {'W'}, {'U'}, {'N'}]",0.3030418322463002,122,0.8906926406926408,0.9020696794431918,5050
"[{'N'}, {'V'}, {'T'}, {'X'}]",0.30303811837681927,126,0.8907944514501891,0.9020696794431918,5050
"[{'Z'}, {'T'}, {'V'}, {'Z'}]",0.3030362655273704,132,0.8909299655568313,0.9020696794431918,5050
"[{'M'}, {'X'}, {'O'}, {'U'}]",0.3030342639264135,127,0.890827517447657,0.9020696794431918,5050
"[{'O'}, {'M'}, {'Z'}, {'Y'}]",0.3030337512700524,118,0.8906204906204906,0.9020696794431918,5050
"[{'M'}, {'Z'}, {'P'}, {'N'}]",0.3030329024072784,116,0.8905738923580138,0.9020696794431918,5050
"[{'V'}, {'M'}, {'P'}, {'X'}]",0.3030300321161954,130,0.8909047505371209,0.9020696794431918,5050
"[{'X'}, {'N'}, {'X'}, {'Z'}]",0.3030285129254605,112,0.890485312899106,0.9020696794431918,5050
"[{'U'}, {'W'}, {'W'}, {'W'}]",0.3029994935840449,125,0.8908811475409836,0.9020696794431918,5050
"[{'O'}, {'M'}, {'P'}, {'T'}]",0.3029970274833922,109,0.8904986522911051,0.9020696794431918,5050
"[{'X'}, {'W'}, {'T'}, {'Y'}]",0.3029960472697625,113,0.8906052963430012,0.9020696794431918,5050
"[{'U'}, {'P'}, {'N'}, {'U'}]",0.30297506274691643,97,0.8902229845626072,0.9020696794431918,5050
"[{'T'}, {'P'}, {'T'}, {'U'}]",0.30297195151412193,110,0.890598862495818,0.9020696794431918,5050
"[{'X'}, {'T'}, {'Y'}, {'P'}]",0.3029695902130418,107,0.8905263157894737,0.9020696794431918,5050
"[{'T'}, {'Z'}, {'X'}, {'N'}]",0.3029516099836411,112,0.8907103825136612,0.9020696794431918,5050
"[{'P'}, {'V'}, {'V'}, {'N'}]",0.3029394744720302,127,0.891096579476861,0.9020696794431918,5050
"[{'V'}, {'U'}, {'Y'}, {'W'}]",0.3029342715615456,128,0.8911330049261083,0.9020696794431918,5050
"[{'M'}, {'N'}, {'M'}, {'T'}]",0.30293157098678725,152,0.8916003536693192,0.9020696794431918,5050
"[{'Z'}, {'Z'}, {'P'}, {'U'}]",0.30293127389634855,115,0.8908450704225352,0.9020696794431918,5050
"[{'N'}, {'P'}, {'M'}, {'M'}]",0.3029068698470272,98,0.8904623073719283,0.9020696794431918,5050
"[{'O'}, {'W'}, {'Z'}, {'X'}]",0.30289332656445345,128,0.8912512218963832,0.9020696794431918,5050
"[{'W'}, {'O'}, {'M'}, {'O'}]",0.3028904553014321,122,0.8911290322580645,0.9020696794431918,5050
"[{'P'}, {'T'}, {'N'}, {'Y'}]",0.30288163405980895,113,0.8909438775510203,0.9020696794431918,5050
"[{'M'}, {'P'}, {'Y'}, {'Y'}]",0.3028678175614442,114,0.8910098522167488,0.9020696794431918,5050
"[{'X'}, {'Y'}, {'W'}, {'N'}]",0.30286088145443923,125,0.8912820512820513,0.9020696794431918,5050
"[{'P'}, {'W'}, {'U'}, {'X'}]",0.3028604566712817,127,0.8913260219341974,0.9020696794431918,5050
"[{'M'}, {'X'}, {'V'}, {'Z'}]",0.30285428420751703,123,0.8912579957356077,0.9020696794431918,5050
"[{'V'}, {'Z'}, {'Y'}, {'T'}]",0.30285154266867453,108,0.8909090909090909,0.9020696794431918,5050
"[{'M'}, {'P'}, {'Z'}, {'W'}]",0.3028483381263213,135,0.891523935002196,0.9020696794431918,5050
"[{'U'}, {'U'}, {'U'}, {'N'}]",0.30281749205867314,104,0.8909090909090909,0.9020696794431918,5050
"[{'V'}, {'O'}, {'U'}, {'V'}]",0.3028166792187621,116,0.8912121212121212,0.9020696794431918,5050
"[{'P'}, {'U'}, {'P'}, {'V'}]",0.30280019188058305,123,0.8914194915254237,0.9020696794431918,5050
"[{'T'}, {'Z'}, {'T'}, {'X'}]",0.30278504849245,141,0.8918211120064464,0.9020696794431918,5050
"[{'W'}, {'T'}, {'O'}, {'U'}]",0.30277191781027113,103,0.891025641025641,0.9020696794431918,5050
"[{'W'}, {'T'}, {'X'}, {'Y'}]",0.3027696357013595,120,0.8914464336459221,0.9020696794431918,5050
"[{'U'}, {'W'}, {'Z'}, {'Z'}]",0.3027692318091213,136,0.8917748917748917,0.9020696794431918,5050
"[{'P'}, {'Y'}, {'X'}, {'V'}]",0.30275621121104046,121,0.8915094339622641,0.9020696794431918,5050
"[{'U'}, {'M'}, {'T'}, {'T'}]",0.30275612889083847,114,0.8913511849799939,0.9020696794431918,5050
"[{'W'}, {'M'}, {'P'}, {'T'}]",0.30275392662518064,114,0.8913580246913579,0.9020696794431918,5050
"[{'M'}, {'X'}, {'W'}, {'U'}]",0.30274379506102156,132,0.8917738970588235,0.9020696794431918,5050
"[{'N'}, {'N'}, {'N'}, {'T'}]",0.3027339503732198,127,0.8917039244908097,0.9020696794431918,5050
"[{'V'}, {'T'}, {'P'}, {'M'}]",0.3027048719459907,119,0.8916242218449348,0.9020696794431918,5050
"[{'U'}, {'N'}, {'M'}, {'Y'}]",0.30270046533871897,114,0.8915254237288136,0.9020696794431918,5050
"[{'T'}, {'V'}, {'Y'}, {'M'}]",0.3026983823725239,131,0.891891891891892,0.9020696794431918,5050
"[{'W'}, {'O'}, {'Z'}, {'T'}]",0.3026892666851335,120,0.8916947250280582,0.9020696794431918,5050
"[{'N'}, {'V'}, {'P'}, {'M'}]",0.3026770549113251,102,0.8913043478260869,0.9020696794431918,5050
"[{'V'}, {'Y'}, {'T'}, {'Z'}]",0.3026683792468672,109,0.891509433962264,0.9020696794431918,5050
"[{'P'}, {'P'}, {'X'}, {'Z'}]",0.3026489139045935,115,0.8917120387174833,0.9020696794431918,5050
"[{'Y'}, {'T'}, {'Y'}, {'M'}]",0.302641685941372,112,0.8916666666666666,0.9020696794431918,5050
"[{'V'}, {'Y'}, {'Y'}, {'Y'}]",0.3026398812309343,116,0.8917633065715136,0.9020696794431918,5050
"[{'T'}, {'Z'}, {'N'}, {'U'}]",0.3026365116118307,99,0.891358024691358,0.9020696794431918,5050
"[{'W'}, {'Y'}, {'Z'}, {'T'}]",0.3026312937965846,117,0.8918128654970761,0.9020696794431918,5050
"[{'T'}, {'Z'}, {'N'}, {'X'}]",0.30262628932337265,122,0.8919354838709678,0.9020696794431918,5050
"[{'N'}, {'X'}, {'V'}, {'X'}]",0.3026190372669473,127,0.892059553349876,0.9020696794431918,5050
"[{'U'}, {'V'}, {'T'}, {'U'}]",0.302615903196814,115,0.8918181818181818,0.9020696794431918,5050
"[{'W'}, {'W'}, {'T'}, {'O'}]",0.30261178292049307,124,0.8920225624496374,0.9020696794431918,5050
"[{'W'}, {'N'}, {'W'}, {'Z'}]",0.3026077288035174,122,0.8919945725915875,0.9020696794431918,5050
"[{'Z'}, {'U'}, {'T'}, {'Y'}]",0.3025978209507487,111,0.8917861799217732,0.9020696794431918,5050
"[{'M'}, {'U'}, {'V'}, {'T'}]",0.30259416388320715,118,0.8919540229885057,0.9020696794431918,5050
"[{'N'}, {'U'}, {'T'}, {'U'}]",0.30258969452750917,111,0.8918128654970761,0.9020696794431918,5050
"[{'P'}, {'Z'}, {'Y'}, {'W'}]",0.30258682725404473,120,0.8920200892857143,0.9020696794431918,5050
"[{'P'}, {'W'}, {'Z'}, {'V'}]",0.3025805053776952,112,0.8918660287081339,0.9020696794431918,5050
"[{'Y'}, {'Z'}, {'T'}, {'Z'}]",0.3025718018852852,113,0.8919172932330827,0.9020696794431918,5050
"[{'T'}, {'X'}, {'V'}, {'U'}]",0.3025700437184825,112,0.8919005102040817,0.9020696794431918,5050
"[{'X'}, {'V'}, {'N'}, {'P'}]",0.302567419447649,112,0.8919091781259993,0.9020696794431918,5050
"[{'U'}, {'N'}, {'V'}, {'U'}]",0.30256041044305637,102,0.8916925465838509,0.9020696794431918,5050
"[{'N'}, {'X'}, {'Z'}, {'X'}]",0.30255585169928256,105,0.8917828319882612,0.9020696794431918,5050
"[{'O'}, {'M'}, {'Z'}, {'V'}]",0.3025201275103656,108,0.8919753086419754,0.9020696794431918,5050
"[{'Z'}, {'M'}, {'P'}, {'M'}]",0.30235527679017604,87,0.8920212765957447,0.9020696794431918,5050
"[{'M'}, {'T'}, {'U'}, {'Y'}, {'T'}]",0.3011770424957271,23,0.7936507936507936,0.9020696794431918,5050
"[{'X'}, {'N'}, {'Y'}, {'T'}, {'V'}]",0.3011770424957271,23,0.7936507936507936,0.9020696794431918,5050
"[{'X'}, {'N'}, {'V'}, {'U'}, {'Y'}]",0.29980930036855336,22,0.7933884297520661,0.9020696794431918,5050
"[{'V'}, {'M'}, {'P'}, {'Z'}, {'Y'}]",0.2987867031132364,33,0.8045112781954887,0.9020696794431918,5050
"[{'W'}, {'M'}, {'O'}, {'U'}, {'Y'}]",0.29855944913220867,23,0.7954545454545454,0.9020696794431918,5050
"[{'V'}, {'N'}, {'T'}, {'W'}, {'Y'}]",0.29855944913220855,23,0.7954545454545455,0.9020696794431918,5050
"[{'Y'}, {'U'}, {'O'}, {'U'}, {'T'}]",0.29802000446133214,22,0.7946428571428572,0.9020696794431918,5050
"[{'T'}, {'N'}, {'P'}, {'W'}, {'P'}]",0.29802000446133214,22,0.7946428571428572,0.9020696794431918,5050
"[{'Y'}, {'O'}, {'T'}, {'P'}, {'M'}]",0.29769569267176743,22,0.7948717948717949,0.9020696794431918,5050
"[{'U'}, {'M'}, {'U'}, {'M'}, {'M'}]",0.29769569267176743,22,0.7948717948717949,0.9020696794431918,5050
"[{'W'}, {'Y'}, {'Z'}, {'U'}, {'U'}]",0.2976926005732631,25,0.7982456140350878,0.9020696794431918,5050
"[{'N'}, {'N'}, {'Y'}, {'U'}, {'X'}]",0.2971595466545319,25,0.7986111111111112,0.9020696794431918,5050
"[{'N'}, {'O'}, {'Z'}, {'V'}, {'P'}]",0.2966264275763679,30,0.8035714285714286,0.9020696794431918,5050
"[{'M'}, {'W'}, {'X'}, {'T'}, {'X'}]",0.2966027582908949,26,0.8,0.9020696794431918,5050
"[{'O'}, {'N'}, {'O'}, {'Y'}, {'O'}]",0.29629018220662073,28,0.8020833333333334,0.9020696794431918,5050
"[{'M'}, {'P'}, {'N'}, {'T'}, {'P'}]",0.2943857530980253,27,0.8024691358024691,0.9020696794431918,5050
"[{'V'}, {'P'}, {'Y'}, {'V'}, {'V'}]",0.29399549579232576,21,0.7962962962962963,0.9020696794431918,5050
"[{'T'}, {'T'}, {'U'}, {'M'}, {'Y'}]",0.29399549579232576,21,0.7962962962962963,0.9020696794431918,5050
"[{'M'}, {'V'}, {'P'}, {'M'}, {'T'}]",0.29383128175219697,30,0.8054298642533937,0.9020696794431918,5050
"[{'N'}, {'M'}, {'P'}, {'T'}, {'Y'}]",0.2936700780078565,24,0.7999999999999999,0.9020696794431918,5050
"[{'N'}, {'Y'}, {'O'}, {'T'}, {'N'}]",0.2936700780078564,24,0.8,0.9020696794431918,5050
"[{'X'}, {'V'}, {'X'}, {'V'}, {'U'}]",0.29360312554396195,29,0.8047619047619048,0.9020696794431918,5050
"[{'N'}, {'M'}, {'V'}, {'P'}, {'M'}]",0.2921578806835444,23,0.8,0.9020696794431918,5050
"[{'M'}, {'O'}, {'Z'}, {'N'}, {'W'}]",0.2921578806835444,23,0.8,0.9020696794431918,5050
"[{'T'}, {'Y'}, {'M'}, {'W'}, {'X'}]",0.2921578806835444,23,0.8,0.9020696794431918,5050
"[{'P'}, {'Z'}, {'P'}, {'U'}, {'X'}]",0.2914629792796398,26,0.8035714285714286,0.9020696794431918,5050
"[{'Y'}, {'X'}, {'V'}, {'P'}, {'T'}]",0.2906124363334486,22,0.7999999999999999,0.9020696794431918,5050
"[{'W'}, {'Y'}, {'U'}, {'U'}, {'M'}]",0.29061243633344835,22,0.8,0.9020696794431918,5050
"[{'M'}, {'U'}, {'Z'}, {'X'}, {'P'}]",0.29003335583635226,20,0.797979797979798,0.9020696794431918,5050
"[{'U'}, {'X'}, {'N'}, {'O'}, {'P'}]",0.28998810749642845,23,0.8015873015873015,0.9020696794431918,5050
"[{'Z'}, {'Z'}, {'O'}, {'Y'}, {'N'}]",0.28998810749642834,23,0.8015873015873016,0.9020696794431918,5050
"[{'M'}, {'O'}, {'N'}, {'W'}, {'P'}]",0.2899598565456851,27,0.8055555555555555,0.9020696794431918,5050
"[{'Y'}, {'Z'}, {'U'}, {'N'}, {'V'}]",0.2898297487773833,26,0.8047337278106509,0.9020696794431918,5050
"[{'N'}, {'M'}, {'T'}, {'Y'}, {'W'}]",0.2887705659578754,30,0.8088888888888889,0.9020696794431918,5050
"[{'N'}, {'T'}, {'T'}, {'U'}, {'T'}]",0.2881894143010668,27,0.8068181818181819,0.9020696794431918,5050
"[{'W'}, {'W'}, {'W'}, {'Y'}, {'V'}]",0.2880450965425959,23,0.803030303030303,0.9020696794431918,5050
"[{'M'}, {'V'}, {'Y'}, {'P'}, {'M'}]",0.287728267485829,26,0.80625,0.9020696794431918,5050
"[{'U'}, {'V'}, {'Z'}, {'N'}, {'X'}]",0.28741235239970764,20,0.8,0.9020696794431918,5050
"[{'O'}, {'O'}, {'O'}, {'V'}, {'W'}]",0.28741235239970764,20,0.8,0.9020696794431918,5050
"[{'X'}, {'W'}, {'O'}, {'Y'}, {'U'}]",0.28697738079954316,27,0.8076923076923076,0.9020696794431918,5050
"[{'N'}, {'Z'}, {'V'}, {'T'}, {'X'}]",0.2869371813665168,31,0.8109243697478992,0.9020696794431918,5050
"[{'Z'}, {'M'}, {'V'}, {'P'}, {'M'}]",0.2860831306622088,22,0.8034188034188035,0.9020696794431918,5050
"[{'Z'}, {'T'}, {'O'}, {'T'}, {'W'}]",0.2847632430981045,20,0.8020833333333333,0.9020696794431918,5050
"[{'V'}, {'N'}, {'P'}, {'Z'}, {'V'}]",0.28461927087662475,20,0.8021978021978022,0.9020696794431918,5050
"[{'X'}, {'X'}, {'M'}, {'V'}, {'Y'}]",0.2839696608713205,24,0.807142857142857,0.9020696794431918,5050
"[{'X'}, {'W'}, {'Y'}, {'Z'}, {'M'}]",0.2833034448289421,26,0.8095238095238095,0.9020696794431918,5050
"[{'U'}, {'P'}, {'V'}, {'X'}, {'W'}]",0.2830254620061019,25,0.8088235294117647,0.9020696794431918,5050
"[{'N'}, {'X'}, {'O'}, {'P'}, {'P'}]",0.2823442990012205,27,0.8111111111111111,0.9020696794431918,5050
"[{'O'}, {'M'}, {'U'}, {'W'}, {'N'}]",0.28147802511250286,27,0.8117647058823529,0.9020696794431918,5050
"[{'T'}, {'P'}, {'T'}, {'V'}, {'T'}]",0.27932416701013085,25,0.8116883116883117,0.9020696794431918,5050
"[{'T'}, {'W'}, {'T'}, {'O'}, {'T'}]",0.27928680339660905,21,0.8076923076923077,0.9020696794431918,5050
"[{'M'}, {'T'}, {'Y'}, {'W'}, {'X'}]",0.27878709819585223,24,0.8111888111888113,0.9020696794431918,5050
"[{'P'}, {'V'}, {'V'}, {'T'}, {'X'}]",0.2783053847437874,23,0.8106060606060606,0.9020696794431918,5050
"[{'Z'}, {'M'}, {'O'}, {'O'}, {'V'}]",0.2783053847437873,23,0.8106060606060607,0.9020696794431918,5050
"[{'U'}, {'N'}, {'N'}, {'W'}, {'Z'}]",0.27826128957398577,29,0.8157894736842105,0.9020696794431918,5050
"[{'T'}, {'O'}, {'N'}, {'W'}, {'N'}]",0.27789908769281235,22,0.8099173553719008,0.9020696794431918,5050
"[{'O'}, {'Y'}, {'N'}, {'U'}, {'U'}]",0.2775970401812998,21,0.8090909090909092,0.9020696794431918,5050
"[{'T'}, {'T'}, {'Z'}, {'O'}, {'Y'}]",0.2774420142172779,20,0.8080808080808081,0.9020696794431918,5050
"[{'V'}, {'Z'}, {'X'}, {'V'}, {'U'}]",0.2772509991398576,25,0.8133333333333332,0.9020696794431918,5050
"[{'X'}, {'O'}, {'N'}, {'M'}, {'P'}]",0.2771559877427213,24,0.8125,0.9020696794431918,5050
"[{'M'}, {'T'}, {'N'}, {'U'}, {'N'}]",0.2771200513612887,29,0.8166666666666668,0.9020696794431918,5050
"[{'M'}, {'M'}, {'U'}, {'N'}, {'W'}]",0.27661167528921393,30,0.8177777777777778,0.9020696794431918,5050
"[{'W'}, {'M'}, {'O'}, {'P'}, {'Z'}]",0.2765922021236106,28,0.8163265306122449,0.9020696794431918,5050
"[{'T'}, {'U'}, {'M'}, {'U'}, {'T'}]",0.27599149441764825,23,0.8125000000000001,0.9020696794431918,5050
"[{'P'}, {'T'}, {'Y'}, {'W'}, {'T'}]",0.275748082876624,20,0.8095238095238095,0.9020696794431918,5050
"[{'X'}, {'Z'}, {'N'}, {'M'}, {'P'}]",0.275748082876624,20,0.8095238095238095,0.9020696794431918,5050
"[{'V'}, {'T'}, {'X'}, {'V'}, {'U'}]",0.2754348947575157,22,0.811965811965812,0.9020696794431918,5050
"[{'N'}, {'X'}, {'O'}, {'W'}, {'W'}]",0.2754348947575157,22,0.811965811965812,0.9020696794431918,5050
"[{'P'}, {'M'}, {'T'}, {'N'}, {'W'}]",0.2754348947575157,22,0.811965811965812,0.9020696794431918,5050
"[{'M'}, {'Y'}, {'M'}, {'N'}, {'X'}]",0.27519483686597124,20,0.8099999999999999,0.9020696794431918,5050
"[{'N'}, {'M'}, {'M'}, {'T'}, {'U'}]",0.2751948368659711,20,0.81,0.9020696794431918,5050
"[{'Y'}, {'T'}, {'W'}, {'Y'}, {'N'}]",0.2751948368659711,20,0.81,0.9020696794431918,5050
"[{'U'}, {'P'}, {'X'}, {'V'}, {'Z'}]",0.27480139865367303,22,0.8125,0.9020696794431918,5050
"[{'X'}, {'O'}, {'Z'}, {'X'}, {'N'}]",0.27452007028831793,23,0.8137254901960784,0.9020696794431918,5050
"[{'Z'}, {'V'}, {'U'}, {'M'}, {'T'}]",0.2743342364547833,24,0.8148148148148148,0.9020696794431918,5050
"[{'V'}, {'N'}, {'Y'}, {'V'}, {'U'}]",0.2743342364547833,24,0.8148148148148148,0.9020696794431918,5050
"[{'Z'}, {'O'}, {'V'}, {'T'}, {'X'}]",0.2739629573750403,31,0.8205128205128205,0.9020696794431918,5050
"[{'U'}, {'X'}, {'Y'}, {'N'}, {'M'}]",0.27234268606905465,26,0.8181818181818181,0.9020696794431918,5050
"[{'Y'}, {'Z'}, {'T'}, {'Y'}, {'W'}]",0.27233711947488937,20,0.8125,0.9020696794431918,5050
"[{'U'}, {'O'}, {'M'}, {'P'}, {'O'}]",0.27233711947488937,20,0.8125,0.9020696794431918,5050
"[{'W'}, {'O'}, {'U'}, {'O'}, {'W'}]",0.27197069409220953,30,0.8214285714285714,0.9020696794431918,5050
"[{'M'}, {'O'}, {'T'}, {'W'}, {'M'}]",0.2716610003805232,26,0.81875,0.9020696794431918,5050
"[{'U'}, {'U'}, {'O'}, {'Z'}, {'M'}]",0.2715658064210136,20,0.8131868131868131,0.9020696794431918,5050
"[{'M'}, {'P'}, {'O'}, {'U'}, {'Z'}]",0.27156580642101347,20,0.8131868131868132,0.9020696794431918,5050
"[{'P'}, {'W'}, {'M'}, {'M'}, {'U'}]",0.27156580642101347,20,0.8131868131868132,0.9020696794431918,5050
"[{'X'}, {'X'}, {'X'}, {'V'}, {'X'}]",0.2711713423127279,31,0.8227272727272728,0.9020696794431918,5050
"[{'M'}, {'P'}, {'X'}, {'M'}, {'T'}]",0.2709444269982131,21,0.8148148148148148,0.9020696794431918,5050
"[{'P'}, {'M'}, {'Z'}, {'U'}, {'U'}]",0.27094442699821286,21,0.8148148148148149,0.9020696794431918,5050
"[{'M'}, {'P'}, {'U'}, {'V'}, {'X'}]",0.27094442699821275,21,0.814814814814815,0.9020696794431918,5050
"[{'M'}, {'M'}, {'N'}, {'N'}, {'M'}]",0.27036175455148814,24,0.8181818181818181,0.9020696794431918,5050
"[{'X'}, {'W'}, {'Z'}, {'Y'}, {'V'}]",0.27036175455148803,24,0.8181818181818182,0.9020696794431918,5050
"[{'M'}, {'V'}, {'O'}, {'M'}, {'T'}]",0.27016075547571705,23,0.8174603174603174,0.9020696794431918,5050
"[{'T'}, {'T'}, {'Y'}, {'T'}, {'X'}]",0.2699894090121334,22,0.8166666666666667,0.9020696794431918,5050
"[{'N'}, {'T'}, {'U'}, {'Y'}, {'W'}]",0.2692579701785055,21,0.8163265306122449,0.9020696794431918,5050
"[{'T'}, {'O'}, {'M'}, {'T'}, {'M'}]",0.26864868973827905,25,0.8205128205128205,0.9020696794431918,5050
"[{'M'}, {'M'}, {'U'}, {'X'}, {'P'}]",0.26864457249825857,31,0.8247863247863247,0.9020696794431918,5050
"[{'M'}, {'V'}, {'O'}, {'M'}, {'P'}]",0.2685097405577743,26,0.8214285714285715,0.9020696794431918,5050
"[{'Y'}, {'M'}, {'Z'}, {'U'}, {'T'}]",0.26778103778056195,28,0.8235294117647058,0.9020696794431918,5050
"[{'Z'}, {'Z'}, {'W'}, {'T'}, {'W'}]",0.2671591810568652,30,0.8253968253968254,0.9020696794431918,5050
"[{'O'}, {'X'}, {'O'}, {'O'}, {'X'}]",0.26657029666988996,27,0.8238636363636365,0.9020696794431918,5050
"[{'N'}, {'X'}, {'O'}, {'N'}, {'Z'}]",0.2663618813898787,35,0.8289473684210527,0.9020696794431918,5050
"[{'X'}, {'N'}, {'Z'}, {'X'}, {'U'}]",0.265750984957688,22,0.8205128205128206,0.9020696794431918,5050
"[{'V'}, {'M'}, {'N'}, {'W'}, {'Z'}]",0.26531021978693003,26,0.8242424242424243,0.9020696794431918,5050
"[{'T'}, {'U'}, {'X'}, {'X'}, {'N'}]",0.2647706185555079,22,0.8214285714285715,0.9020696794431918,5050
"[{'V'}, {'U'}, {'U'}, {'M'}, {'W'}]",0.2642685637664006,33,0.8296296296296296,0.9020696794431918,5050
"[{'V'}, {'U'}, {'O'}, {'U'}, {'U'}]",0.26423595488328966,20,0.8200000000000001,0.9020696794431918,5050
"[{'W'}, {'O'}, {'X'}, {'O'}, {'Z'}]",0.2640727030631427,30,0.828054298642534,0.9020696794431918,5050
"[{'Z'}, {'U'}, {'V'}, {'W'}, {'W'}]",0.2634902251865916,31,0.8291666666666667,0.9020696794431918,5050
"[{'T'}, {'P'}, {'P'}, {'W'}, {'T'}]",0.262610656090307,24,0.8251748251748252,0.9020696794431918,5050
"[{'X'}, {'W'}, {'V'}, {'T'}, {'M'}]",0.262205774580168,27,0.8277777777777778,0.9020696794431918,5050
"[{'O'}, {'O'}, {'U'}, {'T'}, {'V'}]",0.2621478763553604,25,0.8263888888888888,0.9020696794431918,5050
"[{'Y'}, {'W'}, {'Y'}, {'V'}, {'Y'}]",0.26158098648652894,25,0.826923076923077,0.9020696794431918,5050
"[{'U'}, {'X'}, {'M'}, {'X'}, {'M'}]",0.2615223384543043,23,0.8253968253968254,0.9020696794431918,5050
"[{'Y'}, {'Z'}, {'U'}, {'V'}, {'Y'}]",0.2612767006596769,20,0.8229166666666666,0.9020696794431918,5050
"[{'M'}, {'W'}, {'T'}, {'V'}, {'T'}]",0.26107747748156385,21,0.8240740740740741,0.9020696794431918,5050
"[{'O'}, {'U'}, {'Y'}, {'W'}, {'V'}]",0.2610529641066326,22,0.825,0.9020696794431918,5050
"[{'M'}, {'T'}, {'Z'}, {'M'}, {'T'}]",0.2610529641066326,22,0.825,0.9020696794431918,5050
"[{'N'}, {'N'}, {'U'}, {'Y'}, {'T'}]",0.2610529641066326,22,0.825,0.9020696794431918,5050
"[{'M'}, {'U'}, {'T'}, {'Y'}, {'T'}]",0.2610529641066325,22,0.8250000000000001,0.9020696794431918,5050
"[{'Y'}, {'Y'}, {'U'}, {'P'}, {'Z'}]",0.2604500603922495,27,0.8294117647058823,0.9020696794431918,5050
"[{'V'}, {'X'}, {'Z'}, {'P'}, {'N'}]",0.26008636899929505,28,0.8304093567251463,0.9020696794431918,5050
"[{'M'}, {'N'}, {'M'}, {'T'}, {'T'}]",0.2600322472317409,20,0.8241758241758241,0.9020696794431918,5050
"[{'W'}, {'M'}, {'X'}, {'W'}, {'O'}]",0.2600322472317408,20,0.8241758241758242,0.9020696794431918,5050
"[{'Z'}, {'M'}, {'M'}, {'V'}, {'N'}]",0.259703279071385,28,0.8307692307692309,0.9020696794431918,5050
"[{'U'}, {'N'}, {'W'}, {'T'}, {'O'}]",0.25959536639047576,22,0.8264462809917356,0.9020696794431918,5050
"[{'O'}, {'T'}, {'W'}, {'T'}, {'Z'}]",0.2595032900699996,29,0.8315789473684211,0.9020696794431918,5050
"[{'O'}, {'Y'}, {'T'}, {'M'}, {'T'}]",0.2590500474388412,26,0.8300653594771241,0.9020696794431918,5050
"[{'M'}, {'M'}, {'P'}, {'O'}, {'X'}]",0.25880486573405026,26,0.8303030303030303,0.9020696794431918,5050
"[{'Y'}, {'U'}, {'X'}, {'M'}, {'X'}]",0.25879202123589307,28,0.8316326530612245,0.9020696794431918,5050
"[{'O'}, {'W'}, {'Y'}, {'X'}, {'M'}]",0.25826394621385274,21,0.8269230769230769,0.9020696794431918,5050
"[{'X'}, {'Z'}, {'T'}, {'W'}, {'T'}]",0.2579258613501212,21,0.8272727272727273,0.9020696794431918,5050
"[{'Z'}, {'U'}, {'Z'}, {'N'}, {'N'}]",0.25792586135012097,21,0.8272727272727274,0.9020696794431918,5050
"[{'Z'}, {'N'}, {'Z'}, {'U'}, {'P'}]",0.2576292744231993,20,0.8266666666666668,0.9020696794431918,5050
"[{'W'}, {'M'}, {'N'}, {'X'}, {'Y'}]",0.25721810768412423,25,0.8311688311688311,0.9020696794431918,5050
"[{'N'}, {'V'}, {'N'}, {'Y'}, {'Y'}]",0.25703140126272594,22,0.8290598290598291,0.9020696794431918,5050
"[{'W'}, {'V'}, {'Y'}, {'Z'}, {'T'}]",0.25615733049116796,23,0.8307692307692308,0.9020696794431918,5050
"[{'W'}, {'O'}, {'Y'}, {'N'}, {'W'}]",0.25611189771024345,20,0.8282828282828282,0.9020696794431918,5050
"[{'T'}, {'T'}, {'O'}, {'P'}, {'M'}]",0.25611189771024334,20,0.8282828282828283,0.9020696794431918,5050
"[{'N'}, {'X'}, {'T'}, {'N'}, {'N'}]",0.25611189771024334,20,0.8282828282828283,0.9020696794431918,5050
"[{'P'}, {'W'}, {'O'}, {'X'}, {'U'}]",0.2559478316979442,30,0.8355555555555555,0.9020696794431918,5050
"[{'X'}, {'N'}, {'N'}, {'T'}, {'Y'}]",0.25574985579357723,26,0.8333333333333333,0.9020696794431918,5050
"[{'X'}, {'O'}, {'T'}, {'M'}, {'Z'}]",0.25574985579357723,26,0.8333333333333333,0.9020696794431918,5050
"[{'W'}, {'Z'}, {'P'}, {'O'}, {'W'}]",0.25574985579357723,26,0.8333333333333333,0.9020696794431918,5050
"[{'X'}, {'Y'}, {'P'}, {'Y'}, {'Z'}]",0.25453570645166346,20,0.83,0.9020696794431918,5050
"[{'W'}, {'V'}, {'N'}, {'M'}, {'U'}]",0.25453570645166335,20,0.8300000000000001,0.9020696794431918,5050
"[{'Y'}, {'Z'}, {'M'}, {'T'}, {'P'}]",0.25451808882847504,27,0.8352272727272727,0.9020696794431918,5050
"[{'W'}, {'Z'}, {'X'}, {'M'}, {'Y'}]",0.25446737481302606,32,0.8380566801619433,0.9020696794431918,5050
"[{'T'}, {'U'}, {'M'}, {'V'}, {'T'}]",0.25441987888100803,24,0.8333333333333333,0.9020696794431918,5050
"[{'M'}, {'N'}, {'X'}, {'X'}, {'T'}]",0.25409028866258065,29,0.8368421052631578,0.9020696794431918,5050
"[{'Y'}, {'N'}, {'U'}, {'P'}, {'U'}]",0.25373409409218683,23,0.8333333333333333,0.9020696794431918,5050
"[{'N'}, {'T'}, {'V'}, {'M'}, {'Y'}]",0.2537340940921867,23,0.8333333333333334,0.9020696794431918,5050
"[{'N'}, {'X'}, {'M'}, {'X'}, {'X'}]",0.25352414207000007,30,0.8379629629629629,0.9020696794431918,5050
"[{'Z'}, {'T'}, {'Y'}, {'N'}, {'N'}]",0.2530332317045696,22,0.8333333333333333,0.9020696794431918,5050
"[{'P'}, {'Y'}, {'U'}, {'Y'}, {'Z'}]",0.2530332317045696,22,0.8333333333333333,0.9020696794431918,5050
"[{'P'}, {'V'}, {'V'}, {'W'}, {'X'}]",0.2530332317045695,22,0.8333333333333334,0.9020696794431918,5050
"[{'X'}, {'O'}, {'W'}, {'P'}, {'W'}]",0.2528266239104151,26,0.8363636363636363,0.9020696794431918,5050
"[{'P'}, {'M'}, {'M'}, {'V'}, {'Z'}]",0.2528266239104151,26,0.8363636363636363,0.9020696794431918,5050
"[{'O'}, {'P'}, {'X'}, {'Y'}, {'W'}]",0.252826623910415,26,0.8363636363636364,0.9020696794431918,5050
"[{'X'}, {'W'}, {'T'}, {'P'}, {'W'}]",0.252826623910415,26,0.8363636363636364,0.9020696794431918,5050
"[{'M'}, {'V'}, {'V'}, {'M'}, {'N'}]",0.2523162512185194,21,0.8333333333333334,0.9020696794431918,5050
"[{'M'}, {'U'}, {'U'}, {'N'}, {'V'}]",0.2523162512185194,21,0.8333333333333335,0.9020696794431918,5050
"[{'M'}, {'X'}, {'V'}, {'P'}, {'W'}]",0.2517643859846298,26,0.8375,0.9020696794431918,5050
"[{'T'}, {'N'}, {'M'}, {'N'}, {'Z'}]",0.2517643859846298,26,0.8375,0.9020696794431918,5050
"[{'O'}, {'P'}, {'Y'}, {'P'}, {'V'}]",0.251581986652467,20,0.8333333333333333,0.9020696794431918,5050
"[{'Y'}, {'X'}, {'N'}, {'U'}, {'V'}]",0.2510361264955041,25,0.8376623376623377,0.9020696794431918,5050
"[{'V'}, {'N'}, {'M'}, {'W'}, {'U'}]",0.25046932482048345,27,0.8395061728395062,0.9020696794431918,5050
"[{'W'}, {'V'}, {'Z'}, {'T'}, {'V'}]",0.25046932482048345,27,0.8395061728395062,0.9020696794431918,5050
"[{'X'}, {'V'}, {'P'}, {'M'}, {'M'}]",0.24979137878854696,29,0.8413461538461539,0.9020696794431918,5050
"[{'O'}, {'Y'}, {'Y'}, {'Z'}, {'W'}]",0.24968909292999208,21,0.8363636363636363,0.9020696794431918,5050
"[{'Z'}, {'U'}, {'T'}, {'Z'}, {'V'}]",0.24968909292999197,21,0.8363636363636364,0.9020696794431918,5050
"[{'U'}, {'P'}, {'T'}, {'Y'}, {'Z'}]",0.24968909292999197,21,0.8363636363636364,0.9020696794431918,5050
"[{'Y'}, {'P'}, {'X'}, {'O'}, {'M'}]",0.24968909292999197,21,0.8363636363636364,0.9020696794431918,5050
"[{'P'}, {'W'}, {'M'}, {'T'}, {'U'}]",0.24942398190620207,27,0.8406593406593407,0.9020696794431918,5050
"[{'U'}, {'Z'}, {'W'}, {'W'}, {'W'}]",0.2492761436726294,22,0.8376068376068376,0.9020696794431918,5050
"[{'W'}, {'P'}, {'X'}, {'X'}, {'Y'}]",0.24896152111161496,27,0.8411764705882353,0.9020696794431918,5050
"[{'P'}, {'P'}, {'Z'}, {'T'}, {'Y'}]",0.24886211268044445,22,0.838095238095238,0.9020696794431918,5050
"[{'O'}, {'V'}, {'P'}, {'Y'}, {'N'}]",0.24841808200955684,29,0.8428571428571429,0.9020696794431918,5050
"[{'W'}, {'W'}, {'N'}, {'O'}, {'P'}]",0.24790261388620305,29,0.8434343434343434,0.9020696794431918,5050
"[{'X'}, {'W'}, {'Z'}, {'U'}, {'V'}]",0.24748553248727623,27,0.8428571428571429,0.9020696794431918,5050
"[{'M'}, {'W'}, {'N'}, {'W'}, {'O'}]",0.2473731228222834,20,0.8383838383838383,0.9020696794431918,5050
"[{'P'}, {'T'}, {'W'}, {'U'}, {'O'}]",0.24709294545659488,23,0.8409090909090909,0.9020696794431918,5050
"[{'T'}, {'X'}, {'M'}, {'P'}, {'Z'}]",0.24709294545659488,23,0.8409090909090909,0.9020696794431918,5050
"[{'V'}, {'T'}, {'N'}, {'T'}, {'Y'}]",0.2467960223893645,23,0.8412698412698413,0.9020696794431918,5050
"[{'V'}, {'N'}, {'W'}, {'M'}, {'T'}]",0.2467960223893645,23,0.8412698412698413,0.9020696794431918,5050
"[{'X'}, {'O'}, {'T'}, {'M'}, {'T'}]",0.24676883938919514,26,0.8431372549019608,0.9020696794431918,5050
"[{'T'}, {'V'}, {'U'}, {'X'}, {'P'}]",0.24676883938919514,26,0.8431372549019608,0.9020696794431918,5050
"[{'X'}, {'M'}, {'N'}, {'X'}, {'T'}]",0.24647143583652986,23,0.8416666666666667,0.9020696794431918,5050
"[{'W'}, {'Z'}, {'O'}, {'T'}, {'N'}]",0.24625332418921608,26,0.84375,0.9020696794431918,5050
"[{'T'}, {'N'}, {'N'}, {'T'}, {'X'}]",0.24625332418921608,26,0.84375,0.9020696794431918,5050
"[{'M'}, {'Y'}, {'W'}, {'X'}, {'Y'}]",0.24612947247762773,27,0.8444444444444444,0.9020696794431918,5050
"[{'Y'}, {'Y'}, {'T'}, {'U'}, {'Y'}]",0.24612947247762773,27,0.8444444444444444,0.9020696794431918,5050
"[{'Y'}, {'X'}, {'M'}, {'N'}, {'N'}]",0.24601934030413575,24,0.8428571428571429,0.9020696794431918,5050
"[{'P'}, {'Y'}, {'Y'}, {'Y'}, {'T'}]",0.24601934030413575,24,0.8428571428571429,0.9020696794431918,5050
"[{'U'}, {'N'}, {'V'}, {'O'}, {'U'}]",0.24593021180594443,22,0.8416666666666666,0.9020696794431918,5050
"[{'O'}, {'X'}, {'X'}, {'Z'}, {'M'}]",0.24593021180594432,22,0.8416666666666667,0.9020696794431918,5050
"[{'X'}, {'W'}, {'N'}, {'Y'}, {'U'}]",0.24593021180594432,22,0.8416666666666667,0.9020696794431918,5050
"[{'W'}, {'W'}, {'V'}, {'M'}, {'T'}]",0.24544749793357512,25,0.8441558441558441,0.9020696794431918,5050
"[{'T'}, {'U'}, {'N'}, {'X'}, {'Y'}]",0.24529590644085997,24,0.84375,0.9020696794431918,5050
"[{'N'}, {'P'}, {'T'}, {'O'}, {'O'}]",0.2451298192267507,28,0.8461538461538461,0.9020696794431918,5050
"[{'Z'}, {'M'}, {'T'}, {'V'}, {'T'}]",0.24510023260615954,27,0.845679012345679,0.9020696794431918,5050
"[{'V'}, {'X'}, {'M'}, {'X'}, {'P'}]",0.2448981364615439,22,0.8429752066115702,0.9020696794431918,5050
"[{'Z'}, {'O'}, {'X'}, {'Y'}, {'W'}]",0.2447408346661113,24,0.8444444444444444,0.9020696794431918,5050
"[{'Z'}, {'T'}, {'W'}, {'W'}, {'N'}]",0.24471030613403522,27,0.8461538461538461,0.9020696794431918,5050
"[{'X'}, {'Z'}, {'V'}, {'T'}, {'Z'}]",0.24466074820908001,21,0.8425925925925926,0.9020696794431918,5050
"[{'W'}, {'O'}, {'V'}, {'O'}, {'T'}]",0.24466074820908001,21,0.8425925925925926,0.9020696794431918,5050
"[{'W'}, {'M'}, {'T'}, {'W'}, {'X'}]",0.24384729263231586,25,0.8461538461538463,0.9020696794431918,5050
"[{'W'}, {'V'}, {'T'}, {'X'}, {'P'}]",0.24344563280270481,25,0.8466666666666667,0.9020696794431918,5050
"[{'T'}, {'M'}, {'X'}, {'U'}, {'M'}]",0.2434028318058633,24,0.8461538461538461,0.9020696794431918,5050
"[{'T'}, {'V'}, {'Z'}, {'X'}, {'P'}]",0.2434028318058633,24,0.8461538461538461,0.9020696794431918,5050
"[{'O'}, {'W'}, {'T'}, {'U'}, {'Z'}]",0.24325297745325947,20,0.84375,0.9020696794431918,5050
"[{'W'}, {'T'}, {'Y'}, {'Z'}, {'X'}]",0.24294901082893428,23,0.8461538461538461,0.9020696794431918,5050
"[{'P'}, {'W'}, {'Y'}, {'W'}, {'X'}]",0.24294901082893428,23,0.8461538461538463,0.9020696794431918,5050
"[{'N'}, {'W'}, {'N'}, {'M'}, {'O'}]",0.24258703888536015,24,0.8472222222222222,0.9020696794431918,5050
"[{'V'}, {'U'}, {'W'}, {'U'}, {'X'}]",0.2425182051735032,21,0.8454545454545455,0.9020696794431918,5050
"[{'M'}, {'T'}, {'N'}, {'Z'}, {'U'}]",0.2425182051735032,21,0.8454545454545453,0.9020696794431918,5050
"[{'X'}, {'T'}, {'O'}, {'T'}, {'X'}]",0.24248521218739838,22,0.8461538461538463,0.9020696794431918,5050
"[{'V'}, {'V'}, {'P'}, {'M'}, {'O'}]",0.24248521218739838,22,0.8461538461538463,0.9020696794431918,5050
"[{'X'}, {'Y'}, {'W'}, {'O'}, {'P'}]",0.24217460510300548,20,0.8452380952380952,0.9020696794431918,5050
"[{'W'}, {'T'}, {'O'}, {'W'}, {'N'}]",0.242155270982218,32,0.8515625,0.9020696794431918,5050
"[{'M'}, {'V'}, {'P'}, {'O'}, {'O'}]",0.242155270982218,32,0.8515625,0.9020696794431918,5050
"[{'M'}, {'V'}, {'V'}, {'T'}, {'M'}]",0.24167342118089463,27,0.8500000000000001,0.9020696794431918,5050
"[{'Z'}, {'V'}, {'W'}, {'U'}, {'X'}]",0.24144866447827873,21,0.8469387755102041,0.9020696794431918,5050
"[{'T'}, {'O'}, {'W'}, {'Z'}, {'V'}]",0.24142261690897326,23,0.8482142857142857,0.9020696794431918,5050
"[{'X'}, {'X'}, {'V'}, {'V'}, {'M'}]",0.24122643761180718,23,0.8484848484848484,0.9020696794431918,5050
"[{'N'}, {'Y'}, {'Y'}, {'Z'}, {'W'}]",0.24099236948367087,22,0.8482142857142857,0.9020696794431918,5050
"[{'N'}, {'M'}, {'W'}, {'W'}, {'Z'}]",0.24099236948367087,22,0.8482142857142857,0.9020696794431918,5050
"[{'Y'}, {'U'}, {'O'}, {'U'}, {'X'}]",0.240539629213798,24,0.85,0.9020696794431918,5050
"[{'O'}, {'T'}, {'V'}, {'W'}, {'U'}]",0.2404381229456941,27,0.8516483516483516,0.9020696794431918,5050
"[{'X'}, {'Z'}, {'T'}, {'T'}, {'Y'}]",0.24042344022285056,26,0.8511904761904762,0.9020696794431918,5050
"[{'M'}, {'U'}, {'O'}, {'P'}, {'X'}]",0.24028772410617283,25,0.8508771929824561,0.9020696794431918,5050
"[{'W'}, {'M'}, {'T'}, {'W'}, {'T'}]",0.23974390441075688,22,0.85,0.9020696794431918,5050
"[{'T'}, {'Z'}, {'X'}, {'O'}, {'W'}]",0.23974390441075688,22,0.85,0.9020696794431918,5050
"[{'Y'}, {'U'}, {'Y'}, {'T'}, {'N'}]",0.23974390441075677,22,0.8500000000000001,0.9020696794431918,5050
"[{'P'}, {'V'}, {'Y'}, {'T'}, {'Z'}]",0.2392337928267505,24,0.851851851851852,0.9020696794431918,5050
"[{'N'}, {'W'}, {'T'}, {'O'}, {'T'}]",0.23909253331459046,25,0.8525641025641026,0.9020696794431918,5050
"[{'N'}, {'Z'}, {'T'}, {'U'}, {'Y'}]",0.23901391107602987,31,0.8552631578947368,0.9020696794431918,5050
"[{'P'}, {'Z'}, {'M'}, {'M'}, {'O'}]",0.23891111024157607,20,0.8500000000000001,0.9020696794431918,5050
"[{'V'}, {'U'}, {'V'}, {'P'}, {'Y'}]",0.2385608196545551,25,0.8533333333333334,0.9020696794431918,5050
"[{'X'}, {'V'}, {'M'}, {'Y'}, {'X'}]",0.2385608196545551,25,0.8533333333333334,0.9020696794431918,5050
"[{'X'}, {'V'}, {'Y'}, {'M'}, {'T'}]",0.2383487140774153,24,0.8531468531468531,0.9020696794431918,5050
"[{'V'}, {'V'}, {'U'}, {'N'}, {'M'}]",0.2381109684532452,21,0.8518518518518519,0.9020696794431918,5050
"[{'T'}, {'O'}, {'Y'}, {'N'}, {'T'}]",0.2381109684532452,21,0.8518518518518519,0.9020696794431918,5050
"[{'P'}, {'W'}, {'Z'}, {'V'}, {'O'}]",0.2381109684532452,21,0.8518518518518519,0.9020696794431918,5050
"[{'O'}, {'W'}, {'O'}, {'P'}, {'M'}]",0.2381109684532452,21,0.8518518518518519,0.9020696794431918,5050
"[{'T'}, {'N'}, {'P'}, {'Z'}, {'V'}]",0.23805457181497658,26,0.8545454545454545,0.9020696794431918,5050
"[{'W'}, {'X'}, {'Y'}, {'M'}, {'Y'}]",0.23805457181497647,26,0.8545454545454546,0.9020696794431918,5050
"[{'X'}, {'N'}, {'N'}, {'U'}, {'W'}]",0.23799419285758205,25,0.8541666666666666,0.9020696794431918,5050
"[{'X'}, {'V'}, {'P'}, {'X'}, {'X'}]",0.23799419285758194,25,0.8541666666666667,0.9020696794431918,5050
"[{'M'}, {'W'}, {'X'}, {'O'}, {'P'}]",0.2375428398563061,23,0.8538461538461538,0.9020696794431918,5050
"[{'O'}, {'Y'}, {'T'}, {'O'}, {'Z'}]",0.23754283985630598,23,0.8538461538461539,0.9020696794431918,5050
"[{'M'}, {'W'}, {'V'}, {'X'}, {'T'}]",0.23754283985630598,23,0.8538461538461539,0.9020696794431918,5050
"[{'U'}, {'U'}, {'Z'}, {'Z'}, {'W'}]",0.23737241115300434,28,0.8564102564102564,0.9020696794431918,5050
"[{'X'}, {'X'}, {'T'}, {'V'}, {'X'}]",0.23687825644843097,28,0.8571428571428571,0.9020696794431918,5050
"[{'T'}, {'P'}, {'Z'}, {'T'}, {'X'}]",0.23660743234117876,27,0.8571428571428571,0.9020696794431918,5050
"[{'T'}, {'W'}, {'Y'}, {'V'}, {'U'}]",0.2362896730620544,20,0.8541666666666666,0.9020696794431918,5050
"[{'V'}, {'V'}, {'T'}, {'W'}, {'V'}]",0.2362896730620544,20,0.8541666666666667,0.9020696794431918,5050
"[{'N'}, {'Y'}, {'N'}, {'X'}, {'P'}]",0.2362896730620544,20,0.8541666666666666,0.9020696794431918,5050
"[{'N'}, {'X'}, {'N'}, {'Z'}, {'V'}]",0.2361345705578236,23,0.8560606060606061,0.9020696794431918,5050
"[{'O'}, {'P'}, {'N'}, {'O'}, {'W'}]",0.23605029868979044,25,0.8571428571428572,0.9020696794431918,5050
"[{'P'}, {'Y'}, {'X'}, {'M'}, {'U'}]",0.23605029868979044,25,0.8571428571428572,0.9020696794431918,5050
"[{'V'}, {'X'}, {'N'}, {'P'}, {'T'}]",0.23605029868979044,25,0.8571428571428572,0.9020696794431918,5050
"[{'Y'}, {'T'}, {'W'}, {'P'}, {'U'}]",0.23605029868979044,25,0.8571428571428571,0.9020696794431918,5050
"[{'P'}, {'T'}, {'O'}, {'Y'}, {'X'}]",0.23605029868979044,25,0.8571428571428572,0.9020696794431918,5050
"[{'X'}, {'M'}, {'T'}, {'P'}, {'X'}]",0.23594773576234096,31,0.8596491228070176,0.9020696794431918,5050
"[{'T'}, {'O'}, {'O'}, {'T'}, {'M'}]",0.2357633691311598,24,0.8571428571428572,0.9020696794431918,5050
"[{'O'}, {'W'}, {'U'}, {'T'}, {'U'}]",0.235470396961606,23,0.8571428571428571,0.9020696794431918,5050
"[{'Z'}, {'M'}, {'V'}, {'X'}, {'X'}]",0.235470396961606,23,0.8571428571428571,0.9020696794431918,5050
"[{'X'}, {'W'}, {'O'}, {'Y'}, {'N'}]",0.23547039696160588,23,0.8571428571428572,0.9020696794431918,5050
"[{'O'}, {'X'}, {'U'}, {'P'}, {'V'}]",0.2351709835339446,22,0.8571428571428572,0.9020696794431918,5050
"[{'V'}, {'O'}, {'N'}, {'W'}, {'W'}]",0.2351709835339446,22,0.8571428571428571,0.9020696794431918,5050
"[{'Z'}, {'X'}, {'T'}, {'P'}, {'P'}]",0.2351709835339446,22,0.8571428571428572,0.9020696794431918,5050
"[{'P'}, {'N'}, {'T'}, {'N'}, {'Z'}]",0.2351709835339446,22,0.8571428571428571,0.9020696794431918,5050
"[{'T'}, {'O'}, {'T'}, {'Y'}, {'U'}]",0.2351709835339446,22,0.8571428571428571,0.9020696794431918,5050
"[{'V'}, {'W'}, {'U'}, {'X'}, {'W'}]",0.2348432732845548,31,0.8613445378151261,0.9020696794431918,5050
"[{'M'}, {'V'}, {'M'}, {'T'}, {'N'}]",0.2345510012619555,20,0.8571428571428571,0.9020696794431918,5050
"[{'W'}, {'N'}, {'Z'}, {'Y'}, {'T'}]",0.2345510012619555,20,0.8571428571428571,0.9020696794431918,5050
"[{'P'}, {'T'}, {'V'}, {'O'}, {'Y'}]",0.2345510012619555,20,0.8571428571428572,0.9020696794431918,5050
"[{'V'}, {'V'}, {'V'}, {'W'}, {'Y'}]",0.23447430951900716,22,0.8583333333333334,0.9020696794431918,5050
"[{'W'}, {'X'}, {'M'}, {'N'}, {'N'}]",0.23447430951900716,22,0.8583333333333333,0.9020696794431918,5050
"[{'T'}, {'N'}, {'Y'}, {'T'}, {'Z'}]",0.23447430951900716,22,0.8583333333333334,0.9020696794431918,5050
"[{'T'}, {'N'}, {'U'}, {'T'}, {'N'}]",0.23441505026902387,24,0.859375,0.9020696794431918,5050
"[{'T'}, {'O'}, {'M'}, {'M'}, {'P'}]",0.2343014265461656,25,0.86,0.9020696794431918,5050
"[{'W'}, {'W'}, {'N'}, {'M'}, {'W'}]",0.23408117666293415,28,0.8615384615384616,0.9020696794431918,5050
"[{'Z'}, {'U'}, {'U'}, {'V'}, {'N'}]",0.23407369898797115,29,0.861904761904762,0.9020696794431918,5050
"[{'M'}, {'U'}, {'M'}, {'Y'}, {'Z'}]",0.23374813977747788,20,0.8585858585858586,0.9020696794431918,5050
"[{'P'}, {'V'}, {'M'}, {'O'}, {'T'}]",0.23374813977747788,20,0.8585858585858586,0.9020696794431918,5050
"[{'W'}, {'M'}, {'X'}, {'M'}, {'X'}]",0.23365848399474853,28,0.8622448979591837,0.9020696794431918,5050
"[{'U'}, {'O'}, {'Y'}, {'X'}, {'N'}]",0.23321823432048905,27,0.8626373626373627,0.9020696794431918,5050
"[{'M'}, {'U'}, {'Y'}, {'X'}, {'X'}]",0.23308356781262718,26,0.8625,0.9020696794431918,5050
"[{'Z'}, {'X'}, {'T'}, {'P'}, {'Y'}]",0.23293532812267026,23,0.8615384615384616,0.9020696794431918,5050
"[{'O'}, {'P'}, {'T'}, {'W'}, {'V'}]",0.23274810422607917,26,0.863095238095238,0.9020696794431918,5050
"[{'N'}, {'X'}, {'P'}, {'N'}, {'T'}]",0.23274810422607917,26,0.863095238095238,0.9020696794431918,5050
"[{'X'}, {'W'}, {'X'}, {'O'}, {'O'}]",0.23274810422607917,26,0.863095238095238,0.9020696794431918,5050
"[{'M'}, {'Z'}, {'Z'}, {'M'}, {'Y'}]",0.23231231152001885,28,0.8645833333333334,0.9020696794431918,5050
"[{'P'}, {'W'}, {'U'}, {'U'}, {'M'}]",0.23229972478947236,26,0.863905325443787,0.9020696794431918,5050
"[{'T'}, {'V'}, {'W'}, {'W'}, {'V'}]",0.23204714566254425,29,0.8653846153846154,0.9020696794431918,5050
"[{'Y'}, {'X'}, {'N'}, {'X'}, {'X'}]",0.23198066897471936,33,0.8666666666666667,0.9020696794431918,5050
"[{'Y'}, {'O'}, {'M'}, {'P'}, {'P'}]",0.23183673128884608,30,0.8660714285714286,0.9020696794431918,5050
"[{'T'}, {'Z'}, {'O'}, {'Y'}, {'X'}]",0.23182597409878258,32,0.8666666666666667,0.9020696794431918,5050
"[{'N'}, {'X'}, {'V'}, {'V'}, {'V'}]",0.2318173442946443,23,0.8636363636363635,0.9020696794431918,5050
"[{'W'}, {'V'}, {'T'}, {'W'}, {'P'}]",0.2318173442946443,23,0.8636363636363636,0.9020696794431918,5050
"[{'X'}, {'Y'}, {'M'}, {'X'}, {'X'}]",0.2317963275315329,22,0.8632478632478633,0.9020696794431918,5050
"[{'P'}, {'T'}, {'T'}, {'T'}, {'Y'}]",0.2317963275315329,22,0.8632478632478632,0.9020696794431918,5050
"[{'M'}, {'V'}, {'M'}, {'M'}, {'U'}]",0.2317963275315329,22,0.8632478632478633,0.9020696794431918,5050
"[{'P'}, {'Z'}, {'W'}, {'U'}, {'U'}]",0.23169056005622146,24,0.8642857142857143,0.9020696794431918,5050
"[{'X'}, {'U'}, {'O'}, {'P'}, {'W'}]",0.23169056005622146,24,0.8642857142857143,0.9020696794431918,5050
"[{'T'}, {'M'}, {'P'}, {'P'}, {'X'}]",0.23137407165144608,21,0.8636363636363636,0.9020696794431918,5050
"[{'T'}, {'T'}, {'M'}, {'T'}, {'X'}]",0.23137407165144608,21,0.8636363636363635,0.9020696794431918,5050
"[{'O'}, {'M'}, {'Z'}, {'Z'}, {'Y'}]",0.23137407165144608,21,0.8636363636363636,0.9020696794431918,5050
"[{'N'}, {'M'}, {'X'}, {'X'}, {'V'}]",0.23134678435190992,29,0.8666666666666667,0.9020696794431918,5050
"[{'T'}, {'N'}, {'Y'}, {'W'}, {'N'}]",0.23131772262965833,25,0.8653846153846153,0.9020696794431918,5050
"[{'U'}, {'U'}, {'V'}, {'U'}, {'O'}]",0.23131772262965822,25,0.8653846153846154,0.9020696794431918,5050
"[{'P'}, {'Z'}, {'O'}, {'N'}, {'T'}]",0.23118158853739934,28,0.8666666666666667,0.9020696794431918,5050
"[{'W'}, {'Y'}, {'U'}, {'U'}, {'U'}]",0.2310828432366696,23,0.865079365079365,0.9020696794431918,5050
"[{'X'}, {'P'}, {'N'}, {'M'}, {'Y'}]",0.2310828432366696,23,0.865079365079365,0.9020696794431918,5050
"[{'U'}, {'X'}, {'M'}, {'X'}, {'P'}]",0.23100138100287115,33,0.8684210526315789,0.9020696794431918,5050
"[{'V'}, {'O'}, {'X'}, {'V'}, {'Z'}]",0.2306920734788519,20,0.8645833333333334,0.9020696794431918,5050
"[{'T'}, {'W'}, {'N'}, {'Y'}, {'Z'}]",0.23052720673374638,21,0.8653846153846153,0.9020696794431918,5050
"[{'M'}, {'O'}, {'Z'}, {'Y'}, {'X'}]",0.23040194612132803,22,0.8660714285714285,0.9020696794431918,5050
"[{'P'}, {'V'}, {'N'}, {'M'}, {'M'}]",0.23040194612132803,22,0.8660714285714286,0.9020696794431918,5050
"[{'X'}, {'U'}, {'U'}, {'P'}, {'M'}]",0.23030735321079765,23,0.8666666666666667,0.9020696794431918,5050
"[{'Z'}, {'V'}, {'V'}, {'T'}, {'O'}]",0.23030735321079765,23,0.8666666666666667,0.9020696794431918,5050
"[{'Z'}, {'O'}, {'O'}, {'T'}, {'Z'}]",0.2302705288836251,27,0.8681318681318682,0.9020696794431918,5050
"[{'V'}, {'U'}, {'Z'}, {'M'}, {'W'}]",0.2302632141700689,24,0.8671328671328672,0.9020696794431918,5050
"[{'M'}, {'W'}, {'Z'}, {'P'}, {'M'}]",0.2302632141700689,24,0.8671328671328671,0.9020696794431918,5050
"[{'V'}, {'O'}, {'Z'}, {'M'}, {'P'}]",0.2301503067902455,26,0.8680555555555556,0.9020696794431918,5050
"[{'O'}, {'U'}, {'N'}, {'T'}, {'W'}]",0.23012142713069528,22,0.8666666666666667,0.9020696794431918,5050
"[{'O'}, {'T'}, {'W'}, {'U'}, {'O'}]",0.23012142713069517,22,0.8666666666666668,0.9020696794431918,5050
"[{'P'}, {'T'}, {'T'}, {'W'}, {'O'}]",0.2298147920236483,26,0.86875,0.9020696794431918,5050
"[{'O'}, {'P'}, {'W'}, {'O'}, {'M'}]",0.2298147920236483,26,0.86875,0.9020696794431918,5050
"[{'Z'}, {'U'}, {'X'}, {'U'}, {'P'}]",0.2298147920236483,26,0.86875,0.9020696794431918,5050
"[{'U'}, {'X'}, {'T'}, {'O'}, {'V'}]",0.22973643813917166,20,0.8666666666666667,0.9020696794431918,5050
"[{'M'}, {'Z'}, {'Y'}, {'Y'}, {'Y'}]",0.22969204408520327,27,0.8693181818181819,0.9020696794431918,5050
"[{'Y'}, {'O'}, {'Z'}, {'M'}, {'X'}]",0.22967311854280736,26,0.8690476190476191,0.9020696794431918,5050
"[{'Z'}, {'Y'}, {'Y'}, {'U'}, {'V'}]",0.22967311854280736,26,0.869047619047619,0.9020696794431918,5050
"[{'M'}, {'P'}, {'W'}, {'V'}, {'U'}]",0.2296235984141647,21,0.8673469387755102,0.9020696794431918,5050
"[{'T'}, {'W'}, {'Z'}, {'Y'}, {'M'}]",0.22961446289327947,22,0.8677685950413223,0.9020696794431918,5050
"[{'Z'}, {'X'}, {'P'}, {'W'}, {'N'}]",0.2295936267235812,30,0.8703703703703703,0.9020696794431918,5050
"[{'X'}, {'P'}, {'M'}, {'N'}, {'Z'}]",0.2294933644799021,31,0.8708333333333333,0.9020696794431918,5050
"[{'P'}, {'N'}, {'V'}, {'U'}, {'W'}]",0.2294933644799021,31,0.8708333333333333,0.9020696794431918,5050
"[{'M'}, {'T'}, {'U'}, {'M'}, {'T'}]",0.22931022742994822,26,0.8698224852071006,0.9020696794431918,5050
"[{'Z'}, {'P'}, {'U'}, {'N'}, {'M'}]",0.2291264756280268,23,0.8692307692307693,0.9020696794431918,5050
"[{'Y'}, {'N'}, {'U'}, {'U'}, {'P'}]",0.2291264756280268,23,0.8692307692307693,0.9020696794431918,5050
"[{'Z'}, {'U'}, {'U'}, {'Z'}, {'P'}]",0.2290970631380378,20,0.8681318681318682,0.9020696794431918,5050
"[{'T'}, {'U'}, {'Z'}, {'T'}, {'U'}]",0.2290970631380378,20,0.8681318681318682,0.9020696794431918,5050
"[{'N'}, {'M'}, {'W'}, {'T'}, {'X'}]",0.2290970631380378,20,0.8681318681318682,0.9020696794431918,5050
"[{'Z'}, {'U'}, {'V'}, {'X'}, {'U'}]",0.22902650995277007,25,0.8701298701298702,0.9020696794431918,5050
"[{'P'}, {'Z'}, {'N'}, {'P'}, {'T'}]",0.2288619316206324,20,0.8686868686868686,0.9020696794431918,5050
"[{'M'}, {'V'}, {'X'}, {'T'}, {'X'}]",0.2288619316206324,20,0.8686868686868686,0.9020696794431918,5050
"[{'W'}, {'Y'}, {'X'}, {'T'}, {'O'}]",0.2288619316206323,20,0.8686868686868687,0.9020696794431918,5050
"[{'X'}, {'M'}, {'Z'}, {'X'}, {'P'}]",0.22873560812647198,28,0.8716577540106951,0.9020696794431918,5050
"[{'Z'}, {'W'}, {'P'}, {'T'}, {'X'}]",0.22871382206174307,27,0.8714285714285714,0.9020696794431918,5050
"[{'N'}, {'U'}, {'U'}, {'T'}, {'P'}]",0.22871117512931693,20,0.8690476190476191,0.9020696794431918,5050
"[{'P'}, {'O'}, {'P'}, {'P'}, {'W'}]",0.22867364677639979,28,0.8717948717948718,0.9020696794431918,5050
"[{'O'}, {'Y'}, {'M'}, {'X'}, {'X'}]",0.22845272477257428,29,0.8725490196078431,0.9020696794431918,5050
"[{'Y'}, {'O'}, {'V'}, {'Z'}, {'O'}]",0.22838191959119403,28,0.8724489795918366,0.9020696794431918,5050
"[{'P'}, {'M'}, {'V'}, {'N'}, {'U'}]",0.22838191959119392,28,0.8724489795918368,0.9020696794431918,5050
"[{'Y'}, {'V'}, {'W'}, {'U'}, {'W'}]",0.22836279634786472,27,0.8722222222222222,0.9020696794431918,5050
"[{'W'}, {'N'}, {'W'}, {'Z'}, {'X'}]",0.22832857870239032,21,0.8703703703703703,0.9020696794431918,5050
"[{'Z'}, {'Z'}, {'U'}, {'X'}, {'Y'}]",0.22832857870239032,21,0.8703703703703703,0.9020696794431918,5050
"[{'W'}, {'M'}, {'O'}, {'X'}, {'N'}]",0.2283285787023902,21,0.8703703703703705,0.9020696794431918,5050
"[{'N'}, {'P'}, {'M'}, {'O'}, {'Z'}]",0.2283210482357092,20,0.8700000000000001,0.9020696794431918,5050
"[{'P'}, {'W'}, {'N'}, {'U'}, {'X'}]",0.22829767126245137,25,0.8717948717948718,0.9020696794431918,5050
"[{'N'}, {'P'}, {'U'}, {'U'}, {'M'}]",0.22829767126245137,25,0.8717948717948718,0.9020696794431918,5050
"[{'N'}, {'U'}, {'Z'}, {'T'}, {'Y'}]",0.2282747588222691,23,0.8712121212121212,0.9020696794431918,5050
"[{'Z'}, {'M'}, {'P'}, {'Y'}, {'P'}]",0.22802652978273896,26,0.8727272727272728,0.9020696794431918,5050
"[{'Z'}, {'N'}, {'Y'}, {'W'}, {'X'}]",0.22789837436089844,22,0.8717948717948718,0.9020696794431918,5050
"[{'X'}, {'N'}, {'T'}, {'Z'}, {'X'}]",0.22754546217102845,23,0.873015873015873,0.9020696794431918,5050
"[{'T'}, {'X'}, {'M'}, {'M'}, {'V'}]",0.22754546217102845,23,0.873015873015873,0.9020696794431918,5050
"[{'O'}, {'M'}, {'Y'}, {'T'}, {'W'}]",0.22749657374080756,30,0.8750000000000001,0.9020696794431918,5050
"[{'U'}, {'M'}, {'W'}, {'P'}, {'Z'}]",0.22730506609526568,28,0.875,0.9020696794431918,5050
"[{'T'}, {'N'}, {'M'}, {'V'}, {'M'}]",0.22730506609526568,28,0.875,0.9020696794431918,5050
"[{'T'}, {'Y'}, {'N'}, {'Z'}, {'V'}]",0.22730506609526568,28,0.875,0.9020696794431918,5050
"[{'N'}, {'M'}, {'U'}, {'W'}, {'M'}]",0.22723183199117059,24,0.8741258741258741,0.9020696794431918,5050
"[{'P'}, {'T'}, {'Z'}, {'V'}, {'Y'}]",0.22723183199117059,24,0.8741258741258742,0.9020696794431918,5050
"[{'Z'}, {'Y'}, {'P'}, {'M'}, {'T'}]",0.22720674603354996,27,0.875,0.9020696794431918,5050
"[{'N'}, {'P'}, {'N'}, {'W'}, {'M'}]",0.22710658773627812,26,0.875,0.9020696794431918,5050
"[{'X'}, {'U'}, {'T'}, {'M'}, {'Z'}]",0.22710658773627812,26,0.875,0.9020696794431918,5050
"[{'N'}, {'P'}, {'U'}, {'Y'}, {'X'}]",0.22710658773627812,26,0.875,0.9020696794431918,5050
"[{'V'}, {'V'}, {'O'}, {'V'}, {'T'}]",0.22692397242298945,29,0.8761904761904763,0.9020696794431918,5050
"[{'M'}, {'O'}, {'N'}, {'O'}, {'X'}]",0.22690031708325087,24,0.875,0.9020696794431918,5050
"[{'U'}, {'O'}, {'Z'}, {'V'}, {'P'}]",0.22679400213152912,26,0.8758169934640523,0.9020696794431918,5050
"[{'O'}, {'U'}, {'T'}, {'W'}, {'O'}]",0.22679400213152912,26,0.8758169934640523,0.9020696794431918,5050
"[{'Z'}, {'U'}, {'Y'}, {'V'}, {'N'}]",0.22668525724582111,22,0.875,0.9020696794431918,5050
"[{'V'}, {'X'}, {'W'}, {'Y'}, {'O'}]",0.22668525724582111,22,0.875,0.9020696794431918,5050
"[{'M'}, {'T'}, {'Z'}, {'T'}, {'O'}]",0.22664040182747736,27,0.8764705882352941,0.9020696794431918,5050
"[{'N'}, {'T'}, {'V'}, {'U'}, {'Y'}]",0.2265573513799356,28,0.8769230769230769,0.9020696794431918,5050
"[{'X'}, {'N'}, {'N'}, {'W'}, {'V'}]",0.22646017870365198,20,0.875,0.9020696794431918,5050
"[{'Z'}, {'Y'}, {'O'}, {'N'}, {'T'}]",0.2264568163414662,28,0.8771929824561403,0.9020696794431918,5050
"[{'U'}, {'Y'}, {'W'}, {'Y'}, {'O'}]",0.22640464452429665,25,0.8766233766233766,0.9020696794431918,5050
"[{'N'}, {'Z'}, {'M'}, {'N'}, {'W'}]",0.22640464452429665,25,0.8766233766233765,0.9020696794431918,5050
"[{'U'}, {'T'}, {'W'}, {'U'}, {'O'}]",0.22632315072389375,22,0.8760330578512396,0.9020696794431918,5050
"[{'Y'}, {'U'}, {'W'}, {'T'}, {'V'}]",0.22629672150288416,32,0.8784313725490196,0.9020696794431918,5050
"[{'U'}, {'Y'}, {'U'}, {'U'}, {'P'}]",0.22616353522808286,27,0.8777777777777778,0.9020696794431918,5050
"[{'P'}, {'Z'}, {'O'}, {'U'}, {'W'}]",0.2261162823723759,23,0.8769230769230769,0.9020696794431918,5050
"[{'U'}, {'O'}, {'U'}, {'Z'}, {'O'}]",0.22585585587875057,25,0.8782051282051282,0.9020696794431918,5050
"[{'T'}, {'T'}, {'X'}, {'P'}, {'X'}]",0.2257380735638156,26,0.8787878787878788,0.9020696794431918,5050
"[{'W'}, {'T'}, {'V'}, {'V'}, {'T'}]",0.22572540670291874,21,0.8775510204081632,0.9020696794431918,5050
"[{'N'}, {'X'}, {'X'}, {'Z'}, {'P'}]",0.22569959576137433,27,0.8791208791208791,0.9020696794431918,5050
"[{'Y'}, {'Y'}, {'M'}, {'V'}, {'V'}]",0.22550681414069806,23,0.8787878787878789,0.9020696794431918,5050
"[{'U'}, {'M'}, {'T'}, {'N'}, {'N'}]",0.22550681414069806,23,0.8787878787878788,0.9020696794431918,5050
"[{'O'}, {'X'}, {'V'}, {'N'}, {'X'}]",0.22550681414069806,23,0.8787878787878788,0.9020696794431918,5050
"[{'V'}, {'M'}, {'T'}, {'M'}, {'V'}]",0.22534266091523902,31,0.8809523809523809,0.9020696794431918,5050
"[{'V'}, {'Z'}, {'V'}, {'V'}, {'W'}]",0.22527576745955868,25,0.88,0.9020696794431918,5050
"[{'X'}, {'W'}, {'Y'}, {'Z'}, {'U'}]",0.22522807513013032,29,0.8809523809523809,0.9020696794431918,5050
"[{'O'}, {'Z'}, {'X'}, {'U'}, {'M'}]",0.22516303028045892,20,0.8791208791208791,0.9020696794431918,5050
"[{'T'}, {'V'}, {'W'}, {'W'}, {'T'}]",0.2251384027480564,31,0.881578947368421,0.9020696794431918,5050
"[{'T'}, {'U'}, {'Y'}, {'P'}, {'X'}]",0.22509596870736992,21,0.8796296296296298,0.9020696794431918,5050
"[{'M'}, {'Y'}, {'M'}, {'T'}, {'T'}]",0.22509596870736992,21,0.8796296296296298,0.9020696794431918,5050
"[{'N'}, {'W'}, {'P'}, {'U'}, {'T'}]",0.22509596870736992,21,0.8796296296296298,0.9020696794431918,5050
"[{'T'}, {'V'}, {'N'}, {'U'}, {'X'}]",0.22504851180649144,26,0.8809523809523809,0.9020696794431918,5050
"[{'W'}, {'P'}, {'O'}, {'V'}, {'N'}]",0.22504851180649144,26,0.8809523809523809,0.9020696794431918,5050
"[{'O'}, {'Z'}, {'N'}, {'P'}, {'W'}]",0.22504851180649144,26,0.8809523809523809,0.9020696794431918,5050
"[{'M'}, {'M'}, {'P'}, {'U'}, {'W'}]",0.2249647472951295,22,0.8803418803418803,0.9020696794431918,5050
"[{'U'}, {'O'}, {'V'}, {'P'}, {'T'}]",0.22495895495051665,26,0.88125,0.9020696794431918,5050
"[{'W'}, {'W'}, {'W'}, {'V'}, {'O'}]",0.22491396755935844,20,0.8800000000000001,0.9020696794431918,5050
"[{'U'}, {'V'}, {'X'}, {'Y'}, {'X'}]",0.22491396755935844,20,0.88,0.9020696794431918,5050
"[{'P'}, {'T'}, {'P'}, {'U'}, {'N'}]",0.22491396755935844,20,0.88,0.9020696794431918,5050
"[{'Z'}, {'Y'}, {'T'}, {'O'}, {'N'}]",0.22491396755935844,20,0.8800000000000001,0.9020696794431918,5050
"[{'Z'}, {'M'}, {'W'}, {'P'}, {'P'}]",0.22491396755935844,20,0.8800000000000001,0.9020696794431918,5050
"[{'U'}, {'X'}, {'P'}, {'X'}, {'Y'}]",0.22487469499545543,24,0.8811188811188811,0.9020696794431918,5050
"[{'T'}, {'O'}, {'X'}, {'N'}, {'N'}]",0.2248582537646826,23,0.8809523809523809,0.9020696794431918,5050
"[{'P'}, {'M'}, {'U'}, {'X'}, {'M'}]",0.22483859909595483,26,0.8816568047337279,0.9020696794431918,5050
"[{'T'}, {'M'}, {'N'}, {'V'}, {'T'}]",0.22483270234800679,28,0.8820512820512821,0.9020696794431918,5050
"[{'M'}, {'X'}, {'Y'}, {'T'}, {'V'}]",0.22483270234800679,28,0.882051282051282,0.9020696794431918,5050
"[{'M'}, {'U'}, {'U'}, {'X'}, {'T'}]",0.2247434490045398,28,0.8823529411764706,0.9020696794431918,5050
"[{'W'}, {'Z'}, {'P'}, {'W'}, {'Y'}]",0.22469849616119708,25,0.8819444444444444,0.9020696794431918,5050
"[{'U'}, {'X'}, {'P'}, {'O'}, {'Y'}]",0.22469128798646198,27,0.8823529411764706,0.9020696794431918,5050
"[{'O'}, {'Y'}, {'M'}, {'O'}, {'X'}]",0.22465599585938612,28,0.8826530612244897,0.9020696794431918,5050
"[{'O'}, {'M'}, {'U'}, {'X'}, {'M'}]",0.2246551267050898,20,0.8809523809523809,0.9020696794431918,5050
"[{'V'}, {'O'}, {'M'}, {'P'}, {'P'}]",0.22464091958880406,24,0.8819444444444444,0.9020696794431918,5050
"[{'M'}, {'M'}, {'Z'}, {'X'}, {'U'}]",0.22458398343829356,25,0.8823529411764706,0.9020696794431918,5050
"[{'N'}, {'Y'}, {'M'}, {'U'}, {'O'}]",0.22449346078394983,21,0.8818181818181818,0.9020696794431918,5050
"[{'X'}, {'Y'}, {'Y'}, {'Z'}, {'P'}]",0.22449346078394983,21,0.8818181818181818,0.9020696794431918,5050
"[{'W'}, {'M'}, {'P'}, {'V'}, {'P'}]",0.22449346078394983,21,0.8818181818181817,0.9020696794431918,5050
"[{'P'}, {'T'}, {'V'}, {'W'}, {'X'}]",0.22449346078394983,21,0.8818181818181818,0.9020696794431918,5050
"[{'Z'}, {'P'}, {'M'}, {'V'}, {'T'}]",0.2244722937337319,23,0.8823529411764706,0.9020696794431918,5050
"[{'Y'}, {'V'}, {'P'}, {'M'}, {'Y'}]",0.22440524661013794,24,0.8828125,0.9020696794431918,5050
"[{'N'}, {'O'}, {'Z'}, {'O'}, {'U'}]",0.22437613172251414,25,0.8831168831168831,0.9020696794431918,5050
"[{'T'}, {'M'}, {'W'}, {'N'}, {'M'}]",0.2243675188252745,29,0.8838383838383838,0.9020696794431918,5050
"[{'U'}, {'Y'}, {'T'}, {'N'}, {'P'}]",0.22435563282284243,21,0.8823529411764706,0.9020696794431918,5050
"[{'P'}, {'M'}, {'U'}, {'Y'}, {'X'}]",0.2241657998643849,22,0.8833333333333333,0.9020696794431918,5050
"[{'W'}, {'P'}, {'U'}, {'W'}, {'N'}]",0.22415739870064932,29,0.8846153846153847,0.9020696794431918,5050
"[{'Z'}, {'T'}, {'V'}, {'V'}, {'U'}]",0.22402091690742398,22,0.8839285714285714,0.9020696794431918,5050
"[{'N'}, {'T'}, {'N'}, {'M'}, {'X'}]",0.22397672957413672,26,0.8848484848484849,0.9020696794431918,5050
"[{'T'}, {'M'}, {'W'}, {'V'}, {'X'}]",0.22390474835571728,23,0.8846153846153847,0.9020696794431918,5050
"[{'X'}, {'T'}, {'P'}, {'Y'}, {'X'}]",0.22390474835571728,23,0.8846153846153846,0.9020696794431918,5050
"[{'Z'}, {'O'}, {'T'}, {'W'}, {'W'}]",0.22381332443639657,21,0.8846153846153846,0.9020696794431918,5050
"[{'M'}, {'T'}, {'V'}, {'Z'}, {'Z'}]",0.22381332443639657,21,0.8846153846153846,0.9020696794431918,5050
"[{'V'}, {'Y'}, {'Z'}, {'V'}, {'Z'}]",0.2236928388776045,24,0.8857142857142857,0.9020696794431918,5050
"[{'T'}, {'X'}, {'Z'}, {'Y'}, {'T'}]",0.2236928388776045,24,0.8857142857142857,0.9020696794431918,5050
"[{'P'}, {'Y'}, {'N'}, {'Y'}, {'T'}]",0.22367917184768793,22,0.8854166666666666,0.9020696794431918,5050
"[{'U'}, {'X'}, {'U'}, {'Z'}, {'M'}]",0.22363178423889607,33,0.8872180451127819,0.9020696794431918,5050
"[{'W'}, {'U'}, {'Y'}, {'T'}, {'X'}]",0.22361433066419778,22,0.8857142857142857,0.9020696794431918,5050
"[{'V'}, {'W'}, {'M'}, {'U'}, {'N'}]",0.22351805451021023,25,0.8866666666666667,0.9020696794431918,5050
"[{'X'}, {'P'}, {'N'}, {'T'}, {'Y'}]",0.22351351024993127,23,0.8863636363636362,0.9020696794431918,5050
"[{'Z'}, {'V'}, {'W'}, {'W'}, {'X'}]",0.22351351024993127,23,0.8863636363636364,0.9020696794431918,5050
"[{'X'}, {'Z'}, {'M'}, {'V'}, {'V'}]",0.22351351024993127,23,0.8863636363636362,0.9020696794431918,5050
"[{'U'}, {'P'}, {'Y'}, {'Y'}, {'V'}]",0.22351191390480074,31,0.8875,0.9020696794431918,5050
"[{'X'}, {'V'}, {'O'}, {'O'}, {'T'}]",0.22349889075344742,26,0.8869047619047619,0.9020696794431918,5050
"[{'Z'}, {'M'}, {'U'}, {'V'}, {'Y'}]",0.2233861789467675,28,0.8877005347593583,0.9020696794431918,5050
"[{'W'}, {'U'}, {'V'}, {'X'}, {'X'}]",0.2233718936663639,26,0.8875,0.9020696794431918,5050
"[{'U'}, {'P'}, {'O'}, {'Y'}, {'W'}]",0.22335646812148557,26,0.8875739644970415,0.9020696794431918,5050
"[{'X'}, {'N'}, {'V'}, {'U'}, {'T'}]",0.22325316054060884,33,0.8888888888888888,0.9020696794431918,5050
"[{'O'}, {'Y'}, {'Z'}, {'U'}, {'V'}]",0.22321762511974952,21,0.8875000000000001,0.9020696794431918,5050
"[{'V'}, {'M'}, {'X'}, {'N'}, {'P'}]",0.22321762511974952,21,0.8875000000000001,0.9020696794431918,5050
"[{'N'}, {'T'}, {'P'}, {'X'}, {'W'}]",0.22319180318292364,24,0.8881118881118881,0.9020696794431918,5050
"[{'W'}, {'Y'}, {'X'}, {'W'}, {'Y'}]",0.22319180318292364,24,0.8881118881118881,0.9020696794431918,5050
"[{'Y'}, {'P'}, {'O'}, {'T'}, {'N'}]",0.22319180318292364,24,0.8881118881118881,0.9020696794431918,5050
"[{'W'}, {'U'}, {'P'}, {'W'}, {'N'}]",0.2231878028925589,30,0.8888888888888888,0.9020696794431918,5050
"[{'Z'}, {'N'}, {'O'}, {'Z'}, {'P'}]",0.22316529619255177,29,0.8888888888888888,0.9020696794431918,5050
"[{'N'}, {'M'}, {'W'}, {'X'}, {'Z'}]",0.22316529619255177,29,0.8888888888888888,0.9020696794431918,5050
"[{'V'}, {'P'}, {'Y'}, {'N'}, {'M'}]",0.22311908709468953,27,0.8888888888888888,0.9020696794431918,5050
"[{'Y'}, {'U'}, {'W'}, {'N'}, {'V'}]",0.22311908709468953,27,0.888888888888889,0.9020696794431918,5050
"[{'Y'}, {'N'}, {'T'}, {'U'}, {'Y'}]",0.2230953403750422,26,0.8888888888888888,0.9020696794431918,5050
"[{'X'}, {'Y'}, {'Y'}, {'W'}, {'Y'}]",0.22307113242481857,25,0.8888888888888888,0.9020696794431918,5050
"[{'N'}, {'Z'}, {'Y'}, {'P'}, {'V'}]",0.22306074522946828,29,0.8894230769230769,0.9020696794431918,5050
"[{'Z'}, {'P'}, {'U'}, {'T'}, {'V'}]",0.22306074522946828,29,0.8894230769230769,0.9020696794431918,5050
"[{'M'}, {'U'}, {'P'}, {'X'}, {'N'}]",0.22297101147354081,32,0.8901960784313725,0.9020696794431918,5050
"[{'X'}, {'X'}, {'V'}, {'Y'}, {'M'}]",0.22296908196595455,21,0.8888888888888888,0.9020696794431918,5050
"[{'Y'}, {'X'}, {'O'}, {'P'}, {'X'}]",0.22296908196595455,21,0.8888888888888888,0.9020696794431918,5050
"[{'Y'}, {'Y'}, {'Z'}, {'Z'}, {'V'}]",0.22294097154742287,25,0.8896103896103895,0.9020696794431918,5050
"[{'N'}, {'T'}, {'Z'}, {'T'}, {'Z'}]",0.22294097154742287,25,0.8896103896103895,0.9020696794431918,5050
"[{'W'}, {'M'}, {'N'}, {'T'}, {'V'}]",0.22294097154742276,25,0.8896103896103896,0.9020696794431918,5050
"[{'X'}, {'X'}, {'P'}, {'X'}, {'X'}]",0.22292472320095047,31,0.8903508771929824,0.9020696794431918,5050
"[{'P'}, {'M'}, {'P'}, {'N'}, {'W'}]",0.22292429329779362,25,0.8897058823529411,0.9020696794431918,5050
"[{'M'}, {'W'}, {'U'}, {'Z'}, {'T'}]",0.22289463297442635,27,0.8901098901098901,0.9020696794431918,5050
"[{'U'}, {'M'}, {'W'}, {'Z'}, {'U'}]",0.22286729788761406,29,0.8904761904761904,0.9020696794431918,5050
"[{'O'}, {'T'}, {'M'}, {'X'}, {'N'}]",0.22284335194138738,33,0.8909774436090225,0.9020696794431918,5050
"[{'Y'}, {'O'}, {'T'}, {'V'}, {'U'}]",0.22282405493475066,28,0.890625,0.9020696794431918,5050
"[{'T'}, {'Z'}, {'W'}, {'N'}, {'T'}]",0.22282405493475066,28,0.890625,0.9020696794431918,5050
"[{'Z'}, {'P'}, {'T'}, {'V'}, {'V'}]",0.22275170688354085,24,0.890625,0.9020696794431918,5050
"[{'W'}, {'V'}, {'W'}, {'W'}, {'X'}]",0.22274890268921865,20,0.8901098901098902,0.9020696794431918,5050
"[{'N'}, {'P'}, {'Y'}, {'Y'}, {'X'}]",0.22274249781370237,26,0.8909090909090909,0.9020696794431918,5050
"[{'X'}, {'V'}, {'W'}, {'O'}, {'W'}]",0.22270693306186762,25,0.891025641025641,0.9020696794431918,5050
"[{'X'}, {'Y'}, {'Z'}, {'Y'}, {'M'}]",0.22265197634566192,21,0.8909090909090909,0.9020696794431918,5050
"[{'P'}, {'M'}, {'W'}, {'O'}, {'V'}]",0.22265197634566192,21,0.8909090909090909,0.9020696794431918,5050
"[{'V'}, {'Z'}, {'T'}, {'P'}, {'O'}]",0.22258349657383336,27,0.8920454545454545,0.9020696794431918,5050
"[{'O'}, {'N'}, {'W'}, {'V'}, {'W'}]",0.2225791087969229,23,0.8916666666666667,0.9020696794431918,5050
"[{'M'}, {'M'}, {'V'}, {'X'}, {'V'}]",0.2225630549863863,22,0.8916666666666666,0.9020696794431918,5050
