pattern,quality,support,pattern_auc,global_auc,dataset_size
"[{'W'}, {'N'}, {'X'}, {'P'}, {'M'}]",0.9961426544279441,21,0.5555555555555556,0.9020696794431918,5050
"[{'M'}, {'O'}, {'U'}, {'Y'}, {'O'}]",0.9577564098826558,26,0.5818181818181818,0.9020696794431918,5050
"[{'P'}, {'V'}, {'Y'}, {'U'}, {'Z'}]",0.8611896498341971,20,0.5833333333333334,0.9020696794431918,5050
"[{'M'}, {'M'}, {'V'}, {'M'}, {'T'}]",0.7362738086532196,20,0.6161616161616161,0.9020696794431918,5050
"[{'N'}, {'M'}, {'N'}, {'P'}, {'W'}]",0.6946039547647291,25,0.6428571428571428,0.9020696794431918,5050
"[{'T'}, {'N'}, {'M'}, {'Y'}, {'T'}]",0.6817762840887827,22,0.638095238095238,0.9020696794431918,5050
"[{'T'}, {'V'}, {'P'}, {'U'}, {'Y'}]",0.6693170749578847,20,0.6354166666666666,0.9020696794431918,5050
"[{'X'}, {'W'}, {'V'}, {'M'}, {'P'}]",0.6019448987243697,30,0.6799999999999999,0.9020696794431918,5050
"[{'X'}, {'W'}, {'W'}, {'T'}, {'T'}]",0.5799443678832104,25,0.6764705882352942,0.9020696794431918,5050
"[{'T'}, {'T'}, {'T'}, {'T'}, {'N'}]",0.563945559691837,23,0.676923076923077,0.9020696794431918,5050
"[{'T'}, {'Y'}]",0.5488308589302482,1583,0.8805399296354709,0.9020696794431918,5050
"[{'X'}, {'M'}, {'V'}, {'V'}]",0.5418213611976275,129,0.7793269230769231,0.9020696794431918,5050
"[{'T'}, {'M'}, {'N'}, {'P'}, {'Z'}]",0.5417658559188863,31,0.7,0.9020696794431918,5050
"[{'X'}, {'M'}, {'V'}, {'Z'}, {'Y'}]",0.5409688854613761,23,0.6846153846153845,0.9020696794431918,5050
"[{'X'}, {'O'}, {'N'}, {'P'}, {'Z'}]",0.5380492344261152,27,0.6941176470588235,0.9020696794431918,5050
"[{'W'}, {'T'}, {'M'}, {'U'}, {'W'}]",0.5376454279676854,22,0.6833333333333333,0.9020696794431918,5050
"[{'M'}, {'T'}]",0.5338162827774544,1616,0.8881646381508282,0.9020696794431918,5050
"[{'M'}, {'U'}]",0.5336285067823832,1543,0.8881242858103112,0.9020696794431918,5050
"[{'N'}, {'V'}, {'P'}, {'M'}, {'O'}]",0.5321957960284555,21,0.6826923076923077,0.9020696794431918,5050
"[{'M'}, {'Z'}, {'T'}, {'M'}, {'V'}]",0.5311639473651468,26,0.6944444444444444,0.9020696794431918,5050
"[{'P'}, {'M'}]",0.5305074598124562,1481,0.8902007988181868,0.9020696794431918,5050
"[{'P'}, {'T'}]",0.5300044307460505,1575,0.8907739045462901,0.9020696794431918,5050
"[{'T'}, {'P'}]",0.5297057997166654,1556,0.8909795368741067,0.9020696794431918,5050
"[{'M'}, {'M'}, {'V'}, {'O'}, {'T'}]",0.525182661859807,21,0.6851851851851851,0.9020696794431918,5050
"[{'M'}, {'Z'}, {'P'}, {'N'}, {'U'}]",0.5239989094824794,23,0.6904761904761905,0.9020696794431918,5050
"[{'X'}, {'N'}, {'Y'}, {'Y'}, {'W'}]",0.5235904559798616,24,0.6928571428571428,0.9020696794431918,5050
"[{'Y'}, {'T'}, {'U'}, {'M'}, {'Y'}]",0.519029178972572,24,0.6944444444444444,0.9020696794431918,5050
"[{'P'}, {'M'}, {'P'}, {'N'}, {'T'}]",0.5187422315380021,21,0.6875,0.9020696794431918,5050
"[{'M'}, {'O'}, {'U'}, {'O'}]",0.5055353214187362,119,0.7866477272727272,0.9020696794431918,5050
"[{'M'}, {'Z'}, {'M'}, {'V'}]",0.5044169031081648,102,0.7824412783981517,0.9020696794431918,5050
"[{'N'}, {'U'}, {'Y'}, {'T'}, {'P'}]",0.5033382737278298,24,0.7000000000000001,0.9020696794431918,5050
"[{'M'}, {'U'}, {'Y'}, {'Y'}]",0.494867425082244,109,0.7872053872053872,0.9020696794431918,5050
"[{'Z'}, {'O'}, {'V'}, {'V'}, {'T'}]",0.4851536618902863,23,0.7045454545454546,0.9020696794431918,5050
"[{'U'}, {'Y'}, {'M'}, {'T'}, {'V'}]",0.4796904778019362,27,0.7142857142857143,0.9020696794431918,5050
"[{'X'}, {'U'}, {'P'}, {'Y'}]",0.47587078844133734,133,0.7982735120399819,0.9020696794431918,5050
"[{'P'}, {'U'}, {'Z'}, {'W'}, {'V'}]",0.4695840305964829,22,0.7083333333333333,0.9020696794431918,5050
"[{'M'}, {'U'}, {'W'}]",0.4613624398352677,515,0.8575048262548263,0.9020696794431918,5050
"[{'P'}, {'M'}, {'T'}, {'V'}]",0.4570990514773793,108,0.7987637362637363,0.9020696794431918,5050
"[{'M'}, {'U'}, {'P'}, {'O'}, {'X'}]",0.4570487809294542,23,0.7153846153846154,0.9020696794431918,5050
"[{'Z'}, {'O'}, {'P'}, {'X'}, {'M'}]",0.4559459637374248,21,0.7115384615384616,0.9020696794431918,5050
"[{'N'}, {'X'}, {'M'}, {'Y'}]",0.45435080289195995,116,0.8014903129657228,0.9020696794431918,5050
"[{'Y'}, {'O'}, {'O'}, {'X'}, {'P'}]",0.4538294221430521,23,0.7166666666666667,0.9020696794431918,5050
"[{'W'}, {'Z'}, {'O'}, {'P'}, {'M'}]",0.4492437797477423,21,0.7142857142857143,0.9020696794431918,5050
"[{'X'}, {'Z'}, {'T'}, {'W'}, {'U'}]",0.4487303231462907,22,0.7166666666666667,0.9020696794431918,5050
"[{'U'}, {'M'}, {'N'}]",0.44621000120337106,481,0.8625216188170184,0.9020696794431918,5050
"[{'Y'}, {'Z'}, {'U'}, {'U'}, {'X'}]",0.4456034254767438,22,0.717948717948718,0.9020696794431918,5050
"[{'N'}, {'M'}, {'T'}]",0.44396531564186903,509,0.8639945186707777,0.9020696794431918,5050
"[{'M'}, {'O'}, {'U'}, {'T'}]",0.4435760200937845,122,0.8063038793103449,0.9020696794431918,5050
"[{'X'}, {'V'}, {'P'}, {'M'}, {'O'}]",0.44303558815527,22,0.71900826446281,0.9020696794431918,5050
"[{'V'}, {'T'}, {'P'}, {'P'}, {'X'}]",0.44013522715770215,23,0.7222222222222222,0.9020696794431918,5050
"[{'T'}, {'V'}, {'P'}]",0.4364007282672754,488,0.8668952880461277,0.9020696794431918,5050
"[{'Z'}, {'M'}, {'T'}, {'U'}]",0.43583890653428137,118,0.8081597222222222,0.9020696794431918,5050
"[{'N'}, {'M'}, {'T'}, {'M'}]",0.43438966911493104,109,0.8067947838023335,0.9020696794431918,5050
"[{'M'}, {'T'}, {'U'}]",0.4335541194954716,517,0.8687069739598923,0.9020696794431918,5050
"[{'W'}, {'P'}, {'Y'}]",0.4334207170090094,464,0.8678568107856811,0.9020696794431918,5050
"[{'M'}, {'V'}, {'U'}]",0.4331723568458784,496,0.8685404772361294,0.9020696794431918,5050
"[{'X'}, {'M'}, {'O'}, {'X'}]",0.433171981716143,123,0.8100529100529101,0.9020696794431918,5050
"[{'Z'}, {'U'}, {'M'}, {'N'}, {'O'}]",0.4321924146585572,25,0.7291666666666667,0.9020696794431918,5050
"[{'T'}, {'Y'}, {'X'}]",0.43216915186093297,496,0.8690212793648728,0.9020696794431918,5050
"[{'V'}, {'P'}, {'Y'}]",0.4320051132823044,485,0.8689151954281048,0.9020696794431918,5050
"[{'T'}, {'T'}, {'Y'}, {'N'}]",0.4317626511574181,113,0.8085839598997494,0.9020696794431918,5050
"[{'M'}, {'U'}, {'Y'}]",0.43066554944095525,493,0.8697062504116446,0.9020696794431918,5050
"[{'T'}, {'U'}, {'Y'}]",0.4305473704007081,519,0.8701771595030021,0.9020696794431918,5050
"[{'N'}, {'O'}, {'P'}, {'P'}, {'P'}]",0.4304287011129695,21,0.7222222222222222,0.9020696794431918,5050
"[{'M'}, {'V'}, {'M'}, {'P'}, {'W'}]",0.4304287011129695,21,0.7222222222222222,0.9020696794431918,5050
"[{'V'}, {'T'}, {'O'}, {'O'}, {'Z'}]",0.4304287011129695,21,0.7222222222222222,0.9020696794431918,5050
"[{'T'}, {'T'}, {'P'}, {'X'}, {'W'}]",0.4304287011129695,21,0.7222222222222222,0.9020696794431918,5050
"[{'U'}, {'M'}, {'O'}, {'T'}]",0.4297982757006763,108,0.8082332761578044,0.9020696794431918,5050
"[{'P'}, {'M'}, {'T'}]",0.42955562629166566,480,0.8700465795328143,0.9020696794431918,5050
"[{'P'}, {'T'}, {'W'}]",0.4293667341163502,512,0.8706533877950648,0.9020696794431918,5050
"[{'T'}, {'W'}, {'T'}, {'Z'}, {'X'}]",0.4293640547967006,24,0.7285714285714285,0.9020696794431918,5050
"[{'T'}, {'Z'}, {'Y'}, {'T'}, {'W'}]",0.4287933281995364,22,0.725,0.9020696794431918,5050
"[{'X'}, {'M'}, {'V'}]",0.4284164043964097,529,0.8713836477987421,0.9020696794431918,5050
"[{'U'}, {'V'}, {'P'}]",0.42806135245990984,509,0.8712675621429673,0.9020696794431918,5050
"[{'M'}, {'O'}, {'U'}]",0.4277041392594304,502,0.8713445645263828,0.9020696794431918,5050
"[{'M'}, {'T'}, {'V'}]",0.4272994522520489,518,0.8717925766797948,0.9020696794431918,5050
"[{'V'}, {'U'}, {'Y'}]",0.4272539216426702,503,0.8715929931069373,0.9020696794431918,5050
"[{'Y'}, {'N'}, {'V'}, {'U'}, {'T'}]",0.42700041025991986,27,0.7345679012345679,0.9020696794431918,5050
"[{'N'}, {'T'}, {'Y'}]",0.42655885536609484,536,0.8724310776942356,0.9020696794431918,5050
"[{'T'}, {'M'}, {'Y'}]",0.42636110801603,489,0.8718481759656652,0.9020696794431918,5050
"[{'P'}, {'T'}, {'M'}, {'U'}, {'W'}]",0.4253119285233953,22,0.7264957264957266,0.9020696794431918,5050
"[{'M'}, {'P'}, {'Y'}]",0.42519046740994837,499,0.8726265060240963,0.9020696794431918,5050
"[{'V'}, {'X'}, {'P'}]",0.424888727551777,516,0.8730341679430988,0.9020696794431918,5050
"[{'X'}, {'P'}, {'Z'}]",0.4242577989980758,536,0.8736475666643457,0.9020696794431918,5050
"[{'M'}, {'U'}, {'T'}]",0.4241674982793193,516,0.8734253420224855,0.9020696794431918,5050
"[{'V'}, {'P'}, {'U'}]",0.42341519590298327,476,0.8732638888888888,0.9020696794431918,5050
"[{'M'}, {'V'}, {'Y'}, {'Y'}]",0.42325739616536784,114,0.811875,0.9020696794431918,5050
"[{'M'}, {'T'}, {'Y'}]",0.422857813669979,501,0.8739430103066467,0.9020696794431918,5050
"[{'N'}, {'P'}, {'T'}]",0.42264581303600157,509,0.8741736175471115,0.9020696794431918,5050
"[{'N'}, {'X'}, {'M'}]",0.4226018253140513,481,0.8738014174541413,0.9020696794431918,5050
"[{'N'}, {'O'}, {'T'}, {'X'}, {'W'}]",0.4223697353692284,28,0.7379679144385027,0.9020696794431918,5050
"[{'X'}, {'P'}, {'M'}]",0.4223135436512597,500,0.8742379878078049,0.9020696794431918,5050
"[{'P'}, {'M'}, {'X'}]",0.4219436756290039,454,0.8737754626030168,0.9020696794431918,5050
"[{'X'}, {'V'}, {'P'}]",0.4219416941834532,525,0.87478594026645,0.9020696794431918,5050
"[{'T'}, {'V'}, {'Y'}]",0.42189395882073233,511,0.8746282841288819,0.9020696794431918,5050
"[{'M'}, {'T'}, {'P'}]",0.42187533762850526,478,0.8741772996121242,0.9020696794431918,5050
"[{'V'}, {'Y'}, {'U'}]",0.4218644133931716,464,0.8739756573446067,0.9020696794431918,5050
"[{'X'}, {'U'}, {'X'}]",0.4212740998919903,537,0.875319622012229,0.9020696794431918,5050
"[{'W'}, {'M'}, {'Y'}]",0.42125596422470035,473,0.8744680851063829,0.9020696794431918,5050
"[{'X'}, {'P'}, {'Y'}]",0.4210847352255409,511,0.8750957854406132,0.9020696794431918,5050
"[{'T'}, {'P'}, {'Y'}]",0.4210712530043188,478,0.8746498108978848,0.9020696794431918,5050
"[{'Z'}, {'M'}, {'V'}]",0.42106224151112004,512,0.8751220703125,0.9020696794431918,5050
"[{'P'}, {'M'}, {'V'}]",0.42097499324628496,498,0.8749858873243979,0.9020696794431918,5050
"[{'M'}, {'M'}, {'U'}]",0.420802895124225,494,0.8750327954873409,0.9020696794431918,5050
"[{'M'}, {'O'}, {'T'}]",0.4207188330951289,510,0.8752967462644882,0.9020696794431918,5050
"[{'M'}, {'U'}, {'Z'}]",0.4197788265933756,482,0.8754822929585228,0.9020696794431918,5050
"[{'T'}, {'Y'}, {'P'}]",0.4194991714606383,488,0.8757346483820847,0.9020696794431918,5050
"[{'O'}, {'Z'}, {'U'}]",0.4192664921459691,463,0.8755305164319249,0.9020696794431918,5050
"[{'W'}, {'V'}, {'P'}]",0.4191643459738683,510,0.8762264150943396,0.9020696794431918,5050
"[{'U'}, {'Z'}, {'M'}, {'V'}]",0.4184615064960826,118,0.8144211433496121,0.9020696794431918,5050
"[{'T'}, {'T'}, {'T'}]",0.41789928457147685,493,0.8767951251646905,0.9020696794431918,5050
"[{'V'}, {'Y'}, {'T'}]",0.4178049582257186,480,0.8766859010011124,0.9020696794431918,5050
"[{'M'}, {'M'}, {'U'}, {'W'}]",0.4177145339670063,132,0.8171152518978606,0.9020696794431918,5050
"[{'P'}, {'M'}, {'W'}]",0.41770039863099495,480,0.8767527931747494,0.9020696794431918,5050
"[{'N'}, {'M'}, {'Y'}]",0.41729409681596275,509,0.8773791867507107,0.9020696794431918,5050
"[{'V'}, {'P'}, {'Z'}]",0.41718205538396,502,0.8773653797307595,0.9020696794431918,5050
"[{'M'}, {'O'}, {'X'}]",0.4171148344334623,504,0.8774330708661418,0.9020696794431918,5050
"[{'N'}, {'P'}, {'M'}]",0.4168224873516988,457,0.8770158973376747,0.9020696794431918,5050
"[{'W'}, {'N'}, {'T'}]",0.41667737632858726,492,0.8775685639185995,0.9020696794431918,5050
"[{'T'}, {'N'}, {'Y'}]",0.4164086399467588,518,0.878056052474657,0.9020696794431918,5050
"[{'X'}, {'M'}, {'U'}]",0.41630353697280087,507,0.8779956427015251,0.9020696794431918,5050
"[{'T'}, {'T'}, {'Y'}, {'U'}, {'T'}]",0.415966060373954,24,0.7342657342657343,0.9020696794431918,5050
"[{'O'}, {'T'}, {'W'}]",0.4159473805526186,540,0.8786031118252104,0.9020696794431918,5050
"[{'U'}, {'M'}, {'V'}]",0.41583229966604085,512,0.8783647683574436,0.9020696794431918,5050
"[{'T'}, {'X'}, {'V'}]",0.41578382624753263,471,0.8778977395825811,0.9020696794431918,5050
"[{'T'}, {'O'}, {'Y'}]",0.41577745242526765,511,0.8783895578637743,0.9020696794431918,5050
"[{'V'}, {'Z'}, {'U'}]",0.41565664649220113,502,0.8783648099450155,0.9020696794431918,5050
"[{'U'}, {'X'}, {'N'}]",0.41503185288772315,509,0.8788670148654079,0.9020696794431918,5050
"[{'X'}, {'V'}, {'Y'}]",0.4150102176848355,529,0.8791040503792759,0.9020696794431918,5050
"[{'T'}, {'Y'}, {'W'}]",0.4147999814303712,503,0.8789565217391304,0.9020696794431918,5050
"[{'V'}, {'X'}, {'Y'}]",0.414781771578434,503,0.8789690069576218,0.9020696794431918,5050
"[{'M'}, {'M'}, {'V'}]",0.4147673597217887,478,0.8786827207879839,0.9020696794431918,5050
"[{'T'}, {'Z'}, {'Y'}]",0.41450646017546533,518,0.8793262919202768,0.9020696794431918,5050
"[{'M'}, {'U'}, {'P'}, {'M'}]",0.4143500510120186,112,0.814838503357851,0.9020696794431918,5050
"[{'W'}, {'V'}, {'Y'}]",0.41419509520104847,507,0.8794198207171313,0.9020696794431918,5050
"[{'X'}, {'M'}, {'X'}]",0.41405792259174723,528,0.8797432754020337,0.9020696794431918,5050
"[{'M'}, {'N'}, {'T'}, {'W'}, {'P'}]",0.41399659099616604,23,0.7333333333333334,0.9020696794431918,5050
"[{'X'}, {'T'}, {'Y'}]",0.4139082279365972,485,0.8793702127659574,0.9020696794431918,5050
"[{'N'}, {'M'}, {'X'}]",0.4138315833320152,505,0.8796523710561118,0.9020696794431918,5050
"[{'M'}, {'X'}, {'Y'}]",0.41379433802300825,513,0.8797664659733626,0.9020696794431918,5050
"[{'N'}, {'M'}, {'V'}]",0.41374223227137563,525,0.8799314889540454,0.9020696794431918,5050
"[{'V'}, {'T'}, {'P'}]",0.4137267888375902,498,0.8796483020085505,0.9020696794431918,5050
"[{'M'}, {'U'}, {'P'}]",0.41305718822433657,505,0.8802053891087244,0.9020696794431918,5050
"[{'U'}, {'N'}, {'T'}]",0.41292381551421087,512,0.8803768382352941,0.9020696794431918,5050
"[{'X'}, {'O'}, {'Z'}]",0.41280131448659874,527,0.8806210929622907,0.9020696794431918,5050
"[{'N'}, {'U'}, {'Y'}, {'U'}, {'T'}]",0.4126291275831676,24,0.7357142857142857,0.9020696794431918,5050
"[{'M'}, {'V'}, {'P'}]",0.4126105697894057,529,0.8807793545433737,0.9020696794431918,5050
"[{'W'}, {'P'}, {'M'}]",0.4124053552015505,452,0.8800808223477715,0.9020696794431918,5050
"[{'M'}, {'O'}, {'W'}]",0.4123894377214047,479,0.8804093873138753,0.9020696794431918,5050
"[{'T'}, {'T'}, {'Y'}]",0.4123834168329411,472,0.8803340517241379,0.9020696794431918,5050
"[{'X'}, {'M'}, {'Y'}]",0.4123349481975286,504,0.8807235011383759,0.9020696794431918,5050
"[{'T'}, {'Y'}, {'N'}]",0.4121075519986003,482,0.8806551586820646,0.9020696794431918,5050
"[{'T'}, {'M'}, {'X'}]",0.411823646938833,503,0.8810956200662082,0.9020696794431918,5050
"[{'W'}, {'X'}, {'Y'}]",0.4116881592145125,526,0.8814302091042329,0.9020696794431918,5050
"[{'T'}, {'Y'}, {'O'}]",0.4116487394924988,485,0.8810374149659863,0.9020696794431918,5050
"[{'T'}, {'T'}, {'N'}]",0.4116341228699357,484,0.881037780966045,0.9020696794431918,5050
"[{'V'}, {'P'}, {'M'}]",0.4116334627800545,487,0.881070752164502,0.9020696794431918,5050
"[{'Z'}, {'M'}, {'U'}]",0.4116183241089443,460,0.8807809523809524,0.9020696794431918,5050
"[{'T'}, {'P'}, {'P'}]",0.41122804109944,477,0.8812763713080168,0.9020696794431918,5050
"[{'M'}, {'T'}, {'Z'}]",0.41105060259337844,499,0.8816471800818114,0.9020696794431918,5050
"[{'Z'}, {'V'}, {'P'}]",0.4110404277751021,523,0.8818934495772506,0.9020696794431918,5050
"[{'O'}, {'O'}, {'O'}]",0.4109306482881738,523,0.8819781642682677,0.9020696794431918,5050
"[{'P'}, {'M'}, {'P'}]",0.4105812165684576,449,0.88147971739303,0.9020696794431918,5050
"[{'U'}, {'P'}, {'Y'}]",0.41057403551314475,527,0.8822935594589136,0.9020696794431918,5050
"[{'M'}, {'Y'}, {'Y'}]",0.4105714988623923,476,0.8817859223558074,0.9020696794431918,5050
"[{'U'}, {'P'}, {'N'}]",0.4104875877186247,486,0.8819582125972244,0.9020696794431918,5050
"[{'M'}, {'W'}, {'T'}]",0.4104296280510654,498,0.8821266968325792,0.9020696794431918,5050
"[{'T'}, {'N'}, {'P'}]",0.41039942379263195,489,0.8820598006644519,0.9020696794431918,5050
"[{'Z'}, {'T'}, {'Y'}]",0.4102946023793712,512,0.882371794871795,0.9020696794431918,5050
"[{'T'}, {'P'}, {'Z'}]",0.41013684956197705,501,0.8823914014160873,0.9020696794431918,5050
"[{'X'}, {'V'}, {'V'}]",0.41003941915670883,513,0.8825857921500563,0.9020696794431918,5050
"[{'Y'}, {'O'}, {'U'}, {'T'}]",0.4099942577526451,117,0.8174603174603174,0.9020696794431918,5050
"[{'Z'}, {'X'}, {'V'}]",0.4099865011182906,506,0.8825615548056492,0.9020696794431918,5050
"[{'P'}, {'X'}, {'Z'}]",0.40998393050960313,498,0.8824857663586072,0.9020696794431918,5050
"[{'M'}, {'T'}, {'W'}]",0.4099358550733355,524,0.8827719829846745,0.9020696794431918,5050
"[{'N'}, {'P'}, {'X'}]",0.409799657799633,484,0.8824971288503403,0.9020696794431918,5050
"[{'V'}, {'X'}, {'U'}]",0.4097921128451226,516,0.8828140309621791,0.9020696794431918,5050
"[{'T'}, {'U'}, {'Y'}, {'X'}, {'M'}]",0.409765377639402,27,0.7417582417582418,0.9020696794431918,5050
"[{'P'}, {'T'}, {'Z'}]",0.4096824880626103,480,0.8825536062378168,0.9020696794431918,5050
"[{'V'}, {'M'}, {'Z'}]",0.4094870670352009,503,0.8829418130888719,0.9020696794431918,5050
"[{'W'}, {'W'}, {'M'}]",0.4094157963535394,518,0.8831405057251909,0.9020696794431918,5050
"[{'U'}, {'V'}, {'N'}]",0.4094049080239197,496,0.8829430894308943,0.9020696794431918,5050
"[{'V'}, {'T'}, {'Y'}]",0.40938056013621216,489,0.8828953974895398,0.9020696794431918,5050
"[{'V'}, {'V'}, {'V'}]",0.4093568404545308,508,0.8830969541966985,0.9020696794431918,5050
"[{'M'}, {'T'}, {'N'}]",0.40925898129978044,487,0.8829780010863661,0.9020696794431918,5050
"[{'T'}, {'P'}, {'M'}]",0.4092376017162359,466,0.8827846934071,0.9020696794431918,5050
"[{'T'}, {'P'}, {'T'}]",0.4092296353983629,487,0.8830027659718007,0.9020696794431918,5050
"[{'N'}, {'M'}, {'O'}]",0.4091720771184497,484,0.8830220306513409,0.9020696794431918,5050
"[{'N'}, {'X'}, {'X'}]",0.40906358952971655,519,0.8834422334422335,0.9020696794431918,5050
"[{'X'}, {'N'}, {'Z'}]",0.4089427322228505,533,0.8836665727963955,0.9020696794431918,5050
"[{'M'}, {'X'}, {'U'}]",0.40882017926191894,502,0.883493141986284,0.9020696794431918,5050
"[{'M'}, {'U'}, {'M'}]",0.4088194577545333,475,0.8832352315438621,0.9020696794431918,5050
"[{'Z'}, {'P'}, {'P'}]",0.40870794686603973,509,0.883653070093748,0.9020696794431918,5050
"[{'U'}, {'P'}, {'M'}]",0.4086918359145437,478,0.8833754740834387,0.9020696794431918,5050
"[{'V'}, {'O'}, {'O'}]",0.4086526726005517,497,0.8835905082987552,0.9020696794431918,5050
"[{'T'}, {'Z'}, {'V'}]",0.4086414022231116,511,0.8837280553938539,0.9020696794431918,5050
"[{'T'}, {'Z'}, {'X'}]",0.4085545765481461,524,0.8839169814623047,0.9020696794431918,5050
"[{'X'}, {'X'}, {'P'}]",0.4085180261883319,504,0.8837711010330058,0.9020696794431918,5050
"[{'V'}, {'P'}, {'X'}]",0.40843380899389525,516,0.8839509884988348,0.9020696794431918,5050
"[{'U'}, {'W'}, {'N'}]",0.4079849300008329,507,0.8842645914396887,0.9020696794431918,5050
"[{'P'}, {'O'}, {'Z'}]",0.40793906840924754,490,0.8841531698674555,0.9020696794431918,5050
"[{'V'}, {'U'}, {'U'}]",0.40779518319401187,499,0.8843632958801498,0.9020696794431918,5050
"[{'T'}, {'M'}, {'U'}]",0.40768529479377735,475,0.8842439734441013,0.9020696794431918,5050
"[{'W'}, {'P'}, {'T'}]",0.4076407456255827,500,0.8845113696372277,0.9020696794431918,5050
"[{'X'}, {'P'}, {'W'}]",0.40755462049206626,527,0.8848178137651821,0.9020696794431918,5050
"[{'U'}, {'Y'}, {'N'}]",0.4075097963148555,482,0.8844696969696969,0.9020696794431918,5050
"[{'T'}, {'Y'}, {'Y'}]",0.40750832103463097,498,0.8846141437604852,0.9020696794431918,5050
"[{'O'}, {'P'}, {'W'}]",0.40740923627172243,517,0.884866548842225,0.9020696794431918,5050
"[{'N'}, {'X'}, {'P'}]",0.40739485877641735,528,0.8849698535745048,0.9020696794431918,5050
"[{'M'}, {'W'}, {'P'}]",0.40734440867403054,500,0.8847816342213114,0.9020696794431918,5050
"[{'W'}, {'W'}, {'Y'}]",0.4072606528486976,514,0.8849772014603183,0.9020696794431918,5050
"[{'T'}, {'P'}, {'N'}]",0.407227986066224,478,0.884694614152156,0.9020696794431918,5050
"[{'W'}, {'W'}, {'U'}]",0.40699171033256054,498,0.8850919102761358,0.9020696794431918,5050
"[{'W'}, {'N'}, {'Y'}]",0.4069845643450474,503,0.8851409460105112,0.9020696794431918,5050
"[{'X'}, {'U'}, {'Y'}]",0.4069777327013868,524,0.8853194962686567,0.9020696794431918,5050
"[{'W'}, {'N'}, {'W'}]",0.4069624405443055,494,0.8850851737084584,0.9020696794431918,5050
"[{'N'}, {'M'}, {'W'}]",0.40691603643608765,522,0.8853608005054585,0.9020696794431918,5050
"[{'T'}, {'Z'}, {'W'}]",0.40689398336849025,544,0.8855526839235213,0.9020696794431918,5050
"[{'T'}, {'O'}, {'W'}]",0.40688050924672026,484,0.8850758043493174,0.9020696794431918,5050
"[{'W'}, {'N'}, {'P'}]",0.4068676628947291,506,0.8852756892230577,0.9020696794431918,5050
"[{'P'}, {'M'}, {'N'}]",0.4068555336205806,492,0.8851689663719738,0.9020696794431918,5050
"[{'M'}, {'T'}, {'M'}]",0.40683325714595964,499,0.8852496046984414,0.9020696794431918,5050
"[{'W'}, {'T'}, {'Y'}]",0.40681193422788153,515,0.885401814155265,0.9020696794431918,5050
"[{'T'}, {'N'}, {'N'}]",0.4068108045412673,493,0.8852199703410775,0.9020696794431918,5050
"[{'P'}, {'T'}, {'P'}]",0.4066823677169692,452,0.8849753308794737,0.9020696794431918,5050
"[{'P'}, {'X'}, {'V'}]",0.40657833126347664,491,0.885425316371608,0.9020696794431918,5050
"[{'M'}, {'P'}, {'Z'}]",0.4065201281772195,537,0.8858487422955188,0.9020696794431918,5050
"[{'M'}, {'O'}, {'Z'}]",0.4065019764611425,484,0.8854394477856752,0.9020696794431918,5050
"[{'X'}, {'X'}, {'Y'}]",0.40646812376385033,490,0.8855234001432832,0.9020696794431918,5050
"[{'N'}, {'X'}, {'V'}]",0.40642344740754077,499,0.8856417181069959,0.9020696794431918,5050
"[{'X'}, {'V'}, {'X'}]",0.4064023356761448,543,0.8860051581376409,0.9020696794431918,5050
"[{'M'}, {'U'}, {'X'}]",0.4063926064444977,529,0.8859092079292886,0.9020696794431918,5050
"[{'P'}, {'X'}, {'Y'}]",0.40638959188668,500,0.8856827347801036,0.9020696794431918,5050
"[{'M'}, {'T'}, {'T'}]",0.40631608757569737,509,0.8858267716535434,0.9020696794431918,5050
"[{'U'}, {'N'}, {'X'}]",0.406302768309194,491,0.8856929460580912,0.9020696794431918,5050
"[{'M'}, {'P'}, {'V'}]",0.40623037576622856,516,0.8859651774378816,0.9020696794431918,5050
"[{'U'}, {'O'}, {'N'}]",0.4061934744168465,491,0.885800312739129,0.9020696794431918,5050
"[{'X'}, {'N'}, {'T'}]",0.406151268617559,503,0.8859396281397485,0.9020696794431918,5050
"[{'T'}, {'Y'}, {'T'}]",0.40614126427543984,500,0.8859253311922923,0.9020696794431918,5050
"[{'T'}, {'Y'}, {'U'}]",0.4060964891740635,502,0.885985521971044,0.9020696794431918,5050
"[{'M'}, {'P'}, {'T'}]",0.4060619525832032,531,0.8862433862433863,0.9020696794431918,5050
"[{'V'}, {'V'}, {'U'}]",0.4059851456459833,481,0.8859241126070991,0.9020696794431918,5050
"[{'U'}, {'Y'}, {'U'}, {'X'}, {'M'}]",0.4059847576749127,22,0.735042735042735,0.9020696794431918,5050
"[{'Z'}, {'T'}, {'W'}]",0.4059726775070569,528,0.8863082974339763,0.9020696794431918,5050
"[{'W'}, {'X'}, {'V'}]",0.4059610845551651,489,0.8860146190987124,0.9020696794431918,5050
"[{'T'}, {'O'}, {'U'}]",0.4059582693050203,482,0.8859594706368901,0.9020696794431918,5050
"[{'W'}, {'P'}, {'V'}]",0.40595560151744947,512,0.8862034701521058,0.9020696794431918,5050
"[{'W'}, {'M'}, {'T'}]",0.4059253455703494,492,0.8860749024019057,0.9020696794431918,5050
"[{'M'}, {'V'}, {'Y'}]",0.4059218856484794,510,0.8862213746328109,0.9020696794431918,5050
"[{'U'}, {'V'}, {'U'}]",0.4058982452995126,486,0.8860530104157845,0.9020696794431918,5050
"[{'U'}, {'M'}, {'P'}]",0.4058025961346289,491,0.8861902382142262,0.9020696794431918,5050
"[{'T'}, {'P'}, {'X'}]",0.40577646197980977,511,0.8863740985115851,0.9020696794431918,5050
"[{'W'}, {'W'}, {'W'}]",0.40573810823941103,512,0.8864202055369768,0.9020696794431918,5050
"[{'U'}, {'Z'}, {'M'}]",0.4056805361998782,499,0.8863775100401605,0.9020696794431918,5050
"[{'U'}, {'N'}, {'O'}]",0.4056724120383606,509,0.8864633543443331,0.9020696794431918,5050
"[{'X'}, {'U'}, {'P'}]",0.40564150363723683,510,0.8865022172949002,0.9020696794431918,5050
"[{'O'}, {'O'}, {'T'}]",0.40563588355390756,549,0.8867919520093434,0.9020696794431918,5050
"[{'N'}, {'P'}, {'Y'}]",0.405541717804188,500,0.8865266393442623,0.9020696794431918,5050
"[{'X'}, {'V'}, {'U'}]",0.4054988599320145,509,0.8866394885573983,0.9020696794431918,5050
"[{'O'}, {'P'}, {'M'}]",0.40545386608023914,466,0.8863422465814095,0.9020696794431918,5050
"[{'P'}, {'U'}, {'W'}]",0.40545212967881483,509,0.8866872586872586,0.9020696794431918,5050
"[{'M'}, {'T'}, {'X'}]",0.4054511762969979,518,0.8867554858934169,0.9020696794431918,5050
"[{'M'}, {'M'}, {'W'}]",0.4054307251549282,507,0.8866940630740013,0.9020696794431918,5050
"[{'T'}, {'Y'}, {'M'}]",0.4053687879646417,486,0.8865949699381827,0.9020696794431918,5050
"[{'W'}, {'W'}, {'T'}]",0.40535712352633047,542,0.8870230049832754,0.9020696794431918,5050
"[{'T'}, {'U'}, {'N'}]",0.4051887597922512,511,0.8869741199558445,0.9020696794431918,5050
"[{'V'}, {'P'}, {'P'}]",0.4051792624905389,494,0.886855868706245,0.9020696794431918,5050
"[{'X'}, {'N'}, {'P'}, {'T'}]",0.4051201141362678,106,0.8173076923076923,0.9020696794431918,5050
"[{'Z'}, {'P'}, {'T'}]",0.4050548985593777,496,0.8870023419203747,0.9020696794431918,5050
"[{'X'}, {'W'}, {'W'}]",0.40504815521737114,519,0.8871791825095057,0.9020696794431918,5050
"[{'N'}, {'M'}, {'U'}]",0.4050478398842611,469,0.8867975995635571,0.9020696794431918,5050
"[{'T'}, {'U'}, {'W'}]",0.40504328463913475,525,0.8872269981412639,0.9020696794431918,5050
"[{'Z'}, {'V'}, {'U'}]",0.4049915006797469,493,0.8870468539066874,0.9020696794431918,5050
"[{'Y'}, {'X'}, {'M'}]",0.4049906526896211,489,0.8870171313402755,0.9020696794431918,5050
"[{'M'}, {'P'}, {'M'}, {'N'}, {'X'}]",0.4048961642992084,22,0.7355371900826446,0.9020696794431918,5050
"[{'W'}, {'U'}, {'W'}, {'U'}, {'P'}]",0.4048961642992084,22,0.7355371900826446,0.9020696794431918,5050
"[{'N'}, {'M'}, {'P'}]",0.4048918456410072,504,0.8872354497354497,0.9020696794431918,5050
"[{'V'}, {'Y'}, {'T'}, {'U'}]",0.40481533681265913,110,0.818212030574942,0.9020696794431918,5050
"[{'U'}, {'Y'}, {'T'}]",0.4047612834999508,505,0.8873826903023985,0.9020696794431918,5050
"[{'N'}, {'P'}, {'W'}]",0.40476000763623166,515,0.8874558783600326,0.9020696794431918,5050
"[{'V'}, {'M'}, {'T'}]",0.40475176075837715,513,0.8874505025890953,0.9020696794431918,5050
"[{'W'}, {'P'}, {'Z'}]",0.40473513920855875,497,0.8873522267206477,0.9020696794431918,5050
"[{'Z'}, {'M'}, {'T'}]",0.40466118756264813,508,0.8875124192747144,0.9020696794431918,5050
"[{'V'}, {'V'}, {'P'}]",0.40466039374927365,495,0.887418633703728,0.9020696794431918,5050
"[{'X'}, {'V'}, {'T'}]",0.40463115019272844,509,0.8875521235521235,0.9020696794431918,5050
"[{'M'}, {'O'}, {'Y'}]",0.4045962902147846,498,0.8875106860009356,0.9020696794431918,5050
"[{'T'}, {'W'}, {'P'}]",0.4044922064542956,493,0.8875884773662551,0.9020696794431918,5050
"[{'O'}, {'V'}, {'T'}]",0.4044833761978873,532,0.8878710771840542,0.9020696794431918,5050
"[{'M'}, {'P'}, {'N'}]",0.4044116385670399,526,0.8879090276166164,0.9020696794431918,5050
"[{'T'}, {'T'}, {'W'}]",0.40436013585985175,490,0.8877132764596106,0.9020696794431918,5050
"[{'P'}, {'M'}, {'U'}]",0.4043099433800408,478,0.8876805883898083,0.9020696794431918,5050
"[{'M'}, {'P'}, {'P'}]",0.40429396460116873,518,0.8879844961240311,0.9020696794431918,5050
"[{'M'}, {'N'}, {'P'}]",0.4042642061584868,536,0.8881370091896409,0.9020696794431918,5050
"[{'W'}, {'M'}, {'U'}]",0.40420883562123877,473,0.8877576671694318,0.9020696794431918,5050
"[{'P'}, {'X'}, {'U'}]",0.4041648122443633,493,0.8879549050632912,0.9020696794431918,5050
"[{'W'}, {'N'}, {'V'}]",0.404107252626983,498,0.8880557130131994,0.9020696794431918,5050
"[{'P'}, {'T'}, {'Y'}]",0.40405509436684084,465,0.8878738464959418,0.9020696794431918,5050
"[{'Z'}, {'T'}, {'V'}]",0.4040536322951047,539,0.8883900289216361,0.9020696794431918,5050
"[{'V'}, {'X'}, {'X'}]",0.4039951727982175,502,0.8882113821138211,0.9020696794431918,5050
"[{'P'}, {'O'}, {'T'}]",0.4039808227877957,534,0.888440011783024,0.9020696794431918,5050
"[{'W'}, {'X'}, {'P'}]",0.40398006537694775,511,0.8882900313248571,0.9020696794431918,5050
"[{'U'}, {'O'}, {'U'}]",0.40395750504039685,497,0.8882199379996737,0.9020696794431918,5050
"[{'Z'}, {'U'}, {'V'}]",0.403901100283118,505,0.8883399209486166,0.9020696794431918,5050
"[{'M'}, {'N'}, {'W'}]",0.40388832424312393,526,0.8884936300666637,0.9020696794431918,5050
"[{'X'}, {'N'}, {'M'}]",0.40385791954478356,489,0.8882791849299027,0.9020696794431918,5050
"[{'Z'}, {'P'}, {'X'}]",0.4038552449874899,507,0.8884063385324242,0.9020696794431918,5050
"[{'U'}, {'M'}, {'U'}]",0.4038015301460953,488,0.8883380185705767,0.9020696794431918,5050
"[{'X'}, {'M'}, {'M'}]",0.40376707043048266,493,0.8884132889927893,0.9020696794431918,5050
"[{'O'}, {'T'}, {'X'}]",0.40375434340678384,533,0.8886916835699797,0.9020696794431918,5050
"[{'T'}, {'U'}, {'Y'}, {'T'}, {'N'}]",0.40373317323629365,26,0.7428571428571429,0.9020696794431918,5050
"[{'M'}, {'P'}, {'M'}]",0.4037306374187938,470,0.8882924706223705,0.9020696794431918,5050
"[{'P'}, {'Y'}, {'T'}]",0.40372236765529823,501,0.8885204081632654,0.9020696794431918,5050
"[{'T'}, {'T'}, {'P'}]",0.4036678750967648,484,0.8884675173815747,0.9020696794431918,5050
"[{'Z'}, {'U'}, {'W'}]",0.40361094326300284,495,0.8886111111111111,0.9020696794431918,5050
"[{'P'}, {'W'}, {'U'}]",0.4035598961812831,519,0.8888294711824123,0.9020696794431918,5050
"[{'W'}, {'N'}, {'M'}, {'Y'}]",0.40355691305233343,109,0.8185314685314685,0.9020696794431918,5050
"[{'W'}, {'M'}, {'P'}]",0.40355656809508966,484,0.8886003280481137,0.9020696794431918,5050
"[{'U'}, {'U'}, {'M'}]",0.4034940717069764,500,0.8887839395491802,0.9020696794431918,5050
"[{'X'}, {'M'}, {'N'}]",0.4034558206580223,502,0.8888429752066116,0.9020696794431918,5050
"[{'U'}, {'T'}, {'U'}]",0.40343040322587387,489,0.8887866416811673,0.9020696794431918,5050
"[{'W'}, {'N'}, {'X'}]",0.40340655440717865,513,0.8889733377922354,0.9020696794431918,5050
"[{'M'}, {'U'}, {'V'}]",0.4033912528358379,481,0.8887793914246197,0.9020696794431918,5050
"[{'U'}, {'Z'}, {'N'}]",0.4033838590747897,471,0.8887184669241041,0.9020696794431918,5050
"[{'V'}, {'N'}, {'U'}]",0.403383852386087,498,0.888903240389428,0.9020696794431918,5050
"[{'T'}, {'W'}, {'U'}]",0.4033433565179121,498,0.888952303302079,0.9020696794431918,5050
"[{'U'}, {'N'}, {'W'}]",0.4033210923007321,518,0.8891075821963766,0.9020696794431918,5050
"[{'N'}, {'M'}, {'N'}]",0.4033054544406536,506,0.8890503648836592,0.9020696794431918,5050
"[{'U'}, {'U'}, {'N'}]",0.4032999514862783,496,0.8889919453258482,0.9020696794431918,5050
"[{'W'}, {'N'}, {'U'}]",0.4032466520319038,479,0.8889431802317465,0.9020696794431918,5050
"[{'U'}, {'V'}, {'O'}]",0.403239875157419,488,0.8890124705089316,0.9020696794431918,5050
"[{'Z'}, {'V'}, {'T'}]",0.4032121184677241,517,0.8892333033842468,0.9020696794431918,5050
"[{'T'}, {'W'}, {'Z'}]",0.40320376125029445,494,0.8890967265567314,0.9020696794431918,5050
"[{'U'}, {'N'}, {'U'}]",0.40318743934005985,491,0.8890971153202597,0.9020696794431918,5050
"[{'T'}, {'X'}, {'Y'}]",0.4031522276248959,495,0.8891669119811599,0.9020696794431918,5050
"[{'W'}, {'V'}, {'V'}]",0.4031032102687597,499,0.8892535392535392,0.9020696794431918,5050
"[{'Y'}, {'N'}, {'M'}]",0.4030787207462272,474,0.889118616879066,0.9020696794431918,5050
"[{'N'}, {'X'}, {'Y'}]",0.4030307362387686,539,0.889586776859504,0.9020696794431918,5050
"[{'T'}, {'T'}, {'U'}]",0.4030272385551814,474,0.8891836553013442,0.9020696794431918,5050
"[{'U'}, {'N'}, {'M'}]",0.4029917996320528,476,0.8892421272011162,0.9020696794431918,5050
"[{'O'}, {'X'}, {'P'}]",0.40297836790606567,515,0.8895089285714286,0.9020696794431918,5050
"[{'U'}, {'O'}, {'Y'}]",0.4028711625616682,522,0.8896851503759399,0.9020696794431918,5050
"[{'O'}, {'N'}, {'M'}]",0.40284610848894087,479,0.8894482903293476,0.9020696794431918,5050
"[{'M'}, {'U'}, {'N'}]",0.4028452085645975,500,0.8895841001104159,0.9020696794431918,5050
"[{'O'}, {'W'}, {'W'}]",0.4028401310159192,527,0.8897535667963685,0.9020696794431918,5050
"[{'O'}, {'U'}, {'O'}]",0.40280136896972907,514,0.8897255357170131,0.9020696794431918,5050
"[{'V'}, {'V'}, {'Y'}]",0.4027999924990411,487,0.8895596590909091,0.9020696794431918,5050
"[{'X'}, {'O'}, {'T'}]",0.4027469967287435,540,0.8899452607317775,0.9020696794431918,5050
"[{'M'}, {'M'}, {'O'}]",0.4027347230298094,489,0.889656672466872,0.9020696794431918,5050
"[{'Z'}, {'X'}, {'P'}]",0.40273426749059904,522,0.8898582654035397,0.9020696794431918,5050
"[{'T'}, {'O'}, {'N'}]",0.40272259274328936,510,0.8898020229431356,0.9020696794431918,5050
"[{'M'}, {'M'}, {'T'}]",0.40271953472232225,517,0.8898476697092427,0.9020696794431918,5050
"[{'M'}, {'O'}, {'P'}]",0.40267989771573187,505,0.8898267854901467,0.9020696794431918,5050
"[{'T'}, {'W'}, {'Y'}]",0.40267223508643735,495,0.8897753653990779,0.9020696794431918,5050
"[{'X'}, {'V'}, {'M'}]",0.40265990981213895,537,0.8900388457269701,0.9020696794431918,5050
"[{'V'}, {'T'}, {'U'}]",0.40263464291914175,468,0.889651376146789,0.9020696794431918,5050
"[{'N'}, {'O'}, {'T'}]",0.4026299849116074,538,0.8900826217145391,0.9020696794431918,5050
"[{'Z'}, {'U'}, {'Y'}]",0.4025542856961569,503,0.8899781098315408,0.9020696794431918,5050
"[{'V'}, {'M'}, {'P'}]",0.4025306292262081,494,0.8899545849523716,0.9020696794431918,5050
"[{'M'}, {'N'}, {'M'}]",0.40252674277204636,528,0.8901595592033518,0.9020696794431918,5050
"[{'P'}, {'O'}, {'Y'}]",0.4025054003488787,510,0.8900838160976211,0.9020696794431918,5050
"[{'O'}, {'M'}, {'T'}]",0.4024987168975078,510,0.8900925925925925,0.9020696794431918,5050
"[{'X'}, {'N'}, {'X'}]",0.4024751947447921,480,0.8899410957237928,0.9020696794431918,5050
"[{'M'}, {'X'}, {'Z'}]",0.4023939788204255,511,0.8902367773677736,0.9020696794431918,5050
"[{'X'}, {'U'}, {'N'}]",0.4023923875582224,509,0.890227286802502,0.9020696794431918,5050
"[{'U'}, {'T'}, {'V'}]",0.4023524176240667,512,0.8902978697430263,0.9020696794431918,5050
"[{'U'}, {'V'}, {'Y'}]",0.4023315938477413,513,0.890331407722712,0.9020696794431918,5050
"[{'O'}, {'O'}, {'Z'}]",0.40229549563414,522,0.8904304674653511,0.9020696794431918,5050
"[{'O'}, {'P'}, {'T'}]",0.402282864050329,529,0.8904859978832347,0.9020696794431918,5050
"[{'X'}, {'M'}, {'Z'}]",0.40223102650533293,512,0.8904609279609279,0.9020696794431918,5050
"[{'P'}, {'V'}, {'V'}]",0.40222107149799124,505,0.8904344272601534,0.9020696794431918,5050
"[{'T'}, {'N'}, {'M'}]",0.4022156706085064,480,0.8902932342575391,0.9020696794431918,5050
"[{'M'}, {'Z'}, {'T'}]",0.4021953443127686,508,0.8904866055501266,0.9020696794431918,5050
"[{'U'}, {'Z'}, {'T'}]",0.40218162441487215,501,0.8904651088654404,0.9020696794431918,5050
"[{'W'}, {'P'}, {'X'}]",0.40218112084476765,488,0.8903892780172413,0.9020696794431918,5050
"[{'W'}, {'Z'}, {'V'}, {'P'}]",0.4021574539306495,115,0.8202075702075702,0.9020696794431918,5050
"[{'T'}, {'T'}, {'M'}]",0.4021370936458183,497,0.8905030285362615,0.9020696794431918,5050
"[{'P'}, {'P'}, {'W'}]",0.4021253689615236,492,0.8904899611666529,0.9020696794431918,5050
"[{'Z'}, {'W'}, {'Y'}]",0.40208770744209166,478,0.8904586834733893,0.9020696794431918,5050
"[{'U'}, {'X'}, {'Y'}]",0.4020873518407416,537,0.8907921424800646,0.9020696794431918,5050
"[{'M'}, {'M'}, {'X'}]",0.4020849817721813,534,0.8907795638489209,0.9020696794431918,5050
"[{'W'}, {'X'}, {'U'}]",0.4020211838211102,482,0.8905761423512136,0.9020696794431918,5050
"[{'O'}, {'X'}, {'Y'}]",0.4020124442347903,539,0.8909048327547254,0.9020696794431918,5050
"[{'P'}, {'X'}, {'Y'}, {'V'}]",0.4019832446574928,121,0.8213114754098361,0.9020696794431918,5050
"[{'W'}, {'N'}, {'M'}]",0.4019654506084541,456,0.890495547812621,0.9020696794431918,5050
"[{'X'}, {'M'}, {'P'}]",0.40195717660068286,541,0.8909911141490088,0.9020696794431918,5050
"[{'X'}, {'P'}, {'N'}]",0.4019535831639903,512,0.8908424908424909,0.9020696794431918,5050
"[{'T'}, {'N'}, {'T'}]",0.4018546380232373,509,0.8909654424298776,0.9020696794431918,5050
"[{'P'}, {'M'}, {'T'}, {'T'}]",0.4018492542465295,96,0.8165577342047929,0.9020696794431918,5050
"[{'W'}, {'W'}, {'P'}]",0.40184636422562425,526,0.8910679162327895,0.9020696794431918,5050
"[{'Z'}, {'Z'}, {'W'}]",0.4018298749746454,509,0.8910006195786866,0.9020696794431918,5050
"[{'P'}, {'M'}, {'Y'}]",0.40175718259352566,463,0.8908417785423134,0.9020696794431918,5050
"[{'Z'}, {'P'}, {'W'}]",0.40174585274880814,529,0.8912258064516129,0.9020696794431918,5050
"[{'Z'}, {'T'}, {'U'}]",0.4016910557599407,495,0.8911238720262511,0.9020696794431918,5050
"[{'X'}, {'M'}, {'T'}]",0.40169038281978375,514,0.8912274307928264,0.9020696794431918,5050
"[{'V'}, {'T'}, {'X'}]",0.4016791474140152,520,0.8912750485048654,0.9020696794431918,5050
"[{'O'}, {'W'}, {'T'}]",0.40165046329021137,533,0.8913827090960292,0.9020696794431918,5050
"[{'X'}, {'O'}, {'X'}]",0.40164900087683253,533,0.8913848153485349,0.9020696794431918,5050
"[{'V'}, {'O'}, {'Z'}]",0.40164476495647183,496,0.8911971085749638,0.9020696794431918,5050
"[{'O'}, {'X'}, {'X'}]",0.40163128685789473,538,0.8914352140158592,0.9020696794431918,5050
"[{'U'}, {'Z'}, {'U'}]",0.40163024316226226,494,0.8912074720865604,0.9020696794431918,5050
"[{'M'}, {'W'}, {'U'}]",0.4016244705895091,496,0.8912269290186194,0.9020696794431918,5050
"[{'X'}, {'Y'}, {'Z'}]",0.4015841957339342,514,0.8913820251937985,0.9020696794431918,5050
"[{'M'}, {'M'}, {'P'}]",0.4015591287789455,520,0.8914497041420119,0.9020696794431918,5050
"[{'P'}, {'W'}, {'M'}]",0.40155435157033303,478,0.8912308958176504,0.9020696794431918,5050
"[{'U'}, {'T'}, {'P'}]",0.4015125412586875,464,0.891213389121339,0.9020696794431918,5050
"[{'Y'}, {'M'}, {'V'}]",0.40144786709857305,495,0.8914846377379436,0.9020696794431918,5050
"[{'P'}, {'X'}, {'P'}]",0.40141658734087016,470,0.8913945190095818,0.9020696794431918,5050
"[{'V'}, {'U'}, {'W'}]",0.4013797172929777,526,0.8917459352241961,0.9020696794431918,5050
"[{'Z'}, {'P'}, {'M'}]",0.40135654005898636,472,0.8914983391686867,0.9020696794431918,5050
"[{'W'}, {'Z'}, {'Z'}]",0.4013486973001996,511,0.8917179887857339,0.9020696794431918,5050
"[{'P'}, {'V'}, {'P'}]",0.40132127547586727,515,0.8917797888386123,0.9020696794431918,5050
"[{'V'}, {'P'}, {'T'}]",0.40131867646259245,479,0.8915957001256458,0.9020696794431918,5050
"[{'Z'}, {'T'}, {'N'}]",0.4013110319937232,532,0.8918784679353456,0.9020696794431918,5050
"[{'T'}, {'Y'}, {'Z'}]",0.4012976179273873,478,0.8916229355704934,0.9020696794431918,5050
"[{'T'}, {'X'}, {'N'}]",0.40128488895086745,499,0.891754233747871,0.9020696794431918,5050
"[{'Y'}, {'O'}, {'U'}]",0.4012830489423188,473,0.8916181857358328,0.9020696794431918,5050
"[{'P'}, {'N'}, {'W'}]",0.4012499399690832,517,0.8918987720874513,0.9020696794431918,5050
"[{'X'}, {'Y'}, {'N'}]",0.40124472177005865,522,0.891931216931217,0.9020696794431918,5050
"[{'T'}, {'U'}, {'X'}]",0.40124182840164957,520,0.891925925925926,0.9020696794431918,5050
"[{'V'}, {'T'}, {'Z'}]",0.40120896280023766,500,0.8918770847097117,0.9020696794431918,5050
"[{'V'}, {'Y'}, {'Z'}]",0.4012033870746219,487,0.8918184885290148,0.9020696794431918,5050
"[{'U'}, {'W'}, {'M'}, {'N'}]",0.4011772067732283,106,0.8189285714285715,0.9020696794431918,5050
"[{'U'}, {'T'}, {'Y'}]",0.40114212741758903,514,0.8920512237629765,0.9020696794431918,5050
"[{'W'}, {'P'}, {'U'}]",0.401136007904236,459,0.8917735734135293,0.9020696794431918,5050
"[{'V'}, {'Y'}, {'M'}]",0.4010724209331892,473,0.8919527896995708,0.9020696794431918,5050
"[{'M'}, {'O'}, {'V'}]",0.40106891074295936,491,0.8920524307283888,0.9020696794431918,5050
"[{'M'}, {'Z'}, {'M'}]",0.4010616552101842,481,0.8920124481327801,0.9020696794431918,5050
"[{'Y'}, {'P'}, {'M'}]",0.40091398647464027,444,0.8920547945205478,0.9020696794431918,5050
"[{'X'}, {'V'}, {'Y'}, {'Y'}, {'W'}]",0.400124019714574,24,0.7412587412587412,0.9020696794431918,5050
"[{'M'}, {'X'}, {'Y'}, {'P'}, {'Z'}]",0.39891698205162374,21,0.7363636363636363,0.9020696794431918,5050
"[{'V'}, {'M'}, {'P'}, {'Z'}]",0.3987125091596744,132,0.8243398392652124,0.9020696794431918,5050
"[{'T'}, {'T'}, {'N'}, {'Y'}]",0.398601665365378,107,0.8201970443349754,0.9020696794431918,5050
"[{'M'}, {'U'}, {'W'}, {'Z'}, {'M'}]",0.39729371511040057,30,0.7511961722488039,0.9020696794431918,5050
"[{'M'}, {'U'}, {'V'}, {'W'}]",0.3948580742687976,98,0.82,0.9020696794431918,5050
"[{'M'}, {'N'}, {'X'}, {'O'}, {'X'}]",0.39384985940201434,23,0.7424242424242424,0.9020696794431918,5050
"[{'W'}, {'Z'}, {'N'}, {'T'}, {'P'}]",0.39384985940201434,23,0.7424242424242424,0.9020696794431918,5050
"[{'O'}, {'M'}, {'X'}, {'W'}]",0.39371606933129333,103,0.8215094339622642,0.9020696794431918,5050
"[{'T'}, {'T'}, {'U'}, {'T'}]",0.39326075909386926,110,0.8230177316828371,0.9020696794431918,5050
"[{'M'}, {'P'}, {'M'}, {'V'}]",0.39263228993589494,113,0.8238157040882544,0.9020696794431918,5050
"[{'P'}, {'U'}, {'N'}, {'U'}, {'T'}]",0.3925493726686008,20,0.7373737373737373,0.9020696794431918,5050
"[{'P'}, {'M'}, {'N'}, {'W'}]",0.39190253306528644,124,0.8259172521467603,0.9020696794431918,5050
"[{'V'}, {'P'}, {'U'}, {'Y'}]",0.39170083268918787,95,0.8207630878438332,0.9020696794431918,5050
"[{'U'}, {'V'}, {'V'}, {'T'}, {'Z'}]",0.3910570365509697,20,0.7380952380952381,0.9020696794431918,5050
"[{'N'}, {'X'}, {'P'}, {'Y'}]",0.3904335632162358,134,0.8279857397504455,0.9020696794431918,5050
"[{'X'}, {'V'}, {'P'}, {'M'}]",0.39001690179892845,132,0.8278801843317972,0.9020696794431918,5050
"[{'P'}, {'U'}, {'N'}, {'W'}]",0.3896714802672826,124,0.826857887874837,0.9020696794431918,5050
"[{'T'}, {'Z'}, {'V'}, {'P'}]",0.38945516026095905,125,0.8271004098360656,0.9020696794431918,5050
"[{'Z'}, {'M'}, {'V'}, {'U'}]",0.3890908522430728,111,0.825,0.9020696794431918,5050
"[{'U'}, {'V'}, {'P'}, {'Y'}]",0.3886868667731651,125,0.827426810477658,0.9020696794431918,5050
"[{'W'}, {'N'}, {'M'}, {'O'}]",0.38807338857675955,102,0.8238095238095238,0.9020696794431918,5050
"[{'W'}, {'N'}, {'X'}, {'Y'}]",0.3879596102866689,135,0.8291536050156739,0.9020696794431918,5050
"[{'T'}, {'M'}, {'U'}, {'W'}]",0.38770582798123243,117,0.8266081871345029,0.9020696794431918,5050
"[{'T'}, {'T'}, {'Z'}, {'W'}, {'W'}]",0.3876219129312952,22,0.7435897435897436,0.9020696794431918,5050
"[{'W'}, {'X'}, {'P'}, {'Y'}]",0.3861617177682325,117,0.8272833723653394,0.9020696794431918,5050
"[{'X'}, {'V'}, {'U'}, {'Y'}]",0.3851063345109358,117,0.8277483833039389,0.9020696794431918,5050
"[{'Y'}, {'O'}, {'P'}, {'T'}]",0.3842271464356799,115,0.8278186274509803,0.9020696794431918,5050
"[{'X'}, {'P'}, {'Y'}, {'Z'}]",0.3841042791361554,123,0.82911051212938,0.9020696794431918,5050
"[{'X'}, {'V'}, {'X'}, {'Y'}]",0.3840068887589997,122,0.8290043290043291,0.9020696794431918,5050
"[{'M'}, {'O'}, {'U'}, {'Y'}]",0.3832305167085278,122,0.8293469497446923,0.9020696794431918,5050
"[{'M'}, {'U'}, {'T'}, {'W'}]",0.38254876547323835,134,0.8313279857397504,0.9020696794431918,5050
"[{'W'}, {'Z'}, {'Y'}, {'U'}, {'T'}]",0.3811476476312934,21,0.7448979591836735,0.9020696794431918,5050
"[{'N'}, {'V'}, {'T'}, {'P'}]",0.37893131262080204,109,0.8292517006802721,0.9020696794431918,5050
"[{'U'}, {'Z'}, {'N'}, {'U'}]",0.3788336801334826,97,0.8271441202475686,0.9020696794431918,5050
"[{'Z'}, {'U'}, {'V'}, {'O'}, {'T'}]",0.37881098603842556,27,0.7555555555555555,0.9020696794431918,5050
"[{'T'}, {'N'}, {'M'}, {'Y'}]",0.37879480695217205,112,0.8298076923076924,0.9020696794431918,5050
"[{'V'}, {'X'}, {'P'}, {'X'}]",0.37861287720666215,119,0.8309779536461277,0.9020696794431918,5050
"[{'P'}, {'N'}, {'Z'}, {'V'}]",0.378596477114448,145,0.8344118766653978,0.9020696794431918,5050
"[{'X'}, {'V'}, {'X'}, {'P'}]",0.37839845161625685,110,0.8296666666666667,0.9020696794431918,5050
"[{'M'}, {'T'}, {'V'}, {'P'}]",0.37774745729591186,100,0.8282333741330069,0.9020696794431918,5050
"[{'X'}, {'N'}, {'P'}, {'Z'}]",0.3771458277136226,104,0.8292410714285714,0.9020696794431918,5050
"[{'W'}, {'N'}, {'P'}, {'T'}]",0.375909462759882,110,0.8308408109006314,0.9020696794431918,5050
"[{'W'}, {'W'}, {'W'}, {'Y'}]",0.37578116862831745,110,0.8309018567639257,0.9020696794431918,5050
"[{'X'}, {'M'}, {'V'}, {'X'}]",0.3755835488052971,131,0.8340336134453781,0.9020696794431918,5050
"[{'M'}, {'P'}, {'T'}, {'V'}]",0.375166538033206,143,0.835694608421881,0.9020696794431918,5050
"[{'W'}, {'X'}, {'N'}, {'Z'}]",0.3747584048586049,119,0.8327664399092971,0.9020696794431918,5050
"[{'M'}, {'V'}, {'P'}, {'Y'}]",0.37475147834724243,121,0.8330578512396694,0.9020696794431918,5050
"[{'N'}, {'Y'}, {'P'}, {'X'}]",0.3742546560309671,120,0.8331479421579533,0.9020696794431918,5050
"[{'X'}, {'U'}, {'P'}, {'N'}]",0.37377678446645324,121,0.8335155822854019,0.9020696794431918,5050
"[{'V'}, {'X'}, {'Y'}, {'W'}]",0.373557156360102,119,0.8333333333333333,0.9020696794431918,5050
"[{'M'}, {'P'}, {'T'}, {'V'}, {'Z'}]",0.3735016089209613,28,0.7593582887700534,0.9020696794431918,5050
"[{'M'}, {'U'}, {'Z'}, {'M'}]",0.3731310582290156,110,0.8321747765640517,0.9020696794431918,5050
"[{'T'}, {'Y'}, {'M'}, {'M'}]",0.3724497465720853,110,0.8325057927838464,0.9020696794431918,5050
"[{'U'}, {'N'}, {'X'}, {'N'}]",0.37227507047515973,103,0.8314393939393939,0.9020696794431918,5050
"[{'U'}, {'W'}, {'T'}, {'N'}, {'V'}]",0.3719956602232193,31,0.7636363636363637,0.9020696794431918,5050
"[{'W'}, {'X'}, {'M'}, {'V'}, {'P'}]",0.3716585214987487,26,0.7575757575757576,0.9020696794431918,5050
"[{'M'}, {'W'}, {'P'}, {'U'}]",0.37151294963729165,103,0.8318181818181819,0.9020696794431918,5050
"[{'W'}, {'P'}, {'M'}, {'U'}]",0.3714741260211609,97,0.8307757885763001,0.9020696794431918,5050
"[{'T'}, {'Z'}, {'Y'}, {'X'}]",0.3707116379593165,121,0.8349753694581281,0.9020696794431918,5050
"[{'X'}, {'O'}, {'M'}, {'P'}, {'U'}]",0.3698743073816493,23,0.753968253968254,0.9020696794431918,5050
"[{'M'}, {'P'}, {'W'}, {'W'}, {'Y'}]",0.3698743073816493,23,0.753968253968254,0.9020696794431918,5050
"[{'M'}, {'U'}, {'X'}, {'Y'}, {'Z'}]",0.3698341653020246,24,0.7555555555555555,0.9020696794431918,5050
"[{'W'}, {'V'}, {'P'}, {'Y'}]",0.36980317217818337,107,0.8333333333333333,0.9020696794431918,5050
"[{'M'}, {'W'}, {'Z'}, {'Y'}, {'U'}]",0.3697404634497119,22,0.7523809523809524,0.9020696794431918,5050
"[{'U'}, {'V'}, {'O'}, {'P'}]",0.3697043273247582,112,0.8341625207296849,0.9020696794431918,5050
"[{'N'}, {'X'}, {'M'}, {'X'}]",0.3694183750299038,121,0.8356009070294784,0.9020696794431918,5050
"[{'M'}, {'P'}, {'O'}, {'M'}, {'V'}]",0.3692027213887886,25,0.7573529411764707,0.9020696794431918,5050
"[{'M'}, {'P'}, {'V'}, {'P'}]",0.3689755791136192,123,0.8360874200426439,0.9020696794431918,5050
"[{'V'}, {'U'}, {'Y'}, {'T'}]",0.36872877212087474,113,0.8347962382445141,0.9020696794431918,5050
"[{'X'}, {'U'}, {'X'}, {'Y'}]",0.3684648984641419,120,0.835928809788654,0.9020696794431918,5050
"[{'V'}, {'P'}, {'X'}, {'P'}]",0.36842011126696095,106,0.8338680926916221,0.9020696794431918,5050
"[{'W'}, {'N'}, {'X'}, {'M'}]",0.36830064595275014,106,0.8339285714285714,0.9020696794431918,5050
"[{'N'}, {'Y'}, {'P'}, {'T'}]",0.3682526819348263,120,0.8360329639102018,0.9020696794431918,5050
"[{'V'}, {'Z'}, {'W'}, {'U'}]",0.3678838304455828,115,0.8355099502487562,0.9020696794431918,5050
"[{'U'}, {'Z'}, {'O'}, {'P'}]",0.36779407459042757,108,0.8345021037868163,0.9020696794431918,5050
"[{'Y'}, {'O'}, {'O'}, {'P'}, {'T'}]",0.36737943333421696,20,0.75,0.9020696794431918,5050
"[{'X'}, {'X'}, {'U'}, {'P'}, {'N'}]",0.36737943333421696,20,0.75,0.9020696794431918,5050
"[{'T'}, {'U'}, {'T'}, {'M'}, {'V'}]",0.3671332061754491,27,0.7611111111111111,0.9020696794431918,5050
"[{'U'}, {'P'}, {'V'}, {'P'}]",0.36650559735456734,112,0.835762876579203,0.9020696794431918,5050
"[{'T'}, {'U'}, {'Y'}, {'N'}]",0.3663955844602259,114,0.836111111111111,0.9020696794431918,5050
"[{'P'}, {'N'}, {'Z'}, {'V'}, {'P'}]",0.36549417946699114,31,0.7666666666666666,0.9020696794431918,5050
"[{'V'}, {'X'}, {'O'}, {'Z'}]",0.3647256643663985,118,0.8375180375180374,0.9020696794431918,5050
"[{'P'}, {'Y'}, {'M'}, {'T'}]",0.36418963589350495,116,0.8375149342891278,0.9020696794431918,5050
"[{'N'}, {'M'}, {'X'}, {'V'}]",0.3637391876060593,120,0.8382884134481801,0.9020696794431918,5050
"[{'M'}, {'V'}, {'U'}, {'Z'}]",0.36370731309321436,115,0.8376225490196079,0.9020696794431918,5050
"[{'O'}, {'P'}, {'U'}, {'T'}, {'W'}]",0.36358616030980917,28,0.764102564102564,0.9020696794431918,5050
"[{'M'}, {'W'}, {'P'}, {'T'}]",0.36326251151757905,116,0.8379904875148633,0.9020696794431918,5050
"[{'P'}, {'X'}, {'U'}, {'P'}]",0.36269541158593555,97,0.8353658536585367,0.9020696794431918,5050
"[{'P'}, {'M'}, {'M'}, {'V'}]",0.362300130167841,99,0.8359183673469388,0.9020696794431918,5050
"[{'M'}, {'U'}, {'W'}, {'P'}]",0.3619932238924345,119,0.8390508862206976,0.9020696794431918,5050
"[{'M'}, {'U'}, {'T'}, {'Y'}]",0.3618062680421831,114,0.838468720821662,0.9020696794431918,5050
"[{'O'}, {'W'}, {'X'}, {'P'}, {'Y'}]",0.36168280083466364,32,0.76953125,0.9020696794431918,5050
"[{'T'}, {'W'}, {'V'}, {'Y'}]",0.3614422666757444,111,0.8382352941176471,0.9020696794431918,5050
"[{'M'}, {'M'}, {'O'}, {'U'}]",0.3606534159086193,120,0.8398774714564189,0.9020696794431918,5050
"[{'V'}, {'P'}, {'Y'}, {'M'}]",0.3604064899056194,101,0.8372734436564223,0.9020696794431918,5050
"[{'N'}, {'T'}, {'Y'}, {'W'}]",0.3602374621071571,123,0.8404761904761905,0.9020696794431918,5050
"[{'T'}, {'Z'}, {'W'}, {'Z'}]",0.3600528494258076,99,0.8371428571428572,0.9020696794431918,5050
"[{'M'}, {'X'}, {'U'}, {'Z'}]",0.3600220488590731,122,0.8404627387678235,0.9020696794431918,5050
"[{'Z'}, {'X'}, {'V'}, {'T'}]",0.35932377233198687,130,0.8417931688804554,0.9020696794431918,5050
"[{'P'}, {'N'}, {'M'}, {'T'}]",0.35898860514578124,104,0.8385185185185186,0.9020696794431918,5050
"[{'T'}, {'P'}, {'T'}, {'P'}]",0.35886870625937484,101,0.8381180223285486,0.9020696794431918,5050
"[{'T'}, {'O'}, {'U'}, {'X'}]",0.3585820567014777,109,0.8394808743169399,0.9020696794431918,5050
"[{'V'}, {'X'}, {'Y'}, {'U'}]",0.3584048174000658,118,0.8408045977011495,0.9020696794431918,5050
"[{'T'}, {'Z'}, {'W'}, {'Y'}]",0.3583825710955453,124,0.8415712799167534,0.9020696794431918,5050
"[{'T'}, {'Y'}, {'U'}, {'Y'}]",0.35832864816526167,131,0.8424242424242424,0.9020696794431918,5050
"[{'W'}, {'W'}, {'W'}, {'U'}]",0.3581464029171003,123,0.8415736310473153,0.9020696794431918,5050
"[{'M'}, {'T'}, {'P'}, {'Y'}]",0.3576230545851663,113,0.8405612244897959,0.9020696794431918,5050
"[{'M'}, {'M'}, {'V'}, {'T'}]",0.35737738714278555,134,0.8432552954292085,0.9020696794431918,5050
"[{'U'}, {'M'}, {'P'}, {'M'}]",0.35673118595656483,107,0.8402097902097903,0.9020696794431918,5050
"[{'N'}, {'Y'}, {'P'}, {'Z'}]",0.3561543679028647,129,0.8433414043583535,0.9020696794431918,5050
"[{'P'}, {'Z'}, {'U'}, {'W'}]",0.3559573454504119,116,0.8418688230008984,0.9020696794431918,5050
"[{'P'}, {'W'}, {'M'}, {'U'}]",0.3557044811990998,128,0.8434676434676435,0.9020696794431918,5050
"[{'O'}, {'Z'}, {'V'}, {'U'}]",0.35545000622680634,117,0.8422759433962265,0.9020696794431918,5050
"[{'V'}, {'N'}, {'M'}, {'Z'}]",0.3550697356256546,120,0.8428611658687694,0.9020696794431918,5050
"[{'V'}, {'T'}, {'P'}, {'X'}]",0.3549046229574532,123,0.8433155080213903,0.9020696794431918,5050
"[{'X'}, {'V'}, {'Y'}, {'U'}]",0.35467535233012304,111,0.8419165580182529,0.9020696794431918,5050
"[{'W'}, {'V'}, {'P'}, {'U'}]",0.35439923835774056,109,0.8417982155113246,0.9020696794431918,5050
"[{'W'}, {'N'}, {'Y'}, {'Y'}]",0.3542791833814133,112,0.8422733077905492,0.9020696794431918,5050
"[{'U'}, {'Z'}, {'W'}, {'N'}]",0.35410338980962985,124,0.843871975019516,0.9020696794431918,5050
"[{'N'}, {'M'}, {'T'}, {'Y'}]",0.35384720462297115,124,0.8440126050420167,0.9020696794431918,5050
"[{'T'}, {'V'}, {'P'}, {'O'}]",0.35381169804690915,106,0.841711229946524,0.9020696794431918,5050
"[{'M'}, {'M'}, {'O'}, {'P'}, {'U'}]",0.35378920175865736,22,0.7606837606837606,0.9020696794431918,5050
"[{'X'}, {'O'}, {'P'}, {'W'}]",0.35366413900130134,136,0.8454363757495004,0.9020696794431918,5050
"[{'M'}, {'U'}, {'T'}, {'Z'}]",0.35366148151434795,115,0.8430127041742287,0.9020696794431918,5050
"[{'X'}, {'P'}, {'M'}, {'Y'}, {'V'}]",0.353366312423809,21,0.7592592592592593,0.9020696794431918,5050
"[{'N'}, {'Y'}, {'X'}, {'P'}, {'Z'}]",0.3532452912581028,28,0.7692307692307693,0.9020696794431918,5050
"[{'N'}, {'X'}, {'O'}, {'Y'}]",0.35320506345471636,140,0.8460910389875483,0.9020696794431918,5050
"[{'W'}, {'X'}, {'X'}, {'Y'}]",0.35307986874170494,113,0.8430817610062893,0.9020696794431918,5050
"[{'T'}, {'U'}, {'M'}, {'N'}]",0.3529454342281203,111,0.8428943937418514,0.9020696794431918,5050
"[{'O'}, {'O'}, {'X'}, {'O'}]",0.35235151553540867,113,0.8434959349593496,0.9020696794431918,5050
"[{'N'}, {'W'}, {'X'}, {'Y'}]",0.35213188921966165,114,0.84375,0.9020696794431918,5050
"[{'Y'}, {'M'}, {'U'}, {'W'}]",0.3520537066879742,111,0.843404808317089,0.9020696794431918,5050
"[{'T'}, {'T'}, {'U'}, {'Z'}]",0.35200435549715714,106,0.8427536231884057,0.9020696794431918,5050
"[{'T'}, {'P'}, {'T'}, {'V'}]",0.3518574725693189,118,0.8444060972102387,0.9020696794431918,5050
"[{'M'}, {'W'}, {'Y'}, {'T'}]",0.35183744271847983,103,0.8424242424242425,0.9020696794431918,5050
"[{'M'}, {'V'}, {'P'}, {'M'}]",0.351659615040125,126,0.8454545454545453,0.9020696794431918,5050
"[{'X'}, {'M'}, {'P'}, {'Z'}]",0.3515549435438392,134,0.846376811594203,0.9020696794431918,5050
"[{'T'}, {'N'}, {'T'}, {'P'}]",0.35083400056837966,117,0.8448680351906158,0.9020696794431918,5050
"[{'M'}, {'Z'}, {'T'}, {'T'}]",0.3506661236985841,106,0.8435374149659863,0.9020696794431918,5050
"[{'U'}, {'Z'}, {'U'}, {'M'}]",0.3503810848170771,105,0.8435672514619883,0.9020696794431918,5050
"[{'V'}, {'T'}, {'O'}, {'O'}]",0.35037764079958467,131,0.8467170524326878,0.9020696794431918,5050
"[{'M'}, {'Z'}, {'T'}, {'Z'}]",0.3503354117384998,97,0.8424242424242424,0.9020696794431918,5050
"[{'M'}, {'O'}, {'M'}, {'U'}]",0.3496989560682321,119,0.8457627118644068,0.9020696794431918,5050
"[{'N'}, {'M'}, {'O'}, {'P'}]",0.34962564380518035,129,0.8469287469287468,0.9020696794431918,5050
"[{'M'}, {'U'}, {'T'}, {'P'}]",0.34961426076527946,113,0.845079365079365,0.9020696794431918,5050
"[{'W'}, {'N'}, {'P'}, {'X'}]",0.34957429334446044,112,0.8449760765550238,0.9020696794431918,5050
"[{'W'}, {'N'}, {'X'}, {'T'}, {'M'}]",0.3493837848403556,26,0.7687499999999999,0.9020696794431918,5050
"[{'O'}, {'N'}, {'M'}, {'O'}]",0.34909972120045807,106,0.8444683908045978,0.9020696794431918,5050
"[{'X'}, {'W'}, {'W'}, {'T'}]",0.34894003851740907,125,0.8468862583633556,0.9020696794431918,5050
"[{'M'}, {'U'}, {'M'}, {'Z'}]",0.34868219973879033,109,0.845117845117845,0.9020696794431918,5050
"[{'T'}, {'P'}, {'T'}, {'W'}]",0.34829870507555905,105,0.8448148148148148,0.9020696794431918,5050
"[{'P'}, {'T'}, {'Z'}, {'W'}]",0.3482803137600776,138,0.848606418918919,0.9020696794431918,5050
"[{'T'}, {'T'}, {'W'}, {'T'}]",0.3481409122336051,107,0.8451794510907811,0.9020696794431918,5050
"[{'T'}, {'T'}, {'P'}, {'M'}]",0.34813210413594353,115,0.8462009803921569,0.9020696794431918,5050
"[{'V'}, {'X'}, {'V'}, {'V'}]",0.348054584009313,115,0.8462469733656174,0.9020696794431918,5050
"[{'P'}, {'M'}, {'V'}, {'P'}]",0.34787695417476827,123,0.84728144989339,0.9020696794431918,5050
"[{'V'}, {'M'}, {'U'}, {'Y'}]",0.3478016904905896,105,0.8451166180758017,0.9020696794431918,5050
"[{'U'}, {'Z'}, {'U'}, {'U'}]",0.3475883898100903,125,0.8476702508960573,0.9020696794431918,5050
"[{'P'}, {'U'}, {'Z'}, {'V'}]",0.34732202361217623,125,0.8478260869565217,0.9020696794431918,5050
"[{'V'}, {'V'}, {'V'}, {'P'}]",0.34694559913827716,113,0.8466666666666668,0.9020696794431918,5050
"[{'X'}, {'M'}, {'M'}, {'P'}]",0.34685556065275036,126,0.8482074752097635,0.9020696794431918,5050
"[{'U'}, {'M'}, {'N'}, {'X'}]",0.346775241436847,104,0.8456101190476191,0.9020696794431918,5050
"[{'O'}, {'O'}, {'Z'}, {'O'}]",0.34655534968665114,121,0.8478379857690201,0.9020696794431918,5050
"[{'M'}, {'T'}, {'Y'}, {'X'}]",0.3465092739943876,118,0.8475241545893719,0.9020696794431918,5050
"[{'U'}, {'N'}, {'X'}, {'M'}]",0.34635940674916177,101,0.8454545454545455,0.9020696794431918,5050
"[{'U'}, {'M'}, {'N'}, {'W'}]",0.3461932170947125,108,0.8464972527472527,0.9020696794431918,5050
"[{'U'}, {'M'}, {'U'}, {'W'}, {'N'}]",0.3460068111585005,25,0.7692307692307693,0.9020696794431918,5050
"[{'Z'}, {'Z'}, {'M'}, {'V'}]",0.3458943527163113,116,0.8476621417797888,0.9020696794431918,5050
"[{'U'}, {'M'}, {'V'}, {'U'}]",0.34549737977224915,111,0.8473034437946719,0.9020696794431918,5050
"[{'U'}, {'N'}, {'U'}, {'X'}, {'Z'}]",0.34542789887295056,21,0.7636363636363637,0.9020696794431918,5050
"[{'W'}, {'N'}, {'Y'}, {'U'}]",0.3450448149135087,115,0.8480629539951573,0.9020696794431918,5050
"[{'T'}, {'U'}, {'Y'}, {'T'}]",0.34491745479435776,115,0.8481411468178954,0.9020696794431918,5050
"[{'N'}, {'M'}, {'O'}, {'Y'}]",0.34489152819090063,127,0.8494783904619969,0.9020696794431918,5050
"[{'U'}, {'T'}, {'X'}, {'N'}]",0.3448427426440762,103,0.8466819221967964,0.9020696794431918,5050
"[{'T'}, {'N'}, {'M'}, {'W'}]",0.34483312725857196,116,0.8483094730429485,0.9020696794431918,5050
"[{'X'}, {'X'}, {'Y'}, {'W'}]",0.3447990290168611,111,0.8477351916376308,0.9020696794431918,5050
"[{'T'}, {'T'}, {'W'}, {'N'}]",0.3445038707547037,116,0.8485119047619047,0.9020696794431918,5050
"[{'T'}, {'T'}, {'W'}, {'M'}]",0.34445146036313246,112,0.8480725623582767,0.9020696794431918,5050
"[{'M'}, {'V'}, {'P'}, {'U'}]",0.3444194997269667,115,0.8484479610468655,0.9020696794431918,5050
"[{'P'}, {'M'}, {'N'}, {'P'}]",0.3443170727141738,113,0.8482758620689655,0.9020696794431918,5050
"[{'M'}, {'T'}, {'M'}, {'U'}]",0.34424651649046156,114,0.8484379832972472,0.9020696794431918,5050
"[{'W'}, {'P'}, {'V'}, {'W'}]",0.3437909168265749,112,0.8484848484848485,0.9020696794431918,5050
"[{'M'}, {'Y'}, {'P'}, {'Z'}]",0.34323051372651314,109,0.8484745762711864,0.9020696794431918,5050
"[{'V'}, {'O'}, {'O'}, {'Z'}]",0.3428522708510512,116,0.8495391019922689,0.9020696794431918,5050
"[{'P'}, {'M'}, {'N'}, {'Z'}]",0.3425017383733254,111,0.8491803278688524,0.9020696794431918,5050
"[{'Z'}, {'T'}, {'Y'}, {'T'}]",0.34219614467096426,110,0.8492561983471074,0.9020696794431918,5050
"[{'V'}, {'Y'}, {'U'}, {'U'}]",0.3419106777638945,116,0.8501338090990188,0.9020696794431918,5050
"[{'W'}, {'P'}, {'M'}, {'Z'}]",0.3418798113514534,95,0.8474955277280859,0.9020696794431918,5050
"[{'V'}, {'O'}, {'U'}, {'U'}]",0.34186534129276236,107,0.8491039426523297,0.9020696794431918,5050
"[{'Z'}, {'O'}, {'U'}, {'T'}]",0.34156251330622567,120,0.8507918866351765,0.9020696794431918,5050
"[{'Y'}, {'Z'}, {'O'}, {'U'}, {'X'}]",0.3409369786997998,23,0.7692307692307692,0.9020696794431918,5050
"[{'V'}, {'O'}, {'Z'}, {'T'}, {'U'}]",0.34093697869979955,23,0.7692307692307693,0.9020696794431918,5050
"[{'M'}, {'Z'}, {'Y'}, {'Y'}]",0.34086993337423255,124,0.8516469038208168,0.9020696794431918,5050
"[{'U'}, {'T'}, {'Z'}, {'V'}]",0.3408641338998357,126,0.8518518518518519,0.9020696794431918,5050
"[{'Z'}, {'Y'}, {'P'}, {'M'}]",0.34066461840780937,110,0.8502479338842976,0.9020696794431918,5050
"[{'T'}, {'O'}, {'O'}, {'X'}]",0.3400374113274647,114,0.8511166253101738,0.9020696794431918,5050
"[{'V'}, {'X'}, {'Y'}, {'V'}]",0.3400323299558642,112,0.8508939974457215,0.9020696794431918,5050
"[{'U'}, {'X'}, {'N'}, {'Z'}]",0.339830601644568,127,0.852605459057072,0.9020696794431918,5050
"[{'U'}, {'N'}, {'O'}, {'T'}]",0.339830601644568,127,0.852605459057072,0.9020696794431918,5050
"[{'Y'}, {'M'}, {'T'}, {'M'}]",0.33975577579545146,107,0.8504901960784313,0.9020696794431918,5050
"[{'M'}, {'T'}, {'T'}, {'W'}]",0.3396363737673621,134,0.8533868092691622,0.9020696794431918,5050
"[{'V'}, {'T'}, {'Y'}, {'X'}]",0.33958503504195026,109,0.8508417508417507,0.9020696794431918,5050
"[{'T'}, {'P'}, {'N'}, {'O'}]",0.33956223107195793,102,0.85,0.9020696794431918,5050
"[{'M'}, {'O'}, {'O'}, {'N'}, {'W'}]",0.33943679070729893,22,0.7685950413223139,0.9020696794431918,5050
"[{'N'}, {'M'}, {'V'}, {'P'}]",0.3392829405096103,127,0.8529557873820169,0.9020696794431918,5050
"[{'V'}, {'V'}, {'U'}, {'Y'}]",0.3392566847892393,106,0.8507032095203751,0.9020696794431918,5050
"[{'U'}, {'M'}, {'M'}, {'U'}]",0.3389840612326034,97,0.8497386759581882,0.9020696794431918,5050
"[{'V'}, {'Y'}, {'V'}, {'U'}]",0.33891899793269165,97,0.8497835497835498,0.9020696794431918,5050
"[{'W'}, {'T'}, {'M'}, {'Y'}]",0.3387778806034606,116,0.8521634615384615,0.9020696794431918,5050
"[{'T'}, {'U'}, {'N'}, {'O'}]",0.33862659623628666,123,0.8529878371232151,0.9020696794431918,5050
"[{'T'}, {'Y'}, {'U'}, {'Y'}, {'N'}]",0.33845630005652927,25,0.7733333333333333,0.9020696794431918,5050
"[{'T'}, {'O'}, {'Z'}, {'W'}, {'Y'}]",0.33831933532963643,22,0.7692307692307693,0.9020696794431918,5050
"[{'T'}, {'T'}, {'N'}, {'W'}]",0.33827996193534604,99,0.8504901960784313,0.9020696794431918,5050
"[{'V'}, {'T'}, {'P'}, {'N'}]",0.3380517332604941,117,0.852751756440281,0.9020696794431918,5050
"[{'M'}, {'X'}, {'Y'}, {'Z'}]",0.3379956122479182,124,0.8534998698933125,0.9020696794431918,5050
"[{'X'}, {'M'}, {'U'}, {'V'}, {'P'}]",0.33770643652724586,26,0.775,0.9020696794431918,5050
"[{'W'}, {'P'}, {'V'}, {'Z'}]",0.3372011774272917,117,0.8533215755437977,0.9020696794431918,5050
"[{'O'}, {'X'}, {'T'}, {'Z'}]",0.3371777296866849,121,0.8537452159650082,0.9020696794431918,5050
"[{'X'}, {'U'}, {'P'}, {'X'}]",0.337098106987055,131,0.8547472838923004,0.9020696794431918,5050
"[{'V'}, {'P'}, {'M'}, {'O'}]",0.3370715616572617,100,0.851461038961039,0.9020696794431918,5050
"[{'N'}, {'Y'}, {'T'}, {'P'}]",0.33696438778350546,122,0.8539870689655172,0.9020696794431918,5050
"[{'W'}, {'T'}, {'W'}, {'T'}]",0.3369576568261021,121,0.853892543859649,0.9020696794431918,5050
"[{'N'}, {'M'}, {'P'}, {'O'}, {'Z'}]",0.33686502338553104,21,0.7685185185185185,0.9020696794431918,5050
"[{'X'}, {'V'}, {'U'}, {'X'}]",0.33681909828766243,128,0.854656862745098,0.9020696794431918,5050
"[{'N'}, {'M'}, {'N'}, {'T'}]",0.33681431635933423,120,0.8538888888888888,0.9020696794431918,5050
"[{'W'}, {'P'}, {'W'}, {'W'}]",0.33673625785826344,105,0.8523076923076923,0.9020696794431918,5050
"[{'T'}, {'Z'}, {'Y'}, {'V'}]",0.3366777057257312,126,0.8545639460971269,0.9020696794431918,5050
"[{'X'}, {'T'}, {'N'}, {'Y'}]",0.3366205878325743,135,0.8554137323943662,0.9020696794431918,5050
"[{'N'}, {'X'}, {'U'}, {'N'}, {'O'}]",0.33632909246277265,26,0.7757575757575758,0.9020696794431918,5050
"[{'M'}, {'N'}, {'P'}, {'Z'}]",0.33601986835231956,128,0.8551892551892551,0.9020696794431918,5050
"[{'N'}, {'T'}, {'N'}, {'Y'}]",0.3358458655001234,133,0.855751811594203,0.9020696794431918,5050
"[{'V'}, {'P'}, {'P'}, {'P'}]",0.33583331065351374,117,0.8542521994134897,0.9020696794431918,5050
"[{'X'}, {'M'}, {'T'}, {'X'}]",0.3357910313811667,125,0.8550649350649351,0.9020696794431918,5050
"[{'X'}, {'X'}, {'W'}, {'Y'}]",0.3357588071091969,108,0.8533379453476305,0.9020696794431918,5050
"[{'P'}, {'M'}, {'T'}, {'X'}]",0.33566306092690223,116,0.8542668269230769,0.9020696794431918,5050
"[{'T'}, {'X'}, {'N'}, {'O'}, {'P'}]",0.33551251415580485,20,0.7676767676767676,0.9020696794431918,5050
"[{'W'}, {'X'}, {'P'}, {'Z'}, {'O'}]",0.33551251415580463,20,0.7676767676767677,0.9020696794431918,5050
"[{'M'}, {'M'}, {'N'}, {'P'}]",0.3354811730492725,145,0.8569794050343249,0.9020696794431918,5050
"[{'M'}, {'M'}, {'V'}, {'P'}]",0.3353982367576811,125,0.8553312629399585,0.9020696794431918,5050
"[{'Z'}, {'N'}, {'M'}, {'T'}]",0.3353351584483456,124,0.8552803129074316,0.9020696794431918,5050
"[{'V'}, {'O'}, {'Y'}, {'X'}]",0.3350926305139341,113,0.8543505674653215,0.9020696794431918,5050
"[{'Z'}, {'U'}, {'V'}, {'N'}]",0.3350493634680568,130,0.8560228082679971,0.9020696794431918,5050
"[{'T'}, {'W'}, {'Y'}, {'Y'}]",0.33500257606083783,118,0.8549267451881642,0.9020696794431918,5050
"[{'T'}, {'N'}, {'T'}, {'M'}]",0.33486053256773085,115,0.8547215496368038,0.9020696794431918,5050
"[{'O'}, {'W'}, {'Y'}, {'T'}, {'X'}]",0.3348080147988609,27,0.7777777777777778,0.9020696794431918,5050
"[{'V'}, {'T'}, {'W'}, {'W'}, {'N'}]",0.3348080147988609,27,0.7777777777777778,0.9020696794431918,5050
"[{'X'}, {'W'}, {'Z'}, {'W'}]",0.3345769601743208,128,0.8561660561660562,0.9020696794431918,5050
"[{'X'}, {'V'}, {'T'}, {'X'}]",0.3345174164479727,134,0.856729055258467,0.9020696794431918,5050
"[{'M'}, {'T'}, {'X'}, {'U'}]",0.3345013483278342,120,0.8554720133667503,0.9020696794431918,5050
"[{'T'}, {'O'}, {'P'}, {'W'}]",0.3344127628216176,123,0.8558201058201058,0.9020696794431918,5050
"[{'N'}, {'M'}, {'X'}, {'N'}, {'W'}]",0.3343132200387011,25,0.7756410256410258,0.9020696794431918,5050
"[{'N'}, {'X'}, {'O'}, {'X'}]",0.33387768746020663,115,0.8554143980641258,0.9020696794431918,5050
"[{'T'}, {'T'}, {'Y'}, {'U'}, {'N'}]",0.33373849224829666,28,0.7794871794871795,0.9020696794431918,5050
"[{'X'}, {'T'}, {'T'}, {'Y'}, {'W'}]",0.33373849224829666,28,0.7794871794871795,0.9020696794431918,5050
"[{'V'}, {'W'}, {'U'}, {'Y'}]",0.3334531450586059,115,0.8557168784029038,0.9020696794431918,5050
"[{'M'}, {'M'}, {'T'}, {'M'}]",0.3333962355683413,115,0.8557575757575757,0.9020696794431918,5050
"[{'M'}, {'M'}, {'X'}, {'U'}]",0.3333880416606755,118,0.8560606060606061,0.9020696794431918,5050
"[{'M'}, {'P'}, {'T'}, {'Y'}]",0.3333750072120154,117,0.8559718969555035,0.9020696794431918,5050
"[{'T'}, {'Y'}, {'P'}, {'X'}]",0.3333288598795616,109,0.8551818805765271,0.9020696794431918,5050
"[{'W'}, {'P'}, {'X'}, {'V'}]",0.3332637597566158,116,0.855952380952381,0.9020696794431918,5050
"[{'V'}, {'N'}, {'O'}, {'Z'}]",0.3329438150374999,117,0.856280193236715,0.9020696794431918,5050
"[{'O'}, {'V'}, {'T'}, {'X'}]",0.3328189409240395,121,0.8567523236741389,0.9020696794431918,5050
"[{'X'}, {'W'}, {'M'}, {'T'}]",0.33268198505558877,125,0.857216230097586,0.9020696794431918,5050
"[{'U'}, {'V'}, {'N'}, {'N'}]",0.3324912614669353,107,0.8555790960451977,0.9020696794431918,5050
"[{'U'}, {'V'}, {'T'}, {'Z'}]",0.3320918575065306,102,0.8553191489361702,0.9020696794431918,5050
"[{'X'}, {'P'}, {'V'}, {'Y'}]",0.33186421474764616,107,0.8560447239692522,0.9020696794431918,5050
"[{'T'}, {'N'}, {'N'}, {'T'}]",0.3316723783053088,119,0.8573913043478261,0.9020696794431918,5050
"[{'W'}, {'O'}, {'T'}, {'X'}]",0.33163179645290963,123,0.8577884104199893,0.9020696794431918,5050
"[{'M'}, {'T'}, {'T'}, {'N'}, {'W'}]",0.3316167003072479,20,0.77,0.9020696794431918,5050
"[{'M'}, {'T'}, {'N'}, {'M'}]",0.3315860179656436,104,0.8559259259259259,0.9020696794431918,5050
"[{'W'}, {'X'}, {'N'}, {'T'}]",0.3315687596625009,124,0.8579234972677595,0.9020696794431918,5050
"[{'M'}, {'M'}, {'N'}, {'X'}]",0.33153710534938685,131,0.8585480093676816,0.9020696794431918,5050
"[{'T'}, {'V'}, {'P'}, {'N'}]",0.3314617464718028,121,0.8577302631578947,0.9020696794431918,5050
"[{'T'}, {'Y'}, {'Z'}, {'T'}]",0.3313946168464159,111,0.8568136932192233,0.9020696794431918,5050
"[{'M'}, {'T'}, {'N'}, {'X'}]",0.33135509802390495,112,0.8569444444444445,0.9020696794431918,5050
"[{'X'}, {'U'}, {'M'}, {'X'}]",0.33131625006625665,126,0.8582818930041153,0.9020696794431918,5050
"[{'X'}, {'N'}, {'O'}, {'Z'}]",0.3312229031474432,113,0.8571428571428572,0.9020696794431918,5050
"[{'T'}, {'Y'}, {'X'}, {'U'}]",0.3312101850812281,118,0.8576358930112165,0.9020696794431918,5050
"[{'N'}, {'M'}, {'X'}, {'W'}]",0.3311399677165697,124,0.8582345191040843,0.9020696794431918,5050
"[{'N'}, {'M'}, {'T'}, {'V'}]",0.3309266369108652,133,0.8591485507246377,0.9020696794431918,5050
"[{'M'}, {'W'}, {'P'}, {'Z'}]",0.3309022914664047,115,0.8575776019476568,0.9020696794431918,5050
"[{'Y'}, {'O'}, {'Z'}, {'T'}]",0.33082075800327226,118,0.8579234972677595,0.9020696794431918,5050
"[{'M'}, {'Y'}, {'V'}, {'O'}, {'O'}]",0.3308175318742297,23,0.775,0.9020696794431918,5050
"[{'U'}, {'U'}, {'N'}, {'O'}, {'T'}]",0.3308175318742297,23,0.775,0.9020696794431918,5050
"[{'U'}, {'V'}, {'V'}, {'Z'}]",0.33070175083063347,114,0.8576302729528535,0.9020696794431918,5050
"[{'T'}, {'P'}, {'V'}, {'P'}]",0.3305586671283287,115,0.8578342407743497,0.9020696794431918,5050
"[{'W'}, {'W'}, {'P'}, {'P'}, {'Y'}]",0.3305435288690438,28,0.7812499999999999,0.9020696794431918,5050
"[{'P'}, {'T'}, {'T'}, {'Y'}]",0.33053433211196004,100,0.856280193236715,0.9020696794431918,5050
"[{'V'}, {'T'}, {'P'}, {'Y'}]",0.3304817572401716,112,0.8575989782886335,0.9020696794431918,5050
"[{'N'}, {'O'}, {'P'}, {'W'}]",0.3302951561997982,126,0.8590263691683571,0.9020696794431918,5050
"[{'X'}, {'Y'}, {'M'}, {'M'}]",0.33024408596196086,115,0.8580705009276438,0.9020696794431918,5050
"[{'O'}, {'X'}, {'Y'}, {'W'}]",0.33006530398366873,139,0.8602353930222784,0.9020696794431918,5050
"[{'X'}, {'N'}, {'O'}, {'T'}]",0.3300623262842821,121,0.8587617468214483,0.9020696794431918,5050
"[{'P'}, {'X'}, {'N'}, {'W'}]",0.33004949027262087,118,0.8584987057808456,0.9020696794431918,5050
"[{'M'}, {'T'}, {'P'}, {'W'}]",0.3299542174580363,107,0.8574929971988795,0.9020696794431918,5050
"[{'N'}, {'U'}, {'P'}, {'U'}]",0.32993206057516444,94,0.8560434585785424,0.9020696794431918,5050
"[{'W'}, {'Z'}, {'N'}, {'P'}, {'X'}]",0.32972996580734015,21,0.7727272727272727,0.9020696794431918,5050
"[{'U'}, {'X'}, {'N'}, {'V'}, {'Z'}]",0.32972996580733993,21,0.7727272727272728,0.9020696794431918,5050
"[{'P'}, {'O'}, {'W'}, {'W'}]",0.3297160096642008,122,0.8591093117408907,0.9020696794431918,5050
"[{'N'}, {'P'}, {'W'}, {'T'}]",0.3296764606821858,109,0.857912457912458,0.9020696794431918,5050
"[{'U'}, {'W'}, {'X'}, {'U'}]",0.3295771566475134,124,0.8593872741555382,0.9020696794431918,5050
"[{'T'}, {'W'}, {'Z'}, {'W'}]",0.32940549758735704,128,0.8598522167487685,0.9020696794431918,5050
"[{'X'}, {'Y'}, {'P'}, {'M'}]",0.329183803007167,134,0.8604963112005366,0.9020696794431918,5050
"[{'P'}, {'M'}, {'T'}, {'W'}]",0.32912285301045296,116,0.8590163934426229,0.9020696794431918,5050
"[{'M'}, {'N'}, {'M'}, {'O'}]",0.3289039295941377,123,0.8598081023454158,0.9020696794431918,5050
"[{'O'}, {'Z'}, {'U'}, {'V'}]",0.32879048104228614,119,0.8595441595441596,0.9020696794431918,5050
"[{'T'}, {'P'}, {'V'}, {'V'}]",0.3287673109754419,111,0.8588158750813273,0.9020696794431918,5050
"[{'U'}, {'V'}, {'M'}, {'Z'}]",0.3287352289223714,105,0.8582361516034986,0.9020696794431918,5050
"[{'O'}, {'U'}, {'T'}, {'W'}]",0.3287137439039415,130,0.8605313092979128,0.9020696794431918,5050
"[{'N'}, {'Y'}, {'P'}, {'W'}]",0.3287136682266397,121,0.8597796143250689,0.9020696794431918,5050
"[{'T'}, {'Y'}, {'T'}, {'X'}]",0.32866708825519664,110,0.8587962962962963,0.9020696794431918,5050
"[{'T'}, {'T'}, {'M'}, {'T'}]",0.32855901029279744,129,0.8605675146771037,0.9020696794431918,5050
"[{'V'}, {'O'}, {'Y'}, {'O'}]",0.3285366370965602,125,0.8602564102564102,0.9020696794431918,5050
"[{'P'}, {'T'}, {'T'}, {'T'}]",0.32846081957716666,114,0.8593413357956294,0.9020696794431918,5050
"[{'N'}, {'T'}, {'Y'}, {'Y'}]",0.3284262795455558,123,0.8601717659688675,0.9020696794431918,5050
"[{'P'}, {'N'}, {'M'}, {'Z'}, {'Y'}]",0.3284223210912043,22,0.775,0.9020696794431918,5050
"[{'N'}, {'N'}, {'P'}, {'T'}]",0.3284096243259599,131,0.8608391608391609,0.9020696794431918,5050
"[{'X'}, {'O'}, {'W'}, {'Z'}, {'M'}]",0.3283477661608878,24,0.7777777777777777,0.9020696794431918,5050
"[{'V'}, {'Y'}, {'U'}, {'W'}, {'U'}]",0.32834776616088757,24,0.7777777777777778,0.9020696794431918,5050
"[{'W'}, {'T'}, {'O'}, {'U'}, {'W'}]",0.32810949567809466,29,0.783653846153846,0.9020696794431918,5050
"[{'M'}, {'U'}, {'T'}, {'M'}]",0.3281025647083501,126,0.8606701940035273,0.9020696794431918,5050
"[{'M'}, {'T'}, {'T'}, {'M'}]",0.3278950386213695,114,0.859784283513097,0.9020696794431918,5050
"[{'Y'}, {'M'}, {'T'}, {'V'}]",0.3278612540219341,122,0.860521365224402,0.9020696794431918,5050
"[{'W'}, {'T'}, {'N'}, {'P'}]",0.3277976907508954,113,0.8597678916827853,0.9020696794431918,5050
"[{'Y'}, {'M'}, {'U'}, {'M'}]",0.32774508052298357,99,0.8583887043189369,0.9020696794431918,5050
"[{'W'}, {'V'}, {'Y'}, {'P'}]",0.32772353683660527,127,0.8610421836228288,0.9020696794431918,5050
"[{'M'}, {'W'}, {'V'}, {'P'}]",0.32770785971196315,122,0.8606403013182675,0.9020696794431918,5050
"[{'V'}, {'N'}, {'T'}, {'Y'}]",0.32749120381634955,116,0.8602853745541023,0.9020696794431918,5050
"[{'T'}, {'O'}, {'T'}, {'W'}]",0.32748895051220994,113,0.8600125549278091,0.9020696794431918,5050
"[{'P'}, {'U'}, {'P'}, {'M'}]",0.3274572370001596,110,0.8597540711199735,0.9020696794431918,5050
"[{'T'}, {'Y'}, {'Y'}, {'Z'}]",0.3271991747200018,119,0.8607809847198642,0.9020696794431918,5050
"[{'M'}, {'U'}, {'W'}, {'M'}]",0.32707247091474545,135,0.8621597892888498,0.9020696794431918,5050
"[{'N'}, {'M'}, {'U'}, {'Y'}]",0.32701904300037776,124,0.8613445378151261,0.9020696794431918,5050
"[{'P'}, {'M'}, {'N'}, {'T'}]",0.3269033802883685,119,0.8610149942329873,0.9020696794431918,5050
"[{'X'}, {'M'}, {'V'}, {'M'}]",0.32684381349244174,124,0.8614820633673737,0.9020696794431918,5050
"[{'O'}, {'Z'}, {'T'}, {'V'}]",0.3264151643801213,135,0.8626666666666667,0.9020696794431918,5050
"[{'Z'}, {'T'}, {'P'}, {'U'}]",0.32630346032185686,109,0.8605935127674257,0.9020696794431918,5050
"[{'M'}, {'M'}, {'W'}, {'U'}]",0.32628140658569227,125,0.8620071684587813,0.9020696794431918,5050
"[{'U'}, {'N'}, {'M'}, {'V'}]",0.3262677753101575,120,0.8616071428571428,0.9020696794431918,5050
"[{'T'}, {'T'}, {'U'}, {'N'}]",0.32623807905297464,126,0.8621212121212122,0.9020696794431918,5050
"[{'T'}, {'T'}, {'T'}, {'T'}]",0.32622095391150263,109,0.8606612685560053,0.9020696794431918,5050
"[{'X'}, {'W'}, {'Z'}, {'M'}]",0.32618123065795923,134,0.8627756738694587,0.9020696794431918,5050
"[{'M'}, {'M'}, {'T'}, {'O'}]",0.3260660470273521,132,0.8627180899908172,0.9020696794431918,5050
"[{'X'}, {'V'}, {'P'}, {'P'}]",0.32599695713062515,113,0.8612155388471178,0.9020696794431918,5050
"[{'W'}, {'N'}, {'V'}, {'Y'}]",0.3259597034043137,125,0.86226318484383,0.9020696794431918,5050
"[{'M'}, {'Z'}, {'V'}, {'P'}]",0.32593236673366155,120,0.8618769145084935,0.9020696794431918,5050
"[{'U'}, {'M'}, {'M'}, {'T'}]",0.32591591152918187,100,0.8600164203612479,0.9020696794431918,5050
"[{'V'}, {'P'}, {'T'}, {'Z'}]",0.32580829889523777,106,0.8607142857142857,0.9020696794431918,5050
"[{'M'}, {'V'}, {'M'}, {'Z'}]",0.3257580828082547,128,0.8626588465298143,0.9020696794431918,5050
"[{'W'}, {'Z'}, {'V'}, {'V'}]",0.32572779095060556,125,0.8624487704918034,0.9020696794431918,5050
"[{'Z'}, {'V'}, {'X'}, {'P'}]",0.3256712833447579,123,0.8623342175066313,0.9020696794431918,5050
"[{'M'}, {'N'}, {'M'}, {'U'}]",0.3255536697348508,122,0.8623481781376519,0.9020696794431918,5050
"[{'W'}, {'Z'}, {'M'}, {'U'}]",0.32552995488602354,111,0.8614183474300586,0.9020696794431918,5050
"[{'N'}, {'M'}, {'Z'}, {'Y'}]",0.32552871309556386,124,0.8625294579732913,0.9020696794431918,5050
"[{'M'}, {'W'}, {'V'}, {'U'}]",0.32551993772995236,101,0.8604559748427674,0.9020696794431918,5050
"[{'X'}, {'P'}, {'Y'}, {'V'}]",0.3254798944072107,116,0.861904761904762,0.9020696794431918,5050
"[{'M'}, {'P'}, {'M'}, {'N'}]",0.32547098625656556,122,0.8624151967435549,0.9020696794431918,5050
"[{'T'}, {'X'}, {'W'}, {'P'}]",0.3254652375623541,112,0.8615629984051036,0.9020696794431918,5050
"[{'Z'}, {'U'}, {'T'}, {'V'}]",0.325432300778261,124,0.862607338017174,0.9020696794431918,5050
"[{'N'}, {'M'}, {'T'}, {'U'}]",0.3254153219348721,128,0.8629329403095063,0.9020696794431918,5050
"[{'W'}, {'T'}, {'P'}, {'Y'}]",0.32538102624823084,114,0.8618113912231558,0.9020696794431918,5050
"[{'O'}, {'M'}, {'N'}, {'T'}, {'X'}]",0.3253260044176991,22,0.7768595041322314,0.9020696794431918,5050
"[{'U'}, {'N'}, {'N'}, {'W'}, {'V'}]",0.3253260044176991,22,0.7768595041322314,0.9020696794431918,5050
"[{'Y'}, {'V'}, {'X'}, {'V'}]",0.32514288658788026,98,0.8604651162790697,0.9020696794431918,5050
"[{'P'}, {'P'}, {'T'}, {'W'}]",0.3250494204654465,115,0.8621736490588949,0.9020696794431918,5050
"[{'T'}, {'V'}, {'P'}, {'X'}]",0.3250194232472522,114,0.8621114188981225,0.9020696794431918,5050
"[{'Z'}, {'U'}, {'M'}, {'T'}]",0.32497265569418776,108,0.8616071428571429,0.9020696794431918,5050
"[{'O'}, {'O'}, {'T'}, {'Z'}]",0.3249499914089361,126,0.8631552419354839,0.9020696794431918,5050
"[{'X'}, {'O'}, {'O'}, {'T'}]",0.32488742043599284,136,0.8639411637464849,0.9020696794431918,5050
"[{'Y'}, {'V'}, {'P'}, {'W'}]",0.3248586110528836,112,0.8620689655172413,0.9020696794431918,5050
"[{'W'}, {'Z'}, {'T'}, {'P'}]",0.3248466342512386,128,0.8633919843597263,0.9020696794431918,5050
"[{'T'}, {'T'}, {'V'}, {'V'}]",0.3247384202357054,108,0.8618055555555556,0.9020696794431918,5050
"[{'U'}, {'M'}, {'X'}, {'Z'}]",0.32467397141431764,109,0.8619528619528619,0.9020696794431918,5050
"[{'O'}, {'Z'}, {'M'}, {'N'}]",0.3246183797244151,126,0.8634259259259259,0.9020696794431918,5050
"[{'X'}, {'T'}, {'T'}, {'T'}]",0.32458100348404273,125,0.8633795582948125,0.9020696794431918,5050
"[{'M'}, {'T'}, {'Y'}, {'O'}]",0.3245787685178576,140,0.8644621351296183,0.9020696794431918,5050
"[{'T'}, {'M'}, {'X'}, {'V'}]",0.32457121252439425,120,0.8629908103592314,0.9020696794431918,5050
"[{'T'}, {'P'}, {'T'}, {'X'}]",0.3245460746699089,118,0.8628472222222222,0.9020696794431918,5050
"[{'T'}, {'O'}, {'Y'}, {'X'}]",0.3244872420802388,136,0.8642622950819672,0.9020696794431918,5050
"[{'Y'}, {'X'}, {'M'}, {'Y'}]",0.3243763568331193,123,0.8633923778851316,0.9020696794431918,5050
"[{'M'}, {'M'}, {'X'}, {'V'}]",0.32434225385575954,120,0.8631813125695217,0.9020696794431918,5050
"[{'M'}, {'Z'}, {'T'}, {'P'}]",0.32433763280023087,115,0.8627692307692307,0.9020696794431918,5050
"[{'T'}, {'Z'}, {'W'}, {'V'}]",0.32410310750068305,118,0.8632183908045977,0.9020696794431918,5050
"[{'X'}, {'M'}, {'V'}, {'Z'}]",0.32409007292390046,124,0.8637079831932774,0.9020696794431918,5050
"[{'U'}, {'T'}, {'N'}, {'V'}]",0.32392614799581143,116,0.8632019115890084,0.9020696794431918,5050
"[{'X'}, {'U'}, {'Y'}, {'X'}]",0.3238639358644887,129,0.8642719382835101,0.9020696794431918,5050
"[{'X'}, {'X'}, {'P'}, {'P'}, {'V'}]",0.3238386412655634,30,0.787037037037037,0.9020696794431918,5050
"[{'O'}, {'M'}, {'W'}, {'W'}]",0.323818186015182,109,0.8626855600539811,0.9020696794431918,5050
"[{'P'}, {'Z'}, {'W'}, {'M'}, {'U'}]",0.32381379500548135,22,0.7777777777777778,0.9020696794431918,5050
"[{'M'}, {'U'}, {'W'}, {'O'}]",0.3237991142426656,130,0.8643984220907298,0.9020696794431918,5050
"[{'U'}, {'X'}, {'Y'}, {'O'}]",0.3237485043451066,135,0.8647936786654961,0.9020696794431918,5050
"[{'V'}, {'O'}, {'Z'}, {'T'}]",0.3236756134423836,111,0.862987012987013,0.9020696794431918,5050
"[{'N'}, {'U'}, {'T'}, {'Z'}]",0.3234493898282321,123,0.864167995746943,0.9020696794431918,5050
"[{'U'}, {'Z'}, {'U'}, {'X'}]",0.3233414057840326,119,0.8639455782312925,0.9020696794431918,5050
"[{'Z'}, {'P'}, {'P'}, {'U'}, {'N'}]",0.3233192506920751,30,0.7873303167420814,0.9020696794431918,5050
"[{'X'}, {'M'}, {'T'}, {'T'}]",0.323310016169999,124,0.8643623985336476,0.9020696794431918,5050
"[{'W'}, {'V'}, {'V'}, {'U'}]",0.3232323988211392,120,0.8641183035714285,0.9020696794431918,5050
"[{'T'}, {'W'}, {'U'}, {'W'}, {'P'}]",0.3231978649024084,25,0.7820512820512819,0.9020696794431918,5050
"[{'Z'}, {'Y'}, {'X'}, {'V'}]",0.3228681004992242,122,0.8645861601085482,0.9020696794431918,5050
"[{'Z'}, {'P'}, {'U'}, {'W'}]",0.3227695274350574,118,0.8643578643578643,0.9020696794431918,5050
"[{'O'}, {'Y'}, {'P'}, {'W'}]",0.3227121049217003,117,0.8643274853801169,0.9020696794431918,5050
"[{'X'}, {'P'}, {'M'}, {'U'}]",0.3227121049217002,117,0.864327485380117,0.9020696794431918,5050
"[{'N'}, {'T'}, {'U'}, {'Y'}]",0.32258131454090344,147,0.8665286144578314,0.9020696794431918,5050
"[{'P'}, {'V'}, {'X'}, {'U'}]",0.3225159101495675,123,0.8649654439128124,0.9020696794431918,5050
"[{'U'}, {'M'}, {'M'}, {'O'}]",0.32247937801256443,99,0.8629296235679215,0.9020696794431918,5050
"[{'T'}, {'T'}, {'N'}, {'X'}]",0.32247350973625744,110,0.8639523336643495,0.9020696794431918,5050
"[{'W'}, {'M'}, {'M'}, {'V'}]",0.3224735097362573,110,0.8639523336643496,0.9020696794431918,5050
"[{'M'}, {'M'}, {'U'}, {'M'}]",0.3224553766453242,118,0.8646313364055299,0.9020696794431918,5050
"[{'U'}, {'N'}, {'T'}, {'Y'}]",0.32243336965098657,133,0.8657534246575342,0.9020696794431918,5050
"[{'T'}, {'T'}, {'N'}, {'O'}]",0.3224024474684838,105,0.8635703918722787,0.9020696794431918,5050
"[{'M'}, {'T'}, {'Y'}, {'T'}]",0.32232753980020723,116,0.8645833333333333,0.9020696794431918,5050
"[{'Z'}, {'T'}, {'Y'}, {'N'}]",0.32231467108628753,113,0.8643483709273183,0.9020696794431918,5050
"[{'X'}, {'W'}, {'P'}, {'Y'}]",0.3223089678574903,112,0.8642695173307419,0.9020696794431918,5050
"[{'X'}, {'O'}, {'W'}, {'W'}]",0.32226013314459045,125,0.8653353814644137,0.9020696794431918,5050
"[{'U'}, {'O'}, {'P'}, {'Y'}]",0.3221983750368691,123,0.8652406417112299,0.9020696794431918,5050
"[{'X'}, {'V'}, {'M'}, {'X'}]",0.3221866536369422,139,0.8663594470046083,0.9020696794431918,5050
"[{'P'}, {'M'}, {'W'}, {'U'}]",0.3221564735961002,119,0.8649717514124294,0.9020696794431918,5050
"[{'O'}, {'Z'}, {'P'}, {'M'}]",0.3221417188450405,107,0.863986013986014,0.9020696794431918,5050
"[{'M'}, {'O'}, {'M'}, {'V'}]",0.3220874792702937,106,0.8639455782312925,0.9020696794431918,5050
"[{'T'}, {'Z'}, {'V'}, {'W'}]",0.3219470446622048,140,0.8666258169934641,0.9020696794431918,5050
"[{'M'}, {'T'}, {'Y'}, {'M'}]",0.321927023091537,107,0.8641801548205489,0.9020696794431918,5050
"[{'V'}, {'N'}, {'U'}, {'Z'}]",0.3218529059782713,115,0.8649230769230769,0.9020696794431918,5050
"[{'X'}, {'M'}, {'X'}, {'X'}]",0.3217383778876224,133,0.8663479052823316,0.9020696794431918,5050
"[{'T'}, {'P'}, {'X'}, {'U'}]",0.32172043709303555,112,0.8647959183673469,0.9020696794431918,5050
"[{'N'}, {'V'}, {'M'}, {'T'}]",0.3216780888940888,108,0.8644939965694682,0.9020696794431918,5050
"[{'X'}, {'O'}, {'N'}, {'O'}]",0.32164847763443427,120,0.8654970760233919,0.9020696794431918,5050
"[{'T'}, {'P'}, {'Y'}, {'M'}]",0.32161073958455344,101,0.8639215686274511,0.9020696794431918,5050
"[{'N'}, {'N'}, {'M'}, {'U'}]",0.32154085554683165,128,0.8661764705882353,0.9020696794431918,5050
"[{'P'}, {'V'}, {'T'}, {'Z'}]",0.32151461464088316,113,0.8650641025641026,0.9020696794431918,5050
"[{'T'}, {'N'}, {'M'}, {'T'}]",0.3214494332397666,126,0.8661152752649264,0.9020696794431918,5050
"[{'U'}, {'M'}, {'V'}, {'O'}]",0.32144940691345836,106,0.8645276292335116,0.9020696794431918,5050
"[{'T'}, {'X'}, {'V'}, {'Z'}]",0.32137352083650494,107,0.8646853146853147,0.9020696794431918,5050
"[{'T'}, {'T'}, {'Z'}, {'W'}]",0.32131240895270274,117,0.8655660377358491,0.9020696794431918,5050
"[{'T'}, {'M'}, {'X'}, {'U'}]",0.32121409806883583,111,0.8651721897335932,0.9020696794431918,5050
"[{'U'}, {'V'}, {'V'}, {'T'}]",0.32121018341525165,126,0.8663265306122448,0.9020696794431918,5050
"[{'M'}, {'T'}, {'P'}, {'V'}]",0.32120241863358046,113,0.8653471771576898,0.9020696794431918,5050
"[{'O'}, {'W'}, {'X'}, {'Y'}]",0.32119003431376913,138,0.8671477079796265,0.9020696794431918,5050
"[{'N'}, {'M'}, {'M'}, {'V'}]",0.3211184258551564,111,0.8652597402597402,0.9020696794431918,5050
"[{'P'}, {'X'}, {'M'}, {'V'}]",0.3210634352882774,106,0.8648841354723708,0.9020696794431918,5050
"[{'T'}, {'M'}, {'U'}, {'X'}]",0.3208631671344445,115,0.8658166363084396,0.9020696794431918,5050
"[{'M'}, {'T'}, {'P'}, {'U'}]",0.32085772721536754,113,0.8656622724419335,0.9020696794431918,5050
"[{'O'}, {'Z'}, {'W'}, {'V'}]",0.3206624799970902,117,0.8661556603773585,0.9020696794431918,5050
"[{'W'}, {'O'}, {'Y'}, {'X'}]",0.32063432284274196,114,0.8659476117103235,0.9020696794431918,5050
"[{'V'}, {'N'}, {'X'}, {'Z'}]",0.32062740440529713,118,0.8662640207075064,0.9020696794431918,5050
"[{'U'}, {'M'}, {'X'}, {'M'}]",0.3206167223400771,101,0.8648542159180457,0.9020696794431918,5050
"[{'W'}, {'V'}, {'X'}, {'P'}]",0.3206159567401563,128,0.8669950738916256,0.9020696794431918,5050
"[{'W'}, {'X'}, {'M'}, {'P'}]",0.32059712532448614,115,0.8660606060606061,0.9020696794431918,5050
"[{'P'}, {'X'}, {'Z'}, {'V'}]",0.3205284242585923,126,0.8669354838709677,0.9020696794431918,5050
"[{'X'}, {'O'}, {'U'}, {'X'}]",0.32052561435143867,140,0.8678513071895425,0.9020696794431918,5050
"[{'W'}, {'T'}, {'M'}, {'T'}]",0.3205240112449438,114,0.8660493827160494,0.9020696794431918,5050
"[{'Y'}, {'T'}, {'X'}, {'N'}]",0.32051985211222866,100,0.8648538961038961,0.9020696794431918,5050
"[{'U'}, {'O'}, {'O'}, {'T'}]",0.3205111492340603,122,0.8666666666666667,0.9020696794431918,5050
"[{'V'}, {'X'}, {'Y'}, {'X'}]",0.3204007095782242,110,0.865841418534627,0.9020696794431918,5050
"[{'P'}, {'M'}, {'T'}, {'Z'}]",0.3203598108915585,108,0.8657132891524241,0.9020696794431918,5050
"[{'Z'}, {'M'}, {'O'}, {'T'}]",0.3202795565869009,111,0.8660365058670143,0.9020696794431918,5050
"[{'W'}, {'N'}, {'U'}, {'W'}]",0.3202746177301693,128,0.8673020527859238,0.9020696794431918,5050
"[{'Y'}, {'X'}, {'P'}, {'V'}]",0.3202518113884417,118,0.8666087962962963,0.9020696794431918,5050
"[{'M'}, {'V'}, {'Z'}, {'U'}]",0.32020942207717296,120,0.8667964404894327,0.9020696794431918,5050
"[{'X'}, {'Z'}, {'P'}, {'T'}]",0.32018989589343794,104,0.865530303030303,0.9020696794431918,5050
"[{'M'}, {'T'}, {'X'}, {'V'}]",0.3201738320660149,103,0.8654572940287226,0.9020696794431918,5050
"[{'V'}, {'O'}, {'M'}, {'Z'}]",0.320147689716224,118,0.866704969836254,0.9020696794431918,5050
"[{'V'}, {'N'}, {'U'}, {'U'}]",0.3201149800401625,122,0.8670284938941655,0.9020696794431918,5050
"[{'O'}, {'Z'}, {'N'}, {'V'}]",0.3201121506601353,116,0.8665865384615384,0.9020696794431918,5050
"[{'W'}, {'N'}, {'M'}, {'T'}]",0.32005363984190915,105,0.8657474600870827,0.9020696794431918,5050
"[{'Y'}, {'M'}, {'Z'}, {'T'}]",0.3199412834110278,133,0.8679330619629128,0.9020696794431918,5050
"[{'W'}, {'Z'}, {'W'}, {'P'}]",0.3199215966236497,122,0.8672064777327936,0.9020696794431918,5050
"[{'V'}, {'W'}, {'W'}, {'W'}]",0.31989851270534586,128,0.8676434676434677,0.9020696794431918,5050
"[{'T'}, {'W'}, {'Y'}, {'O'}]",0.3198463230230292,123,0.8673469387755102,0.9020696794431918,5050
"[{'X'}, {'O'}, {'Y'}, {'Z'}]",0.3198397644067852,114,0.8666871921182266,0.9020696794431918,5050
"[{'N'}, {'T'}, {'Y'}, {'T'}]",0.3198207421025926,127,0.8676470588235293,0.9020696794431918,5050
"[{'M'}, {'V'}, {'M'}, {'T'}]",0.3197871124996239,116,0.8668900395979288,0.9020696794431918,5050
"[{'X'}, {'T'}, {'Y'}, {'M'}]",0.31977192412570676,115,0.8668280871670702,0.9020696794431918,5050
"[{'M'}, {'Y'}, {'Z'}, {'T'}, {'P'}]",0.3197641984741232,21,0.7788461538461537,0.9020696794431918,5050
"[{'T'}, {'Y'}, {'O'}, {'O'}]",0.31962101817425215,108,0.8664148351648351,0.9020696794431918,5050
"[{'M'}, {'N'}, {'M'}, {'Z'}]",0.31959303946271667,132,0.8681849551414769,0.9020696794431918,5050
"[{'X'}, {'U'}, {'P'}, {'M'}]",0.31948764944749464,120,0.8674665178571429,0.9020696794431918,5050
"[{'T'}, {'T'}, {'M'}, {'W'}]",0.31948479478084457,106,0.8663793103448275,0.9020696794431918,5050
"[{'Y'}, {'P'}, {'M'}, {'P'}]",0.3194678129611557,103,0.8661387631975868,0.9020696794431918,5050
"[{'W'}, {'Z'}, {'O'}, {'T'}]",0.319455710154091,129,0.8681159420289855,0.9020696794431918,5050
"[{'O'}, {'W'}, {'P'}, {'Y'}]",0.31943958146524154,119,0.8674392312040701,0.9020696794431918,5050
"[{'T'}, {'U'}, {'Z'}, {'X'}]",0.3194155733441897,124,0.867816091954023,0.9020696794431918,5050
"[{'O'}, {'X'}, {'P'}, {'M'}]",0.3193856336602735,111,0.8668831168831169,0.9020696794431918,5050
"[{'M'}, {'U'}, {'P'}, {'X'}]",0.3193555222588582,145,0.8691838291380625,0.9020696794431918,5050
"[{'P'}, {'X'}, {'Z'}, {'W'}]",0.31933747184727757,117,0.8673887587822015,0.9020696794431918,5050
"[{'V'}, {'N'}, {'T'}, {'W'}]",0.31930358919274415,109,0.8668018931710615,0.9020696794431918,5050
"[{'P'}, {'X'}, {'Z'}, {'Y'}]",0.3192870541115028,116,0.8673621460506705,0.9020696794431918,5050
"[{'T'}, {'U'}, {'P'}, {'Y'}]",0.31918088073976614,127,0.8682382133995038,0.9020696794431918,5050
"[{'W'}, {'W'}, {'N'}, {'M'}]",0.31917297723256766,122,0.8679042238364272,0.9020696794431918,5050
"[{'P'}, {'T'}, {'W'}, {'O'}]",0.31915401489933704,129,0.8683950617283951,0.9020696794431918,5050
"[{'Z'}, {'P'}, {'N'}, {'U'}]",0.3188206276470946,110,0.8673504273504273,0.9020696794431918,5050
"[{'M'}, {'U'}, {'W'}, {'Z'}]",0.31878488354247203,121,0.8682019977802441,0.9020696794431918,5050
"[{'O'}, {'X'}, {'P'}, {'Z'}]",0.3186916949441657,133,0.86908014571949,0.9020696794431918,5050
"[{'O'}, {'U'}, {'U'}, {'N'}, {'O'}]",0.31867163083995265,22,0.780952380952381,0.9020696794431918,5050
"[{'X'}, {'M'}, {'P'}, {'X'}]",0.31858698555309595,133,0.8691780821917808,0.9020696794431918,5050
"[{'U'}, {'N'}, {'O'}, {'Z'}]",0.3185531616721141,114,0.8679187192118226,0.9020696794431918,5050
"[{'U'}, {'O'}, {'N'}, {'T'}]",0.3185254027284201,121,0.8684503901895206,0.9020696794431918,5050
"[{'M'}, {'N'}, {'T'}, {'W'}]",0.31852490751950624,138,0.8695378151260504,0.9020696794431918,5050
"[{'O'}, {'T'}, {'W'}, {'V'}]",0.3184899972756906,130,0.8690814393939393,0.9020696794431918,5050
"[{'P'}, {'O'}, {'N'}, {'W'}]",0.31848724004323825,140,0.8696895424836601,0.9020696794431918,5050
"[{'U'}, {'Z'}, {'T'}, {'V'}]",0.3184851027050244,117,0.8682057276446522,0.9020696794431918,5050
"[{'Y'}, {'O'}, {'P'}, {'P'}]",0.31845700678873967,119,0.8683760683760684,0.9020696794431918,5050
"[{'T'}, {'T'}, {'Y'}, {'P'}]",0.31844194255202485,116,0.8681749622926094,0.9020696794431918,5050
"[{'Z'}, {'X'}, {'M'}, {'T'}]",0.31841624829330617,134,0.869399641577061,0.9020696794431918,5050
"[{'W'}, {'Y'}, {'X'}, {'M'}]",0.31841084090304783,115,0.8681318681318682,0.9020696794431918,5050
"[{'W'}, {'Z'}, {'W'}, {'X'}]",0.3184099133635311,132,0.8692825632690968,0.9020696794431918,5050
"[{'M'}, {'N'}, {'W'}, {'T'}]",0.31836304964927375,128,0.8690739376074674,0.9020696794431918,5050
"[{'W'}, {'Y'}, {'P'}, {'V'}]",0.31834367551635967,117,0.8683431952662722,0.9020696794431918,5050
"[{'M'}, {'U'}, {'P'}, {'T'}]",0.3183365881460165,143,0.87,0.9020696794431918,5050
"[{'X'}, {'Y'}, {'Y'}, {'W'}]",0.3182179060264897,125,0.8690169840452907,0.9020696794431918,5050
"[{'X'}, {'Z'}, {'X'}, {'P'}]",0.3182087130477266,120,0.8686868686868687,0.9020696794431918,5050
"[{'W'}, {'X'}, {'P'}, {'M'}]",0.31817908966754316,112,0.8681353767560664,0.9020696794431918,5050
"[{'M'}, {'T'}, {'V'}, {'M'}]",0.3180887171069987,118,0.8686635944700462,0.9020696794431918,5050
"[{'X'}, {'N'}, {'W'}, {'W'}]",0.31807234333150314,119,0.8687499999999999,0.9020696794431918,5050
"[{'O'}, {'P'}, {'M'}, {'W'}]",0.31805117174955433,115,0.8684848484848485,0.9020696794431918,5050
"[{'M'}, {'X'}, {'U'}, {'U'}]",0.31804950912518803,121,0.8689107827038861,0.9020696794431918,5050
"[{'P'}, {'X'}, {'N'}, {'V'}]",0.3180470997933267,130,0.8695025234318674,0.9020696794431918,5050
"[{'M'}, {'X'}, {'U'}, {'Y'}]",0.3180387109278764,120,0.8688524590163934,0.9020696794431918,5050
"[{'U'}, {'Y'}, {'T'}, {'N'}]",0.31798984984122114,116,0.8686178861788618,0.9020696794431918,5050
"[{'V'}, {'M'}, {'T'}, {'Y'}]",0.31796030027383715,107,0.8679653679653679,0.9020696794431918,5050
"[{'V'}, {'T'}, {'M'}, {'X'}]",0.3179169034163343,116,0.8686899038461537,0.9020696794431918,5050
"[{'U'}, {'X'}, {'P'}, {'Y'}]",0.3178803809404068,136,0.8700259515570934,0.9020696794431918,5050
"[{'T'}, {'P'}, {'N'}, {'P'}]",0.3178757151491818,107,0.8680506685432794,0.9020696794431918,5050
"[{'M'}, {'Y'}, {'M'}, {'Y'}]",0.3178478049199114,102,0.8676697530864198,0.9020696794431918,5050
"[{'O'}, {'T'}, {'N'}, {'N'}]",0.31779436662695937,124,0.869361147327249,0.9020696794431918,5050
"[{'W'}, {'U'}, {'N'}, {'W'}]",0.31778153603747183,112,0.868531018964963,0.9020696794431918,5050
"[{'M'}, {'N'}, {'P'}, {'X'}]",0.3177143672677789,130,0.8698224852071006,0.9020696794431918,5050
"[{'P'}, {'X'}, {'M'}, {'X'}]",0.31770200978986185,98,0.8674749163879598,0.9020696794431918,5050
"[{'V'}, {'U'}, {'P'}, {'Z'}]",0.31768067338888983,119,0.8691351045788581,0.9020696794431918,5050
"[{'W'}, {'Z'}, {'M'}, {'P'}]",0.3176087078622756,106,0.8682420336555675,0.9020696794431918,5050
"[{'O'}, {'T'}, {'W'}, {'M'}]",0.31749227301810856,121,0.8694581280788176,0.9020696794431918,5050
"[{'Z'}, {'O'}, {'O'}, {'W'}]",0.31746690174324854,133,0.8702445652173914,0.9020696794431918,5050
"[{'V'}, {'M'}, {'P'}, {'M'}]",0.3174540637950053,116,0.869150521609538,0.9020696794431918,5050
"[{'V'}, {'V'}, {'U'}, {'V'}]",0.31740243390471956,109,0.8686868686868686,0.9020696794431918,5050
"[{'Y'}, {'O'}, {'O'}, {'Z'}]",0.3173265446255553,126,0.8699494949494949,0.9020696794431918,5050
"[{'Z'}, {'Z'}, {'T'}, {'T'}]",0.3173166132709291,120,0.8695652173913043,0.9020696794431918,5050
"[{'O'}, {'W'}, {'T'}, {'W'}]",0.31724943067466127,131,0.8703358208955223,0.9020696794431918,5050
"[{'O'}, {'W'}, {'P'}, {'W'}]",0.3172400554220608,123,0.8698412698412697,0.9020696794431918,5050
"[{'U'}, {'M'}, {'V'}, {'U'}, {'U'}]",0.317105849551815,25,0.7857142857142857,0.9020696794431918,5050
"[{'W'}, {'W'}, {'M'}, {'X'}]",0.31709011465625103,129,0.8703703703703702,0.9020696794431918,5050
"[{'W'}, {'X'}, {'V'}, {'Y'}]",0.31708180053050794,131,0.8705002337540907,0.9020696794431918,5050
"[{'Y'}, {'V'}, {'P'}, {'T'}]",0.3170738333365425,109,0.869023569023569,0.9020696794431918,5050
"[{'T'}, {'W'}, {'T'}, {'Y'}]",0.3170315518567892,118,0.8697152717860224,0.9020696794431918,5050
"[{'Y'}, {'N'}, {'M'}, {'Z'}]",0.31701459507757157,119,0.8698005698005697,0.9020696794431918,5050
"[{'M'}, {'M'}, {'M'}, {'U'}]",0.3169786456305381,118,0.8697688030436055,0.9020696794431918,5050
"[{'M'}, {'Z'}, {'U'}, {'M'}]",0.316884893062245,98,0.8683333333333333,0.9020696794431918,5050
"[{'Z'}, {'X'}, {'U'}, {'P'}]",0.31688382474431553,120,0.87,0.9020696794431918,5050
"[{'W'}, {'X'}, {'U'}, {'X'}]",0.3168736363674154,112,0.8694525429219306,0.9020696794431918,5050
"[{'U'}, {'Y'}, {'T'}, {'V'}]",0.316840974784806,122,0.8701754385964913,0.9020696794431918,5050
"[{'P'}, {'W'}, {'W'}, {'T'}]",0.3168150456093741,122,0.8702016017674676,0.9020696794431918,5050
"[{'X'}, {'M'}, {'N'}, {'P'}]",0.31675077236444815,134,0.8710038005812654,0.9020696794431918,5050
"[{'Y'}, {'O'}, {'M'}, {'U'}]",0.31673712982842994,108,0.8692967409948542,0.9020696794431918,5050
"[{'M'}, {'N'}, {'T'}, {'P'}]",0.3167088978980237,120,0.8701774148127288,0.9020696794431918,5050
"[{'N'}, {'X'}, {'M'}, {'Z'}]",0.31670672917790266,132,0.870930501039021,0.9020696794431918,5050
"[{'T'}, {'Z'}, {'Y'}, {'T'}]",0.31670454249901003,121,0.8702479338842976,0.9020696794431918,5050
"[{'V'}, {'P'}, {'Y'}, {'V'}]",0.31667182112722325,118,0.8700810185185185,0.9020696794431918,5050
"[{'Z'}, {'W'}, {'M'}, {'W'}]",0.31666039728058293,99,0.8686579378068741,0.9020696794431918,5050
"[{'Z'}, {'T'}, {'P'}, {'P'}]",0.3165624827124992,116,0.8700564971751412,0.9020696794431918,5050
"[{'U'}, {'Z'}, {'Y'}, {'P'}]",0.3164973544523404,123,0.8705882352941177,0.9020696794431918,5050
"[{'X'}, {'Z'}, {'W'}, {'T'}]",0.3164522557934979,108,0.8695952957454167,0.9020696794431918,5050
"[{'W'}, {'W'}, {'X'}, {'X'}]",0.31644152046507157,127,0.8708955223880597,0.9020696794431918,5050
"[{'X'}, {'V'}, {'U'}, {'Z'}]",0.31642662543084643,109,0.8696969696969696,0.9020696794431918,5050
"[{'V'}, {'X'}, {'P'}, {'M'}]",0.31640147292304877,115,0.8701538461538463,0.9020696794431918,5050
"[{'T'}, {'M'}, {'Y'}, {'X'}]",0.31623100085691247,114,0.8702619414483822,0.9020696794431918,5050
"[{'X'}, {'M'}, {'N'}, {'M'}]",0.3161992684077505,121,0.8707650273224044,0.9020696794431918,5050
"[{'P'}, {'O'}, {'T'}, {'Z'}]",0.3161272732933763,113,0.8703007518796994,0.9020696794431918,5050
"[{'P'}, {'O'}, {'O'}, {'T'}]",0.31612137012396047,152,0.8725761772853186,0.9020696794431918,5050
"[{'W'}, {'P'}, {'W'}, {'M'}]",0.31610027206794555,114,0.8703990102072379,0.9020696794431918,5050
"[{'T'}, {'T'}, {'U'}, {'X'}]",0.31606535619012377,124,0.87109375,0.9020696794431918,5050
"[{'W'}, {'V'}, {'W'}, {'V'}, {'O'}]",0.31603345440585306,26,0.7875,0.9020696794431918,5050
"[{'M'}, {'P'}, {'M'}, {'U'}]",0.3159450371226734,117,0.8707664884135472,0.9020696794431918,5050
"[{'O'}, {'Z'}, {'Z'}, {'Z'}]",0.3159275642307726,111,0.8703703703703703,0.9020696794431918,5050
"[{'W'}, {'T'}, {'N'}, {'T'}]",0.3158949815487212,110,0.8703333333333333,0.9020696794431918,5050
"[{'N'}, {'O'}, {'T'}, {'W'}]",0.3158768375646549,140,0.8722084367245657,0.9020696794431918,5050
"[{'N'}, {'O'}, {'X'}, {'X'}]",0.3157792789730963,132,0.8718656544743502,0.9020696794431918,5050
"[{'N'}, {'T'}, {'M'}, {'X'}]",0.3157722094365214,117,0.8709483793517406,0.9020696794431918,5050
"[{'V'}, {'X'}, {'X'}, {'V'}]",0.31569081339258476,116,0.8709677419354839,0.9020696794431918,5050
"[{'X'}, {'M'}, {'U'}, {'P'}]",0.3156710876700193,119,0.8711864406779661,0.9020696794431918,5050
"[{'T'}, {'Y'}, {'U'}, {'N'}]",0.3156016886624219,129,0.8718750000000001,0.9020696794431918,5050
"[{'X'}, {'Z'}, {'U'}, {'X'}]",0.31555191301930097,125,0.8716883116883117,0.9020696794431918,5050
"[{'U'}, {'Z'}, {'W'}, {'M'}]",0.3155492648631415,119,0.8713151927437642,0.9020696794431918,5050
"[{'V'}, {'U'}, {'Y'}, {'N'}]",0.31554083182308157,112,0.8708545918367347,0.9020696794431918,5050
"[{'T'}, {'M'}, {'U'}, {'P'}]",0.3155193339829332,105,0.8703703703703703,0.9020696794431918,5050
"[{'U'}, {'M'}, {'V'}, {'M'}]",0.3154602901143819,108,0.870657034743722,0.9020696794431918,5050
"[{'P'}, {'T'}, {'Y'}, {'W'}]",0.3154307082738619,123,0.8716931216931216,0.9020696794431918,5050
"[{'W'}, {'X'}, {'N'}, {'W'}]",0.3154297393429185,116,0.871245911388641,0.9020696794431918,5050
"[{'Z'}, {'V'}, {'T'}, {'X'}]",0.3154067166845793,127,0.8719602977667493,0.9020696794431918,5050
"[{'W'}, {'P'}, {'N'}, {'U'}]",0.315362994200036,92,0.8694826767916469,0.9020696794431918,5050
"[{'N'}, {'O'}, {'U'}, {'W'}]",0.31535275657247375,126,0.8719574036511156,0.9020696794431918,5050
"[{'Z'}, {'X'}, {'V'}, {'M'}]",0.31534370757018193,119,0.8715336728919072,0.9020696794431918,5050
"[{'O'}, {'W'}, {'Z'}, {'N'}]",0.31532857275677817,117,0.8714202220923436,0.9020696794431918,5050
"[{'U'}, {'P'}, {'T'}, {'Y'}]",0.3153230828605187,111,0.8710201429499674,0.9020696794431918,5050
"[{'P'}, {'V'}, {'P'}, {'P'}]",0.31531122256141153,112,0.8711025393764064,0.9020696794431918,5050
"[{'M'}, {'U'}, {'Y'}, {'X'}]",0.3153110880412272,138,0.8726773648648649,0.9020696794431918,5050
"[{'U'}, {'X'}, {'N'}, {'X'}]",0.3153045637620855,103,0.8704545454545455,0.9020696794431918,5050
"[{'P'}, {'X'}, {'V'}, {'X'}]",0.31521762328539005,121,0.8717948717948717,0.9020696794431918,5050
"[{'O'}, {'Y'}, {'X'}, {'U'}]",0.3152078676472293,119,0.8716789146410402,0.9020696794431918,5050
"[{'Z'}, {'P'}, {'Z'}, {'P'}]",0.31515325388270843,116,0.8715432649420161,0.9020696794431918,5050
"[{'V'}, {'P'}, {'O'}, {'M'}]",0.31511059330829205,107,0.8709677419354839,0.9020696794431918,5050
"[{'Z'}, {'W'}, {'V'}, {'Y'}]",0.31510761423739264,106,0.8708979444644789,0.9020696794431918,5050
"[{'M'}, {'V'}, {'U'}, {'P'}, {'N'}]",0.31509791340536963,21,0.7818181818181819,0.9020696794431918,5050
"[{'Y'}, {'Y'}, {'V'}, {'V'}, {'Y'}]",0.31509791340536963,21,0.7818181818181819,0.9020696794431918,5050
"[{'P'}, {'M'}, {'V'}, {'T'}]",0.3150495064484964,122,0.8720366379310345,0.9020696794431918,5050
"[{'W'}, {'O'}, {'V'}, {'T'}]",0.31499498555415617,117,0.8717798594847774,0.9020696794431918,5050
"[{'X'}, {'O'}, {'X'}, {'N'}]",0.3149945733216326,133,0.8727355072463768,0.9020696794431918,5050
"[{'O'}, {'Y'}, {'V'}, {'O'}, {'M'}]",0.3149501112136872,23,0.7846153846153846,0.9020696794431918,5050
"[{'Y'}, {'Y'}, {'T'}, {'Y'}, {'Y'}]",0.3149023136685146,22,0.7833333333333333,0.9020696794431918,5050
"[{'P'}, {'W'}, {'Z'}, {'N'}, {'W'}]",0.3149023136685146,22,0.7833333333333333,0.9020696794431918,5050
"[{'U'}, {'Y'}, {'O'}, {'X'}]",0.31487340615997383,129,0.872639225181598,0.9020696794431918,5050
"[{'W'}, {'P'}, {'Y'}, {'X'}]",0.31483662149805824,118,0.8720161058383665,0.9020696794431918,5050
"[{'W'}, {'N'}, {'X'}, {'U'}]",0.314755511769353,123,0.8724137931034484,0.9020696794431918,5050
"[{'U'}, {'V'}, {'Z'}, {'N'}]",0.31474569522629003,106,0.871301247771836,0.9020696794431918,5050
"[{'N'}, {'X'}, {'W'}, {'Y'}]",0.31473313073530007,131,0.872901119402985,0.9020696794431918,5050
"[{'U'}, {'V'}, {'U'}, {'P'}]",0.31471021048175485,111,0.8716931216931217,0.9020696794431918,5050
"[{'Y'}, {'Z'}, {'T'}, {'Y'}]",0.31470182803916524,118,0.8721631715024419,0.9020696794431918,5050
"[{'X'}, {'O'}, {'M'}, {'P'}]",0.3146879334955234,133,0.8730593607305936,0.9020696794431918,5050
"[{'Y'}, {'V'}, {'T'}, {'X'}]",0.3146696114533313,123,0.8725067385444744,0.9020696794431918,5050
"[{'Y'}, {'M'}, {'O'}, {'X'}]",0.31464215243947735,109,0.8716307277628031,0.9020696794431918,5050
"[{'T'}, {'T'}, {'Y'}, {'W'}]",0.3146104434989313,110,0.8717355371900826,0.9020696794431918,5050
"[{'T'}, {'M'}, {'T'}, {'M'}]",0.3146083234209104,116,0.872137972048766,0.9020696794431918,5050
"[{'T'}, {'Z'}, {'X'}, {'X'}]",0.31454560728036707,125,0.8727598566308244,0.9020696794431918,5050
"[{'Y'}, {'Z'}, {'U'}, {'U'}]",0.31447364363312347,118,0.8724137931034482,0.9020696794431918,5050
"[{'T'}, {'Z'}, {'Y'}, {'Y'}]",0.31447165793137644,134,0.8733438131596676,0.9020696794431918,5050
"[{'X'}, {'P'}, {'W'}, {'V'}]",0.31446576414483374,121,0.8726079825041007,0.9020696794431918,5050
"[{'X'}, {'U'}, {'M'}, {'M'}]",0.31439429840715616,122,0.8727468388485337,0.9020696794431918,5050
"[{'P'}, {'T'}, {'X'}, {'U'}]",0.31428484071185747,121,0.8728070175438597,0.9020696794431918,5050
"[{'N'}, {'M'}, {'P'}, {'P'}]",0.3142465807668471,119,0.8727272727272728,0.9020696794431918,5050
"[{'U'}, {'W'}, {'P'}, {'M'}]",0.314221976732336,105,0.8718228031953521,0.9020696794431918,5050
"[{'V'}, {'V'}, {'N'}, {'U'}]",0.31415794849803647,110,0.8722451790633609,0.9020696794431918,5050
"[{'T'}, {'W'}, {'P'}, {'Z'}]",0.31413430188829694,114,0.8725369458128079,0.9020696794431918,5050
"[{'O'}, {'W'}, {'P'}, {'T'}]",0.31409630914826037,121,0.873015873015873,0.9020696794431918,5050
"[{'T'}, {'V'}, {'Y'}, {'T'}]",0.3140618868569135,110,0.8723544973544972,0.9020696794431918,5050
"[{'M'}, {'O'}, {'T'}, {'P'}]",0.31405152881691134,127,0.8734145104008117,0.9020696794431918,5050
"[{'W'}, {'N'}, {'M'}, {'W'}]",0.31404456805135894,103,0.8718820861678005,0.9020696794431918,5050
"[{'P'}, {'Z'}, {'O'}, {'Y'}]",0.31403825386606965,120,0.8730202834120588,0.9020696794431918,5050
"[{'X'}, {'W'}, {'U'}, {'X'}]",0.3139576334510875,118,0.8729885057471264,0.9020696794431918,5050
"[{'X'}, {'N'}, {'P'}, {'M'}]",0.31395422700712894,102,0.8719135802469136,0.9020696794431918,5050
"[{'T'}, {'V'}, {'M'}, {'Y'}]",0.3139445628356462,111,0.872555410691004,0.9020696794431918,5050
"[{'U'}, {'Y'}, {'T'}, {'O'}]",0.31387908307845414,108,0.8724279835390946,0.9020696794431918,5050
"[{'X'}, {'U'}, {'X'}, {'M'}]",0.313878522004578,117,0.873015873015873,0.9020696794431918,5050
"[{'T'}, {'M'}, {'M'}, {'P'}]",0.31386664992329016,111,0.8726445743989603,0.9020696794431918,5050
"[{'Z'}, {'M'}, {'V'}, {'Z'}]",0.3138562222980913,119,0.8731638418079096,0.9020696794431918,5050
"[{'Z'}, {'Y'}, {'X'}, {'T'}]",0.3138497324376862,115,0.8729230769230769,0.9020696794431918,5050
"[{'U'}, {'N'}, {'M'}, {'Z'}]",0.3138234959429861,116,0.873015873015873,0.9020696794431918,5050
"[{'T'}, {'M'}, {'O'}, {'X'}]",0.3138145518872626,104,0.8722222222222221,0.9020696794431918,5050
"[{'Y'}, {'T'}, {'Y'}, {'O'}]",0.3137544325967192,105,0.8723636363636363,0.9020696794431918,5050
"[{'W'}, {'M'}, {'Y'}, {'T'}, {'V'}]",0.3137126047685419,20,0.78125,0.9020696794431918,5050
"[{'W'}, {'W'}, {'T'}, {'P'}]",0.3136642662493839,136,0.874322860238353,0.9020696794431918,5050
"[{'O'}, {'W'}, {'T'}, {'Z'}]",0.313598441269359,128,0.8739726027397261,0.9020696794431918,5050
"[{'P'}, {'U'}, {'T'}, {'Z'}]",0.3135961121541825,105,0.8725490196078431,0.9020696794431918,5050
"[{'T'}, {'T'}, {'Z'}, {'X'}]",0.313555307900105,123,0.8737400530503978,0.9020696794431918,5050
"[{'M'}, {'O'}, {'V'}, {'O'}]",0.3135453227848334,120,0.8735759933314811,0.9020696794431918,5050
"[{'X'}, {'N'}, {'V'}, {'P'}]",0.31348714211450446,119,0.8735827664399093,0.9020696794431918,5050
"[{'W'}, {'M'}, {'T'}, {'P'}]",0.31348663494726325,107,0.8728162124388538,0.9020696794431918,5050
"[{'M'}, {'O'}, {'N'}, {'X'}]",0.31335973858219845,119,0.8737288135593221,0.9020696794431918,5050
"[{'U'}, {'P'}, {'U'}, {'Z'}]",0.3133237084329836,123,0.8740031897926634,0.9020696794431918,5050
"[{'T'}, {'W'}, {'Z'}, {'P'}]",0.3133131219771781,110,0.8732207878186031,0.9020696794431918,5050
"[{'M'}, {'W'}, {'U'}, {'T'}]",0.31330727486460197,119,0.8737891737891738,0.9020696794431918,5050
"[{'M'}, {'W'}, {'T'}, {'T'}]",0.31330727486460197,119,0.8737891737891739,0.9020696794431918,5050
"[{'O'}, {'M'}, {'V'}, {'V'}]",0.31329650902938644,113,0.8734335839598997,0.9020696794431918,5050
"[{'V'}, {'T'}, {'T'}, {'Y'}]",0.3132541405495498,100,0.8725961538461539,0.9020696794431918,5050
"[{'Y'}, {'Z'}, {'U'}, {'T'}]",0.31324798683522714,121,0.8739748496446146,0.9020696794431918,5050
"[{'X'}, {'V'}, {'U'}, {'Y'}, {'N'}]",0.3132161501543209,23,0.7857142857142857,0.9020696794431918,5050
"[{'M'}, {'O'}, {'T'}, {'Z'}]",0.3132025515551701,118,0.8738505747126437,0.9020696794431918,5050
"[{'P'}, {'Z'}, {'X'}, {'V'}]",0.31318816263067584,121,0.8740437158469946,0.9020696794431918,5050
"[{'Z'}, {'O'}, {'W'}, {'T'}]",0.31307916626557597,136,0.8749729612805538,0.9020696794431918,5050
"[{'Y'}, {'X'}, {'Y'}, {'W'}]",0.31306693378254646,120,0.8741258741258742,0.9020696794431918,5050
"[{'N'}, {'W'}, {'N'}, {'V'}]",0.31304568850813097,111,0.8736010533245555,0.9020696794431918,5050
"[{'U'}, {'Y'}, {'P'}, {'W'}]",0.313029582153994,113,0.8737468671679197,0.9020696794431918,5050
"[{'Z'}, {'Z'}, {'T'}, {'W'}]",0.3129298196209025,138,0.8752395145837769,0.9020696794431918,5050
"[{'X'}, {'Z'}, {'T'}, {'N'}]",0.3129286986711055,114,0.873928231184503,0.9020696794431918,5050
"[{'W'}, {'X'}, {'O'}, {'T'}]",0.3127770711603798,121,0.8745215965008202,0.9020696794431918,5050
"[{'O'}, {'X'}, {'X'}, {'N'}]",0.31277034262181735,134,0.8752232142857144,0.9020696794431918,5050
"[{'O'}, {'O'}, {'V'}, {'N'}]",0.31274693257226205,123,0.8746694870438921,0.9020696794431918,5050
"[{'X'}, {'P'}, {'W'}, {'M'}]",0.3127129050658727,118,0.8744239631336405,0.9020696794431918,5050
"[{'T'}, {'X'}, {'M'}, {'Y'}]",0.31270467831416016,111,0.8740079365079365,0.9020696794431918,5050
"[{'M'}, {'Z'}, {'T'}, {'W'}]",0.3126856120332636,126,0.8749054224464061,0.9020696794431918,5050
"[{'V'}, {'T'}, {'T'}, {'P'}]",0.3126764466098809,120,0.8745828698553949,0.9020696794431918,5050
"[{'P'}, {'W'}, {'P'}, {'M'}]",0.31267309895502193,102,0.8734472049689441,0.9020696794431918,5050
"[{'X'}, {'P'}, {'V'}, {'W'}]",0.31265074698006634,124,0.8748373666406453,0.9020696794431918,5050
"[{'N'}, {'O'}, {'V'}, {'T'}, {'T'}]",0.31260889367740174,28,0.7916666666666666,0.9020696794431918,5050
"[{'X'}, {'Y'}, {'N'}, {'M'}]",0.3125826640750291,129,0.8751842751842751,0.9020696794431918,5050
"[{'N'}, {'X'}, {'X'}, {'P'}]",0.3125469978314278,121,0.8747927031509121,0.9020696794431918,5050
"[{'W'}, {'M'}, {'W'}, {'N'}]",0.31251228699270617,128,0.8752140934670908,0.9020696794431918,5050
"[{'T'}, {'N'}, {'O'}, {'T'}]",0.3125109366631105,133,0.8754716981132076,0.9020696794431918,5050
"[{'W'}, {'Y'}, {'T'}, {'Y'}]",0.31250534238479466,140,0.8758169934640523,0.9020696794431918,5050
"[{'T'}, {'P'}, {'M'}, {'W'}]",0.3124974138410852,112,0.8743204349216501,0.9020696794431918,5050
"[{'U'}, {'Y'}, {'N'}, {'X'}]",0.3124702234357154,107,0.8740350877192983,0.9020696794431918,5050
"[{'P'}, {'P'}, {'X'}, {'V'}]",0.3124430293677314,120,0.8748597081930415,0.9020696794431918,5050
"[{'P'}, {'T'}, {'Y'}, {'T'}]",0.3123948431058974,103,0.8738601823708206,0.9020696794431918,5050
"[{'O'}, {'U'}, {'P'}, {'M'}]",0.3123251550657553,99,0.8736669401148482,0.9020696794431918,5050
"[{'Y'}, {'Z'}, {'M'}, {'T'}]",0.3123219555239669,136,0.8758382003028337,0.9020696794431918,5050
"[{'T'}, {'Y'}, {'W'}, {'X'}]",0.3122784802486518,119,0.875,0.9020696794431918,5050
"[{'U'}, {'P'}, {'V'}, {'Y'}]",0.3122362103531817,133,0.8757918552036199,0.9020696794431918,5050
"[{'X'}, {'N'}, {'T'}, {'P'}]",0.31221395797640283,106,0.8742857142857143,0.9020696794431918,5050
"[{'X'}, {'M'}, {'Z'}, {'U'}]",0.3121113087935312,110,0.8746684350132626,0.9020696794431918,5050
"[{'V'}, {'M'}, {'M'}, {'V'}]",0.31210160070936344,119,0.8752136752136752,0.9020696794431918,5050
"[{'U'}, {'N'}, {'O'}, {'U'}]",0.31198677137327546,119,0.8753533069530808,0.9020696794431918,5050
"[{'N'}, {'X'}, {'N'}, {'Z'}]",0.3119672591185345,123,0.8755968169761273,0.9020696794431918,5050
"[{'X'}, {'T'}, {'T'}, {'N'}]",0.31194262862179967,112,0.875,0.9020696794431918,5050
"[{'M'}, {'M'}, {'X'}, {'Z'}]",0.31192351445074884,119,0.875430539609644,0.9020696794431918,5050
"[{'N'}, {'O'}, {'M'}, {'T'}]",0.31186472942148113,120,0.8755580357142858,0.9020696794431918,5050
"[{'W'}, {'Z'}, {'U'}, {'W'}]",0.3118267897506757,135,0.8763724198506807,0.9020696794431918,5050
"[{'Z'}, {'U'}, {'N'}, {'V'}]",0.3118142944913147,112,0.8751596424010216,0.9020696794431918,5050
"[{'O'}, {'N'}, {'P'}, {'M'}]",0.31179082030022387,103,0.8746200607902735,0.9020696794431918,5050
"[{'M'}, {'N'}, {'X'}, {'Y'}]",0.31178931669162846,134,0.8763693270735525,0.9020696794431918,5050
"[{'W'}, {'N'}, {'Z'}, {'U'}]",0.31178690229450345,114,0.8753125,0.9020696794431918,5050
"[{'V'}, {'U'}, {'P'}, {'U'}]",0.3117591683618707,106,0.8748564867967853,0.9020696794431918,5050
"[{'W'}, {'Y'}, {'N'}, {'V'}]",0.31174945658546116,122,0.8758081896551724,0.9020696794431918,5050
"[{'U'}, {'O'}, {'N'}, {'Z'}]",0.3117389920070499,113,0.87531328320802,0.9020696794431918,5050
"[{'X'}, {'W'}, {'T'}, {'M'}]",0.3117246484661641,129,0.8762019230769231,0.9020696794431918,5050
"[{'X'}, {'O'}, {'T'}, {'T'}]",0.31170702601069544,133,0.8764198091776465,0.9020696794431918,5050
"[{'P'}, {'Z'}, {'P'}, {'W'}]",0.3116337109808296,125,0.8761085028690663,0.9020696794431918,5050
"[{'P'}, {'N'}, {'X'}, {'V'}]",0.311620798718638,126,0.8761759471141622,0.9020696794431918,5050
"[{'O'}, {'P'}, {'O'}, {'X'}]",0.31161842267799134,133,0.8765264586160109,0.9020696794431918,5050
"[{'V'}, {'O'}, {'T'}, {'X'}]",0.3115893029411767,117,0.8757309941520467,0.9020696794431918,5050
"[{'Y'}, {'N'}, {'V'}, {'M'}]",0.3115775982142521,93,0.8741905642923219,0.9020696794431918,5050
"[{'T'}, {'X'}, {'P'}, {'Z'}]",0.3115458364308946,126,0.8762677484787018,0.9020696794431918,5050
"[{'P'}, {'X'}, {'O'}, {'T'}]",0.3115141366561742,134,0.8767001114827202,0.9020696794431918,5050
"[{'Y'}, {'P'}, {'X'}, {'Z'}]",0.31139145061064666,114,0.8758089368258859,0.9020696794431918,5050
"[{'Z'}, {'U'}, {'W'}, {'M'}]",0.3113524646310514,107,0.8754398311048557,0.9020696794431918,5050
"[{'W'}, {'M'}, {'W'}, {'O'}]",0.3113459174105089,121,0.8762541806020067,0.9020696794431918,5050
"[{'U'}, {'P'}, {'T'}, {'Z'}]",0.31132138397780085,110,0.8756631299734748,0.9020696794431918,5050
"[{'M'}, {'T'}, {'T'}, {'T'}]",0.31129933766167794,114,0.8759259259259259,0.9020696794431918,5050
"[{'Z'}, {'W'}, {'N'}, {'T'}]",0.31129924739252024,115,0.8759830611010284,0.9020696794431918,5050
"[{'M'}, {'N'}, {'T'}, {'Y'}]",0.31127011414909433,139,0.8772256728778468,0.9020696794431918,5050
"[{'X'}, {'N'}, {'X'}, {'Y'}]",0.3112198367504416,107,0.8756114605171208,0.9020696794431918,5050
"[{'N'}, {'Y'}, {'T'}, {'Y'}]",0.3112092436777705,132,0.8769775678866588,0.9020696794431918,5050
"[{'Y'}, {'Z'}, {'N'}, {'W'}]",0.3112013481190591,109,0.8757575757575757,0.9020696794431918,5050
"[{'T'}, {'M'}, {'N'}, {'P'}]",0.31119923279537076,123,0.8765432098765432,0.9020696794431918,5050
"[{'V'}, {'T'}, {'P'}, {'Z'}]",0.3111616063498077,110,0.8758689175769613,0.9020696794431918,5050
"[{'T'}, {'X'}, {'V'}, {'T'}]",0.3111184711486946,104,0.8755555555555556,0.9020696794431918,5050
"[{'Y'}, {'O'}, {'X'}, {'P'}]",0.311105162577597,105,0.8756363636363637,0.9020696794431918,5050
"[{'Y'}, {'O'}, {'T'}, {'X'}]",0.31110086975931395,127,0.8768693918245265,0.9020696794431918,5050
"[{'P'}, {'X'}, {'Z'}, {'T'}]",0.31109156444478514,116,0.8763040238450075,0.9020696794431918,5050
"[{'Y'}, {'O'}, {'O'}, {'T'}]",0.3110407798196928,130,0.8770909090909091,0.9020696794431918,5050
"[{'O'}, {'T'}, {'W'}, {'T'}]",0.3110384690758049,132,0.877188940092166,0.9020696794431918,5050
"[{'V'}, {'P'}, {'Z'}, {'X'}]",0.3110317844567737,125,0.8768561187916026,0.9020696794431918,5050
"[{'M'}, {'M'}, {'Z'}, {'U'}]",0.3109663718314868,112,0.8762392069075792,0.9020696794431918,5050
"[{'Y'}, {'U'}, {'P'}, {'Y'}]",0.3108921516353246,134,0.8774641577060932,0.9020696794431918,5050
"[{'Z'}, {'M'}, {'O'}, {'U'}]",0.31085932498513436,126,0.8771241830065359,0.9020696794431918,5050
"[{'W'}, {'M'}, {'T'}, {'M'}]",0.3108488073435858,103,0.8758490566037735,0.9020696794431918,5050
"[{'T'}, {'M'}, {'O'}, {'T'}]",0.31083464793601934,105,0.8759936406995231,0.9020696794431918,5050
"[{'M'}, {'P'}, {'T'}, {'W'}]",0.31079494584674106,137,0.8777208706786171,0.9020696794431918,5050
"[{'Z'}, {'O'}, {'T'}, {'X'}]",0.310726901834528,141,0.877979797979798,0.9020696794431918,5050
"[{'V'}, {'U'}, {'N'}, {'U'}]",0.31070637266354717,127,0.8773678963110668,0.9020696794431918,5050
"[{'T'}, {'Z'}, {'W'}, {'N'}]",0.3106599849105288,125,0.8773291925465838,0.9020696794431918,5050
"[{'Z'}, {'O'}, {'N'}, {'O'}]",0.3105654088426222,125,0.8774509803921569,0.9020696794431918,5050
"[{'O'}, {'P'}, {'P'}, {'P'}]",0.31048399050444575,112,0.8768740031897926,0.9020696794431918,5050
"[{'X'}, {'U'}, {'V'}, {'Z'}]",0.31047314433766837,112,0.8768884603021536,0.9020696794431918,5050
"[{'Y'}, {'T'}, {'N'}, {'V'}]",0.3104094244971417,118,0.8772988505747127,0.9020696794431918,5050
"[{'T'}, {'Z'}, {'T'}, {'Y'}]",0.3104093684808501,124,0.8776041666666666,0.9020696794431918,5050
"[{'W'}, {'P'}, {'U'}, {'Z'}]",0.3103977607790419,102,0.8763958413554102,0.9020696794431918,5050
"[{'U'}, {'W'}, {'Z'}, {'U'}]",0.31035633758532144,114,0.877155172413793,0.9020696794431918,5050
"[{'U'}, {'P'}, {'Z'}, {'Y'}]",0.3103481278902471,129,0.8779239766081871,0.9020696794431918,5050
"[{'M'}, {'V'}, {'V'}, {'W'}]",0.31033508777062746,100,0.8763548775592132,0.9020696794431918,5050
"[{'Y'}, {'V'}, {'T'}, {'M'}]",0.3102873902153608,110,0.8770247933884296,0.9020696794431918,5050
"[{'Z'}, {'O'}, {'T'}, {'V'}]",0.310284995215388,144,0.8786586547780577,0.9020696794431918,5050
"[{'M'}, {'T'}, {'V'}, {'N'}, {'T'}]",0.3102725807861917,22,0.7863247863247863,0.9020696794431918,5050
"[{'Y'}, {'V'}, {'X'}, {'P'}]",0.31025641634315626,122,0.8777056277056278,0.9020696794431918,5050
"[{'V'}, {'T'}, {'V'}, {'P'}]",0.3102461291142007,112,0.8771929824561403,0.9020696794431918,5050
"[{'M'}, {'V'}, {'M'}, {'Y'}]",0.31019810341011933,115,0.8774213075060533,0.9020696794431918,5050
"[{'M'}, {'Z'}, {'U'}, {'X'}]",0.31017595724625346,117,0.8775569842197545,0.9020696794431918,5050
"[{'W'}, {'O'}, {'W'}, {'O'}]",0.3101580838494291,114,0.8774214036201969,0.9020696794431918,5050
"[{'Z'}, {'W'}, {'P'}, {'P'}]",0.3101316325982384,106,0.877005347593583,0.9020696794431918,5050
"[{'W'}, {'Z'}, {'T'}, {'M'}]",0.3101218609542793,109,0.8771929824561403,0.9020696794431918,5050
"[{'X'}, {'X'}, {'T'}, {'U'}]",0.31008443858852486,108,0.8771869639794169,0.9020696794431918,5050
"[{'U'}, {'M'}, {'V'}, {'T'}]",0.31004111569258475,121,0.8779419813902574,0.9020696794431918,5050
"[{'P'}, {'M'}, {'U'}, {'U'}]",0.3100398686080297,123,0.8780423280423281,0.9020696794431918,5050
"[{'P'}, {'V'}, {'P'}, {'M'}]",0.3100265924923473,121,0.8779614325068871,0.9020696794431918,5050
"[{'P'}, {'M'}, {'P'}, {'V'}]",0.3100105520991816,129,0.8783653846153846,0.9020696794431918,5050
"[{'Y'}, {'O'}, {'V'}, {'U'}]",0.3099945786189755,124,0.8781512605042017,0.9020696794431918,5050
"[{'W'}, {'M'}, {'M'}, {'W'}]",0.30997320061203626,112,0.8775641025641026,0.9020696794431918,5050
"[{'U'}, {'Y'}, {'U'}, {'M'}]",0.3099484750528003,119,0.8779661016949153,0.9020696794431918,5050
"[{'O'}, {'Z'}, {'W'}, {'N'}]",0.30991944655536385,122,0.8781546811397557,0.9020696794431918,5050
"[{'U'}, {'T'}, {'Y'}, {'U'}]",0.30990455538764605,130,0.8785511363636364,0.9020696794431918,5050
"[{'W'}, {'P'}, {'T'}, {'Z'}]",0.3099002558874492,93,0.8765032377428307,0.9020696794431918,5050
"[{'U'}, {'P'}, {'O'}, {'P'}]",0.30989874934730166,130,0.8785588309397833,0.9020696794431918,5050
"[{'P'}, {'M'}, {'Z'}, {'U'}]",0.3098847789399113,115,0.8778461538461538,0.9020696794431918,5050
"[{'T'}, {'V'}, {'W'}, {'V'}]",0.3098822235924692,103,0.8771730914588057,0.9020696794431918,5050
"[{'V'}, {'O'}, {'P'}, {'W'}]",0.3098609366105787,115,0.8778787878787879,0.9020696794431918,5050
"[{'W'}, {'Z'}, {'Z'}, {'V'}, {'Y'}]",0.30984844251262555,23,0.7878787878787878,0.9020696794431918,5050
"[{'M'}, {'T'}, {'O'}, {'T'}, {'W'}]",0.30984844251262555,23,0.7878787878787878,0.9020696794431918,5050
"[{'W'}, {'U'}, {'V'}, {'N'}]",0.3098063773010802,108,0.8775720164609053,0.9020696794431918,5050
"[{'N'}, {'Y'}, {'U'}, {'O'}]",0.3097803554460482,129,0.8786711603273953,0.9020696794431918,5050
"[{'V'}, {'T'}, {'N'}, {'P'}]",0.3097759302396176,106,0.8775,0.9020696794431918,5050
"[{'X'}, {'V'}, {'N'}, {'M'}]",0.30973978542037284,121,0.8783488244942592,0.9020696794431918,5050
"[{'W'}, {'P'}, {'Z'}, {'P'}]",0.30969749053944806,98,0.877125850340136,0.9020696794431918,5050
"[{'W'}, {'P'}, {'O'}, {'O'}]",0.30963506979018085,118,0.8783433994823122,0.9020696794431918,5050
"[{'X'}, {'U'}, {'X'}, {'W'}]",0.309629286075487,119,0.8784013605442177,0.9020696794431918,5050
"[{'T'}, {'Y'}, {'N'}, {'N'}]",0.30960560624728817,114,0.8781789638932496,0.9020696794431918,5050
"[{'P'}, {'U'}, {'N'}, {'T'}]",0.30959949150615385,122,0.8785890073831009,0.9020696794431918,5050
"[{'O'}, {'X'}, {'Y'}, {'X'}]",0.3095686222009121,141,0.8794642857142858,0.9020696794431918,5050
"[{'T'}, {'W'}, {'Z'}, {'Z'}]",0.3095563110771017,119,0.8785020011435106,0.9020696794431918,5050
"[{'T'}, {'V'}, {'T'}, {'T'}]",0.30955332677615177,106,0.8778146917681802,0.9020696794431918,5050
"[{'Y'}, {'Z'}, {'V'}, {'U'}]",0.30950003972711426,111,0.878167641325536,0.9020696794431918,5050
"[{'W'}, {'P'}, {'V'}, {'O'}]",0.3094607650586656,109,0.8781144781144782,0.9020696794431918,5050
"[{'P'}, {'Y'}, {'N'}, {'T'}]",0.30940396356267474,125,0.8789989680082559,0.9020696794431918,5050
"[{'T'}, {'P'}, {'V'}, {'M'}]",0.30939420301381404,99,0.8776282590412111,0.9020696794431918,5050
"[{'P'}, {'M'}, {'U'}, {'N'}]",0.30937496527430597,117,0.8786549707602339,0.9020696794431918,5050
"[{'X'}, {'W'}, {'P'}, {'W'}]",0.3093741836884739,116,0.8786057692307693,0.9020696794431918,5050
"[{'U'}, {'Y'}, {'W'}, {'N'}]",0.30934907544672297,122,0.8789346246973365,0.9020696794431918,5050
"[{'X'}, {'P'}, {'X'}, {'Y'}]",0.3093196016219397,115,0.8786319612590799,0.9020696794431918,5050
"[{'Y'}, {'T'}, {'Y'}, {'O'}, {'U'}]",0.30930741281126306,26,0.7916666666666667,0.9020696794431918,5050
"[{'M'}, {'Y'}, {'P'}, {'M'}]",0.30929776969197664,112,0.8785076530612245,0.9020696794431918,5050
"[{'U'}, {'T'}, {'O'}, {'U'}]",0.30928711672346976,112,0.8785228377065111,0.9020696794431918,5050
"[{'O'}, {'X'}, {'O'}, {'T'}]",0.3092833475604069,145,0.88,0.9020696794431918,5050
"[{'T'}, {'P'}, {'N'}, {'V'}]",0.3092701650097406,115,0.8787019533711405,0.9020696794431918,5050
"[{'M'}, {'M'}, {'W'}, {'T'}]",0.3092602677038928,122,0.8790584415584416,0.9020696794431918,5050
"[{'W'}, {'V'}, {'T'}, {'Z'}]",0.3092437161523258,125,0.8792207792207792,0.9020696794431918,5050
"[{'M'}, {'T'}, {'Z'}, {'Y'}]",0.3092419399392796,130,0.8794461685366436,0.9020696794431918,5050
"[{'X'}, {'V'}, {'M'}, {'N'}]",0.30921198116443394,126,0.8793103448275862,0.9020696794431918,5050
"[{'W'}, {'V'}, {'P'}, {'T'}]",0.30920664419319355,107,0.878368794326241,0.9020696794431918,5050
"[{'O'}, {'Y'}, {'X'}, {'W'}]",0.3091963087388454,126,0.8793321527953453,0.9020696794431918,5050
"[{'T'}, {'M'}, {'Y'}, {'T'}]",0.3091794719382077,109,0.8785175017158545,0.9020696794431918,5050
"[{'X'}, {'O'}, {'U'}, {'O'}]",0.30917119076014643,130,0.8795438346400569,0.9020696794431918,5050
"[{'O'}, {'V'}, {'T'}, {'Y'}]",0.30914275211223297,104,0.8782931354359926,0.9020696794431918,5050
"[{'W'}, {'Z'}, {'T'}, {'U'}]",0.3091349975126546,117,0.8789940828402367,0.9020696794431918,5050
"[{'V'}, {'Z'}, {'M'}, {'Z'}]",0.30913046696354396,106,0.8784240150093809,0.9020696794431918,5050
"[{'P'}, {'Y'}, {'T'}, {'T'}]",0.30912542669356924,106,0.8784313725490196,0.9020696794431918,5050
"[{'T'}, {'X'}, {'U'}, {'X'}]",0.3091246979569342,128,0.8795210166177908,0.9020696794431918,5050
"[{'O'}, {'U'}, {'O'}, {'Z'}]",0.30911535362355946,131,0.8796641791044777,0.9020696794431918,5050
"[{'T'}, {'Z'}, {'Y'}, {'P'}]",0.3090844229827562,127,0.8795330352707401,0.9020696794431918,5050
"[{'U'}, {'V'}, {'Z'}, {'M'}]",0.3090558301148103,115,0.8790078644888082,0.9020696794431918,5050
"[{'T'}, {'M'}, {'N'}, {'Z'}]",0.30905103575466986,138,0.8800420168067227,0.9020696794431918,5050
"[{'O'}, {'P'}, {'Y'}, {'M'}]",0.30904455407189757,95,0.8778966131907309,0.9020696794431918,5050
"[{'Y'}, {'P'}, {'M'}, {'X'}]",0.3090297806751088,106,0.8785714285714286,0.9020696794431918,5050
"[{'P'}, {'V'}, {'P'}, {'N'}]",0.30902007190837233,139,0.8801242236024845,0.9020696794431918,5050
"[{'W'}, {'V'}, {'Y'}, {'T'}]",0.3090147959107369,120,0.8793103448275862,0.9020696794431918,5050
"[{'T'}, {'U'}, {'W'}, {'M'}]",0.3090133173269667,130,0.8797633136094675,0.9020696794431918,5050
"[{'T'}, {'O'}, {'N'}, {'M'}]",0.3090078353718192,115,0.8790769230769231,0.9020696794431918,5050
"[{'W'}, {'O'}, {'N'}, {'X'}]",0.3089800214312356,116,0.8791666666666667,0.9020696794431918,5050
"[{'U'}, {'N'}, {'O'}, {'Y'}]",0.3089703644650018,132,0.8799081515499426,0.9020696794431918,5050
"[{'V'}, {'P'}, {'V'}, {'P'}]",0.30893912375446275,100,0.8783621035728623,0.9020696794431918,5050
"[{'O'}, {'Z'}, {'Z'}, {'U'}]",0.30888477110304,110,0.879,0.9020696794431918,5050
"[{'U'}, {'Y'}, {'V'}, {'Z'}]",0.30883882749424274,101,0.8785714285714286,0.9020696794431918,5050
"[{'T'}, {'Y'}, {'U'}, {'W'}]",0.30883663393652094,133,0.8801369863013698,0.9020696794431918,5050
"[{'Y'}, {'P'}, {'X'}, {'P'}]",0.3087912858379318,108,0.8790322580645161,0.9020696794431918,5050
"[{'M'}, {'X'}, {'V'}, {'M'}]",0.308774746622123,116,0.8794642857142857,0.9020696794431918,5050
"[{'V'}, {'Z'}, {'Z'}, {'X'}]",0.3087440455719014,112,0.8793103448275862,0.9020696794431918,5050
"[{'M'}, {'T'}, {'M'}, {'W'}]",0.30868845914349663,126,0.880050505050505,0.9020696794431918,5050
"[{'V'}, {'U'}, {'M'}, {'N'}]",0.3086788508212681,116,0.8796046720575023,0.9020696794431918,5050
"[{'M'}, {'M'}, {'T'}, {'T'}]",0.30864834558274,114,0.8795518207282913,0.9020696794431918,5050
"[{'T'}, {'Z'}, {'Z'}, {'P'}]",0.30864567777659013,117,0.8797014925373134,0.9020696794431918,5050
"[{'M'}, {'Z'}, {'W'}, {'Y'}]",0.3086335573826705,124,0.8800416341399948,0.9020696794431918,5050
"[{'X'}, {'P'}, {'N'}, {'T'}]",0.30860405120607204,111,0.8794671864847303,0.9020696794431918,5050
"[{'T'}, {'T'}, {'P'}, {'N'}]",0.3085068658766239,119,0.8799999999999999,0.9020696794431918,5050
"[{'T'}, {'N'}, {'Y'}, {'W'}]",0.30847994970464254,121,0.8801313628899836,0.9020696794431918,5050
"[{'W'}, {'M'}, {'U'}, {'O'}]",0.30847563813853884,119,0.8800461361014994,0.9020696794431918,5050
"[{'N'}, {'X'}, {'X'}, {'X'}]",0.30843254022638034,135,0.880791722896986,0.9020696794431918,5050
"[{'U'}, {'T'}, {'X'}, {'U'}]",0.30842853820543203,123,0.8802966101694916,0.9020696794431918,5050
"[{'U'}, {'Y'}, {'N'}, {'O'}]",0.30842108502069987,100,0.8791516606642656,0.9020696794431918,5050
"[{'P'}, {'P'}, {'V'}, {'P'}]",0.30840441637972216,117,0.8800586510263929,0.9020696794431918,5050
"[{'V'}, {'M'}, {'Y'}, {'X'}]",0.30835196644563956,121,0.8803206191265893,0.9020696794431918,5050
"[{'M'}, {'X'}, {'N'}, {'T'}]",0.3083481032005768,114,0.88,0.9020696794431918,5050
"[{'M'}, {'N'}, {'N'}, {'U'}]",0.3083228700561923,122,0.8804084923407686,0.9020696794431918,5050
"[{'V'}, {'T'}, {'O'}, {'Y'}]",0.3083026873426663,126,0.8806122448979591,0.9020696794431918,5050
"[{'Y'}, {'X'}, {'M'}, {'P'}]",0.308300040731627,123,0.8804865150713908,0.9020696794431918,5050
"[{'P'}, {'W'}, {'N'}, {'V'}]",0.30827741066165026,116,0.8802021403091558,0.9020696794431918,5050
"[{'Z'}, {'P'}, {'N'}, {'O'}]",0.3082367046650414,118,0.8803566292781133,0.9020696794431918,5050
"[{'M'}, {'O'}, {'Z'}, {'W'}]",0.30823535439628136,121,0.8804945054945055,0.9020696794431918,5050
"[{'T'}, {'W'}, {'Z'}, {'O'}]",0.30823279628026157,124,0.8806300082895827,0.9020696794431918,5050
"[{'V'}, {'U'}, {'M'}, {'X'}]",0.30822579003625405,123,0.8805970149253732,0.9020696794431918,5050
"[{'T'}, {'T'}, {'V'}, {'T'}]",0.3082110915915489,119,0.8804409270774449,0.9020696794431918,5050
"[{'P'}, {'O'}, {'Z'}, {'X'}]",0.30819779986596685,127,0.8808095952023989,0.9020696794431918,5050
"[{'X'}, {'N'}, {'Z'}, {'Y'}]",0.3081788272621362,120,0.8805346700083542,0.9020696794431918,5050
"[{'X'}, {'N'}, {'P'}, {'P'}]",0.3081781446898375,106,0.8798573975044564,0.9020696794431918,5050
"[{'N'}, {'Y'}, {'O'}, {'Y'}]",0.30817797175227024,143,0.8814595660749507,0.9020696794431918,5050
"[{'W'}, {'Z'}, {'U'}, {'V'}]",0.3081750318407728,116,0.8803571428571428,0.9020696794431918,5050
"[{'Y'}, {'M'}, {'M'}, {'M'}]",0.3081633048820893,111,0.88013468013468,0.9020696794431918,5050
"[{'O'}, {'N'}, {'M'}, {'M'}]",0.3081529184914269,108,0.8799999999999999,0.9020696794431918,5050
"[{'N'}, {'W'}, {'X'}, {'N'}, {'Z'}]",0.30810860022804476,24,0.7902097902097902,0.9020696794431918,5050
"[{'W'}, {'O'}, {'O'}, {'O'}]",0.30810617555484776,128,0.8809872922776149,0.9020696794431918,5050
"[{'N'}, {'Z'}, {'V'}, {'X'}]",0.30806439370066974,152,0.8819335767692575,0.9020696794431918,5050
"[{'U'}, {'V'}, {'M'}, {'U'}]",0.30805378072312317,102,0.8798387096774194,0.9020696794431918,5050
"[{'Y'}, {'O'}, {'U'}, {'O'}]",0.3080378192095705,109,0.8802294197031039,0.9020696794431918,5050
"[{'W'}, {'P'}, {'T'}, {'W'}]",0.3080378192095705,109,0.8802294197031039,0.9020696794431918,5050
"[{'V'}, {'T'}, {'T'}, {'W'}]",0.30802685996764745,101,0.8798266351457841,0.9020696794431918,5050
"[{'M'}, {'W'}, {'U'}, {'Z'}]",0.30802670291194156,121,0.8808091853471842,0.9020696794431918,5050
"[{'T'}, {'T'}, {'O'}, {'N'}]",0.30802530177601606,112,0.8803965462104254,0.9020696794431918,5050
"[{'O'}, {'V'}, {'U'}, {'Y'}]",0.308024632130227,119,0.8807235726399095,0.9020696794431918,5050
"[{'P'}, {'T'}, {'W'}, {'N'}]",0.3080048286264314,110,0.8803305785123967,0.9020696794431918,5050
"[{'M'}, {'T'}, {'V'}, {'W'}]",0.3079819854552588,115,0.8806060606060606,0.9020696794431918,5050
"[{'O'}, {'N'}, {'X'}, {'P'}]",0.3079738493389236,126,0.8811029597773842,0.9020696794431918,5050
"[{'T'}, {'Y'}, {'T'}, {'W'}]",0.30791156044172274,116,0.8807612250966398,0.9020696794431918,5050
"[{'N'}, {'Y'}, {'Y'}, {'Z'}]",0.3079022178427454,119,0.8809111880046135,0.9020696794431918,5050
"[{'N'}, {'T'}, {'X'}, {'N'}]",0.3079012515170805,122,0.8810439560439561,0.9020696794431918,5050
"[{'Y'}, {'V'}, {'U'}, {'T'}]",0.3078599310479253,118,0.8809318377911993,0.9020696794431918,5050
"[{'O'}, {'Y'}, {'X'}, {'X'}]",0.30782490385634353,131,0.8815298507462687,0.9020696794431918,5050
"[{'P'}, {'T'}, {'W'}, {'V'}]",0.3078203879938055,112,0.8807163415414134,0.9020696794431918,5050
"[{'Z'}, {'M'}, {'T'}, {'X'}]",0.3077847622722376,122,0.8812229437229437,0.9020696794431918,5050
"[{'T'}, {'V'}, {'Y'}, {'U'}]",0.3077579634387636,102,0.8803118908382066,0.9020696794431918,5050
"[{'Y'}, {'V'}, {'O'}, {'O'}]",0.30775309236751625,129,0.8815599422243621,0.9020696794431918,5050
"[{'T'}, {'V'}, {'Z'}, {'V'}]",0.3077520602557172,116,0.8810096153846154,0.9020696794431918,5050
"[{'Z'}, {'X'}, {'T'}, {'X'}]",0.30767680786896223,123,0.8814323607427055,0.9020696794431918,5050
"[{'O'}, {'Y'}, {'Z'}, {'W'}]",0.3076651606295302,117,0.8811910377358491,0.9020696794431918,5050
"[{'M'}, {'X'}, {'X'}, {'P'}]",0.30762847933798876,122,0.8814655172413794,0.9020696794431918,5050
"[{'W'}, {'V'}, {'U'}, {'W'}]",0.30762293692640785,120,0.8813888888888889,0.9020696794431918,5050
"[{'T'}, {'P'}, {'U'}, {'N'}]",0.3076163506845546,119,0.8813559322033898,0.9020696794431918,5050
"[{'P'}, {'O'}, {'W'}, {'V'}]",0.3076102262146263,118,0.8813218390804598,0.9020696794431918,5050
"[{'T'}, {'T'}, {'P'}, {'X'}]",0.30760476421198646,120,0.8814174107142857,0.9020696794431918,5050
"[{'X'}, {'N'}, {'X'}, {'V'}]",0.307564602959986,119,0.8814374646293153,0.9020696794431918,5050
"[{'O'}, {'Z'}, {'T'}, {'X'}]",0.3075506372030573,113,0.881191222570533,0.9020696794431918,5050
"[{'P'}, {'X'}, {'Z'}, {'X'}]",0.30752005716129804,121,0.8815934065934067,0.9020696794431918,5050
"[{'M'}, {'U'}, {'O'}, {'X'}]",0.30751057890266564,127,0.8818544366899302,0.9020696794431918,5050
"[{'V'}, {'Y'}, {'X'}, {'P'}]",0.3075066972562256,110,0.8811212428233706,0.9020696794431918,5050
"[{'P'}, {'Y'}, {'P'}, {'T'}]",0.3074937880713966,101,0.880690737833595,0.9020696794431918,5050
"[{'P'}, {'Z'}, {'Z'}, {'W'}]",0.307476290760074,123,0.8817460317460317,0.9020696794431918,5050
"[{'X'}, {'O'}, {'Z'}, {'Z'}]",0.3074196985904851,112,0.8813559322033898,0.9020696794431918,5050
"[{'Z'}, {'M'}, {'T'}, {'P'}]",0.30740334100819,109,0.8812415654520918,0.9020696794431918,5050
"[{'M'}, {'U'}, {'X'}, {'U'}]",0.3074007902274235,124,0.8819062581827704,0.9020696794431918,5050
"[{'X'}, {'W'}, {'W'}, {'W'}]",0.3073865911906313,119,0.8817204301075269,0.9020696794431918,5050
"[{'W'}, {'T'}, {'W'}, {'X'}]",0.30738010380253356,127,0.8820589705147427,0.9020696794431918,5050
"[{'N'}, {'Y'}, {'T'}, {'N'}]",0.3073510392818951,123,0.8819444444444444,0.9020696794431918,5050
"[{'W'}, {'Z'}, {'Y'}, {'T'}]",0.3073376249436782,116,0.8816691505216095,0.9020696794431918,5050
"[{'N'}, {'Z'}, {'M'}, {'V'}]",0.3073295269620625,126,0.8820993914807302,0.9020696794431918,5050
"[{'M'}, {'N'}, {'P'}, {'N'}]",0.3073254866901768,121,0.8819026790595954,0.9020696794431918,5050
"[{'N'}, {'O'}, {'U'}, {'Y'}]",0.30727055653627067,123,0.8820729772607085,0.9020696794431918,5050
"[{'U'}, {'O'}, {'X'}, {'O'}]",0.3072358789864156,134,0.8825510891533798,0.9020696794431918,5050
"[{'O'}, {'V'}, {'Z'}, {'V'}]",0.30720772736508717,107,0.8814685314685314,0.9020696794431918,5050
"[{'M'}, {'Z'}, {'V'}, {'U'}]",0.3071662446173308,109,0.8816326530612245,0.9020696794431918,5050
"[{'P'}, {'U'}, {'U'}, {'Y'}]",0.30715105577372404,118,0.8820588235294117,0.9020696794431918,5050
"[{'P'}, {'P'}, {'Y'}, {'T'}]",0.30712966500865013,108,0.8816466552315609,0.9020696794431918,5050
"[{'X'}, {'U'}, {'X'}, {'O'}]",0.30711734983902916,128,0.8825157232704401,0.9020696794431918,5050
"[{'P'}, {'N'}, {'W'}, {'O'}]",0.307112853289248,104,0.8814814814814815,0.9020696794431918,5050
"[{'W'}, {'X'}, {'P'}, {'Z'}]",0.30709326728018416,128,0.8825544409102031,0.9020696794431918,5050
"[{'T'}, {'Y'}, {'W'}, {'N'}]",0.30707477149349505,118,0.8821839080459771,0.9020696794431918,5050
"[{'X'}, {'X'}, {'M'}, {'Y'}]",0.30706117681256884,116,0.8821212121212122,0.9020696794431918,5050
"[{'V'}, {'Y'}, {'T'}, {'P'}]",0.3070207818747617,102,0.8815384615384615,0.9020696794431918,5050
"[{'O'}, {'N'}, {'X'}, {'V'}]",0.3069797865244046,112,0.8820816864295125,0.9020696794431918,5050
"[{'Z'}, {'U'}, {'V'}, {'M'}]",0.30697762298807285,109,0.881949210706932,0.9020696794431918,5050
"[{'N'}, {'T'}, {'P'}, {'X'}]",0.306964081785984,129,0.8828009828009828,0.9020696794431918,5050
"[{'V'}, {'M'}, {'T'}, {'U'}]",0.3069625171082154,110,0.8820206048521103,0.9020696794431918,5050
"[{'W'}, {'P'}, {'P'}, {'W'}]",0.3069535789628567,100,0.8815526210484194,0.9020696794431918,5050
"[{'P'}, {'T'}, {'Z'}, {'M'}]",0.306933469947714,99,0.8815359477124183,0.9020696794431918,5050
"[{'Z'}, {'U'}, {'U'}, {'Y'}]",0.30692599197974246,114,0.882260101010101,0.9020696794431918,5050
"[{'U'}, {'O'}, {'Y'}, {'W'}]",0.30692093086699646,132,0.8829811934060832,0.9020696794431918,5050
"[{'W'}, {'M'}, {'U'}, {'P'}]",0.3068910254587537,118,0.8824884792626728,0.9020696794431918,5050
"[{'Y'}, {'W'}, {'Y'}, {'V'}]",0.3068832874511914,132,0.8830422794117647,0.9020696794431918,5050
"[{'W'}, {'U'}, {'X'}, {'Y'}]",0.30687563123967443,123,0.8827160493827161,0.9020696794431918,5050
"[{'T'}, {'U'}, {'Z'}, {'P'}]",0.3068039993611822,122,0.8827956989247311,0.9020696794431918,5050
"[{'M'}, {'X'}, {'V'}, {'T'}]",0.30679679627779033,116,0.8825633383010432,0.9020696794431918,5050
"[{'M'}, {'T'}, {'Z'}, {'U'}]",0.3067934909601854,111,0.8823529411764707,0.9020696794431918,5050
"[{'N'}, {'O'}, {'W'}, {'M'}]",0.30678411320799637,104,0.8820455393803658,0.9020696794431918,5050
"[{'P'}, {'Z'}, {'P'}, {'U'}, {'W'}]",0.30677039997635747,25,0.7922077922077921,0.9020696794431918,5050
"[{'U'}, {'P'}, {'V'}, {'Z'}, {'X'}]",0.30677039997635747,25,0.7922077922077921,0.9020696794431918,5050
"[{'W'}, {'X'}, {'M'}, {'Z'}]",0.3067613329150476,117,0.8826650943396226,0.9020696794431918,5050
"[{'V'}, {'Y'}, {'V'}, {'M'}]",0.30675505861274255,100,0.8818993506493507,0.9020696794431918,5050
"[{'T'}, {'U'}, {'X'}, {'N'}]",0.3067371106419564,129,0.8831730769230769,0.9020696794431918,5050
"[{'P'}, {'T'}, {'M'}, {'Z'}]",0.3066740669811452,94,0.8817303267372296,0.9020696794431918,5050
"[{'N'}, {'M'}, {'X'}, {'N'}]",0.3066661561857328,112,0.8826156299840511,0.9020696794431918,5050
"[{'P'}, {'X'}, {'P'}, {'X'}]",0.3066210862798059,117,0.882903981264637,0.9020696794431918,5050
"[{'P'}, {'W'}, {'Z'}, {'Y'}]",0.3066125207823398,116,0.8828775267538644,0.9020696794431918,5050
"[{'U'}, {'M'}, {'P'}, {'P'}]",0.3065989672791155,110,0.8826446280991735,0.9020696794431918,5050
"[{'P'}, {'X'}, {'M'}, {'T'}]",0.3065871168736265,105,0.8824383164005806,0.9020696794431918,5050
"[{'T'}, {'V'}, {'M'}, {'P'}]",0.3065871168736265,105,0.8824383164005806,0.9020696794431918,5050
"[{'X'}, {'O'}, {'N'}, {'N'}]",0.3065530474862245,125,0.8833333333333333,0.9020696794431918,5050
"[{'W'}, {'Z'}, {'P'}, {'M'}]",0.30655221525016696,115,0.8829401088929221,0.9020696794431918,5050
"[{'X'}, {'W'}, {'M'}, {'Y'}]",0.3065441498865439,121,0.8831955922865014,0.9020696794431918,5050
"[{'Z'}, {'Z'}, {'Y'}, {'Y'}]",0.3065441498865439,121,0.8831955922865014,0.9020696794431918,5050
"[{'N'}, {'Z'}, {'X'}, {'V'}]",0.30653745804572186,115,0.8829656862745098,0.9020696794431918,5050
"[{'T'}, {'U'}, {'T'}, {'M'}]",0.30650868490578764,123,0.8833333333333333,0.9020696794431918,5050
"[{'Y'}, {'Z'}, {'T'}, {'X'}]",0.30649885332733895,132,0.883677733921523,0.9020696794431918,5050
"[{'Y'}, {'M'}, {'N'}, {'M'}]",0.30649871967869413,110,0.8828202581926514,0.9020696794431918,5050
"[{'Y'}, {'V'}, {'P'}, {'V'}]",0.3064639601638087,121,0.8833333333333334,0.9020696794431918,5050
"[{'O'}, {'P'}, {'U'}, {'U'}]",0.30645775011618037,108,0.8828043250784792,0.9020696794431918,5050
"[{'W'}, {'M'}, {'W'}, {'P'}]",0.30642639464106813,123,0.8834745762711863,0.9020696794431918,5050
"[{'X'}, {'M'}, {'Z'}, {'X'}]",0.3064199908031172,120,0.8833705357142857,0.9020696794431918,5050
"[{'O'}, {'T'}, {'Y'}, {'W'}]",0.3063994958265578,146,0.8842991011665711,0.9020696794431918,5050
"[{'M'}, {'T'}, {'Z'}, {'Z'}]",0.3063973943327002,107,0.8828671328671328,0.9020696794431918,5050
"[{'M'}, {'P'}, {'Y'}, {'M'}]",0.30638715780160997,110,0.8830176138251911,0.9020696794431918,5050
"[{'V'}, {'P'}, {'M'}, {'V'}]",0.30638518115880387,118,0.883352534562212,0.9020696794431918,5050
"[{'O'}, {'N'}, {'M'}, {'N'}]",0.30636951304248183,131,0.8838619402985075,0.9020696794431918,5050
"[{'O'}, {'Z'}, {'M'}, {'X'}]",0.30636307666418094,118,0.8833912037037037,0.9020696794431918,5050
"[{'X'}, {'W'}, {'V'}, {'M'}]",0.30633433147931566,135,0.8840579710144928,0.9020696794431918,5050
"[{'X'}, {'P'}, {'W'}, {'U'}]",0.30630533373956814,127,0.8838308457711442,0.9020696794431918,5050
"[{'U'}, {'P'}, {'V'}, {'Z'}]",0.306281824265928,125,0.8837991718426501,0.9020696794431918,5050
"[{'P'}, {'M'}, {'O'}, {'V'}]",0.30628057190115343,109,0.8831649831649832,0.9020696794431918,5050
"[{'T'}, {'U'}, {'O'}, {'P'}]",0.306259554130873,121,0.8836891078270388,0.9020696794431918,5050
"[{'N'}, {'W'}, {'M'}, {'V'}]",0.306247719561462,110,0.8832671957671957,0.9020696794431918,5050
"[{'Z'}, {'P'}, {'X'}, {'U'}]",0.3062285728904037,123,0.8838185890257558,0.9020696794431918,5050
"[{'U'}, {'X'}, {'V'}, {'M'}]",0.30621222679057347,136,0.8842993079584774,0.9020696794431918,5050
"[{'N'}, {'U'}, {'Y'}, {'X'}]",0.3061841411383551,131,0.884180790960452,0.9020696794431918,5050
"[{'P'}, {'M'}, {'T'}, {'M'}]",0.3061564167850841,109,0.8833898305084745,0.9020696794431918,5050
"[{'U'}, {'T'}, {'M'}, {'U'}]",0.3061556325022321,111,0.8834759710335747,0.9020696794431918,5050
"[{'N'}, {'T'}, {'M'}, {'N'}]",0.3061383937643377,122,0.8839406207827261,0.9020696794431918,5050
"[{'V'}, {'X'}, {'Z'}, {'X'}]",0.30613545539804365,119,0.8838326738270209,0.9020696794431918,5050
"[{'M'}, {'O'}, {'O'}, {'O'}]",0.30613074767826454,140,0.8845668629100084,0.9020696794431918,5050
"[{'T'}, {'W'}, {'T'}, {'X'}]",0.30612611250722555,133,0.8843490304709141,0.9020696794431918,5050
"[{'U'}, {'N'}, {'U'}, {'X'}]",0.3061003767866127,114,0.8836993504484999,0.9020696794431918,5050
"[{'T'}, {'U'}, {'P'}, {'Z'}]",0.3060702500387258,124,0.8841349986712729,0.9020696794431918,5050
"[{'T'}, {'Y'}, {'M'}, {'T'}, {'T'}]",0.3060378205975697,26,0.79375,0.9020696794431918,5050
"[{'P'}, {'Z'}, {'U'}, {'W'}, {'O'}]",0.3060378205975697,26,0.79375,0.9020696794431918,5050
"[{'U'}, {'N'}, {'U'}, {'M'}]",0.306022919440062,105,0.8834615384615384,0.9020696794431918,5050
"[{'Y'}, {'W'}, {'X'}, {'V'}]",0.30601988563141613,110,0.8836822864739116,0.9020696794431918,5050
"[{'W'}, {'V'}, {'T'}, {'U'}]",0.3060153527617584,106,0.8835196538045438,0.9020696794431918,5050
"[{'X'}, {'T'}, {'X'}, {'P'}]",0.30600168723084653,101,0.8833199679230153,0.9020696794431918,5050
"[{'U'}, {'X'}, {'W'}, {'W'}]",0.3059868524970346,128,0.8844246031746033,0.9020696794431918,5050
"[{'T'}, {'P'}, {'N'}, {'T'}]",0.3059757608282945,111,0.8838051349572087,0.9020696794431918,5050
"[{'Y'}, {'V'}, {'O'}, {'X'}]",0.30597511432677793,123,0.8842690677966101,0.9020696794431918,5050
"[{'W'}, {'M'}, {'N'}, {'M'}]",0.3059740067853488,139,0.8848069738480697,0.9020696794431918,5050
"[{'N'}, {'X'}, {'O'}, {'P'}]",0.3059074041369413,137,0.884861407249467,0.9020696794431918,5050
"[{'V'}, {'N'}, {'Y'}, {'T'}]",0.305902936778393,103,0.8835978835978836,0.9020696794431918,5050
"[{'X'}, {'M'}, {'Y'}, {'O'}]",0.30589690328739716,126,0.8845164609053497,0.9020696794431918,5050
"[{'P'}, {'Z'}, {'U'}, {'V'}]",0.3058780626143516,122,0.8844086021505376,0.9020696794431918,5050
"[{'P'}, {'P'}, {'P'}, {'M'}]",0.305874435741207,110,0.8839522546419099,0.9020696794431918,5050
"[{'X'}, {'O'}, {'N'}, {'M'}]",0.3058479264465276,124,0.8845350052246603,0.9020696794431918,5050
"[{'Z'}, {'T'}, {'V'}, {'X'}]",0.3058401173038874,138,0.885011561908766,0.9020696794431918,5050
"[{'W'}, {'N'}, {'N'}, {'O'}]",0.30582668223399,129,0.8847457627118644,0.9020696794431918,5050
"[{'M'}, {'N'}, {'O'}, {'Y'}]",0.3058082204324378,114,0.8842364532019704,0.9020696794431918,5050
"[{'X'}, {'N'}, {'T'}, {'W'}]",0.3057962163312936,118,0.8844117647058823,0.9020696794431918,5050
"[{'O'}, {'Y'}, {'U'}, {'X'}]",0.30573692800789476,122,0.8846675712347354,0.9020696794431918,5050
"[{'M'}, {'O'}, {'Z'}, {'M'}]",0.3057346500060313,101,0.8838304552590267,0.9020696794431918,5050
"[{'O'}, {'W'}, {'T'}, {'Y'}]",0.30572229229045234,138,0.8852217784317847,0.9020696794431918,5050
"[{'W'}, {'Z'}, {'T'}, {'T'}]",0.30569807167650087,121,0.8847038527889592,0.9020696794431918,5050
"[{'U'}, {'P'}, {'P'}, {'Z'}]",0.30569144920015034,120,0.8846801346801347,0.9020696794431918,5050
"[{'W'}, {'M'}, {'T'}, {'V'}]",0.3056744991990852,120,0.8847117794486216,0.9020696794431918,5050
"[{'X'}, {'T'}, {'P'}, {'M'}]",0.30565199375187424,108,0.8842917251051894,0.9020696794431918,5050
"[{'T'}, {'T'}, {'O'}, {'U'}]",0.3056334626816347,110,0.8844086021505376,0.9020696794431918,5050
"[{'M'}, {'Z'}, {'U'}, {'T'}]",0.30562565558227583,111,0.8844634628044766,0.9020696794431918,5050
"[{'V'}, {'W'}, {'W'}, {'T'}]",0.3056146096890906,128,0.8851000741289845,0.9020696794431918,5050
"[{'W'}, {'Y'}, {'T'}, {'V'}]",0.3056084075354617,134,0.8853046594982079,0.9020696794431918,5050
"[{'V'}, {'P'}, {'U'}, {'X'}]",0.30560472764548574,118,0.8847701149425287,0.9020696794431918,5050
"[{'U'}, {'V'}, {'V'}, {'M'}]",0.30559551486202874,117,0.8847507331378299,0.9020696794431918,5050
"[{'X'}, {'X'}, {'V'}, {'U'}]",0.3055754361443743,130,0.8852380952380953,0.9020696794431918,5050
"[{'Z'}, {'Y'}, {'Y'}, {'W'}]",0.30555164857331707,126,0.8851505185934734,0.9020696794431918,5050
"[{'O'}, {'V'}, {'P'}, {'T'}]",0.3055455567403699,125,0.8851282051282051,0.9020696794431918,5050
"[{'P'}, {'P'}, {'M'}, {'U'}]",0.3055064466214211,107,0.8845331432644333,0.9020696794431918,5050
"[{'V'}, {'N'}, {'T'}, {'X'}]",0.30547726791489294,127,0.8853233830845771,0.9020696794431918,5050
"[{'M'}, {'T'}, {'Z'}, {'X'}]",0.3054679526321056,115,0.8849206349206349,0.9020696794431918,5050
"[{'W'}, {'Y'}, {'T'}, {'M'}]",0.3054663412143611,127,0.8853439680957129,0.9020696794431918,5050
"[{'U'}, {'M'}, {'T'}, {'U'}]",0.3054382643628403,128,0.8854296388542965,0.9020696794431918,5050
"[{'O'}, {'O'}, {'P'}, {'Z'}]",0.30540363736963205,135,0.8857142857142858,0.9020696794431918,5050
"[{'T'}, {'U'}, {'T'}, {'P'}]",0.30540143185352986,100,0.8844444444444445,0.9020696794431918,5050
"[{'M'}, {'X'}, {'V'}, {'N'}]",0.3053874085874866,134,0.8857142857142857,0.9020696794431918,5050
"[{'O'}, {'W'}, {'X'}, {'P'}]",0.3053566498273611,125,0.8854863612969635,0.9020696794431918,5050
"[{'M'}, {'V'}, {'X'}, {'Z'}]",0.30534846763610435,125,0.8855020491803279,0.9020696794431918,5050
"[{'W'}, {'P'}, {'P'}, {'M'}]",0.30534006939313774,112,0.8850574712643677,0.9020696794431918,5050
"[{'T'}, {'Z'}, {'M'}, {'Y'}]",0.30530113170603046,117,0.8853183962264152,0.9020696794431918,5050
"[{'U'}, {'T'}, {'X'}, {'P'}]",0.30529598447154815,96,0.8844797178130511,0.9020696794431918,5050
"[{'M'}, {'M'}, {'N'}, {'M'}]",0.3052908126674859,124,0.8855799373040752,0.9020696794431918,5050
"[{'V'}, {'T'}, {'Y'}, {'Z'}]",0.3052849706557318,113,0.8852040816326531,0.9020696794431918,5050
"[{'W'}, {'V'}, {'V'}, {'O'}]",0.30524898645286436,114,0.8853125,0.9020696794431918,5050
"[{'W'}, {'X'}, {'P'}, {'X'}]",0.3051811053530191,126,0.8858585858585859,0.9020696794431918,5050
"[{'P'}, {'X'}, {'O'}, {'X'}]",0.305168038406912,122,0.8857530529172319,0.9020696794431918,5050
"[{'Y'}, {'Z'}, {'X'}, {'Z'}]",0.3051625133633026,128,0.885958485958486,0.9020696794431918,5050
"[{'N'}, {'O'}, {'W'}, {'X'}]",0.30516223694734046,129,0.8859903381642512,0.9020696794431918,5050
"[{'M'}, {'V'}, {'T'}, {'M'}]",0.30516015313461065,118,0.8856321839080459,0.9020696794431918,5050
"[{'Z'}, {'W'}, {'Y'}, {'P'}]",0.3051515333728254,112,0.8854337152209493,0.9020696794431918,5050
"[{'T'}, {'M'}, {'M'}, {'W'}]",0.30513227486870587,114,0.885545905707196,0.9020696794431918,5050
"[{'X'}, {'V'}, {'M'}, {'V'}]",0.3051133492718363,141,0.8864372469635627,0.9020696794431918,5050
"[{'P'}, {'V'}, {'Y'}, {'T'}]",0.30510958911501396,120,0.8858016115587662,0.9020696794431918,5050
"[{'Y'}, {'N'}, {'P'}, {'Z'}]",0.30510084251708147,109,0.8854237288135592,0.9020696794431918,5050
"[{'O'}, {'X'}, {'W'}, {'X'}]",0.30509802411924913,137,0.8863539445628998,0.9020696794431918,5050
"[{'U'}, {'Z'}, {'M'}, {'T'}]",0.30508917276469205,117,0.885739333722969,0.9020696794431918,5050
"[{'V'}, {'P'}, {'U'}, {'U'}]",0.30508917276469194,117,0.8857393337229691,0.9020696794431918,5050
"[{'M'}, {'V'}, {'P'}, {'V'}, {'M'}]",0.3050793188745011,21,0.7884615384615384,0.9020696794431918,5050
"[{'Z'}, {'M'}, {'N'}, {'V'}]",0.305063140093086,124,0.8860265417642467,0.9020696794431918,5050
"[{'Z'}, {'M'}, {'T'}, {'Y'}]",0.30506240604540635,126,0.8860920416984491,0.9020696794431918,5050
"[{'U'}, {'Y'}, {'P'}, {'T'}]",0.30505402380748736,118,0.8858447488584476,0.9020696794431918,5050
"[{'M'}, {'W'}, {'X'}, {'P'}]",0.3050527863743311,126,0.8861111111111111,0.9020696794431918,5050
"[{'P'}, {'M'}, {'W'}, {'W'}]",0.30504783784698175,106,0.8854166666666666,0.9020696794431918,5050
"[{'X'}, {'Y'}, {'N'}, {'T'}, {'V'}]",0.3050392594192721,25,0.7933333333333333,0.9020696794431918,5050
"[{'W'}, {'M'}, {'T'}, {'W'}, {'U'}]",0.3050392594192721,25,0.7933333333333333,0.9020696794431918,5050
"[{'X'}, {'O'}, {'N'}, {'X'}, {'N'}]",0.305039259419272,25,0.7933333333333334,0.9020696794431918,5050
"[{'Z'}, {'P'}, {'M'}, {'Z'}]",0.3050138956563673,113,0.8857501569365976,0.9020696794431918,5050
"[{'M'}, {'O'}, {'P'}, {'O'}]",0.30500097749394306,110,0.8856666666666667,0.9020696794431918,5050
"[{'Z'}, {'V'}, {'M'}, {'T'}]",0.3049774351505208,124,0.8861979166666667,0.9020696794431918,5050
"[{'Z'}, {'U'}, {'M'}, {'P'}]",0.30497725987029567,107,0.8856022808267997,0.9020696794431918,5050
"[{'Y'}, {'U'}, {'Y'}, {'X'}]",0.30497698767921344,130,0.8863851992409867,0.9020696794431918,5050
"[{'U'}, {'N'}, {'X'}, {'Y'}]",0.30497025414893464,127,0.8863068465767117,0.9020696794431918,5050
"[{'W'}, {'U'}, {'U'}, {'T'}]",0.3049696543806443,120,0.8860830527497194,0.9020696794431918,5050
"[{'U'}, {'Y'}, {'X'}, {'P'}]",0.30496575546069193,113,0.8858490566037736,0.9020696794431918,5050
"[{'M'}, {'O'}, {'U'}, {'X'}]",0.30495831216527025,126,0.8862996158770807,0.9020696794431918,5050
"[{'T'}, {'V'}, {'Y'}, {'V'}]",0.3049369690687391,110,0.8857994041708044,0.9020696794431918,5050
"[{'M'}, {'M'}, {'W'}, {'N'}]",0.3049350731367939,134,0.8865864527629234,0.9020696794431918,5050
"[{'T'}, {'O'}, {'T'}, {'X'}]",0.3049194827848074,127,0.8864087301587302,0.9020696794431918,5050
"[{'P'}, {'T'}, {'M'}, {'U'}]",0.3049043774755674,108,0.8857929136566908,0.9020696794431918,5050
"[{'T'}, {'T'}, {'T'}, {'X'}]",0.3048971172670083,121,0.8862637362637362,0.9020696794431918,5050
"[{'Y'}, {'X'}, {'M'}, {'Z'}]",0.304886622788374,116,0.8861177884615384,0.9020696794431918,5050
"[{'X'}, {'Y'}, {'V'}, {'W'}]",0.3048604749867072,121,0.8863387978142077,0.9020696794431918,5050
"[{'N'}, {'P'}, {'N'}, {'U'}]",0.3048322695518234,106,0.8858695652173912,0.9020696794431918,5050
"[{'P'}, {'X'}, {'V'}, {'P'}]",0.3048264142372138,114,0.8861738323538509,0.9020696794431918,5050
"[{'Z'}, {'P'}, {'X'}, {'W'}]",0.3048140455900529,107,0.8859463276836158,0.9020696794431918,5050
"[{'W'}, {'Y'}, {'P'}, {'T'}]",0.30480124504552963,113,0.8861916771752837,0.9020696794431918,5050
"[{'W'}, {'P'}, {'X'}, {'P'}]",0.3047796126821497,110,0.8861304203905992,0.9020696794431918,5050
"[{'W'}, {'W'}, {'T'}, {'Y'}]",0.3047502390550134,133,0.8869289914066033,0.9020696794431918,5050
"[{'V'}, {'Y'}, {'U'}, {'V'}]",0.30473810259208745,106,0.8860714285714285,0.9020696794431918,5050
"[{'T'}, {'N'}, {'O'}, {'P'}]",0.30468682299465044,121,0.8866995073891626,0.9020696794431918,5050
"[{'U'}, {'W'}, {'Z'}, {'V'}]",0.30467877518051556,125,0.8868407578084998,0.9020696794431918,5050
"[{'P'}, {'M'}, {'W'}, {'T'}]",0.30466642825447054,112,0.8864433811802233,0.9020696794431918,5050
"[{'N'}, {'U'}, {'Z'}, {'T'}]",0.30466214464138885,118,0.8866550116550116,0.9020696794431918,5050
"[{'P'}, {'Z'}, {'V'}, {'V'}]",0.3046529750766397,113,0.8865069356872635,0.9020696794431918,5050
"[{'P'}, {'V'}, {'M'}, {'Z'}]",0.3046524446590726,111,0.8864384463462804,0.9020696794431918,5050
"[{'U'}, {'O'}, {'U'}, {'M'}]",0.3046063781229791,116,0.8867082961641392,0.9020696794431918,5050
"[{'T'}, {'U'}, {'X'}, {'M'}]",0.3045992003000051,128,0.8870967741935484,0.9020696794431918,5050
"[{'X'}, {'X'}, {'X'}, {'V'}]",0.3045981690488766,142,0.8874824191279888,0.9020696794431918,5050
"[{'N'}, {'M'}, {'X'}, {'O'}]",0.3045888137604452,114,0.8866792929292929,0.9020696794431918,5050
"[{'X'}, {'U'}, {'N'}, {'U'}]",0.30457954971041457,129,0.8871670702179177,0.9020696794431918,5050
"[{'N'}, {'V'}, {'P'}, {'Z'}]",0.304567901432664,122,0.8869825708061002,0.9020696794431918,5050
"[{'W'}, {'X'}, {'P'}, {'T'}]",0.3045588116072019,120,0.8869395711500975,0.9020696794431918,5050
"[{'P'}, {'T'}, {'N'}, {'P'}]",0.3045435240470913,104,0.8864224935257121,0.9020696794431918,5050
"[{'T'}, {'Z'}, {'V'}, {'Y'}]",0.30452122285684413,124,0.8871432312123593,0.9020696794431918,5050
"[{'U'}, {'X'}, {'T'}, {'X'}]",0.30451884646051386,136,0.8874889478337754,0.9020696794431918,5050
"[{'M'}, {'P'}, {'Y'}, {'W'}]",0.3045051077099913,105,0.8865454545454545,0.9020696794431918,5050
"[{'X'}, {'Z'}, {'N'}, {'M'}]",0.30449293174857506,117,0.8869863013698629,0.9020696794431918,5050
"[{'Z'}, {'M'}, {'Z'}, {'P'}]",0.30448323469428906,106,0.8866310160427807,0.9020696794431918,5050
"[{'N'}, {'M'}, {'P'}, {'X'}]",0.3044746027843477,110,0.8867924528301886,0.9020696794431918,5050
"[{'P'}, {'U'}, {'Z'}, {'M'}]",0.30446260690655946,107,0.8867132867132868,0.9020696794431918,5050
"[{'Z'}, {'P'}, {'V'}, {'X'}]",0.3044565427208169,132,0.8875114784205694,0.9020696794431918,5050
"[{'V'}, {'M'}, {'T'}, {'P'}]",0.30443869552383074,114,0.8870073891625615,0.9020696794431918,5050
"[{'T'}, {'T'}, {'Y'}, {'Z'}]",0.30443472295513974,104,0.8866666666666667,0.9020696794431918,5050
"[{'M'}, {'P'}, {'X'}, {'Z'}]",0.30441882112955254,131,0.8875642823749417,0.9020696794431918,5050
"[{'O'}, {'U'}, {'M'}, {'U'}]",0.30441630188691526,111,0.8869565217391304,0.9020696794431918,5050
"[{'Y'}, {'M'}, {'V'}, {'M'}]",0.3044074742070515,102,0.8866537717601548,0.9020696794431918,5050
"[{'X'}, {'P'}, {'X'}, {'T'}]",0.30439054608093363,122,0.8873655913978495,0.9020696794431918,5050
"[{'X'}, {'X'}, {'V'}, {'T'}]",0.3043897716214621,123,0.8873972602739726,0.9020696794431918,5050
"[{'M'}, {'M'}, {'Y'}, {'V'}]",0.3043765425688183,109,0.8869770580296897,0.9020696794431918,5050
"[{'T'}, {'N'}, {'X'}, {'U'}]",0.30437434337801295,113,0.8871173469387755,0.9020696794431918,5050
"[{'T'}, {'X'}, {'X'}, {'Z'}]",0.3043609419443213,113,0.8871473354231975,0.9020696794431918,5050
"[{'M'}, {'N'}, {'Y'}, {'X'}]",0.30435632424086967,124,0.8875000000000001,0.9020696794431918,5050
"[{'N'}, {'W'}, {'W'}, {'M'}]",0.3043333243057649,109,0.8870748299319728,0.9020696794431918,5050
"[{'M'}, {'X'}, {'X'}, {'N'}]",0.30431169510442124,129,0.8877403846153846,0.9020696794431918,5050
"[{'X'}, {'Z'}, {'Y'}, {'Z'}]",0.3042935755576682,117,0.8874269005847953,0.9020696794431918,5050
"[{'M'}, {'W'}, {'O'}, {'T'}]",0.30428540920408453,114,0.8873499538319483,0.9020696794431918,5050
"[{'V'}, {'V'}, {'M'}, {'N'}]",0.30428390962954266,111,0.8872549019607843,0.9020696794431918,5050
"[{'X'}, {'P'}, {'T'}, {'V'}]",0.30428182263086967,134,0.8879407141253088,0.9020696794431918,5050
"[{'Y'}, {'N'}, {'U'}, {'M'}]",0.3042790672383182,96,0.88671875,0.9020696794431918,5050
"[{'W'}, {'O'}, {'V'}, {'N'}]",0.304268795433667,122,0.8876344086021506,0.9020696794431918,5050
"[{'Y'}, {'P'}, {'T'}, {'V'}]",0.30424723651984487,123,0.8877118644067796,0.9020696794431918,5050
"[{'U'}, {'Y'}, {'P'}, {'M'}]",0.3042400919677396,102,0.8870406189555126,0.9020696794431918,5050
"[{'P'}, {'W'}, {'Y'}, {'X'}]",0.3042370914449537,125,0.8877922077922078,0.9020696794431918,5050
"[{'M'}, {'V'}, {'P'}, {'O'}]",0.3042240612543423,121,0.887704918032787,0.9020696794431918,5050
"[{'P'}, {'P'}, {'V'}, {'V'}]",0.30421901441082744,112,0.887436224489796,0.9020696794431918,5050
"[{'U'}, {'N'}, {'T'}, {'W'}]",0.30418737167260335,124,0.8878748370273793,0.9020696794431918,5050
"[{'O'}, {'Z'}, {'U'}, {'Y'}]",0.30417597033345944,107,0.8873684210526316,0.9020696794431918,5050
"[{'T'}, {'P'}, {'P'}, {'X'}]",0.3041727401804539,117,0.8877005347593583,0.9020696794431918,5050
"[{'M'}, {'T'}, {'T'}, {'U'}]",0.3041710574651497,125,0.8879399585921326,0.9020696794431918,5050
"[{'X'}, {'Y'}, {'T'}, {'Y'}]",0.30413705683862835,122,0.8879310344827586,0.9020696794431918,5050
"[{'N'}, {'M'}, {'U'}, {'V'}]",0.30413454667415096,110,0.8875661375661377,0.9020696794431918,5050
"[{'M'}, {'W'}, {'W'}, {'Z'}]",0.3041325369926229,119,0.8878531073446327,0.9020696794431918,5050
"[{'X'}, {'M'}, {'T'}, {'U'}]",0.3041325369926229,119,0.8878531073446327,0.9020696794431918,5050
"[{'M'}, {'Z'}, {'V'}, {'T'}]",0.3041131521875987,112,0.8876811594202899,0.9020696794431918,5050
"[{'Y'}, {'O'}, {'M'}, {'T'}]",0.3041002478833119,131,0.888262910798122,0.9020696794431918,5050
"[{'Y'}, {'T'}, {'M'}, {'X'}]",0.30407937724558876,123,0.8880914407230196,0.9020696794431918,5050
"[{'T'}, {'T'}, {'Z'}, {'P'}]",0.3040739889971845,116,0.887897710377639,0.9020696794431918,5050
"[{'M'}, {'Y'}, {'X'}, {'U'}]",0.3040607917882415,116,0.8879284649776453,0.9020696794431918,5050
"[{'M'}, {'N'}, {'W'}, {'N'}]",0.3040570481867475,125,0.8881987577639752,0.9020696794431918,5050
"[{'X'}, {'N'}, {'W'}, {'Y'}]",0.3040569246325763,113,0.887844611528822,0.9020696794431918,5050
"[{'P'}, {'X'}, {'X'}, {'X'}]",0.3040437487715463,140,0.8886158886158886,0.9020696794431918,5050
"[{'M'}, {'T'}, {'O'}, {'M'}]",0.304033098171682,127,0.8883084577114427,0.9020696794431918,5050
"[{'U'}, {'N'}, {'W'}, {'U'}]",0.30401794198494725,113,0.8879365079365079,0.9020696794431918,5050
"[{'T'}, {'W'}, {'M'}, {'N'}]",0.3040080300243957,128,0.8883928571428571,0.9020696794431918,5050
"[{'P'}, {'W'}, {'O'}, {'P'}]",0.303989726491954,116,0.8880952380952382,0.9020696794431918,5050
"[{'Y'}, {'V'}, {'M'}, {'T'}]",0.3039856733155021,121,0.8882513661202186,0.9020696794431918,5050
"[{'W'}, {'X'}, {'N'}, {'U'}]",0.3039840902479882,108,0.8878568971448229,0.9020696794431918,5050
"[{'P'}, {'Y'}, {'Z'}, {'M'}]",0.30398160129383056,111,0.8879598662207359,0.9020696794431918,5050
"[{'M'}, {'M'}, {'O'}, {'P'}]",0.30396933981597274,117,0.8881733021077285,0.9020696794431918,5050
"[{'M'}, {'M'}, {'U'}, {'O'}]",0.3039472220797699,121,0.8883415435139573,0.9020696794431918,5050
"[{'P'}, {'O'}, {'U'}, {'X'}]",0.3039471040283198,112,0.8880739795918368,0.9020696794431918,5050
"[{'N'}, {'Y'}, {'W'}, {'V'}]",0.3039377175624517,132,0.8886588451805842,0.9020696794431918,5050
"[{'Z'}, {'X'}, {'Y'}, {'P'}]",0.3039377175624516,132,0.8886588451805844,0.9020696794431918,5050
"[{'U'}, {'X'}, {'T'}, {'Z'}]",0.303928028669763,126,0.8885245901639345,0.9020696794431918,5050
"[{'P'}, {'P'}, {'M'}, {'N'}]",0.30392782003309227,101,0.8877551020408163,0.9020696794431918,5050
"[{'T'}, {'T'}, {'V'}, {'Y'}]",0.30392782003309227,101,0.8877551020408163,0.9020696794431918,5050
"[{'P'}, {'T'}, {'N'}, {'Z'}, {'P'}]",0.3039088863657984,20,0.7878787878787878,0.9020696794431918,5050
"[{'U'}, {'O'}, {'N'}, {'X'}]",0.30390716807090545,116,0.8882915173237753,0.9020696794431918,5050
"[{'M'}, {'P'}, {'O'}, {'V'}]",0.3039060604339492,122,0.8884667571234734,0.9020696794431918,5050
"[{'O'}, {'Z'}, {'V'}, {'V'}]",0.30389217719759587,127,0.8886352105530188,0.9020696794431918,5050
"[{'Z'}, {'V'}, {'P'}, {'N'}]",0.3038915204537955,137,0.888888888888889,0.9020696794431918,5050
"[{'X'}, {'X'}, {'M'}, {'Z'}]",0.3038730928379797,125,0.8886268343815514,0.9020696794431918,5050
"[{'U'}, {'X'}, {'Y'}, {'W'}]",0.30385476637086273,127,0.8887232985593642,0.9020696794431918,5050
"[{'V'}, {'Y'}, {'O'}, {'M'}]",0.3038534610185065,103,0.8880090497737557,0.9020696794431918,5050
"[{'T'}, {'U'}, {'T'}, {'N'}]",0.303833204988333,121,0.888612493090105,0.9020696794431918,5050
"[{'T'}, {'X'}, {'Y'}, {'O'}]",0.3038264124150869,106,0.8881766381766382,0.9020696794431918,5050
"[{'T'}, {'U'}, {'M'}, {'M'}]",0.3038257972145365,113,0.8883984867591425,0.9020696794431918,5050
"[{'V'}, {'W'}, {'W'}, {'Z'}]",0.30382245971495514,120,0.8886104149262044,0.9020696794431918,5050
"[{'P'}, {'X'}, {'O'}, {'N'}]",0.30381901408771605,136,0.8890330953926023,0.9020696794431918,5050
"[{'W'}, {'M'}, {'M'}, {'T'}]",0.3038067156370766,129,0.8888888888888888,0.9020696794431918,5050
"[{'Y'}, {'N'}, {'M'}, {'U'}]",0.30380482692117194,109,0.8883265856950068,0.9020696794431918,5050
"[{'P'}, {'X'}, {'W'}, {'U'}]",0.30380325973210065,118,0.8886002886002886,0.9020696794431918,5050
"[{'W'}, {'W'}, {'O'}, {'T'}]",0.30378417987402584,130,0.888967803030303,0.9020696794431918,5050
"[{'Y'}, {'X'}, {'P'}, {'X'}]",0.30375086719343947,130,0.8890472796388692,0.9020696794431918,5050
"[{'T'}, {'T'}, {'T'}, {'W'}]",0.30372552336761005,107,0.8884615384615385,0.9020696794431918,5050
"[{'X'}, {'X'}, {'Y'}, {'M'}]",0.30372436045797824,110,0.888558201058201,0.9020696794431918,5050
"[{'W'}, {'M'}, {'W'}, {'U'}]",0.30371652000915106,124,0.8889759665621735,0.9020696794431918,5050
"[{'P'}, {'W'}, {'O'}, {'U'}]",0.3037082813923204,137,0.8893178893178892,0.9020696794431918,5050
"[{'P'}, {'M'}, {'Z'}, {'Y'}]",0.3036979463560019,113,0.8887147335423197,0.9020696794431918,5050
"[{'Y'}, {'N'}, {'V'}, {'U'}]",0.3036898347399686,116,0.8888221153846153,0.9020696794431918,5050
"[{'X'}, {'Z'}, {'Y'}, {'V'}]",0.30368149176257575,122,0.8890086206896551,0.9020696794431918,5050
"[{'T'}, {'T'}, {'M'}, {'V'}]",0.3036811792861648,123,0.8890360169491525,0.9020696794431918,5050
"[{'M'}, {'W'}, {'M'}, {'Y'}]",0.3036766910760551,100,0.8883553421368546,0.9020696794431918,5050
"[{'T'}, {'O'}, {'M'}, {'W'}]",0.30366525879492545,104,0.8885185185185185,0.9020696794431918,5050
"[{'U'}, {'V'}, {'U'}, {'M'}]",0.30366308881637183,116,0.8888888888888888,0.9020696794431918,5050
"[{'P'}, {'O'}, {'X'}, {'T'}]",0.30365875630201533,133,0.8893424036281179,0.9020696794431918,5050
"[{'U'}, {'Y'}, {'X'}, {'N'}]",0.30364842108383827,117,0.8889538281706604,0.9020696794431918,5050
"[{'W'}, {'M'}, {'Y'}, {'Y'}]",0.3036452294443851,102,0.8885044213763936,0.9020696794431918,5050
"[{'T'}, {'O'}, {'P'}, {'N'}]",0.3036185713017897,130,0.889367816091954,0.9020696794431918,5050
"[{'X'}, {'W'}, {'Z'}, {'U'}]",0.3036185713017897,130,0.889367816091954,0.9020696794431918,5050
"[{'V'}, {'Y'}, {'V'}, {'V'}]",0.3035912649184468,103,0.8886778115501519,0.9020696794431918,5050
"[{'T'}, {'Y'}, {'P'}, {'V'}]",0.3035769236524769,111,0.8889627659574468,0.9020696794431918,5050
"[{'N'}, {'O'}, {'T'}, {'T'}]",0.3035747119098653,126,0.8893771000258465,0.9020696794431918,5050
"[{'N'}, {'N'}, {'O'}, {'U'}]",0.30357210700741943,122,0.8892808683853459,0.9020696794431918,5050
"[{'W'}, {'V'}, {'Y'}, {'M'}]",0.30357210700741943,122,0.8892808683853459,0.9020696794431918,5050
"[{'Z'}, {'Z'}, {'W'}, {'U'}]",0.3035511823551882,131,0.8895582329317269,0.9020696794431918,5050
"[{'O'}, {'V'}, {'P'}, {'Y'}]",0.3035511684551093,110,0.8889996676636757,0.9020696794431918,5050
"[{'X'}, {'W'}, {'N'}, {'U'}]",0.30351964104438367,115,0.8892251815980629,0.9020696794431918,5050
"[{'O'}, {'Z'}, {'X'}, {'N'}]",0.3034930723867859,111,0.8891803278688525,0.9020696794431918,5050
"[{'U'}, {'Y'}, {'X'}, {'U'}]",0.3034922975990483,114,0.8892679900744417,0.9020696794431918,5050
"[{'X'}, {'U'}, {'U'}, {'Y'}]",0.3034730655557387,124,0.8895833333333334,0.9020696794431918,5050
"[{'Y'}, {'Y'}, {'W'}, {'V'}]",0.30345568977780246,117,0.8894457547169812,0.9020696794431918,5050
"[{'M'}, {'W'}, {'Z'}, {'T'}]",0.30343025306481997,119,0.8895652173913043,0.9020696794431918,5050
"[{'Y'}, {'Y'}, {'Y'}, {'N'}]",0.3034149404151074,117,0.8895522388059701,0.9020696794431918,5050
"[{'M'}, {'V'}, {'P'}, {'T'}]",0.30341124717218326,129,0.8898635477582846,0.9020696794431918,5050
"[{'W'}, {'W'}, {'X'}, {'P'}]",0.30338228953987256,130,0.88996138996139,0.9020696794431918,5050
"[{'W'}, {'Z'}, {'N'}, {'X'}]",0.3033769663105448,120,0.8897306397306397,0.9020696794431918,5050
"[{'W'}, {'V'}, {'Z'}, {'T'}]",0.30336256176314946,126,0.8899176954732511,0.9020696794431918,5050
"[{'U'}, {'Y'}, {'O'}, {'O'}]",0.3033580253085977,111,0.889538661468486,0.9020696794431918,5050
"[{'O'}, {'W'}, {'O'}, {'X'}]",0.3033566053412142,111,0.8895424836601308,0.9020696794431918,5050
"[{'X'}, {'W'}, {'W'}, {'U'}]",0.3033556958294019,109,0.889487870619946,0.9020696794431918,5050
"[{'X'}, {'M'}, {'W'}, {'W'}]",0.30334597153347065,113,0.8896268184693232,0.9020696794431918,5050
"[{'M'}, {'Y'}, {'X'}, {'W'}]",0.3033422593120504,101,0.8892828999211978,0.9020696794431918,5050
"[{'X'}, {'X'}, {'Y'}, {'O'}]",0.3033220025915875,105,0.8894620486366986,0.9020696794431918,5050
"[{'M'}, {'X'}, {'M'}, {'V'}]",0.3033127010799539,112,0.8896890343698854,0.9020696794431918,5050
"[{'W'}, {'U'}, {'Y'}, {'T'}]",0.30330972399947065,129,0.890126582278481,0.9020696794431918,5050
"[{'P'}, {'P'}, {'X'}, {'M'}]",0.30330884930446866,103,0.8894376899696048,0.9020696794431918,5050
"[{'U'}, {'W'}, {'N'}, {'Z'}]",0.30329542867499093,131,0.8902097902097902,0.9020696794431918,5050
"[{'P'}, {'W'}, {'W'}, {'Y'}]",0.30326637470616613,118,0.8899741453605285,0.9020696794431918,5050
"[{'O'}, {'Z'}, {'M'}, {'Z'}]",0.30326497472654035,105,0.8896198830409356,0.9020696794431918,5050
"[{'P'}, {'W'}, {'T'}, {'T'}]",0.30320605187975913,124,0.8902854150301126,0.9020696794431918,5050
"[{'Y'}, {'V'}, {'U'}, {'M'}]",0.30318840287297233,91,0.8893893893893894,0.9020696794431918,5050
"[{'W'}, {'O'}, {'T'}, {'M'}]",0.303176488229257,112,0.8900641025641026,0.9020696794431918,5050
"[{'V'}, {'P'}, {'O'}, {'P'}]",0.3031728055199149,118,0.8902298850574712,0.9020696794431918,5050
"[{'X'}, {'N'}, {'X'}, {'W'}]",0.30316083228250623,104,0.8898842851810377,0.9020696794431918,5050
"[{'M'}, {'Y'}, {'M'}, {'T'}]",0.303156231743715,118,0.8902757619738751,0.9020696794431918,5050
"[{'Z'}, {'W'}, {'T'}, {'N'}]",0.303156231743715,118,0.8902757619738751,0.9020696794431918,5050
"[{'T'}, {'P'}, {'N'}, {'M'}]",0.30314703740801874,103,0.889894419306184,0.9020696794431918,5050
"[{'W'}, {'O'}, {'T'}, {'N'}]",0.3031457720750296,115,0.8902288188002474,0.9020696794431918,5050
"[{'V'}, {'U'}, {'U'}, {'W'}]",0.3031394812214685,137,0.890752688172043,0.9020696794431918,5050
"[{'X'}, {'P'}, {'Z'}, {'P'}]",0.30313567341712977,105,0.889985380116959,0.9020696794431918,5050
"[{'M'}, {'P'}, {'P'}, {'W'}]",0.3031220935081965,119,0.8903954802259887,0.9020696794431918,5050
"[{'Z'}, {'X'}, {'T'}, {'V'}]",0.30311647312524304,130,0.8906660300787778,0.9020696794431918,5050
"[{'V'}, {'T'}, {'U'}, {'V'}]",0.30310591393308184,98,0.8898623279098874,0.9020696794431918,5050
"[{'X'}, {'Y'}, {'Z'}, {'T'}]",0.3031002145716779,116,0.8903823178016727,0.9020696794431918,5050
"[{'X'}, {'V'}, {'O'}, {'Y'}]",0.30308796575537933,132,0.8907873470330177,0.9020696794431918,5050
"[{'W'}, {'T'}, {'Z'}, {'T'}]",0.30308688238717607,110,0.8902643024422885,0.9020696794431918,5050
"[{'P'}, {'T'}, {'O'}, {'Z'}]",0.30307995753216055,100,0.89,0.9020696794431918,5050
"[{'U'}, {'P'}, {'U'}, {'O'}]",0.3030781584261668,114,0.8903940886699507,0.9020696794431918,5050
"[{'V'}, {'M'}, {'M'}, {'P'}]",0.3030673197779681,122,0.8906208008599839,0.9020696794431918,5050
"[{'M'}, {'Z'}, {'P'}, {'N'}]",0.3030329024072784,116,0.8905738923580138,0.9020696794431918,5050
"[{'X'}, {'M'}, {'W'}, {'O'}, {'U'}]",0.3030271211012623,27,0.7967032967032968,0.9020696794431918,5050
"[{'W'}, {'V'}, {'Z'}, {'Y'}]",0.303014081856838,117,0.8906525573192241,0.9020696794431918,5050
"[{'T'}, {'Y'}, {'X'}, {'Y'}]",0.30301265609802197,106,0.8903714388748647,0.9020696794431918,5050
"[{'Y'}, {'P'}, {'O'}, {'T'}]",0.3030045222124287,125,0.8908668730650154,0.9020696794431918,5050
"[{'W'}, {'V'}, {'U'}, {'Y'}]",0.30300360685091543,107,0.8904255319148936,0.9020696794431918,5050
"[{'U'}, {'Y'}, {'Z'}, {'X'}]",0.3030024103100515,118,0.8907103825136612,0.9020696794431918,5050
"[{'O'}, {'M'}, {'P'}, {'T'}]",0.3029970274833922,109,0.8904986522911051,0.9020696794431918,5050
"[{'X'}, {'X'}, {'M'}, {'P'}]",0.3029771381591365,110,0.8905835543766578,0.9020696794431918,5050
"[{'T'}, {'P'}, {'T'}, {'U'}]",0.30297195151412193,110,0.890598862495818,0.9020696794431918,5050
"[{'M'}, {'P'}, {'W'}, {'Z'}]",0.3029711874919615,122,0.8908941755537326,0.9020696794431918,5050
"[{'N'}, {'Y'}, {'Y'}, {'V'}]",0.30296424291726565,127,0.8910256410256411,0.9020696794431918,5050
"[{'T'}, {'O'}, {'W'}, {'Y'}]",0.30294240274487894,121,0.8909544950055495,0.9020696794431918,5050
"[{'X'}, {'V'}, {'N'}, {'O'}]",0.3029365687832697,107,0.890625,0.9020696794431918,5050
"[{'N'}, {'X'}, {'N'}, {'X'}]",0.3029329325394242,107,0.8906359189378057,0.9020696794431918,5050
"[{'M'}, {'N'}, {'M'}, {'T'}]",0.30293157098678725,152,0.8916003536693192,0.9020696794431918,5050
"[{'X'}, {'Z'}, {'O'}, {'Y'}]",0.3029146608236837,135,0.8913333333333333,0.9020696794431918,5050
"[{'X'}, {'X'}, {'M'}, {'U'}]",0.30290004789951785,121,0.8910782703886152,0.9020696794431918,5050
"[{'T'}, {'W'}, {'P'}, {'P'}]",0.3028991323844341,98,0.8904862579281184,0.9020696794431918,5050
"[{'W'}, {'O'}, {'M'}, {'O'}]",0.3028904553014321,122,0.8911290322580645,0.9020696794431918,5050
"[{'Y'}, {'T'}, {'N'}, {'W'}]",0.3028802350074503,110,0.8908730158730158,0.9020696794431918,5050
"[{'M'}, {'P'}, {'Y'}, {'Y'}]",0.3028678175614442,114,0.8910098522167488,0.9020696794431918,5050
"[{'V'}, {'Y'}, {'T'}, {'W'}]",0.3028654242105592,115,0.8910411622276029,0.9020696794431918,5050
"[{'M'}, {'M'}, {'W'}, {'Z'}]",0.30284920639273794,132,0.8914619883040935,0.9020696794431918,5050
"[{'P'}, {'M'}, {'M'}, {'T'}]",0.3028430899687512,107,0.890909090909091,0.9020696794431918,5050
"[{'O'}, {'T'}, {'X'}, {'Y'}]",0.3028210563740963,126,0.8914212548015366,0.9020696794431918,5050
"[{'X'}, {'P'}, {'V'}, {'P'}]",0.3027841616138296,109,0.8911426639621366,0.9020696794431918,5050
"[{'T'}, {'T'}, {'O'}, {'P'}]",0.3027827800864833,100,0.8909090909090909,0.9020696794431918,5050
"[{'O'}, {'Y'}, {'X'}, {'O'}]",0.30278022798977355,120,0.8914141414141414,0.9020696794431918,5050
"[{'W'}, {'T'}, {'O'}, {'U'}]",0.30277191781027113,103,0.891025641025641,0.9020696794431918,5050
"[{'T'}, {'V'}, {'O'}, {'X'}]",0.30276706930674646,112,0.8912695874640231,0.9020696794431918,5050
"[{'U'}, {'M'}, {'X'}, {'P'}]",0.30276563564386594,108,0.8911754447157307,0.9020696794431918,5050
"[{'P'}, {'Y'}, {'X'}, {'V'}]",0.30275621121104046,121,0.8915094339622641,0.9020696794431918,5050
"[{'O'}, {'Z'}, {'T'}, {'Z'}]",0.30275621121104046,121,0.8915094339622641,0.9020696794431918,5050
"[{'W'}, {'M'}, {'P'}, {'T'}]",0.30275392662518064,114,0.8913580246913579,0.9020696794431918,5050
"[{'N'}, {'N'}, {'N'}, {'T'}]",0.3027339503732198,127,0.8917039244908097,0.9020696794431918,5050
"[{'O'}, {'T'}, {'T'}, {'W'}, {'V'}]",0.3027018625803406,25,0.7948717948717948,0.9020696794431918,5050
"[{'V'}, {'X'}, {'Y'}, {'M'}, {'W'}]",0.3027018625803406,25,0.7948717948717948,0.9020696794431918,5050
"[{'Y'}, {'N'}, {'U'}, {'X'}]",0.3026645735812523,103,0.8913713405238829,0.9020696794431918,5050
"[{'W'}, {'M'}, {'V'}, {'P'}]",0.30266450154769675,124,0.8918565069389892,0.9020696794431918,5050
"[{'U'}, {'M'}, {'O'}, {'Z'}]",0.3026569935451977,105,0.8914473684210527,0.9020696794431918,5050
"[{'O'}, {'X'}, {'X'}, {'M'}]",0.3026489758822628,123,0.8918845315904139,0.9020696794431918,5050
"[{'P'}, {'P'}, {'X'}, {'Z'}]",0.3026489139045935,115,0.8917120387174833,0.9020696794431918,5050
"[{'O'}, {'X'}, {'T'}, {'Y'}]",0.30264238123074527,122,0.8918845315904139,0.9020696794431918,5050
"[{'O'}, {'M'}, {'O'}, {'T'}]",0.302641685941372,112,0.8916666666666665,0.9020696794431918,5050
"[{'W'}, {'Y'}, {'Z'}, {'T'}]",0.3026312937965846,117,0.8918128654970761,0.9020696794431918,5050
"[{'V'}, {'Z'}, {'Y'}, {'V'}]",0.30262628932337277,122,0.8919354838709677,0.9020696794431918,5050
"[{'M'}, {'U'}, {'V'}, {'T'}]",0.30259416388320715,118,0.8919540229885057,0.9020696794431918,5050
"[{'Y'}, {'T'}, {'N'}, {'N'}]",0.30258967814232796,96,0.891433806688044,0.9020696794431918,5050
"[{'U'}, {'O'}, {'U'}, {'X'}]",0.3025844289811561,119,0.8920068027210883,0.9020696794431918,5050
"[{'Y'}, {'O'}, {'X'}, {'M'}]",0.3025723496105279,96,0.8914930555555556,0.9020696794431918,5050
"[{'Z'}, {'N'}, {'M'}, {'W'}]",0.30256839405995717,109,0.8918367346938776,0.9020696794431918,5050
"[{'O'}, {'T'}, {'X'}, {'X'}]",0.3025642588842301,108,0.891826923076923,0.9020696794431918,5050
"[{'T'}, {'U'}, {'X'}, {'T'}]",0.30256224145378563,106,0.8917857142857143,0.9020696794431918,5050
"[{'W'}, {'N'}, {'U'}, {'T'}]",0.30253178411962856,101,0.891764705882353,0.9020696794431918,5050
"[{'P'}, {'P'}, {'N'}, {'U'}]",0.3024912188316652,95,0.8917480035492458,0.9020696794431918,5050
"[{'Y'}, {'U'}, {'M'}, {'Y'}, {'N'}]",0.30153174166703944,21,0.790909090909091,0.9020696794431918,5050
"[{'V'}, {'T'}, {'O'}, {'W'}, {'P'}]",0.30153174166703944,21,0.790909090909091,0.9020696794431918,5050
"[{'W'}, {'W'}, {'W'}, {'P'}, {'V'}]",0.3011770424957271,23,0.7936507936507936,0.9020696794431918,5050
"[{'V'}, {'Y'}, {'U'}, {'U'}, {'U'}]",0.3008885014844993,20,0.79,0.9020696794431918,5050
"[{'U'}, {'M'}, {'U'}, {'O'}, {'O'}]",0.3008885014844993,20,0.79,0.9020696794431918,5050
"[{'T'}, {'O'}, {'Z'}, {'Y'}, {'Y'}]",0.29980930036855336,22,0.7933884297520661,0.9020696794431918,5050
"[{'W'}, {'N'}, {'W'}, {'U'}, {'W'}]",0.29919264059857487,20,0.7912087912087912,0.9020696794431918,5050
"[{'W'}, {'T'}, {'T'}, {'N'}, {'Y'}]",0.29919264059857476,20,0.7912087912087913,0.9020696794431918,5050
"[{'X'}, {'P'}, {'N'}, {'V'}, {'W'}]",0.2983462562154414,26,0.7988165680473372,0.9020696794431918,5050
"[{'N'}, {'M'}, {'O'}, {'V'}, {'Z'}]",0.29802677212553985,27,0.7999999999999999,0.9020696794431918,5050
"[{'Z'}, {'O'}, {'U'}, {'X'}, {'T'}]",0.29769569267176754,22,0.7948717948717948,0.9020696794431918,5050
"[{'W'}, {'W'}, {'X'}, {'O'}, {'U'}]",0.2971595466545319,25,0.7986111111111112,0.9020696794431918,5050
"[{'X'}, {'T'}, {'Y'}, {'T'}, {'W'}]",0.2966027582908949,26,0.8,0.9020696794431918,5050
"[{'O'}, {'Z'}, {'P'}, {'V'}, {'X'}]",0.2953435730704368,28,0.8027210884353742,0.9020696794431918,5050
"[{'Y'}, {'O'}, {'Y'}, {'P'}, {'Z'}]",0.29399549579232576,21,0.7962962962962963,0.9020696794431918,5050
"[{'M'}, {'Y'}, {'T'}, {'V'}, {'Y'}]",0.29399549579232576,21,0.7962962962962963,0.9020696794431918,5050
"[{'X'}, {'T'}, {'M'}, {'O'}, {'U'}]",0.29360312554396195,29,0.8047619047619048,0.9020696794431918,5050
"[{'O'}, {'U'}, {'U'}, {'T'}, {'V'}]",0.2933212153945659,25,0.8012820512820513,0.9020696794431918,5050
"[{'V'}, {'P'}, {'O'}, {'Z'}, {'X'}]",0.29061243633344835,22,0.8,0.9020696794431918,5050
"[{'W'}, {'Z'}, {'O'}, {'U'}, {'T'}]",0.28998810749642834,23,0.8015873015873016,0.9020696794431918,5050
"[{'M'}, {'Z'}, {'X'}, {'V'}, {'Y'}]",0.2890314505923497,21,0.7999999999999999,0.9020696794431918,5050
"[{'V'}, {'U'}, {'U'}, {'P'}, {'Y'}]",0.28846189503691755,28,0.8074866310160428,0.9020696794431918,5050
"[{'Y'}, {'X'}, {'P'}, {'N'}, {'U'}]",0.28840338260900733,22,0.8016528925619835,0.9020696794431918,5050
"[{'T'}, {'U'}, {'V'}, {'M'}, {'T'}]",0.2881894143010668,27,0.8068181818181819,0.9020696794431918,5050
"[{'X'}, {'P'}, {'M'}, {'N'}, {'Y'}]",0.2880450965425959,23,0.803030303030303,0.9020696794431918,5050
"[{'T'}, {'N'}, {'M'}, {'U'}, {'W'}]",0.2878866870233999,24,0.8041958041958042,0.9020696794431918,5050
"[{'N'}, {'P'}, {'V'}, {'T'}, {'W'}]",0.28741235239970764,20,0.8,0.9020696794431918,5050
"[{'U'}, {'W'}, {'X'}, {'W'}, {'O'}]",0.28697738079954294,27,0.8076923076923077,0.9020696794431918,5050
"[{'P'}, {'X'}, {'P'}, {'N'}, {'V'}]",0.2836238955097583,24,0.8074074074074075,0.9020696794431918,5050
"[{'W'}, {'M'}, {'N'}, {'M'}, {'W'}]",0.2823442990012205,27,0.8111111111111111,0.9020696794431918,5050
"[{'V'}, {'Z'}, {'X'}, {'M'}, {'V'}]",0.28195975427696174,23,0.8076923076923077,0.9020696794431918,5050
"[{'W'}, {'X'}, {'M'}, {'V'}, {'Z'}]",0.2798425664210722,22,0.8083333333333332,0.9020696794431918,5050
"[{'X'}, {'T'}, {'V'}, {'T'}, {'X'}]",0.27964934515642503,23,0.8095238095238095,0.9020696794431918,5050
"[{'T'}, {'M'}, {'W'}, {'T'}, {'M'}]",0.27964934515642503,23,0.8095238095238095,0.9020696794431918,5050
"[{'T'}, {'O'}, {'W'}, {'T'}, {'M'}]",0.2796147495244218,27,0.8131868131868133,0.9020696794431918,5050
"[{'P'}, {'N'}, {'U'}, {'Z'}, {'Z'}]",0.27932416701013096,25,0.8116883116883116,0.9020696794431918,5050
"[{'N'}, {'M'}, {'T'}, {'M'}, {'U'}]",0.27928680339660905,21,0.8076923076923077,0.9020696794431918,5050
"[{'T'}, {'Z'}, {'T'}, {'Z'}, {'X'}]",0.27878709819585223,24,0.8111888111888113,0.9020696794431918,5050
"[{'W'}, {'N'}, {'O'}, {'Y'}, {'O'}]",0.2776737980866698,30,0.8169642857142857,0.9020696794431918,5050
"[{'M'}, {'X'}, {'N'}, {'P'}, {'U'}]",0.27759704018129994,21,0.8090909090909091,0.9020696794431918,5050
"[{'X'}, {'V'}, {'M'}, {'Y'}, {'V'}]",0.2772509991398575,25,0.8133333333333334,0.9020696794431918,5050
"[{'M'}, {'U'}, {'P'}, {'Y'}, {'M'}]",0.2762946289735352,25,0.8141025641025641,0.9020696794431918,5050
"[{'X'}, {'Z'}, {'N'}, {'M'}, {'P'}]",0.275748082876624,20,0.8095238095238095,0.9020696794431918,5050
"[{'Z'}, {'O'}, {'W'}, {'Z'}, {'P'}]",0.27548848715391294,31,0.819327731092437,0.9020696794431918,5050
"[{'P'}, {'N'}, {'T'}, {'Z'}, {'V'}]",0.2751948368659711,20,0.81,0.9020696794431918,5050
"[{'W'}, {'Z'}, {'O'}, {'T'}, {'P'}]",0.2749726947424841,24,0.8142857142857143,0.9020696794431918,5050
"[{'W'}, {'U'}, {'O'}, {'O'}, {'W'}]",0.27461121717608017,29,0.8186274509803921,0.9020696794431918,5050
"[{'X'}, {'U'}, {'W'}, {'T'}, {'P'}]",0.27433423645478316,24,0.8148148148148149,0.9020696794431918,5050
"[{'Y'}, {'Z'}, {'U'}, {'Y'}, {'X'}]",0.27358393363575106,21,0.8125,0.9020696794431918,5050
"[{'Z'}, {'Z'}, {'T'}, {'W'}, {'U'}]",0.2735413651927625,28,0.81875,0.9020696794431918,5050
"[{'X'}, {'T'}, {'M'}, {'U'}, {'Y'}]",0.2716610003805231,26,0.8187500000000001,0.9020696794431918,5050
"[{'V'}, {'M'}, {'M'}, {'N'}, {'W'}]",0.2709444269982131,21,0.8148148148148148,0.9020696794431918,5050
"[{'O'}, {'M'}, {'M'}, {'N'}, {'W'}]",0.2709444269982131,21,0.8148148148148148,0.9020696794431918,5050
"[{'P'}, {'U'}, {'N'}, {'T'}, {'X'}]",0.27036175455148814,24,0.8181818181818181,0.9020696794431918,5050
"[{'Z'}, {'X'}, {'T'}, {'X'}, {'W'}]",0.27036175455148814,24,0.8181818181818181,0.9020696794431918,5050
"[{'M'}, {'V'}, {'T'}, {'P'}, {'M'}]",0.27016075547571705,23,0.8174603174603174,0.9020696794431918,5050
"[{'U'}, {'Y'}, {'T'}, {'Z'}, {'V'}]",0.2699894090121334,22,0.8166666666666667,0.9020696794431918,5050
"[{'P'}, {'M'}, {'M'}, {'U'}, {'W'}]",0.2699894090121334,22,0.8166666666666667,0.9020696794431918,5050
"[{'V'}, {'N'}, {'M'}, {'U'}, {'X'}]",0.2698828576675226,25,0.8194444444444444,0.9020696794431918,5050
"[{'M'}, {'Z'}, {'P'}, {'M'}, {'U'}]",0.26934031373578304,23,0.8181818181818181,0.9020696794431918,5050
"[{'X'}, {'O'}, {'V'}, {'V'}, {'V'}]",0.26923908579290634,25,0.8200000000000001,0.9020696794431918,5050
"[{'N'}, {'N'}, {'M'}, {'X'}, {'V'}]",0.2689123716063847,24,0.8194444444444444,0.9020696794431918,5050
"[{'V'}, {'T'}, {'U'}, {'P'}, {'N'}]",0.2689123716063845,24,0.8194444444444445,0.9020696794431918,5050
"[{'Y'}, {'W'}, {'V'}, {'O'}, {'P'}]",0.26864868973827905,25,0.8205128205128205,0.9020696794431918,5050
"[{'W'}, {'Y'}, {'T'}, {'M'}, {'X'}]",0.26850974055777455,26,0.8214285714285714,0.9020696794431918,5050
"[{'V'}, {'U'}, {'X'}, {'M'}, {'N'}]",0.26846725801846205,27,0.8222222222222222,0.9020696794431918,5050
"[{'P'}, {'O'}, {'M'}, {'N'}, {'W'}]",0.26826122419488707,29,0.8238095238095238,0.9020696794431918,5050
"[{'T'}, {'X'}, {'Z'}, {'Y'}, {'O'}]",0.26826122419488707,29,0.8238095238095238,0.9020696794431918,5050
"[{'P'}, {'Y'}, {'X'}, {'Z'}, {'Z'}]",0.2681791675183389,21,0.8173076923076923,0.9020696794431918,5050
"[{'U'}, {'V'}, {'X'}, {'N'}, {'O'}]",0.2676294089973992,30,0.8250000000000001,0.9020696794431918,5050
"[{'Z'}, {'P'}, {'O'}, {'P'}, {'Y'}]",0.2673425969469456,22,0.819047619047619,0.9020696794431918,5050
"[{'X'}, {'M'}, {'N'}, {'U'}, {'V'}]",0.2672285104338904,21,0.8181818181818182,0.9020696794431918,5050
"[{'W'}, {'Z'}, {'O'}, {'W'}, {'X'}]",0.26715467259799963,33,0.8272058823529411,0.9020696794431918,5050
"[{'T'}, {'N'}, {'Y'}, {'P'}, {'W'}]",0.26667917962134746,24,0.8214285714285714,0.9020696794431918,5050
"[{'O'}, {'N'}, {'M'}, {'W'}, {'T'}]",0.2661348615085749,20,0.8181818181818181,0.9020696794431918,5050
"[{'W'}, {'Z'}, {'M'}, {'U'}, {'O'}]",0.2661348615085749,20,0.8181818181818181,0.9020696794431918,5050
"[{'W'}, {'P'}, {'Z'}, {'Y'}, {'N'}]",0.2661348615085748,20,0.8181818181818182,0.9020696794431918,5050
"[{'O'}, {'P'}, {'P'}, {'N'}, {'W'}]",0.26575098495768823,22,0.8205128205128204,0.9020696794431918,5050
"[{'X'}, {'O'}, {'Y'}, {'Z'}, {'P'}]",0.2657509849576881,22,0.8205128205128205,0.9020696794431918,5050
"[{'T'}, {'Z'}, {'Z'}, {'X'}, {'P'}]",0.265750984957688,22,0.8205128205128206,0.9020696794431918,5050
"[{'Y'}, {'Z'}, {'O'}, {'T'}, {'X'}]",0.265586384221114,39,0.8315217391304348,0.9020696794431918,5050
"[{'W'}, {'X'}, {'X'}, {'M'}, {'Y'}]",0.2653443917486672,28,0.8256410256410257,0.9020696794431918,5050
"[{'X'}, {'O'}, {'O'}, {'P'}, {'W'}]",0.264770618555508,22,0.8214285714285714,0.9020696794431918,5050
"[{'W'}, {'N'}, {'W'}, {'T'}, {'P'}]",0.26399344149943527,25,0.8246753246753247,0.9020696794431918,5050
"[{'Z'}, {'X'}, {'Y'}, {'Z'}, {'P'}]",0.26395947918077356,23,0.823076923076923,0.9020696794431918,5050
"[{'W'}, {'V'}, {'T'}, {'Z'}, {'U'}]",0.26395947918077345,23,0.8230769230769232,0.9020696794431918,5050
"[{'Z'}, {'X'}, {'N'}, {'T'}, {'W'}]",0.26278492997695346,29,0.8285714285714285,0.9020696794431918,5050
"[{'N'}, {'Y'}, {'P'}, {'P'}, {'P'}]",0.26277314591033973,20,0.8214285714285715,0.9020696794431918,5050
"[{'O'}, {'M'}, {'X'}, {'X'}, {'N'}]",0.262610656090307,24,0.8251748251748252,0.9020696794431918,5050
"[{'Y'}, {'U'}, {'O'}, {'W'}, {'T'}]",0.2625630698084359,28,0.828125,0.9020696794431918,5050
"[{'X'}, {'U'}, {'V'}, {'X'}, {'N'}]",0.26158098648652905,25,0.8269230769230769,0.9020696794431918,5050
"[{'O'}, {'W'}, {'Y'}, {'O'}, {'V'}]",0.26158098648652905,25,0.8269230769230769,0.9020696794431918,5050
"[{'U'}, {'Z'}, {'T'}, {'Z'}, {'P'}]",0.26158098648652894,25,0.826923076923077,0.9020696794431918,5050
"[{'M'}, {'Z'}, {'X'}, {'T'}, {'W'}]",0.2612767006596769,20,0.8229166666666666,0.9020696794431918,5050
"[{'Z'}, {'Z'}, {'Y'}, {'M'}, {'V'}]",0.2612767006596769,20,0.8229166666666666,0.9020696794431918,5050
"[{'U'}, {'M'}, {'O'}, {'M'}, {'O'}]",0.26107747748156385,21,0.8240740740740741,0.9020696794431918,5050
"[{'V'}, {'M'}, {'M'}, {'N'}, {'P'}]",0.2610529641066326,22,0.825,0.9020696794431918,5050
"[{'W'}, {'M'}, {'U'}, {'V'}, {'X'}]",0.26078827364199986,26,0.8284023668639053,0.9020696794431918,5050
"[{'U'}, {'N'}, {'M'}, {'M'}, {'Z'}]",0.2600322472317409,20,0.8241758241758241,0.9020696794431918,5050
"[{'O'}, {'U'}, {'N'}, {'W'}, {'V'}]",0.25959536639047576,22,0.8264462809917356,0.9020696794431918,5050
"[{'X'}, {'W'}, {'M'}, {'T'}, {'M'}]",0.25959536639047576,22,0.8264462809917356,0.9020696794431918,5050
"[{'U'}, {'P'}, {'V'}, {'Y'}, {'Z'}]",0.2595032900699996,29,0.8315789473684211,0.9020696794431918,5050
"[{'X'}, {'O'}, {'X'}, {'P'}, {'Z'}]",0.2594586501138698,32,0.8333333333333333,0.9020696794431918,5050
"[{'N'}, {'W'}, {'T'}, {'P'}, {'Y'}]",0.2590891155079106,24,0.8285714285714285,0.9020696794431918,5050
"[{'X'}, {'O'}, {'P'}, {'N'}, {'Y'}]",0.25886401246719415,37,0.8363095238095237,0.9020696794431918,5050
"[{'V'}, {'P'}, {'X'}, {'O'}, {'T'}]",0.25880486573405026,26,0.8303030303030303,0.9020696794431918,5050
"[{'U'}, {'O'}, {'U'}, {'M'}, {'N'}]",0.2580244886742016,24,0.8296296296296296,0.9020696794431918,5050
"[{'T'}, {'Y'}, {'Y'}, {'M'}, {'V'}]",0.25783601928165223,26,0.83125,0.9020696794431918,5050
"[{'P'}, {'X'}, {'O'}, {'N'}, {'V'}]",0.2576523082067538,29,0.8333333333333334,0.9020696794431918,5050
"[{'P'}, {'W'}, {'U'}, {'T'}, {'N'}]",0.2572181076841241,25,0.8311688311688312,0.9020696794431918,5050
"[{'M'}, {'M'}, {'M'}, {'U'}, {'Z'}]",0.2572181076841241,25,0.8311688311688312,0.9020696794431918,5050
"[{'W'}, {'O'}, {'X'}, {'Y'}, {'T'}]",0.2572181076841241,25,0.8311688311688312,0.9020696794431918,5050
"[{'N'}, {'Y'}, {'M'}, {'P'}, {'X'}]",0.25703140126272594,22,0.8290598290598291,0.9020696794431918,5050
"[{'V'}, {'X'}, {'N'}, {'X'}, {'U'}]",0.25703140126272594,22,0.8290598290598291,0.9020696794431918,5050
"[{'V'}, {'M'}, {'T'}, {'Y'}, {'P'}]",0.2570295901194448,28,0.8333333333333334,0.9020696794431918,5050
"[{'Z'}, {'M'}, {'O'}, {'Z'}, {'P'}]",0.25651983197284867,30,0.835,0.9020696794431918,5050
"[{'O'}, {'Y'}, {'N'}, {'O'}, {'T'}]",0.25639564917726454,27,0.8333333333333333,0.9020696794431918,5050
"[{'T'}, {'M'}, {'U'}, {'Y'}, {'P'}]",0.25615733049116807,23,0.8307692307692307,0.9020696794431918,5050
"[{'T'}, {'N'}, {'Z'}, {'N'}, {'W'}]",0.25615733049116796,23,0.8307692307692308,0.9020696794431918,5050
"[{'M'}, {'O'}, {'O'}, {'N'}, {'N'}]",0.25611189771024334,20,0.8282828282828283,0.9020696794431918,5050
"[{'X'}, {'M'}, {'T'}, {'T'}, {'X'}]",0.2559107501674375,31,0.8361344537815125,0.9020696794431918,5050
"[{'W'}, {'M'}, {'M'}, {'T'}, {'M'}]",0.25574985579357723,26,0.8333333333333333,0.9020696794431918,5050
"[{'O'}, {'X'}, {'T'}, {'W'}, {'Z'}]",0.2550915192182852,25,0.8333333333333333,0.9020696794431918,5050
"[{'X'}, {'T'}, {'M'}, {'T'}, {'U'}]",0.2550915192182852,25,0.8333333333333333,0.9020696794431918,5050
"[{'W'}, {'O'}, {'U'}, {'T'}, {'P'}]",0.2550915192182851,25,0.8333333333333334,0.9020696794431918,5050
"[{'N'}, {'M'}, {'O'}, {'O'}, {'X'}]",0.25453570645166324,20,0.8300000000000002,0.9020696794431918,5050
"[{'O'}, {'U'}, {'T'}, {'M'}, {'W'}]",0.2544538127586383,28,0.8358974358974359,0.9020696794431918,5050
"[{'U'}, {'M'}, {'U'}, {'T'}, {'V'}]",0.2544538127586383,28,0.8358974358974359,0.9020696794431918,5050
"[{'O'}, {'W'}, {'N'}, {'N'}, {'T'}]",0.25441987888100803,24,0.8333333333333333,0.9020696794431918,5050
"[{'P'}, {'O'}, {'Y'}, {'U'}, {'O'}]",0.2540437662603232,27,0.8357142857142856,0.9020696794431918,5050
"[{'P'}, {'T'}, {'X'}, {'X'}, {'V'}]",0.2537340940921867,23,0.8333333333333334,0.9020696794431918,5050
"[{'N'}, {'X'}, {'M'}, {'X'}, {'X'}]",0.25352414207000007,30,0.8379629629629629,0.9020696794431918,5050
"[{'P'}, {'Z'}, {'P'}, {'U'}, {'N'}]",0.2530599454038712,36,0.8412698412698413,0.9020696794431918,5050
"[{'M'}, {'Y'}, {'N'}, {'U'}, {'Z'}]",0.2530332317045696,22,0.8333333333333333,0.9020696794431918,5050
"[{'Z'}, {'T'}, {'T'}, {'P'}, {'M'}]",0.2530332317045695,22,0.8333333333333334,0.9020696794431918,5050
"[{'X'}, {'T'}, {'Z'}, {'V'}, {'W'}]",0.2530332317045695,22,0.8333333333333334,0.9020696794431918,5050
"[{'T'}, {'P'}, {'O'}, {'T'}, {'X'}]",0.2527277100874643,29,0.8382352941176471,0.9020696794431918,5050
"[{'X'}, {'P'}, {'P'}, {'M'}, {'U'}]",0.2523162512185195,21,0.8333333333333333,0.9020696794431918,5050
"[{'O'}, {'X'}, {'T'}, {'U'}, {'Z'}]",0.2522535516074498,33,0.8407407407407408,0.9020696794431918,5050
"[{'Y'}, {'X'}, {'X'}, {'P'}, {'T'}]",0.251581986652467,20,0.8333333333333333,0.9020696794431918,5050
"[{'M'}, {'T'}, {'N'}, {'Y'}, {'W'}]",0.2515819866524669,20,0.8333333333333334,0.9020696794431918,5050
"[{'T'}, {'P'}, {'O'}, {'V'}, {'P'}]",0.25103688180975103,27,0.8388888888888888,0.9020696794431918,5050
"[{'V'}, {'W'}, {'Z'}, {'P'}, {'P'}]",0.2510361264955042,25,0.8376623376623376,0.9020696794431918,5050
"[{'U'}, {'T'}, {'P'}, {'W'}, {'U'}]",0.2510361264955041,25,0.8376623376623377,0.9020696794431918,5050
"[{'X'}, {'W'}, {'O'}, {'T'}, {'W'}]",0.25047183993902356,32,0.8421052631578947,0.9020696794431918,5050
"[{'M'}, {'W'}, {'V'}, {'N'}, {'P'}]",0.24968909292999197,21,0.8363636363636364,0.9020696794431918,5050
"[{'O'}, {'N'}, {'Z'}, {'W'}, {'Z'}]",0.24968909292999197,21,0.8363636363636364,0.9020696794431918,5050
"[{'X'}, {'U'}, {'W'}, {'P'}, {'Y'}]",0.24959599281042677,28,0.841025641025641,0.9020696794431918,5050
"[{'T'}, {'Z'}, {'N'}, {'X'}, {'U'}]",0.24954113948315026,21,0.8365384615384616,0.9020696794431918,5050
"[{'N'}, {'Z'}, {'X'}, {'P'}, {'P'}]",0.24937553883114694,21,0.8367346938775511,0.9020696794431918,5050
"[{'O'}, {'X'}, {'V'}, {'O'}, {'X'}]",0.24920014608157837,27,0.8409090909090909,0.9020696794431918,5050
"[{'Z'}, {'M'}, {'O'}, {'T'}, {'N'}]",0.24920014608157837,27,0.8409090909090909,0.9020696794431918,5050
"[{'X'}, {'W'}, {'O'}, {'T'}, {'T'}]",0.24918028793354752,25,0.8397435897435896,0.9020696794431918,5050
"[{'Y'}, {'X'}, {'T'}, {'N'}, {'W'}]",0.2491802879335474,25,0.8397435897435898,0.9020696794431918,5050
"[{'W'}, {'V'}, {'M'}, {'P'}, {'Z'}]",0.24915384104055505,23,0.8384615384615384,0.9020696794431918,5050
"[{'M'}, {'U'}, {'O'}, {'Y'}, {'X'}]",0.24915384104055494,23,0.8384615384615385,0.9020696794431918,5050
"[{'O'}, {'Y'}, {'V'}, {'O'}, {'Y'}]",0.24915384104055494,23,0.8384615384615385,0.9020696794431918,5050
"[{'X'}, {'N'}, {'X'}, {'O'}, {'Y'}]",0.24915384104055482,23,0.8384615384615386,0.9020696794431918,5050
"[{'M'}, {'T'}, {'P'}, {'M'}, {'O'}]",0.24913119471749479,24,0.8391608391608391,0.9020696794431918,5050
"[{'T'}, {'P'}, {'M'}, {'N'}, {'W'}]",0.24896152111161496,27,0.8411764705882353,0.9020696794431918,5050
"[{'N'}, {'X'}, {'X'}, {'M'}, {'Y'}]",0.24886211268044445,22,0.838095238095238,0.9020696794431918,5050
"[{'X'}, {'T'}, {'T'}, {'W'}, {'N'}]",0.24871378625629703,25,0.8402777777777778,0.9020696794431918,5050
"[{'U'}, {'X'}, {'X'}, {'Y'}, {'W'}]",0.2478661039705068,22,0.8392857142857143,0.9020696794431918,5050
"[{'M'}, {'P'}, {'T'}, {'W'}, {'U'}]",0.24764426376032456,35,0.8464052287581699,0.9020696794431918,5050
"[{'V'}, {'N'}, {'Z'}, {'U'}, {'M'}]",0.24737549431602435,26,0.8424242424242424,0.9020696794431918,5050
"[{'M'}, {'U'}, {'Y'}, {'V'}, {'U'}]",0.2473731228222833,20,0.8383838383838385,0.9020696794431918,5050
"[{'N'}, {'M'}, {'V'}, {'Y'}, {'O'}]",0.24709294545659488,23,0.8409090909090908,0.9020696794431918,5050
"[{'X'}, {'V'}, {'Z'}, {'P'}, {'X'}]",0.24676883938919514,26,0.8431372549019608,0.9020696794431918,5050
"[{'O'}, {'U'}, {'N'}, {'U'}, {'X'}]",0.2465750274919165,28,0.8444444444444444,0.9020696794431918,5050
"[{'W'}, {'O'}, {'N'}, {'W'}, {'T'}]",0.24634529038404485,31,0.8461538461538463,0.9020696794431918,5050
"[{'T'}, {'P'}, {'T'}, {'Z'}, {'W'}]",0.2460940915710923,20,0.84,0.9020696794431918,5050
"[{'O'}, {'P'}, {'O'}, {'V'}, {'N'}]",0.2460940915710923,20,0.84,0.9020696794431918,5050
"[{'O'}, {'X'}, {'M'}, {'X'}, {'Y'}]",0.24544749793357512,25,0.8441558441558441,0.9020696794431918,5050
"[{'P'}, {'V'}, {'P'}, {'N'}, {'P'}]",0.24529590644085997,24,0.84375,0.9020696794431918,5050
"[{'Z'}, {'X'}, {'W'}, {'M'}, {'X'}]",0.2451298192267506,28,0.8461538461538463,0.9020696794431918,5050
"[{'Y'}, {'Y'}, {'V'}, {'Y'}, {'U'}]",0.2448981364615439,22,0.8429752066115702,0.9020696794431918,5050
"[{'V'}, {'T'}, {'Y'}, {'P'}, {'Z'}]",0.24471030613403522,27,0.8461538461538461,0.9020696794431918,5050
"[{'V'}, {'O'}, {'M'}, {'Y'}, {'U'}]",0.24471030613403522,27,0.8461538461538461,0.9020696794431918,5050
"[{'V'}, {'O'}, {'Z'}, {'T'}, {'V'}]",0.2447103061340351,27,0.8461538461538463,0.9020696794431918,5050
"[{'T'}, {'Z'}, {'M'}, {'P'}, {'Y'}]",0.24466074820908001,21,0.8425925925925926,0.9020696794431918,5050
"[{'W'}, {'N'}, {'V'}, {'O'}, {'P'}]",0.24466074820908001,21,0.8425925925925926,0.9020696794431918,5050
"[{'N'}, {'T'}, {'Y'}, {'U'}, {'M'}]",0.2442829496381539,26,0.8461538461538463,0.9020696794431918,5050
"[{'M'}, {'M'}, {'N'}, {'P'}, {'V'}]",0.24420368139755722,30,0.8482142857142857,0.9020696794431918,5050
"[{'W'}, {'W'}, {'M'}, {'W'}, {'X'}]",0.24384729263231586,25,0.8461538461538461,0.9020696794431918,5050
"[{'W'}, {'U'}, {'V'}, {'V'}, {'M'}]",0.24384729263231586,25,0.8461538461538461,0.9020696794431918,5050
"[{'N'}, {'U'}, {'N'}, {'T'}, {'V'}]",0.24360765480922553,29,0.8484848484848484,0.9020696794431918,5050
"[{'W'}, {'M'}, {'W'}, {'T'}, {'N'}]",0.24344563280270481,25,0.8466666666666667,0.9020696794431918,5050
"[{'N'}, {'T'}, {'T'}, {'U'}, {'Z'}]",0.24343384544554558,26,0.8472222222222222,0.9020696794431918,5050
"[{'M'}, {'P'}, {'Y'}, {'O'}, {'O'}]",0.24340283180586342,24,0.846153846153846,0.9020696794431918,5050
"[{'T'}, {'P'}, {'V'}, {'M'}, {'X'}]",0.2434028318058633,24,0.8461538461538461,0.9020696794431918,5050
"[{'U'}, {'X'}, {'V'}, {'T'}, {'X'}]",0.24309121728522254,31,0.85,0.9020696794431918,5050
"[{'P'}, {'M'}, {'M'}, {'V'}, {'N'}]",0.24294901082893428,23,0.8461538461538461,0.9020696794431918,5050
"[{'N'}, {'Y'}, {'W'}, {'P'}, {'T'}]",0.24285303663376312,28,0.8489583333333333,0.9020696794431918,5050
"[{'U'}, {'O'}, {'Y'}, {'O'}, {'W'}]",0.242853036633763,28,0.8489583333333334,0.9020696794431918,5050
"[{'Y'}, {'V'}, {'V'}, {'Z'}, {'X'}]",0.2425182051735032,21,0.8454545454545455,0.9020696794431918,5050
"[{'Z'}, {'V'}, {'W'}, {'N'}, {'U'}]",0.24248521218739838,22,0.8461538461538461,0.9020696794431918,5050
"[{'Y'}, {'T'}, {'W'}, {'P'}, {'W'}]",0.2424514769508781,26,0.8484848484848485,0.9020696794431918,5050
"[{'O'}, {'T'}, {'T'}, {'W'}, {'Y'}]",0.24238152262666268,31,0.8508771929824561,0.9020696794431918,5050
"[{'M'}, {'P'}, {'O'}, {'N'}, {'U'}]",0.24220454935830316,30,0.8506787330316742,0.9020696794431918,5050
"[{'Z'}, {'X'}, {'P'}, {'U'}, {'X'}]",0.24201074732623173,21,0.8461538461538461,0.9020696794431918,5050
"[{'W'}, {'Y'}, {'X'}, {'U'}, {'P'}]",0.2415248446522119,20,0.8461538461538461,0.9020696794431918,5050
"[{'O'}, {'W'}, {'U'}, {'U'}, {'W'}]",0.24144866447827873,21,0.8469387755102041,0.9020696794431918,5050
"[{'V'}, {'N'}, {'U'}, {'M'}, {'U'}]",0.24130283389541107,26,0.85,0.9020696794431918,5050
"[{'X'}, {'P'}, {'X'}, {'Z'}, {'W'}]",0.24130283389541107,26,0.85,0.9020696794431918,5050
"[{'N'}, {'O'}, {'X'}, {'Y'}, {'P'}]",0.24130283389541107,26,0.85,0.9020696794431918,5050
"[{'Z'}, {'X'}, {'M'}, {'V'}, {'N'}]",0.24122119550651433,34,0.8534798534798536,0.9020696794431918,5050
"[{'V'}, {'O'}, {'Z'}, {'U'}, {'V'}]",0.24116151764178928,32,0.8528138528138528,0.9020696794431918,5050
"[{'P'}, {'W'}, {'U'}, {'V'}, {'N'}]",0.2410552920076099,28,0.8512820512820513,0.9020696794431918,5050
"[{'M'}, {'Z'}, {'M'}, {'V'}, {'N'}]",0.24105529200760978,28,0.8512820512820514,0.9020696794431918,5050
"[{'N'}, {'M'}, {'X'}, {'M'}, {'Z'}]",0.24075921509927145,31,0.8529411764705883,0.9020696794431918,5050
"[{'O'}, {'P'}, {'T'}, {'U'}, {'Y'}]",0.24070812334583758,23,0.8492063492063492,0.9020696794431918,5050
"[{'U'}, {'X'}, {'U'}, {'N'}, {'Z'}]",0.240647509357094,33,0.8538461538461539,0.9020696794431918,5050
"[{'Y'}, {'X'}, {'P'}, {'P'}, {'Z'}]",0.24045222199833727,25,0.8506493506493507,0.9020696794431918,5050
"[{'V'}, {'O'}, {'P'}, {'P'}, {'P'}]",0.24042344022285056,26,0.8511904761904762,0.9020696794431918,5050
"[{'X'}, {'M'}, {'P'}, {'T'}, {'X'}]",0.2402883725342927,27,0.8518518518518519,0.9020696794431918,5050
"[{'W'}, {'W'}, {'P'}, {'W'}, {'N'}]",0.24013903034105366,29,0.8529411764705882,0.9020696794431918,5050
"[{'W'}, {'Z'}, {'U'}, {'Z'}, {'V'}]",0.23991853684469489,20,0.8484848484848484,0.9020696794431918,5050
"[{'O'}, {'T'}, {'N'}, {'M'}, {'P'}]",0.23991853684469489,20,0.8484848484848485,0.9020696794431918,5050
"[{'Z'}, {'P'}, {'W'}, {'N'}, {'W'}]",0.23991853684469489,20,0.8484848484848485,0.9020696794431918,5050
"[{'N'}, {'P'}, {'O'}, {'U'}, {'O'}]",0.23974390441075688,22,0.85,0.9020696794431918,5050
"[{'M'}, {'T'}, {'X'}, {'U'}, {'Y'}]",0.23949706492394152,27,0.8529411764705882,0.9020696794431918,5050
"[{'X'}, {'W'}, {'P'}, {'W'}, {'X'}]",0.23943471298168406,24,0.8515625,0.9020696794431918,5050
"[{'X'}, {'Z'}, {'X'}, {'U'}, {'X'}]",0.2392337928267505,24,0.8518518518518519,0.9020696794431918,5050
"[{'N'}, {'M'}, {'N'}, {'T'}, {'V'}]",0.23893548066563308,28,0.8541666666666666,0.9020696794431918,5050
"[{'P'}, {'M'}, {'T'}, {'U'}, {'O'}]",0.2389019557621046,22,0.8512396694214875,0.9020696794431918,5050
"[{'Y'}, {'O'}, {'M'}, {'O'}, {'Z'}]",0.2383487140774153,24,0.8531468531468531,0.9020696794431918,5050
"[{'P'}, {'Z'}, {'U'}, {'O'}, {'N'}]",0.23831393564487924,26,0.8541666666666667,0.9020696794431918,5050
"[{'X'}, {'Z'}, {'T'}, {'V'}, {'Y'}]",0.2381109684532452,21,0.8518518518518519,0.9020696794431918,5050
"[{'W'}, {'O'}, {'T'}, {'M'}, {'W'}]",0.2381109684532452,21,0.8518518518518519,0.9020696794431918,5050
"[{'X'}, {'P'}, {'O'}, {'X'}, {'Z'}]",0.2381109684532452,21,0.8518518518518519,0.9020696794431918,5050
"[{'M'}, {'Z'}, {'T'}, {'P'}, {'X'}]",0.23786824855569322,27,0.8552631578947368,0.9020696794431918,5050
"[{'M'}, {'O'}, {'Y'}, {'N'}, {'N'}]",0.23766872791955196,27,0.8555555555555555,0.9020696794431918,5050
"[{'X'}, {'T'}, {'M'}, {'X'}, {'V'}]",0.23766798866118444,24,0.8541666666666667,0.9020696794431918,5050
"[{'U'}, {'O'}, {'T'}, {'O'}, {'Z'}]",0.2375428398563061,23,0.8538461538461538,0.9020696794431918,5050
"[{'M'}, {'N'}, {'M'}, {'O'}, {'O'}]",0.23754283985630598,23,0.8538461538461539,0.9020696794431918,5050
"[{'V'}, {'U'}, {'Z'}, {'M'}, {'P'}]",0.23754283985630598,23,0.8538461538461539,0.9020696794431918,5050
"[{'P'}, {'O'}, {'V'}, {'P'}, {'Z'}]",0.23714428607176652,29,0.8571428571428571,0.9020696794431918,5050
"[{'Y'}, {'Z'}, {'X'}, {'M'}, {'T'}]",0.23687825644843097,28,0.8571428571428571,0.9020696794431918,5050
"[{'M'}, {'U'}, {'Y'}, {'P'}, {'T'}]",0.2368359375515685,31,0.8583333333333334,0.9020696794431918,5050
"[{'Z'}, {'Y'}, {'M'}, {'X'}, {'T'}]",0.23665860680703288,22,0.8547008547008548,0.9020696794431918,5050
"[{'Y'}, {'N'}, {'M'}, {'V'}, {'U'}]",0.23665860680703288,22,0.8547008547008548,0.9020696794431918,5050
"[{'X'}, {'V'}, {'O'}, {'X'}, {'V'}]",0.23660743234117876,27,0.8571428571428571,0.9020696794431918,5050
"[{'M'}, {'O'}, {'Y'}, {'V'}, {'O'}]",0.23660743234117876,27,0.8571428571428571,0.9020696794431918,5050
"[{'T'}, {'Y'}, {'W'}, {'X'}, {'Y'}]",0.23641319808065453,21,0.8545454545454545,0.9020696794431918,5050
"[{'O'}, {'W'}, {'Z'}, {'U'}, {'T'}]",0.2362896730620544,20,0.8541666666666666,0.9020696794431918,5050
"[{'W'}, {'Z'}, {'W'}, {'V'}, {'T'}]",0.2361345705578236,23,0.8560606060606061,0.9020696794431918,5050
"[{'Y'}, {'T'}, {'O'}, {'M'}, {'Y'}]",0.2358199139639453,34,0.8608058608058609,0.9020696794431918,5050
"[{'V'}, {'Z'}, {'N'}, {'P'}, {'X'}]",0.23580065906192071,21,0.8555555555555556,0.9020696794431918,5050
"[{'V'}, {'M'}, {'O'}, {'Z'}, {'P'}]",0.23576336913115992,24,0.8571428571428571,0.9020696794431918,5050
"[{'Z'}, {'M'}, {'O'}, {'T'}, {'P'}]",0.2357633691311598,24,0.8571428571428572,0.9020696794431918,5050
"[{'M'}, {'N'}, {'V'}, {'M'}, {'T'}]",0.2351709835339446,22,0.8571428571428571,0.9020696794431918,5050
"[{'Z'}, {'U'}, {'Y'}, {'U'}, {'V'}]",0.23491600998037132,25,0.8589743589743589,0.9020696794431918,5050
"[{'Z'}, {'X'}, {'W'}, {'N'}, {'Y'}]",0.23489536567231062,29,0.8605769230769231,0.9020696794431918,5050
"[{'W'}, {'N'}, {'X'}, {'W'}, {'U'}]",0.23486468433928476,21,0.8571428571428571,0.9020696794431918,5050
"[{'V'}, {'W'}, {'U'}, {'X'}, {'W'}]",0.2348432732845548,31,0.8613445378151261,0.9020696794431918,5050
"[{'T'}, {'Y'}, {'M'}, {'W'}, {'W'}]",0.23475806539583532,23,0.8583333333333334,0.9020696794431918,5050
"[{'X'}, {'N'}, {'N'}, {'P'}, {'M'}]",0.2345510012619555,20,0.8571428571428571,0.9020696794431918,5050
"[{'U'}, {'N'}, {'N'}, {'U'}, {'M'}]",0.2345510012619555,20,0.8571428571428571,0.9020696794431918,5050
"[{'V'}, {'U'}, {'V'}, {'W'}, {'U'}]",0.2345510012619555,20,0.8571428571428572,0.9020696794431918,5050
"[{'X'}, {'M'}, {'V'}, {'V'}, {'M'}]",0.23448327443051253,24,0.8592592592592594,0.9020696794431918,5050
"[{'X'}, {'X'}, {'Y'}, {'M'}, {'V'}]",0.23448327443051253,24,0.8592592592592593,0.9020696794431918,5050
"[{'O'}, {'M'}, {'N'}, {'M'}, {'X'}]",0.23447430951900716,22,0.8583333333333333,0.9020696794431918,5050
"[{'M'}, {'U'}, {'U'}, {'P'}, {'T'}]",0.2344676394394446,30,0.8616071428571428,0.9020696794431918,5050
"[{'M'}, {'P'}, {'O'}, {'W'}, {'V'}]",0.2343014265461656,25,0.86,0.9020696794431918,5050
"[{'M'}, {'W'}, {'U'}, {'W'}, {'M'}]",0.2343014265461656,25,0.86,0.9020696794431918,5050
"[{'X'}, {'O'}, {'N'}, {'M'}, {'N'}]",0.23418477890831946,26,0.8606060606060606,0.9020696794431918,5050
"[{'Z'}, {'M'}, {'P'}, {'X'}, {'U'}]",0.23411539269359927,27,0.8611111111111112,0.9020696794431918,5050
"[{'P'}, {'O'}, {'M'}, {'Y'}, {'O'}]",0.23411539269359927,27,0.8611111111111112,0.9020696794431918,5050
"[{'O'}, {'P'}, {'Z'}, {'N'}, {'X'}]",0.23396884153215036,24,0.8601398601398602,0.9020696794431918,5050
"[{'P'}, {'Z'}, {'N'}, {'Z'}, {'V'}]",0.23374813977747788,20,0.8585858585858586,0.9020696794431918,5050
"[{'X'}, {'Z'}, {'X'}, {'N'}, {'T'}]",0.23374813977747788,20,0.8585858585858586,0.9020696794431918,5050
"[{'V'}, {'P'}, {'T'}, {'M'}, {'W'}]",0.23374813977747788,20,0.8585858585858586,0.9020696794431918,5050
"[{'Y'}, {'W'}, {'M'}, {'Z'}, {'V'}]",0.23374813977747777,20,0.8585858585858587,0.9020696794431918,5050
"[{'Z'}, {'Z'}, {'V'}, {'V'}, {'W'}]",0.23365233242085515,25,0.8611111111111112,0.9020696794431918,5050
"[{'W'}, {'T'}, {'Y'}, {'T'}, {'T'}]",0.23365233242085515,25,0.8611111111111112,0.9020696794431918,5050
"[{'P'}, {'O'}, {'N'}, {'V'}, {'W'}]",0.23365233242085515,25,0.861111111111111,0.9020696794431918,5050
"[{'Y'}, {'N'}, {'Z'}, {'X'}, {'P'}]",0.23356750601966136,29,0.8627450980392157,0.9020696794431918,5050
"[{'X'}, {'W'}, {'Y'}, {'Z'}, {'Y'}]",0.23350767145147278,28,0.8624999999999999,0.9020696794431918,5050
"[{'X'}, {'U'}, {'X'}, {'V'}, {'U'}]",0.23321823432048905,27,0.8626373626373626,0.9020696794431918,5050
"[{'V'}, {'U'}, {'M'}, {'N'}, {'N'}]",0.23321823432048905,27,0.8626373626373626,0.9020696794431918,5050
"[{'U'}, {'X'}, {'M'}, {'Y'}, {'X'}]",0.23318299668559606,31,0.8640350877192983,0.9020696794431918,5050
"[{'N'}, {'T'}, {'M'}, {'U'}, {'P'}]",0.23308356781262718,26,0.8625,0.9020696794431918,5050
"[{'M'}, {'X'}, {'U'}, {'O'}, {'U'}]",0.23298676246311512,20,0.8600000000000001,0.9020696794431918,5050
"[{'V'}, {'W'}, {'Z'}, {'Y'}, {'P'}]",0.23298676246311512,20,0.8600000000000001,0.9020696794431918,5050
"[{'Y'}, {'W'}, {'N'}, {'U'}, {'U'}]",0.23298676246311512,20,0.8600000000000001,0.9020696794431918,5050
"[{'T'}, {'X'}, {'V'}, {'T'}, {'X'}]",0.23294481997177574,26,0.8627450980392156,0.9020696794431918,5050
"[{'M'}, {'P'}, {'Y'}, {'X'}, {'O'}]",0.23293532812267026,23,0.8615384615384616,0.9020696794431918,5050
"[{'X'}, {'X'}, {'X'}, {'Y'}, {'V'}]",0.23293532812267026,23,0.8615384615384616,0.9020696794431918,5050
"[{'N'}, {'O'}, {'T'}, {'O'}, {'O'}]",0.23293532812267026,23,0.8615384615384616,0.9020696794431918,5050
"[{'Z'}, {'P'}, {'Z'}, {'W'}, {'O'}]",0.23274810422607917,26,0.8630952380952381,0.9020696794431918,5050
"[{'U'}, {'N'}, {'N'}, {'M'}, {'W'}]",0.2326669119510153,21,0.8611111111111112,0.9020696794431918,5050
"[{'M'}, {'T'}, {'N'}, {'U'}, {'X'}]",0.23229972478947236,26,0.863905325443787,0.9020696794431918,5050
"[{'M'}, {'P'}, {'Z'}, {'N'}, {'Y'}]",0.23224172800793474,25,0.8636363636363636,0.9020696794431918,5050
"[{'T'}, {'N'}, {'X'}, {'Z'}, {'O'}]",0.2318173442946443,23,0.8636363636363636,0.9020696794431918,5050
"[{'Z'}, {'T'}, {'Z'}, {'Y'}, {'P'}]",0.2318173442946443,23,0.8636363636363636,0.9020696794431918,5050
"[{'U'}, {'V'}, {'N'}, {'P'}, {'N'}]",0.2317963275315329,22,0.8632478632478633,0.9020696794431918,5050
"[{'M'}, {'Z'}, {'O'}, {'Y'}, {'P'}]",0.2317963275315329,22,0.8632478632478633,0.9020696794431918,5050
"[{'Z'}, {'M'}, {'Z'}, {'V'}, {'P'}]",0.23169056005622157,24,0.8642857142857142,0.9020696794431918,5050
"[{'P'}, {'N'}, {'T'}, {'Y'}, {'T'}]",0.23137407165144608,21,0.8636363636363636,0.9020696794431918,5050
"[{'M'}, {'M'}, {'Z'}, {'U'}, {'U'}]",0.23134678435190992,29,0.8666666666666667,0.9020696794431918,5050
"[{'W'}, {'Y'}, {'Z'}, {'Y'}, {'P'}]",0.23134678435190992,29,0.8666666666666666,0.9020696794431918,5050
"[{'Z'}, {'W'}, {'W'}, {'W'}, {'U'}]",0.23134678435190992,29,0.8666666666666667,0.9020696794431918,5050
"[{'P'}, {'W'}, {'M'}, {'U'}, {'O'}]",0.23134678435190992,29,0.8666666666666666,0.9020696794431918,5050
"[{'M'}, {'X'}, {'O'}, {'V'}, {'N'}]",0.23120041205265696,31,0.8675213675213677,0.9020696794431918,5050
"[{'U'}, {'T'}, {'Z'}, {'T'}, {'W'}]",0.23082802251182966,29,0.8676470588235294,0.9020696794431918,5050
"[{'W'}, {'P'}, {'Z'}, {'W'}, {'P'}]",0.230692073478852,20,0.8645833333333333,0.9020696794431918,5050
"[{'N'}, {'M'}, {'X'}, {'Z'}, {'U'}]",0.23066745347753637,25,0.8666666666666667,0.9020696794431918,5050
"[{'W'}, {'V'}, {'M'}, {'X'}, {'U'}]",0.23052720673374638,21,0.8653846153846154,0.9020696794431918,5050
"[{'O'}, {'U'}, {'Y'}, {'T'}, {'W'}]",0.23040194612132803,22,0.8660714285714285,0.9020696794431918,5050
"[{'P'}, {'W'}, {'O'}, {'Y'}, {'N'}]",0.23030735321079765,23,0.8666666666666667,0.9020696794431918,5050
"[{'M'}, {'P'}, {'U'}, {'X'}, {'V'}]",0.2302369183028795,24,0.8671875,0.9020696794431918,5050
"[{'V'}, {'V'}, {'W'}, {'N'}, {'Y'}]",0.2301503067902455,26,0.8680555555555556,0.9020696794431918,5050
"[{'Y'}, {'Y'}, {'Z'}, {'Z'}, {'M'}]",0.23012142713069528,22,0.8666666666666667,0.9020696794431918,5050
"[{'M'}, {'V'}, {'U'}, {'Z'}, {'Y'}]",0.22998909615921537,25,0.8680555555555556,0.9020696794431918,5050
"[{'M'}, {'T'}, {'P'}, {'N'}, {'P'}]",0.2298246277601298,24,0.8680555555555556,0.9020696794431918,5050
"[{'W'}, {'Z'}, {'N'}, {'M'}, {'X'}]",0.2298246277601298,24,0.8680555555555556,0.9020696794431918,5050
"[{'O'}, {'P'}, {'W'}, {'O'}, {'M'}]",0.2298147920236483,26,0.86875,0.9020696794431918,5050
"[{'T'}, {'U'}, {'U'}, {'P'}, {'X'}]",0.22980983189624093,32,0.8704453441295547,0.9020696794431918,5050
"[{'Y'}, {'X'}, {'P'}, {'Z'}, {'U'}]",0.22969204408520327,27,0.8693181818181819,0.9020696794431918,5050
"[{'X'}, {'U'}, {'M'}, {'M'}, {'X'}]",0.22967311854280736,26,0.8690476190476191,0.9020696794431918,5050
"[{'O'}, {'Y'}, {'X'}, {'Y'}, {'M'}]",0.22967311854280736,26,0.869047619047619,0.9020696794431918,5050
"[{'W'}, {'N'}, {'V'}, {'P'}, {'N'}]",0.22967311854280736,26,0.8690476190476191,0.9020696794431918,5050
"[{'N'}, {'X'}, {'Y'}, {'P'}, {'W'}]",0.2296235984141647,21,0.8673469387755103,0.9020696794431918,5050
"[{'P'}, {'X'}, {'U'}, {'N'}, {'T'}]",0.2296235984141647,21,0.8673469387755102,0.9020696794431918,5050
"[{'Y'}, {'P'}, {'T'}, {'O'}, {'Y'}]",0.22961446289327947,22,0.8677685950413223,0.9020696794431918,5050
"[{'O'}, {'X'}, {'X'}, {'X'}, {'V'}]",0.2295936267235812,30,0.8703703703703705,0.9020696794431918,5050
"[{'X'}, {'U'}, {'N'}, {'V'}, {'W'}]",0.22954923896049495,29,0.8701923076923077,0.9020696794431918,5050
"[{'V'}, {'P'}, {'O'}, {'M'}, {'V'}]",0.22923589549961654,30,0.8711111111111112,0.9020696794431918,5050
"[{'Y'}, {'N'}, {'U'}, {'T'}, {'Y'}]",0.22909553644173297,27,0.8705882352941177,0.9020696794431918,5050
"[{'X'}, {'U'}, {'M'}, {'P'}, {'X'}]",0.22902650995277019,25,0.8701298701298701,0.9020696794431918,5050
"[{'Z'}, {'Y'}, {'T'}, {'P'}, {'X'}]",0.22902650995277019,25,0.8701298701298701,0.9020696794431918,5050
"[{'O'}, {'U'}, {'P'}, {'T'}, {'Z'}]",0.2288619316206324,20,0.8686868686868686,0.9020696794431918,5050
"[{'P'}, {'X'}, {'N'}, {'X'}, {'X'}]",0.22879993986896507,36,0.8733766233766234,0.9020696794431918,5050
"[{'W'}, {'N'}, {'Y'}, {'O'}, {'Y'}]",0.22838191959119403,28,0.8724489795918366,0.9020696794431918,5050
"[{'U'}, {'Y'}, {'W'}, {'U'}, {'P'}]",0.22836279634786472,27,0.8722222222222222,0.9020696794431918,5050
"[{'Z'}, {'W'}, {'P'}, {'W'}, {'O'}]",0.22832857870239032,21,0.8703703703703703,0.9020696794431918,5050
"[{'P'}, {'Z'}, {'W'}, {'P'}, {'V'}]",0.22832120198898276,24,0.8714285714285714,0.9020696794431918,5050
"[{'V'}, {'N'}, {'Y'}, {'O'}, {'Z'}]",0.2283210482357092,20,0.87,0.9020696794431918,5050
"[{'V'}, {'P'}, {'Z'}, {'U'}, {'X'}]",0.22829767126245137,25,0.8717948717948717,0.9020696794431918,5050
"[{'W'}, {'Y'}, {'T'}, {'P'}, {'Y'}]",0.22829767126245137,25,0.8717948717948718,0.9020696794431918,5050
"[{'T'}, {'M'}, {'M'}, {'M'}, {'P'}]",0.2282747588222691,23,0.8712121212121211,0.9020696794431918,5050
"[{'M'}, {'W'}, {'Z'}, {'V'}, {'Y'}]",0.2282268206376783,30,0.8733031674208145,0.9020696794431918,5050
"[{'M'}, {'V'}, {'P'}, {'T'}, {'Z'}]",0.22802652978273896,26,0.8727272727272728,0.9020696794431918,5050
"[{'V'}, {'Z'}, {'W'}, {'X'}, {'W'}]",0.22789837436089844,22,0.8717948717948718,0.9020696794431918,5050
"[{'M'}, {'T'}, {'T'}, {'T'}, {'N'}]",0.22789837436089844,22,0.8717948717948718,0.9020696794431918,5050
"[{'Z'}, {'M'}, {'O'}, {'O'}, {'Z'}]",0.22789837436089844,22,0.8717948717948718,0.9020696794431918,5050
"[{'T'}, {'P'}, {'P'}, {'Z'}, {'W'}]",0.22776431603058678,27,0.8736263736263736,0.9020696794431918,5050
"[{'O'}, {'T'}, {'P'}, {'Y'}, {'X'}]",0.22765890044866743,25,0.8733333333333333,0.9020696794431918,5050
"[{'T'}, {'X'}, {'O'}, {'T'}, {'M'}]",0.22765890044866743,25,0.8733333333333333,0.9020696794431918,5050
"[{'M'}, {'Y'}, {'Y'}, {'O'}, {'T'}]",0.22754546217102845,23,0.873015873015873,0.9020696794431918,5050
"[{'O'}, {'V'}, {'X'}, {'V'}, {'P'}]",0.22740082588587773,21,0.8727272727272728,0.9020696794431918,5050
"[{'W'}, {'U'}, {'O'}, {'O'}, {'Z'}]",0.22724976112432327,30,0.8755980861244019,0.9020696794431918,5050
"[{'T'}, {'P'}, {'Y'}, {'X'}, {'V'}]",0.22723183199117059,24,0.8741258741258742,0.9020696794431918,5050
"[{'Y'}, {'T'}, {'Z'}, {'T'}, {'Y'}]",0.22710658773627812,26,0.875,0.9020696794431918,5050
"[{'N'}, {'W'}, {'O'}, {'Y'}, {'P'}]",0.22710658773627812,26,0.875,0.9020696794431918,5050
"[{'Z'}, {'O'}, {'Y'}, {'P'}, {'T'}]",0.22710658773627812,26,0.875,0.9020696794431918,5050
"[{'Y'}, {'Z'}, {'O'}, {'T'}, {'W'}]",0.22700448407266272,25,0.875,0.9020696794431918,5050
"[{'N'}, {'M'}, {'V'}, {'T'}, {'Y'}]",0.22690031708325087,24,0.875,0.9020696794431918,5050
"[{'W'}, {'X'}, {'T'}, {'N'}, {'N'}]",0.22690031708325087,24,0.8749999999999999,0.9020696794431918,5050
"[{'N'}, {'P'}, {'O'}, {'M'}, {'X'}]",0.22679400213152912,26,0.8758169934640523,0.9020696794431918,5050
"[{'V'}, {'O'}, {'U'}, {'X'}, {'Z'}]",0.2267939563826331,23,0.875,0.9020696794431918,5050
"[{'X'}, {'N'}, {'Y'}, {'W'}, {'Z'}]",0.22668525724582111,22,0.875,0.9020696794431918,5050
"[{'T'}, {'X'}, {'Z'}, {'T'}, {'Y'}]",0.22668525724582111,22,0.875,0.9020696794431918,5050
"[{'O'}, {'U'}, {'V'}, {'Y'}, {'M'}]",0.22657405829817956,21,0.875,0.9020696794431918,5050
"[{'P'}, {'T'}, {'U'}, {'T'}, {'X'}]",0.22657405829817945,21,0.8750000000000001,0.9020696794431918,5050
"[{'V'}, {'U'}, {'M'}, {'M'}, {'X'}]",0.2265573513799356,28,0.8769230769230769,0.9020696794431918,5050
"[{'O'}, {'O'}, {'V'}, {'T'}, {'T'}]",0.22646017870365198,20,0.875,0.9020696794431918,5050
"[{'W'}, {'T'}, {'Y'}, {'P'}, {'Z'}]",0.22640464452429665,25,0.8766233766233766,0.9020696794431918,5050
"[{'T'}, {'N'}, {'P'}, {'V'}, {'W'}]",0.22640464452429665,25,0.8766233766233766,0.9020696794431918,5050
"[{'M'}, {'N'}, {'P'}, {'W'}, {'P'}]",0.22640464452429665,25,0.8766233766233766,0.9020696794431918,5050
"[{'U'}, {'M'}, {'Z'}, {'T'}, {'U'}]",0.22626920950744633,22,0.8761904761904762,0.9020696794431918,5050
"[{'N'}, {'T'}, {'T'}, {'W'}, {'U'}]",0.22616353522808286,27,0.8777777777777778,0.9020696794431918,5050
"[{'T'}, {'U'}, {'U'}, {'X'}, {'V'}]",0.2261162823723759,23,0.8769230769230769,0.9020696794431918,5050
"[{'X'}, {'P'}, {'Z'}, {'T'}, {'N'}]",0.2261162823723759,23,0.8769230769230769,0.9020696794431918,5050
"[{'X'}, {'V'}, {'M'}, {'U'}, {'T'}]",0.2261162823723759,23,0.8769230769230769,0.9020696794431918,5050
"[{'T'}, {'T'}, {'W'}, {'M'}, {'Y'}]",0.22585585587875057,25,0.8782051282051282,0.9020696794431918,5050
"[{'Z'}, {'P'}, {'O'}, {'W'}, {'Z'}]",0.2257380735638156,26,0.8787878787878788,0.9020696794431918,5050
"[{'X'}, {'Z'}, {'W'}, {'T'}, {'N'}]",0.22572540670291874,21,0.8775510204081632,0.9020696794431918,5050
"[{'T'}, {'Y'}, {'T'}, {'N'}, {'W'}]",0.22572540670291874,21,0.8775510204081632,0.9020696794431918,5050
"[{'N'}, {'Y'}, {'U'}, {'M'}, {'Y'}]",0.22569959576137433,27,0.8791208791208791,0.9020696794431918,5050
"[{'O'}, {'N'}, {'X'}, {'X'}, {'Z'}]",0.22565403284608565,21,0.8777777777777778,0.9020696794431918,5050
"[{'P'}, {'T'}, {'Z'}, {'T'}, {'T'}]",0.22565403284608565,21,0.8777777777777778,0.9020696794431918,5050
"[{'M'}, {'W'}, {'V'}, {'X'}, {'Z'}]",0.22550681414069818,23,0.8787878787878787,0.9020696794431918,5050
"[{'Z'}, {'P'}, {'W'}, {'Y'}, {'Z'}]",0.22550681414069806,23,0.8787878787878788,0.9020696794431918,5050
"[{'X'}, {'O'}, {'M'}, {'Y'}, {'P'}]",0.22527576745955868,25,0.88,0.9020696794431918,5050
"[{'N'}, {'N'}, {'P'}, {'W'}, {'Z'}]",0.22527576745955868,25,0.88,0.9020696794431918,5050
"[{'Y'}, {'Z'}, {'P'}, {'X'}, {'P'}]",0.22527576745955868,25,0.88,0.9020696794431918,5050
"[{'P'}, {'W'}, {'W'}, {'O'}, {'Z'}]",0.22525991237415832,20,0.8787878787878788,0.9020696794431918,5050
"[{'O'}, {'P'}, {'W'}, {'U'}, {'Z'}]",0.22525991237415832,20,0.8787878787878787,0.9020696794431918,5050
"[{'V'}, {'U'}, {'X'}, {'P'}, {'P'}]",0.22525991237415832,20,0.8787878787878788,0.9020696794431918,5050
"[{'O'}, {'V'}, {'O'}, {'Z'}, {'Z'}]",0.22525991237415832,20,0.8787878787878788,0.9020696794431918,5050
"[{'X'}, {'U'}, {'T'}, {'V'}, {'M'}]",0.22519355543110386,27,0.8806818181818182,0.9020696794431918,5050
"[{'M'}, {'O'}, {'M'}, {'V'}, {'V'}]",0.22516303028045892,20,0.8791208791208791,0.9020696794431918,5050
"[{'P'}, {'X'}, {'Y'}, {'Y'}, {'X'}]",0.22516303028045892,20,0.8791208791208791,0.9020696794431918,5050
"[{'T'}, {'V'}, {'Z'}, {'T'}, {'U'}]",0.22509596870737003,21,0.8796296296296297,0.9020696794431918,5050
"[{'T'}, {'Y'}, {'P'}, {'P'}, {'U'}]",0.22509596870736992,21,0.8796296296296298,0.9020696794431918,5050
"[{'N'}, {'U'}, {'T'}, {'P'}, {'M'}]",0.22509596870736992,21,0.8796296296296298,0.9020696794431918,5050
"[{'V'}, {'M'}, {'X'}, {'Y'}, {'N'}]",0.22509596870736992,21,0.8796296296296298,0.9020696794431918,5050
"[{'U'}, {'M'}, {'U'}, {'W'}, {'M'}]",0.22499129402496587,33,0.8823529411764706,0.9020696794431918,5050
"[{'M'}, {'M'}, {'P'}, {'W'}, {'Z'}]",0.22495895495051665,26,0.8812500000000001,0.9020696794431918,5050
"[{'U'}, {'V'}, {'X'}, {'Y'}, {'X'}]",0.22491396755935844,20,0.88,0.9020696794431918,5050
"[{'T'}, {'V'}, {'O'}, {'W'}, {'O'}]",0.22491396755935844,20,0.88,0.9020696794431918,5050
"[{'V'}, {'Y'}, {'Z'}, {'P'}, {'M'}]",0.22491396755935844,20,0.8800000000000001,0.9020696794431918,5050
"[{'X'}, {'N'}, {'N'}, {'P'}, {'Y'}]",0.22491396755935844,20,0.8799999999999999,0.9020696794431918,5050
"[{'T'}, {'U'}, {'Z'}, {'W'}, {'V'}]",0.2248582537646826,23,0.8809523809523809,0.9020696794431918,5050
"[{'Y'}, {'X'}, {'O'}, {'X'}, {'V'}]",0.2248582537646826,23,0.8809523809523809,0.9020696794431918,5050
"[{'M'}, {'W'}, {'W'}, {'N'}, {'X'}]",0.2248582537646826,23,0.8809523809523809,0.9020696794431918,5050
"[{'W'}, {'X'}, {'M'}, {'U'}, {'Z'}]",0.2248582537646826,23,0.8809523809523809,0.9020696794431918,5050
"[{'X'}, {'V'}, {'Y'}, {'N'}, {'M'}]",0.22483859909595483,26,0.8816568047337279,0.9020696794431918,5050
"[{'N'}, {'M'}, {'T'}, {'T'}, {'W'}]",0.22459920724281313,31,0.8833333333333333,0.9020696794431918,5050
"[{'O'}, {'X'}, {'M'}, {'X'}, {'M'}]",0.22454495867220403,28,0.8830409356725146,0.9020696794431918,5050
"[{'M'}, {'V'}, {'P'}, {'T'}, {'U'}]",0.22452872049273587,24,0.8823529411764706,0.9020696794431918,5050
"[{'P'}, {'V'}, {'O'}, {'X'}, {'Z'}]",0.2244156321436911,27,0.8833333333333334,0.9020696794431918,5050
"[{'U'}, {'O'}, {'X'}, {'T'}, {'W'}]",0.22437613172251414,25,0.8831168831168831,0.9020696794431918,5050
"[{'V'}, {'P'}, {'W'}, {'W'}, {'T'}]",0.22429366182529642,30,0.8842592592592593,0.9020696794431918,5050
"[{'N'}, {'U'}, {'Z'}, {'P'}, {'W'}]",0.22424308382606672,30,0.8844444444444445,0.9020696794431918,5050
"[{'V'}, {'U'}, {'W'}, {'W'}, {'Z'}]",0.22421787491134149,23,0.8833333333333333,0.9020696794431918,5050
"[{'M'}, {'W'}, {'T'}, {'W'}, {'M'}]",0.22418979134959804,32,0.8849206349206349,0.9020696794431918,5050
"[{'P'}, {'P'}, {'W'}, {'T'}, {'M'}]",0.2241657998643849,22,0.8833333333333333,0.9020696794431918,5050
"[{'N'}, {'P'}, {'M'}, {'V'}, {'O'}]",0.2241657998643849,22,0.8833333333333333,0.9020696794431918,5050
"[{'M'}, {'T'}, {'T'}, {'W'}, {'V'}]",0.22416579986438478,22,0.8833333333333334,0.9020696794431918,5050
"[{'M'}, {'N'}, {'M'}, {'M'}, {'P'}]",0.22415739870064932,29,0.8846153846153846,0.9020696794431918,5050
"[{'X'}, {'V'}, {'Y'}, {'Y'}, {'M'}]",0.2240763680759874,27,0.8846153846153846,0.9020696794431918,5050
"[{'V'}, {'T'}, {'P'}, {'V'}, {'X'}]",0.2240697357510275,23,0.8839285714285714,0.9020696794431918,5050
"[{'X'}, {'U'}, {'Y'}, {'P'}, {'P'}]",0.22399227647855602,25,0.8846153846153846,0.9020696794431918,5050
"[{'X'}, {'T'}, {'X'}, {'N'}, {'P'}]",0.22399227647855602,25,0.8846153846153846,0.9020696794431918,5050
"[{'V'}, {'M'}, {'V'}, {'Y'}, {'X'}]",0.22397672957413672,26,0.8848484848484849,0.9020696794431918,5050
"[{'M'}, {'M'}, {'O'}, {'T'}, {'M'}]",0.22397672957413672,26,0.8848484848484849,0.9020696794431918,5050
"[{'V'}, {'Y'}, {'U'}, {'V'}, {'Y'}]",0.22393346139785908,22,0.884297520661157,0.9020696794431918,5050
"[{'Z'}, {'U'}, {'P'}, {'V'}, {'V'}]",0.22391374439137368,28,0.8854166666666667,0.9020696794431918,5050
"[{'T'}, {'N'}, {'O'}, {'T'}, {'V'}]",0.22391374439137368,28,0.8854166666666666,0.9020696794431918,5050
"[{'N'}, {'M'}, {'X'}, {'W'}, {'X'}]",0.22391374439137368,28,0.8854166666666667,0.9020696794431918,5050
"[{'V'}, {'M'}, {'T'}, {'M'}, {'P'}]",0.22390474835571728,23,0.8846153846153847,0.9020696794431918,5050
"[{'Y'}, {'P'}, {'M'}, {'W'}, {'P'}]",0.22390474835571728,23,0.8846153846153846,0.9020696794431918,5050
"[{'P'}, {'N'}, {'Y'}, {'X'}, {'V'}]",0.22387585028500512,29,0.8857142857142857,0.9020696794431918,5050
"[{'O'}, {'O'}, {'V'}, {'V'}, {'T'}]",0.22387585028500512,29,0.8857142857142857,0.9020696794431918,5050
"[{'U'}, {'M'}, {'P'}, {'Z'}, {'O'}]",0.2236928388776045,24,0.8857142857142857,0.9020696794431918,5050
"[{'X'}, {'U'}, {'M'}, {'T'}, {'U'}]",0.2236928388776045,24,0.8857142857142857,0.9020696794431918,5050
"[{'N'}, {'M'}, {'W'}, {'V'}, {'U'}]",0.2236928388776045,24,0.8857142857142857,0.9020696794431918,5050
"[{'M'}, {'P'}, {'U'}, {'U'}, {'V'}]",0.2236928388776045,24,0.8857142857142858,0.9020696794431918,5050
"[{'X'}, {'X'}, {'V'}, {'X'}, {'Z'}]",0.223652472277865,27,0.8863636363636364,0.9020696794431918,5050
"[{'N'}, {'T'}, {'U'}, {'O'}, {'P'}]",0.22359398873645442,20,0.8854166666666667,0.9020696794431918,5050
"[{'Z'}, {'T'}, {'X'}, {'V'}, {'X'}]",0.22351805451021023,25,0.8866666666666666,0.9020696794431918,5050
"[{'Y'}, {'M'}, {'O'}, {'M'}, {'P'}]",0.22349889075344742,26,0.8869047619047619,0.9020696794431918,5050
"[{'N'}, {'T'}, {'W'}, {'Y'}, {'Y'}]",0.22349889075344742,26,0.8869047619047619,0.9020696794431918,5050
"[{'N'}, {'P'}, {'O'}, {'N'}, {'N'}]",0.22349889075344742,26,0.8869047619047619,0.9020696794431918,5050
"[{'O'}, {'X'}, {'W'}, {'U'}, {'X'}]",0.22349889075344742,26,0.8869047619047619,0.9020696794431918,5050
"[{'P'}, {'N'}, {'M'}, {'V'}, {'V'}]",0.2233861789467675,28,0.8877005347593583,0.9020696794431918,5050
"[{'U'}, {'O'}, {'Y'}, {'N'}, {'O'}]",0.22324819491868675,27,0.888235294117647,0.9020696794431918,5050
"[{'M'}, {'M'}, {'P'}, {'T'}, {'M'}]",0.22324819491868675,27,0.8882352941176471,0.9020696794431918,5050
"[{'W'}, {'M'}, {'M'}, {'V'}, {'Z'}]",0.22324819491868675,27,0.888235294117647,0.9020696794431918,5050
"[{'X'}, {'O'}, {'V'}, {'Y'}, {'V'}]",0.22317010920554692,21,0.8877551020408162,0.9020696794431918,5050
"[{'Y'}, {'P'}, {'N'}, {'N'}, {'V'}]",0.2231701092055468,21,0.8877551020408163,0.9020696794431918,5050
"[{'O'}, {'M'}, {'P'}, {'W'}, {'T'}]",0.2231701092055468,21,0.8877551020408163,0.9020696794431918,5050
"[{'M'}, {'N'}, {'M'}, {'M'}, {'T'}]",0.2230953403750422,26,0.8888888888888888,0.9020696794431918,5050
"[{'M'}, {'X'}, {'V'}, {'P'}, {'T'}]",0.22304643527678947,24,0.888888888888889,0.9020696794431918,5050
"[{'Y'}, {'P'}, {'N'}, {'W'}, {'T'}]",0.22304643527678947,24,0.888888888888889,0.9020696794431918,5050
"[{'P'}, {'O'}, {'Z'}, {'N'}, {'Y'}]",0.22304643527678947,24,0.888888888888889,0.9020696794431918,5050
"[{'P'}, {'M'}, {'P'}, {'V'}, {'X'}]",0.22304643527678947,24,0.8888888888888888,0.9020696794431918,5050
"[{'U'}, {'W'}, {'V'}, {'T'}, {'Y'}]",0.22302121801763208,23,0.8888888888888888,0.9020696794431918,5050
"[{'X'}, {'T'}, {'M'}, {'Z'}, {'Y'}]",0.22302121801763208,23,0.8888888888888888,0.9020696794431918,5050
"[{'T'}, {'O'}, {'M'}, {'Y'}, {'T'}]",0.22302121801763208,23,0.8888888888888888,0.9020696794431918,5050
"[{'V'}, {'X'}, {'T'}, {'X'}, {'T'}]",0.22299544633422608,22,0.888888888888889,0.9020696794431918,5050
"[{'T'}, {'N'}, {'M'}, {'V'}, {'V'}]",0.22299544633422608,22,0.888888888888889,0.9020696794431918,5050
"[{'N'}, {'V'}, {'U'}, {'V'}, {'O'}]",0.22296908196595455,21,0.888888888888889,0.9020696794431918,5050
"[{'V'}, {'M'}, {'P'}, {'X'}, {'V'}]",0.22296908196595455,21,0.888888888888889,0.9020696794431918,5050
"[{'W'}, {'Y'}, {'O'}, {'P'}, {'V'}]",0.22296908196595455,21,0.888888888888889,0.9020696794431918,5050
"[{'P'}, {'O'}, {'U'}, {'W'}, {'T'}]",0.22294208203805588,20,0.8888888888888888,0.9020696794431918,5050
"[{'W'}, {'W'}, {'M'}, {'N'}, {'V'}]",0.22294208203805588,20,0.888888888888889,0.9020696794431918,5050
"[{'V'}, {'X'}, {'M'}, {'M'}, {'X'}]",0.22294097154742287,25,0.8896103896103895,0.9020696794431918,5050
"[{'X'}, {'W'}, {'T'}, {'P'}, {'N'}]",0.22289463297442635,27,0.8901098901098901,0.9020696794431918,5050
"[{'X'}, {'Z'}, {'O'}, {'T'}, {'X'}]",0.22286729788761406,29,0.8904761904761905,0.9020696794431918,5050
"[{'O'}, {'X'}, {'T'}, {'O'}, {'U'}]",0.2228644528469983,37,0.8911764705882352,0.9020696794431918,5050
"[{'V'}, {'M'}, {'U'}, {'U'}, {'X'}]",0.22284335194138738,33,0.8909774436090225,0.9020696794431918,5050
"[{'V'}, {'U'}, {'N'}, {'W'}, {'U'}]",0.22282465868068946,31,0.8909090909090909,0.9020696794431918,5050
"[{'M'}, {'Z'}, {'Z'}, {'W'}, {'Y'}]",0.22282405493475066,28,0.890625,0.9020696794431918,5050
"[{'T'}, {'X'}, {'X'}, {'W'}, {'N'}]",0.22282405493475066,28,0.890625,0.9020696794431918,5050
"[{'M'}, {'O'}, {'O'}, {'V'}, {'M'}]",0.22274890268921876,20,0.8901098901098901,0.9020696794431918,5050
"[{'O'}, {'T'}, {'M'}, {'U'}, {'M'}]",0.22274890268921865,20,0.8901098901098902,0.9020696794431918,5050
"[{'O'}, {'Y'}, {'W'}, {'T'}, {'X'}]",0.22274890268921865,20,0.8901098901098902,0.9020696794431918,5050
"[{'W'}, {'P'}, {'Z'}, {'T'}, {'X'}]",0.22270693306186762,25,0.891025641025641,0.9020696794431918,5050
"[{'U'}, {'X'}, {'O'}, {'T'}, {'X'}]",0.22269666677063016,31,0.8916666666666667,0.9020696794431918,5050
"[{'M'}, {'T'}, {'V'}, {'X'}, {'W'}]",0.22265197634566192,21,0.8909090909090909,0.9020696794431918,5050
"[{'N'}, {'U'}, {'Y'}, {'P'}, {'U'}]",0.2226252814222669,26,0.8916666666666666,0.9020696794431918,5050
"[{'Y'}, {'M'}, {'M'}, {'T'}, {'U'}]",0.22258349657383336,27,0.8920454545454545,0.9020696794431918,5050
"[{'M'}, {'M'}, {'T'}, {'N'}, {'T'}]",0.2225630549863863,22,0.8916666666666666,0.9020696794431918,5050
