pattern,quality,support,pattern_auc,global_auc,dataset_size
"[{'WITHDRAW_C_GAP_LONG'}, {'OTHER_D_GAP_LONG'}, {'OTHER_A_GAP_MED'}, {'WITHDRAW_D_GAP_SHORT'}, {'WITHDRAW_D_GAP_MED'}]",2.8884692630111317,459,0.6307634164777023,0.904040404040404,3600
"[{'OTHER_A_GAP_LONG'}, {'WITHDRAW_D_GAP_MED'}, {'OTHER_C_GAP_MED'}, {'WITHDRAW_D_GAP_MED'}, {'OTHER_A_GAP_MED'}]",2.528141605741202,560,0.6622239517462789,0.904040404040404,3600
"[{'OTHER_A_GAP_SHORT'}, {'OTHER_A_GAP_LONG'}, {'WITHDRAW_D_GAP_MED'}, {'OTHER_C_GAP_MED'}, {'WITHDRAW_D_GAP_MED'}, {'OTHER_A_GAP_MED'}]",2.490164450782415,515,0.655560271646859,0.904040404040404,3600
"[{'WITHDRAW_A_GAP_SHORT'}, {'WITHDRAW_B_GAP_LONG'}, {'OTHER_C_GAP_SHORT'}, {'WITHDRAW_D_GAP_SHORT'}, {'WITHDRAW_C_GAP_SHORT'}, {'OTHER_C_GAP_MED'}]",2.397934293224865,214,0.6007281553398058,0.904040404040404,3600
"[{'OTHER_A_GAP_SHORT'}, {'OTHER_D_GAP_LONG'}, {'OTHER_A_GAP_LONG'}, {'OTHER_A_GAP_LONG'}, {'WITHDRAW_B_GAP_LONG'}, {'OTHER_C_GAP_LONG'}]",2.30888787075677,413,0.6518610421836228,0.904040404040404,3600
"[{'OTHER_C_GAP_LONG'}, {'OTHER_D_GAP_MED'}, {'WITHDRAW_D_GAP_LONG'}, {'WITHDRAW_B_GAP_LONG'}, {'WITHDRAW_B_GAP_LONG'}]",2.0604705150953526,453,0.676374877969411,0.904040404040404,3600
"[{'OTHER_D_GAP_LONG'}, {'OTHER_A_GAP_MED'}, {'OTHER_C_GAP_MED'}, {'WITHDRAW_D_GAP_SHORT'}]",2.048392561217277,553,0.6928929466523452,0.904040404040404,3600
"[{'OTHER_D_GAP_LONG'}, {'WITHDRAW_B_GAP_LONG'}, {'OTHER_C_GAP_LONG'}]",1.8641542801531246,651,0.7183544303797469,0.904040404040404,3600
"[{'OTHER_D_GAP_LONG'}, {'OTHER_A_GAP_SHORT'}, {'OTHER_A_GAP_SHORT'}, {'OTHER_A_GAP_MED'}, {'OTHER_D_GAP_LONG'}]",1.8017217777739751,537,0.7017882544198334,0.904040404040404,3600
"[{'OTHER_A_GAP_SHORT'}, {'OTHER_D_GAP_LONG'}, {'OTHER_A_GAP_LONG'}, {'OTHER_B_GAP_LONG'}, {'OTHER_B_GAP_LONG'}, {'OTHER_C_GAP_LONG'}]",1.7352508170652947,191,0.6421052631578947,0.904040404040404,3600
"[{'OTHER_D_GAP_LONG'}, {'OTHER_C_GAP_LONG'}, {'WITHDRAW_B_GAP_LONG'}, {'OTHER_A_GAP_SHORT'}, {'OTHER_A_GAP_SHORT', 'WITHDRAW_A_GAP_SHORT'}, {'OTHER_A_GAP_SHORT'}]",1.7329471306328985,437,0.6912191582002902,0.904040404040404,3600
"[{'OTHER_A_GAP_SHORT'}, {'OTHER_A_GAP_LONG'}, {'OTHER_A_GAP_LONG'}, {'WITHDRAW_B_GAP_LONG'}, {'OTHER_C_GAP_LONG'}]",1.6722064119854538,623,0.7173202614379084,0.904040404040404,3600
"[{'WITHDRAW_C_GAP_LONG'}, {'WITHDRAW_C_GAP_LONG'}, {'WITHDRAW_A_GAP_SHORT'}, {'OTHER_C_GAP_MED'}, {'WITHDRAW_A_GAP_SHORT'}, {'WITHDRAW_B_GAP_MED'}]",1.640332578045421,663,0.7179930795847751,0.904040404040404,3600
"[{'OTHER_C_GAP_LONG'}, {'OTHER_D_GAP_LONG'}, {'OTHER_A_GAP_LONG'}, {'OTHER_A_GAP_LONG'}, {'OTHER_A_GAP_LONG'}, {'WITHDRAW_B_GAP_LONG'}]",1.6262050042688485,386,0.6920677361853832,0.904040404040404,3600
"[{'WITHDRAW_C_GAP_MED'}, {'WITHDRAW_C_GAP_MED'}, {'OTHER_D_GAP_LONG'}, {'WITHDRAW_A_GAP_SHORT'}, {'OTHER_D_GAP_LONG'}, {'WITHDRAW_D_GAP_SHORT'}]",1.5957031106139623,661,0.7206708268330734,0.904040404040404,3600
"[{'OTHER_A_GAP_SHORT'}, {'OTHER_A_GAP_LONG'}, {'OTHER_A_GAP_LONG'}, {'OTHER_C_GAP_MED'}, {'WITHDRAW_C_GAP_SHORT'}, {'OTHER_A_GAP_MED'}]",1.584424084927984,630,0.7191833921957103,0.904040404040404,3600
"[{'OTHER_C_GAP_LONG'}, {'OTHER_D_GAP_LONG'}, {'OTHER_A_GAP_LONG'}, {'OTHER_A_GAP_LONG'}, {'WITHDRAW_B_GAP_LONG'}]",1.5623116922809777,431,0.7072138387927862,0.904040404040404,3600
"[{'OTHER_A_GAP_SHORT'}, {'OTHER_C_GAP_LONG'}, {'OTHER_A_GAP_LONG'}, {'WITHDRAW_A_GAP_SHORT'}, {'OTHER_D_GAP_LONG'}]",1.557342353314128,462,0.710960960960961,0.904040404040404,3600
"[{'OTHER_D_GAP_LONG'}, {'OTHER_D_GAP_LONG'}, {'OTHER_A_GAP_LONG'}, {'WITHDRAW_C_GAP_LONG'}, {'WITHDRAW_D_GAP_MED'}, {'OTHER_D_GAP_LONG'}]",1.5571887677503549,539,0.7136711281070746,0.904040404040404,3600
"[{'OTHER_A_GAP_SHORT'}, {'OTHER_B_GAP_LONG'}, {'OTHER_C_GAP_LONG'}, {'OTHER_A_GAP_MED'}, {'WITHDRAW_D_GAP_MED'}, {'WITHDRAW_A_GAP_SHORT'}]",1.5479442567651645,258,0.6759259259259259,0.904040404040404,3600
"[{'OTHER_A_GAP_MED'}, {'WITHDRAW_A_GAP_SHORT'}, {'OTHER_D_GAP_LONG'}]",1.524201872055623,895,0.7537471264367817,0.904040404040404,3600
"[{'OTHER_A_GAP_SHORT'}, {'OTHER_D_GAP_LONG'}, {'OTHER_B_GAP_LONG'}, {'OTHER_B_GAP_LONG'}, {'OTHER_B_GAP_LONG'}, {'OTHER_C_GAP_LONG'}]",1.520446453198347,175,0.6551724137931034,0.904040404040404,3600
"[{'WITHDRAW_C_GAP_LONG'}, {'WITHDRAW_C_GAP_LONG'}, {'OTHER_C_GAP_MED'}, {'WITHDRAW_A_GAP_SHORT'}, {'WITHDRAW_A_GAP_SHORT'}, {'WITHDRAW_B_GAP_MED'}]",1.5162572545113513,647,0.7248415213946117,0.904040404040404,3600
"[{'OTHER_A_GAP_SHORT'}, {'OTHER_D_GAP_LONG'}, {'OTHER_A_GAP_MED'}, {'OTHER_D_GAP_LONG'}, {'WITHDRAW_D_GAP_LONG'}, {'WITHDRAW_B_GAP_SHORT'}]",1.4976404344268996,667,0.7274204028589993,0.904040404040404,3600
"[{'OTHER_A_GAP_SHORT'}, {'OTHER_D_GAP_LONG'}, {'OTHER_C_GAP_LONG'}, {'WITHDRAW_B_GAP_LONG'}]",1.4564436416200648,754,0.7451485857500896,0.904040404040404,3600
"[{'OTHER_D_GAP_LONG'}, {'OTHER_A_GAP_LONG'}, {'OTHER_A_GAP_LONG'}, {'OTHER_C_GAP_LONG'}]",1.4295730938180784,552,0.7342747111681643,0.904040404040404,3600
"[{'WITHDRAW_B_GAP_LONG'}, {'OTHER_C_GAP_LONG'}]",1.422558696978153,874,0.7689135118497998,0.904040404040404,3600
"[{'OTHER_A_GAP_SHORT'}, {'OTHER_C_GAP_LONG'}, {'OTHER_C_GAP_LONG'}, {'WITHDRAW_B_GAP_LONG'}]",1.4201544011515745,660,0.7423706324635118,0.904040404040404,3600
"[{'OTHER_D_GAP_LONG'}, {'WITHDRAW_B_GAP_LONG'}, {'OTHER_C_GAP_LONG'}, {'OTHER_B_GAP_LONG'}]",1.4129809969728746,334,0.7129750982961992,0.904040404040404,3600
"[{'OTHER_D_GAP_LONG'}, {'OTHER_A_GAP_LONG'}, {'OTHER_C_GAP_LONG'}]",1.40659940161894,636,0.7491289198606271,0.904040404040404,3600
"[{'OTHER_A_GAP_LONG'}, {'WITHDRAW_B_GAP_LONG'}, {'OTHER_A_GAP_LONG'}, {'OTHER_A_GAP_LONG'}, {'OTHER_C_GAP_LONG'}]",1.3987829999678523,487,0.7251572327044025,0.904040404040404,3600
"[{'OTHER_D_GAP_LONG'}, {'WITHDRAW_D_GAP_MED'}, {'WITHDRAW_D_GAP_MED'}, {'OTHER_D_GAP_LONG'}, {'WITHDRAW_A_GAP_SHORT'}]",1.3840978892295661,938,0.7531455142231946,0.904040404040404,3600
"[{'OTHER_A_GAP_LONG'}, {'OTHER_A_GAP_SHORT'}, {'WITHDRAW_B_GAP_LONG'}, {'OTHER_C_GAP_LONG'}, {'WITHDRAW_C_GAP_LONG'}]",1.3814868341257798,453,0.7232346241457859,0.904040404040404,3600
"[{'OTHER_D_GAP_LONG'}, {'WITHDRAW_B_GAP_LONG'}, {'WITHDRAW_B_GAP_LONG'}, {'OTHER_C_GAP_LONG'}]",1.368262179275234,556,0.7392483056069008,0.904040404040404,3600
"[{'WITHDRAW_A_GAP_SHORT'}, {'OTHER_D_GAP_LONG'}]",1.3681881654415728,1082,0.7798675496688742,0.904040404040404,3600
"[{'OTHER_A_GAP_SHORT'}, {'OTHER_D_GAP_LONG'}, {'OTHER_C_GAP_LONG'}, {'OTHER_B_GAP_LONG'}, {'OTHER_A_GAP_LONG'}, {'WITHDRAW_B_GAP_LONG'}]",1.3675310095558832,277,0.6949569495694956,0.904040404040404,3600
"[{'OTHER_D_GAP_LONG'}, {'OTHER_D_GAP_LONG'}, {'WITHDRAW_D_GAP_MED'}, {'WITHDRAW_B_GAP_MED'}, {'OTHER_D_GAP_LONG'}, {'OTHER_D_GAP_SHORT'}]",1.2636819709955787,748,0.7480769230769231,0.904040404040404,3600
"[{'OTHER_A_GAP_SHORT'}, {'OTHER_C_GAP_LONG'}, {'OTHER_A_GAP_LONG'}, {'WITHDRAW_B_GAP_LONG'}, {'OTHER_C_GAP_LONG'}]",1.2636260114515996,402,0.7274746192893401,0.904040404040404,3600
"[{'OTHER_A_GAP_LONG'}, {'OTHER_C_GAP_MED'}, {'WITHDRAW_C_GAP_SHORT'}, {'OTHER_A_GAP_MED'}]",1.2561690522700806,782,0.7608851674641148,0.904040404040404,3600
"[{'OTHER_A_GAP_SHORT'}, {'OTHER_D_GAP_LONG'}, {'WITHDRAW_B_GAP_LONG'}, {'OTHER_D_GAP_LONG'}, {'WITHDRAW_A_GAP_SHORT'}, {'OTHER_A_GAP_LONG'}]",1.2481838055136727,756,0.7495821061848285,0.904040404040404,3600
"[{'OTHER_D_GAP_LONG'}, {'OTHER_D_GAP_LONG'}, {'OTHER_A_GAP_MED'}, {'WITHDRAW_C_GAP_SHORT'}, {'WITHDRAW_B_GAP_MED'}, {'WITHDRAW_D_GAP_MED'}]",1.2305261743766802,681,0.746780092224519,0.904040404040404,3600
"[{'OTHER_A_GAP_SHORT'}, {'OTHER_D_GAP_LONG'}, {'WITHDRAW_D_GAP_MED'}, {'OTHER_D_GAP_LONG'}, {'OTHER_A_GAP_SHORT'}, {'OTHER_D_GAP_LONG'}]",1.2084842310583872,788,0.753975789223831,0.904040404040404,3600
"[{'OTHER_D_GAP_LONG'}, {'OTHER_D_GAP_LONG'}, {'WITHDRAW_D_GAP_MED'}, {'WITHDRAW_D_GAP_LONG'}, {'WITHDRAW_A_GAP_SHORT'}, {'OTHER_D_GAP_LONG'}]",1.2041626274096737,743,0.7520661157024794,0.904040404040404,3600
"[{'WITHDRAW_A_GAP_SHORT'}, {'WITHDRAW_C_GAP_MED'}, {'WITHDRAW_C_GAP_MED'}, {'OTHER_D_GAP_LONG'}]",1.172846072309115,893,0.7717357269596075,0.904040404040404,3600
"[{'WITHDRAW_A_GAP_SHORT'}, {'WITHDRAW_A_GAP_SHORT'}, {'WITHDRAW_C_GAP_MED'}, {'WITHDRAW_C_GAP_MED'}, {'OTHER_D_GAP_LONG'}]",1.1726525460749349,834,0.7634908195253023,0.904040404040404,3600
"[{'OTHER_A_GAP_SHORT'}, {'WITHDRAW_C_GAP_LONG'}, {'OTHER_C_GAP_MED'}, {'OTHER_C_GAP_MED'}, {'OTHER_C_GAP_MED'}]",1.1621820190673238,574,0.7505827505827505,0.904040404040404,3600
"[{'OTHER_A_GAP_LONG'}, {'OTHER_D_GAP_LONG'}, {'WITHDRAW_D_GAP_SHORT'}, {'OTHER_D_GAP_LONG'}, {'OTHER_A_GAP_LONG'}, {'OTHER_A_GAP_LONG'}]",1.1589128937138837,534,0.7425824175824176,0.904040404040404,3600
"[{'OTHER_A_GAP_SHORT'}, {'OTHER_A_GAP_LONG'}, {'OTHER_C_GAP_LONG'}]",1.1550880088377196,868,0.7798648564875085,0.904040404040404,3600
"[{'OTHER_A_GAP_MED'}, {'WITHDRAW_C_GAP_LONG'}, {'WITHDRAW_D_GAP_LONG'}, {'WITHDRAW_D_GAP_LONG'}, {'WITHDRAW_C_GAP_SHORT'}]",1.1529891777874308,762,0.7617765814266486,0.904040404040404,3600
"[{'OTHER_A_GAP_MED'}, {'WITHDRAW_C_GAP_LONG'}, {'OTHER_D_GAP_LONG'}, {'WITHDRAW_D_GAP_MED'}, {'OTHER_A_GAP_SHORT'}, {'OTHER_A_GAP_SHORT'}]",1.1312155255684893,505,0.7425869120654397,0.904040404040404,3600
"[{'OTHER_A_GAP_SHORT'}, {'OTHER_D_GAP_LONG'}, {'OTHER_D_GAP_LONG'}, {'WITHDRAW_D_GAP_LONG'}, {'WITHDRAW_B_GAP_SHORT'}]",1.1235103264190158,1033,0.7743008722237209,0.904040404040404,3600
"[{'WITHDRAW_C_GAP_MED'}, {'OTHER_A_GAP_SHORT'}, {'OTHER_A_GAP_SHORT'}, {'OTHER_C_GAP_MED'}, {'WITHDRAW_C_GAP_LONG'}, {'WITHDRAW_B_GAP_LONG'}]",1.1185646519272119,505,0.7436363636363637,0.904040404040404,3600
"[{'WITHDRAW_C_GAP_LONG'}, {'WITHDRAW_D_GAP_LONG'}, {'WITHDRAW_C_GAP_MED'}, {'WITHDRAW_A_GAP_SHORT'}, {'OTHER_A_GAP_MED'}]",1.1113159582018408,1028,0.7750247770069376,0.904040404040404,3600
"[{'OTHER_D_GAP_LONG'}, {'WITHDRAW_B_GAP_LONG'}, {'OTHER_C_GAP_LONG'}, {'OTHER_B_GAP_LONG'}, {'OTHER_B_GAP_LONG'}]",1.0978646913360457,210,0.7135922330097086,0.904040404040404,3600
"[{'OTHER_D_GAP_LONG'}, {'OTHER_C_GAP_LONG'}, {'OTHER_A_GAP_LONG'}, {'OTHER_A_GAP_LONG'}, {'OTHER_A_GAP_LONG'}, {'OTHER_A_GAP_LONG'}]",1.0917652160761304,540,0.7485100042571307,0.904040404040404,3600
"[{'WITHDRAW_D_GAP_MED'}, {'OTHER_A_GAP_MED'}, {'WITHDRAW_C_GAP_MED'}, {'WITHDRAW_D_GAP_MED'}, {'OTHER_B_GAP_MED'}]",1.0765852457747,483,0.7512820512820513,0.904040404040404,3600
"[{'OTHER_C_GAP_LONG'}, {'OTHER_D_GAP_LONG'}, {'WITHDRAW_C_GAP_LONG'}, {'OTHER_A_GAP_LONG'}, {'OTHER_A_GAP_MED'}, {'WITHDRAW_B_GAP_LONG'}]",1.0745191505684124,291,0.7241922773837668,0.904040404040404,3600
"[{'OTHER_D_GAP_LONG'}, {'OTHER_D_GAP_LONG'}, {'OTHER_D_GAP_SHORT'}, {'WITHDRAW_D_GAP_LONG'}, {'WITHDRAW_D_GAP_LONG'}, {'WITHDRAW_C_GAP_LONG'}]",1.0633035911606483,643,0.7574309978768577,0.904040404040404,3600
"[{'OTHER_C_GAP_LONG'}, {'OTHER_C_GAP_LONG'}, {'OTHER_A_GAP_LONG'}, {'WITHDRAW_C_GAP_LONG'}, {'OTHER_A_GAP_MED'}, {'WITHDRAW_A_GAP_SHORT'}]",1.0586158336326688,322,0.7302094426695066,0.904040404040404,3600
"[{'OTHER_D_GAP_LONG'}, {'OTHER_D_GAP_LONG'}, {'WITHDRAW_D_GAP_SHORT'}, {'WITHDRAW_D_GAP_LONG'}]",1.0561850664683337,997,0.7842505854800936,0.904040404040404,3600
"[{'OTHER_D_GAP_LONG'}, {'OTHER_D_GAP_LONG'}, {'OTHER_D_GAP_LONG'}, {'OTHER_D_GAP_LONG'}]",1.0243028975139254,1265,0.7935806451612903,0.904040404040404,3600
"[{'OTHER_A_GAP_LONG'}, {'OTHER_C_GAP_LONG'}]",1.0189124562068583,955,0.8059039461609054,0.904040404040404,3600
"[{'OTHER_D_GAP_LONG'}, {'OTHER_C_GAP_LONG'}, {'OTHER_A_GAP_LONG'}, {'OTHER_A_GAP_LONG'}, {'OTHER_A_GAP_LONG'}]",1.0152298110548181,589,0.76398891966759,0.904040404040404,3600
"[{'OTHER_C_GAP_MED'}, {'OTHER_A_GAP_LONG'}, {'WITHDRAW_C_GAP_MED'}, {'OTHER_D_GAP_MED'}, {'WITHDRAW_D_GAP_MED'}, {'OTHER_D_GAP_MED'}]",0.9924632921857146,486,0.7530585106382979,0.904040404040404,3600
"[{'OTHER_A_GAP_SHORT'}, {'WITHDRAW_B_GAP_LONG'}, {'OTHER_B_GAP_LONG'}, {'OTHER_A_GAP_LONG'}, {'WITHDRAW_C_GAP_LONG'}, {'OTHER_A_GAP_LONG'}]",0.9916870944997896,464,0.7513706140350878,0.904040404040404,3600
"[{'OTHER_C_GAP_LONG'}, {'OTHER_C_GAP_LONG'}, {'WITHDRAW_B_GAP_LONG'}, {'WITHDRAW_C_GAP_LONG'}, {'OTHER_A_GAP_MED'}, {'WITHDRAW_A_GAP_SHORT'}]",0.9904958361031052,324,0.7371478361893697,0.904040404040404,3600
"[{'OTHER_D_GAP_LONG'}, {'WITHDRAW_D_GAP_LONG'}, {'WITHDRAW_D_GAP_LONG'}, {'WITHDRAW_D_GAP_MED'}, {'OTHER_A_GAP_MED'}, {'WITHDRAW_C_GAP_LONG'}]",0.9899264513816151,540,0.7572063492063492,0.904040404040404,3600
"[{'OTHER_A_GAP_SHORT'}, {'OTHER_D_GAP_LONG'}, {'OTHER_B_GAP_LONG'}, {'OTHER_C_GAP_LONG'}]",0.9811287662315047,421,0.7630170316301703,0.904040404040404,3600
"[{'OTHER_C_GAP_LONG'}, {'WITHDRAW_B_GAP_LONG'}]",0.981056442777111,1213,0.8151965484180249,0.904040404040404,3600
"[{'OTHER_C_GAP_LONG'}, {'OTHER_C_GAP_LONG'}, {'OTHER_C_GAP_MED'}, {'WITHDRAW_C_GAP_MED'}, {'OTHER_A_GAP_LONG'}]",0.9765025709922104,435,0.7566981875492513,0.904040404040404,3600
"[{'OTHER_D_GAP_MED'}, {'WITHDRAW_C_GAP_LONG'}, {'WITHDRAW_D_GAP_MED'}]",0.9759361374857065,1331,0.8065428824049514,0.904040404040404,3600
"[{'WITHDRAW_A_GAP_SHORT'}, {'OTHER_A_GAP_SHORT'}, {'OTHER_C_GAP_MED'}, {'WITHDRAW_C_GAP_MED'}, {'WITHDRAW_B_GAP_MED'}]",0.9739663813536482,875,0.7805263157894737,0.904040404040404,3600
"[{'OTHER_D_GAP_LONG'}, {'OTHER_D_GAP_LONG'}, {'OTHER_D_GAP_LONG'}, {'OTHER_D_GAP_LONG'}, {'OTHER_D_GAP_LONG'}]",0.9539856166966544,1147,0.790151632368869,0.904040404040404,3600
"[{'OTHER_A_GAP_MED'}, {'WITHDRAW_A_GAP_SHORT'}, {'OTHER_C_GAP_MED'}, {'WITHDRAW_A_GAP_SHORT'}, {'WITHDRAW_C_GAP_MED'}]",0.9485376898000805,838,0.781313749490004,0.904040404040404,3600
"[{'WITHDRAW_B_GAP_LONG'}, {'OTHER_C_GAP_LONG'}, {'WITHDRAW_B_GAP_LONG'}, {'OTHER_B_GAP_LONG'}]",0.9381814512049865,382,0.7641843971631206,0.904040404040404,3600
"[{'OTHER_D_GAP_LONG'}, {'WITHDRAW_D_GAP_LONG'}]",0.9366933480379338,1604,0.8253036620739667,0.904040404040404,3600
"[{'WITHDRAW_A_GAP_SHORT'}, {'OTHER_C_GAP_MED'}, {'WITHDRAW_A_GAP_SHORT'}, {'WITHDRAW_B_GAP_MED'}]",0.9104786624939267,1093,0.798871063576946,0.904040404040404,3600
"[{'OTHER_A_GAP_SHORT'}, {'OTHER_D_GAP_LONG'}, {'OTHER_B_GAP_LONG'}, {'OTHER_B_GAP_LONG'}, {'OTHER_B_GAP_LONG'}]",0.903819224453286,347,0.7558309037900874,0.904040404040404,3600
"[{'OTHER_A_GAP_LONG'}, {'OTHER_D_GAP_LONG'}, {'OTHER_D_GAP_LONG'}, {'OTHER_D_GAP_LONG'}]",0.8990618276829513,1089,0.7997652582159624,0.904040404040404,3600
"[{'OTHER_D_GAP_MED'}, {'WITHDRAW_D_GAP_LONG'}, {'OTHER_A_GAP_SHORT'}, {'WITHDRAW_B_GAP_LONG'}, {'WITHDRAW_C_GAP_MED'}, {'WITHDRAW_C_GAP_MED'}]",0.8966067976407333,941,0.7835940175819158,0.904040404040404,3600
[{'WITHDRAW_D_GAP_SHORT'}],0.8887752019153116,2088,0.8541178205411781,0.904040404040404,3600
"[{'OTHER_D_GAP_LONG'}, {'WITHDRAW_D_GAP_LONG'}, {'OTHER_A_GAP_MED'}, {'WITHDRAW_D_GAP_MED'}]",0.8874499885359424,995,0.798425735797399,0.904040404040404,3600
[{'OTHER_D_GAP_LONG'}],0.8858312037898961,1973,0.8537999656887973,0.904040404040404,3600
"[{'OTHER_D_GAP_LONG'}, {'WITHDRAW_C_GAP_LONG'}, {'WITHDRAW_D_GAP_LONG'}]",0.8846186980208988,1307,0.8141676825138833,0.904040404040404,3600
"[{'OTHER_A_GAP_MED'}, {'WITHDRAW_B_GAP_SHORT'}, {'WITHDRAW_D_GAP_MED'}, {'WITHDRAW_D_GAP_SHORT'}, {'WITHDRAW_D_GAP_LONG'}]",0.8775041757729619,888,0.7891430007539584,0.904040404040404,3600
[{'WITHDRAW_D_GAP_LONG'}],0.8774547812579219,2245,0.8564989862458217,0.904040404040404,3600
"[{'OTHER_A_GAP_SHORT'}, {'WITHDRAW_C_GAP_MED'}, {'OTHER_A_GAP_SHORT'}, {'OTHER_C_GAP_MED'}]",0.8751328857145008,1029,0.8004149018929898,0.904040404040404,3600
"[{'OTHER_A_GAP_MED'}, {'WITHDRAW_C_GAP_LONG'}, {'WITHDRAW_D_GAP_LONG'}, {'WITHDRAW_D_GAP_LONG'}]",0.8748968757927018,1053,0.8010316550568732,0.904040404040404,3600
"[{'OTHER_D_GAP_MED'}, {'OTHER_D_GAP_SHORT'}, {'WITHDRAW_B_GAP_MED'}, {'OTHER_A_GAP_MED'}]",0.8744393534122649,1178,0.8039202081526453,0.904040404040404,3600
"[{'OTHER_D_GAP_LONG'}, {'OTHER_D_GAP_LONG'}, {'OTHER_D_GAP_LONG'}, {'OTHER_D_GAP_LONG'}, {'WITHDRAW_D_GAP_MED'}, {'OTHER_D_GAP_MED'}]",0.8651645054316331,1036,0.7889749003049495,0.904040404040404,3600
"[{'WITHDRAW_D_GAP_MED'}, {'WITHDRAW_D_GAP_LONG'}, {'OTHER_D_GAP_SHORT'}, {'WITHDRAW_D_GAP_LONG'}, {'WITHDRAW_D_GAP_LONG'}, {'WITHDRAW_A_GAP_SHORT'}]",0.8648078223331973,796,0.7811698717948719,0.904040404040404,3600
"[{'OTHER_D_GAP_LONG'}, {'WITHDRAW_B_GAP_MED'}, {'OTHER_A_GAP_SHORT', 'WITHDRAW_A_GAP_SHORT'}, {'OTHER_B_GAP_LONG'}, {'OTHER_B_GAP_MED'}, {'OTHER_A_GAP_SHORT', 'WITHDRAW_A_GAP_SHORT'}]",0.8622476983330766,177,0.7254335260115607,0.904040404040404,3600
"[{'OTHER_A_GAP_SHORT'}, {'OTHER_D_GAP_LONG'}, {'OTHER_B_GAP_LONG'}, {'OTHER_A_GAP_LONG'}, {'WITHDRAW_B_GAP_LONG'}, {'WITHDRAW_C_GAP_LONG'}]",0.862175860620986,433,0.7612340710932259,0.904040404040404,3600
"[{'OTHER_A_GAP_SHORT'}, {'OTHER_D_GAP_LONG'}, {'WITHDRAW_D_GAP_LONG'}, {'WITHDRAW_B_GAP_LONG'}, {'WITHDRAW_C_GAP_LONG'}]",0.8560051582361589,978,0.7937369519832985,0.904040404040404,3600
"[{'OTHER_D_GAP_MED'}, {'WITHDRAW_D_GAP_LONG'}, {'WITHDRAW_D_GAP_MED'}]",0.8545526533706715,1412,0.8186535686535688,0.904040404040404,3600
"[{'OTHER_A_GAP_SHORT'}, {'WITHDRAW_C_GAP_MED'}, {'OTHER_A_GAP_SHORT'}, {'WITHDRAW_B_GAP_MED'}, {'OTHER_C_GAP_MED'}]",0.8536640167661906,966,0.7936004031242125,0.904040404040404,3600
"[{'OTHER_A_GAP_SHORT'}, {'WITHDRAW_B_GAP_LONG'}, {'WITHDRAW_D_GAP_LONG'}, {'WITHDRAW_D_GAP_LONG'}]",0.8440047151287089,1500,0.8123249299719888,0.904040404040404,3600
"[{'OTHER_A_GAP_SHORT'}, {'OTHER_D_GAP_LONG'}, {'OTHER_C_GAP_LONG'}, {'WITHDRAW_B_GAP_LONG'}, {'WITHDRAW_B_GAP_LONG'}, {'WITHDRAW_B_GAP_LONG'}]",0.8431717337898625,541,0.7707939508506617,0.904040404040404,3600
"[{'WITHDRAW_B_GAP_LONG'}, {'WITHDRAW_D_GAP_LONG'}, {'WITHDRAW_D_GAP_LONG'}]",0.8395251963086551,1549,0.8219920223849496,0.904040404040404,3600
"[{'OTHER_A_GAP_SHORT'}, {'OTHER_C_GAP_LONG'}, {'OTHER_A_GAP_LONG'}, {'WITHDRAW_B_GAP_LONG'}, {'OTHER_C_GAP_LONG'}, {'OTHER_A_GAP_SHORT'}]",0.8296127063432993,331,0.7548717948717949,0.904040404040404,3600
"[{'OTHER_D_GAP_LONG'}, {'OTHER_A_GAP_MED'}]",0.8259304858103542,1657,0.8372054906781397,0.904040404040404,3600
"[{'OTHER_D_GAP_SHORT'}, {'WITHDRAW_B_GAP_MED'}, {'OTHER_A_GAP_MED'}]",0.8203751191021216,1347,0.8209379727685325,0.904040404040404,3600
"[{'OTHER_A_GAP_SHORT'}, {'WITHDRAW_D_GAP_LONG'}, {'WITHDRAW_C_GAP_LONG'}, {'WITHDRAW_D_GAP_MED'}, {'WITHDRAW_D_GAP_MED'}]",0.8203662530942795,1263,0.8035179192137121,0.904040404040404,3600
"[{'WITHDRAW_D_GAP_LONG'}, {'WITHDRAW_D_GAP_MED'}]",0.8177801661786399,1904,0.8403612446581197,0.904040404040404,3600
"[{'WITHDRAW_D_GAP_LONG'}, {'WITHDRAW_D_GAP_LONG'}]",0.8130085093254334,1882,0.8406947444204464,0.904040404040404,3600
"[{'OTHER_D_GAP_LONG'}, {'WITHDRAW_D_GAP_LONG'}, {'OTHER_A_GAP_LONG'}]",0.8046327735143329,1420,0.8235698924731183,0.904040404040404,3600
[{'OTHER_B_GAP_LONG'}],0.8037708189623655,1551,0.8640822878886973,0.904040404040404,3600
"[{'OTHER_A_GAP_LONG'}, {'OTHER_A_GAP_MED'}, {'OTHER_D_GAP_MED'}]",0.8034308872914168,1320,0.8222084942084942,0.904040404040404,3600
"[{'WITHDRAW_D_GAP_MED'}, {'WITHDRAW_D_GAP_MED'}]",0.80234577723468,2071,0.8433393976147159,0.904040404040404,3600
"[{'OTHER_A_GAP_SHORT'}, {'OTHER_D_GAP_LONG'}, {'OTHER_B_GAP_LONG'}, {'OTHER_C_GAP_LONG'}, {'OTHER_A_GAP_LONG'}, {'WITHDRAW_B_GAP_LONG'}]",0.8011066298342235,232,0.7444933920704846,0.904040404040404,3600
"[{'OTHER_A_GAP_MED'}, {'OTHER_D_GAP_LONG'}, {'OTHER_D_GAP_LONG'}, {'OTHER_A_GAP_SHORT'}, {'OTHER_A_GAP_SHORT'}, {'OTHER_A_GAP_SHORT'}]",0.7996357911337497,646,0.780670926517572,0.904040404040404,3600
"[{'OTHER_A_GAP_SHORT'}, {'OTHER_D_GAP_LONG'}, {'WITHDRAW_D_GAP_LONG'}]",0.7960719740014324,1465,0.8250399217019523,0.904040404040404,3600
"[{'OTHER_A_GAP_LONG'}, {'OTHER_D_GAP_LONG'}, {'OTHER_D_GAP_LONG'}, {'OTHER_A_GAP_LONG'}]",0.7952227124880998,1081,0.8090745732255167,0.904040404040404,3600
"[{'OTHER_D_GAP_LONG'}, {'WITHDRAW_A_GAP_SHORT'}, {'OTHER_A_GAP_MED'}]",0.7911512231403455,1400,0.8246338107955005,0.904040404040404,3600
"[{'WITHDRAW_D_GAP_LONG'}, {'WITHDRAW_C_GAP_LONG'}]",0.7903573264174877,1810,0.842621722846442,0.904040404040404,3600
"[{'OTHER_A_GAP_SHORT'}, {'WITHDRAW_D_GAP_MED'}, {'WITHDRAW_A_GAP_SHORT'}, {'OTHER_B_GAP_MED'}, {'WITHDRAW_A_GAP_SHORT'}, {'WITHDRAW_A_GAP_SHORT'}]",0.7895209469956195,786,0.7875000000000001,0.904040404040404,3600
"[{'OTHER_D_GAP_LONG'}, {'WITHDRAW_D_GAP_MED'}, {'OTHER_D_GAP_SHORT'}, {'OTHER_D_GAP_MED'}]",0.7849156060143729,1248,0.8133850762527233,0.904040404040404,3600
"[{'OTHER_A_GAP_SHORT'}, {'OTHER_B_GAP_LONG'}, {'OTHER_C_GAP_LONG'}, {'WITHDRAW_A_GAP_SHORT'}]",0.779717113037034,553,0.7935256625293525,0.904040404040404,3600
"[{'OTHER_D_GAP_LONG'}, {'WITHDRAW_D_GAP_LONG'}, {'WITHDRAW_C_GAP_LONG'}]",0.778440659479912,1311,0.8246345256609642,0.904040404040404,3600
"[{'OTHER_D_GAP_LONG'}, {'OTHER_D_GAP_LONG'}, {'OTHER_D_GAP_LONG'}, {'OTHER_D_GAP_LONG'}, {'WITHDRAW_D_GAP_MED'}]",0.7780850075226351,1159,0.8050291836571519,0.904040404040404,3600
"[{'OTHER_D_GAP_MED'}, {'OTHER_D_GAP_MED'}, {'OTHER_D_GAP_MED'}, {'WITHDRAW_D_GAP_LONG'}, {'OTHER_A_GAP_MED'}]",0.7758905392239228,1056,0.8028985507246378,0.904040404040404,3600
"[{'OTHER_A_GAP_SHORT'}, {'WITHDRAW_D_GAP_LONG'}, {'OTHER_A_GAP_MED'}, {'OTHER_D_GAP_SHORT'}, {'WITHDRAW_D_GAP_MED'}, {'WITHDRAW_C_GAP_LONG'}]",0.7723590367108252,610,0.7815656565656566,0.904040404040404,3600
[{'WITHDRAW_C_GAP_LONG'}],0.7698209733898773,2639,0.8752737947386249,0.904040404040404,3600
"[{'OTHER_D_GAP_LONG'}, {'WITHDRAW_C_GAP_LONG'}, {'OTHER_A_GAP_LONG'}, {'OTHER_A_GAP_MED'}]",0.7682612168559032,945,0.8085447514854286,0.904040404040404,3600
"[{'WITHDRAW_D_GAP_MED'}, {'OTHER_D_GAP_SHORT'}, {'WITHDRAW_A_GAP_SHORT'}, {'WITHDRAW_D_GAP_SHORT'}, {'WITHDRAW_C_GAP_MED'}, {'WITHDRAW_D_GAP_MED'}]",0.7677292860518109,896,0.7932077625570776,0.904040404040404,3600
"[{'OTHER_C_GAP_LONG'}, {'OTHER_A_GAP_SHORT'}, {'OTHER_A_GAP_SHORT'}]",0.7660979244058361,1047,0.8214164402173914,0.904040404040404,3600
"[{'WITHDRAW_D_GAP_LONG'}, {'WITHDRAW_D_GAP_MED'}, {'WITHDRAW_D_GAP_SHORT'}]",0.7654196808455811,1511,0.828726325096561,0.904040404040404,3600
"[{'OTHER_D_GAP_LONG'}, {'OTHER_A_GAP_MED'}, {'WITHDRAW_B_GAP_LONG'}, {'WITHDRAW_C_GAP_MED'}, {'WITHDRAW_C_GAP_MED'}]",0.7638040312360779,1089,0.8047744360902256,0.904040404040404,3600
"[{'OTHER_D_GAP_LONG'}, {'WITHDRAW_D_GAP_MED'}, {'WITHDRAW_C_GAP_MED'}, {'OTHER_A_GAP_SHORT'}, {'OTHER_A_GAP_MED'}]",0.761927123732232,954,0.8016128209054254,0.904040404040404,3600
"[{'OTHER_D_GAP_LONG'}, {'WITHDRAW_C_GAP_LONG'}]",0.7602597123002683,1640,0.8447359092520383,0.904040404040404,3600
"[{'OTHER_C_GAP_MED'}, {'WITHDRAW_A_GAP_SHORT'}, {'WITHDRAW_B_GAP_MED'}]",0.7587007805216668,1307,0.8266626032778004,0.904040404040404,3600
"[{'OTHER_D_GAP_LONG'}, {'WITHDRAW_B_GAP_LONG'}, {'OTHER_B_GAP_LONG'}]",0.7584565668479145,746,0.8150478796169631,0.904040404040404,3600
"[{'OTHER_D_GAP_LONG'}, {'WITHDRAW_C_GAP_LONG'}, {'OTHER_A_GAP_LONG'}, {'OTHER_A_GAP_MED'}, {'WITHDRAW_B_GAP_LONG'}]",0.757807061578621,748,0.7956063410316248,0.904040404040404,3600
"[{'OTHER_D_GAP_LONG'}, {'OTHER_D_GAP_MED'}, {'WITHDRAW_D_GAP_LONG'}, {'WITHDRAW_B_GAP_LONG'}, {'WITHDRAW_C_GAP_LONG'}, {'OTHER_A_GAP_LONG'}]",0.753233778429223,700,0.7875548245614035,0.904040404040404,3600
"[{'WITHDRAW_D_GAP_LONG'}, {'WITHDRAW_D_GAP_MED'}, {'WITHDRAW_D_GAP_MED'}, {'WITHDRAW_D_GAP_MED'}, {'WITHDRAW_D_GAP_MED'}, {'WITHDRAW_D_GAP_LONG'}]",0.7498474381833978,1113,0.8005999500041663,0.904040404040404,3600
"[{'OTHER_C_GAP_LONG'}, {'OTHER_A_GAP_SHORT'}, {'OTHER_A_GAP_SHORT'}, {'OTHER_A_GAP_MED'}, {'WITHDRAW_B_GAP_LONG'}]",0.7495449987165663,548,0.7877423389618513,0.904040404040404,3600
"[{'WITHDRAW_D_GAP_LONG'}, {'OTHER_A_GAP_MED'}, {'WITHDRAW_D_GAP_LONG'}, {'WITHDRAW_D_GAP_LONG'}, {'WITHDRAW_D_GAP_MED'}, {'WITHDRAW_C_GAP_MED'}]",0.7492221496328878,823,0.7925504058654098,0.904040404040404,3600
"[{'WITHDRAW_B_GAP_MED'}, {'OTHER_D_GAP_SHORT'}]",0.7464457599846511,1792,0.8477486232588274,0.904040404040404,3600
"[{'WITHDRAW_D_GAP_MED'}, {'OTHER_D_GAP_MED'}, {'WITHDRAW_D_GAP_LONG'}]",0.7459819828555796,1359,0.8287765293383271,0.904040404040404,3600
"[{'OTHER_A_GAP_SHORT'}, {'WITHDRAW_D_GAP_MED'}, {'OTHER_D_GAP_SHORT'}, {'WITHDRAW_D_GAP_MED'}, {'WITHDRAW_D_GAP_MED'}]",0.7432005053976163,1242,0.8098274445357437,0.904040404040404,3600
"[{'OTHER_D_GAP_LONG'}, {'WITHDRAW_B_GAP_LONG'}]",0.7417021782790932,1884,0.8490417179802956,0.904040404040404,3600
"[{'OTHER_C_GAP_LONG'}, {'OTHER_A_GAP_MED'}, {'OTHER_A_GAP_LONG'}, {'OTHER_A_GAP_LONG'}]",0.7408025361941022,767,0.8064311849141571,0.904040404040404,3600
"[{'WITHDRAW_B_GAP_MED'}, {'WITHDRAW_D_GAP_SHORT'}, {'OTHER_A_GAP_SHORT', 'WITHDRAW_A_GAP_SHORT'}, {'OTHER_A_GAP_SHORT', 'WITHDRAW_A_GAP_SHORT'}, {'OTHER_D_GAP_SHORT'}]",0.7392964909282873,796,0.7991391678622669,0.904040404040404,3600
"[{'OTHER_A_GAP_SHORT'}, {'OTHER_D_GAP_LONG'}, {'WITHDRAW_D_GAP_LONG'}, {'OTHER_A_GAP_MED'}, {'WITHDRAW_C_GAP_LONG'}]",0.7384126534634318,824,0.8001307616868257,0.904040404040404,3600
"[{'OTHER_A_GAP_SHORT'}, {'WITHDRAW_D_GAP_SHORT'}, {'WITHDRAW_D_GAP_MED'}, {'WITHDRAW_D_GAP_MED'}]",0.7370174930565696,1568,0.8227618201559569,0.904040404040404,3600
"[{'OTHER_A_GAP_LONG'}, {'OTHER_B_GAP_LONG'}, {'OTHER_A_GAP_SHORT'}, {'OTHER_A_GAP_SHORT'}, {'WITHDRAW_D_GAP_LONG'}]",0.7356783791702238,439,0.7827380952380952,0.904040404040404,3600
"[{'WITHDRAW_D_GAP_MED'}, {'OTHER_A_GAP_SHORT'}, {'WITHDRAW_D_GAP_MED'}]",0.7351764026214883,1789,0.8348747865680137,0.904040404040404,3600
[{'WITHDRAW_C_GAP_MED'}],0.7347434807459188,2944,0.8841510010698457,0.904040404040404,3600
"[{'OTHER_D_GAP_LONG'}, {'WITHDRAW_D_GAP_MED'}, {'WITHDRAW_D_GAP_SHORT'}]",0.7341958718055803,1372,0.8302377414561665,0.904040404040404,3600
"[{'OTHER_A_GAP_MED'}, {'OTHER_B_GAP_LONG'}, {'WITHDRAW_B_GAP_LONG'}, {'OTHER_A_GAP_MED'}, {'OTHER_C_GAP_LONG'}]",0.7341695614289491,279,0.7683823529411764,0.904040404040404,3600
"[{'OTHER_C_GAP_MED'}, {'OTHER_C_GAP_MED'}, {'OTHER_C_GAP_MED'}, {'OTHER_C_GAP_MED'}, {'OTHER_A_GAP_SHORT'}, {'WITHDRAW_C_GAP_LONG'}]",0.7300963557569852,402,0.7728426395939086,0.904040404040404,3600
"[{'WITHDRAW_D_GAP_MED'}, {'WITHDRAW_D_GAP_SHORT'}, {'WITHDRAW_D_GAP_MED'}]",0.7297514308751611,1638,0.8339041095890412,0.904040404040404,3600
"[{'OTHER_D_GAP_LONG'}, {'OTHER_B_GAP_LONG'}, {'OTHER_A_GAP_LONG'}, {'WITHDRAW_B_GAP_LONG'}, {'OTHER_B_GAP_LONG'}]",0.7273931744079148,325,0.7743271221532091,0.904040404040404,3600
"[{'OTHER_D_GAP_LONG'}, {'OTHER_B_GAP_LONG'}, {'WITHDRAW_B_GAP_LONG'}, {'OTHER_A_GAP_LONG', 'WITHDRAW_A_GAP_SHORT'}, {'OTHER_A_GAP_MED'}, {'WITHDRAW_B_GAP_LONG'}]",0.726267932352904,357,0.7693409742120344,0.904040404040404,3600
"[{'WITHDRAW_D_GAP_MED'}, {'WITHDRAW_D_GAP_MED'}, {'OTHER_D_GAP_SHORT'}, {'WITHDRAW_C_GAP_MED'}, {'WITHDRAW_B_GAP_SHORT'}]",0.7236163617229668,1179,0.8104031894087558,0.904040404040404,3600
"[{'WITHDRAW_C_GAP_MED'}, {'WITHDRAW_D_GAP_MED'}, {'WITHDRAW_D_GAP_SHORT'}, {'WITHDRAW_D_GAP_MED'}, {'WITHDRAW_D_GAP_MED'}]",0.722534406425909,1346,0.8135511651469098,0.904040404040404,3600
"[{'WITHDRAW_D_GAP_MED'}, {'WITHDRAW_D_GAP_MED'}, {'WITHDRAW_D_GAP_SHORT'}, {'WITHDRAW_C_GAP_LONG'}, {'WITHDRAW_D_GAP_LONG'}, {'WITHDRAW_D_GAP_MED'}]",0.7201482047950982,913,0.7980963045912655,0.904040404040404,3600
"[{'OTHER_D_GAP_LONG'}, {'OTHER_A_GAP_LONG'}, {'OTHER_B_GAP_LONG'}]",0.7191780029700802,711,0.8190202910432466,0.904040404040404,3600
"[{'OTHER_A_GAP_SHORT'}, {'OTHER_D_GAP_LONG'}]",0.7148000554603604,1801,0.851949871565346,0.904040404040404,3600
"[{'OTHER_A_GAP_SHORT'}, {'OTHER_D_GAP_LONG'}, {'WITHDRAW_D_GAP_LONG'}, {'WITHDRAW_B_GAP_SHORT'}]",0.7129116149328594,1318,0.8215348892593475,0.904040404040404,3600
[{'OTHER_A_GAP_MED'}],0.7128506677719557,2851,0.8915512957046503,0.904040404040404,3600
"[{'OTHER_A_GAP_SHORT'}, {'OTHER_B_GAP_LONG'}, {'OTHER_A_GAP_LONG'}, {'WITHDRAW_C_GAP_LONG'}]",0.7123844877163393,822,0.8112579632975183,0.904040404040404,3600
"[{'OTHER_D_GAP_MED'}, {'WITHDRAW_D_GAP_LONG'}, {'OTHER_D_GAP_MED'}, {'WITHDRAW_D_GAP_MED'}]",0.7047425924106838,1306,0.8221701795472287,0.904040404040404,3600
"[{'WITHDRAW_D_GAP_MED'}, {'WITHDRAW_C_GAP_LONG'}, {'WITHDRAW_A_GAP_SHORT'}, {'WITHDRAW_C_GAP_MED'}, {'WITHDRAW_C_GAP_LONG'}, {'OTHER_A_GAP_LONG'}]",0.7025418549065123,954,0.8008982799979585,0.904040404040404,3600
"[{'WITHDRAW_C_GAP_MED'}, {'WITHDRAW_D_GAP_MED'}, {'OTHER_D_GAP_SHORT'}, {'WITHDRAW_C_GAP_LONG'}, {'WITHDRAW_B_GAP_LONG'}, {'OTHER_A_GAP_SHORT'}]",0.6955373014276809,731,0.7945065176908752,0.904040404040404,3600
"[{'OTHER_A_GAP_SHORT'}, {'WITHDRAW_D_GAP_MED'}, {'WITHDRAW_D_GAP_MED'}]",0.694843892814883,2001,0.8409342384640688,0.904040404040404,3600
"[{'WITHDRAW_A_GAP_SHORT'}, {'OTHER_C_GAP_MED'}, {'WITHDRAW_A_GAP_SHORT'}, {'WITHDRAW_A_GAP_SHORT'}, {'OTHER_A_GAP_SHORT'}]",0.6944575025524269,927,0.8075339025615269,0.904040404040404,3600
"[{'OTHER_A_GAP_SHORT'}, {'WITHDRAW_B_GAP_LONG'}, {'WITHDRAW_D_GAP_LONG'}, {'WITHDRAW_D_GAP_MED'}]",0.6913986900762479,1501,0.8262872628726288,0.904040404040404,3600
"[{'WITHDRAW_D_GAP_LONG'}, {'WITHDRAW_D_GAP_LONG'}, {'WITHDRAW_D_GAP_LONG'}, {'WITHDRAW_D_GAP_LONG'}, {'WITHDRAW_D_GAP_LONG'}]",0.691389400234016,1300,0.815645671555939,0.904040404040404,3600
"[{'WITHDRAW_D_GAP_MED'}, {'WITHDRAW_D_GAP_MED'}, {'WITHDRAW_D_GAP_MED'}]",0.6903194930408895,1899,0.8405924193705545,0.904040404040404,3600
"[{'WITHDRAW_D_GAP_LONG'}, {'OTHER_A_GAP_LONG'}, {'WITHDRAW_D_GAP_LONG'}]",0.6887552488102645,1296,0.8344205744731719,0.904040404040404,3600
"[{'OTHER_D_GAP_LONG'}, {'WITHDRAW_B_GAP_LONG'}, {'OTHER_A_GAP_LONG'}, {'OTHER_B_GAP_LONG'}, {'WITHDRAW_B_GAP_LONG'}]",0.6879731751655824,466,0.7902173913043479,0.904040404040404,3600
"[{'OTHER_C_GAP_LONG'}, {'WITHDRAW_B_GAP_LONG'}, {'OTHER_B_GAP_LONG'}]",0.6863230858486357,667,0.8221884498480243,0.904040404040404,3600
"[{'WITHDRAW_A_GAP_SHORT'}, {'OTHER_A_GAP_SHORT'}, {'WITHDRAW_D_GAP_MED'}, {'OTHER_D_GAP_MED'}, {'OTHER_A_GAP_SHORT'}]",0.684497270017707,1128,0.8131278331822304,0.904040404040404,3600
"[{'OTHER_A_GAP_SHORT'}, {'OTHER_A_GAP_MED'}, {'WITHDRAW_D_GAP_MED'}, {'WITHDRAW_C_GAP_MED'}, {'WITHDRAW_C_GAP_MED'}]",0.6839767875702676,1301,0.816363044892648,0.904040404040404,3600
"[{'WITHDRAW_C_GAP_LONG'}, {'OTHER_A_GAP_MED'}, {'WITHDRAW_D_GAP_MED'}, {'WITHDRAW_D_GAP_MED'}, {'WITHDRAW_A_GAP_SHORT'}, {'WITHDRAW_A_GAP_SHORT'}]",0.6825047664644723,915,0.8017408123791102,0.904040404040404,3600
"[{'WITHDRAW_D_GAP_MED'}, {'WITHDRAW_D_GAP_MED'}, {'WITHDRAW_D_GAP_MED'}, {'WITHDRAW_D_GAP_MED'}]",0.6822750263885466,1744,0.8300302853195898,0.904040404040404,3600
"[{'OTHER_A_GAP_SHORT'}, {'OTHER_D_GAP_LONG'}, {'WITHDRAW_D_GAP_LONG'}, {'WITHDRAW_B_GAP_LONG'}, {'WITHDRAW_C_GAP_LONG'}, {'OTHER_A_GAP_LONG'}]",0.6811969408401297,806,0.7985758601240834,0.904040404040404,3600
"[{'WITHDRAW_D_GAP_MED'}, {'WITHDRAW_D_GAP_MED'}, {'WITHDRAW_B_GAP_MED'}, {'WITHDRAW_B_GAP_MED'}]",0.6807750004315883,1929,0.8320145190562613,0.904040404040404,3600
"[{'OTHER_A_GAP_SHORT'}, {'OTHER_D_GAP_LONG'}, {'WITHDRAW_B_GAP_LONG'}, {'OTHER_A_GAP_MED'}, {'OTHER_A_GAP_LONG'}, {'OTHER_A_GAP_LONG'}]",0.6789752376250592,885,0.8012302960399846,0.904040404040404,3600
"[{'WITHDRAW_D_GAP_LONG'}, {'WITHDRAW_D_GAP_LONG'}, {'OTHER_A_GAP_SHORT'}]",0.6747564121049496,1656,0.8401542928597164,0.904040404040404,3600
"[{'WITHDRAW_B_GAP_LONG'}, {'OTHER_A_GAP_MED'}, {'WITHDRAW_C_GAP_LONG'}, {'WITHDRAW_C_GAP_LONG'}, {'OTHER_A_GAP_MED'}]",0.6747350910999352,961,0.8104159302462589,0.904040404040404,3600
"[{'WITHDRAW_D_GAP_LONG'}, {'WITHDRAW_C_GAP_MED'}, {'WITHDRAW_C_GAP_LONG'}]",0.6743201507507728,1535,0.8389822182925631,0.904040404040404,3600
"[{'WITHDRAW_D_GAP_MED'}, {'WITHDRAW_C_GAP_MED'}, {'OTHER_D_GAP_MED'}, {'WITHDRAW_C_GAP_MED'}]",0.6741814079412589,1458,0.827466852756455,0.904040404040404,3600
"[{'WITHDRAW_D_GAP_MED'}, {'WITHDRAW_D_GAP_LONG'}]",0.6704900411258375,1786,0.8582615351402272,0.904040404040404,3600
"[{'OTHER_D_GAP_LONG'}, {'WITHDRAW_B_GAP_LONG'}, {'WITHDRAW_C_GAP_LONG'}]",0.6694929037322891,1432,0.8384232954545454,0.904040404040404,3600
"[{'OTHER_D_GAP_LONG'}, {'WITHDRAW_A_GAP_SHORT'}, {'WITHDRAW_C_GAP_MED'}, {'WITHDRAW_B_GAP_LONG'}, {'WITHDRAW_C_GAP_MED'}, {'OTHER_D_GAP_MED'}]",0.66945331404032,1079,0.8070933477360698,0.904040404040404,3600
"[{'OTHER_D_GAP_LONG'}, {'OTHER_B_GAP_LONG'}, {'OTHER_B_GAP_LONG'}]",0.6692377408483956,575,0.8216490299823633,0.904040404040404,3600
"[{'OTHER_A_GAP_SHORT'}, {'WITHDRAW_D_GAP_MED'}, {'OTHER_D_GAP_MED'}, {'WITHDRAW_D_GAP_LONG'}]",0.6677490324830112,1307,0.8260262405819694,0.904040404040404,3600
"[{'OTHER_D_GAP_LONG'}, {'OTHER_A_GAP_MED'}, {'WITHDRAW_B_GAP_LONG'}, {'WITHDRAW_C_GAP_MED'}]",0.666274166932262,1221,0.8248471194077889,0.904040404040404,3600
"[{'WITHDRAW_D_GAP_MED'}, {'OTHER_A_GAP_SHORT'}]",0.6647167964574464,2151,0.8612041090794632,0.904040404040404,3600
"[{'OTHER_A_GAP_SHORT'}, {'OTHER_D_GAP_LONG'}, {'WITHDRAW_C_GAP_MED'}, {'WITHDRAW_C_GAP_LONG'}]",0.6632422933083897,1253,0.8256849100369883,0.904040404040404,3600
"[{'OTHER_A_GAP_SHORT'}, {'WITHDRAW_D_GAP_MED'}, {'WITHDRAW_C_GAP_LONG'}, {'WITHDRAW_C_GAP_SHORT'}, {'WITHDRAW_D_GAP_MED'}]",0.6631757715559912,1160,0.8158662325328991,0.904040404040404,3600
"[{'WITHDRAW_D_GAP_MED'}, {'WITHDRAW_B_GAP_MED'}, {'WITHDRAW_D_GAP_SHORT'}]",0.6624577437550936,1743,0.8423839312631896,0.904040404040404,3600
"[{'WITHDRAW_D_GAP_MED'}, {'OTHER_A_GAP_MED'}, {'WITHDRAW_B_GAP_SHORT'}, {'WITHDRAW_B_GAP_MED'}, {'WITHDRAW_C_GAP_LONG'}, {'OTHER_A_GAP_MED'}]",0.659580640868892,812,0.8009557310678967,0.904040404040404,3600
"[{'OTHER_A_GAP_LONG'}, {'WITHDRAW_B_GAP_LONG'}, {'WITHDRAW_D_GAP_MED'}, {'WITHDRAW_B_GAP_MED'}, {'WITHDRAW_D_GAP_SHORT'}]",0.6590895039630292,1286,0.8185089804543053,0.904040404040404,3600
"[{'OTHER_A_GAP_SHORT'}, {'WITHDRAW_B_GAP_MED'}, {'OTHER_B_GAP_MED'}, {'OTHER_C_GAP_MED'}]",0.6577086910118268,803,0.81713729308666,0.904040404040404,3600
"[{'OTHER_D_GAP_LONG'}, {'OTHER_A_GAP_LONG'}, {'WITHDRAW_C_GAP_LONG'}]",0.6563780633993265,1391,0.8395608426789645,0.904040404040404,3600
"[{'OTHER_D_GAP_LONG'}, {'OTHER_A_GAP_MED'}, {'WITHDRAW_C_GAP_SHORT'}, {'WITHDRAW_B_GAP_MED'}, {'WITHDRAW_D_GAP_MED'}]",0.6563614829035942,944,0.811924656564226,0.904040404040404,3600
"[{'OTHER_D_GAP_LONG'}, {'OTHER_A_GAP_LONG'}]",0.6542036311927357,1860,0.8612968229156858,0.904040404040404,3600
"[{'WITHDRAW_C_GAP_LONG'}, {'WITHDRAW_B_GAP_LONG'}, {'WITHDRAW_A_GAP_SHORT'}, {'WITHDRAW_D_GAP_LONG'}, {'WITHDRAW_A_GAP_SHORT'}]",0.6530826383207828,1194,0.8175075585789872,0.904040404040404,3600
"[{'OTHER_A_GAP_LONG'}, {'WITHDRAW_D_GAP_LONG'}, {'WITHDRAW_C_GAP_SHORT'}, {'WITHDRAW_D_GAP_SHORT'}, {'WITHDRAW_D_GAP_LONG'}, {'WITHDRAW_B_GAP_MED'}]",0.6524708465900031,875,0.8035787741670095,0.904040404040404,3600
"[{'WITHDRAW_C_GAP_LONG'}, {'WITHDRAW_B_GAP_LONG'}, {'WITHDRAW_A_GAP_SHORT'}, {'WITHDRAW_D_GAP_LONG'}]",0.6522201293248997,1326,0.8279708452462449,0.904040404040404,3600
"[{'OTHER_D_GAP_LONG'}, {'WITHDRAW_A_GAP_SHORT'}, {'WITHDRAW_D_GAP_LONG'}, {'OTHER_A_GAP_MED'}, {'OTHER_D_GAP_SHORT'}, {'WITHDRAW_D_GAP_MED'}]",0.6519969231885878,613,0.79428391959799,0.904040404040404,3600
"[{'OTHER_A_GAP_SHORT'}, {'OTHER_D_GAP_LONG'}, {'OTHER_B_GAP_LONG'}, {'OTHER_A_GAP_LONG'}, {'OTHER_A_GAP_LONG'}, {'WITHDRAW_B_GAP_LONG'}]",0.6505184160286448,565,0.7921903052064632,0.904040404040404,3600
"[{'OTHER_A_GAP_SHORT'}, {'OTHER_B_GAP_LONG'}, {'WITHDRAW_B_GAP_LONG'}, {'OTHER_A_GAP_LONG'}, {'WITHDRAW_C_GAP_LONG'}, {'OTHER_A_GAP_LONG'}]",0.647735559924444,568,0.7926523297491039,0.904040404040404,3600
"[{'OTHER_A_GAP_MED'}, {'OTHER_A_GAP_SHORT'}, {'WITHDRAW_C_GAP_MED'}, {'WITHDRAW_A_GAP_SHORT'}, {'OTHER_D_GAP_SHORT'}, {'WITHDRAW_B_GAP_LONG'}]",0.647205185962554,807,0.8020701309674694,0.904040404040404,3600
"[{'OTHER_D_GAP_LONG'}, {'WITHDRAW_A_GAP_SHORT'}, {'WITHDRAW_B_GAP_LONG'}]",0.6469969995420042,1687,0.8437225026629,0.904040404040404,3600
"[{'WITHDRAW_B_GAP_MED'}, {'WITHDRAW_D_GAP_MED'}]",0.6462015357481969,2294,0.8647353006189213,0.904040404040404,3600
"[{'OTHER_C_GAP_LONG'}, {'OTHER_A_GAP_LONG'}, {'OTHER_A_GAP_LONG'}, {'WITHDRAW_B_GAP_LONG'}, {'OTHER_A_GAP_LONG'}, {'OTHER_A_GAP_LONG'}]",0.6431049094614101,666,0.797501734906315,0.904040404040404,3600
"[{'OTHER_A_GAP_LONG'}, {'OTHER_A_GAP_LONG'}, {'OTHER_B_GAP_LONG'}, {'WITHDRAW_B_GAP_LONG'}, {'OTHER_C_GAP_LONG'}]",0.6421460695244786,382,0.7904509283819628,0.904040404040404,3600
"[{'OTHER_A_GAP_LONG'}, {'WITHDRAW_D_GAP_MED'}]",0.6408765164278256,2189,0.8651402709844268,0.904040404040404,3600
"[{'OTHER_A_GAP_LONG'}, {'WITHDRAW_D_GAP_LONG'}, {'WITHDRAW_D_GAP_MED'}]",0.6407419013783671,1691,0.8445200155460552,0.904040404040404,3600
"[{'OTHER_A_GAP_LONG'}, {'OTHER_A_GAP_LONG'}, {'OTHER_A_GAP_LONG'}, {'WITHDRAW_D_GAP_LONG'}, {'WITHDRAW_C_GAP_LONG'}, {'OTHER_D_GAP_MED'}]",0.6381604340812987,912,0.8060538116591928,0.904040404040404,3600
"[{'OTHER_B_GAP_LONG'}, {'WITHDRAW_B_GAP_LONG'}]",0.6369014294628887,1438,0.8615655853314528,0.904040404040404,3600
"[{'OTHER_A_GAP_SHORT'}, {'OTHER_C_GAP_LONG'}, {'OTHER_A_GAP_LONG'}, {'OTHER_A_GAP_LONG'}, {'WITHDRAW_B_GAP_LONG'}]",0.636654440121674,758,0.8089622641509433,0.904040404040404,3600
"[{'OTHER_D_GAP_LONG'}, {'WITHDRAW_D_GAP_MED'}, {'OTHER_A_GAP_LONG'}, {'WITHDRAW_B_GAP_MED'}, {'WITHDRAW_D_GAP_SHORT'}]",0.63625372552771,938,0.8139377888560004,0.904040404040404,3600
"[{'WITHDRAW_D_GAP_MED'}, {'WITHDRAW_D_GAP_MED'}, {'WITHDRAW_D_GAP_MED'}, {'WITHDRAW_D_GAP_SHORT'}, {'WITHDRAW_D_GAP_MED'}]",0.6355641951743458,1427,0.8229778095919829,0.904040404040404,3600
"[{'WITHDRAW_D_GAP_MED'}, {'WITHDRAW_D_GAP_MED'}, {'OTHER_A_GAP_SHORT', 'WITHDRAW_A_GAP_SHORT'}]",0.6349263608852647,1591,0.8443341604631928,0.904040404040404,3600
"[{'OTHER_A_GAP_SHORT'}, {'WITHDRAW_D_GAP_SHORT'}, {'WITHDRAW_C_GAP_MED'}]",0.6333768196975897,1801,0.8463459085110261,0.904040404040404,3600
"[{'WITHDRAW_B_GAP_MED'}, {'WITHDRAW_B_GAP_MED'}, {'WITHDRAW_D_GAP_MED'}]",0.6327295483274155,2195,0.8492055911102621,0.904040404040404,3600
"[{'WITHDRAW_C_GAP_MED'}, {'WITHDRAW_A_GAP_SHORT'}, {'WITHDRAW_D_GAP_SHORT'}]",0.6326818119398646,1728,0.8458321049528301,0.904040404040404,3600
"[{'OTHER_A_GAP_SHORT'}, {'OTHER_C_GAP_LONG'}, {'OTHER_A_GAP_LONG'}, {'WITHDRAW_B_GAP_LONG'}]",0.6322513415438635,863,0.8217911277986373,0.904040404040404,3600
"[{'OTHER_A_GAP_SHORT'}, {'OTHER_C_GAP_LONG'}, {'OTHER_A_GAP_LONG'}, {'OTHER_A_GAP_LONG'}, {'OTHER_A_GAP_LONG'}, {'WITHDRAW_B_GAP_LONG'}]",0.6319326017521373,707,0.8002890173410405,0.904040404040404,3600
"[{'OTHER_D_GAP_LONG'}, {'OTHER_A_GAP_LONG'}, {'WITHDRAW_B_GAP_LONG'}, {'OTHER_A_GAP_LONG', 'WITHDRAW_A_GAP_SHORT'}]",0.6297940359151379,937,0.8237649294245386,0.904040404040404,3600
"[{'OTHER_C_GAP_LONG'}, {'OTHER_A_GAP_SHORT'}, {'OTHER_A_GAP_SHORT'}, {'OTHER_A_GAP_SHORT'}]",0.627957829219213,924,0.8237093286927174,0.904040404040404,3600
"[{'WITHDRAW_C_GAP_MED'}, {'WITHDRAW_C_GAP_MED'}]",0.6277266397001642,2544,0.8687240220918977,0.904040404040404,3600
"[{'OTHER_D_GAP_LONG'}, {'OTHER_A_GAP_LONG'}, {'WITHDRAW_C_GAP_LONG'}, {'WITHDRAW_D_GAP_LONG'}]",0.6271440179993142,1055,0.8264251207729467,0.904040404040404,3600
"[{'OTHER_D_GAP_LONG'}, {'WITHDRAW_B_GAP_MED'}, {'OTHER_A_GAP_SHORT', 'WITHDRAW_A_GAP_SHORT'}, {'OTHER_A_GAP_SHORT', 'WITHDRAW_A_GAP_SHORT'}]",0.6258628329120441,1186,0.8288115552999074,0.904040404040404,3600
"[{'OTHER_A_GAP_SHORT'}, {'OTHER_D_GAP_LONG'}, {'WITHDRAW_B_GAP_LONG'}]",0.623097650399382,1705,0.8468414779499405,0.904040404040404,3600
"[{'OTHER_A_GAP_LONG'}, {'OTHER_A_GAP_SHORT', 'WITHDRAW_A_GAP_SHORT'}, {'OTHER_A_GAP_SHORT'}, {'WITHDRAW_D_GAP_MED'}, {'OTHER_D_GAP_MED'}, {'OTHER_A_GAP_SHORT'}]",0.6228737614441342,823,0.8051086956521739,0.904040404040404,3600
"[{'WITHDRAW_D_GAP_LONG'}, {'WITHDRAW_D_GAP_LONG'}, {'WITHDRAW_D_GAP_MED'}, {'WITHDRAW_D_GAP_MED'}, {'WITHDRAW_D_GAP_MED'}]",0.619112992088604,1418,0.824480123545544,0.904040404040404,3600
"[{'OTHER_C_GAP_MED'}, {'WITHDRAW_B_GAP_MED'}, {'WITHDRAW_B_GAP_MED'}, {'OTHER_A_GAP_SHORT'}, {'OTHER_A_GAP_LONG'}]",0.6143995716031814,997,0.8176730168980733,0.904040404040404,3600
"[{'WITHDRAW_C_GAP_LONG'}, {'OTHER_A_GAP_SHORT', 'WITHDRAW_A_GAP_SHORT'}, {'WITHDRAW_A_GAP_SHORT'}, {'WITHDRAW_D_GAP_LONG'}, {'WITHDRAW_A_GAP_SHORT'}, {'WITHDRAW_C_GAP_SHORT'}]",0.61416104450315,758,0.8039972899728998,0.904040404040404,3600
"[{'OTHER_A_GAP_LONG'}, {'OTHER_A_GAP_LONG'}, {'WITHDRAW_A_GAP_SHORT'}, {'OTHER_D_GAP_MED'}, {'WITHDRAW_A_GAP_SHORT'}, {'WITHDRAW_D_GAP_MED'}]",0.6130120790971857,1284,0.8164575059571089,0.904040404040404,3600
"[{'WITHDRAW_D_GAP_MED'}, {'WITHDRAW_B_GAP_MED'}]",0.6128722168390515,2353,0.870676593521421,0.904040404040404,3600
"[{'OTHER_A_GAP_MED'}, {'WITHDRAW_C_GAP_LONG'}]",0.6128681051790508,1885,0.8687754462887566,0.904040404040404,3600
"[{'OTHER_D_GAP_MED'}, {'WITHDRAW_C_GAP_LONG'}, {'WITHDRAW_C_GAP_LONG'}, {'WITHDRAW_C_GAP_LONG'}]",0.6126483189523414,1096,0.8288894531911292,0.904040404040404,3600
"[{'OTHER_A_GAP_LONG'}, {'OTHER_A_GAP_LONG'}, {'WITHDRAW_D_GAP_LONG'}, {'WITHDRAW_D_GAP_MED'}, {'WITHDRAW_D_GAP_MED'}]",0.6108361470723511,1411,0.8252158291331904,0.904040404040404,3600
"[{'OTHER_A_GAP_SHORT'}, {'OTHER_D_GAP_LONG'}, {'OTHER_A_GAP_SHORT'}, {'OTHER_A_GAP_MED'}, {'WITHDRAW_A_GAP_SHORT'}, {'WITHDRAW_A_GAP_SHORT'}]",0.6107442395071738,906,0.8087167070217918,0.904040404040404,3600
"[{'WITHDRAW_D_GAP_LONG'}, {'WITHDRAW_D_GAP_MED'}, {'WITHDRAW_A_GAP_SHORT'}, {'WITHDRAW_A_GAP_SHORT'}, {'WITHDRAW_D_GAP_MED'}]",0.6089472905580793,1458,0.826048951048951,0.904040404040404,3600
"[{'WITHDRAW_D_GAP_MED'}, {'WITHDRAW_D_GAP_MED'}, {'WITHDRAW_D_GAP_LONG'}, {'WITHDRAW_D_GAP_MED'}]",0.6070956787990297,1417,0.8341945741826493,0.904040404040404,3600
"[{'OTHER_A_GAP_SHORT'}, {'OTHER_A_GAP_LONG'}, {'WITHDRAW_D_GAP_SHORT'}, {'WITHDRAW_D_GAP_MED'}, {'WITHDRAW_D_GAP_MED'}]",0.6063880928497216,1306,0.8241379310344827,0.904040404040404,3600
"[{'OTHER_D_GAP_LONG'}, {'OTHER_A_GAP_SHORT'}, {'OTHER_A_GAP_SHORT'}]",0.6061839785174401,1606,0.8482029694006881,0.904040404040404,3600
"[{'OTHER_A_GAP_LONG'}, {'WITHDRAW_D_GAP_LONG'}, {'WITHDRAW_D_GAP_SHORT'}, {'WITHDRAW_D_GAP_LONG'}]",0.6050634221821174,1189,0.8313058419243986,0.904040404040404,3600
"[{'WITHDRAW_D_GAP_MED'}, {'WITHDRAW_A_GAP_SHORT'}, {'WITHDRAW_D_GAP_MED'}, {'WITHDRAW_D_GAP_LONG'}, {'WITHDRAW_D_GAP_MED'}]",0.6042251870023579,1269,0.8237884194773799,0.904040404040404,3600
"[{'WITHDRAW_C_GAP_LONG'}, {'WITHDRAW_D_GAP_MED'}, {'WITHDRAW_B_GAP_MED'}, {'OTHER_A_GAP_LONG'}]",0.6032726070350023,1518,0.8358166632295319,0.904040404040404,3600
"[{'OTHER_A_GAP_SHORT'}, {'OTHER_B_GAP_LONG'}, {'OTHER_A_GAP_LONG'}, {'OTHER_A_GAP_LONG'}, {'WITHDRAW_D_GAP_MED'}, {'WITHDRAW_A_GAP_SHORT'}]",0.5970044106461493,634,0.8014008463446667,0.904040404040404,3600
"[{'OTHER_A_GAP_SHORT'}, {'OTHER_A_GAP_MED'}, {'OTHER_A_GAP_MED'}, {'WITHDRAW_C_GAP_LONG'}, {'WITHDRAW_B_GAP_LONG'}]",0.5969969885554834,1272,0.8245974648852347,0.904040404040404,3600
"[{'OTHER_D_GAP_LONG'}, {'OTHER_D_GAP_LONG'}, {'WITHDRAW_D_GAP_SHORT'}, {'WITHDRAW_D_GAP_LONG'}, {'WITHDRAW_D_GAP_LONG'}, {'OTHER_A_GAP_LONG'}]",0.5940458441115538,685,0.8037044922290824,0.904040404040404,3600
"[{'WITHDRAW_C_GAP_LONG'}, {'WITHDRAW_A_GAP_SHORT'}]",0.5938279814495759,2428,0.8746478505843072,0.904040404040404,3600
"[{'WITHDRAW_C_GAP_MED'}, {'WITHDRAW_C_GAP_MED'}, {'WITHDRAW_A_GAP_SHORT'}, {'WITHDRAW_D_GAP_SHORT'}]",0.5919621433433199,1561,0.8375711574952561,0.904040404040404,3600
"[{'OTHER_D_GAP_MED'}, {'WITHDRAW_C_GAP_MED'}, {'WITHDRAW_A_GAP_SHORT'}, {'OTHER_D_GAP_MED'}, {'WITHDRAW_C_GAP_SHORT'}, {'OTHER_A_GAP_MED'}]",0.5898375614195985,990,0.8129695717505635,0.904040404040404,3600
"[{'OTHER_D_GAP_MED'}, {'OTHER_D_GAP_MED'}, {'WITHDRAW_C_GAP_MED'}, {'WITHDRAW_D_GAP_MED'}, {'WITHDRAW_C_GAP_MED'}]",0.5894463360652151,1365,0.826776119402985,0.904040404040404,3600
"[{'WITHDRAW_B_GAP_LONG'}, {'OTHER_A_GAP_LONG'}, {'OTHER_B_GAP_LONG'}, {'WITHDRAW_B_GAP_LONG'}]",0.5884712803506198,730,0.8241454258051768,0.904040404040404,3600
"[{'WITHDRAW_D_GAP_LONG'}, {'WITHDRAW_D_GAP_LONG'}, {'OTHER_A_GAP_SHORT'}, {'OTHER_A_GAP_SHORT'}]",0.5880090796727759,1452,0.8368187655996318,0.904040404040404,3600
"[{'OTHER_A_GAP_LONG'}, {'WITHDRAW_C_GAP_LONG'}]",0.5853930648577588,2336,0.8761825813497546,0.904040404040404,3600
"[{'OTHER_C_GAP_MED'}, {'WITHDRAW_B_GAP_MED'}, {'OTHER_A_GAP_SHORT'}, {'OTHER_A_GAP_SHORT'}, {'OTHER_A_GAP_SHORT'}]",0.5845353357975853,1023,0.821555881736213,0.904040404040404,3600
"[{'OTHER_A_GAP_SHORT'}, {'WITHDRAW_D_GAP_MED'}, {'WITHDRAW_B_GAP_MED'}, {'WITHDRAW_D_GAP_SHORT'}, {'WITHDRAW_B_GAP_MED'}]",0.5843608538073679,1591,0.8301957030419059,0.904040404040404,3600
"[{'OTHER_C_GAP_LONG'}, {'OTHER_C_GAP_LONG'}, {'OTHER_C_GAP_LONG'}, {'OTHER_A_GAP_LONG'}, {'WITHDRAW_C_GAP_LONG'}, {'OTHER_A_GAP_LONG'}]",0.583886442248394,257,0.7773297491039427,0.904040404040404,3600
"[{'OTHER_D_GAP_LONG'}, {'OTHER_D_GAP_MED'}, {'WITHDRAW_B_GAP_MED'}, {'WITHDRAW_C_GAP_MED'}, {'WITHDRAW_D_GAP_SHORT'}, {'OTHER_D_GAP_MED'}]",0.582327325410998,1043,0.8149287112105115,0.904040404040404,3600
"[{'WITHDRAW_D_GAP_SHORT'}, {'WITHDRAW_A_GAP_SHORT'}, {'WITHDRAW_A_GAP_SHORT'}]",0.5801162445263611,1856,0.8536698190789473,0.904040404040404,3600
"[{'OTHER_D_GAP_LONG'}, {'WITHDRAW_A_GAP_SHORT'}, {'WITHDRAW_C_GAP_MED'}, {'OTHER_D_GAP_MED'}]",0.5801083142934561,1440,0.8376128821673376,0.904040404040404,3600
"[{'WITHDRAW_D_GAP_MED'}, {'WITHDRAW_D_GAP_SHORT'}, {'WITHDRAW_D_GAP_LONG'}]",0.5790435304464966,1475,0.8508490472899596,0.904040404040404,3600
"[{'OTHER_A_GAP_LONG'}, {'WITHDRAW_C_GAP_MED'}, {'WITHDRAW_D_GAP_MED'}]",0.5771016526688272,1989,0.8549451570923963,0.904040404040404,3600
"[{'OTHER_D_GAP_LONG'}, {'OTHER_A_GAP_LONG'}, {'WITHDRAW_B_GAP_LONG'}]",0.5769632633646526,1638,0.8525232486050838,0.904040404040404,3600
"[{'OTHER_C_GAP_LONG'}, {'WITHDRAW_B_GAP_LONG'}, {'WITHDRAW_B_GAP_LONG'}, {'WITHDRAW_B_GAP_LONG'}]",0.5754281018777208,943,0.8308189655172413,0.904040404040404,3600
"[{'OTHER_A_GAP_LONG'}, {'WITHDRAW_D_GAP_MED'}, {'OTHER_A_GAP_SHORT'}, {'WITHDRAW_D_GAP_MED'}]",0.5740682435150759,1604,0.8400836699956934,0.904040404040404,3600
"[{'OTHER_A_GAP_SHORT'}, {'WITHDRAW_C_GAP_LONG'}]",0.5738425290047187,2561,0.8794591484464902,0.904040404040404,3600
"[{'OTHER_A_GAP_SHORT'}, {'OTHER_D_GAP_MED'}, {'OTHER_D_GAP_MED'}, {'WITHDRAW_D_GAP_LONG'}, {'OTHER_D_GAP_MED'}]",0.5732086789025316,1341,0.8281661304474993,0.904040404040404,3600
"[{'WITHDRAW_C_GAP_MED'}, {'WITHDRAW_C_GAP_MED'}, {'WITHDRAW_C_GAP_MED'}]",0.5716229569247374,2249,0.8571637232771212,0.904040404040404,3600
"[{'WITHDRAW_C_GAP_MED'}, {'OTHER_A_GAP_SHORT'}, {'WITHDRAW_C_GAP_SHORT'}, {'OTHER_A_GAP_SHORT'}]",0.5712890217076007,1646,0.8408198538390727,0.904040404040404,3600
"[{'WITHDRAW_D_GAP_LONG'}, {'WITHDRAW_D_GAP_LONG'}, {'WITHDRAW_D_GAP_MED'}, {'WITHDRAW_D_GAP_MED'}, {'WITHDRAW_A_GAP_SHORT'}, {'WITHDRAW_D_GAP_MED'}]",0.5711990032512897,1291,0.8206635071090047,0.904040404040404,3600
"[{'WITHDRAW_A_GAP_SHORT'}, {'WITHDRAW_B_GAP_MED'}, {'WITHDRAW_B_GAP_MED'}, {'WITHDRAW_C_GAP_MED'}, {'WITHDRAW_D_GAP_SHORT'}]",0.5704295290012225,1481,0.8303198519693364,0.904040404040404,3600
"[{'OTHER_A_GAP_LONG'}, {'WITHDRAW_D_GAP_SHORT'}, {'WITHDRAW_A_GAP_SHORT'}]",0.5699850739234106,1782,0.8545900038687569,0.904040404040404,3600
"[{'OTHER_A_GAP_SHORT'}, {'WITHDRAW_B_GAP_LONG'}, {'WITHDRAW_D_GAP_LONG'}, {'WITHDRAW_A_GAP_SHORT'}, {'WITHDRAW_D_GAP_MED'}]",0.569348446462835,1383,0.8291636006867794,0.904040404040404,3600
"[{'WITHDRAW_D_GAP_MED'}, {'WITHDRAW_D_GAP_SHORT'}, {'WITHDRAW_B_GAP_MED'}]",0.5688855351119257,1754,0.8545527236381809,0.904040404040404,3600
"[{'OTHER_A_GAP_SHORT'}, {'WITHDRAW_C_GAP_MED'}]",0.5678534936253661,2855,0.8815675377399393,0.904040404040404,3600
"[{'OTHER_D_GAP_LONG'}, {'OTHER_A_GAP_LONG'}, {'OTHER_A_GAP_LONG'}]",0.5676698096066886,1666,0.854090354090354,0.904040404040404,3600
"[{'OTHER_A_GAP_MED'}, {'OTHER_A_GAP_SHORT'}]",0.5668090608427558,2181,0.8802832797246205,0.904040404040404,3600
"[{'WITHDRAW_C_GAP_LONG'}, {'OTHER_A_GAP_LONG'}, {'WITHDRAW_C_GAP_LONG'}]",0.5664447311281526,1316,0.8512484555929086,0.904040404040404,3600
"[{'OTHER_A_GAP_SHORT'}, {'WITHDRAW_C_GAP_SHORT'}, {'WITHDRAW_C_GAP_MED'}]",0.566146045693996,2102,0.8571225395380591,0.904040404040404,3600
"[{'WITHDRAW_D_GAP_LONG'}, {'WITHDRAW_C_GAP_MED'}, {'WITHDRAW_C_GAP_MED'}, {'WITHDRAW_D_GAP_LONG'}, {'WITHDRAW_D_GAP_MED'}]",0.5650712045477719,1205,0.8270180637877504,0.904040404040404,3600
"[{'WITHDRAW_A_GAP_SHORT'}, {'WITHDRAW_C_GAP_MED'}, {'WITHDRAW_D_GAP_MED'}]",0.5643838919536406,1955,0.8565153242572598,0.904040404040404,3600
"[{'WITHDRAW_C_GAP_MED'}, {'WITHDRAW_D_GAP_MED'}, {'WITHDRAW_D_GAP_MED'}, {'OTHER_A_GAP_SHORT', 'WITHDRAW_A_GAP_SHORT'}, {'WITHDRAW_A_GAP_SHORT'}, {'WITHDRAW_A_GAP_SHORT'}]",0.5640471126123463,1223,0.8202570550433081,0.904040404040404,3600
"[{'OTHER_D_GAP_LONG'}, {'OTHER_A_GAP_SHORT'}, {'WITHDRAW_C_GAP_MED'}, {'WITHDRAW_C_GAP_LONG'}]",0.5626970360066512,1189,0.8365635738831616,0.904040404040404,3600
"[{'WITHDRAW_D_GAP_MED'}, {'WITHDRAW_D_GAP_SHORT'}, {'WITHDRAW_C_GAP_MED'}, {'WITHDRAW_D_GAP_MED'}, {'WITHDRAW_D_GAP_LONG'}]",0.5620659119902555,1190,0.8271154945683248,0.904040404040404,3600
"[{'WITHDRAW_D_GAP_MED'}, {'WITHDRAW_C_GAP_MED'}, {'WITHDRAW_A_GAP_SHORT'}, {'WITHDRAW_D_GAP_LONG'}, {'WITHDRAW_C_GAP_MED'}, {'WITHDRAW_A_GAP_SHORT'}]",0.5613245603111251,1176,0.8197141672008749,0.904040404040404,3600
"[{'OTHER_A_GAP_SHORT'}, {'WITHDRAW_A_GAP_SHORT'}, {'WITHDRAW_D_GAP_MED'}, {'OTHER_D_GAP_MED'}, {'WITHDRAW_D_GAP_SHORT'}, {'WITHDRAW_B_GAP_MED'}]",0.5602297958613367,1120,0.8187943402956681,0.904040404040404,3600
"[{'OTHER_D_GAP_LONG'}, {'WITHDRAW_B_GAP_LONG'}, {'OTHER_A_GAP_LONG'}]",0.5574537363156418,1649,0.8554926108374384,0.904040404040404,3600
"[{'WITHDRAW_D_GAP_MED'}, {'WITHDRAW_D_GAP_LONG'}, {'OTHER_A_GAP_LONG'}]",0.5568683128121477,1510,0.8545031404217138,0.904040404040404,3600
"[{'OTHER_A_GAP_SHORT'}, {'OTHER_D_GAP_LONG'}, {'WITHDRAW_C_GAP_MED'}, {'WITHDRAW_C_GAP_LONG'}, {'WITHDRAW_C_GAP_LONG'}]",0.5568142205512059,1007,0.8244577757268112,0.904040404040404,3600
"[{'WITHDRAW_D_GAP_MED'}, {'WITHDRAW_C_GAP_MED'}, {'WITHDRAW_D_GAP_LONG'}, {'OTHER_A_GAP_LONG'}]",0.5565388259099648,1334,0.8392531423075646,0.904040404040404,3600
"[{'OTHER_A_GAP_MED'}, {'WITHDRAW_C_GAP_LONG'}, {'OTHER_A_GAP_MED'}]",0.5561775342772424,1576,0.8551367496600762,0.904040404040404,3600
"[{'OTHER_D_GAP_LONG'}, {'OTHER_B_GAP_LONG'}, {'WITHDRAW_D_GAP_LONG'}, {'OTHER_A_GAP_SHORT'}, {'WITHDRAW_D_GAP_MED'}]",0.5557221276868056,545,0.8114070486951843,0.904040404040404,3600
"[{'WITHDRAW_D_GAP_MED'}, {'WITHDRAW_D_GAP_LONG'}, {'WITHDRAW_C_GAP_MED'}, {'WITHDRAW_D_GAP_MED'}]",0.5547664044618437,1411,0.8403776728686476,0.904040404040404,3600
"[{'OTHER_D_GAP_LONG'}, {'OTHER_B_GAP_LONG'}, {'OTHER_A_GAP_LONG'}, {'OTHER_A_GAP_LONG'}]",0.5530515754097327,785,0.8305759803921569,0.904040404040404,3600
"[{'OTHER_A_GAP_SHORT'}, {'OTHER_D_GAP_LONG'}, {'OTHER_A_GAP_LONG'}, {'WITHDRAW_D_GAP_MED'}]",0.552995536996193,1286,0.8391118160190325,0.904040404040404,3600
"[{'WITHDRAW_C_GAP_MED'}, {'WITHDRAW_A_GAP_SHORT'}]",0.5513176808385611,2754,0.8860085115326012,0.904040404040404,3600
"[{'OTHER_A_GAP_SHORT'}, {'WITHDRAW_D_GAP_MED'}, {'WITHDRAW_D_GAP_MED'}, {'WITHDRAW_D_GAP_LONG'}, {'WITHDRAW_D_GAP_MED'}]",0.5501446509166568,1355,0.8308888542154262,0.904040404040404,3600
"[{'OTHER_A_GAP_LONG'}, {'WITHDRAW_C_GAP_MED'}, {'WITHDRAW_D_GAP_SHORT'}, {'WITHDRAW_D_GAP_MED'}, {'WITHDRAW_D_GAP_LONG'}]",0.5490529887150368,1136,0.8277200277200277,0.904040404040404,3600
"[{'OTHER_D_GAP_LONG'}, {'OTHER_A_GAP_LONG'}, {'OTHER_B_GAP_LONG'}, {'OTHER_B_GAP_LONG'}, {'OTHER_B_GAP_LONG'}]",0.5486457019312622,302,0.7978187919463087,0.904040404040404,3600
"[{'OTHER_A_GAP_LONG'}, {'WITHDRAW_D_GAP_MED'}, {'OTHER_A_GAP_LONG'}]",0.5460776470494201,2038,0.8596685793271935,0.904040404040404,3600
"[{'OTHER_D_GAP_LONG'}, {'WITHDRAW_D_GAP_LONG'}, {'OTHER_D_GAP_SHORT'}, {'OTHER_D_GAP_SHORT'}, {'WITHDRAW_C_GAP_MED'}, {'WITHDRAW_C_GAP_MED'}]",0.5457873468620409,944,0.8166714082503557,0.904040404040404,3600
"[{'OTHER_A_GAP_MED'}, {'OTHER_A_GAP_SHORT'}, {'WITHDRAW_C_GAP_MED'}]",0.5455338904103197,1756,0.8580699625389121,0.904040404040404,3600
"[{'OTHER_A_GAP_MED'}, {'OTHER_B_GAP_LONG'}, {'WITHDRAW_A_GAP_SHORT'}, {'WITHDRAW_A_GAP_SHORT'}, {'WITHDRAW_A_GAP_SHORT'}]",0.545354724570746,778,0.8206200787401575,0.904040404040404,3600
"[{'WITHDRAW_C_GAP_LONG'}, {'WITHDRAW_B_GAP_LONG'}, {'OTHER_A_GAP_SHORT'}, {'WITHDRAW_A_GAP_SHORT'}, {'WITHDRAW_D_GAP_LONG'}, {'WITHDRAW_A_GAP_SHORT'}]",0.5450468666627039,959,0.8170975396528037,0.904040404040404,3600
"[{'WITHDRAW_C_GAP_MED'}, {'WITHDRAW_A_GAP_SHORT'}, {'WITHDRAW_A_GAP_SHORT'}, {'WITHDRAW_D_GAP_MED'}]",0.5447443645833543,1850,0.8457330598222177,0.904040404040404,3600
"[{'OTHER_A_GAP_MED'}, {'WITHDRAW_A_GAP_SHORT'}, {'WITHDRAW_A_GAP_SHORT'}, {'WITHDRAW_C_GAP_SHORT'}, {'WITHDRAW_D_GAP_SHORT'}]",0.543786068830366,1053,0.826887159533074,0.904040404040404,3600
"[{'OTHER_D_GAP_LONG'}, {'WITHDRAW_A_GAP_SHORT'}, {'WITHDRAW_B_GAP_LONG'}, {'OTHER_A_GAP_MED'}, {'OTHER_A_GAP_MED'}]",0.543629662220062,981,0.8255279571069044,0.904040404040404,3600
"[{'OTHER_D_GAP_LONG'}, {'OTHER_A_GAP_LONG'}, {'OTHER_A_GAP_LONG'}, {'WITHDRAW_A_GAP_SHORT'}]",0.5436106315176438,1483,0.8425625920471281,0.904040404040404,3600
"[{'WITHDRAW_A_GAP_SHORT'}, {'WITHDRAW_C_GAP_MED'}]",0.5420443902257138,2706,0.8891723066807241,0.904040404040404,3600
"[{'WITHDRAW_A_GAP_SHORT'}, {'OTHER_A_GAP_MED'}]",0.5417541356571199,2486,0.88896918730701,0.904040404040404,3600
"[{'WITHDRAW_A_GAP_SHORT'}, {'WITHDRAW_D_GAP_MED'}, {'WITHDRAW_A_GAP_SHORT'}, {'WITHDRAW_D_GAP_MED'}, {'WITHDRAW_D_GAP_MED'}, {'WITHDRAW_B_GAP_MED'}]",0.5416723254073961,1453,0.826015037593985,0.904040404040404,3600
"[{'OTHER_D_GAP_LONG'}, {'WITHDRAW_B_GAP_MED'}, {'WITHDRAW_B_GAP_LONG'}, {'WITHDRAW_A_GAP_SHORT'}]",0.5396450184134505,1580,0.844025344025344,0.904040404040404,3600
"[{'WITHDRAW_D_GAP_LONG'}, {'WITHDRAW_D_GAP_MED'}, {'WITHDRAW_D_GAP_MED'}, {'WITHDRAW_D_GAP_MED'}, {'WITHDRAW_D_GAP_MED'}, {'OTHER_A_GAP_SHORT'}]",0.5394976202257218,1240,0.8230893713169064,0.904040404040404,3600
"[{'WITHDRAW_B_GAP_SHORT'}, {'OTHER_A_GAP_MED'}, {'WITHDRAW_B_GAP_LONG'}, {'OTHER_D_GAP_MED'}, {'OTHER_D_GAP_MED'}]",0.5391986992502233,901,0.8243944636678201,0.904040404040404,3600
"[{'OTHER_A_GAP_SHORT'}, {'WITHDRAW_C_GAP_MED'}, {'WITHDRAW_C_GAP_SHORT'}, {'WITHDRAW_C_GAP_MED'}]",0.5384911549929712,1872,0.8466557911908645,0.904040404040404,3600
"[{'OTHER_D_GAP_LONG'}, {'WITHDRAW_D_GAP_MED'}, {'WITHDRAW_B_GAP_MED'}, {'WITHDRAW_C_GAP_MED'}, {'OTHER_D_GAP_MED'}, {'WITHDRAW_C_GAP_MED'}]",0.537640425962473,1188,0.8224155211912944,0.904040404040404,3600
"[{'OTHER_A_GAP_LONG'}, {'OTHER_A_GAP_MED'}]",0.5375731672895159,2514,0.8907798838553778,0.904040404040404,3600
"[{'OTHER_D_GAP_LONG'}, {'WITHDRAW_B_GAP_LONG'}, {'OTHER_B_GAP_LONG'}, {'WITHDRAW_B_GAP_LONG'}]",0.5367232889515211,669,0.8300981461286805,0.904040404040404,3600
"[{'WITHDRAW_D_GAP_MED'}, {'WITHDRAW_A_GAP_LONG'}]",0.5359831350792303,1687,0.8902045728038508,0.904040404040404,3600
"[{'OTHER_A_GAP_SHORT'}, {'OTHER_A_GAP_SHORT'}, {'WITHDRAW_D_GAP_MED'}, {'OTHER_D_GAP_MED'}, {'WITHDRAW_D_GAP_LONG'}]",0.535672222033261,1103,0.8287439613526569,0.904040404040404,3600
"[{'OTHER_A_GAP_SHORT'}, {'OTHER_D_GAP_MED'}, {'WITHDRAW_D_GAP_MED'}, {'WITHDRAW_B_GAP_SHORT'}, {'WITHDRAW_A_GAP_SHORT'}]",0.5348075155095997,1471,0.8340697364918819,0.904040404040404,3600
"[{'OTHER_A_GAP_LONG'}, {'WITHDRAW_D_GAP_MED'}, {'WITHDRAW_D_GAP_MED'}, {'WITHDRAW_C_GAP_SHORT'}, {'WITHDRAW_A_GAP_SHORT'}]",0.5337433441691531,1458,0.8340336134453781,0.904040404040404,3600
"[{'OTHER_A_GAP_LONG'}, {'OTHER_B_GAP_LONG'}, {'OTHER_B_GAP_LONG'}, {'OTHER_C_GAP_LONG'}]",0.5332804630978123,363,0.8185185185185185,0.904040404040404,3600
"[{'OTHER_A_GAP_SHORT'}, {'OTHER_D_GAP_LONG'}, {'WITHDRAW_B_GAP_LONG'}, {'WITHDRAW_B_GAP_LONG'}]",0.5329152006514035,1530,0.8444001770694998,0.904040404040404,3600
"[{'WITHDRAW_A_GAP_SHORT'}, {'WITHDRAW_D_GAP_LONG'}, {'WITHDRAW_A_GAP_SHORT'}, {'WITHDRAW_C_GAP_LONG'}]",0.532751518610599,1386,0.842929599030272,0.904040404040404,3600
"[{'WITHDRAW_D_GAP_SHORT'}, {'WITHDRAW_D_GAP_SHORT'}, {'WITHDRAW_D_GAP_MED'}, {'WITHDRAW_D_GAP_LONG'}, {'WITHDRAW_D_GAP_MED'}, {'WITHDRAW_D_GAP_MED'}]",0.5307473820824019,993,0.8194457447804512,0.904040404040404,3600
"[{'OTHER_D_GAP_SHORT'}, {'OTHER_A_GAP_SHORT'}, {'WITHDRAW_A_GAP_SHORT'}, {'WITHDRAW_C_GAP_MED'}, {'OTHER_A_GAP_SHORT'}]",0.530558390503777,1154,0.8301991150442478,0.904040404040404,3600
"[{'OTHER_A_GAP_SHORT'}, {'OTHER_D_GAP_SHORT'}, {'WITHDRAW_D_GAP_SHORT'}, {'WITHDRAW_C_GAP_MED'}, {'OTHER_D_GAP_SHORT'}, {'WITHDRAW_C_GAP_MED'}]",0.5288541356819425,943,0.8185621320111558,0.904040404040404,3600
"[{'WITHDRAW_D_GAP_MED'}, {'WITHDRAW_B_GAP_MED'}, {'WITHDRAW_C_GAP_MED'}, {'OTHER_D_GAP_MED'}, {'WITHDRAW_C_GAP_MED'}]",0.5278587323439032,1382,0.8337628865979382,0.904040404040404,3600
"[{'WITHDRAW_C_GAP_SHORT'}, {'WITHDRAW_C_GAP_MED'}, {'OTHER_A_GAP_LONG'}]",0.527835647666139,1860,0.8615300546448088,0.904040404040404,3600
"[{'OTHER_A_GAP_SHORT'}, {'OTHER_D_GAP_LONG'}, {'WITHDRAW_C_GAP_LONG'}, {'WITHDRAW_B_GAP_LONG'}]",0.5277978295913975,1365,0.8433551480593533,0.904040404040404,3600
"[{'WITHDRAW_B_GAP_SHORT'}, {'WITHDRAW_D_GAP_MED'}, {'WITHDRAW_D_GAP_SHORT'}, {'WITHDRAW_D_GAP_LONG'}]",0.527427896505358,1241,0.8419436530547642,0.904040404040404,3600
"[{'WITHDRAW_C_GAP_LONG'}, {'OTHER_A_GAP_LONG'}, {'OTHER_A_GAP_LONG'}]",0.5237244787814593,1687,0.8611746599559087,0.904040404040404,3600
"[{'WITHDRAW_D_GAP_MED'}, {'WITHDRAW_D_GAP_MED'}, {'WITHDRAW_D_GAP_SHORT'}, {'WITHDRAW_D_GAP_LONG'}, {'WITHDRAW_D_GAP_MED'}, {'WITHDRAW_D_GAP_MED'}]",0.5236892022504667,1077,0.8219278342970066,0.904040404040404,3600
"[{'WITHDRAW_C_GAP_SHORT'}, {'WITHDRAW_B_GAP_MED'}, {'WITHDRAW_B_GAP_MED'}, {'WITHDRAW_C_GAP_MED'}]",0.5227745106349556,1984,0.8493870711702972,0.904040404040404,3600
"[{'WITHDRAW_C_GAP_LONG'}, {'WITHDRAW_C_GAP_SHORT'}, {'WITHDRAW_A_GAP_SHORT'}, {'OTHER_A_GAP_SHORT'}, {'OTHER_A_GAP_SHORT'}, {'WITHDRAW_B_GAP_MED'}]",0.5225424473928206,1136,0.8231414868105515,0.904040404040404,3600
"[{'OTHER_A_GAP_SHORT'}, {'WITHDRAW_C_GAP_SHORT'}, {'OTHER_A_GAP_SHORT'}]",0.5223645712572674,2121,0.8637785732405084,0.904040404040404,3600
"[{'OTHER_A_GAP_LONG'}, {'OTHER_A_GAP_LONG'}, {'WITHDRAW_D_GAP_MED'}]",0.520279067044443,2080,0.863922119140625,0.904040404040404,3600
"[{'OTHER_D_GAP_LONG'}, {'OTHER_A_GAP_LONG'}, {'OTHER_A_GAP_LONG'}, {'WITHDRAW_B_GAP_LONG'}]",0.5202469612754596,1501,0.8457740916271722,0.904040404040404,3600
"[{'OTHER_A_GAP_SHORT'}, {'WITHDRAW_D_GAP_MED'}, {'OTHER_A_GAP_SHORT'}, {'OTHER_A_GAP_SHORT'}, {'WITHDRAW_C_GAP_MED'}, {'WITHDRAW_B_GAP_LONG'}]",0.5202345167451417,1385,0.8272941176470587,0.904040404040404,3600
"[{'OTHER_A_GAP_SHORT'}, {'WITHDRAW_B_GAP_LONG'}, {'WITHDRAW_C_GAP_LONG'}]",0.5199663109351946,2247,0.8647395866864096,0.904040404040404,3600
"[{'WITHDRAW_C_GAP_SHORT'}, {'OTHER_A_GAP_SHORT'}, {'WITHDRAW_C_GAP_SHORT'}, {'WITHDRAW_C_GAP_MED'}, {'OTHER_A_GAP_SHORT'}]",0.5196984347454554,1266,0.83316985921994,0.904040404040404,3600
"[{'OTHER_A_GAP_SHORT'}, {'OTHER_D_GAP_LONG'}, {'OTHER_A_GAP_LONG'}]",0.5189280238146381,1671,0.861899612507885,0.904040404040404,3600
"[{'OTHER_A_GAP_MED'}, {'WITHDRAW_D_GAP_MED'}, {'OTHER_A_GAP_LONG', 'WITHDRAW_A_GAP_SHORT'}]",0.518557186715249,1176,0.8581017383762586,0.904040404040404,3600
"[{'OTHER_A_GAP_SHORT'}, {'OTHER_A_GAP_LONG'}, {'WITHDRAW_D_GAP_LONG'}, {'WITHDRAW_B_GAP_MED'}, {'OTHER_D_GAP_MED'}, {'WITHDRAW_B_GAP_MED'}]",0.5181604186197413,1146,0.8238010657193605,0.904040404040404,3600
"[{'OTHER_A_GAP_SHORT'}, {'WITHDRAW_C_GAP_MED'}, {'WITHDRAW_C_GAP_MED'}]",0.5170241516600894,2460,0.8660854197349043,0.904040404040404,3600
"[{'OTHER_C_GAP_LONG'}, {'OTHER_A_GAP_LONG'}, {'WITHDRAW_B_GAP_LONG'}, {'OTHER_A_GAP_SHORT'}]",0.5164870630830267,795,0.8363286264441592,0.904040404040404,3600
"[{'OTHER_A_GAP_MED'}, {'WITHDRAW_D_GAP_LONG'}, {'WITHDRAW_A_GAP_SHORT'}, {'WITHDRAW_C_GAP_MED'}, {'WITHDRAW_C_GAP_MED'}, {'WITHDRAW_D_GAP_MED'}]",0.5162738712823804,1018,0.821604600219058,0.904040404040404,3600
"[{'WITHDRAW_B_GAP_LONG'}, {'WITHDRAW_B_GAP_LONG'}, {'OTHER_C_GAP_LONG'}, {'WITHDRAW_B_GAP_LONG'}, {'OTHER_B_GAP_LONG'}, {'WITHDRAW_B_GAP_LONG'}]",0.5158319755748548,284,0.7906810035842293,0.904040404040404,3600
"[{'WITHDRAW_D_GAP_MED'}, {'WITHDRAW_D_GAP_SHORT'}, {'WITHDRAW_D_GAP_SHORT'}, {'WITHDRAW_D_GAP_MED'}, {'OTHER_A_GAP_LONG'}]",0.5150647851599817,1184,0.8325362030025242,0.904040404040404,3600
"[{'OTHER_A_GAP_SHORT'}, {'OTHER_D_GAP_LONG'}, {'OTHER_A_GAP_LONG'}, {'WITHDRAW_C_GAP_LONG'}, {'WITHDRAW_B_GAP_LONG'}]",0.5150106346339531,1103,0.8312648534459994,0.904040404040404,3600
"[{'WITHDRAW_B_GAP_LONG'}, {'WITHDRAW_C_GAP_LONG'}, {'OTHER_A_GAP_MED'}, {'OTHER_A_GAP_LONG'}]",0.5145182583306869,1307,0.8445161817587447,0.904040404040404,3600
"[{'OTHER_D_GAP_LONG'}, {'OTHER_A_GAP_LONG'}, {'OTHER_A_GAP_MED'}, {'WITHDRAW_B_GAP_LONG'}, {'WITHDRAW_B_GAP_LONG'}]",0.5134688832644065,1006,0.8297667342799189,0.904040404040404,3600
"[{'OTHER_D_GAP_LONG'}, {'OTHER_A_GAP_SHORT'}, {'OTHER_A_GAP_SHORT'}, {'OTHER_A_GAP_SHORT'}]",0.5134601150989594,1464,0.8463241146040589,0.904040404040404,3600
"[{'OTHER_A_GAP_SHORT'}, {'OTHER_D_GAP_MED'}, {'WITHDRAW_A_GAP_SHORT'}, {'WITHDRAW_C_GAP_MED'}]",0.512753529834173,1721,0.8487034850671213,0.904040404040404,3600
"[{'OTHER_A_GAP_SHORT'}, {'WITHDRAW_D_GAP_LONG'}, {'OTHER_D_GAP_MED'}, {'WITHDRAW_A_GAP_SHORT'}, {'WITHDRAW_A_GAP_SHORT'}, {'WITHDRAW_A_GAP_SHORT'}]",0.5113577741459856,1268,0.8265409463942728,0.904040404040404,3600
"[{'WITHDRAW_B_GAP_MED'}, {'WITHDRAW_D_GAP_MED'}, {'WITHDRAW_B_GAP_MED'}, {'OTHER_A_GAP_SHORT'}]",0.5101149920882223,1937,0.8506510514106114,0.904040404040404,3600
"[{'OTHER_A_GAP_SHORT'}, {'OTHER_A_GAP_LONG'}, {'WITHDRAW_D_GAP_LONG'}, {'OTHER_D_GAP_MED'}, {'WITHDRAW_B_GAP_MED'}]",0.5097797893051843,1241,0.8340115656457485,0.904040404040404,3600
"[{'OTHER_D_GAP_LONG'}, {'OTHER_A_GAP_LONG'}, {'WITHDRAW_D_GAP_SHORT'}, {'OTHER_A_GAP_SHORT'}, {'WITHDRAW_D_GAP_SHORT'}]",0.5096144544497694,884,0.8278356481481481,0.904040404040404,3600
"[{'OTHER_D_GAP_MED'}, {'WITHDRAW_D_GAP_LONG'}, {'WITHDRAW_D_GAP_SHORT'}, {'OTHER_A_GAP_SHORT'}, {'OTHER_D_GAP_MED'}, {'OTHER_D_GAP_MED'}]",0.5085481736784933,921,0.8204232804232805,0.904040404040404,3600
"[{'OTHER_B_GAP_LONG'}, {'OTHER_A_GAP_LONG'}, {'OTHER_A_GAP_LONG'}, {'WITHDRAW_C_GAP_LONG'}, {'OTHER_A_GAP_LONG'}]",0.5083898463877946,696,0.8233137829912023,0.904040404040404,3600
"[{'OTHER_A_GAP_SHORT'}, {'OTHER_D_GAP_LONG'}, {'OTHER_A_GAP_LONG'}, {'WITHDRAW_B_GAP_LONG'}, {'WITHDRAW_C_GAP_LONG'}, {'WITHDRAW_B_GAP_LONG'}]",0.5081389834097463,893,0.8198241599421895,0.904040404040404,3600
"[{'OTHER_D_GAP_LONG'}, {'OTHER_A_GAP_LONG'}, {'WITHDRAW_B_GAP_LONG'}, {'OTHER_B_GAP_LONG'}, {'WITHDRAW_B_GAP_LONG'}, {'OTHER_A_GAP_LONG'}]",0.5043530184008119,476,0.8060085836909872,0.904040404040404,3600
"[{'OTHER_A_GAP_SHORT'}, {'WITHDRAW_A_GAP_SHORT'}, {'WITHDRAW_D_GAP_MED'}, {'WITHDRAW_B_GAP_LONG'}]",0.5032896952322485,1862,0.8510087241003271,0.904040404040404,3600
"[{'WITHDRAW_D_GAP_MED'}, {'WITHDRAW_D_GAP_MED'}, {'WITHDRAW_A_GAP_LONG'}, {'OTHER_A_GAP_MED'}]",0.49938671656934586,820,0.839572192513369,0.904040404040404,3600
"[{'WITHDRAW_C_GAP_LONG'}, {'WITHDRAW_C_GAP_LONG'}, {'OTHER_A_GAP_MED', 'WITHDRAW_A_GAP_SHORT'}, {'OTHER_A_GAP_MED'}, {'WITHDRAW_A_GAP_SHORT'}]",0.49783682580739663,913,0.8300111982082867,0.904040404040404,3600
"[{'WITHDRAW_D_GAP_MED'}, {'WITHDRAW_C_GAP_MED'}, {'WITHDRAW_D_GAP_SHORT'}, {'WITHDRAW_D_GAP_MED'}, {'WITHDRAW_C_GAP_MED'}]",0.49761858956857097,1331,0.8366955377699814,0.904040404040404,3600
"[{'WITHDRAW_D_GAP_LONG'}, {'WITHDRAW_D_GAP_SHORT'}, {'WITHDRAW_D_GAP_MED'}, {'WITHDRAW_D_GAP_SHORT'}, {'OTHER_A_GAP_SHORT'}, {'WITHDRAW_D_GAP_LONG'}]",0.49727976620199354,881,0.8208478513356562,0.904040404040404,3600
"[{'WITHDRAW_D_GAP_MED'}, {'WITHDRAW_D_GAP_MED'}, {'WITHDRAW_D_GAP_MED'}, {'WITHDRAW_D_GAP_MED'}, {'WITHDRAW_B_GAP_MED'}, {'WITHDRAW_A_GAP_SHORT'}]",0.4966019825431407,1516,0.8314760508308896,0.904040404040404,3600
"[{'OTHER_A_GAP_SHORT'}, {'WITHDRAW_D_GAP_MED'}, {'OTHER_A_GAP_SHORT'}, {'OTHER_A_GAP_SHORT'}, {'WITHDRAW_C_GAP_MED'}]",0.4964865631046187,1627,0.8401245048104131,0.904040404040404,3600
"[{'WITHDRAW_C_GAP_LONG'}, {'OTHER_A_GAP_MED'}, {'WITHDRAW_B_GAP_SHORT'}, {'WITHDRAW_C_GAP_MED'}, {'WITHDRAW_A_GAP_SHORT'}]",0.49537637562115244,1190,0.8350657576096271,0.904040404040404,3600
"[{'OTHER_A_GAP_SHORT'}, {'OTHER_D_GAP_LONG'}, {'OTHER_A_GAP_LONG'}, {'OTHER_A_GAP_LONG'}, {'WITHDRAW_D_GAP_MED'}]",0.4952290621941504,1190,0.8350843339050886,0.904040404040404,3600
"[{'WITHDRAW_D_GAP_MED'}, {'WITHDRAW_D_GAP_MED'}, {'WITHDRAW_D_GAP_MED'}, {'WITHDRAW_C_GAP_MED'}, {'WITHDRAW_D_GAP_MED'}, {'WITHDRAW_D_GAP_MED'}]",0.48992123387265973,1469,0.8316209789582305,0.904040404040404,3600
"[{'OTHER_A_GAP_LONG'}, {'WITHDRAW_C_GAP_LONG'}, {'WITHDRAW_A_GAP_SHORT'}]",0.4886604406049868,2159,0.869813704748472,0.904040404040404,3600
"[{'OTHER_A_GAP_SHORT'}, {'WITHDRAW_C_GAP_LONG'}, {'WITHDRAW_C_GAP_MED'}, {'WITHDRAW_C_GAP_MED'}]",0.48854006765975655,1854,0.8529239766081871,0.904040404040404,3600
"[{'WITHDRAW_D_GAP_LONG'}, {'WITHDRAW_D_GAP_LONG'}, {'WITHDRAW_D_GAP_MED'}, {'WITHDRAW_D_GAP_LONG'}]",0.4876777361369744,1369,0.8490247688465951,0.904040404040404,3600
"[{'WITHDRAW_D_GAP_MED'}, {'WITHDRAW_B_GAP_MED'}, {'OTHER_A_GAP_SHORT'}]",0.4875023386545725,2064,0.8696481299212597,0.904040404040404,3600
"[{'OTHER_D_GAP_LONG'}, {'WITHDRAW_B_GAP_SHORT'}, {'WITHDRAW_C_GAP_LONG'}, {'WITHDRAW_C_GAP_LONG'}]",0.48749718134506526,1106,0.8460390607856046,0.904040404040404,3600
"[{'OTHER_A_GAP_LONG'}, {'OTHER_A_GAP_MED'}, {'WITHDRAW_B_GAP_MED'}, {'WITHDRAW_B_GAP_SHORT'}, {'OTHER_D_GAP_MED'}]",0.4865999597371874,1123,0.8351910828025477,0.904040404040404,3600
"[{'OTHER_A_GAP_SHORT'}, {'WITHDRAW_D_GAP_MED'}, {'WITHDRAW_D_GAP_SHORT'}, {'WITHDRAW_B_GAP_MED'}]",0.4864238041641329,1689,0.8520149563772331,0.904040404040404,3600
"[{'WITHDRAW_B_GAP_MED'}, {'WITHDRAW_B_GAP_MED'}, {'WITHDRAW_C_GAP_MED'}, {'WITHDRAW_C_GAP_SHORT'}, {'WITHDRAW_B_GAP_MED'}]",0.48632722635717474,1895,0.8436638268098942,0.904040404040404,3600
"[{'OTHER_A_GAP_SHORT'}, {'WITHDRAW_D_GAP_LONG'}, {'WITHDRAW_D_GAP_LONG'}, {'OTHER_A_GAP_SHORT'}, {'WITHDRAW_D_GAP_MED'}, {'WITHDRAW_D_GAP_MED'}]",0.4852864142978075,1270,0.8294583230274549,0.904040404040404,3600
"[{'OTHER_D_GAP_MED'}, {'OTHER_D_GAP_MED'}, {'WITHDRAW_C_GAP_LONG'}, {'WITHDRAW_D_GAP_MED'}, {'OTHER_A_GAP_LONG'}]",0.48462888261014314,982,0.8331081081081081,0.904040404040404,3600
"[{'WITHDRAW_B_GAP_LONG'}, {'OTHER_A_GAP_LONG'}, {'WITHDRAW_C_GAP_LONG'}, {'OTHER_A_GAP_MED'}, {'OTHER_A_GAP_LONG'}]",0.4827469402391835,1110,0.8354946727549467,0.904040404040404,3600
"[{'OTHER_D_GAP_MED'}, {'WITHDRAW_B_GAP_MED'}, {'OTHER_A_GAP_LONG'}, {'WITHDRAW_C_GAP_MED'}, {'OTHER_A_GAP_MED'}]",0.4826127353575318,1024,0.8341166975264681,0.904040404040404,3600
"[{'OTHER_A_GAP_SHORT'}, {'OTHER_D_GAP_LONG'}, {'OTHER_A_GAP_SHORT'}, {'WITHDRAW_B_GAP_LONG'}]",0.47993210890552684,1465,0.8510833333333333,0.904040404040404,3600
"[{'OTHER_A_GAP_SHORT'}, {'WITHDRAW_C_GAP_SHORT'}, {'WITHDRAW_C_GAP_MED'}, {'OTHER_A_GAP_SHORT'}]",0.4789762707912927,1808,0.8539308578745199,0.904040404040404,3600
"[{'OTHER_D_GAP_LONG'}, {'WITHDRAW_D_GAP_MED'}, {'WITHDRAW_D_GAP_LONG'}, {'WITHDRAW_D_GAP_LONG'}, {'OTHER_D_GAP_SHORT'}, {'WITHDRAW_C_GAP_MED'}]",0.4765870772852834,801,0.8214588634435963,0.904040404040404,3600
"[{'WITHDRAW_D_GAP_MED'}, {'WITHDRAW_D_GAP_MED'}, {'WITHDRAW_D_GAP_MED'}, {'WITHDRAW_D_GAP_LONG'}, {'WITHDRAW_A_GAP_SHORT'}, {'WITHDRAW_D_GAP_MED'}]",0.47581577162808375,1194,0.8293923058074002,0.904040404040404,3600
"[{'OTHER_A_GAP_SHORT'}, {'WITHDRAW_D_GAP_MED'}, {'OTHER_A_GAP_SHORT'}, {'OTHER_A_GAP_SHORT'}]",0.47567603961817284,1854,0.8547085351039223,0.904040404040404,3600
"[{'WITHDRAW_D_GAP_LONG'}, {'WITHDRAW_A_GAP_SHORT'}, {'WITHDRAW_A_GAP_SHORT'}, {'WITHDRAW_D_GAP_LONG'}]",0.47565363205787836,1551,0.852461253001528,0.904040404040404,3600
"[{'OTHER_A_GAP_SHORT'}, {'OTHER_D_GAP_LONG'}, {'OTHER_A_GAP_LONG'}, {'OTHER_A_GAP_LONG'}, {'WITHDRAW_B_GAP_LONG'}]",0.4752118850289623,1291,0.8389951256092988,0.904040404040404,3600
"[{'WITHDRAW_A_GAP_SHORT'}, {'WITHDRAW_C_GAP_MED'}, {'WITHDRAW_C_GAP_MED'}]",0.4737291095375691,2292,0.873220921029686,0.904040404040404,3600
"[{'OTHER_A_GAP_SHORT'}, {'OTHER_D_GAP_LONG'}, {'OTHER_A_GAP_LONG'}, {'OTHER_A_GAP_LONG'}]",0.47315812244660616,1452,0.851979717337361,0.904040404040404,3600
"[{'WITHDRAW_B_GAP_MED'}, {'OTHER_A_GAP_SHORT'}, {'OTHER_A_GAP_SHORT'}, {'WITHDRAW_D_GAP_SHORT'}]",0.47296042656905635,1465,0.8521254355400697,0.904040404040404,3600
"[{'WITHDRAW_B_GAP_LONG'}, {'WITHDRAW_C_GAP_LONG'}, {'WITHDRAW_B_GAP_LONG'}]",0.47257485888186945,2057,0.8726181102362204,0.904040404040404,3600
"[{'WITHDRAW_D_GAP_SHORT'}, {'OTHER_D_GAP_MED'}, {'WITHDRAW_D_GAP_MED'}, {'WITHDRAW_D_GAP_MED'}, {'WITHDRAW_A_GAP_SHORT'}, {'OTHER_A_GAP_LONG'}]",0.47220884698911436,958,0.8256118881118881,0.904040404040404,3600
"[{'OTHER_A_GAP_SHORT'}, {'WITHDRAW_A_GAP_SHORT'}, {'WITHDRAW_A_GAP_SHORT'}, {'WITHDRAW_D_GAP_MED'}]",0.4694185317477758,1994,0.8564739696815169,0.904040404040404,3600
"[{'OTHER_D_GAP_LONG'}, {'OTHER_A_GAP_LONG'}, {'WITHDRAW_D_GAP_LONG'}, {'WITHDRAW_D_GAP_LONG'}, {'WITHDRAW_C_GAP_LONG'}, {'OTHER_A_GAP_LONG'}]",0.468929061686878,748,0.8210393149085247,0.904040404040404,3600
"[{'OTHER_A_GAP_SHORT'}, {'OTHER_A_GAP_MED'}, {'WITHDRAW_A_GAP_SHORT'}, {'WITHDRAW_A_GAP_SHORT'}, {'WITHDRAW_C_GAP_SHORT'}, {'WITHDRAW_D_GAP_SHORT'}]",0.46862548378858815,976,0.8264180672268908,0.904040404040404,3600
"[{'WITHDRAW_D_GAP_LONG'}, {'WITHDRAW_A_GAP_SHORT'}, {'WITHDRAW_A_GAP_SHORT'}, {'WITHDRAW_A_GAP_SHORT'}]",0.46855622426411236,1865,0.8557959582300353,0.904040404040404,3600
"[{'WITHDRAW_C_GAP_SHORT'}, {'OTHER_A_GAP_SHORT'}, {'WITHDRAW_C_GAP_MED'}, {'WITHDRAW_C_GAP_MED'}, {'WITHDRAW_C_GAP_MED'}]",0.46755042258308444,1487,0.8422100205902538,0.904040404040404,3600
"[{'OTHER_D_GAP_LONG'}, {'OTHER_A_GAP_LONG'}, {'WITHDRAW_B_GAP_LONG'}, {'OTHER_A_GAP_SHORT'}, {'OTHER_D_GAP_MED'}]",0.46513754384280137,1122,0.8380260369361187,0.904040404040404,3600
"[{'OTHER_A_GAP_LONG'}, {'OTHER_A_GAP_LONG'}, {'WITHDRAW_D_GAP_LONG'}, {'OTHER_A_GAP_LONG'}, {'WITHDRAW_D_GAP_MED'}, {'WITHDRAW_D_GAP_MED'}]",0.46441581913426055,1089,0.8290235745166816,0.904040404040404,3600
"[{'OTHER_D_GAP_LONG'}, {'OTHER_A_GAP_LONG'}, {'OTHER_A_GAP_LONG'}, {'WITHDRAW_C_GAP_MED'}, {'WITHDRAW_C_GAP_MED'}, {'WITHDRAW_A_GAP_SHORT'}]",0.46437625091525825,1239,0.8314097279472383,0.904040404040404,3600
"[{'OTHER_A_GAP_SHORT'}, {'WITHDRAW_C_GAP_MED'}, {'WITHDRAW_B_GAP_LONG'}]",0.4639725982824643,2568,0.8760791892888475,0.904040404040404,3600
"[{'WITHDRAW_B_GAP_LONG'}, {'WITHDRAW_B_GAP_LONG'}, {'WITHDRAW_C_GAP_MED'}]",0.46344418868920867,2329,0.875502783408952,0.904040404040404,3600
"[{'WITHDRAW_D_GAP_MED'}, {'WITHDRAW_D_GAP_MED'}, {'WITHDRAW_C_GAP_SHORT'}, {'WITHDRAW_A_GAP_SHORT'}, {'WITHDRAW_C_GAP_MED'}, {'WITHDRAW_C_GAP_MED'}]",0.46302072586033516,1302,0.8324620093723758,0.904040404040404,3600
"[{'WITHDRAW_D_GAP_MED'}, {'WITHDRAW_D_GAP_MED'}, {'WITHDRAW_D_GAP_MED'}, {'WITHDRAW_D_GAP_MED'}, {'WITHDRAW_D_GAP_MED'}]",0.46280558626196067,1633,0.8442269743465829,0.904040404040404,3600
"[{'WITHDRAW_D_GAP_LONG'}, {'WITHDRAW_D_GAP_LONG'}, {'WITHDRAW_D_GAP_MED'}, {'WITHDRAW_D_GAP_LONG'}, {'WITHDRAW_D_GAP_SHORT'}]",0.4626033821174945,1073,0.8376335325004526,0.904040404040404,3600
"[{'OTHER_B_GAP_LONG'}, {'WITHDRAW_B_GAP_LONG'}, {'WITHDRAW_B_GAP_LONG'}]",0.4616464066550804,1284,0.8713796735123749,0.904040404040404,3600
"[{'OTHER_A_GAP_SHORT'}, {'WITHDRAW_B_GAP_LONG'}, {'OTHER_A_GAP_MED'}, {'WITHDRAW_C_GAP_MED'}, {'WITHDRAW_A_GAP_SHORT'}]",0.4611631105348426,1552,0.8436681937172775,0.904040404040404,3600
"[{'OTHER_A_GAP_MED'}, {'OTHER_A_GAP_LONG'}, {'WITHDRAW_C_GAP_LONG'}, {'WITHDRAW_B_GAP_LONG'}, {'OTHER_A_GAP_SHORT'}, {'WITHDRAW_D_GAP_LONG'}]",0.45900500371994346,561,0.8162705667276051,0.904040404040404,3600
"[{'WITHDRAW_C_GAP_MED'}, {'WITHDRAW_D_GAP_MED'}, {'WITHDRAW_C_GAP_LONG'}, {'WITHDRAW_B_GAP_LONG'}, {'OTHER_A_GAP_SHORT'}]",0.4589423122197853,1113,0.8387406244549103,0.904040404040404,3600
"[{'WITHDRAW_C_GAP_LONG'}, {'OTHER_A_GAP_LONG'}, {'OTHER_A_GAP_LONG'}, {'WITHDRAW_B_GAP_MED'}, {'WITHDRAW_C_GAP_MED'}, {'OTHER_D_GAP_MED'}]",0.45858025272939074,845,0.8248690044336962,0.904040404040404,3600
"[{'OTHER_B_GAP_LONG'}, {'WITHDRAW_C_GAP_LONG'}, {'OTHER_A_GAP_SHORT'}, {'OTHER_A_GAP_SHORT', 'WITHDRAW_A_GAP_LONG'}, {'WITHDRAW_D_GAP_MED'}, {'OTHER_D_GAP_SHORT'}]",0.4577166796149066,240,0.7957446808510639,0.904040404040404,3600
"[{'WITHDRAW_A_GAP_SHORT'}, {'WITHDRAW_C_GAP_MED'}, {'WITHDRAW_D_GAP_MED'}, {'WITHDRAW_A_GAP_SHORT'}]",0.4572349688087576,1791,0.8569807037457434,0.904040404040404,3600
"[{'WITHDRAW_C_GAP_LONG'}, {'OTHER_A_GAP_MED'}, {'WITHDRAW_B_GAP_SHORT'}, {'WITHDRAW_C_GAP_MED'}, {'WITHDRAW_A_GAP_SHORT'}, {'WITHDRAW_A_GAP_SHORT'}]",0.45694036028891805,1139,0.8307620383356709,0.904040404040404,3600
"[{'OTHER_C_GAP_LONG'}, {'OTHER_A_GAP_LONG'}, {'OTHER_A_GAP_LONG'}, {'WITHDRAW_B_GAP_MED'}, {'OTHER_A_GAP_SHORT'}]",0.455377170519789,739,0.8322470262343165,0.904040404040404,3600
"[{'WITHDRAW_D_GAP_LONG'}, {'OTHER_A_GAP_MED'}, {'WITHDRAW_B_GAP_LONG'}, {'WITHDRAW_B_GAP_MED'}, {'WITHDRAW_A_GAP_SHORT'}]",0.45516017528078667,1195,0.8404045828857859,0.904040404040404,3600
"[{'OTHER_D_GAP_LONG'}, {'OTHER_A_GAP_LONG'}, {'WITHDRAW_B_GAP_LONG'}, {'WITHDRAW_B_GAP_LONG'}]",0.45317859183692366,1474,0.8552779864763336,0.904040404040404,3600
"[{'WITHDRAW_D_GAP_MED'}, {'WITHDRAW_C_GAP_MED'}, {'WITHDRAW_D_GAP_SHORT'}, {'WITHDRAW_D_GAP_MED'}, {'WITHDRAW_C_GAP_MED'}, {'WITHDRAW_B_GAP_SHORT'}]",0.4515035403099604,1142,0.8314722911497104,0.904040404040404,3600
"[{'WITHDRAW_D_GAP_MED'}, {'WITHDRAW_D_GAP_SHORT'}, {'WITHDRAW_A_GAP_SHORT'}, {'WITHDRAW_D_GAP_LONG'}, {'OTHER_A_GAP_MED'}, {'WITHDRAW_A_GAP_SHORT'}]",0.4514672418850608,821,0.8252360905677552,0.904040404040404,3600
"[{'OTHER_A_GAP_SHORT'}, {'OTHER_B_GAP_LONG'}, {'OTHER_B_GAP_LONG'}, {'WITHDRAW_B_GAP_LONG'}]",0.449092819572815,771,0.8474770642201834,0.904040404040404,3600
"[{'OTHER_A_GAP_SHORT'}, {'OTHER_A_GAP_SHORT'}, {'WITHDRAW_C_GAP_MED'}, {'WITHDRAW_C_GAP_SHORT'}, {'WITHDRAW_C_GAP_MED'}]",0.4483736247539756,1579,0.8455562728642134,0.904040404040404,3600
"[{'OTHER_D_GAP_LONG'}, {'WITHDRAW_B_GAP_SHORT'}, {'WITHDRAW_B_GAP_LONG'}, {'OTHER_A_GAP_LONG'}]",0.4481144007289406,1406,0.8555269039023551,0.904040404040404,3600
"[{'OTHER_A_GAP_SHORT'}, {'OTHER_A_GAP_LONG'}, {'WITHDRAW_C_GAP_LONG'}]",0.447594204457608,2098,0.8785367604600715,0.904040404040404,3600
"[{'WITHDRAW_C_GAP_LONG'}, {'OTHER_A_GAP_LONG'}, {'WITHDRAW_C_GAP_LONG'}, {'WITHDRAW_A_GAP_SHORT'}]",0.4463372680569324,1218,0.8540591120289107,0.904040404040404,3600
"[{'WITHDRAW_D_GAP_MED'}, {'WITHDRAW_D_GAP_MED'}, {'WITHDRAW_D_GAP_MED'}, {'WITHDRAW_D_GAP_MED'}, {'WITHDRAW_D_GAP_MED'}, {'WITHDRAW_D_GAP_MED'}]",0.4451463016463817,1523,0.8372394707255904,0.904040404040404,3600
"[{'OTHER_A_GAP_SHORT'}, {'OTHER_D_GAP_LONG'}, {'OTHER_A_GAP_LONG'}, {'WITHDRAW_B_GAP_MED'}, {'WITHDRAW_D_GAP_SHORT'}, {'OTHER_A_GAP_SHORT'}]",0.44460154808670593,921,0.8283597883597884,0.904040404040404,3600
"[{'OTHER_A_GAP_LONG'}, {'WITHDRAW_C_GAP_MED'}, {'OTHER_A_GAP_SHORT'}]",0.4437162006434707,2288,0.8800779412752806,0.904040404040404,3600
"[{'WITHDRAW_C_GAP_LONG'}, {'OTHER_A_GAP_LONG'}, {'OTHER_A_GAP_LONG'}, {'OTHER_A_GAP_LONG'}, {'WITHDRAW_B_GAP_LONG'}]",0.443695393158861,1245,0.8426204172748346,0.904040404040404,3600
"[{'WITHDRAW_C_GAP_MED'}, {'WITHDRAW_C_GAP_MED'}, {'WITHDRAW_B_GAP_MED'}]",0.44272957434817206,2465,0.8807750417472897,0.904040404040404,3600
"[{'WITHDRAW_D_GAP_LONG'}, {'WITHDRAW_D_GAP_LONG'}, {'WITHDRAW_B_GAP_MED'}, {'WITHDRAW_D_GAP_MED'}, {'WITHDRAW_D_GAP_LONG'}, {'WITHDRAW_C_GAP_LONG'}]",0.44247392705251554,942,0.8290620031796502,0.904040404040404,3600
"[{'OTHER_A_GAP_LONG'}, {'WITHDRAW_C_GAP_MED'}, {'WITHDRAW_C_GAP_MED'}, {'WITHDRAW_C_GAP_MED'}]",0.44180098531986345,2043,0.8608124067628045,0.904040404040404,3600
"[{'OTHER_A_GAP_SHORT'}, {'OTHER_A_GAP_SHORT'}, {'OTHER_A_GAP_MED'}]",0.44073245258632043,2171,0.8805660195112528,0.904040404040404,3600
"[{'OTHER_D_GAP_LONG'}, {'OTHER_A_GAP_LONG'}, {'WITHDRAW_B_GAP_LONG'}, {'OTHER_A_GAP_LONG'}]",0.438575107732734,1477,0.8577007185254608,0.904040404040404,3600
"[{'WITHDRAW_C_GAP_MED'}, {'WITHDRAW_A_GAP_SHORT'}, {'WITHDRAW_A_GAP_SHORT'}]",0.43753204333511786,2593,0.8824416396738524,0.904040404040404,3600
"[{'OTHER_A_GAP_SHORT'}, {'WITHDRAW_C_GAP_SHORT'}, {'WITHDRAW_B_GAP_MED'}, {'WITHDRAW_C_GAP_MED'}]",0.4358731881451421,2013,0.8615755931347804,0.904040404040404,3600
"[{'OTHER_A_GAP_MED'}, {'OTHER_A_GAP_SHORT'}, {'WITHDRAW_B_GAP_LONG'}]",0.4350326506888468,1941,0.8815647092771606,0.904040404040404,3600
"[{'OTHER_A_GAP_SHORT'}, {'OTHER_A_GAP_LONG'}, {'WITHDRAW_B_GAP_LONG'}, {'WITHDRAW_C_GAP_LONG'}]",0.4346463660881309,1813,0.8606487695749441,0.904040404040404,3600
"[{'OTHER_A_GAP_SHORT'}, {'OTHER_A_GAP_SHORT'}, {'WITHDRAW_C_GAP_LONG'}]",0.43400512499109034,2176,0.8825024437927664,0.904040404040404,3600
"[{'OTHER_D_GAP_LONG'}, {'OTHER_A_GAP_LONG'}, {'OTHER_A_GAP_LONG'}, {'OTHER_A_GAP_SHORT'}, {'WITHDRAW_C_GAP_MED'}, {'WITHDRAW_C_GAP_LONG'}]",0.43278945500055577,866,0.8287688895765639,0.904040404040404,3600
"[{'OTHER_A_GAP_SHORT'}, {'WITHDRAW_B_GAP_LONG'}, {'WITHDRAW_C_GAP_LONG'}, {'WITHDRAW_A_GAP_SHORT'}]",0.43184180712680775,2025,0.8622772924924,0.904040404040404,3600
"[{'OTHER_A_GAP_SHORT'}, {'WITHDRAW_C_GAP_SHORT'}, {'WITHDRAW_A_GAP_SHORT'}, {'WITHDRAW_C_GAP_MED'}]",0.43058937671385733,1953,0.8620998178032275,0.904040404040404,3600
"[{'OTHER_A_GAP_SHORT'}, {'OTHER_B_GAP_LONG'}, {'OTHER_B_GAP_LONG'}, {'WITHDRAW_B_GAP_LONG'}, {'OTHER_B_GAP_LONG'}]",0.42981717746731296,499,0.8293010752688172,0.904040404040404,3600
"[{'OTHER_A_GAP_SHORT'}, {'WITHDRAW_D_GAP_MED'}, {'WITHDRAW_B_GAP_MED'}, {'OTHER_A_GAP_SHORT'}, {'OTHER_D_GAP_MED'}, {'OTHER_D_GAP_MED'}]",0.4296311842990179,1309,0.8365420560747663,0.904040404040404,3600
"[{'OTHER_A_GAP_SHORT'}, {'OTHER_D_GAP_LONG'}, {'WITHDRAW_B_GAP_LONG'}, {'WITHDRAW_B_GAP_LONG'}, {'OTHER_A_GAP_LONG'}, {'OTHER_A_GAP_LONG'}]",0.42930975247412806,894,0.8298343282580991,0.904040404040404,3600
"[{'OTHER_D_GAP_LONG'}, {'WITHDRAW_A_GAP_LONG'}, {'WITHDRAW_B_GAP_LONG'}]",0.4289822829837776,1322,0.8814072787494447,0.904040404040404,3600
"[{'OTHER_A_GAP_LONG'}, {'WITHDRAW_D_GAP_MED'}, {'WITHDRAW_C_GAP_LONG'}, {'WITHDRAW_A_GAP_SHORT'}, {'WITHDRAW_A_GAP_SHORT'}, {'WITHDRAW_A_GAP_SHORT'}]",0.42842301350798984,1341,0.837096072244587,0.904040404040404,3600
"[{'WITHDRAW_B_GAP_LONG'}, {'WITHDRAW_D_GAP_MED'}, {'WITHDRAW_A_GAP_LONG'}]",0.42830098564133445,1434,0.8821074964639322,0.904040404040404,3600
"[{'WITHDRAW_C_GAP_MED'}, {'WITHDRAW_B_GAP_MED'}, {'WITHDRAW_A_GAP_SHORT'}]",0.42791873829963234,2669,0.8853811149032992,0.904040404040404,3600
"[{'OTHER_A_GAP_LONG'}, {'OTHER_A_GAP_LONG'}, {'OTHER_B_GAP_LONG'}, {'WITHDRAW_B_GAP_LONG'}]",0.4278268604091571,893,0.853583916083916,0.904040404040404,3600
"[{'OTHER_A_GAP_SHORT'}, {'WITHDRAW_C_GAP_MED'}, {'WITHDRAW_D_GAP_SHORT'}, {'WITHDRAW_C_GAP_LONG'}, {'WITHDRAW_A_GAP_SHORT'}, {'WITHDRAW_C_GAP_MED'}]",0.42752154433804135,1090,0.8336525821596243,0.904040404040404,3600
"[{'WITHDRAW_C_GAP_SHORT'}, {'WITHDRAW_C_GAP_MED'}, {'WITHDRAW_A_GAP_SHORT'}, {'WITHDRAW_A_GAP_SHORT'}]",0.4267296022485102,1857,0.8622054199201498,0.904040404040404,3600
"[{'OTHER_A_GAP_MED'}, {'WITHDRAW_B_GAP_MED'}, {'OTHER_A_GAP_SHORT'}]",0.42604480580663506,2095,0.8848462115528881,0.904040404040404,3600
"[{'WITHDRAW_A_GAP_SHORT'}, {'WITHDRAW_A_GAP_SHORT'}, {'WITHDRAW_C_GAP_MED'}]",0.42480530089242974,2541,0.8861582330481853,0.904040404040404,3600
"[{'OTHER_D_GAP_LONG'}, {'OTHER_A_GAP_LONG'}, {'WITHDRAW_B_GAP_SHORT'}, {'WITHDRAW_A_GAP_SHORT'}, {'WITHDRAW_B_GAP_MED'}]",0.4246967243282047,1423,0.847238912732475,0.904040404040404,3600
"[{'WITHDRAW_A_GAP_SHORT'}, {'WITHDRAW_D_GAP_MED'}, {'WITHDRAW_C_GAP_MED'}, {'WITHDRAW_C_GAP_MED'}, {'WITHDRAW_C_GAP_MED'}, {'WITHDRAW_C_GAP_MED'}]",0.42421404124170325,1446,0.8388533326843988,0.904040404040404,3600
"[{'OTHER_A_GAP_SHORT'}, {'WITHDRAW_C_GAP_LONG'}, {'OTHER_A_GAP_LONG'}]",0.42369607484804606,2236,0.8859625264430341,0.904040404040404,3600
"[{'OTHER_A_GAP_LONG'}, {'WITHDRAW_B_GAP_MED'}, {'OTHER_A_GAP_SHORT'}, {'OTHER_A_GAP_SHORT'}, {'WITHDRAW_D_GAP_SHORT'}]",0.423583178413684,1289,0.845977011494253,0.904040404040404,3600
"[{'OTHER_A_GAP_MED'}, {'OTHER_A_GAP_SHORT'}, {'WITHDRAW_C_GAP_MED'}, {'WITHDRAW_A_GAP_SHORT'}]",0.42308471768120126,1626,0.8614243943191311,0.904040404040404,3600
"[{'OTHER_A_GAP_LONG'}, {'OTHER_A_GAP_LONG'}, {'WITHDRAW_B_GAP_MED'}, {'OTHER_B_GAP_MED'}]",0.4224706049049225,1256,0.8586974110032363,0.904040404040404,3600
"[{'OTHER_A_GAP_SHORT'}, {'WITHDRAW_A_GAP_SHORT'}, {'WITHDRAW_C_GAP_MED'}]",0.4224588169716249,2626,0.8870969626850845,0.904040404040404,3600
"[{'OTHER_A_GAP_SHORT'}, {'OTHER_A_GAP_LONG'}, {'WITHDRAW_C_GAP_MED'}]",0.4219466005517013,2380,0.886857496998102,0.904040404040404,3600
"[{'OTHER_D_GAP_LONG'}, {'OTHER_A_GAP_LONG'}, {'WITHDRAW_B_GAP_LONG'}, {'WITHDRAW_A_GAP_SHORT'}, {'WITHDRAW_B_GAP_LONG'}]",0.42169920102143144,1324,0.8466345482474515,0.904040404040404,3600
"[{'WITHDRAW_D_GAP_LONG'}, {'WITHDRAW_C_GAP_LONG'}, {'WITHDRAW_A_GAP_LONG'}]",0.42167803714897056,1146,0.8835286975201979,0.904040404040404,3600
"[{'OTHER_A_GAP_LONG'}, {'OTHER_A_GAP_LONG'}, {'OTHER_B_GAP_LONG'}, {'WITHDRAW_B_GAP_LONG'}, {'OTHER_C_GAP_LONG'}, {'OTHER_B_GAP_LONG'}]",0.4212294987963888,233,0.8017241379310345,0.904040404040404,3600
"[{'WITHDRAW_C_GAP_SHORT'}, {'OTHER_A_GAP_SHORT'}, {'WITHDRAW_B_GAP_MED'}, {'WITHDRAW_C_GAP_SHORT'}, {'WITHDRAW_C_GAP_MED'}, {'OTHER_A_GAP_SHORT'}]",0.42119890571783514,1174,0.8357528285465623,0.904040404040404,3600
"[{'OTHER_A_GAP_SHORT'}, {'WITHDRAW_B_GAP_LONG'}, {'WITHDRAW_B_GAP_MED'}, {'WITHDRAW_B_GAP_MED'}, {'WITHDRAW_D_GAP_MED'}]",0.42093725662925086,1869,0.8514754372052256,0.904040404040404,3600
"[{'OTHER_A_GAP_SHORT'}, {'WITHDRAW_B_GAP_LONG'}, {'WITHDRAW_C_GAP_LONG'}, {'OTHER_A_GAP_LONG'}]",0.4200099035590463,1919,0.8636718033388369,0.904040404040404,3600
"[{'WITHDRAW_B_GAP_MED'}, {'WITHDRAW_B_GAP_MED'}, {'WITHDRAW_C_GAP_MED'}, {'WITHDRAW_C_GAP_MED'}, {'WITHDRAW_A_GAP_SHORT'}, {'OTHER_A_GAP_MED'}]",0.4180745228488876,1522,0.8404206088029618,0.904040404040404,3600
"[{'OTHER_A_GAP_LONG'}, {'OTHER_A_GAP_MED'}, {'OTHER_A_GAP_LONG'}]",0.41619063476311013,2195,0.8887522208555418,0.904040404040404,3600
"[{'OTHER_A_GAP_SHORT'}, {'WITHDRAW_C_GAP_MED'}, {'OTHER_A_GAP_LONG'}]",0.41612411915183234,2496,0.8892625793365176,0.904040404040404,3600
"[{'OTHER_A_GAP_SHORT'}, {'OTHER_A_GAP_MED'}, {'OTHER_A_GAP_LONG'}]",0.415634742162433,2293,0.8891503379823735,0.904040404040404,3600
"[{'WITHDRAW_C_GAP_MED'}, {'WITHDRAW_C_GAP_MED'}, {'OTHER_A_GAP_SHORT'}, {'WITHDRAW_C_GAP_MED'}, {'WITHDRAW_C_GAP_MED'}]",0.41535469327393626,1699,0.8509673065386923,0.904040404040404,3600
"[{'OTHER_A_GAP_SHORT'}, {'WITHDRAW_C_GAP_MED'}, {'WITHDRAW_B_GAP_MED'}, {'WITHDRAW_B_GAP_SHORT'}, {'WITHDRAW_A_GAP_SHORT'}, {'WITHDRAW_D_GAP_MED'}]",0.41498538288922227,1659,0.8421432950862748,0.904040404040404,3600
"[{'OTHER_A_GAP_LONG'}, {'WITHDRAW_C_GAP_LONG'}, {'OTHER_A_GAP_LONG'}, {'OTHER_A_GAP_LONG'}]",0.4149653592084164,1604,0.8627257799671593,0.904040404040404,3600
"[{'WITHDRAW_D_GAP_MED'}, {'WITHDRAW_B_GAP_MED'}, {'WITHDRAW_B_GAP_MED'}, {'WITHDRAW_B_GAP_MED'}, {'WITHDRAW_B_GAP_MED'}]",0.41467151245931433,2088,0.8537225452196383,0.904040404040404,3600
"[{'OTHER_A_GAP_MED'}, {'OTHER_A_GAP_MED'}, {'OTHER_A_GAP_MED'}]",0.4143197554291306,2036,0.889282157085942,0.904040404040404,3600
"[{'OTHER_B_GAP_MED'}, {'WITHDRAW_C_GAP_MED'}, {'OTHER_A_GAP_MED'}, {'OTHER_A_GAP_MED'}, {'OTHER_A_GAP_MED'}]",0.4139890398751187,687,0.8377202292506898,0.904040404040404,3600
"[{'OTHER_A_GAP_LONG'}, {'WITHDRAW_B_GAP_LONG'}, {'WITHDRAW_C_GAP_LONG'}, {'WITHDRAW_A_GAP_SHORT'}]",0.4139885839778715,1855,0.8643715846994535,0.904040404040404,3600
"[{'OTHER_A_GAP_LONG'}, {'OTHER_A_GAP_LONG'}, {'OTHER_A_GAP_MED'}]",0.4135836259020652,2385,0.8901769285208776,0.904040404040404,3600
"[{'OTHER_A_GAP_SHORT'}, {'WITHDRAW_A_GAP_LONG'}, {'WITHDRAW_D_GAP_LONG'}]",0.41335744598979207,1387,0.8882801720639559,0.904040404040404,3600
"[{'OTHER_A_GAP_LONG'}, {'WITHDRAW_D_GAP_MED'}, {'WITHDRAW_A_GAP_SHORT'}, {'WITHDRAW_A_GAP_SHORT'}]",0.41269517389835275,1982,0.8652469370546123,0.904040404040404,3600
"[{'OTHER_B_GAP_LONG'}, {'WITHDRAW_B_GAP_LONG'}, {'WITHDRAW_B_GAP_LONG'}, {'OTHER_A_GAP_LONG'}, {'OTHER_A_GAP_LONG', 'WITHDRAW_A_GAP_SHORT'}]",0.41147329931830556,592,0.8356582967981931,0.904040404040404,3600
"[{'OTHER_B_GAP_LONG'}, {'OTHER_A_GAP_LONG'}, {'OTHER_A_GAP_LONG'}, {'OTHER_A_GAP_LONG'}, {'OTHER_A_GAP_LONG'}, {'OTHER_A_GAP_LONG'}]",0.41096421900111113,879,0.8320538818076477,0.904040404040404,3600
"[{'OTHER_A_GAP_SHORT'}, {'WITHDRAW_D_GAP_MED'}, {'WITHDRAW_A_GAP_SHORT'}, {'WITHDRAW_B_GAP_SHORT'}, {'WITHDRAW_A_GAP_SHORT'}, {'WITHDRAW_D_GAP_MED'}]",0.41047019947943375,1545,0.841581128166494,0.904040404040404,3600
"[{'WITHDRAW_B_GAP_MED'}, {'WITHDRAW_B_GAP_SHORT'}, {'WITHDRAW_C_GAP_MED'}]",0.4103765758239952,2633,0.891981351981352,0.904040404040404,3600
"[{'OTHER_A_GAP_SHORT'}, {'WITHDRAW_B_GAP_MED'}, {'OTHER_A_GAP_SHORT'}, {'WITHDRAW_C_GAP_MED'}, {'WITHDRAW_D_GAP_MED'}]",0.4098324878681072,1701,0.8517454617993216,0.904040404040404,3600
"[{'OTHER_A_GAP_SHORT'}, {'WITHDRAW_B_GAP_LONG'}, {'OTHER_A_GAP_LONG'}, {'WITHDRAW_C_GAP_LONG'}, {'OTHER_A_GAP_LONG'}]",0.4090608941742424,1316,0.848395081767642,0.904040404040404,3600
"[{'OTHER_A_GAP_LONG'}, {'OTHER_A_GAP_SHORT'}, {'OTHER_A_GAP_SHORT'}]",0.408631569719238,2438,0.8926421650190859,0.904040404040404,3600
"[{'OTHER_A_GAP_LONG'}, {'WITHDRAW_C_GAP_MED'}, {'OTHER_A_GAP_SHORT', 'WITHDRAW_A_GAP_LONG'}, {'WITHDRAW_C_GAP_SHORT'}, {'OTHER_A_GAP_SHORT'}, {'WITHDRAW_A_GAP_LONG'}]",0.40857656490609207,782,0.8302648578811369,0.904040404040404,3600
"[{'OTHER_A_GAP_LONG'}, {'WITHDRAW_B_GAP_LONG'}, {'OTHER_A_GAP_LONG', 'WITHDRAW_A_GAP_SHORT'}]",0.408183655249336,1754,0.8919261822376009,0.904040404040404,3600
"[{'WITHDRAW_C_GAP_LONG'}, {'WITHDRAW_A_GAP_SHORT'}, {'WITHDRAW_A_GAP_SHORT'}, {'OTHER_A_GAP_SHORT'}]",0.407793716489944,1848,0.8654382104877154,0.904040404040404,3600
"[{'OTHER_D_GAP_LONG'}, {'WITHDRAW_A_GAP_SHORT'}, {'WITHDRAW_B_GAP_MED'}, {'WITHDRAW_A_GAP_SHORT'}, {'WITHDRAW_A_GAP_SHORT'}]",0.40726906300295784,1575,0.8510942838673932,0.904040404040404,3600
"[{'WITHDRAW_C_GAP_LONG'}, {'OTHER_A_GAP_SHORT'}, {'WITHDRAW_D_GAP_LONG'}, {'OTHER_A_GAP_LONG'}]",0.40649036607694233,1204,0.8613368865200978,0.904040404040404,3600
"[{'WITHDRAW_C_GAP_LONG'}, {'OTHER_A_GAP_SHORT'}, {'OTHER_A_GAP_SHORT'}, {'OTHER_A_GAP_SHORT'}, {'WITHDRAW_C_GAP_MED'}]",0.4056785654882029,1480,0.8504954965659831,0.904040404040404,3600
"[{'WITHDRAW_C_GAP_SHORT'}, {'WITHDRAW_B_GAP_SHORT'}, {'WITHDRAW_C_GAP_MED'}, {'OTHER_A_GAP_LONG'}]",0.40442770984430776,1708,0.8652959872864521,0.904040404040404,3600
"[{'WITHDRAW_C_GAP_LONG'}, {'WITHDRAW_C_GAP_MED'}, {'WITHDRAW_A_GAP_SHORT'}, {'WITHDRAW_B_GAP_MED'}, {'OTHER_A_GAP_LONG'}]",0.40442469610867293,1616,0.8518384131591679,0.904040404040404,3600
"[{'WITHDRAW_B_GAP_LONG'}, {'OTHER_A_GAP_SHORT'}, {'WITHDRAW_B_GAP_MED'}, {'WITHDRAW_D_GAP_MED'}]",0.4021705621578834,1752,0.8659640995946729,0.904040404040404,3600
"[{'OTHER_A_GAP_MED'}, {'WITHDRAW_C_GAP_MED'}, {'OTHER_A_GAP_SHORT'}, {'OTHER_A_GAP_SHORT'}, {'OTHER_A_GAP_SHORT'}]",0.40056424756578024,1291,0.8494111623143881,0.904040404040404,3600
"[{'OTHER_A_GAP_LONG'}, {'OTHER_A_GAP_SHORT'}, {'OTHER_D_GAP_MED'}, {'OTHER_D_GAP_SHORT'}, {'OTHER_D_GAP_MED'}]",0.39919301656830064,1109,0.8475140056022409,0.904040404040404,3600
"[{'OTHER_A_GAP_SHORT'}, {'WITHDRAW_B_GAP_LONG'}, {'WITHDRAW_D_GAP_SHORT'}, {'OTHER_A_GAP_SHORT'}, {'OTHER_A_GAP_LONG'}]",0.39707558609056404,1218,0.8491540840458431,0.904040404040404,3600
"[{'OTHER_A_GAP_SHORT'}, {'WITHDRAW_D_GAP_SHORT'}, {'WITHDRAW_A_GAP_SHORT'}, {'WITHDRAW_A_GAP_SHORT'}, {'WITHDRAW_A_GAP_SHORT'}]",0.3959506179953718,1683,0.8535793506755395,0.904040404040404,3600
"[{'OTHER_A_GAP_SHORT'}, {'WITHDRAW_A_GAP_SHORT'}, {'WITHDRAW_A_GAP_SHORT'}, {'WITHDRAW_D_GAP_MED'}, {'WITHDRAW_A_GAP_SHORT'}]",0.39581105752877155,1843,0.8547318948942535,0.904040404040404,3600
"[{'WITHDRAW_C_GAP_LONG'}, {'WITHDRAW_B_GAP_MED'}, {'WITHDRAW_C_GAP_MED'}, {'WITHDRAW_A_GAP_SHORT'}, {'WITHDRAW_B_GAP_MED'}, {'OTHER_A_GAP_LONG'}]",0.3957890937686186,1519,0.8431438127090302,0.904040404040404,3600
"[{'WITHDRAW_A_GAP_SHORT'}, {'WITHDRAW_C_GAP_MED'}, {'WITHDRAW_B_GAP_LONG'}, {'WITHDRAW_C_GAP_MED'}]",0.39550379720502327,1911,0.8680309821498782,0.904040404040404,3600
"[{'OTHER_A_GAP_SHORT'}, {'OTHER_A_GAP_LONG'}, {'OTHER_A_GAP_LONG'}, {'WITHDRAW_D_GAP_MED'}]",0.39483740528763156,1855,0.8678904109589041,0.904040404040404,3600
"[{'WITHDRAW_A_GAP_SHORT'}, {'WITHDRAW_A_GAP_SHORT'}, {'WITHDRAW_C_GAP_MED'}, {'WITHDRAW_A_GAP_SHORT'}, {'WITHDRAW_A_GAP_SHORT'}, {'WITHDRAW_D_GAP_MED'}]",0.3947855582121973,1579,0.8438564981118172,0.904040404040404,3600
"[{'WITHDRAW_C_GAP_SHORT'}, {'WITHDRAW_C_GAP_MED'}, {'WITHDRAW_C_GAP_MED'}, {'WITHDRAW_C_GAP_SHORT'}, {'WITHDRAW_C_GAP_LONG'}]",0.3940576805730728,1155,0.8489015209709634,0.904040404040404,3600
"[{'OTHER_D_GAP_LONG'}, {'OTHER_A_GAP_LONG'}, {'OTHER_A_GAP_LONG'}, {'WITHDRAW_B_GAP_LONG'}, {'OTHER_A_GAP_LONG'}]",0.3924581632735088,1365,0.8514030612244898,0.904040404040404,3600
"[{'OTHER_D_GAP_LONG'}, {'OTHER_A_GAP_LONG'}, {'OTHER_A_GAP_LONG'}, {'OTHER_A_GAP_LONG'}, {'OTHER_A_GAP_LONG'}]",0.3917048231298428,1481,0.8525795012582933,0.904040404040404,3600
"[{'WITHDRAW_A_GAP_SHORT'}, {'WITHDRAW_D_GAP_MED'}, {'WITHDRAW_A_GAP_SHORT'}, {'WITHDRAW_A_GAP_SHORT'}, {'WITHDRAW_A_GAP_SHORT'}]",0.39162413378425465,1824,0.8552025269416574,0.904040404040404,3600
"[{'OTHER_D_GAP_LONG'}, {'OTHER_A_GAP_LONG'}, {'OTHER_A_GAP_LONG'}, {'OTHER_A_GAP_LONG'}, {'WITHDRAW_B_GAP_LONG'}]",0.3901722652077847,1405,0.8521330441070136,0.904040404040404,3600
"[{'OTHER_A_GAP_LONG'}, {'WITHDRAW_C_GAP_LONG'}, {'WITHDRAW_B_GAP_LONG'}, {'WITHDRAW_A_GAP_SHORT'}]",0.3893289579777752,1883,0.8690989603388525,0.904040404040404,3600
"[{'OTHER_D_GAP_LONG'}, {'OTHER_A_GAP_LONG'}, {'OTHER_A_GAP_LONG'}, {'WITHDRAW_D_GAP_MED'}, {'OTHER_A_GAP_LONG'}, {'OTHER_A_GAP_LONG'}]",0.38863149971428157,1090,0.8388661899897856,0.904040404040404,3600
"[{'OTHER_A_GAP_SHORT'}, {'WITHDRAW_D_GAP_MED'}, {'WITHDRAW_D_GAP_LONG'}, {'WITHDRAW_C_GAP_MED'}, {'WITHDRAW_D_GAP_MED'}, {'WITHDRAW_C_GAP_MED'}]",0.3882915721446284,1218,0.8406965382467895,0.904040404040404,3600
"[{'OTHER_A_GAP_MED'}, {'OTHER_B_GAP_LONG'}, {'OTHER_A_GAP_SHORT'}, {'WITHDRAW_A_GAP_SHORT'}, {'WITHDRAW_A_GAP_SHORT'}, {'WITHDRAW_A_GAP_SHORT'}]",0.3880902636018996,605,0.8286197727822093,0.904040404040404,3600
"[{'WITHDRAW_B_GAP_LONG'}, {'OTHER_A_GAP_SHORT', 'WITHDRAW_A_GAP_SHORT'}, {'OTHER_A_GAP_SHORT'}, {'WITHDRAW_C_GAP_MED'}, {'OTHER_A_GAP_SHORT'}]",0.3854971480895246,1415,0.8529496402877698,0.904040404040404,3600
"[{'OTHER_A_GAP_SHORT'}, {'WITHDRAW_A_GAP_SHORT'}, {'WITHDRAW_C_GAP_MED'}, {'WITHDRAW_C_GAP_MED'}]",0.3837666228230492,2224,0.8715959227141336,0.904040404040404,3600
"[{'OTHER_A_GAP_SHORT'}, {'WITHDRAW_C_GAP_MED'}, {'WITHDRAW_A_GAP_SHORT'}, {'WITHDRAW_C_GAP_MED'}]",0.38356688934418703,2264,0.8717791994349591,0.904040404040404,3600
"[{'OTHER_D_GAP_LONG'}, {'OTHER_D_GAP_SHORT'}, {'WITHDRAW_A_GAP_MED'}, {'WITHDRAW_C_GAP_MED'}, {'OTHER_D_GAP_SHORT'}, {'WITHDRAW_B_GAP_MED'}]",0.3831148119914324,872,0.835945195665801,0.904040404040404,3600
"[{'OTHER_A_GAP_LONG'}, {'WITHDRAW_D_GAP_MED'}, {'WITHDRAW_A_GAP_SHORT'}, {'WITHDRAW_A_GAP_SHORT'}, {'WITHDRAW_C_GAP_MED'}, {'WITHDRAW_B_GAP_LONG'}]",0.38191125443616036,1484,0.8445784784098699,0.904040404040404,3600
"[{'OTHER_D_GAP_LONG'}, {'OTHER_A_GAP_LONG'}, {'WITHDRAW_B_GAP_LONG'}, {'OTHER_A_GAP_LONG'}, {'OTHER_A_GAP_LONG'}]",0.38148737282489886,1131,0.8506726457399103,0.904040404040404,3600
"[{'WITHDRAW_B_GAP_MED'}, {'WITHDRAW_D_GAP_MED'}, {'OTHER_A_GAP_LONG'}, {'OTHER_A_GAP_LONG'}]",0.38133373235279433,1379,0.8680196801968019,0.904040404040404,3600
"[{'OTHER_D_GAP_LONG'}, {'OTHER_A_GAP_MED'}, {'WITHDRAW_B_GAP_MED'}, {'WITHDRAW_B_GAP_LONG'}, {'WITHDRAW_A_GAP_SHORT'}, {'OTHER_A_GAP_SHORT'}]",0.3785801445481993,988,0.8386975343497083,0.904040404040404,3600
"[{'WITHDRAW_C_GAP_LONG'}, {'OTHER_A_GAP_LONG'}, {'WITHDRAW_C_GAP_LONG'}, {'WITHDRAW_C_GAP_LONG'}]",0.376973572517335,986,0.8659468125235761,0.904040404040404,3600
"[{'OTHER_D_GAP_LONG'}, {'OTHER_A_GAP_LONG'}, {'WITHDRAW_B_GAP_LONG'}, {'OTHER_A_GAP_SHORT'}, {'WITHDRAW_B_GAP_MED'}]",0.3769025969192482,1304,0.8532832222379805,0.904040404040404,3600
"[{'OTHER_A_GAP_SHORT'}, {'OTHER_A_GAP_MED'}, {'WITHDRAW_B_GAP_LONG'}, {'WITHDRAW_B_GAP_LONG'}]",0.3756522846752345,2042,0.872563212692117,0.904040404040404,3600
"[{'WITHDRAW_D_GAP_MED'}, {'WITHDRAW_D_GAP_MED'}, {'WITHDRAW_D_GAP_MED'}, {'WITHDRAW_A_GAP_SHORT'}, {'WITHDRAW_D_GAP_MED'}, {'WITHDRAW_D_GAP_MED'}]",0.37515354065020323,1486,0.8454899267399267,0.904040404040404,3600
"[{'OTHER_D_GAP_LONG'}, {'OTHER_A_GAP_LONG'}, {'WITHDRAW_B_GAP_SHORT'}, {'WITHDRAW_B_GAP_MED'}, {'WITHDRAW_A_GAP_SHORT'}, {'WITHDRAW_B_GAP_MED'}]",0.37456434822181073,1366,0.8443243914555391,0.904040404040404,3600
"[{'OTHER_A_GAP_SHORT'}, {'OTHER_D_GAP_LONG'}, {'OTHER_A_GAP_SHORT'}, {'OTHER_A_GAP_SHORT'}, {'OTHER_A_GAP_SHORT'}, {'WITHDRAW_B_GAP_LONG'}]",0.3734434633089484,1179,0.8422438672438672,0.904040404040404,3600
"[{'OTHER_A_GAP_SHORT'}, {'WITHDRAW_B_GAP_MED'}, {'WITHDRAW_B_GAP_MED'}, {'WITHDRAW_D_GAP_SHORT'}, {'WITHDRAW_B_GAP_LONG'}, {'WITHDRAW_B_GAP_LONG'}]",0.37118354897110073,1292,0.8439548911618148,0.904040404040404,3600
"[{'OTHER_A_GAP_MED'}, {'WITHDRAW_A_GAP_SHORT'}, {'OTHER_A_GAP_SHORT'}, {'OTHER_A_GAP_SHORT'}]",0.37112285199023287,1704,0.8721217105263158,0.904040404040404,3600
"[{'OTHER_D_GAP_LONG'}, {'WITHDRAW_B_GAP_LONG'}, {'OTHER_A_GAP_SHORT'}, {'OTHER_A_GAP_SHORT'}, {'WITHDRAW_B_GAP_LONG'}]",0.37083999089496533,1274,0.853995064817711,0.904040404040404,3600
"[{'WITHDRAW_C_GAP_MED'}, {'WITHDRAW_D_GAP_MED'}, {'WITHDRAW_A_GAP_SHORT'}, {'WITHDRAW_A_GAP_SHORT'}, {'WITHDRAW_B_GAP_MED'}]",0.3706213710315054,1813,0.8582538792297627,0.904040404040404,3600
"[{'OTHER_A_GAP_SHORT'}, {'OTHER_A_GAP_SHORT'}, {'OTHER_A_GAP_SHORT'}, {'WITHDRAW_C_GAP_MED'}]",0.36961825960699357,2238,0.874546279491833,0.904040404040404,3600
"[{'WITHDRAW_A_GAP_SHORT'}, {'WITHDRAW_A_GAP_SHORT'}, {'WITHDRAW_A_GAP_SHORT'}, {'WITHDRAW_A_GAP_SHORT'}, {'WITHDRAW_D_GAP_MED'}, {'OTHER_A_GAP_SHORT'}]",0.3694818515960434,1521,0.8465840806138487,0.904040404040404,3600
"[{'OTHER_A_GAP_LONG'}, {'OTHER_A_GAP_LONG'}, {'WITHDRAW_B_GAP_MED'}, {'WITHDRAW_B_GAP_MED'}, {'OTHER_B_GAP_MED'}]",0.3680221927308518,1202,0.8537443693693694,0.904040404040404,3600
"[{'OTHER_D_GAP_LONG'}, {'WITHDRAW_B_GAP_LONG'}, {'WITHDRAW_B_GAP_LONG'}, {'OTHER_A_GAP_LONG'}, {'OTHER_A_GAP_LONG'}]",0.367425306069615,1011,0.8516280631084256,0.904040404040404,3600
"[{'OTHER_A_GAP_SHORT'}, {'WITHDRAW_C_GAP_MED'}, {'WITHDRAW_C_GAP_MED'}, {'OTHER_A_GAP_SHORT'}, {'WITHDRAW_C_GAP_MED'}, {'OTHER_A_GAP_SHORT'}]",0.3651618377996917,1628,0.8481238719483234,0.904040404040404,3600
"[{'OTHER_A_GAP_SHORT'}, {'WITHDRAW_B_GAP_MED'}, {'WITHDRAW_C_GAP_MED'}, {'WITHDRAW_C_GAP_MED'}]",0.3651164313724239,2347,0.8758675781147692,0.904040404040404,3600
"[{'OTHER_A_GAP_SHORT'}, {'OTHER_A_GAP_LONG'}, {'WITHDRAW_D_GAP_MED'}, {'OTHER_A_GAP_SHORT'}, {'WITHDRAW_C_GAP_MED'}]",0.3649413156933837,1503,0.8569812174700159,0.904040404040404,3600
"[{'OTHER_A_GAP_SHORT'}, {'WITHDRAW_D_GAP_SHORT'}, {'WITHDRAW_C_GAP_MED'}, {'WITHDRAW_D_GAP_MED'}, {'WITHDRAW_D_GAP_MED'}, {'WITHDRAW_D_GAP_MED'}]",0.3649327579427296,1306,0.8449888512437378,0.904040404040404,3600
"[{'OTHER_A_GAP_SHORT'}, {'OTHER_A_GAP_LONG'}, {'OTHER_A_GAP_LONG'}, {'WITHDRAW_C_GAP_LONG'}]",0.36334908526612286,1940,0.8749040139616056,0.904040404040404,3600
"[{'OTHER_A_GAP_LONG'}, {'OTHER_A_GAP_SHORT'}, {'WITHDRAW_C_GAP_LONG'}, {'WITHDRAW_B_GAP_LONG'}]",0.36022528697100853,1686,0.8746297411198073,0.904040404040404,3600
"[{'OTHER_A_GAP_SHORT'}, {'OTHER_A_GAP_LONG'}, {'WITHDRAW_C_GAP_LONG'}, {'WITHDRAW_B_GAP_LONG'}, {'OTHER_A_GAP_LONG'}, {'OTHER_A_GAP_LONG'}]",0.3601172288159189,1160,0.8439138986013986,0.904040404040404,3600
"[{'WITHDRAW_D_GAP_LONG'}, {'WITHDRAW_A_GAP_SHORT'}, {'WITHDRAW_C_GAP_MED'}, {'WITHDRAW_A_GAP_SHORT'}, {'WITHDRAW_A_GAP_SHORT'}, {'WITHDRAW_A_GAP_SHORT'}]",0.3600917864532506,1514,0.8477904633982538,0.904040404040404,3600
"[{'OTHER_A_GAP_MED'}, {'WITHDRAW_C_GAP_LONG'}, {'WITHDRAW_B_GAP_MED'}, {'WITHDRAW_B_GAP_MED'}, {'WITHDRAW_B_GAP_LONG'}, {'WITHDRAW_A_GAP_SHORT'}]",0.3595371955344744,1312,0.8458190402419682,0.904040404040404,3600
"[{'WITHDRAW_C_GAP_MED'}, {'WITHDRAW_B_GAP_LONG'}, {'OTHER_A_GAP_SHORT', 'WITHDRAW_A_GAP_SHORT'}, {'OTHER_A_GAP_SHORT'}]",0.3577310184124797,1704,0.8753323553681122,0.904040404040404,3600
"[{'WITHDRAW_C_GAP_LONG'}, {'OTHER_A_GAP_SHORT'}, {'OTHER_A_GAP_SHORT'}, {'WITHDRAW_D_GAP_MED'}, {'WITHDRAW_B_GAP_MED'}]",0.3569969124124872,1338,0.8569571283612379,0.904040404040404,3600
"[{'OTHER_A_GAP_LONG'}, {'OTHER_A_GAP_LONG'}, {'WITHDRAW_A_GAP_SHORT'}, {'WITHDRAW_D_GAP_MED'}, {'OTHER_A_GAP_LONG'}]",0.35660447427061015,1728,0.8599378945018368,0.904040404040404,3600
"[{'WITHDRAW_C_GAP_SHORT'}, {'WITHDRAW_C_GAP_MED'}, {'WITHDRAW_C_GAP_MED'}, {'OTHER_A_GAP_SHORT'}, {'OTHER_A_GAP_SHORT'}, {'OTHER_A_GAP_SHORT'}]",0.35624828086642135,1327,0.8464527027027027,0.904040404040404,3600
"[{'OTHER_A_GAP_LONG'}, {'WITHDRAW_D_GAP_MED'}, {'OTHER_A_GAP_LONG'}, {'WITHDRAW_B_GAP_MED'}, {'WITHDRAW_D_GAP_MED'}]",0.3560617428743814,1409,0.8577228989376494,0.904040404040404,3600
"[{'OTHER_A_GAP_SHORT'}, {'WITHDRAW_B_GAP_LONG'}, {'OTHER_A_GAP_MED'}, {'WITHDRAW_C_GAP_MED'}, {'WITHDRAW_A_GAP_SHORT'}, {'WITHDRAW_B_GAP_MED'}]",0.3546126268121168,1500,0.8484175279307125,0.904040404040404,3600
"[{'OTHER_D_GAP_LONG'}, {'OTHER_A_GAP_LONG'}, {'OTHER_A_GAP_LONG'}, {'WITHDRAW_B_GAP_LONG'}, {'WITHDRAW_B_GAP_LONG'}]",0.35295194147099596,1340,0.8576843929383732,0.904040404040404,3600
"[{'OTHER_A_GAP_LONG'}, {'OTHER_A_GAP_LONG'}, {'WITHDRAW_C_GAP_MED'}, {'OTHER_A_GAP_SHORT'}]",0.35242064816256824,2131,0.8781956842014039,0.904040404040404,3600
"[{'OTHER_A_GAP_SHORT'}, {'OTHER_D_GAP_LONG'}, {'OTHER_A_GAP_LONG'}, {'WITHDRAW_B_GAP_LONG'}, {'OTHER_A_GAP_LONG'}]",0.3510956990032773,1284,0.8575198883987483,0.904040404040404,3600
"[{'OTHER_A_GAP_SHORT'}, {'OTHER_A_GAP_LONG'}, {'WITHDRAW_C_GAP_LONG'}, {'OTHER_A_GAP_LONG'}]",0.35096002059731446,1902,0.8778311965811966,0.904040404040404,3600
"[{'WITHDRAW_B_GAP_MED'}, {'WITHDRAW_B_GAP_MED'}, {'WITHDRAW_B_GAP_MED'}, {'OTHER_A_GAP_MED'}]",0.34925310711517854,2373,0.8796690979129171,0.904040404040404,3600
"[{'OTHER_A_GAP_SHORT'}, {'WITHDRAW_B_GAP_LONG'}, {'WITHDRAW_B_GAP_SHORT'}, {'WITHDRAW_B_GAP_MED'}, {'OTHER_D_GAP_SHORT'}, {'OTHER_A_GAP_SHORT'}]",0.34891250352871506,1179,0.8458153580672993,0.904040404040404,3600
"[{'OTHER_A_GAP_LONG'}, {'WITHDRAW_C_GAP_MED'}, {'WITHDRAW_C_GAP_MED'}, {'WITHDRAW_A_GAP_SHORT'}, {'WITHDRAW_C_GAP_MED'}]",0.34877922190652866,1892,0.8621968764625332,0.904040404040404,3600
"[{'OTHER_C_GAP_LONG'}, {'WITHDRAW_A_GAP_LONG'}, {'WITHDRAW_B_GAP_LONG'}, {'WITHDRAW_B_GAP_LONG'}]",0.34780667792163045,760,0.8721333333333333,0.904040404040404,3600
"[{'OTHER_A_GAP_SHORT'}, {'WITHDRAW_A_GAP_SHORT'}, {'WITHDRAW_A_GAP_SHORT'}, {'WITHDRAW_D_GAP_MED'}, {'WITHDRAW_A_GAP_SHORT'}, {'OTHER_A_GAP_SHORT'}]",0.34564054703586733,1518,0.8498431899641576,0.904040404040404,3600
"[{'OTHER_A_GAP_SHORT'}, {'WITHDRAW_A_GAP_SHORT'}, {'WITHDRAW_A_GAP_SHORT'}, {'WITHDRAW_A_GAP_SHORT'}, {'WITHDRAW_D_GAP_MED'}, {'WITHDRAW_A_GAP_SHORT'}]",0.34464850860400276,1742,0.8518127486284195,0.904040404040404,3600
"[{'OTHER_A_GAP_SHORT'}, {'OTHER_A_GAP_SHORT'}, {'WITHDRAW_C_GAP_LONG'}, {'OTHER_A_GAP_SHORT'}]",0.34448130751904715,1876,0.8795063756697721,0.904040404040404,3600
"[{'WITHDRAW_C_GAP_LONG'}, {'OTHER_A_GAP_SHORT', 'WITHDRAW_A_GAP_MED'}, {'WITHDRAW_B_GAP_MED'}, {'OTHER_A_GAP_SHORT'}, {'WITHDRAW_D_GAP_MED'}, {'WITHDRAW_B_GAP_MED'}]",0.3438547986710918,745,0.8395918367346938,0.904040404040404,3600
"[{'WITHDRAW_C_GAP_LONG'}, {'OTHER_A_GAP_LONG'}, {'OTHER_A_GAP_LONG'}, {'OTHER_A_GAP_LONG'}, {'OTHER_A_GAP_LONG'}]",0.3437639034543353,1385,0.8597058823529412,0.904040404040404,3600
"[{'OTHER_A_GAP_SHORT'}, {'WITHDRAW_D_GAP_MED'}, {'WITHDRAW_B_GAP_MED'}, {'WITHDRAW_A_GAP_SHORT'}, {'WITHDRAW_C_GAP_MED'}]",0.34288950984214606,1861,0.8630100888420419,0.904040404040404,3600
"[{'OTHER_A_GAP_LONG'}, {'WITHDRAW_A_GAP_SHORT'}, {'OTHER_A_GAP_SHORT'}, {'WITHDRAW_B_GAP_LONG'}, {'WITHDRAW_D_GAP_LONG'}]",0.34234487290020577,1280,0.8590873015873016,0.904040404040404,3600
"[{'OTHER_A_GAP_SHORT'}, {'WITHDRAW_C_GAP_SHORT'}, {'OTHER_A_GAP_SHORT'}, {'OTHER_A_GAP_SHORT'}, {'OTHER_A_GAP_SHORT'}]",0.3415302186143435,1741,0.8625555670422826,0.904040404040404,3600
"[{'OTHER_A_GAP_SHORT'}, {'OTHER_A_GAP_LONG'}, {'OTHER_A_GAP_SHORT'}, {'WITHDRAW_C_GAP_MED'}, {'OTHER_A_GAP_SHORT'}, {'OTHER_A_GAP_MED'}]",0.3413498678003861,1120,0.8462241597524961,0.904040404040404,3600
"[{'OTHER_A_GAP_MED'}, {'WITHDRAW_B_GAP_MED'}, {'OTHER_A_GAP_SHORT'}, {'WITHDRAW_A_GAP_SHORT'}]",0.3406445354296097,1968,0.8808933002481389,0.904040404040404,3600
"[{'OTHER_A_GAP_SHORT'}, {'OTHER_A_GAP_LONG'}, {'OTHER_A_GAP_SHORT'}, {'OTHER_A_GAP_MED'}]",0.3390034745686884,1829,0.8809589910367257,0.904040404040404,3600
"[{'OTHER_A_GAP_SHORT'}, {'WITHDRAW_B_GAP_MED'}, {'WITHDRAW_C_GAP_MED'}, {'WITHDRAW_A_GAP_SHORT'}]",0.3387378898435831,2537,0.8828464665930296,0.904040404040404,3600
"[{'OTHER_A_GAP_SHORT'}, {'WITHDRAW_A_GAP_SHORT'}, {'WITHDRAW_C_GAP_MED'}, {'WITHDRAW_A_GAP_SHORT'}, {'WITHDRAW_C_GAP_MED'}]",0.33871419068905606,2052,0.8646967821782179,0.904040404040404,3600
"[{'OTHER_A_GAP_SHORT'}, {'WITHDRAW_D_GAP_LONG'}, {'WITHDRAW_D_GAP_LONG'}, {'WITHDRAW_A_GAP_SHORT'}, {'OTHER_A_GAP_LONG'}]",0.3384717910867294,1417,0.8609257064437652,0.904040404040404,3600
"[{'OTHER_A_GAP_SHORT'}, {'OTHER_D_GAP_MED'}, {'WITHDRAW_A_GAP_SHORT'}, {'WITHDRAW_C_GAP_LONG'}, {'WITHDRAW_C_GAP_LONG'}, {'WITHDRAW_C_GAP_LONG'}]",0.3373704128981294,924,0.8440265486725663,0.904040404040404,3600
"[{'WITHDRAW_C_GAP_LONG'}, {'WITHDRAW_A_GAP_SHORT'}, {'WITHDRAW_A_GAP_SHORT'}, {'WITHDRAW_A_GAP_SHORT'}, {'WITHDRAW_A_GAP_SHORT'}]",0.33612628118623955,1966,0.8647161790447611,0.904040404040404,3600
"[{'OTHER_B_GAP_SHORT'}, {'OTHER_D_GAP_MED'}, {'OTHER_D_GAP_MED'}, {'OTHER_D_GAP_SHORT'}, {'OTHER_A_GAP_LONG'}]",0.3359750674443316,512,0.8490292142986754,0.904040404040404,3600
"[{'OTHER_A_GAP_SHORT'}, {'OTHER_A_GAP_SHORT'}, {'WITHDRAW_B_GAP_SHORT'}, {'OTHER_A_GAP_MED'}]",0.33545252738961695,1932,0.8823636001232175,0.904040404040404,3600
"[{'OTHER_A_GAP_SHORT'}, {'OTHER_D_GAP_LONG'}, {'WITHDRAW_A_GAP_LONG'}, {'WITHDRAW_B_GAP_LONG'}]",0.3352937629800494,1178,0.8795662968029591,0.904040404040404,3600
"[{'OTHER_A_GAP_MED'}, {'WITHDRAW_B_GAP_MED'}, {'OTHER_A_GAP_SHORT'}, {'WITHDRAW_B_GAP_LONG'}]",0.33503588429512643,1846,0.8822485207100592,0.904040404040404,3600
"[{'WITHDRAW_A_GAP_SHORT'}, {'WITHDRAW_B_GAP_LONG'}, {'WITHDRAW_C_GAP_LONG'}, {'WITHDRAW_A_GAP_SHORT'}, {'OTHER_A_GAP_LONG'}, {'WITHDRAW_B_GAP_MED'}]",0.33465394490363254,1085,0.8468194574368568,0.904040404040404,3600
"[{'OTHER_D_GAP_LONG'}, {'OTHER_A_GAP_LONG'}, {'OTHER_A_GAP_LONG'}, {'OTHER_A_GAP_LONG'}, {'OTHER_A_GAP_LONG'}, {'OTHER_A_GAP_LONG', 'WITHDRAW_A_GAP_SHORT'}]",0.33370612039203373,1005,0.8458672086720868,0.904040404040404,3600
"[{'OTHER_D_GAP_LONG'}, {'OTHER_A_GAP_LONG'}, {'OTHER_A_GAP_LONG'}, {'OTHER_A_GAP_LONG'}, {'WITHDRAW_A_GAP_SHORT'}, {'OTHER_A_GAP_LONG'}]",0.33189131548540884,1304,0.8498116281437735,0.904040404040404,3600
"[{'OTHER_A_GAP_SHORT'}, {'WITHDRAW_A_GAP_SHORT'}, {'WITHDRAW_C_GAP_MED'}, {'OTHER_A_GAP_SHORT'}]",0.33162106374531675,2250,0.8843693642921551,0.904040404040404,3600
"[{'OTHER_A_GAP_SHORT'}, {'WITHDRAW_A_GAP_SHORT'}, {'WITHDRAW_C_GAP_SHORT'}, {'WITHDRAW_B_GAP_MED'}, {'WITHDRAW_C_GAP_MED'}]",0.3312769928063619,1823,0.8648261758691207,0.904040404040404,3600
"[{'OTHER_D_GAP_LONG'}, {'OTHER_A_GAP_LONG'}, {'WITHDRAW_B_GAP_LONG'}, {'WITHDRAW_B_GAP_LONG'}, {'OTHER_A_GAP_LONG'}]",0.33110048676838444,1290,0.8613193092881692,0.904040404040404,3600
"[{'OTHER_A_GAP_SHORT'}, {'OTHER_A_GAP_MED'}, {'WITHDRAW_B_GAP_LONG'}, {'OTHER_A_GAP_LONG'}]",0.3309006357507158,2064,0.8841785188818049,0.904040404040404,3600
"[{'OTHER_A_GAP_LONG'}, {'OTHER_A_GAP_LONG'}, {'WITHDRAW_B_GAP_LONG'}, {'OTHER_A_GAP_MED'}]",0.33033295558770503,2198,0.8846750942559326,0.904040404040404,3600
"[{'WITHDRAW_C_GAP_MED'}, {'WITHDRAW_B_GAP_MED'}, {'WITHDRAW_A_GAP_SHORT'}, {'WITHDRAW_A_GAP_SHORT'}, {'WITHDRAW_B_GAP_MED'}]",0.330123043918524,2407,0.8676514742088512,0.904040404040404,3600
"[{'WITHDRAW_B_GAP_MED'}, {'WITHDRAW_D_GAP_SHORT'}, {'OTHER_A_GAP_SHORT', 'WITHDRAW_A_GAP_SHORT'}, {'OTHER_A_GAP_SHORT', 'WITHDRAW_A_GAP_SHORT'}, {'OTHER_D_GAP_SHORT'}, {'WITHDRAW_A_GAP_MED'}]",0.3297503820484049,543,0.8369428750784683,0.904040404040404,3600
"[{'WITHDRAW_C_GAP_MED'}, {'WITHDRAW_C_GAP_MED'}, {'OTHER_A_GAP_SHORT'}, {'OTHER_A_GAP_SHORT'}, {'OTHER_A_GAP_SHORT'}]",0.3288665172855352,1771,0.8649789029535866,0.904040404040404,3600
"[{'OTHER_A_GAP_SHORT'}, {'WITHDRAW_A_GAP_LONG'}, {'WITHDRAW_D_GAP_LONG'}, {'OTHER_A_GAP_SHORT'}]",0.32850708763105385,1245,0.8824247355573637,0.904040404040404,3600
"[{'WITHDRAW_C_GAP_MED'}, {'WITHDRAW_B_GAP_MED'}, {'OTHER_A_GAP_SHORT'}, {'OTHER_A_GAP_SHORT'}]",0.32828090035075497,2220,0.8854119058500913,0.904040404040404,3600
"[{'WITHDRAW_A_GAP_SHORT'}, {'WITHDRAW_C_GAP_MED'}, {'WITHDRAW_A_GAP_SHORT'}, {'WITHDRAW_A_GAP_SHORT'}]",0.3282160090140197,2377,0.8857492506118857,0.904040404040404,3600
"[{'OTHER_A_GAP_SHORT'}, {'WITHDRAW_B_GAP_MED'}, {'OTHER_A_GAP_MED'}, {'OTHER_A_GAP_LONG'}]",0.3267954049261641,1977,0.8853941120607787,0.904040404040404,3600
"[{'WITHDRAW_C_GAP_MED'}, {'WITHDRAW_A_GAP_SHORT'}, {'OTHER_A_GAP_SHORT'}, {'WITHDRAW_B_GAP_MED'}]",0.3266629905814573,2253,0.8860398860398861,0.904040404040404,3600
"[{'OTHER_A_GAP_LONG'}, {'OTHER_A_GAP_LONG'}, {'WITHDRAW_A_GAP_SHORT'}, {'WITHDRAW_A_GAP_SHORT'}, {'WITHDRAW_D_GAP_LONG'}]",0.32634563327852195,1570,0.8642615395693813,0.904040404040404,3600
"[{'OTHER_A_GAP_SHORT'}, {'WITHDRAW_C_GAP_MED'}, {'WITHDRAW_A_GAP_SHORT'}, {'WITHDRAW_C_GAP_MED'}, {'OTHER_A_GAP_LONG'}]",0.3262016885310619,1954,0.8664049787797963,0.904040404040404,3600
"[{'WITHDRAW_B_GAP_LONG'}, {'WITHDRAW_C_GAP_MED'}, {'WITHDRAW_B_GAP_LONG'}, {'OTHER_A_GAP_SHORT'}]",0.32465502774377675,1947,0.8861170063668762,0.904040404040404,3600
"[{'WITHDRAW_B_GAP_MED'}, {'WITHDRAW_B_GAP_MED'}, {'WITHDRAW_C_GAP_MED'}, {'WITHDRAW_C_GAP_SHORT'}, {'WITHDRAW_B_GAP_MED'}, {'WITHDRAW_B_GAP_LONG'}]",0.32454175589313183,1616,0.8537217336683417,0.904040404040404,3600
"[{'WITHDRAW_B_GAP_LONG'}, {'OTHER_A_GAP_MED'}, {'OTHER_A_GAP_MED'}, {'OTHER_A_GAP_MED'}, {'OTHER_A_GAP_MED'}, {'OTHER_A_GAP_MED'}]",0.32437771562178375,1359,0.8515204242273593,0.904040404040404,3600
"[{'OTHER_B_GAP_LONG'}, {'OTHER_A_GAP_SHORT'}, {'WITHDRAW_B_GAP_MED'}, {'WITHDRAW_B_GAP_MED'}, {'WITHDRAW_A_GAP_SHORT'}, {'OTHER_A_GAP_LONG'}]",0.32421438705346295,882,0.8455542725173211,0.904040404040404,3600
"[{'OTHER_A_GAP_SHORT'}, {'OTHER_D_GAP_LONG'}, {'OTHER_C_GAP_LONG'}, {'WITHDRAW_B_GAP_LONG'}, {'WITHDRAW_A_GAP_LONG'}, {'WITHDRAW_B_GAP_LONG'}]",0.32362188309469697,410,0.8333333333333333,0.904040404040404,3600
"[{'WITHDRAW_B_GAP_LONG'}, {'WITHDRAW_B_GAP_LONG'}, {'WITHDRAW_C_GAP_MED'}, {'OTHER_A_GAP_LONG'}]",0.32291367954734107,2001,0.8869077727196089,0.904040404040404,3600
"[{'OTHER_A_GAP_SHORT'}, {'OTHER_A_GAP_LONG'}, {'WITHDRAW_B_GAP_MED'}, {'WITHDRAW_C_GAP_MED'}]",0.32287245257738617,2287,0.8874861419068736,0.904040404040404,3600
"[{'OTHER_A_GAP_SHORT'}, {'OTHER_A_GAP_SHORT'}, {'WITHDRAW_C_GAP_LONG'}, {'OTHER_A_GAP_LONG'}]",0.3220713128747703,1808,0.8868093247655291,0.904040404040404,3600
"[{'WITHDRAW_B_GAP_LONG'}, {'WITHDRAW_B_GAP_LONG'}, {'WITHDRAW_C_GAP_MED'}, {'WITHDRAW_B_GAP_MED'}]",0.3215104849464363,2219,0.8878891419893699,0.904040404040404,3600
"[{'OTHER_A_GAP_SHORT'}, {'OTHER_A_GAP_MED'}, {'OTHER_A_GAP_MED'}, {'OTHER_A_GAP_SHORT'}, {'OTHER_A_GAP_SHORT'}]",0.3214489579280012,1277,0.8631465517241381,0.904040404040404,3600
"[{'OTHER_A_GAP_SHORT'}, {'WITHDRAW_B_GAP_MED'}, {'OTHER_A_GAP_SHORT'}, {'WITHDRAW_C_GAP_MED'}]",0.3207117255854257,2405,0.8885226633961879,0.904040404040404,3600
"[{'OTHER_A_GAP_SHORT'}, {'OTHER_A_GAP_MED'}, {'WITHDRAW_A_GAP_SHORT'}, {'OTHER_A_GAP_MED'}]",0.3196487112056322,1974,0.8881836716603139,0.904040404040404,3600
"[{'OTHER_A_GAP_SHORT'}, {'WITHDRAW_C_GAP_SHORT'}, {'WITHDRAW_B_GAP_LONG'}, {'WITHDRAW_A_GAP_SHORT'}, {'OTHER_A_GAP_SHORT'}]",0.31950187024698606,1644,0.8660264333935533,0.904040404040404,3600
"[{'OTHER_A_GAP_MED'}, {'WITHDRAW_A_GAP_SHORT'}, {'WITHDRAW_B_GAP_LONG'}, {'WITHDRAW_A_GAP_SHORT'}, {'WITHDRAW_C_GAP_LONG'}, {'OTHER_A_GAP_SHORT'}]",0.3184309545042191,1044,0.8489345314505777,0.904040404040404,3600
"[{'OTHER_A_GAP_SHORT'}, {'OTHER_A_GAP_LONG'}, {'WITHDRAW_C_GAP_MED'}, {'WITHDRAW_B_GAP_MED'}]",0.31762168477619024,2300,0.889632892804699,0.904040404040404,3600
"[{'OTHER_A_GAP_LONG'}, {'OTHER_A_GAP_LONG'}, {'WITHDRAW_D_GAP_MED'}, {'WITHDRAW_B_GAP_MED'}, {'WITHDRAW_B_GAP_MED'}, {'OTHER_A_GAP_LONG'}]",0.3172387971296843,1741,0.8557251271787174,0.904040404040404,3600
"[{'OTHER_A_GAP_SHORT'}, {'WITHDRAW_B_GAP_MED'}, {'OTHER_A_GAP_SHORT', 'WITHDRAW_A_GAP_SHORT'}, {'OTHER_A_GAP_SHORT'}]",0.3171085416869478,2281,0.8898279952550416,0.904040404040404,3600
"[{'OTHER_A_GAP_SHORT'}, {'OTHER_A_GAP_SHORT'}, {'WITHDRAW_B_GAP_MED'}, {'WITHDRAW_C_GAP_MED'}]",0.31702971640374344,2396,0.8900361453999864,0.904040404040404,3600
"[{'OTHER_A_GAP_MED'}, {'WITHDRAW_A_GAP_SHORT'}, {'WITHDRAW_A_GAP_SHORT'}, {'WITHDRAW_A_GAP_SHORT'}]",0.31693799229106245,2297,0.8899282560706402,0.904040404040404,3600
"[{'OTHER_A_GAP_LONG'}, {'OTHER_A_GAP_LONG'}, {'WITHDRAW_B_GAP_LONG'}, {'WITHDRAW_A_GAP_SHORT'}]",0.31688462302465703,2662,0.8904619091897272,0.904040404040404,3600
"[{'OTHER_A_GAP_LONG'}, {'OTHER_A_GAP_MED'}, {'WITHDRAW_C_GAP_MED'}, {'OTHER_A_GAP_SHORT'}, {'OTHER_A_GAP_SHORT'}, {'OTHER_A_GAP_SHORT'}]",0.3162719155422401,1008,0.8488171706094314,0.904040404040404,3600
"[{'OTHER_A_GAP_LONG'}, {'OTHER_A_GAP_LONG'}, {'OTHER_A_GAP_SHORT'}, {'WITHDRAW_C_GAP_MED'}, {'OTHER_A_GAP_SHORT'}]",0.31592332654634303,1769,0.8674067867616255,0.904040404040404,3600
"[{'WITHDRAW_B_GAP_LONG'}, {'WITHDRAW_D_GAP_LONG'}, {'WITHDRAW_A_GAP_SHORT'}, {'WITHDRAW_A_GAP_SHORT'}, {'WITHDRAW_A_GAP_SHORT'}, {'WITHDRAW_A_GAP_SHORT'}]",0.3150502506487609,1428,0.8536143799301694,0.904040404040404,3600
"[{'OTHER_A_GAP_LONG'}, {'OTHER_A_GAP_LONG'}, {'OTHER_A_GAP_SHORT'}, {'OTHER_A_GAP_SHORT'}]",0.3147306343837152,2269,0.8909036699734374,0.904040404040404,3600
"[{'OTHER_A_GAP_SHORT'}, {'WITHDRAW_B_GAP_LONG'}, {'OTHER_A_GAP_SHORT'}, {'OTHER_A_GAP_SHORT'}]",0.31436371587256084,2528,0.891426282051282,0.904040404040404,3600
"[{'WITHDRAW_C_GAP_SHORT'}, {'WITHDRAW_B_GAP_MED'}, {'WITHDRAW_B_GAP_SHORT'}, {'WITHDRAW_B_GAP_MED'}, {'WITHDRAW_B_GAP_MED'}, {'WITHDRAW_C_GAP_MED'}]",0.3142832980989534,1707,0.8559303350970018,0.904040404040404,3600
"[{'OTHER_A_GAP_LONG'}, {'OTHER_A_GAP_LONG'}, {'WITHDRAW_B_GAP_MED'}, {'WITHDRAW_B_GAP_MED'}]",0.311189940838995,2865,0.8933685432649623,0.904040404040404,3600
"[{'OTHER_A_GAP_SHORT'}, {'OTHER_A_GAP_LONG'}, {'OTHER_A_GAP_LONG'}, {'WITHDRAW_B_GAP_LONG'}]",0.31070253685252314,2556,0.8933263037652124,0.904040404040404,3600
"[{'OTHER_A_GAP_LONG'}, {'OTHER_A_GAP_MED'}, {'OTHER_A_GAP_MED'}, {'WITHDRAW_B_GAP_LONG'}]",0.3104283626523895,1752,0.8924334490740741,0.904040404040404,3600
"[{'OTHER_A_GAP_SHORT'}, {'WITHDRAW_B_GAP_LONG'}, {'WITHDRAW_B_GAP_SHORT'}, {'OTHER_A_GAP_SHORT'}]",0.31019770976942007,2580,0.8936339869281045,0.904040404040404,3600
"[{'OTHER_A_GAP_SHORT'}, {'OTHER_A_GAP_SHORT'}, {'OTHER_A_GAP_SHORT'}, {'OTHER_A_GAP_SHORT'}]",0.3099869899687394,2520,0.8936935901121011,0.904040404040404,3600
"[{'OTHER_D_GAP_LONG'}, {'WITHDRAW_B_GAP_LONG'}, {'WITHDRAW_B_GAP_LONG'}, {'WITHDRAW_A_GAP_LONG'}]",0.3076565049923917,1173,0.8932659932659932,0.904040404040404,3600
"[{'OTHER_A_GAP_SHORT'}, {'OTHER_D_GAP_LONG'}, {'OTHER_A_GAP_LONG'}, {'WITHDRAW_B_GAP_MED'}, {'OTHER_A_GAP_SHORT'}, {'OTHER_A_GAP_SHORT'}]",0.3072072009469601,1086,0.8513810420590082,0.904040404040404,3600
"[{'OTHER_A_GAP_SHORT'}, {'WITHDRAW_B_GAP_MED'}, {'WITHDRAW_D_GAP_MED'}, {'WITHDRAW_A_GAP_SHORT'}, {'WITHDRAW_D_GAP_LONG'}, {'OTHER_A_GAP_SHORT'}]",0.30676449902283753,1295,0.8537212291155508,0.904040404040404,3600
"[{'OTHER_A_GAP_SHORT'}, {'OTHER_A_GAP_LONG'}, {'OTHER_A_GAP_LONG'}, {'WITHDRAW_C_GAP_LONG'}, {'WITHDRAW_B_GAP_LONG'}]",0.30641555236068674,1715,0.8690370589394835,0.904040404040404,3600
"[{'OTHER_A_GAP_MED'}, {'OTHER_A_GAP_MED'}, {'OTHER_A_GAP_MED'}, {'OTHER_A_GAP_MED'}, {'OTHER_A_GAP_MED'}]",0.3045917164785087,1580,0.8686995615872218,0.904040404040404,3600
"[{'OTHER_A_GAP_SHORT'}, {'OTHER_A_GAP_SHORT'}, {'WITHDRAW_B_GAP_MED'}, {'WITHDRAW_B_GAP_MED'}, {'WITHDRAW_C_GAP_LONG'}, {'OTHER_A_GAP_MED'}]",0.30341666792062205,1296,0.8542885685742829,0.904040404040404,3600
"[{'WITHDRAW_D_GAP_MED'}, {'WITHDRAW_D_GAP_MED'}, {'WITHDRAW_C_GAP_LONG'}, {'WITHDRAW_A_GAP_LONG'}, {'OTHER_A_GAP_MED'}]",0.3017987761597807,542,0.8586477987421384,0.904040404040404,3600
"[{'OTHER_D_GAP_LONG'}, {'OTHER_A_GAP_LONG'}, {'OTHER_A_GAP_LONG'}, {'WITHDRAW_B_GAP_LONG'}, {'OTHER_A_GAP_LONG'}, {'OTHER_A_GAP_LONG'}]",0.30139021829668566,1055,0.8520211742059672,0.904040404040404,3600
"[{'WITHDRAW_A_GAP_SHORT'}, {'WITHDRAW_C_GAP_LONG'}, {'WITHDRAW_B_GAP_MED'}, {'WITHDRAW_A_GAP_SHORT'}, {'WITHDRAW_B_GAP_MED'}]",0.30124558820414127,1879,0.8708894878706199,0.904040404040404,3600
"[{'OTHER_A_GAP_MED'}, {'OTHER_A_GAP_MED'}, {'WITHDRAW_B_GAP_MED'}, {'WITHDRAW_C_GAP_LONG'}, {'WITHDRAW_A_GAP_SHORT'}, {'WITHDRAW_A_GAP_SHORT'}]",0.3009840144285688,1292,0.8546595688748686,0.904040404040404,3600
"[{'OTHER_D_GAP_LONG'}, {'OTHER_A_GAP_LONG'}, {'OTHER_A_GAP_LONG'}, {'OTHER_A_GAP_LONG'}, {'OTHER_A_GAP_LONG'}, {'OTHER_A_GAP_LONG'}]",0.29703107746414004,1346,0.855828321666831,0.904040404040404,3600
"[{'OTHER_A_GAP_SHORT'}, {'OTHER_A_GAP_SHORT'}, {'WITHDRAW_C_GAP_MED'}, {'OTHER_A_GAP_SHORT'}, {'WITHDRAW_C_GAP_MED'}, {'OTHER_A_GAP_SHORT'}]",0.29577003867106233,1658,0.8584801864801865,0.904040404040404,3600
"[{'OTHER_A_GAP_LONG'}, {'OTHER_A_GAP_SHORT'}, {'OTHER_A_GAP_SHORT'}, {'WITHDRAW_C_GAP_MED'}, {'WITHDRAW_C_GAP_MED'}, {'WITHDRAW_C_GAP_MED'}]",0.29496862971898463,1453,0.8570859686109158,0.904040404040404,3600
"[{'OTHER_B_GAP_LONG'}, {'OTHER_A_GAP_LONG'}, {'OTHER_A_GAP_SHORT'}, {'WITHDRAW_B_GAP_LONG'}, {'OTHER_A_GAP_LONG'}]",0.29490644621655415,721,0.8636363636363635,0.904040404040404,3600
"[{'OTHER_A_GAP_SHORT'}, {'OTHER_A_GAP_LONG'}, {'OTHER_A_GAP_LONG'}, {'WITHDRAW_D_GAP_MED'}, {'WITHDRAW_A_GAP_SHORT'}]",0.29386829766324996,1770,0.8719919190318682,0.904040404040404,3600
"[{'OTHER_A_GAP_LONG'}, {'WITHDRAW_B_GAP_MED'}, {'WITHDRAW_C_GAP_MED'}, {'WITHDRAW_C_GAP_MED'}, {'OTHER_A_GAP_SHORT'}, {'WITHDRAW_C_GAP_MED'}]",0.29379365821774606,1613,0.858488642388157,0.904040404040404,3600
"[{'OTHER_A_GAP_SHORT'}, {'OTHER_A_GAP_SHORT'}, {'OTHER_A_GAP_SHORT'}, {'OTHER_A_GAP_SHORT'}, {'WITHDRAW_C_GAP_MED'}]",0.29369890812525623,2003,0.8730041532071989,0.904040404040404,3600
"[{'OTHER_A_GAP_SHORT'}, {'WITHDRAW_D_GAP_MED'}, {'WITHDRAW_A_GAP_SHORT'}, {'WITHDRAW_A_GAP_SHORT'}, {'WITHDRAW_B_GAP_MED'}]",0.29277869662284917,1981,0.8731182795698925,0.904040404040404,3600
"[{'OTHER_A_GAP_LONG'}, {'OTHER_A_GAP_LONG'}, {'OTHER_A_GAP_LONG'}, {'WITHDRAW_D_GAP_MED'}, {'WITHDRAW_D_GAP_LONG'}]",0.2912965447466309,1409,0.8707225433526011,0.904040404040404,3600
"[{'WITHDRAW_A_GAP_SHORT'}, {'WITHDRAW_D_GAP_MED'}, {'WITHDRAW_A_GAP_SHORT'}, {'WITHDRAW_A_GAP_SHORT'}, {'WITHDRAW_A_GAP_SHORT'}, {'WITHDRAW_A_GAP_SHORT'}]",0.2890119858688567,1735,0.8600881270970611,0.904040404040404,3600
"[{'OTHER_A_GAP_LONG'}, {'OTHER_A_GAP_SHORT'}, {'WITHDRAW_B_GAP_SHORT'}, {'OTHER_A_GAP_SHORT'}, {'WITHDRAW_C_GAP_LONG'}]",0.2885043123859611,1515,0.8719857815352099,0.904040404040404,3600
"[{'OTHER_A_GAP_SHORT'}, {'OTHER_B_GAP_LONG'}, {'OTHER_A_GAP_SHORT'}, {'WITHDRAW_B_GAP_LONG'}, {'WITHDRAW_B_GAP_MED'}, {'OTHER_A_GAP_LONG'}]",0.28819424859609544,848,0.8516346258281743,0.904040404040404,3600
"[{'WITHDRAW_C_GAP_LONG'}, {'WITHDRAW_A_GAP_SHORT'}, {'WITHDRAW_A_GAP_SHORT'}, {'WITHDRAW_A_GAP_SHORT'}, {'WITHDRAW_A_GAP_SHORT'}, {'WITHDRAW_A_GAP_SHORT'}]",0.2871420153285906,1849,0.8610844955463288,0.904040404040404,3600
"[{'OTHER_A_GAP_SHORT'}, {'WITHDRAW_C_GAP_SHORT'}, {'OTHER_A_GAP_SHORT'}, {'OTHER_A_GAP_SHORT'}, {'OTHER_A_GAP_SHORT'}, {'OTHER_A_GAP_SHORT'}]",0.28535326484400814,1562,0.8595383986928105,0.904040404040404,3600
"[{'WITHDRAW_B_GAP_MED'}, {'OTHER_A_GAP_SHORT'}, {'OTHER_A_GAP_SHORT'}, {'WITHDRAW_B_GAP_LONG'}, {'WITHDRAW_C_GAP_MED'}, {'WITHDRAW_C_GAP_MED'}]",0.2848000271194904,1506,0.859225679980397,0.904040404040404,3600
"[{'OTHER_A_GAP_MED'}, {'WITHDRAW_A_GAP_SHORT'}, {'WITHDRAW_A_GAP_SHORT'}, {'OTHER_A_GAP_SHORT'}, {'OTHER_A_GAP_SHORT'}]",0.28307032744703653,1582,0.8736507144194172,0.904040404040404,3600
"[{'OTHER_A_GAP_SHORT'}, {'WITHDRAW_C_GAP_LONG'}, {'OTHER_A_GAP_SHORT'}, {'OTHER_A_GAP_SHORT'}, {'OTHER_A_GAP_SHORT'}, {'WITHDRAW_C_GAP_MED'}]",0.2826119531833746,1433,0.8590493136756481,0.904040404040404,3600
"[{'OTHER_A_GAP_SHORT'}, {'WITHDRAW_B_GAP_MED'}, {'WITHDRAW_A_GAP_SHORT'}, {'WITHDRAW_C_GAP_LONG'}, {'WITHDRAW_A_GAP_SHORT'}]",0.2817430906065429,1982,0.8756290057736109,0.904040404040404,3600
"[{'OTHER_A_GAP_LONG'}, {'OTHER_A_GAP_LONG'}, {'WITHDRAW_C_GAP_MED'}, {'WITHDRAW_C_GAP_MED'}, {'WITHDRAW_B_GAP_MED'}]",0.2814614933861307,2098,0.8760960670535138,0.904040404040404,3600
"[{'OTHER_A_GAP_LONG'}, {'WITHDRAW_C_GAP_SHORT'}, {'OTHER_A_GAP_SHORT'}, {'OTHER_A_GAP_SHORT'}, {'OTHER_A_GAP_SHORT'}, {'OTHER_A_GAP_SHORT'}]",0.2813423552545533,1386,0.8588987217305801,0.904040404040404,3600
"[{'OTHER_A_GAP_LONG'}, {'WITHDRAW_C_GAP_MED'}, {'WITHDRAW_A_GAP_SHORT'}, {'WITHDRAW_A_GAP_SHORT'}, {'WITHDRAW_B_GAP_LONG'}]",0.281219465807942,2116,0.8762123490243379,0.904040404040404,3600
"[{'WITHDRAW_D_GAP_MED'}, {'WITHDRAW_A_GAP_SHORT'}, {'WITHDRAW_A_GAP_MED'}, {'WITHDRAW_A_GAP_SHORT'}, {'WITHDRAW_A_GAP_SHORT'}]",0.28074785871149965,1431,0.8734757081102007,0.904040404040404,3600
"[{'OTHER_A_GAP_LONG'}, {'OTHER_A_GAP_LONG'}, {'WITHDRAW_C_GAP_MED'}, {'OTHER_A_GAP_SHORT'}, {'WITHDRAW_B_GAP_SHORT'}]",0.2802238665760616,1917,0.8757568501351213,0.904040404040404,3600
"[{'OTHER_A_GAP_LONG'}, {'WITHDRAW_C_GAP_MED'}, {'WITHDRAW_C_GAP_MED'}, {'WITHDRAW_B_GAP_LONG'}, {'OTHER_A_GAP_SHORT', 'WITHDRAW_A_GAP_SHORT'}, {'OTHER_A_GAP_SHORT'}]",0.27927888416061264,1293,0.8584843708957184,0.904040404040404,3600
"[{'OTHER_A_GAP_SHORT'}, {'WITHDRAW_B_GAP_LONG'}, {'WITHDRAW_B_GAP_MED'}, {'OTHER_A_GAP_SHORT', 'WITHDRAW_A_GAP_SHORT'}, {'OTHER_A_GAP_SHORT'}]",0.2784338397891907,1956,0.8763337285121517,0.904040404040404,3600
"[{'OTHER_A_GAP_MED'}, {'WITHDRAW_D_GAP_MED'}, {'WITHDRAW_A_GAP_SHORT'}, {'OTHER_A_GAP_LONG'}, {'OTHER_A_GAP_LONG'}, {'OTHER_A_GAP_LONG', 'WITHDRAW_A_GAP_SHORT'}]",0.27771462929754964,1116,0.8570746648633598,0.904040404040404,3600
"[{'OTHER_D_GAP_MED'}, {'WITHDRAW_D_GAP_LONG'}, {'OTHER_D_GAP_MED'}, {'WITHDRAW_D_GAP_MED'}, {'WITHDRAW_A_GAP_LONG'}]",0.2773737106202945,829,0.8700245700245699,0.904040404040404,3600
"[{'OTHER_A_GAP_LONG'}, {'OTHER_A_GAP_SHORT'}, {'OTHER_A_GAP_SHORT'}, {'WITHDRAW_B_GAP_SHORT'}, {'OTHER_A_GAP_MED'}]",0.27644354489718403,1502,0.8749678114099773,0.904040404040404,3600
"[{'OTHER_A_GAP_SHORT'}, {'WITHDRAW_B_GAP_MED'}, {'OTHER_A_GAP_SHORT'}, {'WITHDRAW_B_GAP_LONG'}, {'WITHDRAW_C_GAP_MED'}, {'WITHDRAW_C_GAP_LONG'}]",0.27610128367163755,1340,0.8594696969696969,0.904040404040404,3600
"[{'OTHER_A_GAP_SHORT'}, {'WITHDRAW_B_GAP_LONG'}, {'OTHER_A_GAP_SHORT'}, {'WITHDRAW_B_GAP_MED'}, {'WITHDRAW_B_GAP_MED'}, {'WITHDRAW_D_GAP_MED'}]",0.2755931831063393,1601,0.8614986260832805,0.904040404040404,3600
"[{'OTHER_D_GAP_LONG'}, {'WITHDRAW_D_GAP_LONG'}, {'WITHDRAW_D_GAP_LONG'}, {'WITHDRAW_D_GAP_LONG'}, {'WITHDRAW_D_GAP_MED'}, {'OTHER_A_GAP_LONG'}]",0.27512165606706485,886,0.8548132183908046,0.904040404040404,3600
"[{'OTHER_A_GAP_SHORT'}, {'WITHDRAW_B_GAP_MED'}, {'WITHDRAW_B_GAP_MED'}, {'OTHER_A_GAP_MED'}, {'OTHER_A_GAP_LONG'}]",0.27273959527074443,1917,0.8776321353065539,0.904040404040404,3600
"[{'OTHER_A_GAP_SHORT'}, {'OTHER_A_GAP_MED'}, {'OTHER_A_GAP_MED'}, {'OTHER_A_GAP_MED'}, {'WITHDRAW_B_GAP_LONG'}]",0.2723903004188395,1658,0.8767503889753279,0.904040404040404,3600
"[{'OTHER_A_GAP_LONG'}, {'OTHER_A_GAP_LONG'}, {'WITHDRAW_D_GAP_SHORT'}, {'WITHDRAW_B_GAP_MED'}, {'OTHER_A_GAP_SHORT'}, {'OTHER_A_GAP_LONG'}]",0.2709139466288165,1234,0.8595262353540499,0.904040404040404,3600
"[{'OTHER_A_GAP_LONG'}, {'OTHER_A_GAP_LONG'}, {'WITHDRAW_C_GAP_MED'}, {'WITHDRAW_A_GAP_SHORT'}, {'WITHDRAW_A_GAP_SHORT'}]",0.26984278181479393,2263,0.8794368352993956,0.904040404040404,3600
"[{'OTHER_C_GAP_LONG'}, {'WITHDRAW_A_GAP_LONG'}, {'WITHDRAW_B_GAP_LONG'}, {'WITHDRAW_B_GAP_LONG'}, {'WITHDRAW_C_GAP_LONG'}]",0.2682735359146745,479,0.8683651804670913,0.904040404040404,3600
"[{'OTHER_A_GAP_SHORT'}, {'OTHER_A_GAP_LONG'}, {'OTHER_A_GAP_SHORT'}, {'OTHER_A_GAP_SHORT'}, {'OTHER_A_GAP_SHORT'}, {'OTHER_A_GAP_MED'}]",0.26798951614795985,1266,0.8603712671509282,0.904040404040404,3600
"[{'OTHER_A_GAP_LONG'}, {'OTHER_A_GAP_SHORT'}, {'WITHDRAW_B_GAP_MED'}, {'OTHER_B_GAP_MED'}, {'WITHDRAW_B_GAP_MED'}, {'OTHER_C_GAP_MED'}]",0.2672316915071302,601,0.8516074450084602,0.904040404040404,3600
"[{'OTHER_A_GAP_SHORT'}, {'WITHDRAW_C_GAP_MED'}, {'WITHDRAW_B_GAP_MED'}, {'OTHER_A_GAP_SHORT'}, {'WITHDRAW_C_GAP_MED'}, {'WITHDRAW_C_GAP_MED'}]",0.26718481568965924,1737,0.8638351884397579,0.904040404040404,3600
"[{'WITHDRAW_A_GAP_SHORT'}, {'WITHDRAW_A_GAP_SHORT'}, {'WITHDRAW_C_GAP_MED'}, {'WITHDRAW_A_GAP_SHORT'}, {'WITHDRAW_B_GAP_MED'}]",0.2668656240366839,2271,0.8802331662001291,0.904040404040404,3600
"[{'OTHER_A_GAP_LONG'}, {'WITHDRAW_C_GAP_MED'}, {'WITHDRAW_B_GAP_MED'}, {'OTHER_A_GAP_SHORT'}, {'OTHER_A_GAP_LONG'}]",0.264562472469396,1886,0.8797478087036752,0.904040404040404,3600
"[{'OTHER_A_GAP_SHORT'}, {'OTHER_A_GAP_SHORT'}, {'WITHDRAW_C_GAP_LONG'}, {'WITHDRAW_B_GAP_LONG'}, {'OTHER_A_GAP_LONG'}]",0.2639764231844959,1553,0.8787144100460027,0.904040404040404,3600
"[{'OTHER_A_GAP_SHORT'}, {'OTHER_A_GAP_LONG'}, {'OTHER_D_GAP_MED'}, {'OTHER_D_GAP_MED'}, {'OTHER_D_GAP_MED'}, {'OTHER_D_GAP_MED'}]",0.2638925917973517,1370,0.8620074349442379,0.904040404040404,3600
"[{'WITHDRAW_A_GAP_SHORT'}, {'WITHDRAW_C_GAP_MED'}, {'WITHDRAW_B_GAP_LONG'}, {'OTHER_A_GAP_SHORT'}, {'WITHDRAW_B_GAP_MED'}]",0.2623316854918579,1902,0.8804405673693223,0.904040404040404,3600
"[{'OTHER_A_GAP_SHORT', 'WITHDRAW_A_GAP_SHORT'}, {'WITHDRAW_A_GAP_SHORT'}, {'OTHER_A_GAP_SHORT'}, {'OTHER_A_GAP_SHORT'}, {'WITHDRAW_A_GAP_SHORT'}]",0.26190199131934044,1739,0.8800344171060339,0.904040404040404,3600
"[{'WITHDRAW_B_GAP_MED'}, {'WITHDRAW_D_GAP_MED'}, {'WITHDRAW_B_GAP_SHORT'}, {'WITHDRAW_B_GAP_LONG'}, {'WITHDRAW_B_GAP_MED'}, {'OTHER_A_GAP_SHORT'}]",0.2609698072710398,1432,0.8630311614730878,0.904040404040404,3600
"[{'OTHER_A_GAP_SHORT'}, {'OTHER_A_GAP_SHORT'}, {'WITHDRAW_C_GAP_LONG'}, {'OTHER_A_GAP_SHORT'}, {'OTHER_A_GAP_SHORT'}]",0.26047539898825567,1644,0.8801323796306181,0.904040404040404,3600
"[{'OTHER_A_GAP_SHORT'}, {'WITHDRAW_D_GAP_LONG'}, {'WITHDRAW_D_GAP_MED'}, {'WITHDRAW_D_GAP_SHORT'}, {'WITHDRAW_C_GAP_MED'}, {'WITHDRAW_D_GAP_SHORT'}]",0.25988540263915194,1072,0.8601785147931674,0.904040404040404,3600
"[{'OTHER_A_GAP_MED'}, {'OTHER_A_GAP_MED'}, {'WITHDRAW_A_GAP_SHORT'}, {'WITHDRAW_B_GAP_MED'}, {'OTHER_A_GAP_SHORT'}]",0.25902254688544557,1573,0.8803260167850225,0.904040404040404,3600
"[{'OTHER_A_GAP_SHORT'}, {'OTHER_A_GAP_MED'}, {'OTHER_A_GAP_MED'}, {'OTHER_A_GAP_MED'}, {'OTHER_A_GAP_MED'}]",0.25786258958022046,1699,0.8811442786069652,0.904040404040404,3600
"[{'WITHDRAW_B_GAP_MED'}, {'WITHDRAW_B_GAP_MED'}, {'WITHDRAW_B_GAP_MED'}, {'WITHDRAW_A_GAP_SHORT'}, {'OTHER_A_GAP_MED'}]",0.2567195384185449,2252,0.8830430575713595,0.904040404040404,3600
"[{'OTHER_A_GAP_SHORT'}, {'WITHDRAW_A_GAP_LONG'}, {'WITHDRAW_C_GAP_LONG'}, {'WITHDRAW_B_GAP_LONG'}, {'WITHDRAW_B_GAP_LONG'}]",0.2566488394026336,1285,0.8799058084772371,0.904040404040404,3600
"[{'OTHER_A_GAP_SHORT'}, {'WITHDRAW_B_GAP_LONG'}, {'OTHER_A_GAP_LONG'}, {'OTHER_A_GAP_LONG'}, {'OTHER_A_GAP_SHORT'}]",0.2560766627553752,1407,0.8806416726748378,0.904040404040404,3600
"[{'WITHDRAW_A_GAP_SHORT'}, {'WITHDRAW_A_GAP_SHORT'}, {'WITHDRAW_A_GAP_SHORT'}, {'WITHDRAW_C_GAP_MED'}, {'WITHDRAW_A_GAP_SHORT'}]",0.25583310791637237,2230,0.883260719681967,0.904040404040404,3600
"[{'OTHER_A_GAP_SHORT'}, {'WITHDRAW_D_GAP_MED'}, {'WITHDRAW_D_GAP_LONG'}, {'OTHER_A_GAP_SHORT'}, {'WITHDRAW_D_GAP_MED'}, {'WITHDRAW_B_GAP_MED'}]",0.2554530128298137,1248,0.862715173025732,0.904040404040404,3600
"[{'OTHER_A_GAP_SHORT'}, {'WITHDRAW_A_GAP_SHORT'}, {'WITHDRAW_C_GAP_MED'}, {'WITHDRAW_A_GAP_SHORT'}, {'WITHDRAW_A_GAP_SHORT'}]",0.25529854206236147,2292,0.8835656503688063,0.904040404040404,3600
"[{'WITHDRAW_B_GAP_LONG'}, {'OTHER_A_GAP_SHORT'}, {'WITHDRAW_A_GAP_SHORT'}, {'WITHDRAW_A_GAP_SHORT'}, {'OTHER_A_GAP_SHORT'}]",0.25467844573894105,2128,0.8833763204153045,0.904040404040404,3600
"[{'OTHER_A_GAP_LONG'}, {'OTHER_D_GAP_MED'}, {'OTHER_D_GAP_MED'}, {'OTHER_D_GAP_MED'}, {'OTHER_A_GAP_SHORT'}, {'OTHER_A_GAP_SHORT'}]",0.25465576526841815,1268,0.8630426045016077,0.904040404040404,3600
"[{'OTHER_A_GAP_SHORT'}, {'OTHER_D_GAP_LONG'}, {'OTHER_A_GAP_LONG'}, {'WITHDRAW_B_GAP_LONG'}, {'WITHDRAW_B_GAP_LONG'}, {'WITHDRAW_B_GAP_LONG'}]",0.2546399505245701,1090,0.861465928403048,0.904040404040404,3600
"[{'OTHER_A_GAP_SHORT'}, {'WITHDRAW_C_GAP_MED'}, {'WITHDRAW_A_GAP_SHORT'}, {'WITHDRAW_B_GAP_MED'}, {'OTHER_A_GAP_SHORT'}]",0.25391755687760553,2176,0.883730760261194,0.904040404040404,3600
"[{'OTHER_A_GAP_SHORT'}, {'WITHDRAW_B_GAP_SHORT'}, {'WITHDRAW_C_GAP_MED'}, {'WITHDRAW_B_GAP_MED'}, {'WITHDRAW_A_GAP_SHORT'}]",0.25380047804970407,2302,0.8840511552406813,0.904040404040404,3600
"[{'OTHER_A_GAP_SHORT'}, {'WITHDRAW_B_GAP_MED'}, {'WITHDRAW_C_GAP_MED'}, {'WITHDRAW_B_GAP_LONG'}, {'WITHDRAW_B_GAP_LONG'}]",0.2527562576265735,2111,0.8839501438159156,0.904040404040404,3600
"[{'WITHDRAW_A_GAP_SHORT'}, {'WITHDRAW_B_GAP_MED'}, {'WITHDRAW_C_GAP_MED'}, {'OTHER_A_GAP_SHORT'}, {'WITHDRAW_B_GAP_SHORT'}]",0.2507230433603106,1949,0.8842306834238121,0.904040404040404,3600
"[{'OTHER_A_GAP_MED'}, {'WITHDRAW_B_GAP_MED'}, {'WITHDRAW_A_GAP_SHORT'}, {'WITHDRAW_B_GAP_MED'}, {'WITHDRAW_A_GAP_SHORT'}]",0.24933129388493003,2239,0.8853727144866386,0.904040404040404,3600
"[{'OTHER_A_GAP_LONG'}, {'OTHER_A_GAP_LONG'}, {'OTHER_A_GAP_LONG'}, {'WITHDRAW_D_GAP_LONG'}, {'WITHDRAW_A_GAP_SHORT'}, {'OTHER_A_GAP_LONG'}]",0.24900191585615528,1488,0.8657826384142173,0.904040404040404,3600
"[{'OTHER_A_GAP_SHORT'}, {'OTHER_A_GAP_MED'}, {'OTHER_A_GAP_SHORT'}, {'WITHDRAW_A_GAP_SHORT'}, {'WITHDRAW_A_GAP_SHORT'}]",0.24762001649402277,1822,0.8850074404761905,0.904040404040404,3600
"[{'WITHDRAW_D_GAP_MED'}, {'WITHDRAW_A_GAP_LONG'}, {'OTHER_A_GAP_SHORT'}, {'OTHER_A_GAP_SHORT'}, {'WITHDRAW_A_GAP_LONG'}, {'WITHDRAW_D_GAP_MED'}]",0.24731699012696695,956,0.8616924476797088,0.904040404040404,3600
"[{'OTHER_A_GAP_LONG'}, {'WITHDRAW_A_GAP_SHORT'}, {'WITHDRAW_A_GAP_SHORT'}, {'WITHDRAW_B_GAP_LONG'}, {'OTHER_A_GAP_MED'}]",0.2468534184036988,2048,0.8858327626873621,0.904040404040404,3600
"[{'OTHER_A_GAP_LONG'}, {'OTHER_A_GAP_MED'}, {'WITHDRAW_B_GAP_LONG'}, {'OTHER_A_GAP_MED'}, {'OTHER_A_GAP_LONG'}]",0.24526055537271974,1657,0.8854639655373151,0.904040404040404,3600
"[{'OTHER_A_GAP_MED'}, {'WITHDRAW_A_GAP_SHORT'}, {'WITHDRAW_A_GAP_SHORT'}, {'WITHDRAW_C_GAP_MED'}, {'WITHDRAW_A_GAP_SHORT'}, {'WITHDRAW_A_GAP_SHORT'}]",0.24523537465558698,1726,0.8679210777640054,0.904040404040404,3600
"[{'OTHER_A_GAP_LONG'}, {'WITHDRAW_B_GAP_MED'}, {'WITHDRAW_C_GAP_MED'}, {'OTHER_A_GAP_SHORT'}, {'WITHDRAW_B_GAP_SHORT'}, {'WITHDRAW_C_GAP_MED'}]",0.2429950960406171,1611,0.8677515899738122,0.904040404040404,3600
"[{'OTHER_A_GAP_LONG'}, {'OTHER_A_GAP_LONG'}, {'WITHDRAW_B_GAP_MED'}, {'WITHDRAW_B_GAP_MED'}, {'OTHER_B_GAP_MED'}, {'WITHDRAW_B_GAP_LONG'}]",0.24281961781690387,1042,0.8636157091853294,0.904040404040404,3600
"[{'OTHER_A_GAP_SHORT'}, {'OTHER_A_GAP_LONG'}, {'OTHER_A_GAP_SHORT'}, {'OTHER_A_GAP_SHORT'}, {'OTHER_A_GAP_SHORT', 'WITHDRAW_A_GAP_SHORT'}, {'WITHDRAW_C_GAP_MED'}]",0.24262802465095645,1306,0.8658763805254772,0.904040404040404,3600
"[{'OTHER_A_GAP_SHORT'}, {'WITHDRAW_A_GAP_SHORT'}, {'WITHDRAW_A_GAP_SHORT'}, {'WITHDRAW_A_GAP_SHORT'}, {'OTHER_A_GAP_MED'}]",0.24221993010021914,2217,0.8879286694101509,0.904040404040404,3600
"[{'OTHER_A_GAP_MED'}, {'OTHER_A_GAP_MED'}, {'WITHDRAW_B_GAP_MED'}, {'WITHDRAW_B_GAP_SHORT'}, {'WITHDRAW_B_GAP_MED'}]",0.2421812779033622,1858,0.8872171543655966,0.904040404040404,3600
"[{'OTHER_A_GAP_LONG'}, {'OTHER_A_GAP_LONG'}, {'OTHER_A_GAP_SHORT'}, {'OTHER_A_GAP_SHORT'}, {'WITHDRAW_A_GAP_SHORT'}]",0.241931116105496,2099,0.887823051424213,0.904040404040404,3600
"[{'OTHER_A_GAP_SHORT'}, {'OTHER_A_GAP_LONG'}, {'OTHER_A_GAP_LONG'}, {'OTHER_A_GAP_LONG'}, {'WITHDRAW_B_GAP_LONG'}, {'WITHDRAW_C_GAP_LONG'}]",0.24177939380641267,1544,0.8676181102362205,0.904040404040404,3600
"[{'OTHER_D_GAP_LONG'}, {'WITHDRAW_A_GAP_LONG'}, {'WITHDRAW_C_GAP_LONG'}, {'WITHDRAW_A_GAP_LONG'}, {'WITHDRAW_B_GAP_LONG'}, {'WITHDRAW_B_GAP_LONG'}]",0.24085372170918673,574,0.8576449912126538,0.904040404040404,3600
"[{'OTHER_A_GAP_MED'}, {'OTHER_A_GAP_MED'}, {'OTHER_A_GAP_MED'}, {'WITHDRAW_B_GAP_MED'}, {'WITHDRAW_A_GAP_SHORT'}]",0.2407381903502327,1782,0.887654958677686,0.904040404040404,3600
"[{'OTHER_A_GAP_LONG'}, {'WITHDRAW_B_GAP_MED'}, {'WITHDRAW_B_GAP_MED'}, {'WITHDRAW_B_GAP_MED'}, {'WITHDRAW_B_GAP_MED'}]",0.2390554842589384,2862,0.8901486383855919,0.904040404040404,3600
"[{'OTHER_A_GAP_SHORT'}, {'OTHER_A_GAP_SHORT'}, {'OTHER_A_GAP_MED'}, {'OTHER_A_GAP_MED'}, {'OTHER_A_GAP_MED'}]",0.23886266348558682,1355,0.8873873873873874,0.904040404040404,3600
"[{'OTHER_A_GAP_LONG'}, {'WITHDRAW_A_GAP_SHORT'}, {'WITHDRAW_A_GAP_SHORT'}, {'WITHDRAW_A_GAP_SHORT'}, {'OTHER_A_GAP_MED'}]",0.2383090472845435,2189,0.8895114942528736,0.904040404040404,3600
"[{'OTHER_A_GAP_SHORT'}, {'WITHDRAW_B_GAP_MED'}, {'OTHER_A_GAP_SHORT'}, {'WITHDRAW_B_GAP_LONG'}, {'WITHDRAW_C_GAP_MED'}]",0.23647306448855931,2058,0.8901328086571569,0.904040404040404,3600
"[{'OTHER_A_GAP_SHORT'}, {'WITHDRAW_A_GAP_SHORT'}, {'WITHDRAW_C_GAP_MED'}, {'WITHDRAW_C_GAP_MED'}, {'OTHER_A_GAP_SHORT'}, {'OTHER_A_GAP_SHORT'}]",0.235993248333622,1669,0.8695301114655953,0.904040404040404,3600
"[{'OTHER_A_GAP_SHORT'}, {'OTHER_A_GAP_MED'}, {'WITHDRAW_C_GAP_MED'}, {'WITHDRAW_A_GAP_SHORT'}, {'WITHDRAW_A_GAP_SHORT'}, {'WITHDRAW_A_GAP_SHORT'}]",0.23517519457460445,1741,0.8700652594263616,0.904040404040404,3600
"[{'OTHER_D_GAP_LONG'}, {'OTHER_B_GAP_LONG'}, {'OTHER_A_GAP_LONG'}, {'OTHER_A_GAP_LONG'}, {'WITHDRAW_B_GAP_LONG'}, {'WITHDRAW_A_GAP_LONG'}]",0.2342832555424189,389,0.8548990276738968,0.904040404040404,3600
"[{'WITHDRAW_C_GAP_MED'}, {'WITHDRAW_B_GAP_SHORT'}, {'WITHDRAW_B_GAP_LONG'}, {'OTHER_A_GAP_SHORT'}, {'OTHER_A_GAP_LONG'}]",0.23322621764003948,1708,0.8911882337762869,0.904040404040404,3600
"[{'OTHER_A_GAP_SHORT'}, {'OTHER_A_GAP_LONG'}, {'OTHER_A_GAP_LONG'}, {'OTHER_A_GAP_MED'}, {'OTHER_A_GAP_LONG'}]",0.23311944664220696,1936,0.8916431735803464,0.904040404040404,3600
"[{'WITHDRAW_B_GAP_MED'}, {'WITHDRAW_B_GAP_MED'}, {'OTHER_A_GAP_MED'}, {'OTHER_A_GAP_LONG'}, {'OTHER_A_GAP_LONG'}]",0.23216640714255776,1765,0.8919014853647881,0.904040404040404,3600
"[{'WITHDRAW_A_GAP_SHORT'}, {'WITHDRAW_A_GAP_SHORT'}, {'WITHDRAW_A_GAP_SHORT'}, {'WITHDRAW_B_GAP_MED'}, {'OTHER_A_GAP_MED'}]",0.23144349924132224,2233,0.893002915451895,0.904040404040404,3600
"[{'OTHER_A_GAP_SHORT'}, {'OTHER_A_GAP_SHORT'}, {'WITHDRAW_A_GAP_SHORT'}, {'WITHDRAW_C_GAP_LONG'}, {'WITHDRAW_C_GAP_LONG'}, {'WITHDRAW_C_GAP_LONG'}]",0.2313289574165308,1149,0.8672597864768683,0.904040404040404,3600
"[{'OTHER_A_GAP_SHORT'}, {'OTHER_A_GAP_SHORT'}, {'OTHER_A_GAP_SHORT'}, {'OTHER_A_GAP_SHORT'}, {'WITHDRAW_C_GAP_MED'}, {'WITHDRAW_C_GAP_MED'}]",0.23099653985702284,1672,0.8706252537555825,0.904040404040404,3600
"[{'OTHER_A_GAP_SHORT'}, {'OTHER_A_GAP_SHORT'}, {'OTHER_A_GAP_SHORT'}, {'OTHER_A_GAP_SHORT'}, {'OTHER_A_GAP_SHORT'}]",0.23072827420964326,2269,0.8934646374216653,0.904040404040404,3600
"[{'OTHER_A_GAP_LONG'}, {'WITHDRAW_A_GAP_SHORT'}, {'OTHER_A_GAP_SHORT'}, {'OTHER_A_GAP_SHORT'}, {'WITHDRAW_B_GAP_LONG'}, {'OTHER_A_GAP_MED'}]",0.2304851079377136,1364,0.8689987562189054,0.904040404040404,3600
"[{'OTHER_A_GAP_SHORT'}, {'OTHER_A_GAP_SHORT'}, {'WITHDRAW_B_GAP_MED'}, {'OTHER_A_GAP_SHORT'}, {'OTHER_A_GAP_SHORT'}, {'OTHER_A_GAP_MED'}]",0.23036875245468857,1417,0.8693578470556887,0.904040404040404,3600
"[{'OTHER_A_GAP_SHORT'}, {'OTHER_A_GAP_LONG'}, {'WITHDRAW_C_GAP_MED'}, {'WITHDRAW_A_GAP_SHORT'}, {'WITHDRAW_A_GAP_SHORT'}, {'OTHER_A_GAP_MED'}]",0.2301449699443059,1647,0.870687373158034,0.904040404040404,3600
"[{'WITHDRAW_B_GAP_LONG'}, {'OTHER_A_GAP_LONG'}, {'OTHER_A_GAP_LONG'}, {'OTHER_A_GAP_LONG'}, {'OTHER_A_GAP_LONG'}]",0.22911977665142302,1888,0.8940202820841591,0.904040404040404,3600
"[{'OTHER_A_GAP_SHORT'}, {'WITHDRAW_A_GAP_SHORT'}, {'WITHDRAW_A_GAP_SHORT'}, {'WITHDRAW_B_GAP_MED'}, {'WITHDRAW_B_GAP_MED'}, {'WITHDRAW_C_GAP_MED'}]",0.22800182579271278,2254,0.8736458736923673,0.904040404040404,3600
"[{'OTHER_D_GAP_LONG'}, {'OTHER_A_GAP_LONG'}, {'WITHDRAW_B_GAP_LONG'}, {'WITHDRAW_B_GAP_LONG'}, {'OTHER_A_GAP_LONG'}, {'WITHDRAW_B_GAP_LONG'}]",0.22448892448463453,881,0.8665348492338112,0.904040404040404,3600
"[{'OTHER_A_GAP_SHORT'}, {'OTHER_C_GAP_LONG'}, {'WITHDRAW_B_GAP_LONG'}, {'WITHDRAW_B_GAP_LONG'}, {'WITHDRAW_B_GAP_LONG'}, {'WITHDRAW_A_GAP_LONG'}]",0.2237219969950175,593,0.8628620102214651,0.904040404040404,3600
"[{'OTHER_A_GAP_SHORT'}, {'OTHER_B_GAP_LONG'}, {'WITHDRAW_B_GAP_LONG'}, {'OTHER_B_GAP_LONG'}, {'WITHDRAW_B_GAP_LONG'}, {'OTHER_A_GAP_LONG'}]",0.2189422404792427,554,0.8636363636363636,0.904040404040404,3600
"[{'WITHDRAW_B_GAP_MED'}, {'OTHER_A_GAP_MED'}, {'WITHDRAW_B_GAP_MED'}, {'WITHDRAW_B_GAP_SHORT'}, {'OTHER_A_GAP_SHORT'}, {'WITHDRAW_A_GAP_SHORT'}]",0.21825705032153775,1415,0.8722513743128436,0.904040404040404,3600
"[{'WITHDRAW_A_GAP_SHORT'}, {'WITHDRAW_A_GAP_SHORT'}, {'WITHDRAW_C_GAP_MED'}, {'WITHDRAW_C_GAP_MED'}, {'OTHER_A_GAP_LONG'}, {'WITHDRAW_A_GAP_SHORT'}]",0.2172986955434847,1357,0.8721608969542852,0.904040404040404,3600
"[{'OTHER_A_GAP_SHORT'}, {'WITHDRAW_A_GAP_SHORT'}, {'WITHDRAW_C_GAP_LONG'}, {'WITHDRAW_C_GAP_MED'}, {'WITHDRAW_C_GAP_MED'}, {'OTHER_A_GAP_SHORT'}]",0.2153874997080043,1286,0.8722283901665345,0.904040404040404,3600
"[{'OTHER_A_GAP_SHORT'}, {'WITHDRAW_C_GAP_MED'}, {'WITHDRAW_A_GAP_SHORT'}, {'WITHDRAW_B_GAP_MED'}, {'WITHDRAW_B_GAP_MED'}, {'OTHER_A_GAP_SHORT'}]",0.21425548020536878,2086,0.8761168759324762,0.904040404040404,3600
"[{'OTHER_A_GAP_SHORT'}, {'WITHDRAW_A_GAP_SHORT'}, {'WITHDRAW_A_GAP_SHORT'}, {'WITHDRAW_B_GAP_SHORT'}, {'WITHDRAW_C_GAP_LONG'}, {'WITHDRAW_A_GAP_SHORT'}]",0.21313434545624732,1719,0.8750109447508974,0.904040404040404,3600
"[{'OTHER_A_GAP_SHORT'}, {'WITHDRAW_B_GAP_SHORT'}, {'WITHDRAW_C_GAP_MED'}, {'WITHDRAW_B_GAP_LONG'}, {'WITHDRAW_B_GAP_MED'}, {'WITHDRAW_A_GAP_SHORT'}]",0.21303974524074387,1917,0.8758144039443564,0.904040404040404,3600
"[{'OTHER_A_GAP_SHORT'}, {'OTHER_B_GAP_LONG'}, {'OTHER_B_GAP_LONG'}, {'OTHER_B_GAP_LONG'}, {'WITHDRAW_B_GAP_LONG'}, {'OTHER_B_GAP_LONG'}]",0.20950168431467153,370,0.8627717391304348,0.904040404040404,3600
"[{'OTHER_A_GAP_SHORT'}, {'WITHDRAW_B_GAP_MED'}, {'OTHER_A_GAP_SHORT'}, {'WITHDRAW_A_GAP_SHORT'}, {'WITHDRAW_B_GAP_MED'}, {'WITHDRAW_C_GAP_MED'}]",0.2083872725843804,2064,0.877462821770967,0.904040404040404,3600
"[{'OTHER_A_GAP_SHORT'}, {'WITHDRAW_C_GAP_MED'}, {'OTHER_A_GAP_SHORT'}, {'OTHER_A_GAP_SHORT'}, {'OTHER_A_GAP_SHORT'}, {'OTHER_A_GAP_SHORT'}]",0.20726072453906663,1822,0.876911438915005,0.904040404040404,3600
"[{'OTHER_A_GAP_SHORT'}, {'WITHDRAW_A_GAP_SHORT'}, {'WITHDRAW_B_GAP_LONG'}, {'WITHDRAW_A_GAP_SHORT'}, {'WITHDRAW_A_GAP_SHORT'}, {'OTHER_A_GAP_MED'}]",0.2067105574059901,1941,0.8774778299426186,0.904040404040404,3600
"[{'OTHER_A_GAP_LONG'}, {'WITHDRAW_C_GAP_LONG'}, {'WITHDRAW_B_GAP_LONG'}, {'WITHDRAW_B_GAP_LONG'}, {'WITHDRAW_A_GAP_SHORT'}, {'WITHDRAW_B_GAP_MED'}]",0.20579531349206992,1503,0.8759753156476096,0.904040404040404,3600
"[{'OTHER_A_GAP_SHORT'}, {'WITHDRAW_B_GAP_MED'}, {'WITHDRAW_C_GAP_LONG'}, {'WITHDRAW_A_GAP_SHORT'}, {'WITHDRAW_B_GAP_LONG'}, {'OTHER_A_GAP_SHORT'}]",0.20552884514207392,1502,0.876044226044226,0.904040404040404,3600
"[{'OTHER_A_GAP_SHORT'}, {'WITHDRAW_B_GAP_MED'}, {'WITHDRAW_B_GAP_MED'}, {'OTHER_A_GAP_MED'}, {'WITHDRAW_A_GAP_SHORT'}, {'WITHDRAW_A_GAP_SHORT'}]",0.2036854036125888,1898,0.8781202367519845,0.904040404040404,3600
"[{'WITHDRAW_A_GAP_SHORT'}, {'WITHDRAW_A_GAP_SHORT'}, {'OTHER_A_GAP_SHORT'}, {'WITHDRAW_A_GAP_SHORT'}, {'WITHDRAW_C_GAP_MED'}, {'WITHDRAW_A_GAP_SHORT'}]",0.20175721451714135,1769,0.8781866973356335,0.904040404040404,3600
"[{'OTHER_A_GAP_LONG'}, {'OTHER_A_GAP_LONG'}, {'WITHDRAW_C_GAP_MED'}, {'WITHDRAW_A_GAP_SHORT'}, {'WITHDRAW_B_GAP_MED'}, {'OTHER_A_GAP_LONG'}]",0.19868971243096178,2060,0.8799809843970187,0.904040404040404,3600
"[{'OTHER_A_GAP_LONG'}, {'WITHDRAW_B_GAP_MED'}, {'WITHDRAW_C_GAP_MED'}, {'WITHDRAW_B_GAP_MED'}, {'OTHER_A_GAP_SHORT'}, {'OTHER_A_GAP_LONG'}]",0.19859658141705339,1777,0.8791020515749242,0.904040404040404,3600
"[{'OTHER_A_GAP_MED'}, {'OTHER_A_GAP_MED'}, {'WITHDRAW_A_GAP_SHORT'}, {'WITHDRAW_B_GAP_MED'}, {'WITHDRAW_B_GAP_MED'}, {'OTHER_A_GAP_SHORT'}]",0.19821022387208231,1476,0.8780334540231605,0.904040404040404,3600
"[{'OTHER_A_GAP_LONG'}, {'WITHDRAW_C_GAP_MED'}, {'WITHDRAW_A_GAP_SHORT'}, {'WITHDRAW_B_GAP_MED'}, {'WITHDRAW_A_GAP_SHORT'}, {'WITHDRAW_B_GAP_LONG'}]",0.19648258990825396,2013,0.8804595128865018,0.904040404040404,3600
"[{'OTHER_A_GAP_LONG'}, {'WITHDRAW_A_GAP_SHORT'}, {'OTHER_A_GAP_SHORT'}, {'WITHDRAW_B_GAP_MED'}, {'WITHDRAW_B_GAP_MED'}, {'OTHER_A_GAP_SHORT'}]",0.19616140554574613,1997,0.880503854107915,0.904040404040404,3600
"[{'OTHER_A_GAP_SHORT'}, {'WITHDRAW_D_GAP_SHORT'}, {'WITHDRAW_B_GAP_MED'}, {'WITHDRAW_B_GAP_MED'}, {'WITHDRAW_A_GAP_MED'}, {'OTHER_A_GAP_LONG'}]",0.19496233156000087,1120,0.8772407858884268,0.904040404040404,3600
"[{'OTHER_A_GAP_SHORT'}, {'OTHER_A_GAP_LONG'}, {'OTHER_A_GAP_LONG'}, {'WITHDRAW_A_GAP_SHORT'}, {'WITHDRAW_C_GAP_MED'}, {'OTHER_A_GAP_LONG'}]",0.19093565916221578,1896,0.8817575679219845,0.904040404040404,3600
"[{'OTHER_A_GAP_SHORT'}, {'OTHER_A_GAP_MED', 'WITHDRAW_A_GAP_SHORT'}, {'WITHDRAW_B_GAP_MED'}, {'OTHER_A_GAP_MED'}, {'OTHER_A_GAP_MED'}, {'OTHER_A_GAP_LONG'}]",0.1908863856996582,1417,0.8800912349299447,0.904040404040404,3600
"[{'OTHER_A_GAP_LONG'}, {'WITHDRAW_A_GAP_SHORT'}, {'WITHDRAW_A_GAP_SHORT'}, {'WITHDRAW_A_GAP_SHORT'}, {'WITHDRAW_A_GAP_SHORT'}, {'WITHDRAW_C_GAP_MED'}]",0.19079493218029708,2110,0.8823878205128205,0.904040404040404,3600
"[{'WITHDRAW_A_GAP_SHORT'}, {'WITHDRAW_C_GAP_LONG'}, {'WITHDRAW_A_GAP_SHORT'}, {'WITHDRAW_B_GAP_SHORT'}, {'OTHER_A_GAP_SHORT'}, {'OTHER_A_GAP_SHORT'}]",0.18985315664146996,1286,0.8798581706771318,0.904040404040404,3600
"[{'OTHER_D_GAP_LONG'}, {'WITHDRAW_A_GAP_LONG'}, {'WITHDRAW_B_GAP_LONG'}, {'WITHDRAW_A_GAP_LONG'}, {'OTHER_A_GAP_SHORT'}, {'OTHER_A_GAP_LONG'}]",0.1896825878223808,693,0.8758850478967096,0.904040404040404,3600
"[{'WITHDRAW_A_GAP_SHORT'}, {'OTHER_A_GAP_SHORT'}, {'WITHDRAW_A_GAP_SHORT'}, {'WITHDRAW_B_GAP_MED'}, {'WITHDRAW_A_GAP_SHORT'}, {'OTHER_A_GAP_MED'}]",0.1888447812468268,1738,0.8819381202568594,0.904040404040404,3600
"[{'WITHDRAW_A_GAP_SHORT'}, {'WITHDRAW_C_GAP_LONG'}, {'WITHDRAW_B_GAP_MED'}, {'OTHER_A_GAP_SHORT'}, {'WITHDRAW_B_GAP_LONG'}, {'WITHDRAW_B_GAP_SHORT'}]",0.18855509430637984,1260,0.8801899995758938,0.904040404040404,3600
"[{'OTHER_A_GAP_SHORT'}, {'WITHDRAW_C_GAP_MED'}, {'WITHDRAW_B_GAP_MED'}, {'WITHDRAW_B_GAP_MED'}, {'WITHDRAW_B_GAP_LONG'}, {'OTHER_A_GAP_LONG'}]",0.1870874362791073,1981,0.8832106339468302,0.904040404040404,3600
"[{'OTHER_A_GAP_SHORT'}, {'WITHDRAW_B_GAP_MED'}, {'OTHER_A_GAP_SHORT'}, {'WITHDRAW_C_GAP_MED'}, {'WITHDRAW_B_GAP_MED'}, {'WITHDRAW_A_GAP_SHORT'}]",0.18663751003487605,2046,0.8835230084116774,0.904040404040404,3600
"[{'OTHER_A_GAP_MED'}, {'WITHDRAW_B_GAP_MED'}, {'WITHDRAW_A_GAP_SHORT'}, {'WITHDRAW_B_GAP_MED'}, {'WITHDRAW_A_GAP_SHORT'}, {'OTHER_A_GAP_LONG'}]",0.18392457129241357,2069,0.8844743276283619,0.904040404040404,3600
"[{'OTHER_A_GAP_LONG'}, {'OTHER_A_GAP_LONG'}, {'WITHDRAW_A_GAP_SHORT'}, {'WITHDRAW_A_GAP_SHORT'}, {'WITHDRAW_A_GAP_SHORT'}, {'WITHDRAW_C_GAP_MED'}]",0.18357920446052245,2124,0.8847182425978988,0.904040404040404,3600
"[{'WITHDRAW_B_GAP_LONG'}, {'WITHDRAW_B_GAP_MED'}, {'WITHDRAW_B_GAP_MED'}, {'WITHDRAW_B_GAP_MED'}, {'WITHDRAW_A_GAP_SHORT'}, {'OTHER_A_GAP_MED'}]",0.1833624879974446,2013,0.8845313524142451,0.904040404040404,3600
"[{'OTHER_D_GAP_LONG'}, {'OTHER_A_GAP_LONG'}, {'OTHER_A_GAP_LONG'}, {'OTHER_A_GAP_LONG'}, {'WITHDRAW_B_GAP_LONG'}, {'WITHDRAW_A_GAP_LONG'}]",0.18283937323661303,878,0.8802558456537695,0.904040404040404,3600
"[{'OTHER_A_GAP_SHORT'}, {'OTHER_A_GAP_LONG'}, {'OTHER_A_GAP_LONG'}, {'WITHDRAW_B_GAP_MED'}, {'WITHDRAW_C_GAP_MED'}, {'WITHDRAW_B_GAP_MED'}]",0.18092022145241826,2070,0.885516941317235,0.904040404040404,3600
"[{'WITHDRAW_B_GAP_LONG'}, {'WITHDRAW_A_GAP_SHORT'}, {'WITHDRAW_B_GAP_LONG'}, {'WITHDRAW_C_GAP_MED'}, {'WITHDRAW_A_GAP_SHORT'}, {'WITHDRAW_B_GAP_LONG'}]",0.18050286182562347,1663,0.8846324303362695,0.904040404040404,3600
"[{'OTHER_A_GAP_SHORT'}, {'WITHDRAW_B_GAP_MED'}, {'WITHDRAW_B_GAP_LONG'}, {'WITHDRAW_C_GAP_LONG'}, {'OTHER_A_GAP_SHORT'}, {'OTHER_A_GAP_LONG'}]",0.17988359572405643,1366,0.8839020771513353,0.904040404040404,3600
"[{'OTHER_A_GAP_SHORT'}, {'WITHDRAW_B_GAP_LONG'}, {'OTHER_A_GAP_LONG'}, {'OTHER_A_GAP_LONG'}, {'OTHER_A_GAP_LONG'}, {'OTHER_A_GAP_LONG'}]",0.17812598399192348,1748,0.8857842620878542,0.904040404040404,3600
"[{'OTHER_A_GAP_SHORT'}, {'OTHER_A_GAP_MED'}, {'OTHER_A_GAP_MED'}, {'OTHER_A_GAP_MED'}, {'WITHDRAW_B_GAP_LONG'}, {'OTHER_A_GAP_LONG'}]",0.17719123770721934,1528,0.8855437665782493,0.904040404040404,3600
"[{'WITHDRAW_A_GAP_SHORT'}, {'WITHDRAW_A_GAP_SHORT'}, {'WITHDRAW_A_GAP_SHORT'}, {'WITHDRAW_B_GAP_MED'}, {'WITHDRAW_A_GAP_SHORT'}, {'OTHER_A_GAP_MED'}]",0.1759786596737568,2146,0.8875181422351235,0.904040404040404,3600
"[{'WITHDRAW_B_GAP_MED'}, {'WITHDRAW_A_GAP_SHORT'}, {'WITHDRAW_A_GAP_SHORT'}, {'WITHDRAW_A_GAP_SHORT'}, {'WITHDRAW_B_GAP_LONG'}, {'OTHER_A_GAP_MED'}]",0.17591404974167613,2010,0.8872712468982631,0.904040404040404,3600
"[{'OTHER_A_GAP_LONG'}, {'OTHER_A_GAP_LONG'}, {'WITHDRAW_A_GAP_SHORT'}, {'WITHDRAW_A_GAP_SHORT'}, {'WITHDRAW_B_GAP_LONG'}, {'OTHER_A_GAP_MED'}]",0.17571853663700632,1976,0.8872781065088757,0.904040404040404,3600
"[{'OTHER_A_GAP_SHORT'}, {'OTHER_A_GAP_LONG'}, {'OTHER_A_GAP_SHORT'}, {'OTHER_A_GAP_SHORT'}, {'WITHDRAW_A_GAP_SHORT'}, {'OTHER_A_GAP_SHORT'}]",0.17540969366252523,1693,0.8867474088738792,0.904040404040404,3600
"[{'OTHER_A_GAP_LONG'}, {'WITHDRAW_C_GAP_MED'}, {'WITHDRAW_C_GAP_MED'}, {'WITHDRAW_A_GAP_SHORT'}, {'WITHDRAW_C_GAP_MED'}, {'WITHDRAW_A_GAP_MED'}]",0.1754093947583606,1357,0.8857641859138865,0.904040404040404,3600
"[{'OTHER_A_GAP_LONG'}, {'WITHDRAW_B_GAP_MED'}, {'WITHDRAW_B_GAP_MED'}, {'WITHDRAW_B_GAP_MED'}, {'WITHDRAW_B_GAP_MED'}, {'WITHDRAW_B_GAP_MED'}]",0.1749034670273656,2781,0.8889550072568941,0.904040404040404,3600
"[{'WITHDRAW_B_GAP_SHORT'}, {'OTHER_A_GAP_SHORT'}, {'OTHER_A_GAP_SHORT'}, {'WITHDRAW_B_GAP_LONG'}, {'WITHDRAW_B_GAP_LONG'}, {'WITHDRAW_C_GAP_LONG'}]",0.17414828481246536,1261,0.8860072887532842,0.904040404040404,3600
"[{'OTHER_A_GAP_SHORT'}, {'WITHDRAW_B_GAP_LONG'}, {'WITHDRAW_B_GAP_LONG'}, {'OTHER_A_GAP_LONG'}, {'WITHDRAW_B_GAP_LONG'}, {'WITHDRAW_B_GAP_LONG'}]",0.17341510001857796,1405,0.8868258178603007,0.904040404040404,3600
"[{'OTHER_A_GAP_LONG'}, {'OTHER_A_GAP_LONG'}, {'OTHER_A_GAP_MED'}, {'OTHER_A_GAP_MED'}, {'WITHDRAW_B_GAP_LONG'}, {'WITHDRAW_B_GAP_LONG'}]",0.17296687711850867,1423,0.8870895186684661,0.904040404040404,3600
"[{'OTHER_A_GAP_LONG'}, {'OTHER_A_GAP_LONG'}, {'OTHER_A_GAP_SHORT'}, {'OTHER_A_GAP_SHORT'}, {'OTHER_A_GAP_SHORT'}, {'WITHDRAW_B_GAP_MED'}]",0.17202410999988782,1893,0.8886741814278046,0.904040404040404,3600
"[{'OTHER_A_GAP_SHORT'}, {'OTHER_A_GAP_LONG'}, {'WITHDRAW_B_GAP_MED'}, {'WITHDRAW_C_GAP_MED'}, {'WITHDRAW_B_GAP_SHORT'}, {'WITHDRAW_B_GAP_SHORT'}]",0.17169742510115305,1907,0.888849487785658,0.904040404040404,3600
"[{'OTHER_A_GAP_LONG'}, {'WITHDRAW_B_GAP_LONG'}, {'OTHER_A_GAP_MED'}, {'WITHDRAW_B_GAP_LONG'}, {'OTHER_A_GAP_MED'}, {'OTHER_A_GAP_LONG'}]",0.1713988506157298,1487,0.8880190605854323,0.904040404040404,3600
"[{'OTHER_A_GAP_SHORT'}, {'OTHER_C_GAP_LONG'}, {'WITHDRAW_A_GAP_LONG'}, {'WITHDRAW_B_GAP_LONG'}, {'WITHDRAW_A_GAP_LONG'}, {'WITHDRAW_B_GAP_LONG'}]",0.17058808333331876,545,0.8839617631439194,0.904040404040404,3600
"[{'OTHER_D_GAP_LONG'}, {'WITHDRAW_A_GAP_LONG'}, {'OTHER_A_GAP_LONG'}, {'OTHER_A_GAP_LONG'}, {'OTHER_A_GAP_LONG'}, {'OTHER_A_GAP_LONG'}]",0.17033387925430754,594,0.884549185754005,0.904040404040404,3600
"[{'OTHER_A_GAP_LONG'}, {'OTHER_A_GAP_LONG'}, {'OTHER_A_GAP_SHORT'}, {'WITHDRAW_B_GAP_MED'}, {'WITHDRAW_B_GAP_MED'}, {'WITHDRAW_B_GAP_MED'}]",0.16905454842551493,2301,0.8907354184277262,0.904040404040404,3600
"[{'OTHER_A_GAP_SHORT'}, {'WITHDRAW_B_GAP_MED'}, {'WITHDRAW_A_GAP_SHORT'}, {'WITHDRAW_B_GAP_MED'}, {'WITHDRAW_B_GAP_LONG'}, {'OTHER_B_GAP_MED'}]",0.16886526678616098,980,0.8876811594202898,0.904040404040404,3600
"[{'OTHER_A_GAP_SHORT'}, {'OTHER_A_GAP_LONG'}, {'OTHER_A_GAP_LONG'}, {'OTHER_A_GAP_MED'}, {'WITHDRAW_B_GAP_SHORT'}, {'OTHER_A_GAP_LONG'}]",0.1684773352367881,1753,0.8900925925925925,0.904040404040404,3600
"[{'OTHER_A_GAP_SHORT'}, {'WITHDRAW_B_GAP_LONG'}, {'OTHER_A_GAP_SHORT'}, {'WITHDRAW_A_GAP_SHORT'}, {'WITHDRAW_B_GAP_MED'}, {'OTHER_A_GAP_SHORT'}]",0.16632876304939004,2116,0.8918319947520522,0.904040404040404,3600
"[{'OTHER_D_GAP_LONG'}, {'OTHER_C_GAP_LONG'}, {'OTHER_B_GAP_LONG'}, {'WITHDRAW_A_GAP_LONG'}, {'WITHDRAW_A_GAP_LONG'}, {'WITHDRAW_B_GAP_LONG'}]",0.16619326916322907,243,0.8831932773109245,0.904040404040404,3600
"[{'OTHER_A_GAP_MED'}, {'WITHDRAW_B_GAP_MED'}, {'OTHER_A_GAP_SHORT', 'WITHDRAW_A_GAP_SHORT'}, {'OTHER_A_GAP_LONG'}, {'WITHDRAW_B_GAP_LONG'}, {'OTHER_A_GAP_LONG'}]",0.16531763110405806,1098,0.8903073012939002,0.904040404040404,3600
"[{'OTHER_A_GAP_MED'}, {'WITHDRAW_A_GAP_SHORT'}, {'WITHDRAW_B_GAP_MED'}, {'WITHDRAW_B_GAP_LONG'}, {'WITHDRAW_B_GAP_LONG'}, {'WITHDRAW_B_GAP_MED'}]",0.16516039780754177,1747,0.8919053136897864,0.904040404040404,3600
"[{'WITHDRAW_B_GAP_MED'}, {'WITHDRAW_B_GAP_MED'}, {'OTHER_A_GAP_LONG'}, {'OTHER_A_GAP_MED'}, {'OTHER_A_GAP_LONG'}, {'OTHER_A_GAP_LONG'}]",0.16509804781131,1645,0.891758917589176,0.904040404040404,3600
"[{'OTHER_A_GAP_SHORT'}, {'WITHDRAW_B_GAP_LONG'}, {'WITHDRAW_B_GAP_MED'}, {'WITHDRAW_A_GAP_SHORT'}, {'WITHDRAW_A_GAP_SHORT'}, {'WITHDRAW_B_GAP_MED'}]",0.1648334033319181,2681,0.8933126796728906,0.904040404040404,3600
"[{'OTHER_A_GAP_LONG'}, {'OTHER_A_GAP_LONG'}, {'OTHER_A_GAP_LONG'}, {'OTHER_A_GAP_SHORT'}, {'OTHER_A_GAP_SHORT'}, {'OTHER_A_GAP_SHORT'}]",0.16462156279104279,1870,0.8924275362318841,0.904040404040404,3600
"[{'OTHER_A_GAP_SHORT'}, {'WITHDRAW_A_GAP_SHORT'}, {'OTHER_A_GAP_SHORT'}, {'WITHDRAW_A_GAP_SHORT'}, {'OTHER_A_GAP_SHORT'}, {'WITHDRAW_A_GAP_SHORT'}]",0.16407252572815534,2087,0.893065693430657,0.904040404040404,3600
"[{'OTHER_A_GAP_SHORT'}, {'WITHDRAW_B_GAP_LONG'}, {'WITHDRAW_B_GAP_LONG'}, {'WITHDRAW_B_GAP_LONG'}, {'OTHER_A_GAP_LONG'}, {'WITHDRAW_B_GAP_LONG'}]",0.1639649276191475,1412,0.8920107769285753,0.904040404040404,3600
"[{'OTHER_A_GAP_LONG'}, {'WITHDRAW_A_GAP_SHORT'}, {'WITHDRAW_A_GAP_SHORT'}, {'WITHDRAW_A_GAP_SHORT'}, {'OTHER_A_GAP_SHORT'}, {'WITHDRAW_B_GAP_MED'}]",0.16297962159798995,2233,0.8939130434782608,0.904040404040404,3600
"[{'WITHDRAW_B_GAP_MED'}, {'WITHDRAW_A_GAP_SHORT'}, {'OTHER_A_GAP_SHORT'}, {'WITHDRAW_B_GAP_MED'}, {'OTHER_A_GAP_SHORT'}, {'OTHER_A_GAP_SHORT'}]",0.16293600911956885,2110,0.893796340747853,0.904040404040404,3600
"[{'OTHER_A_GAP_MED'}, {'WITHDRAW_B_GAP_MED'}, {'OTHER_A_GAP_MED'}, {'OTHER_A_GAP_LONG'}, {'OTHER_A_GAP_LONG'}, {'OTHER_A_GAP_LONG'}]",0.16277774223832653,1584,0.8931439878943079,0.904040404040404,3600
"[{'OTHER_A_GAP_LONG'}, {'WITHDRAW_B_GAP_SHORT'}, {'WITHDRAW_A_GAP_SHORT'}, {'WITHDRAW_A_GAP_SHORT'}, {'WITHDRAW_B_GAP_LONG'}, {'OTHER_A_GAP_SHORT'}]",0.16253421842895932,1998,0.893918708066781,0.904040404040404,3600
"[{'WITHDRAW_A_GAP_LONG'}, {'WITHDRAW_C_GAP_MED'}, {'OTHER_A_GAP_SHORT'}, {'OTHER_A_GAP_SHORT'}, {'WITHDRAW_B_GAP_LONG'}, {'OTHER_A_GAP_MED'}]",0.16090104197092137,802,0.8927664974619289,0.904040404040404,3600
"[{'WITHDRAW_A_GAP_LONG'}, {'WITHDRAW_A_GAP_LONG'}, {'WITHDRAW_A_GAP_LONG'}, {'WITHDRAW_B_GAP_LONG'}, {'WITHDRAW_C_GAP_LONG'}, {'WITHDRAW_B_GAP_LONG'}]",0.1603282661014086,898,0.8936170212765957,0.904040404040404,3600
