pattern,quality,pattern_auc,support,class_balance,p_value,corrected_p,is_sig,global_auc
"[{'PROFILE_REGION_LOW_EDU', 'PROFILE_REGION_LOW_CRIME', 'PROFILE_REGION_LOW_INCOME'}, {'CARD_WITHDRAWAL_A_GAP_SHORT'}, {'CARD_WITHDRAWAL_B_GAP_LONG'}, {'DEPOSIT_C_GAP_SHORT'}]",1.2029506441258055,0.6981132075471699,54,"{0.0: 53, 1.0: 1}",0.000999000999000999,0.00111000111000111,True,0.9694829047753603
"[{'PROFILE_REGION_LOW_CRIME', 'PROFILE_REGION_LOW_EDU', 'PROFILE_REGION_LOW_INCOME'}, {'DEPOSIT_A_GAP_SHORT'}, {'DEPOSIT_C_GAP_MED'}, {'DEPOSIT_C_GAP_SHORT'}, {'CARD_WITHDRAWAL_A_GAP_SHORT'}]",0.9479788323446353,0.7173913043478262,47,"{0.0: 46, 1.0: 1}",0.000999000999000999,0.0011352284079556806,True,0.9694829047753603
[{'TRANSFER_IN_D_GAP_MED'}],0.9377665651320152,0.8805379746835443,328,"{0.0: 316, 1.0: 12}",0.000999000999000999,0.0011616290686058128,True,0.9694829047753603
"[{'TRANSFER_IN_D_GAP_MED'}, {'CARD_WITHDRAWAL_D_GAP_MED'}, {'CARD_WITHDRAWAL_C_GAP_MED'}, {'CARD_WITHDRAWAL_D_GAP_SHORT'}]",0.7913083906175695,0.829598308668076,226,"{0.0: 215, 1.0: 11}",0.000999000999000999,0.0011224730325853922,True,0.9694829047753603
"[{'PROFILE_OLD_MALE', 'PROFILE_REGION_LOW_INCOME', 'PROFILE_REGION_LOW_CRIME', 'PROFILE_REGION_LOW_EDU'}, {'DEPOSIT_A_GAP_SHORT'}]",0.7891186747154115,0.8562091503267973,155,"{0.0: 153, 1.0: 2}",0.000999000999000999,0.0010978032956054933,True,0.9694829047753603
"[{'CARD_WITHDRAWAL_C_GAP_MED'}, {'CARD_WITHDRAWAL_C_GAP_MED'}, {'CARD_WITHDRAWAL_C_GAP_MED'}, {'DEPOSIT_B_GAP_MED'}, {'CARD_WITHDRAWAL_D_GAP_SHORT'}]",0.7305025869566674,0.8071111111111111,134,"{0.0: 125, 1.0: 9}",0.000999000999000999,0.0011616290686058128,True,0.9694829047753603
"[{'PROFILE_OLD_MALE', 'PROFILE_REGION_LOW_CRIME', 'PROFILE_REGION_LOW_EDU'}, {'DEPOSIT_A_GAP_SHORT'}, {'CARD_WITHDRAWAL_C_GAP_MED'}, {'CARD_WITHDRAWAL_C_GAP_SHORT'}, {'CARD_WITHDRAWAL_B_GAP_SHORT'}]",0.7215993936745934,0.7906976744186047,88,"{0.0: 86, 1.0: 2}",0.000999000999000999,0.0010978032956054933,True,0.9694829047753603
"[{'PROFILE_REGION_LOW_CRIME', 'PROFILE_REGION_LOW_EDU', 'PROFILE_REGION_LOW_INCOME', 'PROFILE_OLD_MALE'}, {'CARD_WITHDRAWAL_B_GAP_MED'}, {'CARD_WITHDRAWAL_B_GAP_LONG'}]",0.7119395710881959,0.8448275862068966,147,"{0.0: 145, 1.0: 2}",0.000999000999000999,0.0011352284079556806,True,0.9694829047753603
"[{'PROFILE_REGION_HIGH_INCOME', 'PROFILE_REGION_HIGH_CRIME'}, {'DEPOSIT_B_GAP_SHORT'}, {'CARD_WITHDRAWAL_B_GAP_MED'}, {'DEPOSIT_C_GAP_MED'}, {'CARD_WITHDRAWAL_B_GAP_LONG'}]",0.7014778717001489,0.8053097345132744,114,"{0.0: 113, 1.0: 1}",0.000999000999000999,0.0010978032956054933,True,0.9694829047753603
"[{'PROFILE_REGION_LOW_EDU'}, {'CARD_WITHDRAWAL_C_GAP_MED'}, {'CARD_WITHDRAWAL_C_GAP_MED'}, {'DEPOSIT_C_GAP_LONG'}, {'CARD_WITHDRAWAL_C_GAP_SHORT'}]",0.6876521665241948,0.8027210884353742,101,"{0.0: 98, 1.0: 3}",0.000999000999000999,0.0010978032956054933,True,0.9694829047753603
"[{'PROFILE_REGION_LOW_CRIME', 'PROFILE_REGION_LOW_EDU'}, {'DEPOSIT_B_GAP_SHORT'}, {'CARD_WITHDRAWAL_D_GAP_MED'}, {'CARD_WITHDRAWAL_C_GAP_LONG'}, {'CARD_WITHDRAWAL_C_GAP_LONG'}]",0.6822346923475342,0.7708333333333334,49,"{0.0: 48, 1.0: 1}",0.002997002997002997,0.0031883010606414863,True,0.9694829047753603
"[{'CARD_WITHDRAWAL_D_GAP_MED'}, {'TRANSFER_IN_D_GAP_MED'}, {'CARD_WITHDRAWAL_C_GAP_SHORT'}, {'CARD_WITHDRAWAL_D_GAP_SHORT'}]",0.6672983080511928,0.8451352907311456,202,"{1.0: 9, 0.0: 193}",0.000999000999000999,0.00111000111000111,True,0.9694829047753603
"[{'DEPOSIT_C_GAP_MED'}, {'CARD_WITHDRAWAL_D_GAP_MED'}]",0.6363437714919922,0.9189895470383276,713,"{0.0: 672, 1.0: 41}",0.000999000999000999,0.0010978032956054933,True,0.9694829047753603
"[{'CARD_WITHDRAWAL_D_GAP_MED'}, {'CARD_WITHDRAWAL_B_GAP_MED'}, {'CARD_WITHDRAWAL_A_GAP_SHORT'}, {'DEPOSIT_B_GAP_MED'}, {'CARD_WITHDRAWAL_D_GAP_SHORT'}]",0.6319300070618198,0.8334896810506567,177,"{0.0: 164, 1.0: 13}",0.000999000999000999,0.0011224730325853922,True,0.9694829047753603
"[{'PROFILE_OLD_MALE', 'PROFILE_REGION_LOW_INCOME'}, {'DEPOSIT_A_GAP_SHORT'}, {'DEPOSIT_C_GAP_LONG'}, {'CARD_WITHDRAWAL_D_GAP_MED'}, {'CARD_WITHDRAWAL_B_GAP_LONG'}]",0.6276607696661913,0.7956989247311828,65,"{0.0: 62, 1.0: 3}",0.000999000999000999,0.0011224730325853922,True,0.9694829047753603
"[{'DEPOSIT_C_GAP_LONG'}, {'DEPOSIT_D_GAP_LONG'}]",0.6252293813611993,0.9193284708249497,596,"{0.0: 568, 1.0: 28}",0.000999000999000999,0.0011224730325853922,True,0.9694829047753603
"[{'PROFILE_REGION_LOW_INCOME', 'PROFILE_REGION_LOW_CRIME', 'PROFILE_OLD_MALE'}, {'CARD_WITHDRAWAL_C_GAP_LONG'}]",0.6107467403767406,0.9134518617913452,282,"{0.0: 271, 1.0: 11}",0.000999000999000999,0.0011616290686058128,True,0.9694829047753603
"[{'PROFILE_REGION_HIGH_INCOME', 'PROFILE_OLD_FEMALE'}, {'DEPOSIT_C_GAP_LONG'}]",0.6066683180546397,0.9139105058365758,265,"{0.0: 257, 1.0: 8}",0.000999000999000999,0.0011616290686058128,True,0.9694829047753603
"[{'TRANSFER_IN_D_GAP_LONG'}, {'TRANSFER_IN_D_GAP_MED'}, {'TRANSFER_IN_D_GAP_SHORT'}, {'TRANSFER_IN_D_GAP_MED'}]",0.602930515598551,0.8512658227848102,168,"{1.0: 10, 0.0: 158}",0.000999000999000999,0.0010978032956054933,True,0.9694829047753603
"[{'CARD_WITHDRAWAL_D_GAP_SHORT'}, {'DEPOSIT_C_GAP_LONG'}, {'CARD_WITHDRAWAL_A_GAP_SHORT'}]",0.597839664438037,0.8877272727272728,322,"{0.0: 300, 1.0: 22}",0.000999000999000999,0.0011616290686058128,True,0.9694829047753603
"[{'CARD_WITHDRAWAL_D_GAP_MED'}, {'DEPOSIT_B_GAP_MED'}, {'CARD_WITHDRAWAL_C_GAP_MED'}, {'CARD_WITHDRAWAL_C_GAP_LONG'}, {'CARD_WITHDRAWAL_D_GAP_MED'}]",0.5944185640499847,0.8214285714285714,104,"{0.0: 98, 1.0: 6}",0.000999000999000999,0.0010978032956054933,True,0.9694829047753603
"[{'CARD_WITHDRAWAL_C_GAP_SHORT'}, {'CARD_WITHDRAWAL_C_GAP_MED'}, {'CARD_WITHDRAWAL_C_GAP_MED'}, {'CARD_WITHDRAWAL_D_GAP_SHORT'}]",0.5807046696772493,0.8857927786499216,574,"{0.0: 546, 1.0: 28}",0.000999000999000999,0.0011224730325853922,True,0.9694829047753603
"[{'PROFILE_REGION_LOW_INCOME'}, {'DEPOSIT_D_GAP_LONG'}, {'CARD_WITHDRAWAL_A_GAP_SHORT'}, {'DEPOSIT_C_GAP_SHORT'}]",0.5797415338955747,0.8520408163265306,147,"{0.0: 140, 1.0: 7}",0.000999000999000999,0.00111000111000111,True,0.9694829047753603
"[{'CARD_WITHDRAWAL_C_GAP_MED'}, {'CARD_WITHDRAWAL_D_GAP_LONG'}, {'CARD_WITHDRAWAL_D_GAP_SHORT'}]",0.5773253705549962,0.9066026093088857,741,"{0.0: 709, 1.0: 32}",0.000999000999000999,0.00111000111000111,True,0.9694829047753603
"[{'PROFILE_REGION_LOW_EDU', 'PROFILE_OLD_MALE', 'PROFILE_REGION_LOW_INCOME'}, {'DEPOSIT_A_GAP_SHORT'}, {'CARD_WITHDRAWAL_B_GAP_MED'}, {'CARD_WITHDRAWAL_B_GAP_LONG'}]",0.5688272438203037,0.8541666666666666,146,"{0.0: 144, 1.0: 2}",0.000999000999000999,0.00111000111000111,True,0.9694829047753603
"[{'CARD_WITHDRAWAL_C_GAP_MED'}, {'CARD_WITHDRAWAL_C_GAP_MED'}, {'DEPOSIT_C_GAP_SHORT'}, {'DEPOSIT_C_GAP_MED'}]",0.558102327109034,0.8628481345244351,184,"{0.0: 173, 1.0: 11}",0.000999000999000999,0.0011352284079556806,True,0.9694829047753603
"[{'DEPOSIT_D_GAP_LONG'}, {'DEPOSIT_C_GAP_LONG'}, {'CARD_WITHDRAWAL_D_GAP_MED'}]",0.5576041732363449,0.904061491744164,501,"{0.0: 479, 1.0: 22}",0.000999000999000999,0.0011352284079556806,True,0.9694829047753603
"[{'PROFILE_REGION_LOW_INCOME'}, {'CARD_WITHDRAWAL_A_GAP_SHORT'}, {'DEPOSIT_C_GAP_SHORT'}, {'DEPOSIT_D_GAP_MED'}]",0.555337502713291,0.8528925619834711,126,"{0.0: 121, 1.0: 5}",0.000999000999000999,0.0010978032956054933,True,0.9694829047753603
"[{'PROFILE_REGION_LOW_CRIME'}, {'DEPOSIT_D_GAP_SHORT'}, {'CARD_WITHDRAWAL_A_GAP_SHORT'}, {'DEPOSIT_C_GAP_SHORT'}]",0.553495221687915,0.8548752834467122,133,"{0.0: 126, 1.0: 7}",0.000999000999000999,0.00111000111000111,True,0.9694829047753603
"[{'CARD_WITHDRAWAL_A_GAP_SHORT'}, {'CARD_WITHDRAWAL_C_GAP_MED'}, {'CARD_WITHDRAWAL_D_GAP_MED'}, {'CARD_WITHDRAWAL_A_GAP_SHORT'}, {'DEPOSIT_C_GAP_SHORT'}]",0.5504235278957557,0.8461538461538461,168,"{0.0: 155, 1.0: 13}",0.000999000999000999,0.0011352284079556806,True,0.9694829047753603
"[{'CARD_WITHDRAWAL_D_GAP_SHORT'}, {'CARD_WITHDRAWAL_C_GAP_MED'}, {'CARD_WITHDRAWAL_D_GAP_SHORT'}]",0.5502485728594861,0.9149454596968408,944,"{0.0: 905, 1.0: 39}",0.000999000999000999,0.0011616290686058128,True,0.9694829047753603
"[{'CARD_WITHDRAWAL_C_GAP_MED'}, {'CARD_WITHDRAWAL_C_GAP_SHORT'}, {'CARD_WITHDRAWAL_C_GAP_MED'}, {'CARD_WITHDRAWAL_A_GAP_SHORT'}, {'CARD_WITHDRAWAL_D_GAP_SHORT'}]",0.5487098757877631,0.8736496913580246,456,"{0.0: 432, 1.0: 24}",0.000999000999000999,0.0011616290686058128,True,0.9694829047753603
"[{'CARD_WITHDRAWAL_C_GAP_MED'}, {'CARD_WITHDRAWAL_C_GAP_SHORT'}, {'CARD_WITHDRAWAL_D_GAP_MED'}]",0.5479889996598499,0.9157594472940438,973,"{0.0: 932, 1.0: 41}",0.000999000999000999,0.0011352284079556806,True,0.9694829047753603
"[{'CARD_WITHDRAWAL_C_GAP_MED'}, {'CARD_WITHDRAWAL_D_GAP_SHORT'}, {'DEPOSIT_C_GAP_MED'}]",0.5461423310075006,0.9028871391076114,402,"{0.0: 381, 1.0: 21}",0.000999000999000999,0.00111000111000111,True,0.9694829047753603
"[{'PROFILE_REGION_LOW_INCOME'}, {'DEPOSIT_C_GAP_MED'}, {'CARD_WITHDRAWAL_D_GAP_MED'}]",0.5461369027997587,0.8974089635854342,293,"{1.0: 21, 0.0: 272}",0.000999000999000999,0.0010978032956054933,True,0.9694829047753603
"[{'PROFILE_REGION_HIGH_CRIME', 'PROFILE_OLD_FEMALE'}, {'CARD_WITHDRAWAL_B_GAP_LONG'}, {'DEPOSIT_C_GAP_LONG'}]",0.5426066275955909,0.8817204301075268,127,"{0.0: 124, 1.0: 3}",0.000999000999000999,0.0011224730325853922,True,0.9694829047753603
"[{'CARD_WITHDRAWAL_C_GAP_MED'}, {'DEPOSIT_C_GAP_LONG'}, {'CARD_WITHDRAWAL_C_GAP_SHORT'}]",0.5424522903085641,0.8970414201183432,273,"{0.0: 260, 1.0: 13}",0.000999000999000999,0.0010978032956054933,True,0.9694829047753603
"[{'DEPOSIT_C_GAP_LONG'}, {'CARD_WITHDRAWAL_C_GAP_MED'}, {'CARD_WITHDRAWAL_C_GAP_MED'}, {'CARD_WITHDRAWAL_C_GAP_MED'}, {'TRANSFER_B_GAP_SHORT'}]",0.5414240426062549,0.8333333333333333,107,"{0.0: 101, 1.0: 6}",0.000999000999000999,0.0011616290686058128,True,0.9694829047753603
"[{'CARD_WITHDRAWAL_C_GAP_MED'}, {'CARD_WITHDRAWAL_C_GAP_SHORT'}, {'CARD_WITHDRAWAL_D_GAP_SHORT'}, {'CARD_WITHDRAWAL_B_GAP_SHORT'}, {'CARD_WITHDRAWAL_D_GAP_SHORT'}]",0.5408556776324296,0.8602150537634409,257,"{0.0: 248, 1.0: 9}",0.000999000999000999,0.00111000111000111,True,0.9694829047753603
"[{'DEPOSIT_C_GAP_LONG'}, {'CARD_WITHDRAWAL_C_GAP_SHORT'}, {'CARD_WITHDRAWAL_C_GAP_MED'}]",0.5400024795496349,0.9055913164205478,436,"{0.0: 417, 1.0: 19}",0.000999000999000999,0.0010978032956054933,True,0.9694829047753603
"[{'CARD_WITHDRAWAL_D_GAP_MED'}, {'CARD_WITHDRAWAL_C_GAP_MED'}, {'CARD_WITHDRAWAL_C_GAP_MED'}, {'TRANSFER_B_GAP_SHORT'}, {'CARD_WITHDRAWAL_C_GAP_MED'}]",0.5392360124983931,0.8607038123167157,259,"{1.0: 11, 0.0: 248}",0.000999000999000999,0.0011616290686058128,True,0.9694829047753603
"[{'DEPOSIT_C_GAP_MED'}, {'CARD_WITHDRAWAL_C_GAP_SHORT'}, {'CARD_WITHDRAWAL_C_GAP_MED'}]",0.5364402744495992,0.9078956821610747,480,"{0.0: 449, 1.0: 31}",0.000999000999000999,0.00111000111000111,True,0.9694829047753603
"[{'CARD_WITHDRAWAL_C_GAP_MED'}, {'CARD_WITHDRAWAL_D_GAP_MED'}, {'DEPOSIT_B_GAP_MED'}]",0.535268085501301,0.9077674645823155,468,"{0.0: 445, 1.0: 23}",0.000999000999000999,0.0010978032956054933,True,0.9694829047753603
"[{'PROFILE_REGION_LOW_INCOME', 'PROFILE_REGION_LOW_CRIME', 'PROFILE_OLD_MALE'}, {'CARD_WITHDRAWAL_C_GAP_LONG'}, {'CARD_WITHDRAWAL_A_GAP_SHORT'}, {'DEPOSIT_C_GAP_MED'}, {'CARD_WITHDRAWAL_C_GAP_MED'}]",0.5347716694192279,0.7982456140350878,41,"{0.0: 38, 1.0: 3}",0.000999000999000999,0.0011616290686058128,True,0.9694829047753603
"[{'DEPOSIT_D_GAP_LONG'}, {'CARD_WITHDRAWAL_D_GAP_SHORT'}, {'DEPOSIT_C_GAP_LONG'}]",0.5323048936022364,0.9031645569620252,336,"{0.0: 316, 1.0: 20}",0.000999000999000999,0.0010978032956054933,True,0.9694829047753603
"[{'CARD_WITHDRAWAL_C_GAP_LONG'}, {'CARD_WITHDRAWAL_C_GAP_MED'}, {'CARD_WITHDRAWAL_C_GAP_MED'}, {'CARD_WITHDRAWAL_D_GAP_SHORT'}]",0.5319597608885877,0.8937301477696451,583,"{0.0: 557, 1.0: 26}",0.000999000999000999,0.0011224730325853922,True,0.9694829047753603
"[{'CARD_WITHDRAWAL_D_GAP_MED'}, {'CARD_WITHDRAWAL_C_GAP_MED'}, {'CARD_WITHDRAWAL_C_GAP_SHORT'}, {'CARD_WITHDRAWAL_C_GAP_MED'}, {'CARD_WITHDRAWAL_D_GAP_SHORT'}]",0.5285825216147684,0.8794285714285714,515,"{0.0: 490, 1.0: 25}",0.000999000999000999,0.0011352284079556806,True,0.9694829047753603
"[{'CARD_WITHDRAWAL_C_GAP_SHORT'}, {'CARD_WITHDRAWAL_C_GAP_SHORT'}, {'CARD_WITHDRAWAL_C_GAP_MED'}]",0.5280382073711484,0.9169326807122082,799,"{0.0: 762, 1.0: 37}",0.000999000999000999,0.0011616290686058128,True,0.9694829047753603
"[{'PROFILE_OLD_FEMALE'}, {'DEPOSIT_B_GAP_SHORT'}, {'DEPOSIT_D_GAP_LONG'}, {'DEPOSIT_C_GAP_LONG'}, {'CARD_WITHDRAWAL_B_GAP_LONG'}]",0.5275369644835597,0.8099999999999999,52,"{1.0: 2, 0.0: 50}",0.000999000999000999,0.0011224730325853922,True,0.9694829047753603
"[{'PROFILE_REGION_LOW_CRIME', 'PROFILE_REGION_LOW_INCOME', 'PROFILE_OLD_MALE'}, {'DEPOSIT_D_GAP_LONG'}, {'DEPOSIT_D_GAP_LONG'}]",0.5274421574116237,0.8932748538011696,179,"{0.0: 171, 1.0: 8}",0.000999000999000999,0.0011352284079556806,True,0.9694829047753603
"[{'DEPOSIT_D_GAP_LONG'}, {'DEPOSIT_C_GAP_LONG'}, {'DEPOSIT_C_GAP_LONG'}, {'DEPOSIT_D_GAP_LONG'}]",0.5268334985315665,0.8741258741258742,222,"{0.0: 209, 1.0: 13}",0.000999000999000999,0.0011224730325853922,True,0.9694829047753603
"[{'DEPOSIT_C_GAP_LONG'}, {'CARD_WITHDRAWAL_C_GAP_MED'}, {'CARD_WITHDRAWAL_C_GAP_MED'}]",0.5254749395353311,0.9141137123745818,623,"{0.0: 598, 1.0: 25}",0.000999000999000999,0.00111000111000111,True,0.9694829047753603
"[{'CARD_WITHDRAWAL_A_GAP_SHORT'}, {'CARD_WITHDRAWAL_C_GAP_MED'}, {'CARD_WITHDRAWAL_D_GAP_SHORT'}, {'CARD_WITHDRAWAL_D_GAP_MED'}]",0.5253894847391708,0.8993022047360999,747,"{0.0: 709, 1.0: 38}",0.000999000999000999,0.00111000111000111,True,0.9694829047753603
"[{'CARD_WITHDRAWAL_C_GAP_SHORT'}, {'CARD_WITHDRAWAL_C_GAP_MED'}, {'CARD_WITHDRAWAL_C_GAP_MED'}, {'CARD_WITHDRAWAL_C_GAP_MED'}, {'CARD_WITHDRAWAL_D_GAP_SHORT'}]",0.519889674205157,0.8747467071935158,397,"{1.0: 21, 0.0: 376}",0.000999000999000999,0.0010978032956054933,True,0.9694829047753603
"[{'DEPOSIT_C_GAP_MED'}, {'CARD_WITHDRAWAL_C_GAP_MED'}, {'CARD_WITHDRAWAL_D_GAP_MED'}]",0.5182180756323579,0.9141357118663204,555,"{0.0: 521, 1.0: 34}",0.000999000999000999,0.0011224730325853922,True,0.9694829047753603
"[{'DEPOSIT_C_GAP_LONG'}, {'CARD_WITHDRAWAL_C_GAP_MED'}, {'CARD_WITHDRAWAL_D_GAP_MED'}, {'CARD_WITHDRAWAL_D_GAP_MED'}]",0.5170134952244847,0.8876782351358622,375,"{0.0: 354, 1.0: 21}",0.000999000999000999,0.0011224730325853922,True,0.9694829047753603
"[{'PROFILE_REGION_HIGH_EDU', 'PROFILE_REGION_HIGH_INCOME', 'PROFILE_REGION_HIGH_CRIME'}, {'DEPOSIT_D_GAP_LONG'}, {'DEPOSIT_C_GAP_LONG'}, {'DEPOSIT_C_GAP_LONG'}, {'CARD_WITHDRAWAL_B_GAP_LONG'}]",0.5162123755243564,0.8137254901960784,53,"{1.0: 2, 0.0: 51}",0.000999000999000999,0.0010978032956054933,True,0.9694829047753603
"[{'CARD_WITHDRAWAL_D_GAP_MED'}, {'CARD_WITHDRAWAL_C_GAP_MED'}, {'CARD_WITHDRAWAL_C_GAP_SHORT'}, {'CARD_WITHDRAWAL_D_GAP_MED'}]",0.5147909921737076,0.9025785990071704,821,"{0.0: 784, 1.0: 37}",0.000999000999000999,0.00111000111000111,True,0.9694829047753603
"[{'PROFILE_REGION_LOW_CRIME', 'PROFILE_REGION_LOW_INCOME'}, {'DEPOSIT_C_GAP_LONG'}, {'DEPOSIT_D_GAP_LONG'}]",0.5142476811150662,0.8993243243243243,201,"{0.0: 185, 1.0: 16}",0.000999000999000999,0.0011352284079556806,True,0.9694829047753603
"[{'CARD_WITHDRAWAL_C_GAP_SHORT'}, {'CARD_WITHDRAWAL_C_GAP_MED'}, {'CARD_WITHDRAWAL_C_GAP_SHORT'}, {'CARD_WITHDRAWAL_C_GAP_SHORT'}]",0.5130997632743175,0.8929127052722559,471,"{0.0: 445, 1.0: 26}",0.000999000999000999,0.0010978032956054933,True,0.9694829047753603
"[{'PROFILE_OLD_FEMALE', 'PROFILE_REGION_HIGH_EDU'}, {'DEPOSIT_D_GAP_LONG'}, {'DEPOSIT_C_GAP_LONG'}]",0.5117753221399569,0.89390756302521,143,"{0.0: 136, 1.0: 7}",0.000999000999000999,0.00111000111000111,True,0.9694829047753603
"[{'PROFILE_REGION_LOW_EDU'}, {'DEPOSIT_C_GAP_LONG'}, {'DEPOSIT_C_GAP_LONG'}, {'CARD_WITHDRAWAL_C_GAP_MED'}]",0.5117609356986175,0.8745704467353951,197,"{0.0: 194, 1.0: 3}",0.000999000999000999,0.0010978032956054933,True,0.9694829047753603
"[{'CARD_WITHDRAWAL_C_GAP_MED'}, {'CARD_WITHDRAWAL_C_GAP_MED'}, {'CARD_WITHDRAWAL_C_GAP_MED'}, {'CARD_WITHDRAWAL_D_GAP_SHORT'}]",0.5116084277862677,0.9030380137250367,819,"{0.0: 786, 1.0: 33}",0.000999000999000999,0.00111000111000111,True,0.9694829047753603
"[{'CARD_WITHDRAWAL_C_GAP_MED'}, {'CARD_WITHDRAWAL_C_GAP_MED'}, {'CARD_WITHDRAWAL_D_GAP_LONG'}, {'CARD_WITHDRAWAL_D_GAP_SHORT'}, {'CARD_WITHDRAWAL_A_GAP_SHORT'}]",0.509712786197255,0.877349049260536,414,"{0.0: 391, 1.0: 23}",0.000999000999000999,0.0010978032956054933,True,0.9694829047753603
"[{'PROFILE_REGION_LOW_CRIME', 'PROFILE_REGION_LOW_EDU', 'PROFILE_OLD_MALE'}, {'CARD_WITHDRAWAL_B_GAP_MED'}, {'CARD_WITHDRAWAL_A_GAP_SHORT'}, {'CARD_WITHDRAWAL_A_GAP_SHORT'}]",0.5087211037835042,0.8801652892561983,244,"{0.0: 242, 1.0: 2}",0.001998001998001998,0.0021717413021760845,True,0.9694829047753603
"[{'PROFILE_REGION_LOW_CRIME'}, {'CARD_WITHDRAWAL_A_GAP_SHORT'}, {'CARD_WITHDRAWAL_B_GAP_LONG'}, {'DEPOSIT_C_GAP_SHORT'}]",0.5080833298740827,0.8680851063829788,146,"{0.0: 141, 1.0: 5}",0.000999000999000999,0.00111000111000111,True,0.9694829047753603
"[{'PROFILE_OLD_MALE', 'PROFILE_REGION_LOW_CRIME'}, {'CARD_WITHDRAWAL_C_GAP_LONG'}, {'CARD_WITHDRAWAL_D_GAP_MED'}]",0.5074279545994967,0.905025357307515,250,"{0.0: 241, 1.0: 9}",0.000999000999000999,0.00111000111000111,True,0.9694829047753603
"[{'PROFILE_REGION_HIGH_EDU', 'PROFILE_REGION_HIGH_CRIME'}, {'DEPOSIT_D_GAP_SHORT'}, {'CARD_WITHDRAWAL_D_GAP_SHORT'}]",0.507272285309255,0.9058823529411764,263,"{0.0: 255, 1.0: 8}",0.000999000999000999,0.00111000111000111,True,0.9694829047753603
"[{'DEPOSIT_D_GAP_LONG'}, {'DEPOSIT_C_GAP_LONG'}, {'DEPOSIT_C_GAP_LONG'}]",0.5056677413221117,0.9113173106175844,365,"{0.0: 346, 1.0: 19}",0.000999000999000999,0.0010978032956054933,True,0.9694829047753603
"[{'PROFILE_REGION_HIGH_EDU'}, {'CARD_WITHDRAWAL_C_GAP_SHORT'}, {'CARD_WITHDRAWAL_D_GAP_MED'}]",0.5041652310703949,0.9184733377619423,600,"{0.0: 571, 1.0: 29}",0.000999000999000999,0.00111000111000111,True,0.9694829047753603
"[{'CARD_WITHDRAWAL_C_GAP_MED'}, {'CARD_WITHDRAWAL_C_GAP_MED'}, {'CARD_WITHDRAWAL_D_GAP_MED'}, {'CARD_WITHDRAWAL_C_GAP_MED'}, {'CARD_WITHDRAWAL_D_GAP_SHORT'}]",0.5041211558303886,0.8866059198380085,608,"{0.0: 579, 1.0: 29}",0.000999000999000999,0.0010978032956054933,True,0.9694829047753603
"[{'CARD_WITHDRAWAL_C_GAP_MED'}, {'CARD_WITHDRAWAL_D_GAP_LONG'}, {'CARD_WITHDRAWAL_C_GAP_MED'}, {'CARD_WITHDRAWAL_C_GAP_SHORT'}]",0.5033509534609202,0.8944128787878788,464,"{0.0: 440, 1.0: 24}",0.000999000999000999,0.0010978032956054933,True,0.9694829047753603
"[{'CARD_WITHDRAWAL_D_GAP_MED'}, {'CARD_WITHDRAWAL_C_GAP_MED'}, {'DEPOSIT_B_GAP_MED'}, {'CARD_WITHDRAWAL_C_GAP_MED'}, {'CARD_WITHDRAWAL_B_GAP_MED'}]",0.501439627781441,0.8654227868201667,240,"{0.0: 229, 1.0: 11}",0.000999000999000999,0.0011352284079556806,True,0.9694829047753603
"[{'PROFILE_REGION_HIGH_INCOME', 'PROFILE_REGION_HIGH_CRIME'}, {'DEPOSIT_D_GAP_SHORT'}, {'DEPOSIT_C_GAP_LONG'}]",0.5010098858446073,0.9022346368715084,187,"{0.0: 179, 1.0: 8}",0.000999000999000999,0.0011616290686058128,True,0.9694829047753603
"[{'PROFILE_REGION_HIGH_CRIME', 'PROFILE_REGION_HIGH_INCOME'}, {'DEPOSIT_D_GAP_SHORT'}, {'DEPOSIT_C_GAP_LONG'}]",0.5010098858446073,0.9022346368715084,187,"{0.0: 179, 1.0: 8}",0.000999000999000999,0.0011224730325853922,True,0.9694829047753603
"[{'CARD_WITHDRAWAL_C_GAP_MED'}, {'CARD_WITHDRAWAL_C_GAP_MED'}, {'CARD_WITHDRAWAL_C_GAP_MED'}, {'DEPOSIT_C_GAP_MED'}, {'CARD_WITHDRAWAL_D_GAP_MED'}]",0.500228984376174,0.8669071577748244,252,"{0.0: 229, 1.0: 23}",0.000999000999000999,0.0011616290686058128,True,0.9694829047753603
"[{'PROFILE_REGION_LOW_CRIME', 'PROFILE_REGION_LOW_EDU'}, {'CARD_WITHDRAWAL_B_GAP_LONG'}, {'CARD_WITHDRAWAL_B_GAP_MED'}, {'CARD_WITHDRAWAL_B_GAP_SHORT'}, {'CARD_WITHDRAWAL_C_GAP_SHORT'}]",0.4995767823604258,0.8601036269430051,194,"{0.0: 193, 1.0: 1}",0.004995004995004995,0.00514948968557216,True,0.9694829047753603
"[{'PROFILE_REGION_HIGH_CRIME', 'PROFILE_REGION_HIGH_EDU', 'PROFILE_REGION_HIGH_INCOME'}, {'CARD_WITHDRAWAL_C_GAP_MED'}, {'CARD_WITHDRAWAL_D_GAP_MED'}]",0.49684339268257993,0.9125000000000001,334,"{0.0: 320, 1.0: 14}",0.000999000999000999,0.0011224730325853922,True,0.9694829047753603
"[{'CARD_WITHDRAWAL_C_GAP_MED'}, {'CARD_WITHDRAWAL_C_GAP_MED'}, {'CARD_WITHDRAWAL_D_GAP_MED'}, {'DEPOSIT_C_GAP_LONG'}]",0.4964341495137061,0.8820297349709114,235,"{0.0: 221, 1.0: 14}",0.000999000999000999,0.0011352284079556806,True,0.9694829047753603
"[{'CARD_WITHDRAWAL_C_GAP_MED'}, {'DEPOSIT_B_GAP_MED'}, {'CARD_WITHDRAWAL_C_GAP_MED'}]",0.4961223674498536,0.9191102123356927,539,"{0.0: 516, 1.0: 23}",0.000999000999000999,0.0011352284079556806,True,0.9694829047753603
"[{'PROFILE_OLD_FEMALE', 'PROFILE_REGION_HIGH_CRIME'}, {'CARD_WITHDRAWAL_C_GAP_MED'}, {'CARD_WITHDRAWAL_C_GAP_MED'}, {'CARD_WITHDRAWAL_C_GAP_SHORT'}, {'CARD_WITHDRAWAL_C_GAP_MED'}]",0.4959356820221321,0.8609625668449198,195,"{0.0: 187, 1.0: 8}",0.000999000999000999,0.0011352284079556806,True,0.9694829047753603
"[{'PROFILE_REGION_LOW_INCOME', 'PROFILE_REGION_LOW_CRIME'}, {'DEPOSIT_C_GAP_LONG'}, {'DEPOSIT_C_GAP_LONG'}]",0.49589159431445284,0.9039256198347108,187,"{0.0: 176, 1.0: 11}",0.000999000999000999,0.0011224730325853922,True,0.9694829047753603
"[{'PROFILE_REGION_LOW_INCOME', 'PROFILE_REGION_LOW_CRIME', 'PROFILE_REGION_LOW_EDU'}, {'DEPOSIT_A_GAP_SHORT'}, {'DEPOSIT_C_GAP_LONG'}]",0.49283673168317677,0.8962962962962964,113,"{1.0: 5, 0.0: 108}",0.000999000999000999,0.0011224730325853922,True,0.9694829047753603
"[{'DEPOSIT_D_GAP_LONG'}, {'DEPOSIT_D_GAP_LONG'}, {'CARD_WITHDRAWAL_D_GAP_SHORT'}, {'DEPOSIT_C_GAP_LONG'}]",0.4920757598597678,0.8870817843866171,285,"{0.0: 269, 1.0: 16}",0.000999000999000999,0.0011224730325853922,True,0.9694829047753603
"[{'CARD_WITHDRAWAL_B_GAP_LONG'}, {'DEPOSIT_C_GAP_MED'}, {'CARD_WITHDRAWAL_C_GAP_SHORT'}, {'CARD_WITHDRAWAL_C_GAP_MED'}]",0.4920093285542293,0.8804537521815008,209,"{0.0: 191, 1.0: 18}",0.000999000999000999,0.0011616290686058128,True,0.9694829047753603
"[{'PROFILE_REGION_LOW_INCOME', 'PROFILE_REGION_LOW_CRIME', 'PROFILE_REGION_LOW_EDU'}, {'CARD_WITHDRAWAL_D_GAP_MED'}, {'CARD_WITHDRAWAL_D_GAP_MED'}]",0.4916292677800822,0.9083333333333333,226,"{0.0: 220, 1.0: 6}",0.000999000999000999,0.0010978032956054933,True,0.9694829047753603
"[{'TRANSFER_IN_D_GAP_LONG'}, {'TRANSFER_IN_D_GAP_MED'}, {'TRANSFER_IN_D_GAP_MED'}, {'TRANSFER_IN_D_GAP_MED'}]",0.4900368907457555,0.8820431806213798,220,"{1.0: 9, 0.0: 211}",0.000999000999000999,0.0011352284079556806,True,0.9694829047753603
"[{'CARD_WITHDRAWAL_C_GAP_LONG'}, {'CARD_WITHDRAWAL_D_GAP_MED'}, {'DEPOSIT_C_GAP_MED'}]",0.4896533580057856,0.9165598290598291,386,"{0.0: 360, 1.0: 26}",0.000999000999000999,0.0011352284079556806,True,0.9694829047753603
"[{'CARD_WITHDRAWAL_C_GAP_MED'}, {'CARD_WITHDRAWAL_C_GAP_MED'}, {'CARD_WITHDRAWAL_D_GAP_MED'}, {'CARD_WITHDRAWAL_C_GAP_SHORT'}, {'CARD_WITHDRAWAL_D_GAP_MED'}]",0.4895153330284543,0.8848614072494669,503,"{0.0: 469, 1.0: 34}",0.000999000999000999,0.0011616290686058128,True,0.9694829047753603
"[{'DEPOSIT_A_GAP_SHORT'}, {'DEPOSIT_C_GAP_SHORT'}, {'CARD_WITHDRAWAL_A_GAP_SHORT'}, {'DEPOSIT_C_GAP_MED'}, {'CARD_WITHDRAWAL_C_GAP_MED'}]",0.48821775025961256,0.8584401709401709,168,"{0.0: 156, 1.0: 12}",0.000999000999000999,0.0011224730325853922,True,0.9694829047753603
"[{'CARD_WITHDRAWAL_D_GAP_MED'}, {'CARD_WITHDRAWAL_C_GAP_MED'}, {'CARD_WITHDRAWAL_D_GAP_SHORT'}, {'CARD_WITHDRAWAL_D_GAP_SHORT'}]",0.48809733981832726,0.9083333333333333,901,"{0.0: 861, 1.0: 40}",0.000999000999000999,0.0011224730325853922,True,0.9694829047753603
"[{'DEPOSIT_C_GAP_MED'}, {'DEPOSIT_B_GAP_LONG'}, {'CARD_WITHDRAWAL_D_GAP_MED'}]",0.4873157424193094,0.9041666666666667,158,"{0.0: 150, 1.0: 8}",0.001998001998001998,0.0021717413021760845,True,0.9694829047753603
"[{'CARD_WITHDRAWAL_A_GAP_SHORT'}, {'DEPOSIT_C_GAP_MED'}, {'CARD_WITHDRAWAL_D_GAP_MED'}, {'CARD_WITHDRAWAL_C_GAP_MED'}]",0.4866639310007983,0.889818075117371,308,"{0.0: 284, 1.0: 24}",0.000999000999000999,0.00111000111000111,True,0.9694829047753603
"[{'CARD_WITHDRAWAL_A_GAP_SHORT'}, {'CARD_WITHDRAWAL_C_GAP_SHORT'}, {'CARD_WITHDRAWAL_D_GAP_SHORT'}, {'CARD_WITHDRAWAL_D_GAP_SHORT'}]",0.4854640869121486,0.9008843537414966,553,"{0.0: 525, 1.0: 28}",0.000999000999000999,0.0010978032956054933,True,0.9694829047753603
"[{'CARD_WITHDRAWAL_C_GAP_MED'}, {'CARD_WITHDRAWAL_C_GAP_MED'}, {'CARD_WITHDRAWAL_D_GAP_SHORT'}, {'CARD_WITHDRAWAL_D_GAP_SHORT'}, {'CARD_WITHDRAWAL_C_GAP_SHORT'}]",0.4851204149883567,0.8806668265771167,401,"{0.0: 379, 1.0: 22}",0.000999000999000999,0.0011616290686058128,True,0.9694829047753603
"[{'PROFILE_REGION_HIGH_CRIME', 'PROFILE_REGION_HIGH_EDU'}, {'CARD_WITHDRAWAL_C_GAP_SHORT'}, {'CARD_WITHDRAWAL_C_GAP_MED'}]",0.4847846137270455,0.9175058924362546,372,"{0.0: 359, 1.0: 13}",0.000999000999000999,0.0011352284079556806,True,0.9694829047753603
"[{'PROFILE_OLD_MALE', 'PROFILE_REGION_LOW_CRIME', 'PROFILE_REGION_LOW_EDU'}, {'DEPOSIT_A_GAP_SHORT'}, {'DEPOSIT_B_GAP_LONG'}, {'DEPOSIT_C_GAP_SHORT'}]",0.48400710468788877,0.8181818181818181,23,"{0.0: 22, 1.0: 1}",0.02097902097902098,0.02097902097902098,True,0.9694829047753603
"[{'PROFILE_REGION_LOW_CRIME', 'PROFILE_OLD_MALE'}, {'DEPOSIT_A_GAP_SHORT'}, {'CARD_WITHDRAWAL_D_GAP_LONG'}]",0.4823567786327807,0.9151785714285714,295,"{0.0: 288, 1.0: 7}",0.000999000999000999,0.0011616290686058128,True,0.9694829047753603
"[{'PROFILE_REGION_HIGH_INCOME', 'PROFILE_REGION_HIGH_CRIME', 'PROFILE_OLD_FEMALE'}, {'DEPOSIT_C_GAP_LONG'}, {'DEPOSIT_C_GAP_LONG'}]",0.48214955016561534,0.9017094017094016,121,"{0.0: 117, 1.0: 4}",0.001998001998001998,0.002270456815911361,True,0.9694829047753603
"[{'CARD_WITHDRAWAL_D_GAP_SHORT'}, {'CARD_WITHDRAWAL_D_GAP_SHORT'}, {'CARD_WITHDRAWAL_C_GAP_MED'}, {'CARD_WITHDRAWAL_D_GAP_SHORT'}, {'CARD_WITHDRAWAL_C_GAP_SHORT'}]",0.4792029546757064,0.8812271320011258,393,"{0.0: 374, 1.0: 19}",0.000999000999000999,0.0011224730325853922,True,0.9694829047753603
"[{'CARD_WITHDRAWAL_C_GAP_MED'}, {'DEPOSIT_B_GAP_MED'}, {'CARD_WITHDRAWAL_C_GAP_MED'}, {'CARD_WITHDRAWAL_C_GAP_SHORT'}, {'CARD_WITHDRAWAL_B_GAP_SHORT'}]",0.47862809291346986,0.8543307086614174,135,"{0.0: 127, 1.0: 8}",0.000999000999000999,0.0011616290686058128,True,0.9694829047753603
"[{'DEPOSIT_C_GAP_MED'}, {'CARD_WITHDRAWAL_D_GAP_MED'}, {'CARD_WITHDRAWAL_D_GAP_MED'}, {'CARD_WITHDRAWAL_D_GAP_MED'}]",0.47829616302944866,0.8979894014962594,433,"{0.0: 401, 1.0: 32}",0.000999000999000999,0.0011616290686058128,True,0.9694829047753603
"[{'PROFILE_REGION_LOW_INCOME', 'PROFILE_REGION_LOW_CRIME'}, {'CARD_WITHDRAWAL_C_GAP_LONG'}, {'CARD_WITHDRAWAL_C_GAP_LONG'}, {'CARD_WITHDRAWAL_C_GAP_LONG'}, {'DEPOSIT_B_GAP_LONG'}]",0.476325162586529,0.8272727272727272,57,"{0.0: 55, 1.0: 2}",0.000999000999000999,0.0011224730325853922,True,0.9694829047753603
"[{'CARD_WITHDRAWAL_D_GAP_LONG'}, {'CARD_WITHDRAWAL_C_GAP_MED'}, {'DEPOSIT_C_GAP_LONG'}, {'CARD_WITHDRAWAL_D_GAP_MED'}]",0.47604653971822475,0.8854368932038835,221,"{0.0: 206, 1.0: 15}",0.000999000999000999,0.0011616290686058128,True,0.9694829047753603
"[{'PROFILE_OLD_FEMALE'}, {'CARD_WITHDRAWAL_A_GAP_SHORT'}, {'CARD_WITHDRAWAL_C_GAP_MED'}, {'CARD_WITHDRAWAL_D_GAP_SHORT'}]",0.4749434759144586,0.8981269986295112,420,"{0.0: 398, 1.0: 22}",0.000999000999000999,0.0010978032956054933,True,0.9694829047753603
"[{'CARD_WITHDRAWAL_C_GAP_LONG'}, {'CARD_WITHDRAWAL_C_GAP_MED'}, {'CARD_WITHDRAWAL_C_GAP_MED'}, {'CARD_WITHDRAWAL_C_GAP_SHORT'}]",0.47480812264414407,0.904320987654321,603,"{0.0: 567, 1.0: 36}",0.000999000999000999,0.0011352284079556806,True,0.9694829047753603
"[{'CARD_WITHDRAWAL_C_GAP_MED'}, {'CARD_WITHDRAWAL_C_GAP_MED'}, {'CARD_WITHDRAWAL_D_GAP_SHORT'}, {'CARD_WITHDRAWAL_C_GAP_SHORT'}]",0.4746581521549942,0.9049300136256657,625,"{0.0: 598, 1.0: 27}",0.000999000999000999,0.0010978032956054933,True,0.9694829047753603
"[{'CARD_WITHDRAWAL_D_GAP_SHORT'}, {'CARD_WITHDRAWAL_C_GAP_MED'}, {'CARD_WITHDRAWAL_C_GAP_SHORT'}, {'CARD_WITHDRAWAL_C_GAP_MED'}, {'CARD_WITHDRAWAL_D_GAP_SHORT'}]",0.47462554249840316,0.8822366891420601,397,"{0.0: 374, 1.0: 23}",0.000999000999000999,0.00111000111000111,True,0.9694829047753603
"[{'CARD_WITHDRAWAL_B_GAP_LONG'}, {'DEPOSIT_C_GAP_LONG'}, {'CARD_WITHDRAWAL_C_GAP_SHORT'}, {'CARD_WITHDRAWAL_B_GAP_SHORT'}]",0.4742034842818388,0.8759398496240601,141,"{0.0: 133, 1.0: 8}",0.000999000999000999,0.00111000111000111,True,0.9694829047753603
"[{'PROFILE_OLD_FEMALE', 'PROFILE_REGION_HIGH_INCOME'}, {'CARD_WITHDRAWAL_C_GAP_MED'}, {'CARD_WITHDRAWAL_C_GAP_MED'}, {'CARD_WITHDRAWAL_C_GAP_MED'}, {'CARD_WITHDRAWAL_D_GAP_MED'}]",0.47258278731039516,0.8712446351931331,243,"{0.0: 233, 1.0: 10}",0.000999000999000999,0.0011352284079556806,True,0.9694829047753603
"[{'PROFILE_OLD_MALE'}, {'DEPOSIT_D_GAP_LONG'}, {'DEPOSIT_C_GAP_LONG'}]",0.4724492071043844,0.9185936015204308,298,"{0.0: 287, 1.0: 11}",0.000999000999000999,0.00111000111000111,True,0.9694829047753603
"[{'PROFILE_OLD_FEMALE'}, {'CARD_WITHDRAWAL_D_GAP_MED'}, {'CARD_WITHDRAWAL_D_GAP_SHORT'}, {'CARD_WITHDRAWAL_D_GAP_SHORT'}, {'CARD_WITHDRAWAL_D_GAP_MED'}]",0.47169562151000743,0.8835443037974683,412,"{0.0: 395, 1.0: 17}",0.000999000999000999,0.0011616290686058128,True,0.9694829047753603
"[{'TRANSFER_B_GAP_SHORT'}, {'CARD_WITHDRAWAL_D_GAP_MED'}, {'CARD_WITHDRAWAL_D_GAP_SHORT'}, {'CARD_WITHDRAWAL_C_GAP_SHORT'}]",0.47109500616419897,0.8816568047337279,175,"{0.0: 169, 1.0: 6}",0.000999000999000999,0.0010978032956054933,True,0.9694829047753603
"[{'PROFILE_REGION_LOW_CRIME', 'PROFILE_OLD_MALE'}, {'DEPOSIT_A_GAP_SHORT'}, {'DEPOSIT_B_GAP_LONG'}]",0.4687281403722321,0.9125748502994011,172,"{0.0: 167, 1.0: 5}",0.001998001998001998,0.0021717413021760845,True,0.9694829047753603
"[{'PROFILE_OLD_MALE'}, {'CARD_WITHDRAWAL_A_GAP_SHORT'}, {'DEPOSIT_C_GAP_SHORT'}]",0.46844294713404167,0.9189765458422174,275,"{0.0: 268, 1.0: 7}",0.002997002997002997,0.0031883010606414863,True,0.9694829047753603
"[{'CARD_WITHDRAWAL_C_GAP_MED'}, {'CARD_WITHDRAWAL_C_GAP_MED'}, {'CARD_WITHDRAWAL_D_GAP_MED'}, {'CARD_WITHDRAWAL_C_GAP_MED'}, {'CARD_WITHDRAWAL_D_GAP_MED'}]",0.4675576019785569,0.8961613666769579,752,"{0.0: 711, 1.0: 41}",0.000999000999000999,0.0011352284079556806,True,0.9694829047753603
"[{'PROFILE_REGION_LOW_EDU', 'PROFILE_REGION_LOW_CRIME', 'PROFILE_REGION_LOW_INCOME'}, {'CARD_WITHDRAWAL_B_GAP_MED'}, {'CARD_WITHDRAWAL_C_GAP_LONG'}]",0.46719703119433753,0.9164319248826291,218,"{0.0: 213, 1.0: 5}",0.004995004995004995,0.00514948968557216,True,0.9694829047753603
"[{'CARD_WITHDRAWAL_C_GAP_MED'}, {'CARD_WITHDRAWAL_D_GAP_LONG'}, {'CARD_WITHDRAWAL_D_GAP_MED'}, {'CARD_WITHDRAWAL_D_GAP_SHORT'}]",0.46615761693665947,0.905203991410888,575,"{0.0: 546, 1.0: 29}",0.000999000999000999,0.0011352284079556806,True,0.9694829047753603
"[{'PROFILE_REGION_LOW_EDU', 'PROFILE_OLD_MALE', 'PROFILE_REGION_LOW_CRIME'}, {'DEPOSIT_A_GAP_SHORT'}, {'CARD_WITHDRAWAL_B_GAP_SHORT'}, {'CARD_WITHDRAWAL_B_GAP_LONG'}]",0.46586800458005595,0.8839779005524862,183,"{0.0: 181, 1.0: 2}",0.001998001998001998,0.0021483892451634387,True,0.9694829047753603
"[{'CARD_WITHDRAWAL_C_GAP_MED'}, {'CARD_WITHDRAWAL_C_GAP_MED'}, {'CARD_WITHDRAWAL_C_GAP_SHORT'}, {'CARD_WITHDRAWAL_C_GAP_MED'}]",0.46541495028996493,0.9105228758169935,805,"{0.0: 765, 1.0: 40}",0.000999000999000999,0.0010978032956054933,True,0.9694829047753603
"[{'CARD_WITHDRAWAL_D_GAP_MED'}, {'CARD_WITHDRAWAL_C_GAP_MED'}, {'CARD_WITHDRAWAL_C_GAP_SHORT'}, {'CARD_WITHDRAWAL_C_GAP_SHORT'}, {'CARD_WITHDRAWAL_D_GAP_MED'}]",0.46511063000418396,0.8873873873873874,469,"{0.0: 444, 1.0: 25}",0.000999000999000999,0.0011352284079556806,True,0.9694829047753603
"[{'CARD_WITHDRAWAL_A_GAP_SHORT'}, {'CARD_WITHDRAWAL_C_GAP_LONG'}, {'CARD_WITHDRAWAL_C_GAP_MED'}, {'CARD_WITHDRAWAL_D_GAP_SHORT'}]",0.4649866964810522,0.9008442776735459,436,"{0.0: 410, 1.0: 26}",0.000999000999000999,0.0011352284079556806,True,0.9694829047753603
"[{'CARD_WITHDRAWAL_C_GAP_SHORT'}, {'CARD_WITHDRAWAL_C_GAP_MED'}, {'CARD_WITHDRAWAL_C_GAP_MED'}, {'CARD_WITHDRAWAL_C_GAP_SHORT'}]",0.4634453487835952,0.9061163140247428,589,"{1.0: 31, 0.0: 558}",0.000999000999000999,0.0011352284079556806,True,0.9694829047753603
"[{'CARD_WITHDRAWAL_B_GAP_MED'}, {'CARD_WITHDRAWAL_C_GAP_MED'}, {'CARD_WITHDRAWAL_C_GAP_SHORT'}, {'CARD_WITHDRAWAL_D_GAP_SHORT'}]",0.46342643570143294,0.9071523178807948,629,"{0.0: 604, 1.0: 25}",0.000999000999000999,0.0011616290686058128,True,0.9694829047753603
"[{'CARD_WITHDRAWAL_C_GAP_SHORT'}, {'CARD_WITHDRAWAL_C_GAP_MED'}, {'CARD_WITHDRAWAL_C_GAP_MED'}, {'CARD_WITHDRAWAL_D_GAP_MED'}, {'CARD_WITHDRAWAL_C_GAP_MED'}]",0.46317770400088965,0.888809749920861,495,"{1.0: 27, 0.0: 468}",0.000999000999000999,0.00111000111000111,True,0.9694829047753603
"[{'CARD_WITHDRAWAL_D_GAP_SHORT'}, {'CARD_WITHDRAWAL_D_GAP_SHORT'}, {'CARD_WITHDRAWAL_D_GAP_SHORT'}, {'CARD_WITHDRAWAL_C_GAP_MED'}, {'CARD_WITHDRAWAL_D_GAP_SHORT'}]",0.4631516973049894,0.8899161735700196,523,"{0.0: 507, 1.0: 16}",0.000999000999000999,0.00111000111000111,True,0.9694829047753603
"[{'CARD_WITHDRAWAL_D_GAP_SHORT'}, {'CARD_WITHDRAWAL_C_GAP_SHORT'}, {'CARD_WITHDRAWAL_C_GAP_MED'}, {'CARD_WITHDRAWAL_D_GAP_SHORT'}, {'CARD_WITHDRAWAL_D_GAP_MED'}]",0.462982332332297,0.8871256948180024,455,"{0.0: 429, 1.0: 26}",0.000999000999000999,0.0010978032956054933,True,0.9694829047753603
"[{'CARD_WITHDRAWAL_B_GAP_MED'}, {'CARD_WITHDRAWAL_C_GAP_MED'}, {'CARD_WITHDRAWAL_C_GAP_MED'}, {'CARD_WITHDRAWAL_C_GAP_MED'}, {'CARD_WITHDRAWAL_D_GAP_SHORT'}]",0.4626190863964954,0.892099761051374,582,"{0.0: 558, 1.0: 24}",0.000999000999000999,0.0011352284079556806,True,0.9694829047753603
"[{'PROFILE_REGION_LOW_CRIME'}, {'CARD_WITHDRAWAL_C_GAP_LONG'}, {'DEPOSIT_B_GAP_LONG'}]",0.4607024907141263,0.9192660550458716,223,"{1.0: 5, 0.0: 218}",0.005994005994005994,0.006116332646944892,True,0.9694829047753603
"[{'PROFILE_REGION_LOW_EDU', 'PROFILE_REGION_LOW_INCOME'}, {'CARD_WITHDRAWAL_A_GAP_SHORT'}, {'CARD_WITHDRAWAL_C_GAP_MED'}, {'CARD_WITHDRAWAL_B_GAP_LONG'}]",0.4606717706214746,0.8893939393939394,223,"{0.0: 220, 1.0: 3}",0.000999000999000999,0.00111000111000111,True,0.9694829047753603
"[{'PROFILE_OLD_MALE'}, {'DEPOSIT_A_GAP_SHORT'}, {'DEPOSIT_C_GAP_LONG'}, {'DEPOSIT_C_GAP_LONG'}]",0.45947020677534234,0.8857677902621722,184,"{0.0: 178, 1.0: 6}",0.001998001998001998,0.0021255340404276574,True,0.9694829047753603
"[{'CARD_WITHDRAWAL_C_GAP_SHORT'}, {'CARD_WITHDRAWAL_D_GAP_SHORT'}, {'CARD_WITHDRAWAL_D_GAP_SHORT'}, {'CARD_WITHDRAWAL_D_GAP_SHORT'}]",0.45942282653142974,0.9061393152302243,561,"{0.0: 539, 1.0: 22}",0.000999000999000999,0.0011224730325853922,True,0.9694829047753603
"[{'PROFILE_OLD_MALE', 'PROFILE_REGION_LOW_INCOME'}, {'CARD_WITHDRAWAL_C_GAP_MED'}, {'CARD_WITHDRAWAL_C_GAP_MED'}, {'CARD_WITHDRAWAL_C_GAP_MED'}]",0.4586652068395676,0.8938237335183901,273,"{0.0: 262, 1.0: 11}",0.000999000999000999,0.0011224730325853922,True,0.9694829047753603
"[{'PROFILE_REGION_LOW_CRIME'}, {'DEPOSIT_A_GAP_SHORT'}, {'DEPOSIT_D_GAP_LONG'}, {'CARD_WITHDRAWAL_A_GAP_SHORT'}, {'DEPOSIT_C_GAP_SHORT'}]",0.4585892200617343,0.8569915254237288,126,"{0.0: 118, 1.0: 8}",0.000999000999000999,0.0011224730325853922,True,0.9694829047753603
"[{'PROFILE_REGION_LOW_INCOME', 'PROFILE_REGION_LOW_CRIME', 'PROFILE_OLD_MALE'}, {'DEPOSIT_A_GAP_SHORT'}, {'CARD_WITHDRAWAL_B_GAP_LONG'}, {'CARD_WITHDRAWAL_C_GAP_MED'}]",0.45820688565789636,0.8883248730964466,205,"{0.0: 197, 1.0: 8}",0.000999000999000999,0.0011616290686058128,True,0.9694829047753603
"[{'CARD_WITHDRAWAL_C_GAP_LONG'}, {'CARD_WITHDRAWAL_C_GAP_MED'}, {'CARD_WITHDRAWAL_C_GAP_SHORT'}, {'CARD_WITHDRAWAL_C_GAP_MED'}]",0.45733656122366395,0.9069172113289761,574,"{0.0: 540, 1.0: 34}",0.000999000999000999,0.0011616290686058128,True,0.9694829047753603
"[{'CARD_WITHDRAWAL_C_GAP_MED'}, {'CARD_WITHDRAWAL_C_GAP_MED'}, {'CARD_WITHDRAWAL_C_GAP_SHORT'}, {'CARD_WITHDRAWAL_B_GAP_LONG'}]",0.4568278198850563,0.909297974457008,666,"{0.0: 647, 1.0: 19}",0.000999000999000999,0.0011616290686058128,True,0.9694829047753603
"[{'CARD_WITHDRAWAL_C_GAP_MED'}, {'CARD_WITHDRAWAL_C_GAP_MED'}, {'CARD_WITHDRAWAL_C_GAP_MED'}, {'CARD_WITHDRAWAL_D_GAP_MED'}]",0.4559501447496852,0.9158727998548357,1046,"{0.0: 1002, 1.0: 44}",0.000999000999000999,0.0011616290686058128,True,0.9694829047753603
"[{'CARD_WITHDRAWAL_C_GAP_MED'}, {'CARD_WITHDRAWAL_D_GAP_SHORT'}, {'CARD_WITHDRAWAL_C_GAP_MED'}, {'CARD_WITHDRAWAL_D_GAP_SHORT'}, {'CARD_WITHDRAWAL_C_GAP_MED'}]",0.45588058904370754,0.8882132360393229,452,"{1.0: 23, 0.0: 429}",0.000999000999000999,0.0011352284079556806,True,0.9694829047753603
"[{'CARD_WITHDRAWAL_B_GAP_LONG'}, {'CARD_WITHDRAWAL_C_GAP_MED'}, {'CARD_WITHDRAWAL_B_GAP_SHORT'}, {'DEPOSIT_C_GAP_MED'}]",0.45415290588805024,0.8991017964071856,344,"{0.0: 334, 1.0: 10}",0.000999000999000999,0.0011224730325853922,True,0.9694829047753603
"[{'CARD_WITHDRAWAL_C_GAP_MED'}, {'CARD_WITHDRAWAL_C_GAP_MED'}, {'CARD_WITHDRAWAL_D_GAP_SHORT'}, {'CARD_WITHDRAWAL_C_GAP_SHORT'}, {'CARD_WITHDRAWAL_D_GAP_SHORT'}]",0.4534342766875814,0.8848314606741574,376,"{0.0: 356, 1.0: 20}",0.000999000999000999,0.00111000111000111,True,0.9694829047753603
"[{'DEPOSIT_D_GAP_LONG'}, {'CARD_WITHDRAWAL_A_GAP_SHORT'}, {'DEPOSIT_C_GAP_SHORT'}, {'CARD_WITHDRAWAL_B_GAP_LONG'}, {'CARD_WITHDRAWAL_C_GAP_MED'}]",0.4529751775140919,0.8583333333333334,126,"{0.0: 120, 1.0: 6}",0.000999000999000999,0.0010978032956054933,True,0.9694829047753603
"[{'DEPOSIT_C_GAP_LONG'}, {'CARD_WITHDRAWAL_B_GAP_SHORT'}, {'DEPOSIT_D_GAP_LONG'}, {'DEPOSIT_C_GAP_SHORT'}]",0.45294153215997723,0.8661971830985915,73,"{0.0: 71, 1.0: 2}",0.006993006993006993,0.007135721421435707,True,0.9694829047753603
"[{'PROFILE_REGION_LOW_INCOME'}, {'CARD_WITHDRAWAL_C_GAP_SHORT'}, {'DEPOSIT_C_GAP_MED'}, {'CARD_WITHDRAWAL_C_GAP_MED'}]",0.4510177999797197,0.8851351351351351,160,"{1.0: 12, 0.0: 148}",0.000999000999000999,0.0011352284079556806,True,0.9694829047753603
"[{'PROFILE_OLD_FEMALE'}, {'CARD_WITHDRAWAL_D_GAP_MED'}, {'CARD_WITHDRAWAL_D_GAP_LONG'}, {'CARD_WITHDRAWAL_C_GAP_SHORT'}]",0.4502703047207015,0.8992210321324245,329,"{0.0: 316, 1.0: 13}",0.000999000999000999,0.0011352284079556806,True,0.9694829047753603
"[{'CARD_WITHDRAWAL_A_GAP_SHORT'}, {'CARD_WITHDRAWAL_C_GAP_MED'}, {'CARD_WITHDRAWAL_D_GAP_MED'}, {'CARD_WITHDRAWAL_C_GAP_MED'}]",0.44926620575851695,0.9154781448799507,930,"{0.0: 886, 1.0: 44}",0.000999000999000999,0.0011224730325853922,True,0.9694829047753603
"[{'DEPOSIT_C_GAP_LONG'}, {'CARD_WITHDRAWAL_C_GAP_MED'}, {'CARD_WITHDRAWAL_C_GAP_MED'}, {'CARD_WITHDRAWAL_D_GAP_MED'}, {'CARD_WITHDRAWAL_C_GAP_SHORT'}]",0.44669032381115803,0.870940170940171,193,"{0.0: 180, 1.0: 13}",0.000999000999000999,0.0011224730325853922,True,0.9694829047753603
"[{'CARD_WITHDRAWAL_D_GAP_SHORT'}, {'CARD_WITHDRAWAL_D_GAP_SHORT'}, {'CARD_WITHDRAWAL_C_GAP_MED'}, {'CARD_WITHDRAWAL_C_GAP_SHORT'}]",0.4466198210419786,0.9092048570309439,578,"{0.0: 555, 1.0: 23}",0.000999000999000999,0.00111000111000111,True,0.9694829047753603
"[{'CARD_WITHDRAWAL_D_GAP_SHORT'}, {'CARD_WITHDRAWAL_C_GAP_SHORT'}, {'CARD_WITHDRAWAL_C_GAP_MED'}, {'CARD_WITHDRAWAL_C_GAP_MED'}, {'CARD_WITHDRAWAL_C_GAP_MED'}]",0.4453550914566813,0.8917277348649897,492,"{1.0: 33, 0.0: 459}",0.000999000999000999,0.0011352284079556806,True,0.9694829047753603
"[{'PROFILE_REGION_LOW_CRIME'}, {'DEPOSIT_A_GAP_SHORT'}, {'CARD_WITHDRAWAL_B_GAP_MED'}, {'DEPOSIT_C_GAP_SHORT'}, {'CARD_WITHDRAWAL_D_GAP_SHORT'}]",0.44524624669115753,0.845890410958904,77,"{0.0: 73, 1.0: 4}",0.000999000999000999,0.0011616290686058128,True,0.9694829047753603
"[{'PROFILE_OLD_FEMALE', 'PROFILE_REGION_HIGH_INCOME', 'PROFILE_REGION_HIGH_EDU'}, {'DEPOSIT_D_GAP_LONG'}, {'CARD_WITHDRAWAL_C_GAP_LONG'}]",0.44497821985017383,0.9181818181818181,115,"{0.0: 110, 1.0: 5}",0.00999000999000999,0.00999000999000999,True,0.9694829047753603
"[{'PROFILE_REGION_HIGH_EDU', 'PROFILE_REGION_HIGH_INCOME', 'PROFILE_REGION_HIGH_CRIME'}, {'DEPOSIT_C_GAP_LONG'}, {'DEPOSIT_C_GAP_LONG'}]",0.44462648208118005,0.9193277310924369,124,"{0.0: 119, 1.0: 5}",0.008991008991008992,0.009081827263645446,True,0.9694829047753603
"[{'PROFILE_REGION_LOW_INCOME'}, {'CARD_WITHDRAWAL_D_GAP_MED'}, {'CARD_WITHDRAWAL_C_GAP_MED'}, {'CARD_WITHDRAWAL_D_GAP_SHORT'}]",0.4442773101446815,0.907700205338809,507,"{0.0: 487, 1.0: 20}",0.000999000999000999,0.0010978032956054933,True,0.9694829047753603
"[{'CARD_WITHDRAWAL_D_GAP_SHORT'}, {'CARD_WITHDRAWAL_D_GAP_SHORT'}, {'CARD_WITHDRAWAL_C_GAP_MED'}, {'CARD_WITHDRAWAL_C_GAP_MED'}, {'CARD_WITHDRAWAL_D_GAP_MED'}]",0.44355371112029274,0.895697621572489,597,"{0.0: 574, 1.0: 23}",0.000999000999000999,0.0011224730325853922,True,0.9694829047753603
"[{'CARD_WITHDRAWAL_C_GAP_MED'}, {'CARD_WITHDRAWAL_C_GAP_MED'}, {'CARD_WITHDRAWAL_C_GAP_SHORT'}, {'DEPOSIT_C_GAP_MED'}]",0.44224698022300124,0.9003887269193391,315,"{0.0: 294, 1.0: 21}",0.000999000999000999,0.0011352284079556806,True,0.9694829047753603
"[{'PROFILE_OLD_FEMALE'}, {'DEPOSIT_D_GAP_LONG'}, {'CARD_WITHDRAWAL_D_GAP_LONG'}, {'DEPOSIT_C_GAP_MED'}]",0.44117097818718987,0.8922779922779922,199,"{1.0: 14, 0.0: 185}",0.000999000999000999,0.0011352284079556806,True,0.9694829047753603
"[{'DEPOSIT_C_GAP_LONG'}, {'DEPOSIT_D_GAP_LONG'}, {'DEPOSIT_D_GAP_LONG'}, {'CARD_WITHDRAWAL_C_GAP_MED'}, {'CARD_WITHDRAWAL_C_GAP_MED'}]",0.44029265645991833,0.8790633608815428,257,"{0.0: 242, 1.0: 15}",0.000999000999000999,0.0011352284079556806,True,0.9694829047753603
"[{'PROFILE_REGION_LOW_EDU'}, {'DEPOSIT_D_GAP_LONG'}, {'DEPOSIT_C_GAP_LONG'}, {'DEPOSIT_C_GAP_LONG'}, {'CARD_WITHDRAWAL_C_GAP_LONG'}]",0.4401165284600762,0.8532608695652174,94,"{0.0: 92, 1.0: 2}",0.000999000999000999,0.00111000111000111,True,0.9694829047753603
"[{'CARD_WITHDRAWAL_B_GAP_LONG'}, {'CARD_WITHDRAWAL_C_GAP_MED'}, {'CARD_WITHDRAWAL_D_GAP_SHORT'}, {'CARD_WITHDRAWAL_D_GAP_SHORT'}]",0.43955239179628713,0.9105839416058394,574,"{0.0: 548, 1.0: 26}",0.000999000999000999,0.0011616290686058128,True,0.9694829047753603
"[{'CARD_WITHDRAWAL_D_GAP_MED'}, {'CARD_WITHDRAWAL_C_GAP_SHORT'}, {'CARD_WITHDRAWAL_C_GAP_SHORT'}, {'CARD_WITHDRAWAL_D_GAP_MED'}]",0.4394776150674481,0.911885689543191,627,"{0.0: 596, 1.0: 31}",0.000999000999000999,0.0010978032956054933,True,0.9694829047753603
"[{'DEPOSIT_C_GAP_LONG'}, {'CARD_WITHDRAWAL_D_GAP_LONG'}, {'CARD_WITHDRAWAL_C_GAP_MED'}, {'CARD_WITHDRAWAL_D_GAP_MED'}]",0.43912859786203295,0.9017915309446254,327,"{0.0: 307, 1.0: 20}",0.000999000999000999,0.0011352284079556806,True,0.9694829047753603
"[{'PROFILE_REGION_HIGH_EDU'}, {'CARD_WITHDRAWAL_C_GAP_LONG'}, {'CARD_WITHDRAWAL_D_GAP_MED'}, {'CARD_WITHDRAWAL_C_GAP_MED'}]",0.4379863799070429,0.9088920143772465,501,"{0.0: 474, 1.0: 27}",0.000999000999000999,0.0011224730325853922,True,0.9694829047753603
"[{'CARD_WITHDRAWAL_D_GAP_MED'}, {'CARD_WITHDRAWAL_A_GAP_SHORT'}, {'DEPOSIT_B_GAP_LONG'}, {'DEPOSIT_C_GAP_MED'}, {'CARD_WITHDRAWAL_B_GAP_LONG'}]",0.4370109474642283,0.8392857142857143,58,"{0.0: 56, 1.0: 2}",0.000999000999000999,0.0011224730325853922,True,0.9694829047753603
"[{'CARD_WITHDRAWAL_C_GAP_SHORT'}, {'CARD_WITHDRAWAL_D_GAP_MED'}, {'CARD_WITHDRAWAL_C_GAP_MED'}, {'CARD_WITHDRAWAL_D_GAP_MED'}]",0.4368564198579846,0.9146370582617,734,"{0.0: 698, 1.0: 36}",0.000999000999000999,0.0011616290686058128,True,0.9694829047753603
"[{'CARD_WITHDRAWAL_A_GAP_SHORT'}, {'CARD_WITHDRAWAL_D_GAP_SHORT'}, {'CARD_WITHDRAWAL_C_GAP_MED'}, {'CARD_WITHDRAWAL_C_GAP_MED'}, {'CARD_WITHDRAWAL_C_GAP_MED'}]",0.436332860101466,0.89520263671875,544,"{0.0: 512, 1.0: 32}",0.000999000999000999,0.0011616290686058128,True,0.9694829047753603
"[{'PROFILE_OLD_FEMALE', 'PROFILE_REGION_HIGH_EDU'}, {'CARD_WITHDRAWAL_D_GAP_SHORT'}, {'CARD_WITHDRAWAL_D_GAP_SHORT'}, {'CARD_WITHDRAWAL_D_GAP_SHORT'}, {'CARD_WITHDRAWAL_C_GAP_LONG'}]",0.43597149020296533,0.8625,126,"{0.0: 120, 1.0: 6}",0.000999000999000999,0.00111000111000111,True,0.9694829047753603
"[{'CARD_WITHDRAWAL_C_GAP_SHORT'}, {'CARD_WITHDRAWAL_D_GAP_SHORT'}, {'CARD_WITHDRAWAL_B_GAP_SHORT'}, {'CARD_WITHDRAWAL_C_GAP_SHORT'}]",0.4355550767890324,0.9050505050505051,378,"{0.0: 363, 1.0: 15}",0.000999000999000999,0.00111000111000111,True,0.9694829047753603
"[{'CARD_WITHDRAWAL_C_GAP_MED'}, {'CARD_WITHDRAWAL_D_GAP_LONG'}, {'CARD_WITHDRAWAL_A_GAP_SHORT'}, {'CARD_WITHDRAWAL_D_GAP_MED'}]",0.43532412664643083,0.915312596719282,754,"{0.0: 718, 1.0: 36}",0.000999000999000999,0.0010978032956054933,True,0.9694829047753603
"[{'CARD_WITHDRAWAL_C_GAP_SHORT'}, {'CARD_WITHDRAWAL_D_GAP_MED'}, {'CARD_WITHDRAWAL_C_GAP_MED'}, {'CARD_WITHDRAWAL_A_GAP_SHORT'}]",0.43503307067300667,0.9147814712219144,722,"{0.0: 684, 1.0: 38}",0.000999000999000999,0.0010978032956054933,True,0.9694829047753603
"[{'PROFILE_OLD_MALE', 'PROFILE_REGION_LOW_INCOME'}, {'DEPOSIT_A_GAP_SHORT'}, {'CARD_WITHDRAWAL_D_GAP_MED'}, {'CARD_WITHDRAWAL_B_GAP_LONG'}]",0.4348118458621816,0.8983739837398375,252,"{0.0: 246, 1.0: 6}",0.000999000999000999,0.0011224730325853922,True,0.9694829047753603
"[{'DEPOSIT_D_GAP_LONG'}, {'DEPOSIT_C_GAP_LONG'}, {'CARD_WITHDRAWAL_D_GAP_LONG'}, {'CARD_WITHDRAWAL_D_GAP_LONG'}]",0.4338437469780172,0.903548463919981,336,"{0.0: 323, 1.0: 13}",0.000999000999000999,0.0011224730325853922,True,0.9694829047753603
"[{'CARD_WITHDRAWAL_C_GAP_LONG'}, {'CARD_WITHDRAWAL_C_GAP_MED'}, {'CARD_WITHDRAWAL_D_GAP_MED'}, {'CARD_WITHDRAWAL_C_GAP_MED'}]",0.4336998826771482,0.9158882472826088,768,"{0.0: 736, 1.0: 32}",0.000999000999000999,0.0010978032956054933,True,0.9694829047753603
"[{'DEPOSIT_C_GAP_LONG'}, {'CARD_WITHDRAWAL_D_GAP_MED'}, {'CARD_WITHDRAWAL_D_GAP_MED'}, {'DEPOSIT_C_GAP_MED'}]",0.43334815836589136,0.8966507177033493,224,"{0.0: 209, 1.0: 15}",0.000999000999000999,0.0011224730325853922,True,0.9694829047753603
"[{'DEPOSIT_C_GAP_SHORT'}, {'DEPOSIT_C_GAP_SHORT'}, {'CARD_WITHDRAWAL_B_GAP_SHORT'}, {'CARD_WITHDRAWAL_B_GAP_SHORT'}, {'CARD_WITHDRAWAL_B_GAP_SHORT'}]",0.43240540407075834,0.868421052631579,153,"{0.0: 152, 1.0: 1}",0.006993006993006993,0.00736105999263894,True,0.9694829047753603
"[{'DEPOSIT_D_GAP_LONG'}, {'DEPOSIT_C_GAP_LONG'}, {'CARD_WITHDRAWAL_C_GAP_MED'}, {'CARD_WITHDRAWAL_A_GAP_SHORT'}, {'CARD_WITHDRAWAL_C_GAP_MED'}]",0.43189319821867067,0.8866269447202912,337,"{0.0: 318, 1.0: 19}",0.000999000999000999,0.0011224730325853922,True,0.9694829047753603
"[{'CARD_WITHDRAWAL_C_GAP_MED'}, {'CARD_WITHDRAWAL_C_GAP_MED'}, {'DEPOSIT_C_GAP_MED'}, {'CARD_WITHDRAWAL_C_GAP_MED'}]",0.4314043679713959,0.9070597837176086,403,"{0.0: 377, 1.0: 26}",0.000999000999000999,0.0011616290686058128,True,0.9694829047753603
"[{'CARD_WITHDRAWAL_C_GAP_SHORT'}, {'CARD_WITHDRAWAL_D_GAP_SHORT'}, {'CARD_WITHDRAWAL_D_GAP_SHORT'}, {'CARD_WITHDRAWAL_C_GAP_MED'}]",0.43129964233480456,0.9112426035502958,531,"{0.0: 507, 1.0: 24}",0.000999000999000999,0.0011352284079556806,True,0.9694829047753603
"[{'CARD_WITHDRAWAL_C_GAP_MED'}, {'CARD_WITHDRAWAL_D_GAP_SHORT'}, {'CARD_WITHDRAWAL_D_GAP_SHORT'}, {'CARD_WITHDRAWAL_C_GAP_SHORT'}]",0.4302878529296762,0.9132843983880254,603,"{0.0: 579, 1.0: 24}",0.000999000999000999,0.0011352284079556806,True,0.9694829047753603
"[{'DEPOSIT_C_GAP_LONG'}, {'CARD_WITHDRAWAL_D_GAP_MED'}, {'CARD_WITHDRAWAL_C_GAP_MED'}, {'CARD_WITHDRAWAL_C_GAP_MED'}, {'CARD_WITHDRAWAL_C_GAP_MED'}]",0.4297667956324369,0.8837448559670782,288,"{0.0: 270, 1.0: 18}",0.000999000999000999,0.0011616290686058128,True,0.9694829047753603
"[{'CARD_WITHDRAWAL_D_GAP_MED'}, {'CARD_WITHDRAWAL_A_GAP_SHORT'}, {'CARD_WITHDRAWAL_D_GAP_SHORT'}, {'CARD_WITHDRAWAL_C_GAP_SHORT'}]",0.4297095235620493,0.916596796257888,762,"{0.0: 731, 1.0: 31}",0.000999000999000999,0.0011224730325853922,True,0.9694829047753603
"[{'CARD_WITHDRAWAL_C_GAP_MED'}, {'CARD_WITHDRAWAL_D_GAP_MED'}, {'CARD_WITHDRAWAL_D_GAP_LONG'}, {'CARD_WITHDRAWAL_D_GAP_MED'}]",0.42952318119238475,0.9162286191072173,739,"{0.0: 705, 1.0: 34}",0.000999000999000999,0.0011616290686058128,True,0.9694829047753603
"[{'CARD_WITHDRAWAL_D_GAP_SHORT'}, {'CARD_WITHDRAWAL_D_GAP_LONG'}, {'CARD_WITHDRAWAL_B_GAP_MED'}, {'DEPOSIT_C_GAP_MED'}]",0.4282898044042437,0.8996388028895769,245,"{0.0: 228, 1.0: 17}",0.000999000999000999,0.0010978032956054933,True,0.9694829047753603
"[{'PROFILE_OLD_FEMALE', 'PROFILE_REGION_HIGH_EDU'}, {'DEPOSIT_B_GAP_SHORT'}, {'CARD_WITHDRAWAL_C_GAP_MED'}, {'CARD_WITHDRAWAL_B_GAP_LONG'}]",0.42798952606360974,0.8842592592592592,110,"{0.0: 108, 1.0: 2}",0.003996003996003996,0.004391213182421973,True,0.9694829047753603
"[{'PROFILE_REGION_LOW_CRIME', 'PROFILE_OLD_MALE', 'PROFILE_REGION_LOW_EDU'}, {'DEPOSIT_A_GAP_SHORT'}, {'CARD_WITHDRAWAL_D_GAP_LONG'}, {'CARD_WITHDRAWAL_A_GAP_SHORT'}, {'CARD_WITHDRAWAL_B_GAP_MED'}]",0.42738298934862673,0.8650793650793651,128,"{0.0: 126, 1.0: 2}",0.000999000999000999,0.0011616290686058128,True,0.9694829047753603
"[{'PROFILE_OLD_MALE', 'PROFILE_REGION_LOW_CRIME', 'PROFILE_REGION_LOW_INCOME'}, {'DEPOSIT_A_GAP_SHORT'}, {'DEPOSIT_B_GAP_LONG'}, {'CARD_WITHDRAWAL_C_GAP_LONG'}]",0.4268977890165978,0.8767123287671234,77,"{0.0: 73, 1.0: 4}",0.001998001998001998,0.0021483892451634387,True,0.9694829047753603
"[{'CARD_WITHDRAWAL_D_GAP_MED'}, {'CARD_WITHDRAWAL_C_GAP_MED'}, {'CARD_WITHDRAWAL_B_GAP_MED'}, {'TRANSFER_B_GAP_SHORT'}, {'CARD_WITHDRAWAL_D_GAP_MED'}]",0.426510271485921,0.8827935222672065,267,"{1.0: 20, 0.0: 247}",0.000999000999000999,0.0011616290686058128,True,0.9694829047753603
"[{'DEPOSIT_C_GAP_LONG'}, {'DEPOSIT_C_GAP_LONG'}, {'CARD_WITHDRAWAL_C_GAP_MED'}, {'DEPOSIT_D_GAP_SHORT'}, {'CARD_WITHDRAWAL_C_GAP_MED'}]",0.42548401206252395,0.864522417153996,123,"{0.0: 114, 1.0: 9}",0.000999000999000999,0.0011616290686058128,True,0.9694829047753603
"[{'CARD_WITHDRAWAL_C_GAP_SHORT'}, {'CARD_WITHDRAWAL_C_GAP_MED'}, {'CARD_WITHDRAWAL_C_GAP_SHORT'}, {'CARD_WITHDRAWAL_C_GAP_MED'}, {'CARD_WITHDRAWAL_D_GAP_MED'}]",0.425100345009477,0.8899664750957854,372,"{0.0: 348, 1.0: 24}",0.000999000999000999,0.0011616290686058128,True,0.9694829047753603
"[{'PROFILE_REGION_HIGH_EDU', 'PROFILE_OLD_FEMALE'}, {'CARD_WITHDRAWAL_D_GAP_MED'}, {'CARD_WITHDRAWAL_B_GAP_SHORT'}, {'CARD_WITHDRAWAL_C_GAP_MED'}]",0.4250614676200428,0.9030303030303031,284,"{0.0: 275, 1.0: 9}",0.000999000999000999,0.0010978032956054933,True,0.9694829047753603
"[{'CARD_WITHDRAWAL_C_GAP_LONG'}, {'CARD_WITHDRAWAL_D_GAP_MED'}, {'CARD_WITHDRAWAL_D_GAP_MED'}, {'CARD_WITHDRAWAL_C_GAP_MED'}, {'CARD_WITHDRAWAL_D_GAP_SHORT'}]",0.4240234029347778,0.8968253968253969,528,"{0.0: 504, 1.0: 24}",0.000999000999000999,0.00111000111000111,True,0.9694829047753603
"[{'DEPOSIT_C_GAP_MED'}, {'CARD_WITHDRAWAL_A_GAP_SHORT'}, {'CARD_WITHDRAWAL_C_GAP_MED'}, {'CARD_WITHDRAWAL_C_GAP_SHORT'}]",0.4235546832555369,0.9066618739515937,347,"{0.0: 321, 1.0: 26}",0.000999000999000999,0.0011352284079556806,True,0.9694829047753603
"[{'CARD_WITHDRAWAL_B_GAP_SHORT'}, {'CARD_WITHDRAWAL_B_GAP_MED'}, {'CARD_WITHDRAWAL_D_GAP_SHORT'}, {'CARD_WITHDRAWAL_D_GAP_SHORT'}]",0.421669237726118,0.9166411042944785,672,"{0.0: 652, 1.0: 20}",0.000999000999000999,0.0010978032956054933,True,0.9694829047753603
"[{'CARD_WITHDRAWAL_D_GAP_MED'}, {'CARD_WITHDRAWAL_C_GAP_SHORT'}, {'CARD_WITHDRAWAL_C_GAP_SHORT'}, {'DEPOSIT_C_GAP_MED'}]",0.4214397985014219,0.900462962962963,230,"{0.0: 216, 1.0: 14}",0.000999000999000999,0.0011352284079556806,True,0.9694829047753603
"[{'DEPOSIT_A_GAP_SHORT'}, {'DEPOSIT_C_GAP_LONG'}, {'CARD_WITHDRAWAL_D_GAP_MED'}, {'CARD_WITHDRAWAL_B_GAP_LONG'}]",0.4211629701877483,0.9071428571428573,344,"{0.0: 330, 1.0: 14}",0.000999000999000999,0.0011352284079556806,True,0.9694829047753603
"[{'PROFILE_OLD_MALE', 'PROFILE_REGION_LOW_CRIME'}, {'DEPOSIT_A_GAP_SHORT'}, {'CARD_WITHDRAWAL_C_GAP_MED'}, {'CARD_WITHDRAWAL_C_GAP_MED'}, {'CARD_WITHDRAWAL_D_GAP_MED'}]",0.4203166241416383,0.880184331797235,223,"{0.0: 217, 1.0: 6}",0.000999000999000999,0.0011224730325853922,True,0.9694829047753603
"[{'CARD_WITHDRAWAL_D_GAP_LONG'}, {'CARD_WITHDRAWAL_D_GAP_MED'}, {'CARD_WITHDRAWAL_C_GAP_SHORT'}, {'CARD_WITHDRAWAL_D_GAP_SHORT'}]",0.4196323102868522,0.9162790697674419,632,"{0.0: 602, 1.0: 30}",0.000999000999000999,0.00111000111000111,True,0.9694829047753603
"[{'PROFILE_REGION_HIGH_INCOME', 'PROFILE_OLD_FEMALE'}, {'DEPOSIT_D_GAP_LONG'}, {'DEPOSIT_C_GAP_LONG'}, {'CARD_WITHDRAWAL_B_GAP_LONG'}, {'CARD_WITHDRAWAL_B_GAP_LONG'}]",0.41949690496775316,0.8613861386138615,103,"{0.0: 101, 1.0: 2}",0.001998001998001998,0.002270456815911361,True,0.9694829047753603
"[{'CARD_WITHDRAWAL_C_GAP_SHORT'}, {'CARD_WITHDRAWAL_C_GAP_MED'}, {'CARD_WITHDRAWAL_B_GAP_MED'}, {'CARD_WITHDRAWAL_B_GAP_LONG'}]",0.4185301953181212,0.9170579029733961,658,"{0.0: 639, 1.0: 19}",0.000999000999000999,0.0011616290686058128,True,0.9694829047753603
"[{'CARD_WITHDRAWAL_C_GAP_MED'}, {'TRANSFER_B_GAP_MED'}, {'CARD_WITHDRAWAL_C_GAP_MED'}, {'CARD_WITHDRAWAL_C_GAP_SHORT'}]",0.4181761010665882,0.9080118694362019,346,"{1.0: 9, 0.0: 337}",0.000999000999000999,0.00111000111000111,True,0.9694829047753603
"[{'PROFILE_REGION_LOW_EDU', 'PROFILE_REGION_LOW_INCOME'}, {'CARD_WITHDRAWAL_B_GAP_SHORT'}, {'CARD_WITHDRAWAL_B_GAP_LONG'}, {'CARD_WITHDRAWAL_C_GAP_MED'}, {'CARD_WITHDRAWAL_C_GAP_MED'}]",0.41744770393555963,0.871264367816092,148,"{1.0: 3, 0.0: 145}",0.000999000999000999,0.00111000111000111,True,0.9694829047753603
"[{'PROFILE_REGION_HIGH_EDU', 'PROFILE_REGION_HIGH_INCOME', 'PROFILE_REGION_HIGH_CRIME'}, {'DEPOSIT_C_GAP_LONG'}, {'CARD_WITHDRAWAL_C_GAP_MED'}, {'CARD_WITHDRAWAL_B_GAP_SHORT'}]",0.4172860024484897,0.890495867768595,125,"{0.0: 121, 1.0: 4}",0.000999000999000999,0.0010978032956054933,True,0.9694829047753603
"[{'CARD_WITHDRAWAL_A_GAP_SHORT'}, {'CARD_WITHDRAWAL_C_GAP_MED'}, {'CARD_WITHDRAWAL_B_GAP_MED'}, {'CARD_WITHDRAWAL_C_GAP_MED'}, {'CARD_WITHDRAWAL_C_GAP_SHORT'}]",0.4168973489949723,0.8999231444883617,585,"{0.0: 552, 1.0: 33}",0.000999000999000999,0.0011352284079556806,True,0.9694829047753603
"[{'CARD_WITHDRAWAL_D_GAP_LONG'}, {'CARD_WITHDRAWAL_D_GAP_LONG'}, {'CARD_WITHDRAWAL_C_GAP_MED'}, {'CARD_WITHDRAWAL_C_GAP_SHORT'}]",0.41645337506942204,0.917891737891738,677,"{0.0: 650, 1.0: 27}",0.000999000999000999,0.0011224730325853922,True,0.9694829047753603
"[{'PROFILE_REGION_HIGH_EDU'}, {'DEPOSIT_D_GAP_LONG'}, {'DEPOSIT_C_GAP_MED'}, {'CARD_WITHDRAWAL_D_GAP_LONG'}]",0.41577649974053255,0.900390625,208,"{0.0: 192, 1.0: 16}",0.000999000999000999,0.00111000111000111,True,0.9694829047753603
"[{'PROFILE_REGION_HIGH_INCOME', 'PROFILE_REGION_HIGH_EDU'}, {'CARD_WITHDRAWAL_D_GAP_LONG'}, {'CARD_WITHDRAWAL_C_GAP_MED'}, {'CARD_WITHDRAWAL_D_GAP_SHORT'}]",0.4153916335108092,0.9,202,"{0.0: 190, 1.0: 12}",0.000999000999000999,0.00111000111000111,True,0.9694829047753603
"[{'TRANSFER_B_GAP_SHORT'}, {'CARD_WITHDRAWAL_C_GAP_MED'}, {'TRANSFER_B_GAP_SHORT'}, {'CARD_WITHDRAWAL_C_GAP_SHORT'}]",0.4153195619520712,0.9047619047619047,268,"{1.0: 9, 0.0: 259}",0.000999000999000999,0.0011616290686058128,True,0.9694829047753603
"[{'PROFILE_OLD_MALE'}, {'DEPOSIT_A_GAP_SHORT'}, {'CARD_WITHDRAWAL_B_GAP_LONG'}, {'DEPOSIT_C_GAP_LONG'}]",0.4149855425359962,0.8975903614457831,175,"{0.0: 166, 1.0: 9}",0.000999000999000999,0.0011352284079556806,True,0.9694829047753603
"[{'CARD_WITHDRAWAL_D_GAP_LONG'}, {'CARD_WITHDRAWAL_C_GAP_SHORT'}, {'CARD_WITHDRAWAL_C_GAP_MED'}, {'CARD_WITHDRAWAL_A_GAP_SHORT'}]",0.4142334766276181,0.9190123456790124,711,"{0.0: 675, 1.0: 36}",0.000999000999000999,0.0011352284079556806,True,0.9694829047753603
"[{'PROFILE_REGION_HIGH_CRIME', 'PROFILE_OLD_MALE', 'PROFILE_REGION_HIGH_EDU', 'PROFILE_REGION_HIGH_INCOME'}, {'CARD_WITHDRAWAL_C_GAP_MED'}, {'CARD_WITHDRAWAL_D_GAP_MED'}, {'CARD_WITHDRAWAL_B_GAP_LONG'}]",0.4132156751141457,0.8899082568807339,113,"{0.0: 109, 1.0: 4}",0.001998001998001998,0.00222000222000222,True,0.9694829047753603
"[{'PROFILE_REGION_HIGH_EDU'}, {'CARD_WITHDRAWAL_C_GAP_SHORT'}, {'CARD_WITHDRAWAL_C_GAP_MED'}, {'CARD_WITHDRAWAL_D_GAP_MED'}, {'CARD_WITHDRAWAL_D_GAP_SHORT'}]",0.4118824411472719,0.8877272727272728,291,"{0.0: 275, 1.0: 16}",0.000999000999000999,0.0011224730325853922,True,0.9694829047753603
"[{'CARD_WITHDRAWAL_C_GAP_MED'}, {'CARD_WITHDRAWAL_D_GAP_MED'}, {'CARD_WITHDRAWAL_D_GAP_SHORT'}, {'CARD_WITHDRAWAL_D_GAP_SHORT'}, {'CARD_WITHDRAWAL_C_GAP_MED'}]",0.41177596266566463,0.9011039257952838,594,"{0.0: 567, 1.0: 27}",0.000999000999000999,0.00111000111000111,True,0.9694829047753603
"[{'CARD_WITHDRAWAL_C_GAP_MED'}, {'CARD_WITHDRAWAL_C_GAP_MED'}, {'CARD_WITHDRAWAL_A_GAP_SHORT'}, {'CARD_WITHDRAWAL_C_GAP_MED'}, {'DEPOSIT_C_GAP_MED'}]",0.4112597636608286,0.8895890410958904,317,"{0.0: 292, 1.0: 25}",0.000999000999000999,0.00111000111000111,True,0.9694829047753603
"[{'PROFILE_OLD_MALE'}, {'CARD_WITHDRAWAL_D_GAP_LONG'}, {'CARD_WITHDRAWAL_C_GAP_SHORT'}, {'DEPOSIT_B_GAP_MED'}, {'CARD_WITHDRAWAL_B_GAP_MED'}]",0.41115304414745224,0.8571428571428572,81,"{0.0: 77, 1.0: 4}",0.000999000999000999,0.0011224730325853922,True,0.9694829047753603
"[{'CARD_WITHDRAWAL_B_GAP_SHORT'}, {'CARD_WITHDRAWAL_D_GAP_SHORT'}, {'CARD_WITHDRAWAL_C_GAP_SHORT'}, {'CARD_WITHDRAWAL_C_GAP_MED'}]",0.41071788701767775,0.9130479735318446,427,"{0.0: 403, 1.0: 24}",0.000999000999000999,0.0011616290686058128,True,0.9694829047753603
"[{'CARD_WITHDRAWAL_D_GAP_LONG'}, {'CARD_WITHDRAWAL_C_GAP_MED'}, {'CARD_WITHDRAWAL_C_GAP_MED'}, {'CARD_WITHDRAWAL_C_GAP_MED'}, {'CARD_WITHDRAWAL_D_GAP_SHORT'}]",0.40996093881305495,0.899822695035461,541,"{0.0: 517, 1.0: 24}",0.000999000999000999,0.0011616290686058128,True,0.9694829047753603
"[{'PROFILE_OLD_FEMALE', 'PROFILE_REGION_HIGH_EDU'}, {'CARD_WITHDRAWAL_C_GAP_MED'}, {'CARD_WITHDRAWAL_C_GAP_MED'}, {'CARD_WITHDRAWAL_C_GAP_MED'}, {'CARD_WITHDRAWAL_A_GAP_SHORT'}]",0.40983956922404197,0.8860055607043559,262,"{0.0: 249, 1.0: 13}",0.000999000999000999,0.0011352284079556806,True,0.9694829047753603
"[{'CARD_WITHDRAWAL_D_GAP_SHORT'}, {'CARD_WITHDRAWAL_C_GAP_SHORT'}, {'CARD_WITHDRAWAL_C_GAP_MED'}, {'CARD_WITHDRAWAL_C_GAP_MED'}, {'CARD_WITHDRAWAL_C_GAP_SHORT'}]",0.4094025468552116,0.8931500775881179,373,"{1.0: 26, 0.0: 347}",0.000999000999000999,0.0011616290686058128,True,0.9694829047753603
"[{'CARD_WITHDRAWAL_C_GAP_LONG'}, {'CARD_WITHDRAWAL_D_GAP_MED'}, {'CARD_WITHDRAWAL_D_GAP_SHORT'}, {'CARD_WITHDRAWAL_D_GAP_SHORT'}, {'CARD_WITHDRAWAL_C_GAP_MED'}]",0.4093157206409417,0.895265802697699,417,"{0.0: 398, 1.0: 19}",0.000999000999000999,0.0011224730325853922,True,0.9694829047753603
"[{'CARD_WITHDRAWAL_C_GAP_LONG'}, {'CARD_WITHDRAWAL_D_GAP_LONG'}, {'CARD_WITHDRAWAL_C_GAP_MED'}, {'CARD_WITHDRAWAL_D_GAP_SHORT'}]",0.40919088405570736,0.9161870879983258,522,"{0.0: 503, 1.0: 19}",0.000999000999000999,0.0011616290686058128,True,0.9694829047753603
"[{'PROFILE_REGION_HIGH_EDU'}, {'CARD_WITHDRAWAL_D_GAP_LONG'}, {'CARD_WITHDRAWAL_C_GAP_MED'}, {'CARD_WITHDRAWAL_D_GAP_SHORT'}]",0.4088250829244401,0.9146281073586213,462,"{0.0: 439, 1.0: 23}",0.000999000999000999,0.00111000111000111,True,0.9694829047753603
"[{'CARD_WITHDRAWAL_A_GAP_SHORT'}, {'CARD_WITHDRAWAL_A_GAP_SHORT'}, {'CARD_WITHDRAWAL_C_GAP_MED'}, {'CARD_WITHDRAWAL_C_GAP_SHORT'}, {'CARD_WITHDRAWAL_C_GAP_MED'}]",0.40835856825676264,0.9009895547003848,569,"{0.0: 535, 1.0: 34}",0.000999000999000999,0.0011616290686058128,True,0.9694829047753603
"[{'DEPOSIT_A_GAP_SHORT'}, {'CARD_WITHDRAWAL_E_GAP_SHORT'}, {'CARD_WITHDRAWAL_A_GAP_SHORT'}, {'CARD_WITHDRAWAL_D_GAP_MED'}, {'CARD_WITHDRAWAL_C_GAP_MED'}]",0.40641285517309733,0.8778583379810374,174,"{0.0: 163, 1.0: 11}",0.000999000999000999,0.0010978032956054933,True,0.9694829047753603
"[{'PROFILE_REGION_LOW_INCOME'}, {'CARD_WITHDRAWAL_C_GAP_MED'}, {'CARD_WITHDRAWAL_A_GAP_SHORT'}, {'CARD_WITHDRAWAL_D_GAP_SHORT'}]",0.40606207633330804,0.9157664904619627,477,"{0.0: 458, 1.0: 19}",0.000999000999000999,0.0011352284079556806,True,0.9694829047753603
"[{'CARD_WITHDRAWAL_C_GAP_MED'}, {'CARD_WITHDRAWAL_C_GAP_MED'}, {'DEPOSIT_C_GAP_LONG'}, {'CARD_WITHDRAWAL_B_GAP_MED'}]",0.4056754143517881,0.9081724292770543,279,"{1.0: 17, 0.0: 262}",0.000999000999000999,0.0011616290686058128,True,0.9694829047753603
"[{'DEPOSIT_D_GAP_LONG'}, {'DEPOSIT_C_GAP_LONG'}, {'CARD_WITHDRAWAL_A_GAP_SHORT'}, {'CARD_WITHDRAWAL_A_GAP_SHORT'}]",0.40558058948280407,0.9164904862579282,499,"{0.0: 473, 1.0: 26}",0.000999000999000999,0.00111000111000111,True,0.9694829047753603
"[{'PROFILE_REGION_LOW_CRIME', 'PROFILE_REGION_LOW_INCOME'}, {'CARD_WITHDRAWAL_C_GAP_SHORT'}, {'CARD_WITHDRAWAL_C_GAP_SHORT'}, {'TRANSFER_B_GAP_SHORT'}]",0.40554933467648335,0.892156862745098,110,"{1.0: 8, 0.0: 102}",0.002997002997002997,0.0031883010606414863,True,0.9694829047753603
"[{'DEPOSIT_C_GAP_MED'}, {'CARD_WITHDRAWAL_C_GAP_MED'}, {'CARD_WITHDRAWAL_B_GAP_MED'}, {'DEPOSIT_D_GAP_LONG'}, {'CARD_WITHDRAWAL_C_GAP_SHORT'}]",0.4051928838912774,0.8737373737373737,144,"{0.0: 132, 1.0: 12}",0.000999000999000999,0.0010978032956054933,True,0.9694829047753603
"[{'CARD_WITHDRAWAL_D_GAP_SHORT'}, {'CARD_WITHDRAWAL_D_GAP_SHORT'}, {'CARD_WITHDRAWAL_D_GAP_SHORT'}, {'CARD_WITHDRAWAL_D_GAP_SHORT'}, {'CARD_WITHDRAWAL_C_GAP_MED'}]",0.40501337469608145,0.9016363636363637,570,"{0.0: 550, 1.0: 20}",0.000999000999000999,0.0010978032956054933,True,0.9694829047753603
"[{'PROFILE_REGION_HIGH_INCOME'}, {'CARD_WITHDRAWAL_C_GAP_MED'}, {'CARD_WITHDRAWAL_B_GAP_MED'}, {'TRANSFER_B_GAP_SHORT'}, {'CARD_WITHDRAWAL_C_GAP_SHORT'}]",0.40442653577924637,0.8786127167630058,176,"{0.0: 173, 1.0: 3}",0.000999000999000999,0.0011224730325853922,True,0.9694829047753603
"[{'CARD_WITHDRAWAL_C_GAP_MED'}, {'CARD_WITHDRAWAL_D_GAP_MED'}, {'CARD_WITHDRAWAL_B_GAP_MED'}, {'CARD_WITHDRAWAL_C_GAP_SHORT'}, {'CARD_WITHDRAWAL_D_GAP_SHORT'}]",0.404248368798125,0.9002727272727272,522,"{0.0: 500, 1.0: 22}",0.000999000999000999,0.0011224730325853922,True,0.9694829047753603
"[{'CARD_WITHDRAWAL_C_GAP_MED'}, {'CARD_WITHDRAWAL_B_GAP_MED'}, {'CARD_WITHDRAWAL_B_GAP_MED'}, {'CARD_WITHDRAWAL_D_GAP_MED'}, {'CARD_WITHDRAWAL_D_GAP_SHORT'}]",0.40407404334507635,0.9040717736369911,653,"{0.0: 630, 1.0: 23}",0.000999000999000999,0.0011616290686058128,True,0.9694829047753603
"[{'PROFILE_REGION_LOW_CRIME'}, {'CARD_WITHDRAWAL_C_GAP_MED'}, {'CARD_WITHDRAWAL_C_GAP_SHORT'}, {'CARD_WITHDRAWAL_C_GAP_MED'}]",0.40401198567246077,0.9164866810655148,484,"{1.0: 21, 0.0: 463}",0.000999000999000999,0.0011616290686058128,True,0.9694829047753603
"[{'CARD_WITHDRAWAL_C_GAP_MED'}, {'CARD_WITHDRAWAL_D_GAP_SHORT'}, {'CARD_WITHDRAWAL_B_GAP_LONG'}, {'CARD_WITHDRAWAL_C_GAP_MED'}]",0.40393393527147503,0.9183579335793358,558,"{0.0: 542, 1.0: 16}",0.000999000999000999,0.0011352284079556806,True,0.9694829047753603
"[{'PROFILE_REGION_LOW_EDU'}, {'CARD_WITHDRAWAL_B_GAP_LONG'}, {'DEPOSIT_C_GAP_LONG'}, {'DEPOSIT_C_GAP_LONG'}]",0.40378994896112197,0.8986486486486486,151,"{0.0: 148, 1.0: 3}",0.002997002997002997,0.0031883010606414863,True,0.9694829047753603
"[{'DEPOSIT_D_GAP_LONG'}, {'DEPOSIT_C_GAP_MED'}, {'DEPOSIT_B_GAP_SHORT'}, {'CARD_WITHDRAWAL_C_GAP_SHORT'}]",0.40376932500977447,0.8813559322033898,63,"{0.0: 59, 1.0: 4}",0.004995004995004995,0.00514948968557216,True,0.9694829047753603
"[{'CARD_WITHDRAWAL_C_GAP_LONG'}, {'CARD_WITHDRAWAL_C_GAP_MED'}, {'CARD_WITHDRAWAL_D_GAP_MED'}, {'CARD_WITHDRAWAL_A_GAP_SHORT'}, {'CARD_WITHDRAWAL_C_GAP_MED'}]",0.4027377441661054,0.9024669073405536,584,"{0.0: 554, 1.0: 30}",0.000999000999000999,0.0011616290686058128,True,0.9694829047753603
"[{'CARD_WITHDRAWAL_C_GAP_MED'}, {'CARD_WITHDRAWAL_B_GAP_SHORT'}, {'DEPOSIT_C_GAP_MED'}, {'CARD_WITHDRAWAL_A_GAP_SHORT'}]",0.4020805959215983,0.9161394534930677,454,"{0.0: 437, 1.0: 17}",0.000999000999000999,0.0011616290686058128,True,0.9694829047753603
"[{'PROFILE_REGION_HIGH_INCOME'}, {'DEPOSIT_B_GAP_SHORT'}, {'CARD_WITHDRAWAL_C_GAP_LONG'}, {'CARD_WITHDRAWAL_D_GAP_MED'}, {'CARD_WITHDRAWAL_C_GAP_MED'}]",0.4019010999736894,0.878323108384458,169,"{1.0: 6, 0.0: 163}",0.000999000999000999,0.0010978032956054933,True,0.9694829047753603
"[{'CARD_WITHDRAWAL_C_GAP_LONG'}, {'DEPOSIT_D_GAP_MED'}, {'CARD_WITHDRAWAL_C_GAP_LONG'}, {'DEPOSIT_C_GAP_MED'}, {'CARD_WITHDRAWAL_A_GAP_SHORT'}]",0.40101237438524984,0.8797202797202798,178,"{0.0: 165, 1.0: 13}",0.000999000999000999,0.00111000111000111,True,0.9694829047753603
"[{'CARD_WITHDRAWAL_C_GAP_MED'}, {'CARD_WITHDRAWAL_C_GAP_MED'}, {'CARD_WITHDRAWAL_C_GAP_SHORT'}, {'CARD_WITHDRAWAL_C_GAP_SHORT'}, {'CARD_WITHDRAWAL_D_GAP_MED'}]",0.40081166342395746,0.8959794296400186,395,"{0.0: 372, 1.0: 23}",0.000999000999000999,0.00111000111000111,True,0.9694829047753603
"[{'CARD_WITHDRAWAL_C_GAP_MED'}, {'CARD_WITHDRAWAL_B_GAP_MED'}, {'CARD_WITHDRAWAL_C_GAP_SHORT'}, {'CARD_WITHDRAWAL_D_GAP_MED'}, {'CARD_WITHDRAWAL_C_GAP_MED'}]",0.40069877150780653,0.9004820936639119,508,"{0.0: 484, 1.0: 24}",0.000999000999000999,0.0010978032956054933,True,0.9694829047753603
"[{'CARD_WITHDRAWAL_C_GAP_LONG'}, {'CARD_WITHDRAWAL_D_GAP_MED'}, {'CARD_WITHDRAWAL_D_GAP_MED'}, {'CARD_WITHDRAWAL_D_GAP_SHORT'}, {'CARD_WITHDRAWAL_D_GAP_SHORT'}]",0.4003285885430927,0.9002100840336135,498,"{0.0: 476, 1.0: 22}",0.000999000999000999,0.0011352284079556806,True,0.9694829047753603
"[{'CARD_WITHDRAWAL_D_GAP_SHORT'}, {'CARD_WITHDRAWAL_C_GAP_SHORT'}, {'CARD_WITHDRAWAL_D_GAP_MED'}, {'CARD_WITHDRAWAL_D_GAP_SHORT'}, {'CARD_WITHDRAWAL_C_GAP_SHORT'}]",0.40015534322277657,0.8928571428571428,332,"{1.0: 24, 0.0: 308}",0.000999000999000999,0.0011352284079556806,True,0.9694829047753603
"[{'PROFILE_REGION_LOW_EDU', 'PROFILE_REGION_LOW_CRIME'}, {'CARD_WITHDRAWAL_A_GAP_SHORT'}, {'CARD_WITHDRAWAL_C_GAP_MED'}, {'CARD_WITHDRAWAL_C_GAP_MED'}]",0.39994728544217273,0.9122807017543859,329,"{0.0: 323, 1.0: 6}",0.001998001998001998,0.0021483892451634387,True,0.9694829047753603
"[{'PROFILE_REGION_HIGH_EDU'}, {'CARD_WITHDRAWAL_B_GAP_MED'}, {'CARD_WITHDRAWAL_D_GAP_MED'}, {'CARD_WITHDRAWAL_C_GAP_SHORT'}]",0.3997571270970436,0.9183673469387755,514,"{0.0: 490, 1.0: 24}",0.000999000999000999,0.0011224730325853922,True,0.9694829047753603
"[{'CARD_WITHDRAWAL_B_GAP_SHORT'}, {'CARD_WITHDRAWAL_C_GAP_MED'}, {'DEPOSIT_C_GAP_MED'}, {'CARD_WITHDRAWAL_A_GAP_SHORT'}]",0.39959131792026104,0.9147256728778468,389,"{0.0: 368, 1.0: 21}",0.000999000999000999,0.0011352284079556806,True,0.9694829047753603
"[{'PROFILE_REGION_HIGH_INCOME'}, {'DEPOSIT_B_GAP_SHORT'}, {'CARD_WITHDRAWAL_D_GAP_MED'}, {'CARD_WITHDRAWAL_D_GAP_MED'}]",0.39924526904574065,0.912042502951594,319,"{0.0: 308, 1.0: 11}",0.000999000999000999,0.00111000111000111,True,0.9694829047753603
"[{'CARD_WITHDRAWAL_B_GAP_LONG'}, {'CARD_WITHDRAWAL_A_GAP_SHORT'}, {'DEPOSIT_C_GAP_MED'}, {'CARD_WITHDRAWAL_C_GAP_MED'}]",0.39903967594315803,0.9143396735464724,374,"{1.0: 21, 0.0: 353}",0.000999000999000999,0.0011224730325853922,True,0.9694829047753603
"[{'DEPOSIT_C_GAP_LONG'}, {'CARD_WITHDRAWAL_B_GAP_MED'}, {'CARD_WITHDRAWAL_D_GAP_MED'}, {'CARD_WITHDRAWAL_A_GAP_SHORT'}]",0.3987085307720799,0.9155844155844156,407,"{0.0: 385, 1.0: 22}",0.000999000999000999,0.0011616290686058128,True,0.9694829047753603
"[{'DEPOSIT_D_GAP_LONG'}, {'CARD_WITHDRAWAL_C_GAP_MED'}, {'DEPOSIT_C_GAP_LONG'}, {'DEPOSIT_C_GAP_LONG'}]",0.397328864336572,0.9056437389770724,201,"{0.0: 189, 1.0: 12}",0.000999000999000999,0.0011224730325853922,True,0.9694829047753603
"[{'CARD_WITHDRAWAL_C_GAP_SHORT'}, {'DEPOSIT_C_GAP_LONG'}, {'CARD_WITHDRAWAL_B_GAP_MED'}, {'CARD_WITHDRAWAL_B_GAP_SHORT'}]",0.39726978570771,0.9013793103448277,155,"{0.0: 145, 1.0: 10}",0.000999000999000999,0.00111000111000111,True,0.9694829047753603
"[{'CARD_WITHDRAWAL_D_GAP_MED'}, {'CARD_WITHDRAWAL_A_GAP_SHORT'}, {'CARD_WITHDRAWAL_D_GAP_MED'}, {'DEPOSIT_C_GAP_MED'}, {'CARD_WITHDRAWAL_A_GAP_SHORT'}]",0.39704797110184,0.8938110749185668,337,"{0.0: 307, 1.0: 30}",0.000999000999000999,0.0011224730325853922,True,0.9694829047753603
"[{'DEPOSIT_A_GAP_SHORT'}, {'DEPOSIT_C_GAP_LONG'}, {'CARD_WITHDRAWAL_D_GAP_MED'}, {'CARD_WITHDRAWAL_A_GAP_SHORT'}, {'CARD_WITHDRAWAL_A_GAP_SHORT'}]",0.3969354120487061,0.895227939216209,363,"{0.0: 341, 1.0: 22}",0.000999000999000999,0.0011224730325853922,True,0.9694829047753603
"[{'CARD_WITHDRAWAL_B_GAP_MED'}, {'CARD_WITHDRAWAL_D_GAP_MED'}, {'DEPOSIT_C_GAP_MED'}, {'CARD_WITHDRAWAL_A_GAP_SHORT'}]",0.396929194767937,0.9164957264957265,420,"{0.0: 390, 1.0: 30}",0.000999000999000999,0.0010978032956054933,True,0.9694829047753603
"[{'DEPOSIT_D_GAP_LONG'}, {'DEPOSIT_C_GAP_LONG'}, {'DEPOSIT_C_GAP_LONG'}, {'CARD_WITHDRAWAL_C_GAP_MED'}, {'DEPOSIT_C_GAP_SHORT'}]",0.39688007075240406,0.857843137254902,71,"{0.0: 68, 1.0: 3}",0.000999000999000999,0.0011352284079556806,True,0.9694829047753603
"[{'PROFILE_REGION_HIGH_EDU'}, {'CARD_WITHDRAWAL_C_GAP_SHORT'}, {'CARD_WITHDRAWAL_C_GAP_MED'}, {'CARD_WITHDRAWAL_C_GAP_MED'}]",0.3968601304508481,0.9190983606557377,513,"{0.0: 488, 1.0: 25}",0.000999000999000999,0.0011352284079556806,True,0.9694829047753603
"[{'PROFILE_OLD_FEMALE'}, {'CARD_WITHDRAWAL_C_GAP_MED'}, {'CARD_WITHDRAWAL_C_GAP_MED'}, {'CARD_WITHDRAWAL_C_GAP_SHORT'}]",0.396036096080551,0.9187368421052632,490,"{1.0: 15, 0.0: 475}",0.000999000999000999,0.0011224730325853922,True,0.9694829047753603
"[{'CARD_WITHDRAWAL_C_GAP_MED'}, {'DEPOSIT_C_GAP_MED'}, {'CARD_WITHDRAWAL_A_GAP_SHORT'}, {'CARD_WITHDRAWAL_C_GAP_LONG'}]",0.39601348890379573,0.9116333268595843,290,"{0.0: 271, 1.0: 19}",0.000999000999000999,0.0011224730325853922,True,0.9694829047753603
"[{'DEPOSIT_B_GAP_MED'}, {'CARD_WITHDRAWAL_C_GAP_MED'}, {'CARD_WITHDRAWAL_D_GAP_MED'}, {'CARD_WITHDRAWAL_A_GAP_SHORT'}]",0.3960010114358581,0.9170924885028104,431,"{0.0: 412, 1.0: 19}",0.000999000999000999,0.0010978032956054933,True,0.9694829047753603
"[{'PROFILE_REGION_LOW_CRIME'}, {'DEPOSIT_A_GAP_SHORT'}, {'DEPOSIT_C_GAP_MED'}, {'DEPOSIT_C_GAP_SHORT'}, {'CARD_WITHDRAWAL_A_GAP_SHORT'}]",0.39566270487468935,0.8762589928057554,144,"{0.0: 139, 1.0: 5}",0.000999000999000999,0.0011352284079556806,True,0.9694829047753603
"[{'CARD_WITHDRAWAL_C_GAP_LONG'}, {'CARD_WITHDRAWAL_C_GAP_MED'}, {'CARD_WITHDRAWAL_C_GAP_MED'}, {'DEPOSIT_C_GAP_MED'}]",0.39561647111900755,0.9133323703596706,324,"{0.0: 301, 1.0: 23}",0.000999000999000999,0.00111000111000111,True,0.9694829047753603
"[{'CARD_WITHDRAWAL_A_GAP_SHORT'}, {'CARD_WITHDRAWAL_A_GAP_SHORT'}, {'CARD_WITHDRAWAL_D_GAP_SHORT'}, {'CARD_WITHDRAWAL_C_GAP_MED'}, {'CARD_WITHDRAWAL_B_GAP_LONG'}]",0.3948783981101689,0.8989707046714173,436,"{0.0: 421, 1.0: 15}",0.000999000999000999,0.0011616290686058128,True,0.9694829047753603
"[{'PROFILE_REGION_HIGH_EDU'}, {'DEPOSIT_D_GAP_LONG'}, {'DEPOSIT_C_GAP_LONG'}, {'DEPOSIT_C_GAP_LONG'}]",0.39455076072704176,0.9049900199600799,182,"{0.0: 167, 1.0: 15}",0.000999000999000999,0.0011352284079556806,True,0.9694829047753603
"[{'PROFILE_REGION_HIGH_INCOME', 'PROFILE_REGION_LOW_EDU', 'PROFILE_OLD_FEMALE'}, {'CARD_WITHDRAWAL_A_GAP_SHORT'}, {'CARD_WITHDRAWAL_C_GAP_MED'}, {'CARD_WITHDRAWAL_D_GAP_SHORT'}]",0.3942115453895273,0.9026845637583892,157,"{0.0: 149, 1.0: 8}",0.000999000999000999,0.0010978032956054933,True,0.9694829047753603
"[{'CARD_WITHDRAWAL_B_GAP_MED'}, {'CARD_WITHDRAWAL_C_GAP_SHORT'}, {'CARD_WITHDRAWAL_C_GAP_LONG'}, {'CARD_WITHDRAWAL_D_GAP_MED'}]",0.39395812139159225,0.9191919191919192,486,"{0.0: 462, 1.0: 24}",0.000999000999000999,0.0011616290686058128,True,0.9694829047753603
"[{'PROFILE_REGION_LOW_CRIME'}, {'CARD_WITHDRAWAL_C_GAP_MED'}, {'CARD_WITHDRAWAL_C_GAP_SHORT'}, {'CARD_WITHDRAWAL_C_GAP_SHORT'}]",0.393923088964768,0.9165933743770155,397,"{0.0: 379, 1.0: 18}",0.000999000999000999,0.0010978032956054933,True,0.9694829047753603
"[{'PROFILE_OLD_FEMALE'}, {'CARD_WITHDRAWAL_D_GAP_SHORT'}, {'CARD_WITHDRAWAL_B_GAP_MED'}, {'CARD_WITHDRAWAL_C_GAP_MED'}, {'CARD_WITHDRAWAL_D_GAP_SHORT'}]",0.3938827917550176,0.892977392977393,311,"{0.0: 297, 1.0: 14}",0.000999000999000999,0.00111000111000111,True,0.9694829047753603
"[{'CARD_WITHDRAWAL_A_GAP_SHORT'}, {'CARD_WITHDRAWAL_C_GAP_MED'}, {'CARD_WITHDRAWAL_B_GAP_MED'}, {'CARD_WITHDRAWAL_C_GAP_MED'}, {'CARD_WITHDRAWAL_D_GAP_MED'}]",0.3933783617850216,0.9080775690945182,745,"{0.0: 708, 1.0: 37}",0.000999000999000999,0.0010978032956054933,True,0.9694829047753603
"[{'CARD_WITHDRAWAL_D_GAP_MED'}, {'CARD_WITHDRAWAL_B_GAP_SHORT'}, {'CARD_WITHDRAWAL_C_GAP_LONG'}, {'CARD_WITHDRAWAL_C_GAP_SHORT'}]",0.39334318484812814,0.9174958540630183,420,"{1.0: 18, 0.0: 402}",0.000999000999000999,0.0011616290686058128,True,0.9694829047753603
"[{'PROFILE_REGION_LOW_INCOME', 'PROFILE_REGION_LOW_EDU'}, {'DEPOSIT_A_GAP_SHORT'}, {'CARD_WITHDRAWAL_B_GAP_SHORT'}, {'CARD_WITHDRAWAL_B_GAP_LONG'}]",0.3928430894849433,0.9143730886850152,329,"{0.0: 327, 1.0: 2}",0.02197802197802198,0.02242655303879794,True,0.9694829047753603
"[{'CARD_WITHDRAWAL_D_GAP_SHORT'}, {'CARD_WITHDRAWAL_D_GAP_SHORT'}, {'CARD_WITHDRAWAL_C_GAP_MED'}, {'CARD_WITHDRAWAL_C_GAP_SHORT'}, {'CARD_WITHDRAWAL_C_GAP_MED'}]",0.3919317333131004,0.8980511925538104,400,"{0.0: 382, 1.0: 18}",0.000999000999000999,0.0010978032956054933,True,0.9694829047753603
"[{'PROFILE_REGION_LOW_INCOME'}, {'CARD_WITHDRAWAL_C_GAP_MED'}, {'CARD_WITHDRAWAL_C_GAP_MED'}, {'CARD_WITHDRAWAL_D_GAP_SHORT'}, {'CARD_WITHDRAWAL_C_GAP_MED'}]",0.39161229798468633,0.8936661073825503,314,"{0.0: 298, 1.0: 16}",0.000999000999000999,0.0011224730325853922,True,0.9694829047753603
"[{'PROFILE_OLD_FEMALE'}, {'CARD_WITHDRAWAL_C_GAP_MED'}, {'CARD_WITHDRAWAL_C_GAP_MED'}, {'CARD_WITHDRAWAL_C_GAP_MED'}, {'CARD_WITHDRAWAL_D_GAP_MED'}]",0.3913821124801128,0.8994445235721407,430,"{1.0: 17, 0.0: 413}",0.000999000999000999,0.00111000111000111,True,0.9694829047753603
"[{'DEPOSIT_C_GAP_LONG'}, {'DEPOSIT_D_GAP_LONG'}, {'CARD_WITHDRAWAL_C_GAP_SHORT'}, {'CARD_WITHDRAWAL_A_GAP_SHORT'}]",0.39135822615442695,0.9132616487455197,294,"{0.0: 279, 1.0: 15}",0.000999000999000999,0.0010978032956054933,True,0.9694829047753603
"[{'DEPOSIT_D_GAP_LONG'}, {'DEPOSIT_C_GAP_LONG'}, {'CARD_WITHDRAWAL_C_GAP_MED'}, {'CARD_WITHDRAWAL_B_GAP_SHORT'}]",0.390916853598657,0.9171907756813417,389,"{0.0: 371, 1.0: 18}",0.000999000999000999,0.0011616290686058128,True,0.9694829047753603
"[{'PROFILE_REGION_LOW_INCOME', 'PROFILE_REGION_LOW_CRIME'}, {'DEPOSIT_A_GAP_SHORT'}, {'CARD_WITHDRAWAL_D_GAP_SHORT'}, {'CARD_WITHDRAWAL_D_GAP_SHORT'}]",0.3908381278785027,0.9153846153846155,339,"{0.0: 325, 1.0: 14}",0.000999000999000999,0.0011616290686058128,True,0.9694829047753603
"[{'DEPOSIT_D_GAP_LONG'}, {'DEPOSIT_C_GAP_LONG'}, {'CARD_WITHDRAWAL_A_GAP_SHORT'}, {'DEPOSIT_B_GAP_LONG'}]",0.39071224063078835,0.9074074074074074,195,"{0.0: 186, 1.0: 9}",0.000999000999000999,0.0011352284079556806,True,0.9694829047753603
"[{'CARD_WITHDRAWAL_D_GAP_LONG'}, {'CARD_WITHDRAWAL_C_GAP_MED'}, {'CARD_WITHDRAWAL_C_GAP_MED'}, {'CARD_WITHDRAWAL_C_GAP_MED'}, {'CARD_WITHDRAWAL_D_GAP_MED'}]",0.3903054980459174,0.9084656084656084,737,"{0.0: 702, 1.0: 35}",0.000999000999000999,0.0011224730325853922,True,0.9694829047753603
"[{'PROFILE_REGION_LOW_CRIME'}, {'DEPOSIT_D_GAP_LONG'}, {'DEPOSIT_C_GAP_MED'}, {'CARD_WITHDRAWAL_B_GAP_MED'}]",0.3900155709169134,0.9133926633383981,288,"{1.0: 17, 0.0: 271}",0.000999000999000999,0.0011224730325853922,True,0.9694829047753603
"[{'CARD_WITHDRAWAL_D_GAP_MED'}, {'CARD_WITHDRAWAL_D_GAP_LONG'}, {'CARD_WITHDRAWAL_C_GAP_MED'}, {'CARD_WITHDRAWAL_D_GAP_MED'}, {'CARD_WITHDRAWAL_C_GAP_MED'}]",0.38979538489829246,0.9050736497545009,590,"{0.0: 564, 1.0: 26}",0.000999000999000999,0.00111000111000111,True,0.9694829047753603
"[{'DEPOSIT_D_GAP_MED'}, {'CARD_WITHDRAWAL_B_GAP_LONG'}, {'DEPOSIT_C_GAP_LONG'}, {'CARD_WITHDRAWAL_C_GAP_SHORT'}]",0.3885650833908483,0.904320987654321,153,"{0.0: 144, 1.0: 9}",0.000999000999000999,0.0011616290686058128,True,0.9694829047753603
"[{'DEPOSIT_A_GAP_SHORT'}, {'CARD_WITHDRAWAL_A_GAP_SHORT'}, {'CARD_WITHDRAWAL_D_GAP_MED'}, {'DEPOSIT_C_GAP_MED'}]",0.38815433648068887,0.9181647157190636,394,"{0.0: 368, 1.0: 26}",0.000999000999000999,0.0011352284079556806,True,0.9694829047753603
"[{'PROFILE_REGION_LOW_EDU'}, {'CARD_WITHDRAWAL_D_GAP_MED'}, {'CARD_WITHDRAWAL_D_GAP_LONG'}, {'CARD_WITHDRAWAL_C_GAP_MED'}, {'CARD_WITHDRAWAL_D_GAP_SHORT'}]",0.3875188604517559,0.896060606060606,340,"{0.0: 330, 1.0: 10}",0.000999000999000999,0.0011616290686058128,True,0.9694829047753603
"[{'CARD_WITHDRAWAL_D_GAP_MED'}, {'CARD_WITHDRAWAL_D_GAP_MED'}, {'CARD_WITHDRAWAL_D_GAP_LONG'}, {'CARD_WITHDRAWAL_C_GAP_MED'}, {'CARD_WITHDRAWAL_B_GAP_MED'}]",0.3873255520965657,0.9070543887991385,649,"{0.0: 619, 1.0: 30}",0.000999000999000999,0.0011352284079556806,True,0.9694829047753603
"[{'CARD_WITHDRAWAL_C_GAP_LONG'}, {'CARD_WITHDRAWAL_A_GAP_SHORT'}, {'DEPOSIT_C_GAP_MED'}, {'CARD_WITHDRAWAL_C_GAP_MED'}]",0.38727242102397674,0.9174041297935104,364,"{0.0: 339, 1.0: 25}",0.000999000999000999,0.0011616290686058128,True,0.9694829047753603
"[{'PROFILE_OLD_FEMALE'}, {'DEPOSIT_C_GAP_MED'}, {'CARD_WITHDRAWAL_C_GAP_MED'}, {'CARD_WITHDRAWAL_D_GAP_MED'}, {'DEPOSIT_C_GAP_LONG'}]",0.38657177937297293,0.8583333333333334,64,"{1.0: 4, 0.0: 60}",0.000999000999000999,0.00111000111000111,True,0.9694829047753603
"[{'DEPOSIT_A_GAP_SHORT'}, {'DEPOSIT_D_GAP_LONG'}, {'DEPOSIT_C_GAP_LONG'}, {'DEPOSIT_D_GAP_LONG'}, {'CARD_WITHDRAWAL_C_GAP_MED'}]",0.38650473606388547,0.8948746726524504,315,"{0.0: 297, 1.0: 18}",0.000999000999000999,0.00111000111000111,True,0.9694829047753603
"[{'PROFILE_MID_MALE'}, {'DEPOSIT_C_GAP_LONG'}, {'DEPOSIT_C_GAP_LONG'}, {'CARD_WITHDRAWAL_C_GAP_LONG'}]",0.3864996983069374,0.875,33,"{1.0: 1, 0.0: 32}",0.060939060939060936,0.060939060939060936,False,0.9694829047753603
"[{'PROFILE_REGION_HIGH_CRIME'}, {'DEPOSIT_D_GAP_LONG'}, {'CARD_WITHDRAWAL_B_GAP_LONG'}, {'DEPOSIT_C_GAP_LONG'}]",0.3861024180747006,0.9106858054226475,218,"{0.0: 209, 1.0: 9}",0.000999000999000999,0.0011616290686058128,True,0.9694829047753603
"[{'DEPOSIT_C_GAP_MED'}, {'DEPOSIT_C_GAP_MED'}, {'DEPOSIT_C_GAP_SHORT'}, {'DEPOSIT_C_GAP_MED'}, {'DEPOSIT_D_GAP_MED'}]",0.38573821286254995,0.8712871287128713,104,"{0.0: 101, 1.0: 3}",0.000999000999000999,0.0011224730325853922,True,0.9694829047753603
"[{'CARD_WITHDRAWAL_C_GAP_SHORT'}, {'CARD_WITHDRAWAL_C_GAP_MED'}, {'CARD_WITHDRAWAL_B_GAP_MED'}, {'CARD_WITHDRAWAL_B_GAP_MED'}, {'CARD_WITHDRAWAL_C_GAP_SHORT'}]",0.385590055073196,0.9015046296296296,452,"{0.0: 432, 1.0: 20}",0.000999000999000999,0.0011224730325853922,True,0.9694829047753603
"[{'CARD_WITHDRAWAL_C_GAP_MED'}, {'CARD_WITHDRAWAL_D_GAP_MED'}, {'TRANSFER_B_GAP_SHORT'}, {'TRANSFER_B_GAP_SHORT'}]",0.38506826648830716,0.9185903354878424,379,"{1.0: 18, 0.0: 361}",0.000999000999000999,0.0010978032956054933,True,0.9694829047753603
"[{'PROFILE_REGION_HIGH_INCOME', 'PROFILE_REGION_HIGH_CRIME'}, {'DEPOSIT_D_GAP_LONG'}, {'DEPOSIT_C_GAP_LONG'}, {'DEPOSIT_D_GAP_LONG'}]",0.3846840933185719,0.911764705882353,227,"{0.0: 221, 1.0: 6}",0.000999000999000999,0.0010978032956054933,True,0.9694829047753603
"[{'CARD_WITHDRAWAL_C_GAP_LONG'}, {'CARD_WITHDRAWAL_D_GAP_MED'}, {'CARD_WITHDRAWAL_D_GAP_MED'}, {'CARD_WITHDRAWAL_D_GAP_SHORT'}, {'CARD_WITHDRAWAL_A_GAP_SHORT'}]",0.38451202778192217,0.9045250102221616,535,"{0.0: 506, 1.0: 29}",0.000999000999000999,0.0010978032956054933,True,0.9694829047753603
"[{'CARD_WITHDRAWAL_D_GAP_SHORT'}, {'DEPOSIT_C_GAP_MED'}, {'CARD_WITHDRAWAL_D_GAP_SHORT'}, {'CARD_WITHDRAWAL_C_GAP_MED'}, {'CARD_WITHDRAWAL_A_GAP_SHORT'}]",0.38436954538848866,0.887646577583856,212,"{0.0: 193, 1.0: 19}",0.000999000999000999,0.0011616290686058128,True,0.9694829047753603
"[{'CARD_WITHDRAWAL_B_GAP_MED'}, {'CARD_WITHDRAWAL_C_GAP_MED'}, {'CARD_WITHDRAWAL_C_GAP_MED'}, {'DEPOSIT_C_GAP_SHORT'}]",0.3838476397641901,0.9150375939849624,281,"{0.0: 266, 1.0: 15}",0.000999000999000999,0.0011616290686058128,True,0.9694829047753603
"[{'PROFILE_REGION_HIGH_INCOME', 'PROFILE_REGION_HIGH_EDU'}, {'CARD_WITHDRAWAL_C_GAP_MED'}, {'CARD_WITHDRAWAL_C_GAP_MED'}, {'CARD_WITHDRAWAL_B_GAP_MED'}]",0.38366272012269165,0.9187135983793365,370,"{0.0: 359, 1.0: 11}",0.000999000999000999,0.00111000111000111,True,0.9694829047753603
"[{'PROFILE_REGION_HIGH_INCOME', 'PROFILE_REGION_HIGH_CRIME'}, {'DEPOSIT_B_GAP_SHORT'}, {'DEPOSIT_D_GAP_LONG'}, {'DEPOSIT_C_GAP_LONG'}]",0.38334038419522143,0.8977272727272728,92,"{0.0: 88, 1.0: 4}",0.004995004995004995,0.005370973112908597,True,0.9694829047753603
"[{'PROFILE_REGION_HIGH_EDU'}, {'CARD_WITHDRAWAL_C_GAP_SHORT'}, {'CARD_WITHDRAWAL_C_GAP_MED'}, {'CARD_WITHDRAWAL_A_GAP_SHORT'}, {'CARD_WITHDRAWAL_C_GAP_MED'}]",0.38232424491166617,0.8989223337049423,374,"{0.0: 351, 1.0: 23}",0.000999000999000999,0.00111000111000111,True,0.9694829047753603
"[{'CARD_WITHDRAWAL_C_GAP_MED'}, {'CARD_WITHDRAWAL_C_GAP_MED'}, {'CARD_WITHDRAWAL_C_GAP_MED'}, {'CARD_WITHDRAWAL_C_GAP_MED'}, {'CARD_WITHDRAWAL_C_GAP_MED'}]",0.38227210729168126,0.911593919227507,825,"{0.0: 786, 1.0: 39}",0.000999000999000999,0.0011352284079556806,True,0.9694829047753603
"[{'CARD_WITHDRAWAL_C_GAP_LONG'}, {'CARD_WITHDRAWAL_D_GAP_MED'}, {'CARD_WITHDRAWAL_B_GAP_MED'}, {'CARD_WITHDRAWAL_C_GAP_SHORT'}, {'CARD_WITHDRAWAL_C_GAP_MED'}]",0.3822027073917399,0.9010869565217392,423,"{0.0: 400, 1.0: 23}",0.000999000999000999,0.00111000111000111,True,0.9694829047753603
"[{'CARD_WITHDRAWAL_C_GAP_SHORT'}, {'CARD_WITHDRAWAL_D_GAP_SHORT'}, {'CARD_WITHDRAWAL_D_GAP_SHORT'}, {'CARD_WITHDRAWAL_C_GAP_MED'}, {'CARD_WITHDRAWAL_C_GAP_MED'}]",0.38165049155515685,0.8984450923226434,361,"{0.0: 343, 1.0: 18}",0.000999000999000999,0.0011224730325853922,True,0.9694829047753603
"[{'CARD_WITHDRAWAL_C_GAP_MED'}, {'CARD_WITHDRAWAL_C_GAP_MED'}, {'CARD_WITHDRAWAL_D_GAP_MED'}, {'CARD_WITHDRAWAL_B_GAP_SHORT'}, {'CARD_WITHDRAWAL_D_GAP_SHORT'}]",0.38161672790693235,0.903162511542013,475,"{0.0: 456, 1.0: 19}",0.000999000999000999,0.00111000111000111,True,0.9694829047753603
"[{'DEPOSIT_A_GAP_SHORT'}, {'DEPOSIT_D_GAP_LONG'}, {'CARD_WITHDRAWAL_B_GAP_LONG'}, {'DEPOSIT_C_GAP_LONG'}]",0.3815695921343889,0.9177489177489178,326,"{1.0: 18, 0.0: 308}",0.000999000999000999,0.0011224730325853922,True,0.9694829047753603
"[{'DEPOSIT_A_GAP_SHORT'}, {'DEPOSIT_D_GAP_LONG'}, {'DEPOSIT_D_GAP_LONG'}, {'DEPOSIT_C_GAP_LONG'}, {'CARD_WITHDRAWAL_B_GAP_MED'}]",0.3814652052542915,0.8919642857142858,254,"{1.0: 14, 0.0: 240}",0.000999000999000999,0.0011616290686058128,True,0.9694829047753603
"[{'CARD_WITHDRAWAL_C_GAP_MED'}, {'CARD_WITHDRAWAL_B_GAP_MED'}, {'CARD_WITHDRAWAL_C_GAP_MED'}, {'CARD_WITHDRAWAL_C_GAP_SHORT'}, {'CARD_WITHDRAWAL_C_GAP_MED'}]",0.38093120750052456,0.9065821256038648,582,"{0.0: 552, 1.0: 30}",0.000999000999000999,0.0011224730325853922,True,0.9694829047753603
"[{'PROFILE_REGION_LOW_INCOME', 'PROFILE_OLD_MALE', 'PROFILE_REGION_LOW_EDU'}, {'CARD_WITHDRAWAL_B_GAP_MED'}, {'CARD_WITHDRAWAL_B_GAP_MED'}, {'CARD_WITHDRAWAL_B_GAP_SHORT'}]",0.3807395963699006,0.9094412331406551,176,"{0.0: 173, 1.0: 3}",0.00999000999000999,0.01029897937114432,True,0.9694829047753603
"[{'PROFILE_REGION_LOW_CRIME'}, {'CARD_WITHDRAWAL_C_GAP_MED'}, {'DEPOSIT_B_GAP_MED'}, {'CARD_WITHDRAWAL_B_GAP_MED'}]",0.38073394834599694,0.9174917491749175,313,"{0.0: 303, 1.0: 10}",0.000999000999000999,0.00111000111000111,True,0.9694829047753603
"[{'PROFILE_REGION_HIGH_INCOME', 'PROFILE_REGION_HIGH_CRIME'}, {'DEPOSIT_B_GAP_SHORT'}, {'DEPOSIT_D_GAP_LONG'}, {'CARD_WITHDRAWAL_B_GAP_LONG'}]",0.3805114230037422,0.9113402061855671,199,"{0.0: 194, 1.0: 5}",0.002997002997002997,0.0033674190977561764,True,0.9694829047753603
"[{'CARD_WITHDRAWAL_C_GAP_MED'}, {'CARD_WITHDRAWAL_C_GAP_MED'}, {'CARD_WITHDRAWAL_A_GAP_SHORT'}, {'CARD_WITHDRAWAL_D_GAP_MED'}, {'CARD_WITHDRAWAL_C_GAP_MED'}]",0.3791005871652431,0.9104495456719273,733,"{0.0: 697, 1.0: 36}",0.000999000999000999,0.00111000111000111,True,0.9694829047753603
"[{'PROFILE_REGION_LOW_CRIME', 'PROFILE_REGION_LOW_EDU', 'PROFILE_OLD_MALE'}, {'CARD_WITHDRAWAL_B_GAP_MED'}, {'CARD_WITHDRAWAL_D_GAP_MED'}, {'CARD_WITHDRAWAL_B_GAP_SHORT'}, {'CARD_WITHDRAWAL_B_GAP_LONG'}]",0.37877512689171744,0.8724489795918366,100,"{0.0: 98, 1.0: 2}",0.004995004995004995,0.005203130203130203,True,0.9694829047753603
"[{'PROFILE_OLD_FEMALE'}, {'DEPOSIT_C_GAP_MED'}, {'CARD_WITHDRAWAL_C_GAP_MED'}, {'CARD_WITHDRAWAL_A_GAP_SHORT'}, {'CARD_WITHDRAWAL_D_GAP_MED'}]",0.37869102814191535,0.8871794871794872,193,"{0.0: 180, 1.0: 13}",0.000999000999000999,0.0011224730325853922,True,0.9694829047753603
"[{'CARD_WITHDRAWAL_B_GAP_LONG'}, {'CARD_WITHDRAWAL_C_GAP_MED'}, {'CARD_WITHDRAWAL_D_GAP_SHORT'}, {'CARD_WITHDRAWAL_A_GAP_SHORT'}, {'CARD_WITHDRAWAL_C_GAP_MED'}]",0.378412154007428,0.901329128182023,409,"{0.0: 386, 1.0: 23}",0.000999000999000999,0.0011352284079556806,True,0.9694829047753603
"[{'CARD_WITHDRAWAL_C_GAP_SHORT'}, {'CARD_WITHDRAWAL_C_GAP_MED'}, {'CARD_WITHDRAWAL_A_GAP_SHORT'}, {'CARD_WITHDRAWAL_C_GAP_MED'}, {'CARD_WITHDRAWAL_B_GAP_MED'}]",0.3781882265198524,0.9067460317460317,568,"{1.0: 28, 0.0: 540}",0.000999000999000999,0.0011224730325853922,True,0.9694829047753603
"[{'PROFILE_OLD_FEMALE', 'PROFILE_REGION_HIGH_INCOME'}, {'DEPOSIT_A_GAP_SHORT'}, {'CARD_WITHDRAWAL_D_GAP_MED'}, {'CARD_WITHDRAWAL_D_GAP_MED'}]",0.377888956002401,0.9193251533742332,336,"{0.0: 326, 1.0: 10}",0.000999000999000999,0.0011352284079556806,True,0.9694829047753603
"[{'CARD_WITHDRAWAL_D_GAP_LONG'}, {'CARD_WITHDRAWAL_C_GAP_LONG'}, {'CARD_WITHDRAWAL_D_GAP_MED'}, {'CARD_WITHDRAWAL_D_GAP_MED'}, {'CARD_WITHDRAWAL_C_GAP_SHORT'}]",0.37776222932227854,0.9003447532859298,383,"{0.0: 357, 1.0: 26}",0.000999000999000999,0.00111000111000111,True,0.9694829047753603
"[{'PROFILE_REGION_HIGH_EDU'}, {'DEPOSIT_D_GAP_LONG'}, {'DEPOSIT_C_GAP_LONG'}, {'CARD_WITHDRAWAL_B_GAP_MED'}]",0.37770900845959465,0.9169061302681992,277,"{0.0: 261, 1.0: 16}",0.000999000999000999,0.00111000111000111,True,0.9694829047753603
"[{'PROFILE_REGION_LOW_EDU'}, {'CARD_WITHDRAWAL_C_GAP_MED'}, {'DEPOSIT_C_GAP_LONG'}, {'CARD_WITHDRAWAL_B_GAP_SHORT'}]",0.3773700936661746,0.9096774193548387,164,"{0.0: 155, 1.0: 9}",0.000999000999000999,0.00111000111000111,True,0.9694829047753603
"[{'CARD_WITHDRAWAL_D_GAP_SHORT'}, {'CARD_WITHDRAWAL_D_GAP_MED'}, {'CARD_WITHDRAWAL_C_GAP_SHORT'}, {'CARD_WITHDRAWAL_C_GAP_MED'}, {'CARD_WITHDRAWAL_C_GAP_MED'}]",0.3770587555350363,0.9046875,492,"{0.0: 460, 1.0: 32}",0.000999000999000999,0.0011224730325853922,True,0.9694829047753603
"[{'CARD_WITHDRAWAL_C_GAP_MED'}, {'TRANSFER_B_GAP_SHORT'}, {'CARD_WITHDRAWAL_C_GAP_LONG'}, {'CARD_WITHDRAWAL_C_GAP_MED'}]",0.37691055474595103,0.9097664543524417,163,"{1.0: 6, 0.0: 157}",0.001998001998001998,0.0021717413021760845,True,0.9694829047753603
"[{'PROFILE_REGION_HIGH_EDU'}, {'CARD_WITHDRAWAL_D_GAP_SHORT'}, {'CARD_WITHDRAWAL_D_GAP_SHORT'}, {'CARD_WITHDRAWAL_A_GAP_SHORT'}, {'CARD_WITHDRAWAL_C_GAP_MED'}]",0.37661634619921514,0.9002808988764045,376,"{0.0: 356, 1.0: 20}",0.000999000999000999,0.0011616290686058128,True,0.9694829047753603
"[{'PROFILE_OLD_MALE', 'PROFILE_REGION_LOW_INCOME', 'PROFILE_REGION_LOW_CRIME'}, {'CARD_WITHDRAWAL_B_GAP_MED'}, {'CARD_WITHDRAWAL_B_GAP_MED'}, {'CARD_WITHDRAWAL_C_GAP_LONG'}, {'CARD_WITHDRAWAL_D_GAP_MED'}]",0.37645256013407535,0.8768768768768769,117,"{0.0: 111, 1.0: 6}",0.000999000999000999,0.0010978032956054933,True,0.9694829047753603
"[{'DEPOSIT_D_GAP_LONG'}, {'CARD_WITHDRAWAL_B_GAP_LONG'}, {'DEPOSIT_D_GAP_LONG'}, {'CARD_WITHDRAWAL_A_GAP_SHORT'}, {'DEPOSIT_C_GAP_LONG'}]",0.3763015209767584,0.8893229166666666,208,"{0.0: 192, 1.0: 16}",0.000999000999000999,0.00111000111000111,True,0.9694829047753603
"[{'DEPOSIT_A_GAP_SHORT'}, {'CARD_WITHDRAWAL_C_GAP_MED'}, {'CARD_WITHDRAWAL_B_GAP_MED'}, {'CARD_WITHDRAWAL_C_GAP_MED'}, {'CARD_WITHDRAWAL_D_GAP_SHORT'}]",0.37610016325444295,0.9095297805642634,663,"{0.0: 638, 1.0: 25}",0.000999000999000999,0.0011352284079556806,True,0.9694829047753603
"[{'CARD_WITHDRAWAL_C_GAP_MED'}, {'CARD_WITHDRAWAL_C_GAP_MED'}, {'CARD_WITHDRAWAL_C_GAP_SHORT'}, {'CARD_WITHDRAWAL_C_GAP_MED'}, {'CARD_WITHDRAWAL_C_GAP_MED'}]",0.37553569396687325,0.9074437117566685,574,"{0.0: 543, 1.0: 31}",0.000999000999000999,0.0011616290686058128,True,0.9694829047753603
"[{'PROFILE_REGION_HIGH_INCOME', 'PROFILE_REGION_HIGH_EDU'}, {'DEPOSIT_D_GAP_LONG'}, {'DEPOSIT_C_GAP_LONG'}, {'DEPOSIT_C_GAP_LONG'}]",0.3752146614868208,0.9,85,"{0.0: 80, 1.0: 5}",0.006993006993006993,0.007135721421435707,True,0.9694829047753603
"[{'PROFILE_REGION_LOW_CRIME'}, {'CARD_WITHDRAWAL_C_GAP_LONG'}, {'CARD_WITHDRAWAL_B_GAP_MED'}, {'DEPOSIT_B_GAP_MED'}]",0.3750778855793534,0.9148148148148149,221,"{0.0: 216, 1.0: 5}",0.004995004995004995,0.005370973112908597,True,0.9694829047753603
"[{'CARD_WITHDRAWAL_C_GAP_SHORT'}, {'CARD_WITHDRAWAL_D_GAP_MED'}, {'CARD_WITHDRAWAL_C_GAP_MED'}, {'CARD_WITHDRAWAL_C_GAP_SHORT'}, {'CARD_WITHDRAWAL_D_GAP_MED'}]",0.3740818964435787,0.9008498583569406,376,"{1.0: 23, 0.0: 353}",0.000999000999000999,0.00111000111000111,True,0.9694829047753603
"[{'PROFILE_REGION_HIGH_INCOME', 'PROFILE_REGION_HIGH_CRIME'}, {'DEPOSIT_B_GAP_SHORT'}, {'CARD_WITHDRAWAL_C_GAP_LONG'}, {'CARD_WITHDRAWAL_A_GAP_LONG'}, {'CARD_WITHDRAWAL_B_GAP_LONG'}]",0.37408084690996146,0.8771929824561404,115,"{0.0: 114, 1.0: 1}",0.023976023976023976,0.024218206036387854,True,0.9694829047753603
"[{'PROFILE_REGION_HIGH_EDU'}, {'CARD_WITHDRAWAL_C_GAP_MED'}, {'CARD_WITHDRAWAL_C_GAP_MED'}, {'CARD_WITHDRAWAL_D_GAP_MED'}, {'CARD_WITHDRAWAL_D_GAP_SHORT'}]",0.3740316673681786,0.9024526198439242,413,"{0.0: 390, 1.0: 23}",0.000999000999000999,0.0010978032956054933,True,0.9694829047753603
"[{'CARD_WITHDRAWAL_C_GAP_MED'}, {'DEPOSIT_C_GAP_LONG'}, {'CARD_WITHDRAWAL_B_GAP_MED'}, {'CARD_WITHDRAWAL_C_GAP_MED'}]",0.3738114220685391,0.9181201550387597,274,"{0.0: 258, 1.0: 16}",0.000999000999000999,0.00111000111000111,True,0.9694829047753603
"[{'CARD_WITHDRAWAL_D_GAP_MED'}, {'CARD_WITHDRAWAL_D_GAP_MED'}, {'CARD_WITHDRAWAL_C_GAP_MED'}, {'CARD_WITHDRAWAL_B_GAP_SHORT'}, {'CARD_WITHDRAWAL_D_GAP_SHORT'}]",0.3737919818486144,0.9100694444444445,667,"{0.0: 640, 1.0: 27}",0.000999000999000999,0.0011352284079556806,True,0.9694829047753603
"[{'CARD_WITHDRAWAL_C_GAP_MED'}, {'CARD_WITHDRAWAL_C_GAP_SHORT'}, {'CARD_WITHDRAWAL_C_GAP_SHORT'}, {'CARD_WITHDRAWAL_C_GAP_MED'}, {'CARD_WITHDRAWAL_C_GAP_MED'}]",0.3736495955666157,0.9027777777777779,419,"{1.0: 27, 0.0: 392}",0.000999000999000999,0.0011352284079556806,True,0.9694829047753603
"[{'CARD_WITHDRAWAL_D_GAP_MED'}, {'CARD_WITHDRAWAL_D_GAP_MED'}, {'CARD_WITHDRAWAL_D_GAP_SHORT'}, {'CARD_WITHDRAWAL_C_GAP_MED'}, {'CARD_WITHDRAWAL_C_GAP_LONG'}]",0.37345053212642476,0.905638852672751,498,"{0.0: 472, 1.0: 26}",0.000999000999000999,0.00111000111000111,True,0.9694829047753603
"[{'CARD_WITHDRAWAL_D_GAP_LONG'}, {'CARD_WITHDRAWAL_D_GAP_MED'}, {'CARD_WITHDRAWAL_D_GAP_MED'}, {'CARD_WITHDRAWAL_C_GAP_SHORT'}, {'CARD_WITHDRAWAL_D_GAP_MED'}]",0.37314394969696285,0.9089563286454477,614,"{0.0: 579, 1.0: 35}",0.000999000999000999,0.0010978032956054933,True,0.9694829047753603
"[{'CARD_WITHDRAWAL_C_GAP_LONG'}, {'CARD_WITHDRAWAL_C_GAP_MED'}, {'CARD_WITHDRAWAL_C_GAP_SHORT'}, {'CARD_WITHDRAWAL_A_GAP_SHORT'}, {'CARD_WITHDRAWAL_D_GAP_MED'}]",0.37260323941553875,0.9029285099052541,417,"{0.0: 387, 1.0: 30}",0.000999000999000999,0.00111000111000111,True,0.9694829047753603
"[{'CARD_WITHDRAWAL_D_GAP_MED'}, {'CARD_WITHDRAWAL_D_GAP_SHORT'}, {'CARD_WITHDRAWAL_C_GAP_MED'}, {'CARD_WITHDRAWAL_C_GAP_MED'}, {'CARD_WITHDRAWAL_C_GAP_SHORT'}]",0.37250692450618994,0.9067022934758406,526,"{0.0: 499, 1.0: 27}",0.000999000999000999,0.0011352284079556806,True,0.9694829047753603
"[{'CARD_WITHDRAWAL_D_GAP_LONG'}, {'CARD_WITHDRAWAL_C_GAP_MED'}, {'CARD_WITHDRAWAL_A_GAP_SHORT'}, {'CARD_WITHDRAWAL_C_GAP_SHORT'}, {'CARD_WITHDRAWAL_C_GAP_MED'}]",0.3722045307568116,0.904627491232572,460,"{0.0: 433, 1.0: 27}",0.000999000999000999,0.00111000111000111,True,0.9694829047753603
"[{'CARD_WITHDRAWAL_C_GAP_MED'}, {'TRANSFER_B_GAP_SHORT'}, {'CARD_WITHDRAWAL_C_GAP_SHORT'}, {'CARD_WITHDRAWAL_D_GAP_MED'}, {'CARD_WITHDRAWAL_A_GAP_SHORT'}]",0.3719270934685288,0.884160756501182,153,"{1.0: 12, 0.0: 141}",0.000999000999000999,0.0011224730325853922,True,0.9694829047753603
"[{'CARD_WITHDRAWAL_D_GAP_MED'}, {'CARD_WITHDRAWAL_B_GAP_MED'}, {'CARD_WITHDRAWAL_D_GAP_SHORT'}, {'CARD_WITHDRAWAL_C_GAP_SHORT'}, {'CARD_WITHDRAWAL_C_GAP_MED'}]",0.3718354082703976,0.9056896551724138,489,"{1.0: 25, 0.0: 464}",0.000999000999000999,0.0011352284079556806,True,0.9694829047753603
"[{'PROFILE_REGION_HIGH_EDU'}, {'CARD_WITHDRAWAL_C_GAP_MED'}, {'CARD_WITHDRAWAL_D_GAP_MED'}, {'CARD_WITHDRAWAL_C_GAP_MED'}, {'CARD_WITHDRAWAL_A_GAP_SHORT'}]",0.371735619487394,0.9070405155275245,532,"{0.0: 503, 1.0: 29}",0.000999000999000999,0.0011352284079556806,True,0.9694829047753603
"[{'CARD_WITHDRAWAL_C_GAP_MED'}, {'CARD_WITHDRAWAL_C_GAP_MED'}, {'CARD_WITHDRAWAL_D_GAP_SHORT'}, {'CARD_WITHDRAWAL_A_GAP_SHORT'}, {'CARD_WITHDRAWAL_B_GAP_MED'}]",0.3709713933392931,0.9096346797015693,624,"{0.0: 598, 1.0: 26}",0.000999000999000999,0.0011352284079556806,True,0.9694829047753603
"[{'DEPOSIT_C_GAP_LONG'}, {'CARD_WITHDRAWAL_C_GAP_MED'}, {'CARD_WITHDRAWAL_A_GAP_SHORT'}, {'CARD_WITHDRAWAL_A_GAP_SHORT'}, {'CARD_WITHDRAWAL_A_GAP_SHORT'}]",0.37096571314325666,0.9065708418891171,511,"{0.0: 487, 1.0: 24}",0.000999000999000999,0.0010978032956054933,True,0.9694829047753603
"[{'CARD_WITHDRAWAL_B_GAP_MED'}, {'CARD_WITHDRAWAL_C_GAP_SHORT'}, {'CARD_WITHDRAWAL_C_GAP_MED'}, {'CARD_WITHDRAWAL_B_GAP_LONG'}, {'CARD_WITHDRAWAL_C_GAP_SHORT'}]",0.369946800728854,0.8971223021582735,288,"{0.0: 278, 1.0: 10}",0.000999000999000999,0.00111000111000111,True,0.9694829047753603
"[{'CARD_WITHDRAWAL_D_GAP_MED'}, {'CARD_WITHDRAWAL_D_GAP_MED'}, {'CARD_WITHDRAWAL_C_GAP_LONG'}, {'CARD_WITHDRAWAL_D_GAP_MED'}, {'CARD_WITHDRAWAL_C_GAP_MED'}]",0.36994401639213936,0.9075886062187433,538,"{0.0: 511, 1.0: 27}",0.000999000999000999,0.0011224730325853922,True,0.9694829047753603
"[{'CARD_WITHDRAWAL_C_GAP_MED'}, {'CARD_WITHDRAWAL_C_GAP_SHORT'}, {'CARD_WITHDRAWAL_B_GAP_MED'}, {'CARD_WITHDRAWAL_C_GAP_MED'}, {'CARD_WITHDRAWAL_B_GAP_MED'}]",0.369932336959362,0.9101268796992481,636,"{0.0: 608, 1.0: 28}",0.000999000999000999,0.0011352284079556806,True,0.9694829047753603
"[{'CARD_WITHDRAWAL_C_GAP_MED'}, {'CARD_WITHDRAWAL_C_GAP_MED'}, {'DEPOSIT_C_GAP_LONG'}, {'DEPOSIT_D_GAP_MED'}, {'CARD_WITHDRAWAL_D_GAP_MED'}]",0.36950761310567426,0.8878787878787878,177,"{0.0: 165, 1.0: 12}",0.000999000999000999,0.0011224730325853922,True,0.9694829047753603
"[{'PROFILE_OLD_MALE', 'PROFILE_REGION_LOW_CRIME'}, {'CARD_WITHDRAWAL_C_GAP_MED'}, {'CARD_WITHDRAWAL_D_GAP_MED'}, {'CARD_WITHDRAWAL_B_GAP_MED'}, {'CARD_WITHDRAWAL_D_GAP_SHORT'}]",0.36947806838594444,0.8883415435139573,181,"{0.0: 174, 1.0: 7}",0.000999000999000999,0.0010978032956054933,True,0.9694829047753603
"[{'CARD_WITHDRAWAL_C_GAP_MED'}, {'CARD_WITHDRAWAL_D_GAP_LONG'}, {'CARD_WITHDRAWAL_C_GAP_MED'}, {'CARD_WITHDRAWAL_C_GAP_MED'}, {'CARD_WITHDRAWAL_B_GAP_SHORT'}]",0.3692686009356667,0.9007227891156462,350,"{0.0: 336, 1.0: 14}",0.000999000999000999,0.0010978032956054933,True,0.9694829047753603
"[{'PROFILE_OLD_MALE', 'PROFILE_REGION_HIGH_EDU'}, {'CARD_WITHDRAWAL_C_GAP_MED'}, {'CARD_WITHDRAWAL_D_GAP_MED'}, {'CARD_WITHDRAWAL_C_GAP_MED'}, {'CARD_WITHDRAWAL_D_GAP_SHORT'}]",0.36907077579527947,0.8893249607535322,189,"{0.0: 182, 1.0: 7}",0.000999000999000999,0.00111000111000111,True,0.9694829047753603
"[{'CARD_WITHDRAWAL_B_GAP_MED'}, {'CARD_WITHDRAWAL_A_GAP_SHORT'}, {'CARD_WITHDRAWAL_C_GAP_MED'}, {'CARD_WITHDRAWAL_C_GAP_SHORT'}, {'CARD_WITHDRAWAL_C_GAP_MED'}]",0.36876014473706975,0.9083964646464646,558,"{0.0: 528, 1.0: 30}",0.000999000999000999,0.00111000111000111,True,0.9694829047753603
"[{'CARD_WITHDRAWAL_C_GAP_LONG'}, {'CARD_WITHDRAWAL_A_GAP_SHORT'}, {'CARD_WITHDRAWAL_A_GAP_SHORT'}, {'CARD_WITHDRAWAL_C_GAP_MED'}, {'CARD_WITHDRAWAL_C_GAP_SHORT'}]",0.36873008760576453,0.9066721808657292,499,"{0.0: 468, 1.0: 31}",0.000999000999000999,0.0010978032956054933,True,0.9694829047753603
"[{'PROFILE_REGION_HIGH_EDU', 'PROFILE_OLD_MALE'}, {'CARD_WITHDRAWAL_B_GAP_MED'}, {'CARD_WITHDRAWAL_C_GAP_MED'}, {'CARD_WITHDRAWAL_D_GAP_LONG'}, {'TRANSFER_B_GAP_SHORT'}]",0.3684652527235899,0.8536585365853658,43,"{0.0: 41, 1.0: 2}",0.003996003996003996,0.004391213182421973,True,0.9694829047753603
"[{'PROFILE_OLD_MALE', 'PROFILE_REGION_LOW_CRIME'}, {'DEPOSIT_A_GAP_SHORT'}, {'DEPOSIT_D_GAP_LONG'}, {'CARD_WITHDRAWAL_B_GAP_LONG'}]",0.3682105274939811,0.9183673469387755,238,"{0.0: 231, 1.0: 7}",0.001998001998001998,0.0021255340404276574,True,0.9694829047753603
"[{'PROFILE_REGION_LOW_CRIME', 'PROFILE_REGION_LOW_EDU'}, {'DEPOSIT_A_GAP_SHORT'}, {'DEPOSIT_C_GAP_LONG'}, {'CARD_WITHDRAWAL_B_GAP_LONG'}]",0.367809322044537,0.913375796178344,162,"{1.0: 5, 0.0: 157}",0.004995004995004995,0.00514948968557216,True,0.9694829047753603
"[{'CARD_WITHDRAWAL_A_GAP_SHORT'}, {'CARD_WITHDRAWAL_A_GAP_SHORT'}, {'CARD_WITHDRAWAL_A_GAP_SHORT'}, {'CARD_WITHDRAWAL_B_GAP_SHORT'}, {'DEPOSIT_C_GAP_MED'}]",0.367695398949039,0.9039025490638394,414,"{0.0: 403, 1.0: 11}",0.000999000999000999,0.0011352284079556806,True,0.9694829047753603
"[{'PROFILE_OLD_MALE', 'PROFILE_REGION_LOW_INCOME'}, {'DEPOSIT_D_GAP_LONG'}, {'CARD_WITHDRAWAL_B_GAP_LONG'}, {'CARD_WITHDRAWAL_B_GAP_LONG'}]",0.36742748524520885,0.9180045871559633,226,"{0.0: 218, 1.0: 8}",0.002997002997002997,0.00315473999684526,True,0.9694829047753603
"[{'CARD_WITHDRAWAL_C_GAP_MED'}, {'CARD_WITHDRAWAL_C_GAP_SHORT'}, {'CARD_WITHDRAWAL_A_GAP_SHORT'}, {'CARD_WITHDRAWAL_C_GAP_MED'}, {'CARD_WITHDRAWAL_C_GAP_SHORT'}]",0.3673073967700331,0.9046077684691547,430,"{0.0: 404, 1.0: 26}",0.000999000999000999,0.00111000111000111,True,0.9694829047753603
"[{'PROFILE_REGION_LOW_CRIME'}, {'CARD_WITHDRAWAL_C_GAP_LONG'}, {'CARD_WITHDRAWAL_C_GAP_LONG'}, {'CARD_WITHDRAWAL_C_GAP_LONG'}, {'CARD_WITHDRAWAL_B_GAP_LONG'}]",0.36696224583613646,0.8945147679324894,240,"{0.0: 237, 1.0: 3}",0.000999000999000999,0.0011616290686058128,True,0.9694829047753603
"[{'PROFILE_REGION_LOW_EDU', 'PROFILE_OLD_MALE', 'PROFILE_REGION_LOW_CRIME'}, {'DEPOSIT_D_GAP_LONG'}, {'CARD_WITHDRAWAL_B_GAP_LONG'}, {'CARD_WITHDRAWAL_A_GAP_SHORT'}, {'CARD_WITHDRAWAL_A_GAP_SHORT'}]",0.3663186828025006,0.8803418803418803,119,"{0.0: 117, 1.0: 2}",0.002997002997002997,0.00315473999684526,True,0.9694829047753603
"[{'PROFILE_REGION_LOW_CRIME'}, {'DEPOSIT_C_GAP_LONG'}, {'DEPOSIT_D_GAP_LONG'}, {'CARD_WITHDRAWAL_B_GAP_MED'}, {'CARD_WITHDRAWAL_A_GAP_SHORT'}]",0.3657487214309916,0.8895927601809955,183,"{0.0: 170, 1.0: 13}",0.000999000999000999,0.0010978032956054933,True,0.9694829047753603
"[{'PROFILE_REGION_LOW_EDU'}, {'DEPOSIT_C_GAP_MED'}, {'CARD_WITHDRAWAL_C_GAP_SHORT'}, {'CARD_WITHDRAWAL_A_GAP_SHORT'}, {'CARD_WITHDRAWAL_D_GAP_MED'}]",0.3654257631576988,0.8881987577639752,170,"{0.0: 161, 1.0: 9}",0.000999000999000999,0.0011616290686058128,True,0.9694829047753603
"[{'CARD_WITHDRAWAL_D_GAP_MED'}, {'CARD_WITHDRAWAL_C_GAP_MED'}, {'CARD_WITHDRAWAL_C_GAP_MED'}, {'CARD_WITHDRAWAL_D_GAP_SHORT'}, {'CARD_WITHDRAWAL_C_GAP_LONG'}]",0.36494862193484867,0.9053584587851353,436,"{0.0: 413, 1.0: 23}",0.000999000999000999,0.0011616290686058128,True,0.9694829047753603
"[{'PROFILE_REGION_LOW_INCOME'}, {'CARD_WITHDRAWAL_C_GAP_MED'}, {'CARD_WITHDRAWAL_C_GAP_MED'}, {'CARD_WITHDRAWAL_C_GAP_MED'}, {'CARD_WITHDRAWAL_C_GAP_SHORT'}]",0.3646325806157982,0.9038281979458451,395,"{0.0: 378, 1.0: 17}",0.000999000999000999,0.0011616290686058128,True,0.9694829047753603
"[{'DEPOSIT_B_GAP_SHORT'}, {'CARD_WITHDRAWAL_C_GAP_SHORT'}, {'CARD_WITHDRAWAL_C_GAP_SHORT'}, {'TRANSFER_B_GAP_MED'}]",0.36463137691395475,0.9081632653061225,103,"{1.0: 5, 0.0: 98}",0.002997002997002997,0.0031883010606414863,True,0.9694829047753603
"[{'CARD_WITHDRAWAL_D_GAP_MED'}, {'CARD_WITHDRAWAL_B_GAP_MED'}, {'CARD_WITHDRAWAL_C_GAP_MED'}, {'CARD_WITHDRAWAL_B_GAP_SHORT'}, {'CARD_WITHDRAWAL_C_GAP_LONG'}]",0.3645721335415367,0.906733746130031,473,"{0.0: 456, 1.0: 17}",0.000999000999000999,0.0011352284079556806,True,0.9694829047753603
"[{'CARD_WITHDRAWAL_B_GAP_MED'}, {'CARD_WITHDRAWAL_C_GAP_MED'}, {'CARD_WITHDRAWAL_B_GAP_LONG'}, {'CARD_WITHDRAWAL_B_GAP_SHORT'}, {'CARD_WITHDRAWAL_D_GAP_SHORT'}]",0.36445902068945424,0.9003215434083601,320,"{0.0: 311, 1.0: 9}",0.000999000999000999,0.0011224730325853922,True,0.9694829047753603
"[{'CARD_WITHDRAWAL_C_GAP_LONG'}, {'CARD_WITHDRAWAL_C_GAP_MED'}, {'CARD_WITHDRAWAL_A_GAP_SHORT'}, {'CARD_WITHDRAWAL_D_GAP_MED'}, {'CARD_WITHDRAWAL_C_GAP_MED'}]",0.3644473496957833,0.9098787878787878,580,"{0.0: 550, 1.0: 30}",0.000999000999000999,0.0011352284079556806,True,0.9694829047753603
"[{'DEPOSIT_A_GAP_SHORT'}, {'CARD_WITHDRAWAL_C_GAP_MED'}, {'CARD_WITHDRAWAL_C_GAP_SHORT'}, {'CARD_WITHDRAWAL_B_GAP_SHORT'}, {'CARD_WITHDRAWAL_D_GAP_SHORT'}]",0.36413773549632866,0.9040247678018576,397,"{0.0: 380, 1.0: 17}",0.000999000999000999,0.00111000111000111,True,0.9694829047753603
"[{'CARD_WITHDRAWAL_C_GAP_MED'}, {'DEPOSIT_C_GAP_MED'}, {'DEPOSIT_C_GAP_MED'}, {'CARD_WITHDRAWAL_C_GAP_MED'}, {'CARD_WITHDRAWAL_D_GAP_SHORT'}]",0.36354305525255126,0.8768115942028986,98,"{0.0: 92, 1.0: 6}",0.000999000999000999,0.0010978032956054933,True,0.9694829047753603
"[{'DEPOSIT_C_GAP_LONG'}, {'DEPOSIT_D_GAP_LONG'}, {'CARD_WITHDRAWAL_A_GAP_SHORT'}, {'DEPOSIT_C_GAP_LONG'}]",0.36351120118750424,0.919093851132686,218,"{0.0: 206, 1.0: 12}",0.000999000999000999,0.0011616290686058128,True,0.9694829047753603
"[{'PROFILE_REGION_LOW_CRIME'}, {'CARD_WITHDRAWAL_C_GAP_MED'}, {'CARD_WITHDRAWAL_C_GAP_SHORT'}, {'CARD_WITHDRAWAL_C_GAP_MED'}, {'CARD_WITHDRAWAL_A_GAP_SHORT'}]",0.36314296089326836,0.9037087912087911,384,"{1.0: 20, 0.0: 364}",0.000999000999000999,0.0011352284079556806,True,0.9694829047753603
"[{'PROFILE_OLD_FEMALE'}, {'CARD_WITHDRAWAL_A_GAP_SHORT'}, {'CARD_WITHDRAWAL_C_GAP_MED'}, {'CARD_WITHDRAWAL_C_GAP_MED'}, {'CARD_WITHDRAWAL_D_GAP_MED'}]",0.3628823889862288,0.9049937185929648,414,"{1.0: 16, 0.0: 398}",0.000999000999000999,0.0011616290686058128,True,0.9694829047753603
"[{'CARD_WITHDRAWAL_D_GAP_LONG'}, {'CARD_WITHDRAWAL_D_GAP_LONG'}, {'CARD_WITHDRAWAL_C_GAP_MED'}, {'CARD_WITHDRAWAL_D_GAP_SHORT'}, {'CARD_WITHDRAWAL_A_GAP_SHORT'}]",0.36282657674812757,0.9099079189686925,568,"{0.0: 543, 1.0: 25}",0.000999000999000999,0.0011224730325853922,True,0.9694829047753603
"[{'DEPOSIT_C_GAP_MED'}, {'DEPOSIT_D_GAP_MED'}, {'DEPOSIT_D_GAP_LONG'}, {'CARD_WITHDRAWAL_D_GAP_MED'}, {'CARD_WITHDRAWAL_B_GAP_LONG'}]",0.362287184533169,0.88989898989899,177,"{0.0: 165, 1.0: 12}",0.000999000999000999,0.0011352284079556806,True,0.9694829047753603
"[{'CARD_WITHDRAWAL_A_GAP_SHORT'}, {'CARD_WITHDRAWAL_A_GAP_SHORT'}, {'CARD_WITHDRAWAL_D_GAP_LONG'}, {'CARD_WITHDRAWAL_C_GAP_MED'}, {'CARD_WITHDRAWAL_C_GAP_MED'}]",0.36151737692830166,0.9097600872410033,552,"{0.0: 524, 1.0: 28}",0.000999000999000999,0.0010978032956054933,True,0.9694829047753603
"[{'PROFILE_REGION_LOW_CRIME', 'PROFILE_REGION_LOW_INCOME', 'PROFILE_OLD_MALE'}, {'DEPOSIT_C_GAP_LONG'}, {'CARD_WITHDRAWAL_C_GAP_LONG'}, {'CARD_WITHDRAWAL_B_GAP_LONG'}]",0.361467588845531,0.9054054054054054,78,"{0.0: 74, 1.0: 4}",0.008991008991008992,0.009081827263645446,True,0.9694829047753603
"[{'CARD_WITHDRAWAL_C_GAP_MED'}, {'CARD_WITHDRAWAL_C_GAP_SHORT'}, {'CARD_WITHDRAWAL_C_GAP_MED'}, {'CARD_WITHDRAWAL_D_GAP_MED'}, {'CARD_WITHDRAWAL_C_GAP_SHORT'}]",0.3612226425755759,0.9037249283667621,374,"{0.0: 349, 1.0: 25}",0.000999000999000999,0.0011616290686058128,True,0.9694829047753603
"[{'PROFILE_REGION_HIGH_EDU'}, {'CARD_WITHDRAWAL_A_GAP_SHORT'}, {'CARD_WITHDRAWAL_D_GAP_MED'}, {'CARD_WITHDRAWAL_C_GAP_SHORT'}, {'CARD_WITHDRAWAL_C_GAP_MED'}]",0.3610709205619287,0.9019764957264957,336,"{0.0: 312, 1.0: 24}",0.000999000999000999,0.0011224730325853922,True,0.9694829047753603
"[{'PROFILE_OLD_FEMALE', 'PROFILE_REGION_HIGH_EDU'}, {'DEPOSIT_D_GAP_LONG'}, {'DEPOSIT_C_GAP_LONG'}, {'CARD_WITHDRAWAL_A_GAP_SHORT'}, {'CARD_WITHDRAWAL_A_GAP_SHORT'}]",0.3602843165989683,0.8792341678939617,104,"{0.0: 97, 1.0: 7}",0.000999000999000999,0.0011616290686058128,True,0.9694829047753603
"[{'CARD_WITHDRAWAL_D_GAP_MED'}, {'CARD_WITHDRAWAL_D_GAP_MED'}, {'CARD_WITHDRAWAL_C_GAP_MED'}, {'CARD_WITHDRAWAL_C_GAP_MED'}, {'CARD_WITHDRAWAL_D_GAP_LONG'}]",0.36023317174971425,0.9125893913669805,658,"{0.0: 627, 1.0: 31}",0.000999000999000999,0.0011224730325853922,True,0.9694829047753603
"[{'PROFILE_REGION_LOW_EDU'}, {'CARD_WITHDRAWAL_C_GAP_MED'}, {'CARD_WITHDRAWAL_B_GAP_MED'}, {'CARD_WITHDRAWAL_C_GAP_SHORT'}, {'CARD_WITHDRAWAL_D_GAP_SHORT'}]",0.3601377060942751,0.9026946107784432,346,"{0.0: 334, 1.0: 12}",0.000999000999000999,0.0010978032956054933,True,0.9694829047753603
"[{'PROFILE_REGION_HIGH_CRIME', 'PROFILE_OLD_MALE', 'PROFILE_REGION_HIGH_EDU', 'PROFILE_REGION_HIGH_INCOME'}, {'CARD_WITHDRAWAL_C_GAP_MED'}, {'CARD_WITHDRAWAL_C_GAP_SHORT'}, {'CARD_WITHDRAWAL_A_GAP_LONG'}]",0.3595633700410843,0.9032258064516129,64,"{0.0: 62, 1.0: 2}",0.024975024975024976,0.025227297954570682,True,0.9694829047753603
"[{'CARD_WITHDRAWAL_C_GAP_MED'}, {'CARD_WITHDRAWAL_B_GAP_MED'}, {'CARD_WITHDRAWAL_C_GAP_MED'}, {'CARD_WITHDRAWAL_C_GAP_SHORT'}, {'CARD_WITHDRAWAL_B_GAP_LONG'}]",0.3591247088935373,0.9076466221232369,464,"{0.0: 449, 1.0: 15}",0.000999000999000999,0.00111000111000111,True,0.9694829047753603
"[{'CARD_WITHDRAWAL_D_GAP_LONG'}, {'CARD_WITHDRAWAL_C_GAP_MED'}, {'CARD_WITHDRAWAL_C_GAP_MED'}, {'CARD_WITHDRAWAL_C_GAP_SHORT'}, {'CARD_WITHDRAWAL_A_GAP_SHORT'}]",0.3587766969830688,0.9088983050847457,501,"{0.0: 472, 1.0: 29}",0.000999000999000999,0.0011616290686058128,True,0.9694829047753603
"[{'PROFILE_REGION_LOW_INCOME', 'PROFILE_REGION_LOW_CRIME'}, {'DEPOSIT_D_GAP_LONG'}, {'DEPOSIT_C_GAP_LONG'}, {'CARD_WITHDRAWAL_B_GAP_LONG'}]",0.35852269417617244,0.9185628742514971,177,"{0.0: 167, 1.0: 10}",0.003996003996003996,0.004162504162504163,True,0.9694829047753603
"[{'CARD_WITHDRAWAL_C_GAP_SHORT'}, {'CARD_WITHDRAWAL_C_GAP_MED'}, {'CARD_WITHDRAWAL_C_GAP_LONG'}, {'CARD_WITHDRAWAL_C_GAP_MED'}, {'CARD_WITHDRAWAL_D_GAP_MED'}]",0.358383238862662,0.9009937430990063,305,"{1.0: 19, 0.0: 286}",0.000999000999000999,0.0011616290686058128,True,0.9694829047753603
"[{'PROFILE_REGION_LOW_EDU', 'PROFILE_REGION_LOW_INCOME'}, {'CARD_WITHDRAWAL_D_GAP_LONG'}, {'CARD_WITHDRAWAL_C_GAP_LONG'}, {'CARD_WITHDRAWAL_B_GAP_MED'}]",0.357939888181411,0.9186046511627907,174,"{0.0: 172, 1.0: 2}",0.04095904095904096,0.04095904095904096,True,0.9694829047753603
"[{'CARD_WITHDRAWAL_C_GAP_LONG'}, {'DEPOSIT_C_GAP_LONG'}, {'CARD_WITHDRAWAL_C_GAP_LONG'}, {'CARD_WITHDRAWAL_B_GAP_LONG'}]",0.3574180787791287,0.9182389937106918,166,"{0.0: 159, 1.0: 7}",0.004995004995004995,0.005203130203130203,True,0.9694829047753603
"[{'CARD_WITHDRAWAL_C_GAP_MED'}, {'CARD_WITHDRAWAL_B_GAP_SHORT'}, {'CARD_WITHDRAWAL_C_GAP_MED'}, {'CARD_WITHDRAWAL_C_GAP_LONG'}, {'CARD_WITHDRAWAL_C_GAP_MED'}]",0.3569706713133468,0.9046052631578947,371,"{1.0: 19, 0.0: 352}",0.000999000999000999,0.0011224730325853922,True,0.9694829047753603
"[{'CARD_WITHDRAWAL_D_GAP_LONG'}, {'CARD_WITHDRAWAL_D_GAP_SHORT'}, {'CARD_WITHDRAWAL_A_GAP_SHORT'}, {'CARD_WITHDRAWAL_C_GAP_MED'}, {'CARD_WITHDRAWAL_D_GAP_MED'}]",0.3569048356413326,0.9123895469073134,618,"{0.0: 591, 1.0: 27}",0.000999000999000999,0.0011352284079556806,True,0.9694829047753603
"[{'CARD_WITHDRAWAL_B_GAP_MED'}, {'CARD_WITHDRAWAL_C_GAP_SHORT'}, {'CARD_WITHDRAWAL_B_GAP_LONG'}, {'CARD_WITHDRAWAL_C_GAP_MED'}, {'CARD_WITHDRAWAL_B_GAP_MED'}]",0.3558833998611809,0.9092081922270602,490,"{0.0: 477, 1.0: 13}",0.000999000999000999,0.00111000111000111,True,0.9694829047753603
"[{'CARD_WITHDRAWAL_D_GAP_MED'}, {'CARD_WITHDRAWAL_D_GAP_LONG'}, {'CARD_WITHDRAWAL_C_GAP_MED'}, {'CARD_WITHDRAWAL_C_GAP_MED'}, {'CARD_WITHDRAWAL_C_GAP_MED'}]",0.3557600979944304,0.9115977291159773,575,"{0.0: 548, 1.0: 27}",0.000999000999000999,0.0011616290686058128,True,0.9694829047753603
"[{'CARD_WITHDRAWAL_C_GAP_MED'}, {'CARD_WITHDRAWAL_C_GAP_MED'}, {'CARD_WITHDRAWAL_C_GAP_MED'}, {'CARD_WITHDRAWAL_A_GAP_SHORT'}, {'CARD_WITHDRAWAL_C_GAP_MED'}]",0.35558208720264683,0.9170059597568891,849,"{0.0: 807, 1.0: 42}",0.000999000999000999,0.0010978032956054933,True,0.9694829047753603
"[{'CARD_WITHDRAWAL_B_GAP_MED'}, {'CARD_WITHDRAWAL_D_GAP_MED'}, {'CARD_WITHDRAWAL_C_GAP_MED'}, {'CARD_WITHDRAWAL_D_GAP_MED'}, {'CARD_WITHDRAWAL_C_GAP_MED'}]",0.35499410598799075,0.916,780,"{0.0: 750, 1.0: 30}",0.000999000999000999,0.00111000111000111,True,0.9694829047753603
"[{'PROFILE_REGION_LOW_INCOME', 'PROFILE_REGION_LOW_CRIME', 'PROFILE_REGION_HIGH_EDU'}, {'CARD_WITHDRAWAL_C_GAP_MED'}, {'CARD_WITHDRAWAL_C_GAP_MED'}, {'TRANSFER_B_GAP_SHORT'}]",0.35491276843911224,0.9157088122605365,125,"{0.0: 116, 1.0: 9}",0.002997002997002997,0.0031883010606414863,True,0.9694829047753603
"[{'CARD_WITHDRAWAL_A_GAP_SHORT'}, {'CARD_WITHDRAWAL_A_GAP_SHORT'}, {'CARD_WITHDRAWAL_D_GAP_SHORT'}, {'CARD_WITHDRAWAL_A_GAP_SHORT'}, {'CARD_WITHDRAWAL_D_GAP_MED'}]",0.3547973362491833,0.9163434903047091,798,"{0.0: 760, 1.0: 38}",0.000999000999000999,0.0011616290686058128,True,0.9694829047753603
"[{'PROFILE_REGION_LOW_CRIME'}, {'CARD_WITHDRAWAL_C_GAP_SHORT'}, {'CARD_WITHDRAWAL_D_GAP_MED'}, {'CARD_WITHDRAWAL_C_GAP_SHORT'}, {'CARD_WITHDRAWAL_C_GAP_MED'}]",0.3530837974175898,0.8949579831932774,201,"{1.0: 14, 0.0: 187}",0.000999000999000999,0.0010978032956054933,True,0.9694829047753603
"[{'CARD_WITHDRAWAL_D_GAP_LONG'}, {'CARD_WITHDRAWAL_D_GAP_SHORT'}, {'CARD_WITHDRAWAL_D_GAP_SHORT'}, {'CARD_WITHDRAWAL_D_GAP_LONG'}, {'CARD_WITHDRAWAL_C_GAP_SHORT'}]",0.3528266601929594,0.9028878098645541,314,"{0.0: 301, 1.0: 13}",0.000999000999000999,0.00111000111000111,True,0.9694829047753603
"[{'PROFILE_REGION_HIGH_EDU', 'PROFILE_OLD_MALE'}, {'DEPOSIT_D_GAP_LONG'}, {'DEPOSIT_C_GAP_LONG'}, {'DEPOSIT_C_GAP_LONG'}]",0.3526090957347042,0.9090909090909091,72,"{0.0: 66, 1.0: 6}",0.005994005994005994,0.006376602121282973,True,0.9694829047753603
"[{'CARD_WITHDRAWAL_C_GAP_MED'}, {'CARD_WITHDRAWAL_D_GAP_MED'}, {'CARD_WITHDRAWAL_D_GAP_MED'}, {'CARD_WITHDRAWAL_C_GAP_MED'}, {'CARD_WITHDRAWAL_C_GAP_SHORT'}]",0.3523388298176098,0.9141517241379311,654,"{0.0: 625, 1.0: 29}",0.000999000999000999,0.0011224730325853922,True,0.9694829047753603
"[{'PROFILE_REGION_HIGH_EDU'}, {'CARD_WITHDRAWAL_C_GAP_MED'}, {'CARD_WITHDRAWAL_B_GAP_MED'}, {'CARD_WITHDRAWAL_D_GAP_MED'}, {'CARD_WITHDRAWAL_D_GAP_SHORT'}]",0.352279796646086,0.9078341013824885,424,"{0.0: 403, 1.0: 21}",0.000999000999000999,0.0011352284079556806,True,0.9694829047753603
"[{'DEPOSIT_D_GAP_LONG'}, {'DEPOSIT_C_GAP_MED'}, {'DEPOSIT_D_GAP_LONG'}, {'DEPOSIT_D_GAP_LONG'}, {'CARD_WITHDRAWAL_B_GAP_MED'}]",0.35154003687520696,0.9007936507936508,272,"{0.0: 252, 1.0: 20}",0.000999000999000999,0.0011616290686058128,True,0.9694829047753603
"[{'CARD_WITHDRAWAL_D_GAP_LONG'}, {'CARD_WITHDRAWAL_D_GAP_MED'}, {'CARD_WITHDRAWAL_A_GAP_SHORT'}, {'CARD_WITHDRAWAL_B_GAP_SHORT'}, {'CARD_WITHDRAWAL_D_GAP_SHORT'}]",0.35141643874768147,0.911643270024773,540,"{0.0: 519, 1.0: 21}",0.000999000999000999,0.0011224730325853922,True,0.9694829047753603
"[{'CARD_WITHDRAWAL_C_GAP_LONG'}, {'CARD_WITHDRAWAL_C_GAP_SHORT'}, {'CARD_WITHDRAWAL_D_GAP_MED'}, {'CARD_WITHDRAWAL_C_GAP_MED'}, {'CARD_WITHDRAWAL_C_GAP_MED'}]",0.351215036073556,0.9073015873015873,403,"{1.0: 25, 0.0: 378}",0.000999000999000999,0.00111000111000111,True,0.9694829047753603
"[{'CARD_WITHDRAWAL_D_GAP_MED'}, {'CARD_WITHDRAWAL_C_GAP_MED'}, {'CARD_WITHDRAWAL_C_GAP_MED'}, {'CARD_WITHDRAWAL_B_GAP_MED'}, {'CARD_WITHDRAWAL_D_GAP_LONG'}]",0.3511308687209781,0.9130198423484642,592,"{0.0: 566, 1.0: 26}",0.000999000999000999,0.0010978032956054933,True,0.9694829047753603
"[{'PROFILE_REGION_HIGH_CRIME', 'PROFILE_OLD_MALE', 'PROFILE_REGION_HIGH_EDU'}, {'DEPOSIT_C_GAP_LONG'}, {'DEPOSIT_D_GAP_LONG'}, {'CARD_WITHDRAWAL_D_GAP_LONG'}]",0.3507227847627179,0.9024390243902438,44,"{0.0: 41, 1.0: 3}",0.02097902097902098,0.021407164264307124,True,0.9694829047753603
"[{'CARD_WITHDRAWAL_D_GAP_MED'}, {'CARD_WITHDRAWAL_C_GAP_SHORT'}, {'CARD_WITHDRAWAL_D_GAP_MED'}, {'CARD_WITHDRAWAL_D_GAP_MED'}, {'CARD_WITHDRAWAL_C_GAP_SHORT'}]",0.35056677352464116,0.9093111803392177,455,"{1.0: 27, 0.0: 428}",0.000999000999000999,0.0011224730325853922,True,0.9694829047753603
"[{'DEPOSIT_A_GAP_SHORT'}, {'CARD_WITHDRAWAL_D_GAP_SHORT'}, {'CARD_WITHDRAWAL_C_GAP_SHORT'}, {'CARD_WITHDRAWAL_C_GAP_SHORT'}, {'CARD_WITHDRAWAL_C_GAP_MED'}]",0.35019322565314726,0.9085790335790336,431,"{0.0: 407, 1.0: 24}",0.000999000999000999,0.0011352284079556806,True,0.9694829047753603
"[{'PROFILE_REGION_LOW_INCOME'}, {'CARD_WITHDRAWAL_C_GAP_MED'}, {'CARD_WITHDRAWAL_C_GAP_MED'}, {'CARD_WITHDRAWAL_C_GAP_SHORT'}, {'CARD_WITHDRAWAL_C_GAP_MED'}]",0.3500701686410983,0.9050783912747102,344,"{1.0: 18, 0.0: 326}",0.000999000999000999,0.0010978032956054933,True,0.9694829047753603
"[{'PROFILE_REGION_LOW_CRIME'}, {'CARD_WITHDRAWAL_C_GAP_SHORT'}, {'CARD_WITHDRAWAL_B_GAP_SHORT'}, {'CARD_WITHDRAWAL_D_GAP_SHORT'}, {'CARD_WITHDRAWAL_C_GAP_MED'}]",0.3496593275817722,0.8939842209072978,181,"{1.0: 12, 0.0: 169}",0.000999000999000999,0.0011616290686058128,True,0.9694829047753603
"[{'DEPOSIT_C_GAP_MED'}, {'CARD_WITHDRAWAL_C_GAP_MED'}, {'CARD_WITHDRAWAL_A_GAP_SHORT'}, {'CARD_WITHDRAWAL_A_GAP_SHORT'}, {'CARD_WITHDRAWAL_C_GAP_MED'}]",0.3494308630094415,0.9077701149425288,404,"{0.0: 375, 1.0: 29}",0.000999000999000999,0.0010978032956054933,True,0.9694829047753603
"[{'PROFILE_REGION_LOW_EDU'}, {'CARD_WITHDRAWAL_A_GAP_SHORT'}, {'CARD_WITHDRAWAL_C_GAP_MED'}, {'CARD_WITHDRAWAL_B_GAP_MED'}, {'CARD_WITHDRAWAL_D_GAP_SHORT'}]",0.34853327226581454,0.9085455077553409,419,"{0.0: 402, 1.0: 17}",0.000999000999000999,0.0011616290686058128,True,0.9694829047753603
"[{'CARD_WITHDRAWAL_C_GAP_MED'}, {'CARD_WITHDRAWAL_C_GAP_SHORT'}, {'CARD_WITHDRAWAL_C_GAP_SHORT'}, {'CARD_WITHDRAWAL_D_GAP_SHORT'}, {'CARD_WITHDRAWAL_C_GAP_MED'}]",0.3482603646241563,0.9045195439739415,323,"{1.0: 16, 0.0: 307}",0.000999000999000999,0.0011224730325853922,True,0.9694829047753603
"[{'PROFILE_REGION_LOW_CRIME', 'PROFILE_REGION_LOW_EDU'}, {'CARD_WITHDRAWAL_D_GAP_MED'}, {'CARD_WITHDRAWAL_A_GAP_SHORT'}, {'CARD_WITHDRAWAL_C_GAP_SHORT'}, {'CARD_WITHDRAWAL_A_GAP_SHORT'}]",0.34817801810830473,0.8983180428134557,224,"{1.0: 6, 0.0: 218}",0.000999000999000999,0.0011352284079556806,True,0.9694829047753603
"[{'CARD_WITHDRAWAL_A_GAP_SHORT'}, {'CARD_WITHDRAWAL_C_GAP_SHORT'}, {'CARD_WITHDRAWAL_C_GAP_MED'}, {'CARD_WITHDRAWAL_C_GAP_MED'}, {'CARD_WITHDRAWAL_B_GAP_MED'}]",0.348161877833039,0.9121068208410765,530,"{1.0: 29, 0.0: 501}",0.000999000999000999,0.0010978032956054933,True,0.9694829047753603
"[{'DEPOSIT_C_GAP_MED'}, {'CARD_WITHDRAWAL_D_GAP_SHORT'}, {'CARD_WITHDRAWAL_B_GAP_LONG'}, {'CARD_WITHDRAWAL_C_GAP_MED'}, {'CARD_WITHDRAWAL_B_GAP_MED'}]",0.3475360746602427,0.8922697368421052,160,"{0.0: 152, 1.0: 8}",0.000999000999000999,0.0011352284079556806,True,0.9694829047753603
"[{'CARD_WITHDRAWAL_C_GAP_SHORT'}, {'CARD_WITHDRAWAL_A_GAP_SHORT'}, {'CARD_WITHDRAWAL_D_GAP_SHORT'}, {'CARD_WITHDRAWAL_A_GAP_SHORT'}, {'CARD_WITHDRAWAL_D_GAP_LONG'}]",0.3475134859134539,0.9099307159353349,452,"{0.0: 433, 1.0: 19}",0.000999000999000999,0.0011352284079556806,True,0.9694829047753603
"[{'CARD_WITHDRAWAL_D_GAP_SHORT'}, {'CARD_WITHDRAWAL_D_GAP_MED'}, {'CARD_WITHDRAWAL_A_GAP_SHORT'}, {'CARD_WITHDRAWAL_C_GAP_SHORT'}, {'CARD_WITHDRAWAL_D_GAP_MED'}]",0.3474165808281804,0.9124104731713044,535,"{0.0: 501, 1.0: 34}",0.000999000999000999,0.0011352284079556806,True,0.9694829047753603
"[{'CARD_WITHDRAWAL_A_GAP_SHORT'}, {'CARD_WITHDRAWAL_C_GAP_SHORT'}, {'CARD_WITHDRAWAL_A_GAP_SHORT'}, {'CARD_WITHDRAWAL_C_GAP_MED'}, {'CARD_WITHDRAWAL_C_GAP_SHORT'}]",0.3459002644706779,0.9101161995898837,446,"{0.0: 418, 1.0: 28}",0.000999000999000999,0.0011352284079556806,True,0.9694829047753603
"[{'CARD_WITHDRAWAL_B_GAP_LONG'}, {'DEPOSIT_D_GAP_LONG'}, {'CARD_WITHDRAWAL_C_GAP_MED'}, {'CARD_WITHDRAWAL_C_GAP_MED'}, {'CARD_WITHDRAWAL_C_GAP_MED'}]",0.3458189280428725,0.9066071194010246,354,"{0.0: 331, 1.0: 23}",0.000999000999000999,0.0011352284079556806,True,0.9694829047753603
"[{'PROFILE_REGION_LOW_INCOME'}, {'CARD_WITHDRAWAL_C_GAP_MED'}, {'CARD_WITHDRAWAL_A_GAP_SHORT'}, {'CARD_WITHDRAWAL_B_GAP_MED'}, {'CARD_WITHDRAWAL_C_GAP_SHORT'}]",0.3456353628839892,0.908732565191025,405,"{0.0: 388, 1.0: 17}",0.000999000999000999,0.0011224730325853922,True,0.9694829047753603
"[{'PROFILE_REGION_HIGH_CRIME'}, {'CARD_WITHDRAWAL_C_GAP_MED'}, {'CARD_WITHDRAWAL_C_GAP_MED'}, {'CARD_WITHDRAWAL_C_GAP_MED'}, {'CARD_WITHDRAWAL_D_GAP_MED'}]",0.34553437496494743,0.9139240506329114,578,"{0.0: 553, 1.0: 25}",0.000999000999000999,0.0010978032956054933,True,0.9694829047753603
"[{'PROFILE_OLD_FEMALE', 'PROFILE_REGION_HIGH_INCOME'}, {'DEPOSIT_A_GAP_SHORT'}, {'CARD_WITHDRAWAL_D_GAP_SHORT'}, {'CARD_WITHDRAWAL_D_GAP_MED'}, {'CARD_WITHDRAWAL_C_GAP_MED'}]",0.3452786477336208,0.8972081218274112,201,"{0.0: 197, 1.0: 4}",0.000999000999000999,0.0011224730325853922,True,0.9694829047753603
"[{'CARD_WITHDRAWAL_C_GAP_MED'}, {'CARD_WITHDRAWAL_D_GAP_MED'}, {'CARD_WITHDRAWAL_A_GAP_SHORT'}, {'CARD_WITHDRAWAL_D_GAP_MED'}, {'CARD_WITHDRAWAL_C_GAP_SHORT'}]",0.3443298992159387,0.9150683507458808,616,"{0.0: 583, 1.0: 33}",0.000999000999000999,0.00111000111000111,True,0.9694829047753603
"[{'CARD_WITHDRAWAL_D_GAP_MED'}, {'CARD_WITHDRAWAL_B_GAP_SHORT'}, {'CARD_WITHDRAWAL_B_GAP_MED'}, {'CARD_WITHDRAWAL_C_GAP_MED'}, {'CARD_WITHDRAWAL_D_GAP_SHORT'}]",0.3442726850942569,0.915321252059308,627,"{0.0: 607, 1.0: 20}",0.000999000999000999,0.0011224730325853922,True,0.9694829047753603
"[{'PROFILE_OLD_MALE'}, {'CARD_WITHDRAWAL_B_GAP_SHORT'}, {'CARD_WITHDRAWAL_C_GAP_MED'}, {'CARD_WITHDRAWAL_C_GAP_SHORT'}, {'CARD_WITHDRAWAL_B_GAP_LONG'}]",0.3440647151101821,0.8996415770609318,226,"{0.0: 217, 1.0: 9}",0.000999000999000999,0.00111000111000111,True,0.9694829047753603
"[{'CARD_WITHDRAWAL_C_GAP_MED'}, {'CARD_WITHDRAWAL_C_GAP_MED'}, {'CARD_WITHDRAWAL_C_GAP_MED'}, {'CARD_WITHDRAWAL_A_GAP_SHORT'}, {'CARD_WITHDRAWAL_C_GAP_SHORT'}]",0.34393262807089364,0.9159226190476191,652,"{0.0: 624, 1.0: 28}",0.000999000999000999,0.0011616290686058128,True,0.9694829047753603
"[{'CARD_WITHDRAWAL_D_GAP_LONG'}, {'CARD_WITHDRAWAL_C_GAP_MED'}, {'CARD_WITHDRAWAL_C_GAP_MED'}, {'CARD_WITHDRAWAL_C_GAP_MED'}, {'CARD_WITHDRAWAL_C_GAP_SHORT'}]",0.3438169112251217,0.912833150784958,520,"{0.0: 498, 1.0: 22}",0.000999000999000999,0.0010978032956054933,True,0.9694829047753603
"[{'CARD_WITHDRAWAL_D_GAP_SHORT'}, {'CARD_WITHDRAWAL_D_GAP_MED'}, {'CARD_WITHDRAWAL_D_GAP_MED'}, {'CARD_WITHDRAWAL_D_GAP_SHORT'}, {'CARD_WITHDRAWAL_D_GAP_LONG'}]",0.34356207596727284,0.9141521461963451,569,"{0.0: 543, 1.0: 26}",0.000999000999000999,0.0010978032956054933,True,0.9694829047753603
"[{'CARD_WITHDRAWAL_D_GAP_MED'}, {'CARD_WITHDRAWAL_D_GAP_MED'}, {'CARD_WITHDRAWAL_C_GAP_MED'}, {'CARD_WITHDRAWAL_A_GAP_SHORT'}, {'CARD_WITHDRAWAL_C_GAP_SHORT'}]",0.34354705340296354,0.9172262773722628,715,"{0.0: 685, 1.0: 30}",0.000999000999000999,0.0011352284079556806,True,0.9694829047753603
"[{'CARD_WITHDRAWAL_D_GAP_MED'}, {'CARD_WITHDRAWAL_D_GAP_MED'}, {'CARD_WITHDRAWAL_C_GAP_MED'}, {'CARD_WITHDRAWAL_B_GAP_LONG'}, {'CARD_WITHDRAWAL_C_GAP_MED'}]",0.3434858003421344,0.9158762585728878,645,"{0.0: 623, 1.0: 22}",0.000999000999000999,0.0011224730325853922,True,0.9694829047753603
"[{'PROFILE_REGION_LOW_INCOME', 'PROFILE_REGION_LOW_EDU'}, {'DEPOSIT_D_GAP_LONG'}, {'DEPOSIT_C_GAP_LONG'}, {'CARD_WITHDRAWAL_B_GAP_LONG'}, {'CARD_WITHDRAWAL_B_GAP_LONG'}]",0.3433223339433572,0.8728813559322034,61,"{0.0: 59, 1.0: 2}",0.007992007992007992,0.008325008325008326,True,0.9694829047753603
"[{'PROFILE_REGION_LOW_INCOME'}, {'CARD_WITHDRAWAL_D_GAP_MED'}, {'CARD_WITHDRAWAL_C_GAP_MED'}, {'CARD_WITHDRAWAL_D_GAP_SHORT'}, {'CARD_WITHDRAWAL_C_GAP_LONG'}]",0.34297428989432055,0.9026666666666666,265,"{0.0: 250, 1.0: 15}",0.000999000999000999,0.0011352284079556806,True,0.9694829047753603
"[{'PROFILE_REGION_LOW_INCOME'}, {'CARD_WITHDRAWAL_C_GAP_MED'}, {'CARD_WITHDRAWAL_A_GAP_SHORT'}, {'CARD_WITHDRAWAL_C_GAP_SHORT'}, {'CARD_WITHDRAWAL_C_GAP_MED'}]",0.342651410443943,0.9068322981366459,341,"{1.0: 19, 0.0: 322}",0.000999000999000999,0.00111000111000111,True,0.9694829047753603
"[{'DEPOSIT_D_GAP_LONG'}, {'CARD_WITHDRAWAL_C_GAP_MED'}, {'DEPOSIT_C_GAP_LONG'}, {'DEPOSIT_C_GAP_MED'}, {'CARD_WITHDRAWAL_C_GAP_SHORT'}]",0.3424890641856355,0.8846153846153846,101,"{0.0: 91, 1.0: 10}",0.000999000999000999,0.0010978032956054933,True,0.9694829047753603
"[{'CARD_WITHDRAWAL_C_GAP_MED'}, {'CARD_WITHDRAWAL_D_GAP_LONG'}, {'CARD_WITHDRAWAL_A_GAP_SHORT'}, {'CARD_WITHDRAWAL_A_GAP_SHORT'}, {'CARD_WITHDRAWAL_C_GAP_MED'}]",0.34245136376992935,0.9147857142857142,585,"{0.0: 560, 1.0: 25}",0.000999000999000999,0.0011352284079556806,True,0.9694829047753603
"[{'PROFILE_REGION_HIGH_INCOME', 'PROFILE_OLD_FEMALE', 'PROFILE_REGION_HIGH_EDU', 'PROFILE_REGION_HIGH_CRIME'}, {'CARD_WITHDRAWAL_C_GAP_LONG'}, {'CARD_WITHDRAWAL_B_GAP_LONG'}, {'CARD_WITHDRAWAL_B_GAP_LONG'}]",0.34235350774480366,0.9166666666666666,79,"{0.0: 76, 1.0: 3}",0.025974025974025976,0.02623638987275351,True,0.9694829047753603
"[{'PROFILE_REGION_HIGH_CRIME', 'PROFILE_REGION_HIGH_EDU'}, {'CARD_WITHDRAWAL_A_GAP_SHORT'}, {'CARD_WITHDRAWAL_B_GAP_MED'}, {'CARD_WITHDRAWAL_C_GAP_MED'}, {'CARD_WITHDRAWAL_D_GAP_MED'}]",0.34197513244135147,0.9018987341772151,249,"{0.0: 237, 1.0: 12}",0.000999000999000999,0.0011616290686058128,True,0.9694829047753603
"[{'PROFILE_REGION_LOW_INCOME'}, {'CARD_WITHDRAWAL_C_GAP_MED'}, {'CARD_WITHDRAWAL_D_GAP_SHORT'}, {'CARD_WITHDRAWAL_C_GAP_SHORT'}, {'CARD_WITHDRAWAL_B_GAP_MED'}]",0.3419342999879942,0.904095904095904,284,"{0.0: 273, 1.0: 11}",0.000999000999000999,0.0010978032956054933,True,0.9694829047753603
"[{'CARD_WITHDRAWAL_B_GAP_LONG'}, {'CARD_WITHDRAWAL_C_GAP_MED'}, {'CARD_WITHDRAWAL_C_GAP_MED'}, {'CARD_WITHDRAWAL_D_GAP_MED'}, {'CARD_WITHDRAWAL_C_GAP_MED'}]",0.34193368041325134,0.9137483787289233,538,"{0.0: 514, 1.0: 24}",0.000999000999000999,0.0010978032956054933,True,0.9694829047753603
"[{'DEPOSIT_D_GAP_LONG'}, {'DEPOSIT_C_GAP_MED'}, {'DEPOSIT_D_GAP_MED'}, {'DEPOSIT_D_GAP_LONG'}, {'DEPOSIT_D_GAP_SHORT'}]",0.3412724425508781,0.9053763440860214,304,"{0.0: 279, 1.0: 25}",0.000999000999000999,0.00111000111000111,True,0.9694829047753603
"[{'CARD_WITHDRAWAL_C_GAP_SHORT'}, {'CARD_WITHDRAWAL_D_GAP_SHORT'}, {'CARD_WITHDRAWAL_D_GAP_SHORT'}, {'CARD_WITHDRAWAL_D_GAP_MED'}, {'CARD_WITHDRAWAL_D_GAP_MED'}]",0.34075322870032354,0.9119638826185101,465,"{0.0: 443, 1.0: 22}",0.000999000999000999,0.00111000111000111,True,0.9694829047753603
"[{'PROFILE_REGION_LOW_CRIME'}, {'CARD_WITHDRAWAL_C_GAP_MED'}, {'CARD_WITHDRAWAL_B_GAP_SHORT'}, {'CARD_WITHDRAWAL_C_GAP_LONG'}, {'CARD_WITHDRAWAL_C_GAP_SHORT'}]",0.3405776559918954,0.8969155844155844,183,"{0.0: 176, 1.0: 7}",0.000999000999000999,0.00111000111000111,True,0.9694829047753603
"[{'CARD_WITHDRAWAL_D_GAP_SHORT'}, {'CARD_WITHDRAWAL_D_GAP_SHORT'}, {'CARD_WITHDRAWAL_C_GAP_MED'}, {'CARD_WITHDRAWAL_C_GAP_LONG'}, {'CARD_WITHDRAWAL_C_GAP_MED'}]",0.34053181713478486,0.9068732193732194,330,"{0.0: 312, 1.0: 18}",0.000999000999000999,0.00111000111000111,True,0.9694829047753603
"[{'PROFILE_REGION_HIGH_EDU', 'PROFILE_REGION_HIGH_CRIME'}, {'CARD_WITHDRAWAL_C_GAP_MED'}, {'CARD_WITHDRAWAL_C_GAP_MED'}, {'CARD_WITHDRAWAL_B_GAP_MED'}, {'CARD_WITHDRAWAL_C_GAP_MED'}]",0.34025166549783514,0.9062156215621562,315,"{0.0: 303, 1.0: 12}",0.000999000999000999,0.0010978032956054933,True,0.9694829047753603
"[{'CARD_WITHDRAWAL_D_GAP_MED'}, {'CARD_WITHDRAWAL_B_GAP_SHORT'}, {'CARD_WITHDRAWAL_C_GAP_MED'}, {'CARD_WITHDRAWAL_C_GAP_MED'}, {'CARD_WITHDRAWAL_D_GAP_MED'}]",0.34023957953791417,0.9179412749804622,715,"{0.0: 689, 1.0: 26}",0.000999000999000999,0.00111000111000111,True,0.9694829047753603
"[{'PROFILE_REGION_HIGH_INCOME', 'PROFILE_REGION_HIGH_CRIME', 'PROFILE_OLD_FEMALE'}, {'DEPOSIT_A_GAP_SHORT'}, {'CARD_WITHDRAWAL_C_GAP_MED'}, {'CARD_WITHDRAWAL_D_GAP_MED'}, {'CARD_WITHDRAWAL_D_GAP_MED'}]",0.3401161834001799,0.9001572327044025,218,"{0.0: 212, 1.0: 6}",0.000999000999000999,0.0011616290686058128,True,0.9694829047753603
"[{'CARD_WITHDRAWAL_D_GAP_SHORT'}, {'CARD_WITHDRAWAL_A_GAP_SHORT'}, {'CARD_WITHDRAWAL_A_GAP_SHORT'}, {'CARD_WITHDRAWAL_C_GAP_MED'}, {'CARD_WITHDRAWAL_C_GAP_MED'}]",0.3398501011408013,0.9182221542227662,726,"{0.0: 688, 1.0: 38}",0.000999000999000999,0.00111000111000111,True,0.9694829047753603
"[{'PROFILE_REGION_HIGH_CRIME', 'PROFILE_REGION_HIGH_EDU', 'PROFILE_REGION_HIGH_INCOME'}, {'CARD_WITHDRAWAL_D_GAP_MED'}, {'CARD_WITHDRAWAL_B_GAP_MED'}, {'CARD_WITHDRAWAL_C_GAP_SHORT'}, {'CARD_WITHDRAWAL_D_GAP_SHORT'}]",0.33982354224123845,0.8929440389294403,146,"{0.0: 137, 1.0: 9}",0.000999000999000999,0.0011224730325853922,True,0.9694829047753603
"[{'DEPOSIT_C_GAP_MED'}, {'CARD_WITHDRAWAL_A_GAP_SHORT'}, {'CARD_WITHDRAWAL_A_GAP_SHORT'}, {'DEPOSIT_D_GAP_MED'}, {'DEPOSIT_D_GAP_MED'}]",0.33975568301206305,0.9119251179245284,456,"{0.0: 424, 1.0: 32}",0.000999000999000999,0.0011224730325853922,True,0.9694829047753603
"[{'CARD_WITHDRAWAL_C_GAP_SHORT'}, {'CARD_WITHDRAWAL_C_GAP_MED'}, {'CARD_WITHDRAWAL_C_GAP_MED'}, {'DEPOSIT_C_GAP_MED'}, {'DEPOSIT_C_GAP_MED'}]",0.3393961819002911,0.8908333333333334,130,"{0.0: 120, 1.0: 10}",0.000999000999000999,0.0010978032956054933,True,0.9694829047753603
"[{'CARD_WITHDRAWAL_D_GAP_MED'}, {'TRANSFER_B_GAP_SHORT'}, {'CARD_WITHDRAWAL_C_GAP_MED'}, {'TRANSFER_B_GAP_MED'}, {'CARD_WITHDRAWAL_C_GAP_MED'}]",0.339288644824416,0.9038759689922481,268,"{0.0: 258, 1.0: 10}",0.000999000999000999,0.0011352284079556806,True,0.9694829047753603
"[{'CARD_WITHDRAWAL_D_GAP_SHORT'}, {'CARD_WITHDRAWAL_C_GAP_MED'}, {'CARD_WITHDRAWAL_C_GAP_MED'}, {'CARD_WITHDRAWAL_C_GAP_MED'}, {'CARD_WITHDRAWAL_C_GAP_MED'}]",0.3390642470325922,0.9158771473191046,599,"{0.0: 565, 1.0: 34}",0.000999000999000999,0.0010978032956054933,True,0.9694829047753603
"[{'CARD_WITHDRAWAL_D_GAP_MED'}, {'CARD_WITHDRAWAL_D_GAP_LONG'}, {'CARD_WITHDRAWAL_D_GAP_SHORT'}, {'CARD_WITHDRAWAL_D_GAP_MED'}, {'CARD_WITHDRAWAL_C_GAP_SHORT'}]",0.3389696321702891,0.9105718458600157,410,"{0.0: 387, 1.0: 23}",0.000999000999000999,0.0010978032956054933,True,0.9694829047753603
"[{'CARD_WITHDRAWAL_D_GAP_LONG'}, {'CARD_WITHDRAWAL_D_GAP_MED'}, {'CARD_WITHDRAWAL_C_GAP_MED'}, {'CARD_WITHDRAWAL_A_GAP_SHORT'}, {'CARD_WITHDRAWAL_C_GAP_MED'}]",0.33882846745904094,0.918874700718276,751,"{0.0: 716, 1.0: 35}",0.000999000999000999,0.0010978032956054933,True,0.9694829047753603
"[{'PROFILE_OLD_MALE'}, {'DEPOSIT_B_GAP_MED'}, {'CARD_WITHDRAWAL_C_GAP_MED'}, {'CARD_WITHDRAWAL_A_GAP_SHORT'}, {'CARD_WITHDRAWAL_C_GAP_MED'}]",0.3386478547709162,0.8990885416666667,200,"{0.0: 192, 1.0: 8}",0.000999000999000999,0.0011352284079556806,True,0.9694829047753603
"[{'CARD_WITHDRAWAL_C_GAP_MED'}, {'DEPOSIT_D_GAP_LONG'}, {'CARD_WITHDRAWAL_D_GAP_MED'}, {'CARD_WITHDRAWAL_C_GAP_MED'}, {'CARD_WITHDRAWAL_D_GAP_SHORT'}]",0.3384250840866426,0.9109571788413099,417,"{0.0: 397, 1.0: 20}",0.000999000999000999,0.00111000111000111,True,0.9694829047753603
"[{'CARD_WITHDRAWAL_B_GAP_MED'}, {'CARD_WITHDRAWAL_A_GAP_SHORT'}, {'CARD_WITHDRAWAL_B_GAP_MED'}, {'CARD_WITHDRAWAL_D_GAP_SHORT'}, {'CARD_WITHDRAWAL_D_GAP_MED'}]",0.33807925661891525,0.9171014492753623,646,"{0.0: 621, 1.0: 25}",0.000999000999000999,0.0011224730325853922,True,0.9694829047753603
"[{'CARD_WITHDRAWAL_D_GAP_SHORT'}, {'CARD_WITHDRAWAL_C_GAP_MED'}, {'CARD_WITHDRAWAL_C_GAP_SHORT'}, {'CARD_WITHDRAWAL_C_GAP_SHORT'}, {'CARD_WITHDRAWAL_A_GAP_SHORT'}]",0.3370574178172947,0.9112665684830633,416,"{0.0: 388, 1.0: 28}",0.000999000999000999,0.0010978032956054933,True,0.9694829047753603
"[{'DEPOSIT_A_GAP_SHORT'}, {'CARD_WITHDRAWAL_B_GAP_MED'}, {'CARD_WITHDRAWAL_D_GAP_LONG'}, {'CARD_WITHDRAWAL_C_GAP_SHORT'}, {'CARD_WITHDRAWAL_C_GAP_MED'}]",0.3370171539031783,0.910405585106383,392,"{0.0: 376, 1.0: 16}",0.000999000999000999,0.0010978032956054933,True,0.9694829047753603
"[{'CARD_WITHDRAWAL_A_GAP_SHORT'}, {'CARD_WITHDRAWAL_C_GAP_LONG'}, {'CARD_WITHDRAWAL_C_GAP_MED'}, {'CARD_WITHDRAWAL_C_GAP_MED'}, {'CARD_WITHDRAWAL_B_GAP_LONG'}]",0.33685686805612347,0.9076144834930777,325,"{0.0: 313, 1.0: 12}",0.000999000999000999,0.0011224730325853922,True,0.9694829047753603
"[{'CARD_WITHDRAWAL_B_GAP_MED'}, {'CARD_WITHDRAWAL_C_GAP_MED'}, {'CARD_WITHDRAWAL_B_GAP_SHORT'}, {'CARD_WITHDRAWAL_D_GAP_MED'}, {'CARD_WITHDRAWAL_A_GAP_SHORT'}]",0.3363894099434991,0.9182587928788537,686,"{0.0: 658, 1.0: 28}",0.000999000999000999,0.0010978032956054933,True,0.9694829047753603
"[{'DEPOSIT_B_GAP_SHORT'}, {'CARD_WITHDRAWAL_D_GAP_MED'}, {'CARD_WITHDRAWAL_D_GAP_MED'}, {'CARD_WITHDRAWAL_C_GAP_MED'}, {'CARD_WITHDRAWAL_D_GAP_SHORT'}]",0.3360386429086939,0.905029296875,272,"{0.0: 256, 1.0: 16}",0.000999000999000999,0.0011224730325853922,True,0.9694829047753603
"[{'PROFILE_REGION_HIGH_EDU', 'PROFILE_REGION_HIGH_CRIME'}, {'CARD_WITHDRAWAL_C_GAP_SHORT'}, {'CARD_WITHDRAWAL_B_GAP_MED'}, {'CARD_WITHDRAWAL_C_GAP_SHORT'}, {'CARD_WITHDRAWAL_D_GAP_LONG'}]",0.33590414442901906,0.8888888888888888,111,"{0.0: 108, 1.0: 3}",0.002997002997002997,0.00315473999684526,True,0.9694829047753603
"[{'PROFILE_REGION_LOW_CRIME', 'PROFILE_REGION_LOW_INCOME'}, {'CARD_WITHDRAWAL_D_GAP_SHORT'}, {'CARD_WITHDRAWAL_B_GAP_MED'}, {'DEPOSIT_C_GAP_MED'}, {'CARD_WITHDRAWAL_D_GAP_MED'}]",0.3354508677150929,0.888682745825603,109,"{1.0: 11, 0.0: 98}",0.000999000999000999,0.00111000111000111,True,0.9694829047753603
"[{'PROFILE_REGION_HIGH_INCOME', 'PROFILE_REGION_HIGH_CRIME'}, {'CARD_WITHDRAWAL_C_GAP_SHORT'}, {'CARD_WITHDRAWAL_D_GAP_MED'}, {'CARD_WITHDRAWAL_D_GAP_MED'}, {'CARD_WITHDRAWAL_C_GAP_MED'}]",0.33537715081910036,0.9085684430512017,337,"{0.0: 319, 1.0: 18}",0.000999000999000999,0.0010978032956054933,True,0.9694829047753603
"[{'CARD_WITHDRAWAL_B_GAP_MED'}, {'CARD_WITHDRAWAL_C_GAP_MED'}, {'CARD_WITHDRAWAL_C_GAP_MED'}, {'CARD_WITHDRAWAL_A_GAP_SHORT'}, {'DEPOSIT_C_GAP_SHORT'}]",0.33503869731647695,0.9015837104072398,217,"{0.0: 204, 1.0: 13}",0.000999000999000999,0.00111000111000111,True,0.9694829047753603
"[{'CARD_WITHDRAWAL_C_GAP_MED'}, {'CARD_WITHDRAWAL_C_GAP_SHORT'}, {'CARD_WITHDRAWAL_B_GAP_SHORT'}, {'CARD_WITHDRAWAL_C_GAP_MED'}, {'CARD_WITHDRAWAL_A_GAP_SHORT'}]",0.3349093482327652,0.9141246684350133,490,"{0.0: 464, 1.0: 26}",0.000999000999000999,0.0011352284079556806,True,0.9694829047753603
"[{'PROFILE_OLD_FEMALE'}, {'CARD_WITHDRAWAL_A_GAP_SHORT'}, {'CARD_WITHDRAWAL_B_GAP_MED'}, {'CARD_WITHDRAWAL_C_GAP_MED'}, {'CARD_WITHDRAWAL_C_GAP_SHORT'}]",0.3345948889298901,0.9097308488612836,359,"{1.0: 14, 0.0: 345}",0.000999000999000999,0.0011616290686058128,True,0.9694829047753603
"[{'CARD_WITHDRAWAL_C_GAP_SHORT'}, {'CARD_WITHDRAWAL_A_GAP_SHORT'}, {'CARD_WITHDRAWAL_C_GAP_SHORT'}, {'CARD_WITHDRAWAL_C_GAP_MED'}, {'CARD_WITHDRAWAL_D_GAP_LONG'}]",0.33441802680762045,0.905893536121673,279,"{0.0: 263, 1.0: 16}",0.000999000999000999,0.0011616290686058128,True,0.9694829047753603
"[{'PROFILE_REGION_HIGH_CRIME', 'PROFILE_OLD_FEMALE'}, {'DEPOSIT_C_GAP_SHORT'}, {'CARD_WITHDRAWAL_B_GAP_MED'}, {'CARD_WITHDRAWAL_D_GAP_LONG'}]",0.3337425629188766,0.9182692307692307,56,"{0.0: 52, 1.0: 4}",0.03796203796203796,0.03796203796203796,True,0.9694829047753603
"[{'CARD_WITHDRAWAL_D_GAP_MED'}, {'CARD_WITHDRAWAL_C_GAP_SHORT'}, {'CARD_WITHDRAWAL_A_GAP_SHORT'}, {'CARD_WITHDRAWAL_C_GAP_MED'}, {'CARD_WITHDRAWAL_C_GAP_SHORT'}]",0.33355121004185895,0.9139409071993342,472,"{0.0: 445, 1.0: 27}",0.000999000999000999,0.0011616290686058128,True,0.9694829047753603
"[{'CARD_WITHDRAWAL_D_GAP_LONG'}, {'CARD_WITHDRAWAL_C_GAP_SHORT'}, {'CARD_WITHDRAWAL_D_GAP_SHORT'}, {'CARD_WITHDRAWAL_D_GAP_MED'}, {'CARD_WITHDRAWAL_C_GAP_SHORT'}]",0.3325024163675362,0.9075704225352113,300,"{0.0: 284, 1.0: 16}",0.000999000999000999,0.0010978032956054933,True,0.9694829047753603
"[{'PROFILE_OLD_FEMALE'}, {'DEPOSIT_D_GAP_LONG'}, {'CARD_WITHDRAWAL_B_GAP_MED'}, {'CARD_WITHDRAWAL_D_GAP_MED'}, {'DEPOSIT_C_GAP_MED'}]",0.33195321935853306,0.8993115318416524,180,"{0.0: 166, 1.0: 14}",0.000999000999000999,0.0011224730325853922,True,0.9694829047753603
"[{'CARD_WITHDRAWAL_C_GAP_MED'}, {'CARD_WITHDRAWAL_C_GAP_SHORT'}, {'CARD_WITHDRAWAL_B_GAP_MED'}, {'CARD_WITHDRAWAL_A_GAP_SHORT'}, {'CARD_WITHDRAWAL_C_GAP_MED'}]",0.3316420784622387,0.918313227953411,633,"{0.0: 601, 1.0: 32}",0.000999000999000999,0.0010978032956054933,True,0.9694829047753603
"[{'CARD_WITHDRAWAL_D_GAP_SHORT'}, {'CARD_WITHDRAWAL_C_GAP_LONG'}, {'CARD_WITHDRAWAL_D_GAP_MED'}, {'CARD_WITHDRAWAL_C_GAP_MED'}, {'CARD_WITHDRAWAL_C_GAP_LONG'}]",0.3314814963405943,0.9061531651173086,269,"{0.0: 251, 1.0: 18}",0.000999000999000999,0.0010978032956054933,True,0.9694829047753603
"[{'DEPOSIT_C_GAP_LONG'}, {'CARD_WITHDRAWAL_B_GAP_LONG'}, {'DEPOSIT_C_GAP_LONG'}, {'DEPOSIT_C_GAP_LONG'}, {'DEPOSIT_C_GAP_LONG'}]",0.3312355537661831,0.8947368421052632,138,"{0.0: 133, 1.0: 5}",0.001998001998001998,0.0021255340404276574,True,0.9694829047753603
"[{'CARD_WITHDRAWAL_D_GAP_MED'}, {'CARD_WITHDRAWAL_C_GAP_SHORT'}, {'CARD_WITHDRAWAL_B_GAP_MED'}, {'CARD_WITHDRAWAL_C_GAP_SHORT'}, {'CARD_WITHDRAWAL_C_GAP_MED'}]",0.33085551481647024,0.9147308259587021,476,"{0.0: 452, 1.0: 24}",0.000999000999000999,0.0011224730325853922,True,0.9694829047753603
"[{'DEPOSIT_D_GAP_LONG'}, {'CARD_WITHDRAWAL_C_GAP_MED'}, {'CARD_WITHDRAWAL_D_GAP_MED'}, {'DEPOSIT_C_GAP_MED'}, {'CARD_WITHDRAWAL_A_GAP_SHORT'}]",0.32908080364290615,0.9101935483870968,335,"{0.0: 310, 1.0: 25}",0.000999000999000999,0.0011616290686058128,True,0.9694829047753603
"[{'PROFILE_REGION_HIGH_EDU'}, {'CARD_WITHDRAWAL_D_GAP_LONG'}, {'CARD_WITHDRAWAL_D_GAP_SHORT'}, {'CARD_WITHDRAWAL_C_GAP_MED'}, {'CARD_WITHDRAWAL_A_GAP_SHORT'}]",0.3285442898271179,0.9114369501466276,361,"{0.0: 341, 1.0: 20}",0.000999000999000999,0.0011224730325853922,True,0.9694829047753603
"[{'PROFILE_OLD_MALE'}, {'CARD_WITHDRAWAL_C_GAP_MED'}, {'CARD_WITHDRAWAL_D_GAP_MED'}, {'CARD_WITHDRAWAL_D_GAP_MED'}, {'CARD_WITHDRAWAL_C_GAP_MED'}]",0.32697906272245314,0.9166326530612245,510,"{0.0: 490, 1.0: 20}",0.000999000999000999,0.0010978032956054933,True,0.9694829047753603
"[{'DEPOSIT_B_GAP_MED'}, {'CARD_WITHDRAWAL_A_GAP_SHORT'}, {'DEPOSIT_D_GAP_SHORT'}, {'CARD_WITHDRAWAL_C_GAP_MED'}, {'CARD_WITHDRAWAL_B_GAP_LONG'}]",0.3263826293703743,0.8974358974358974,146,"{0.0: 143, 1.0: 3}",0.008991008991008992,0.009081827263645446,True,0.9694829047753603
"[{'CARD_WITHDRAWAL_A_GAP_SHORT'}, {'CARD_WITHDRAWAL_A_GAP_SHORT'}, {'DEPOSIT_B_GAP_MED'}, {'CARD_WITHDRAWAL_A_GAP_SHORT'}, {'CARD_WITHDRAWAL_C_GAP_LONG'}]",0.3263500635660955,0.9068825910931173,256,"{0.0: 247, 1.0: 9}",0.000999000999000999,0.0010978032956054933,True,0.9694829047753603
"[{'DEPOSIT_A_GAP_SHORT'}, {'TRANSFER_B_GAP_SHORT'}, {'CARD_WITHDRAWAL_C_GAP_MED'}, {'CARD_WITHDRAWAL_C_GAP_MED'}, {'CARD_WITHDRAWAL_D_GAP_MED'}]",0.3263186677804736,0.9046948356807512,223,"{0.0: 213, 1.0: 10}",0.000999000999000999,0.0011224730325853922,True,0.9694829047753603
"[{'CARD_WITHDRAWAL_D_GAP_MED'}, {'CARD_WITHDRAWAL_C_GAP_MED'}, {'CARD_WITHDRAWAL_C_GAP_SHORT'}, {'CARD_WITHDRAWAL_D_GAP_LONG'}, {'CARD_WITHDRAWAL_D_GAP_MED'}]",0.32629433456396517,0.9150700934579439,448,"{0.0: 428, 1.0: 20}",0.000999000999000999,0.0011224730325853922,True,0.9694829047753603
"[{'PROFILE_REGION_LOW_CRIME'}, {'DEPOSIT_C_GAP_MED'}, {'CARD_WITHDRAWAL_C_GAP_MED'}, {'DEPOSIT_B_GAP_MED'}, {'DEPOSIT_B_GAP_MED'}]",0.3262476242170579,0.888888888888889,93,"{0.0: 90, 1.0: 3}",0.003996003996003996,0.004162504162504163,True,0.9694829047753603
"[{'PROFILE_REGION_LOW_CRIME'}, {'DEPOSIT_C_GAP_LONG'}, {'CARD_WITHDRAWAL_D_GAP_SHORT'}, {'CARD_WITHDRAWAL_B_GAP_MED'}, {'CARD_WITHDRAWAL_A_GAP_SHORT'}]",0.3229167452431613,0.8985185185185186,145,"{0.0: 135, 1.0: 10}",0.000999000999000999,0.0011224730325853922,True,0.9694829047753603
