pattern,quality,support,pattern_auc,global_auc,dataset_size
"[{'CARD_WITHDRAWAL_D_GAP_MED'}, {'CARD_WITHDRAWAL_D_GAP_MED'}, {'CARD_WITHDRAWAL_D_GAP_MED'}, {'CARD_WITHDRAWAL_D_GAP_MED'}, {'TRANSFER_IN_D_GAP_MED'}, {'CARD_WITHDRAWAL_D_GAP_SHORT'}, {'CARD_WITHDRAWAL_A_GAP_SHORT'}, {'CARD_WITHDRAWAL_A_GAP_SHORT'}, {'TRANSFER_IN_D_GAP_MED'}]",1.4640249291487215,104,0.6759941089837997,0.9694829047753603,3600
"[{'PROFILE_REGION_HIGH_EDU'}, {'CARD_WITHDRAWAL_D_GAP_MED'}, {'CARD_WITHDRAWAL_D_GAP_MED'}, {'CARD_WITHDRAWAL_A_GAP_SHORT'}, {'CARD_WITHDRAWAL_C_GAP_MED'}, {'CARD_WITHDRAWAL_C_GAP_SHORT'}, {'CARD_WITHDRAWAL_C_GAP_MED'}, {'CARD_WITHDRAWAL_D_GAP_SHORT'}, {'CARD_WITHDRAWAL_D_GAP_SHORT'}, {'CARD_WITHDRAWAL_D_GAP_LONG'}]",1.4123438699229987,51,0.62,0.9694829047753603,3600
"[{'PROFILE_REGION_LOW_CRIME'}, {'DEPOSIT_A_GAP_SHORT'}, {'CARD_WITHDRAWAL_C_GAP_LONG'}, {'CARD_WITHDRAWAL_D_GAP_MED'}, {'CARD_WITHDRAWAL_D_GAP_MED'}, {'CARD_WITHDRAWAL_D_GAP_SHORT'}, {'CARD_WITHDRAWAL_C_GAP_SHORT'}, {'CARD_WITHDRAWAL_D_GAP_MED'}, {'CARD_WITHDRAWAL_D_GAP_MED'}, {'CARD_WITHDRAWAL_D_GAP_SHORT'}]",1.1470209043955195,39,0.631578947368421,0.9694829047753603,3600
"[{'CARD_WITHDRAWAL_B_GAP_MED'}, {'CARD_WITHDRAWAL_D_GAP_MED'}, {'CARD_WITHDRAWAL_B_GAP_MED'}, {'CARD_WITHDRAWAL_D_GAP_MED'}, {'CARD_WITHDRAWAL_C_GAP_MED'}, {'CARD_WITHDRAWAL_B_GAP_MED'}, {'CARD_WITHDRAWAL_B_GAP_SHORT'}, {'CARD_WITHDRAWAL_C_GAP_MED'}]",1.1278688058267625,177,0.7485714285714286,0.9694829047753603,3600
"[{'PROFILE_OLD_MALE'}, {'DEPOSIT_D_GAP_LONG'}, {'CARD_WITHDRAWAL_C_GAP_SHORT'}, {'CARD_WITHDRAWAL_C_GAP_MED'}, {'CARD_WITHDRAWAL_C_GAP_MED'}, {'CARD_WITHDRAWAL_B_GAP_SHORT'}, {'CARD_WITHDRAWAL_D_GAP_MED'}, {'CARD_WITHDRAWAL_B_GAP_LONG'}]",1.078416260424575,50,0.6734693877551021,0.9694829047753603,3600
"[{'PROFILE_REGION_LOW_CRIME', 'PROFILE_OLD_MALE', 'PROFILE_REGION_LOW_EDU'}, {'CARD_WITHDRAWAL_D_GAP_MED'}, {'CARD_WITHDRAWAL_A_GAP_SHORT'}, {'CARD_WITHDRAWAL_C_GAP_LONG'}, {'CARD_WITHDRAWAL_A_GAP_SHORT'}, {'CARD_WITHDRAWAL_C_GAP_MED'}]",1.053274033363266,73,0.7183098591549295,0.9694829047753603,3600
"[{'PROFILE_REGION_LOW_CRIME', 'PROFILE_REGION_LOW_INCOME'}, {'DEPOSIT_A_GAP_SHORT'}, {'DEPOSIT_C_GAP_LONG'}, {'CARD_WITHDRAWAL_D_GAP_MED'}, {'CARD_WITHDRAWAL_C_GAP_LONG'}, {'CARD_WITHDRAWAL_B_GAP_LONG'}, {'CARD_WITHDRAWAL_C_GAP_LONG'}]",1.036288208861251,33,0.65625,0.9694829047753603,3600
"[{'PROFILE_REGION_LOW_CRIME'}, {'DEPOSIT_A_GAP_SHORT'}, {'CARD_WITHDRAWAL_B_GAP_LONG'}, {'CARD_WITHDRAWAL_A_GAP_SHORT'}, {'CARD_WITHDRAWAL_B_GAP_SHORT'}, {'CARD_WITHDRAWAL_C_GAP_MED'}, {'CARD_WITHDRAWAL_C_GAP_MED'}, {'CARD_WITHDRAWAL_C_GAP_LONG'}, {'CARD_WITHDRAWAL_C_GAP_MED'}]",1.0306400424121835,50,0.6737588652482269,0.9694829047753603,3600
"[{'DEPOSIT_C_GAP_LONG'}, {'CARD_WITHDRAWAL_B_GAP_MED'}, {'CARD_WITHDRAWAL_C_GAP_MED'}, {'CARD_WITHDRAWAL_B_GAP_MED'}, {'CARD_WITHDRAWAL_A_GAP_SHORT'}, {'CARD_WITHDRAWAL_B_GAP_MED'}, {'CARD_WITHDRAWAL_B_GAP_LONG'}, {'CARD_WITHDRAWAL_B_GAP_MED'}, {'CARD_WITHDRAWAL_C_GAP_SHORT'}, {'CARD_WITHDRAWAL_B_GAP_SHORT'}]",0.9161290041848635,29,0.6428571428571428,0.9694829047753603,3600
"[{'PROFILE_OLD_FEMALE', 'PROFILE_REGION_HIGH_CRIME'}, {'CARD_WITHDRAWAL_D_GAP_MED'}, {'CARD_WITHDRAWAL_D_GAP_MED'}, {'CARD_WITHDRAWAL_C_GAP_MED'}, {'CARD_WITHDRAWAL_C_GAP_SHORT'}, {'CARD_WITHDRAWAL_A_GAP_SHORT'}, {'CARD_WITHDRAWAL_A_GAP_SHORT'}, {'CARD_WITHDRAWAL_A_GAP_SHORT'}, {'CARD_WITHDRAWAL_D_GAP_SHORT'}]",0.8765460499858155,74,0.7222222222222222,0.9694829047753603,3600
"[{'DEPOSIT_A_GAP_SHORT'}, {'DEPOSIT_D_GAP_LONG'}, {'DEPOSIT_D_GAP_LONG'}, {'CARD_WITHDRAWAL_A_GAP_SHORT'}, {'CARD_WITHDRAWAL_A_GAP_SHORT'}, {'CARD_WITHDRAWAL_C_GAP_MED'}, {'CARD_WITHDRAWAL_B_GAP_SHORT'}, {'DEPOSIT_C_GAP_LONG'}]",0.8751067787025627,82,0.7350649350649352,0.9694829047753603,3600
"[{'PROFILE_REGION_LOW_INCOME', 'PROFILE_REGION_LOW_CRIME', 'PROFILE_OLD_MALE', 'PROFILE_REGION_LOW_EDU'}, {'DEPOSIT_A_GAP_SHORT'}, {'CARD_WITHDRAWAL_B_GAP_SHORT'}, {'CARD_WITHDRAWAL_A_GAP_SHORT'}, {'CARD_WITHDRAWAL_B_GAP_MED'}, {'CARD_WITHDRAWAL_A_GAP_SHORT'}, {'CARD_WITHDRAWAL_C_GAP_MED'}]",0.8113102256516787,51,0.7244897959183674,0.9694829047753603,3600
"[{'PROFILE_OLD_MALE', 'PROFILE_REGION_LOW_INCOME'}, {'DEPOSIT_A_GAP_SHORT'}, {'CARD_WITHDRAWAL_C_GAP_LONG'}, {'CARD_WITHDRAWAL_A_GAP_SHORT'}, {'CARD_WITHDRAWAL_B_GAP_MED'}, {'CARD_WITHDRAWAL_C_GAP_MED'}, {'CARD_WITHDRAWAL_C_GAP_MED'}, {'CARD_WITHDRAWAL_B_GAP_MED'}, {'CARD_WITHDRAWAL_C_GAP_MED'}, {'CARD_WITHDRAWAL_D_GAP_SHORT'}]",0.8096479628318051,20,0.631578947368421,0.9694829047753603,3600
"[{'PROFILE_REGION_LOW_INCOME'}, {'CARD_WITHDRAWAL_D_GAP_MED'}, {'CARD_WITHDRAWAL_D_GAP_MED'}, {'CARD_WITHDRAWAL_C_GAP_MED'}, {'CARD_WITHDRAWAL_C_GAP_MED'}, {'CARD_WITHDRAWAL_C_GAP_SHORT'}, {'CARD_WITHDRAWAL_B_GAP_SHORT'}, {'CARD_WITHDRAWAL_A_GAP_SHORT'}, {'CARD_WITHDRAWAL_C_GAP_MED'}, {'CARD_WITHDRAWAL_D_GAP_MED'}]",0.8096243619472899,54,0.7058823529411764,0.9694829047753603,3600
"[{'PROFILE_REGION_HIGH_EDU', 'PROFILE_REGION_LOW_INCOME'}, {'DEPOSIT_A_GAP_SHORT'}, {'DEPOSIT_D_GAP_LONG'}, {'DEPOSIT_D_GAP_MED'}, {'CARD_WITHDRAWAL_D_GAP_MED'}, {'DEPOSIT_D_GAP_SHORT'}, {'CARD_WITHDRAWAL_C_GAP_MED'}, {'DEPOSIT_B_GAP_MED'}, {'CARD_WITHDRAWAL_B_GAP_MED'}]",0.8086974712396877,28,0.6666666666666667,0.9694829047753603,3600
"[{'PROFILE_REGION_LOW_CRIME'}, {'CARD_WITHDRAWAL_C_GAP_MED'}, {'CARD_WITHDRAWAL_C_GAP_MED'}, {'CARD_WITHDRAWAL_C_GAP_MED'}, {'CARD_WITHDRAWAL_B_GAP_MED'}, {'CARD_WITHDRAWAL_C_GAP_SHORT'}, {'CARD_WITHDRAWAL_A_GAP_SHORT'}, {'CARD_WITHDRAWAL_B_GAP_SHORT'}, {'CARD_WITHDRAWAL_C_GAP_SHORT'}, {'CARD_WITHDRAWAL_B_GAP_MED'}]",0.8051610372719576,35,0.6764705882352942,0.9694829047753603,3600
"[{'PROFILE_REGION_LOW_EDU'}, {'CARD_WITHDRAWAL_D_GAP_MED'}, {'CARD_WITHDRAWAL_C_GAP_MED'}, {'CARD_WITHDRAWAL_D_GAP_MED'}, {'CARD_WITHDRAWAL_C_GAP_SHORT'}, {'CARD_WITHDRAWAL_B_GAP_LONG'}, {'CARD_WITHDRAWAL_D_GAP_SHORT'}, {'CARD_WITHDRAWAL_B_GAP_MED'}, {'CARD_WITHDRAWAL_B_GAP_MED'}]",0.7956561510841342,49,0.7083333333333333,0.9694829047753603,3600
"[{'PROFILE_REGION_LOW_INCOME', 'PROFILE_REGION_LOW_CRIME', 'PROFILE_OLD_MALE', 'PROFILE_REGION_LOW_EDU'}, {'DEPOSIT_A_GAP_SHORT'}, {'CARD_WITHDRAWAL_A_GAP_SHORT'}, {'CARD_WITHDRAWAL_B_GAP_MED'}, {'CARD_WITHDRAWAL_A_GAP_SHORT'}, {'CARD_WITHDRAWAL_C_GAP_MED'}]",0.7764407486979384,73,0.7605633802816901,0.9694829047753603,3600
"[{'PROFILE_REGION_LOW_CRIME', 'PROFILE_REGION_LOW_INCOME'}, {'CARD_WITHDRAWAL_C_GAP_MED'}, {'CARD_WITHDRAWAL_C_GAP_MED'}, {'CARD_WITHDRAWAL_C_GAP_MED'}, {'CARD_WITHDRAWAL_C_GAP_MED'}, {'CARD_WITHDRAWAL_A_GAP_SHORT'}, {'CARD_WITHDRAWAL_A_GAP_SHORT'}, {'CARD_WITHDRAWAL_B_GAP_SHORT'}, {'CARD_WITHDRAWAL_C_GAP_MED'}, {'CARD_WITHDRAWAL_B_GAP_LONG'}]",0.7749609765816079,37,0.6857142857142857,0.9694829047753603,3600
"[{'CARD_WITHDRAWAL_D_GAP_MED'}, {'CARD_WITHDRAWAL_C_GAP_MED'}, {'CARD_WITHDRAWAL_C_GAP_SHORT'}, {'CARD_WITHDRAWAL_C_GAP_MED'}, {'CARD_WITHDRAWAL_A_GAP_SHORT'}, {'CARD_WITHDRAWAL_B_GAP_SHORT'}, {'CARD_WITHDRAWAL_D_GAP_SHORT'}]",0.7735377990126737,185,0.7967171717171717,0.9694829047753603,3600
"[{'CARD_WITHDRAWAL_D_GAP_MED'}, {'CARD_WITHDRAWAL_C_GAP_MED'}, {'TRANSFER_IN_D_GAP_SHORT'}, {'CARD_WITHDRAWAL_C_GAP_MED'}, {'CARD_WITHDRAWAL_D_GAP_MED'}, {'CARD_WITHDRAWAL_D_GAP_SHORT'}, {'CARD_WITHDRAWAL_D_GAP_MED'}, {'TRANSFER_IN_D_GAP_SHORT'}]",0.7526163033700346,40,0.7105263157894737,0.9694829047753603,3600
"[{'CARD_WITHDRAWAL_C_GAP_MED'}, {'CARD_WITHDRAWAL_C_GAP_SHORT'}, {'CARD_WITHDRAWAL_B_GAP_MED'}, {'CARD_WITHDRAWAL_C_GAP_MED'}, {'CARD_WITHDRAWAL_C_GAP_MED'}, {'CARD_WITHDRAWAL_D_GAP_SHORT'}]",0.7466980822101666,264,0.8216535433070866,0.9694829047753603,3600
"[{'PROFILE_OLD_MALE'}, {'DEPOSIT_D_GAP_LONG'}, {'CARD_WITHDRAWAL_D_GAP_LONG'}, {'CARD_WITHDRAWAL_B_GAP_MED'}, {'CARD_WITHDRAWAL_C_GAP_MED'}, {'DEPOSIT_C_GAP_SHORT'}]",0.7283797998176231,79,0.7727272727272727,0.9694829047753603,3600
"[{'PROFILE_REGION_LOW_CRIME', 'PROFILE_OLD_MALE'}, {'CARD_WITHDRAWAL_B_GAP_MED'}, {'CARD_WITHDRAWAL_D_GAP_MED'}, {'DEPOSIT_D_GAP_LONG'}, {'CARD_WITHDRAWAL_A_GAP_SHORT'}, {'CARD_WITHDRAWAL_C_GAP_MED'}, {'CARD_WITHDRAWAL_A_GAP_SHORT'}, {'CARD_WITHDRAWAL_B_GAP_MED'}]",0.7236522696183104,55,0.7352941176470588,0.9694829047753603,3600
"[{'CARD_WITHDRAWAL_D_GAP_MED'}, {'CARD_WITHDRAWAL_B_GAP_MED'}, {'CARD_WITHDRAWAL_C_GAP_MED'}, {'CARD_WITHDRAWAL_C_GAP_SHORT'}, {'CARD_WITHDRAWAL_C_GAP_MED'}, {'CARD_WITHDRAWAL_A_GAP_SHORT'}, {'CARD_WITHDRAWAL_B_GAP_SHORT'}, {'CARD_WITHDRAWAL_A_GAP_SHORT'}, {'CARD_WITHDRAWAL_D_GAP_SHORT'}]",0.7078439913248268,87,0.7560975609756098,0.9694829047753603,3600
"[{'CARD_WITHDRAWAL_C_GAP_LONG'}, {'CARD_WITHDRAWAL_C_GAP_MED'}, {'CARD_WITHDRAWAL_C_GAP_MED'}, {'CARD_WITHDRAWAL_C_GAP_MED'}, {'CARD_WITHDRAWAL_D_GAP_MED'}, {'CARD_WITHDRAWAL_D_GAP_MED'}, {'CARD_WITHDRAWAL_C_GAP_MED'}, {'CARD_WITHDRAWAL_B_GAP_MED'}, {'CARD_WITHDRAWAL_D_GAP_MED'}, {'CARD_WITHDRAWAL_D_GAP_SHORT'}]",0.6863842548930146,52,0.723404255319149,0.9694829047753603,3600
"[{'CARD_WITHDRAWAL_C_GAP_MED'}, {'CARD_WITHDRAWAL_D_GAP_MED'}, {'CARD_WITHDRAWAL_C_GAP_MED'}, {'CARD_WITHDRAWAL_C_GAP_SHORT'}, {'CARD_WITHDRAWAL_D_GAP_SHORT'}, {'CARD_WITHDRAWAL_B_GAP_SHORT'}, {'CARD_WITHDRAWAL_B_GAP_MED'}, {'CARD_WITHDRAWAL_A_GAP_SHORT'}, {'CARD_WITHDRAWAL_D_GAP_MED'}]",0.6760351823958722,56,0.7366666666666666,0.9694829047753603,3600
"[{'DEPOSIT_D_GAP_LONG'}, {'DEPOSIT_D_GAP_MED'}, {'CARD_WITHDRAWAL_D_GAP_SHORT'}, {'CARD_WITHDRAWAL_D_GAP_MED'}, {'CARD_WITHDRAWAL_D_GAP_MED'}, {'CARD_WITHDRAWAL_C_GAP_MED'}, {'TRANSFER_B_GAP_SHORT'}, {'CARD_WITHDRAWAL_C_GAP_MED'}]",0.667892936100532,76,0.7625570776255708,0.9694829047753603,3600
"[{'CARD_WITHDRAWAL_D_GAP_MED'}, {'DEPOSIT_C_GAP_MED'}]",0.6514788600295327,671,0.9149051490514906,0.9694829047753603,3600
"[{'PROFILE_REGION_HIGH_EDU', 'PROFILE_REGION_HIGH_CRIME'}, {'CARD_WITHDRAWAL_D_GAP_LONG'}, {'CARD_WITHDRAWAL_D_GAP_LONG'}, {'CARD_WITHDRAWAL_B_GAP_MED'}, {'CARD_WITHDRAWAL_D_GAP_MED'}, {'DEPOSIT_D_GAP_LONG'}, {'CARD_WITHDRAWAL_D_GAP_SHORT'}, {'CARD_WITHDRAWAL_C_GAP_MED'}]",0.6348368807928303,47,0.7424242424242424,0.9694829047753603,3600
"[{'CARD_WITHDRAWAL_C_GAP_MED'}, {'CARD_WITHDRAWAL_C_GAP_MED'}, {'CARD_WITHDRAWAL_B_GAP_SHORT'}, {'CARD_WITHDRAWAL_C_GAP_MED'}, {'CARD_WITHDRAWAL_C_GAP_MED'}, {'CARD_WITHDRAWAL_D_GAP_SHORT'}, {'CARD_WITHDRAWAL_C_GAP_MED'}]",0.6330023028108561,186,0.8159090909090909,0.9694829047753603,3600
"[{'CARD_WITHDRAWAL_D_GAP_SHORT'}, {'CARD_WITHDRAWAL_D_GAP_SHORT'}, {'CARD_WITHDRAWAL_C_GAP_MED'}, {'CARD_WITHDRAWAL_C_GAP_MED'}, {'CARD_WITHDRAWAL_D_GAP_SHORT'}, {'CARD_WITHDRAWAL_D_GAP_SHORT'}]",0.6318913334569428,356,0.8463235294117648,0.9694829047753603,3600
"[{'PROFILE_REGION_HIGH_EDU', 'PROFILE_OLD_FEMALE', 'PROFILE_REGION_HIGH_INCOME', 'PROFILE_REGION_HIGH_CRIME'}, {'DEPOSIT_D_GAP_LONG'}, {'DEPOSIT_C_GAP_LONG'}]",0.6311884416626571,57,0.8333333333333334,0.9694829047753603,3600
"[{'DEPOSIT_C_GAP_LONG'}, {'CARD_WITHDRAWAL_C_GAP_MED'}, {'CARD_WITHDRAWAL_D_GAP_SHORT'}]",0.626131109538226,398,0.8866402116402117,0.9694829047753603,3600
"[{'PROFILE_REGION_LOW_INCOME', 'PROFILE_REGION_LOW_EDU'}, {'CARD_WITHDRAWAL_D_GAP_MED'}, {'CARD_WITHDRAWAL_B_GAP_SHORT'}, {'CARD_WITHDRAWAL_C_GAP_MED'}, {'CARD_WITHDRAWAL_A_GAP_SHORT'}, {'CARD_WITHDRAWAL_C_GAP_SHORT'}]",0.6209834453255827,82,0.7937500000000001,0.9694829047753603,3600
"[{'PROFILE_REGION_LOW_INCOME', 'PROFILE_REGION_LOW_EDU'}, {'DEPOSIT_C_GAP_LONG'}]",0.6189334577025312,165,0.9025,0.9694829047753603,3600
"[{'PROFILE_REGION_HIGH_EDU'}, {'DEPOSIT_A_GAP_SHORT'}, {'DEPOSIT_D_GAP_LONG'}, {'DEPOSIT_D_GAP_MED'}, {'CARD_WITHDRAWAL_D_GAP_MED'}, {'DEPOSIT_D_GAP_SHORT'}, {'CARD_WITHDRAWAL_C_GAP_MED'}, {'DEPOSIT_B_GAP_MED'}, {'CARD_WITHDRAWAL_B_GAP_MED'}]",0.5851448549637565,43,0.7380952380952381,0.9694829047753603,3600
"[{'CARD_WITHDRAWAL_B_GAP_MED'}, {'CARD_WITHDRAWAL_C_GAP_MED'}, {'CARD_WITHDRAWAL_B_GAP_LONG'}, {'CARD_WITHDRAWAL_A_GAP_SHORT'}, {'CARD_WITHDRAWAL_A_GAP_SHORT'}, {'DEPOSIT_C_GAP_LONG'}, {'CARD_WITHDRAWAL_A_GAP_SHORT'}, {'CARD_WITHDRAWAL_C_GAP_SHORT'}, {'CARD_WITHDRAWAL_A_GAP_SHORT'}, {'CARD_WITHDRAWAL_C_GAP_MED'}]",0.5808244644813739,23,0.6904761904761906,0.9694829047753603,3600
"[{'PROFILE_OLD_FEMALE', 'PROFILE_REGION_HIGH_CRIME'}, {'CARD_WITHDRAWAL_D_GAP_MED'}, {'CARD_WITHDRAWAL_D_GAP_MED'}, {'CARD_WITHDRAWAL_D_GAP_MED'}, {'CARD_WITHDRAWAL_D_GAP_SHORT'}, {'CARD_WITHDRAWAL_D_GAP_SHORT'}, {'CARD_WITHDRAWAL_D_GAP_SHORT'}, {'CARD_WITHDRAWAL_A_GAP_MED'}, {'CARD_WITHDRAWAL_B_GAP_SHORT'}, {'CARD_WITHDRAWAL_D_GAP_MED'}]",0.5708431438384911,24,0.6956521739130435,0.9694829047753603,3600
"[{'PROFILE_OLD_FEMALE'}, {'CARD_WITHDRAWAL_D_GAP_MED'}, {'CARD_WITHDRAWAL_B_GAP_SHORT'}, {'CARD_WITHDRAWAL_D_GAP_MED'}, {'CARD_WITHDRAWAL_D_GAP_MED'}, {'CARD_WITHDRAWAL_D_GAP_SHORT'}, {'CARD_WITHDRAWAL_C_GAP_MED'}, {'CARD_WITHDRAWAL_C_GAP_MED'}, {'CARD_WITHDRAWAL_C_GAP_MED'}]",0.5679292827320814,61,0.7606060606060605,0.9694829047753603,3600
"[{'DEPOSIT_C_GAP_LONG'}, {'DEPOSIT_C_GAP_LONG'}, {'DEPOSIT_D_GAP_LONG'}]",0.567167094816724,301,0.8929815828770533,0.9694829047753603,3600
"[{'PROFILE_REGION_LOW_CRIME', 'PROFILE_REGION_LOW_INCOME'}, {'DEPOSIT_C_GAP_SHORT'}, {'CARD_WITHDRAWAL_B_GAP_MED'}]",0.566105342095704,195,0.8844797178130511,0.9694829047753603,3600
"[{'PROFILE_OLD_FEMALE', 'PROFILE_REGION_HIGH_INCOME'}, {'CARD_WITHDRAWAL_C_GAP_MED'}, {'CARD_WITHDRAWAL_C_GAP_SHORT'}, {'CARD_WITHDRAWAL_C_GAP_SHORT'}, {'CARD_WITHDRAWAL_C_GAP_SHORT'}, {'CARD_WITHDRAWAL_D_GAP_MED'}, {'CARD_WITHDRAWAL_A_GAP_SHORT'}]",0.5637428660344781,53,0.7733333333333333,0.9694829047753603,3600
"[{'PROFILE_REGION_LOW_CRIME', 'PROFILE_REGION_LOW_EDU'}, {'CARD_WITHDRAWAL_A_GAP_SHORT'}, {'CARD_WITHDRAWAL_B_GAP_SHORT'}, {'CARD_WITHDRAWAL_C_GAP_SHORT'}, {'CARD_WITHDRAWAL_D_GAP_MED'}]",0.5633096638026729,141,0.8381294964028777,0.9694829047753603,3600
"[{'CARD_WITHDRAWAL_C_GAP_LONG'}, {'CARD_WITHDRAWAL_A_GAP_SHORT'}, {'CARD_WITHDRAWAL_B_GAP_MED'}, {'CARD_WITHDRAWAL_C_GAP_MED'}, {'CARD_WITHDRAWAL_C_GAP_MED'}, {'CARD_WITHDRAWAL_D_GAP_SHORT'}]",0.5627345814875535,296,0.8502232142857142,0.9694829047753603,3600
"[{'CARD_WITHDRAWAL_C_GAP_MED'}, {'CARD_WITHDRAWAL_D_GAP_MED'}, {'CARD_WITHDRAWAL_C_GAP_MED'}, {'CARD_WITHDRAWAL_C_GAP_SHORT'}, {'CARD_WITHDRAWAL_D_GAP_SHORT'}, {'CARD_WITHDRAWAL_B_GAP_MED'}, {'CARD_WITHDRAWAL_A_GAP_SHORT'}, {'CARD_WITHDRAWAL_D_GAP_MED'}]",0.5597059700463392,144,0.8091787439613527,0.9694829047753603,3600
"[{'DEPOSIT_C_GAP_LONG'}, {'CARD_WITHDRAWAL_B_GAP_MED'}, {'CARD_WITHDRAWAL_C_GAP_MED'}, {'CARD_WITHDRAWAL_D_GAP_SHORT'}]",0.5593386968396112,307,0.8754325259515572,0.9694829047753603,3600
"[{'DEPOSIT_D_GAP_LONG'}, {'DEPOSIT_C_GAP_LONG'}, {'DEPOSIT_D_GAP_LONG'}]",0.5587040133091221,474,0.9029210450207268,0.9694829047753603,3600
"[{'CARD_WITHDRAWAL_C_GAP_MED'}, {'CARD_WITHDRAWAL_C_GAP_SHORT'}, {'CARD_WITHDRAWAL_C_GAP_MED'}, {'CARD_WITHDRAWAL_D_GAP_SHORT'}]",0.5579428105281099,594,0.889954568399798,0.9694829047753603,3600
"[{'DEPOSIT_D_GAP_LONG'}, {'CARD_WITHDRAWAL_D_GAP_LONG'}, {'CARD_WITHDRAWAL_D_GAP_MED'}, {'CARD_WITHDRAWAL_D_GAP_MED'}, {'DEPOSIT_D_GAP_SHORT'}, {'CARD_WITHDRAWAL_D_GAP_SHORT'}, {'CARD_WITHDRAWAL_C_GAP_MED'}, {'CARD_WITHDRAWAL_A_GAP_SHORT'}, {'DEPOSIT_D_GAP_MED'}, {'CARD_WITHDRAWAL_D_GAP_SHORT'}]",0.5570039769086575,136,0.7940199335548173,0.9694829047753603,3600
"[{'CARD_WITHDRAWAL_C_GAP_MED'}, {'CARD_WITHDRAWAL_C_GAP_MED'}, {'CARD_WITHDRAWAL_D_GAP_SHORT'}, {'CARD_WITHDRAWAL_C_GAP_MED'}, {'CARD_WITHDRAWAL_C_GAP_MED'}, {'CARD_WITHDRAWAL_D_GAP_SHORT'}, {'CARD_WITHDRAWAL_A_GAP_SHORT'}, {'CARD_WITHDRAWAL_C_GAP_MED'}]",0.5552138965676409,131,0.8060606060606061,0.9694829047753603,3600
"[{'CARD_WITHDRAWAL_C_GAP_MED'}, {'DEPOSIT_C_GAP_MED'}, {'CARD_WITHDRAWAL_D_GAP_MED'}]",0.5530892825719311,460,0.9036017745695166,0.9694829047753603,3600
"[{'CARD_WITHDRAWAL_D_GAP_SHORT'}, {'CARD_WITHDRAWAL_C_GAP_MED'}, {'CARD_WITHDRAWAL_D_GAP_SHORT'}]",0.5502485728594861,944,0.9149454596968408,0.9694829047753603,3600
"[{'CARD_WITHDRAWAL_C_GAP_MED'}, {'CARD_WITHDRAWAL_C_GAP_SHORT'}, {'CARD_WITHDRAWAL_D_GAP_MED'}]",0.5479889996598499,973,0.9157594472940438,0.9694829047753603,3600
"[{'CARD_WITHDRAWAL_D_GAP_SHORT'}, {'DEPOSIT_D_GAP_LONG'}, {'DEPOSIT_C_GAP_MED'}, {'CARD_WITHDRAWAL_B_GAP_MED'}, {'CARD_WITHDRAWAL_B_GAP_LONG'}, {'CARD_WITHDRAWAL_C_GAP_MED'}]",0.5467682890617143,67,0.7999999999999999,0.9694829047753603,3600
"[{'CARD_WITHDRAWAL_A_GAP_SHORT'}, {'CARD_WITHDRAWAL_A_GAP_SHORT'}, {'CARD_WITHDRAWAL_D_GAP_SHORT'}, {'DEPOSIT_C_GAP_LONG'}]",0.5432367593929921,224,0.8709442216551222,0.9694829047753603,3600
"[{'DEPOSIT_A_GAP_SHORT'}, {'CARD_WITHDRAWAL_C_GAP_SHORT'}, {'CARD_WITHDRAWAL_C_GAP_MED'}, {'CARD_WITHDRAWAL_C_GAP_MED'}, {'CARD_WITHDRAWAL_D_GAP_SHORT'}]",0.5378620079662229,452,0.8750455816214902,0.9694829047753603,3600
"[{'CARD_WITHDRAWAL_C_GAP_MED'}, {'CARD_WITHDRAWAL_D_GAP_SHORT'}, {'CARD_WITHDRAWAL_D_GAP_SHORT'}]",0.5349957463362373,1038,0.9189615605278256,0.9694829047753603,3600
"[{'PROFILE_REGION_LOW_INCOME', 'PROFILE_REGION_LOW_CRIME', 'PROFILE_OLD_MALE', 'PROFILE_REGION_LOW_EDU'}, {'CARD_WITHDRAWAL_A_GAP_SHORT'}, {'CARD_WITHDRAWAL_A_GAP_SHORT'}, {'CARD_WITHDRAWAL_A_GAP_SHORT'}, {'CARD_WITHDRAWAL_A_GAP_SHORT'}, {'CARD_WITHDRAWAL_A_GAP_SHORT'}]",0.534782734958437,112,0.8227272727272728,0.9694829047753603,3600
"[{'CARD_WITHDRAWAL_C_GAP_LONG'}, {'CARD_WITHDRAWAL_C_GAP_MED'}, {'CARD_WITHDRAWAL_C_GAP_MED'}, {'CARD_WITHDRAWAL_D_GAP_SHORT'}]",0.5319597608885877,583,0.8937301477696451,0.9694829047753603,3600
"[{'CARD_WITHDRAWAL_D_GAP_LONG'}, {'CARD_WITHDRAWAL_B_GAP_LONG'}, {'CARD_WITHDRAWAL_D_GAP_MED'}, {'CARD_WITHDRAWAL_B_GAP_SHORT'}, {'CARD_WITHDRAWAL_D_GAP_MED'}, {'CARD_WITHDRAWAL_C_GAP_MED'}, {'CARD_WITHDRAWAL_D_GAP_MED'}]",0.530581824452366,203,0.8343434343434344,0.9694829047753603,3600
"[{'PROFILE_OLD_MALE', 'PROFILE_REGION_LOW_INCOME'}, {'CARD_WITHDRAWAL_A_GAP_SHORT'}, {'CARD_WITHDRAWAL_B_GAP_MED'}, {'CARD_WITHDRAWAL_A_GAP_SHORT'}, {'CARD_WITHDRAWAL_A_GAP_SHORT'}, {'CARD_WITHDRAWAL_B_GAP_MED'}, {'CARD_WITHDRAWAL_B_GAP_MED'}, {'CARD_WITHDRAWAL_B_GAP_LONG'}, {'CARD_WITHDRAWAL_C_GAP_MED'}, {'CARD_WITHDRAWAL_B_GAP_MED'}]",0.5287201815446606,55,0.7547169811320755,0.9694829047753603,3600
"[{'CARD_WITHDRAWAL_C_GAP_SHORT'}, {'CARD_WITHDRAWAL_C_GAP_SHORT'}, {'CARD_WITHDRAWAL_C_GAP_MED'}]",0.5280382073711484,799,0.9169326807122082,0.9694829047753603,3600
"[{'PROFILE_REGION_HIGH_EDU'}, {'CARD_WITHDRAWAL_D_GAP_MED'}, {'CARD_WITHDRAWAL_C_GAP_MED'}, {'DEPOSIT_B_GAP_MED'}, {'CARD_WITHDRAWAL_D_GAP_LONG'}, {'CARD_WITHDRAWAL_C_GAP_SHORT'}]",0.5278211348378767,48,0.7897727272727273,0.9694829047753603,3600
"[{'CARD_WITHDRAWAL_B_GAP_MED'}, {'CARD_WITHDRAWAL_B_GAP_MED'}, {'CARD_WITHDRAWAL_B_GAP_MED'}, {'CARD_WITHDRAWAL_B_GAP_SHORT'}, {'CARD_WITHDRAWAL_A_GAP_SHORT'}, {'CARD_WITHDRAWAL_A_GAP_SHORT'}, {'CARD_WITHDRAWAL_A_GAP_SHORT'}, {'CARD_WITHDRAWAL_A_GAP_SHORT'}, {'CARD_WITHDRAWAL_C_GAP_MED'}, {'CARD_WITHDRAWAL_D_GAP_SHORT'}]",0.5270522757527291,123,0.7941176470588235,0.9694829047753603,3600
"[{'DEPOSIT_D_GAP_LONG'}, {'CARD_WITHDRAWAL_C_GAP_MED'}, {'DEPOSIT_C_GAP_LONG'}]",0.5233000919416962,389,0.9077285112707456,0.9694829047753603,3600
"[{'PROFILE_REGION_HIGH_EDU', 'PROFILE_OLD_FEMALE'}, {'CARD_WITHDRAWAL_C_GAP_LONG'}, {'CARD_WITHDRAWAL_D_GAP_MED'}]",0.5226757321856115,262,0.9014849692140529,0.9694829047753603,3600
"[{'PROFILE_OLD_FEMALE'}, {'CARD_WITHDRAWAL_C_GAP_MED'}, {'CARD_WITHDRAWAL_C_GAP_MED'}, {'CARD_WITHDRAWAL_C_GAP_SHORT'}, {'CARD_WITHDRAWAL_D_GAP_MED'}, {'CARD_WITHDRAWAL_D_GAP_MED'}, {'CARD_WITHDRAWAL_A_GAP_SHORT'}]",0.5180431310209028,166,0.8294409058740269,0.9694829047753603,3600
"[{'DEPOSIT_A_GAP_SHORT'}, {'CARD_WITHDRAWAL_C_GAP_SHORT'}, {'CARD_WITHDRAWAL_B_GAP_MED'}, {'CARD_WITHDRAWAL_C_GAP_MED'}, {'CARD_WITHDRAWAL_C_GAP_MED'}, {'CARD_WITHDRAWAL_D_GAP_MED'}, {'CARD_WITHDRAWAL_C_GAP_MED'}, {'CARD_WITHDRAWAL_D_GAP_SHORT'}]",0.5143887690343388,142,0.8158730158730159,0.9694829047753603,3600
"[{'CARD_WITHDRAWAL_C_GAP_LONG'}, {'DEPOSIT_C_GAP_SHORT'}, {'CARD_WITHDRAWAL_A_GAP_SHORT'}]",0.5117551962262126,314,0.9074041034790366,0.9694829047753603,3600
"[{'TRANSFER_IN_D_GAP_MED'}, {'TRANSFER_IN_D_GAP_MED'}, {'TRANSFER_IN_D_GAP_MED'}, {'TRANSFER_IN_D_GAP_MED'}, {'TRANSFER_IN_D_GAP_MED'}]",0.5110482127428748,264,0.8661417322834647,0.9694829047753603,3600
"[{'CARD_WITHDRAWAL_D_GAP_MED'}, {'CARD_WITHDRAWAL_C_GAP_MED'}, {'CARD_WITHDRAWAL_D_GAP_LONG'}, {'CARD_WITHDRAWAL_C_GAP_SHORT'}]",0.5039754311987085,514,0.8961963190184049,0.9694829047753603,3600
"[{'PROFILE_OLD_FEMALE'}, {'DEPOSIT_D_GAP_LONG'}, {'DEPOSIT_D_GAP_SHORT'}, {'CARD_WITHDRAWAL_C_GAP_SHORT'}, {'CARD_WITHDRAWAL_D_GAP_MED'}, {'CARD_WITHDRAWAL_D_GAP_MED'}, {'CARD_WITHDRAWAL_C_GAP_MED'}, {'DEPOSIT_D_GAP_LONG'}, {'CARD_WITHDRAWAL_C_GAP_MED'}]",0.5035370663362053,58,0.7703081232492996,0.9694829047753603,3600
"[{'DEPOSIT_A_GAP_SHORT'}, {'DEPOSIT_C_GAP_LONG'}, {'CARD_WITHDRAWAL_C_GAP_MED'}, {'CARD_WITHDRAWAL_C_GAP_SHORT'}, {'CARD_WITHDRAWAL_B_GAP_SHORT'}, {'CARD_WITHDRAWAL_D_GAP_MED'}]",0.5009015854811885,103,0.8264604810996563,0.9694829047753603,3600
"[{'PROFILE_REGION_HIGH_EDU', 'PROFILE_REGION_LOW_INCOME'}, {'CARD_WITHDRAWAL_B_GAP_LONG'}, {'CARD_WITHDRAWAL_C_GAP_LONG'}, {'DEPOSIT_B_GAP_LONG'}, {'DEPOSIT_D_GAP_MED'}, {'CARD_WITHDRAWAL_D_GAP_MED'}]",0.4994992539745762,26,0.7681159420289855,0.9694829047753603,3600
"[{'PROFILE_REGION_LOW_CRIME', 'PROFILE_OLD_MALE'}, {'CARD_WITHDRAWAL_C_GAP_MED'}, {'CARD_WITHDRAWAL_C_GAP_MED'}, {'DEPOSIT_C_GAP_MED'}, {'CARD_WITHDRAWAL_D_GAP_MED'}, {'CARD_WITHDRAWAL_A_GAP_SHORT'}]",0.49848746094452,49,0.7978723404255319,0.9694829047753603,3600
"[{'DEPOSIT_A_GAP_SHORT'}, {'TRANSFER_IN_D_GAP_MED'}, {'TRANSFER_IN_D_GAP_MED'}, {'CARD_WITHDRAWAL_D_GAP_MED'}, {'CARD_WITHDRAWAL_D_GAP_MED'}, {'CARD_WITHDRAWAL_B_GAP_SHORT'}, {'TRANSFER_IN_D_GAP_SHORT'}]",0.49374210659313933,95,0.8131868131868132,0.9694829047753603,3600
"[{'CARD_WITHDRAWAL_C_GAP_MED'}, {'CARD_WITHDRAWAL_B_GAP_LONG'}, {'CARD_WITHDRAWAL_A_GAP_SHORT'}, {'DEPOSIT_C_GAP_LONG'}, {'CARD_WITHDRAWAL_A_GAP_SHORT'}, {'CARD_WITHDRAWAL_C_GAP_SHORT'}, {'CARD_WITHDRAWAL_C_GAP_MED'}]",0.4934483066001598,51,0.7869565217391306,0.9694829047753603,3600
"[{'CARD_WITHDRAWAL_C_GAP_MED'}, {'DEPOSIT_C_GAP_LONG'}, {'CARD_WITHDRAWAL_C_GAP_MED'}, {'CARD_WITHDRAWAL_D_GAP_MED'}, {'DEPOSIT_C_GAP_MED'}, {'CARD_WITHDRAWAL_A_GAP_SHORT'}]",0.49331214187034345,64,0.8101694915254238,0.9694829047753603,3600
"[{'CARD_WITHDRAWAL_D_GAP_LONG'}, {'CARD_WITHDRAWAL_D_GAP_MED'}, {'CARD_WITHDRAWAL_C_GAP_MED'}, {'CARD_WITHDRAWAL_C_GAP_LONG'}, {'CARD_WITHDRAWAL_C_GAP_LONG'}, {'CARD_WITHDRAWAL_B_GAP_LONG'}, {'CARD_WITHDRAWAL_C_GAP_MED'}]",0.4916479912179508,94,0.8131868131868131,0.9694829047753603,3600
"[{'CARD_WITHDRAWAL_B_GAP_MED'}, {'CARD_WITHDRAWAL_C_GAP_MED'}, {'CARD_WITHDRAWAL_C_GAP_MED'}, {'CARD_WITHDRAWAL_D_GAP_SHORT'}, {'CARD_WITHDRAWAL_A_GAP_SHORT'}, {'CARD_WITHDRAWAL_D_GAP_LONG'}]",0.49081982069173224,330,0.8641500904159132,0.9694829047753603,3600
"[{'PROFILE_REGION_HIGH_INCOME'}, {'DEPOSIT_C_GAP_LONG'}, {'DEPOSIT_D_GAP_LONG'}, {'DEPOSIT_D_GAP_MED'}, {'DEPOSIT_D_GAP_SHORT', 'CARD_WITHDRAWAL_D_GAP_MED'}, {'CARD_WITHDRAWAL_D_GAP_LONG'}, {'DEPOSIT_D_GAP_MED'}]",0.4902292008829565,40,0.7763157894736843,0.9694829047753603,3600
"[{'CARD_WITHDRAWAL_D_GAP_MED'}, {'CARD_WITHDRAWAL_C_GAP_MED'}, {'CARD_WITHDRAWAL_C_GAP_SHORT'}, {'CARD_WITHDRAWAL_D_GAP_MED'}, {'CARD_WITHDRAWAL_D_GAP_SHORT'}]",0.4900525707011716,545,0.8864578864578865,0.9694829047753603,3600
"[{'CARD_WITHDRAWAL_C_GAP_MED'}, {'CARD_WITHDRAWAL_C_GAP_MED'}, {'CARD_WITHDRAWAL_D_GAP_MED'}, {'CARD_WITHDRAWAL_C_GAP_SHORT'}, {'CARD_WITHDRAWAL_D_GAP_MED'}]",0.4895153330284543,503,0.8848614072494669,0.9694829047753603,3600
"[{'CARD_WITHDRAWAL_C_GAP_SHORT'}, {'CARD_WITHDRAWAL_B_GAP_MED'}, {'CARD_WITHDRAWAL_C_GAP_MED'}, {'CARD_WITHDRAWAL_C_GAP_MED'}, {'CARD_WITHDRAWAL_D_GAP_MED'}, {'CARD_WITHDRAWAL_C_GAP_MED'}]",0.4872202524166016,353,0.8664658634538152,0.9694829047753603,3600
"[{'CARD_WITHDRAWAL_D_GAP_SHORT'}, {'CARD_WITHDRAWAL_A_GAP_SHORT'}, {'DEPOSIT_C_GAP_SHORT'}]",0.48703710671294675,290,0.9134545454545454,0.9694829047753603,3600
"[{'PROFILE_REGION_HIGH_EDU', 'PROFILE_REGION_HIGH_INCOME', 'PROFILE_REGION_HIGH_CRIME'}, {'DEPOSIT_D_GAP_LONG'}, {'DEPOSIT_C_GAP_LONG'}]",0.48660968047426867,133,0.9015625,0.9694829047753603,3600
"[{'CARD_WITHDRAWAL_C_GAP_SHORT'}, {'CARD_WITHDRAWAL_C_GAP_MED'}, {'CARD_WITHDRAWAL_C_GAP_MED'}, {'CARD_WITHDRAWAL_D_GAP_MED'}, {'CARD_WITHDRAWAL_C_GAP_SHORT'}, {'CARD_WITHDRAWAL_D_GAP_MED'}]",0.4849082777064446,238,0.8561926605504587,0.9694829047753603,3600
"[{'CARD_WITHDRAWAL_C_GAP_MED'}, {'CARD_WITHDRAWAL_C_GAP_MED'}, {'CARD_WITHDRAWAL_D_GAP_MED'}, {'CARD_WITHDRAWAL_D_GAP_SHORT'}]",0.484204763506457,852,0.908121039699987,0.9694829047753603,3600
"[{'CARD_WITHDRAWAL_D_GAP_MED'}, {'CARD_WITHDRAWAL_D_GAP_MED'}, {'CARD_WITHDRAWAL_D_GAP_MED'}, {'CARD_WITHDRAWAL_D_GAP_MED'}, {'CARD_WITHDRAWAL_C_GAP_MED'}, {'CARD_WITHDRAWAL_C_GAP_SHORT'}, {'CARD_WITHDRAWAL_D_GAP_SHORT'}, {'CARD_WITHDRAWAL_D_GAP_SHORT'}, {'CARD_WITHDRAWAL_C_GAP_MED'}, {'CARD_WITHDRAWAL_D_GAP_MED'}]",0.48338060096153934,125,0.8016666666666666,0.9694829047753603,3600
"[{'PROFILE_REGION_LOW_CRIME', 'PROFILE_OLD_MALE', 'PROFILE_REGION_LOW_INCOME'}, {'DEPOSIT_A_GAP_SHORT'}, {'DEPOSIT_B_GAP_LONG'}]",0.47947759022878766,125,0.9033333333333333,0.9694829047753603,3600
"[{'CARD_WITHDRAWAL_D_GAP_LONG'}, {'CARD_WITHDRAWAL_D_GAP_LONG'}, {'CARD_WITHDRAWAL_B_GAP_SHORT'}, {'CARD_WITHDRAWAL_D_GAP_MED'}, {'CARD_WITHDRAWAL_C_GAP_LONG'}, {'CARD_WITHDRAWAL_D_GAP_MED'}, {'CARD_WITHDRAWAL_C_GAP_MED'}, {'CARD_WITHDRAWAL_D_GAP_SHORT'}, {'CARD_WITHDRAWAL_D_GAP_SHORT'}]",0.47636030068105917,58,0.7757575757575758,0.9694829047753603,3600
"[{'CARD_WITHDRAWAL_C_GAP_MED'}, {'CARD_WITHDRAWAL_C_GAP_MED'}, {'CARD_WITHDRAWAL_C_GAP_MED'}, {'CARD_WITHDRAWAL_C_GAP_MED'}, {'CARD_WITHDRAWAL_D_GAP_SHORT'}]",0.4747828982839897,598,0.8907050658364144,0.9694829047753603,3600
"[{'CARD_WITHDRAWAL_C_GAP_SHORT'}, {'CARD_WITHDRAWAL_C_GAP_MED'}, {'CARD_WITHDRAWAL_C_GAP_MED'}, {'CARD_WITHDRAWAL_C_GAP_MED'}]",0.47370654498179365,767,0.9083192448577064,0.9694829047753603,3600
"[{'CARD_WITHDRAWAL_B_GAP_MED'}, {'CARD_WITHDRAWAL_B_GAP_SHORT'}, {'CARD_WITHDRAWAL_C_GAP_MED'}, {'CARD_WITHDRAWAL_C_GAP_MED'}, {'CARD_WITHDRAWAL_D_GAP_MED'}, {'CARD_WITHDRAWAL_D_GAP_MED'}, {'CARD_WITHDRAWAL_D_GAP_SHORT'}, {'CARD_WITHDRAWAL_C_GAP_MED'}, {'CARD_WITHDRAWAL_D_GAP_LONG'}, {'CARD_WITHDRAWAL_A_GAP_SHORT'}]",0.4728302315204218,30,0.7321428571428571,0.9694829047753603,3600
"[{'CARD_WITHDRAWAL_D_GAP_MED'}, {'CARD_WITHDRAWAL_C_GAP_MED'}, {'CARD_WITHDRAWAL_D_GAP_SHORT'}, {'CARD_WITHDRAWAL_D_GAP_MED'}]",0.4708308072156129,929,0.9116677653263019,0.9694829047753603,3600
"[{'CARD_WITHDRAWAL_C_GAP_MED'}, {'CARD_WITHDRAWAL_C_GAP_MED'}, {'CARD_WITHDRAWAL_D_GAP_SHORT'}, {'CARD_WITHDRAWAL_D_GAP_MED'}, {'CARD_WITHDRAWAL_B_GAP_SHORT'}, {'CARD_WITHDRAWAL_C_GAP_MED'}, {'CARD_WITHDRAWAL_C_GAP_MED'}]",0.47045682922011767,173,0.8389450056116724,0.9694829047753603,3600
"[{'TRANSFER_IN_D_GAP_LONG'}, {'CARD_WITHDRAWAL_D_GAP_MED'}, {'TRANSFER_IN_D_GAP_MED'}, {'CARD_WITHDRAWAL_C_GAP_SHORT'}]",0.4704094649600561,208,0.8855388051367952,0.9694829047753603,3600
"[{'PROFILE_REGION_LOW_CRIME', 'PROFILE_REGION_LOW_INCOME'}, {'CARD_WITHDRAWAL_C_GAP_MED'}, {'CARD_WITHDRAWAL_C_GAP_MED'}, {'CARD_WITHDRAWAL_C_GAP_MED'}, {'CARD_WITHDRAWAL_C_GAP_MED'}, {'CARD_WITHDRAWAL_A_GAP_SHORT'}, {'CARD_WITHDRAWAL_A_GAP_SHORT'}, {'CARD_WITHDRAWAL_B_GAP_SHORT'}, {'CARD_WITHDRAWAL_C_GAP_MED'}]",0.47021491188167974,86,0.7950617283950618,0.9694829047753603,3600
"[{'CARD_WITHDRAWAL_D_GAP_SHORT'}, {'CARD_WITHDRAWAL_C_GAP_MED'}, {'CARD_WITHDRAWAL_D_GAP_SHORT'}, {'CARD_WITHDRAWAL_D_GAP_MED'}]",0.46966703487192996,755,0.9088001383125864,0.9694829047753603,3600
"[{'TRANSFER_IN_D_GAP_MED'}, {'CARD_WITHDRAWAL_C_GAP_MED'}, {'TRANSFER_IN_D_GAP_MED'}, {'CARD_WITHDRAWAL_A_GAP_SHORT'}, {'TRANSFER_IN_D_GAP_MED'}, {'TRANSFER_IN_D_GAP_MED'}, {'TRANSFER_IN_D_GAP_MED'}, {'TRANSFER_IN_D_GAP_MED'}]",0.46890708808658843,156,0.8269085411942555,0.9694829047753603,3600
"[{'PROFILE_OLD_FEMALE', 'PROFILE_REGION_HIGH_INCOME', 'PROFILE_REGION_HIGH_CRIME'}, {'CARD_WITHDRAWAL_D_GAP_SHORT'}, {'CARD_WITHDRAWAL_B_GAP_MED'}, {'CARD_WITHDRAWAL_B_GAP_SHORT'}, {'CARD_WITHDRAWAL_D_GAP_SHORT'}]",0.466149433317945,137,0.8575757575757575,0.9694829047753603,3600
"[{'DEPOSIT_C_GAP_LONG'}, {'CARD_WITHDRAWAL_C_GAP_MED'}, {'CARD_WITHDRAWAL_C_GAP_SHORT'}, {'CARD_WITHDRAWAL_A_GAP_SHORT'}]",0.4661477242947797,368,0.8976190476190476,0.9694829047753603,3600
"[{'PROFILE_REGION_LOW_CRIME', 'PROFILE_OLD_MALE', 'PROFILE_REGION_LOW_EDU'}, {'DEPOSIT_A_GAP_SHORT'}, {'CARD_WITHDRAWAL_B_GAP_LONG'}, {'CARD_WITHDRAWAL_A_GAP_SHORT'}]",0.46572702259397447,199,0.8857868020304568,0.9694829047753603,3600
"[{'CARD_WITHDRAWAL_A_GAP_LONG'}, {'CARD_WITHDRAWAL_B_GAP_MED'}, {'CARD_WITHDRAWAL_B_GAP_MED'}, {'CARD_WITHDRAWAL_B_GAP_SHORT'}, {'CARD_WITHDRAWAL_A_GAP_SHORT'}, {'CARD_WITHDRAWAL_C_GAP_SHORT'}, {'CARD_WITHDRAWAL_A_GAP_SHORT'}, {'CARD_WITHDRAWAL_D_GAP_MED'}]",0.46567611233737116,47,0.7777777777777778,0.9694829047753603,3600
"[{'PROFILE_OLD_FEMALE', 'PROFILE_REGION_HIGH_CRIME'}, {'CARD_WITHDRAWAL_D_GAP_SHORT'}, {'CARD_WITHDRAWAL_B_GAP_SHORT'}, {'CARD_WITHDRAWAL_D_GAP_SHORT'}]",0.4655701083664957,209,0.8868458274398869,0.9694829047753603,3600
"[{'CARD_WITHDRAWAL_C_GAP_MED'}, {'CARD_WITHDRAWAL_C_GAP_MED'}, {'CARD_WITHDRAWAL_C_GAP_SHORT'}, {'CARD_WITHDRAWAL_C_GAP_MED'}]",0.46541495028996493,805,0.9105228758169935,0.9694829047753603,3600
"[{'CARD_WITHDRAWAL_D_GAP_LONG'}, {'CARD_WITHDRAWAL_C_GAP_SHORT'}, {'CARD_WITHDRAWAL_C_GAP_MED'}, {'CARD_WITHDRAWAL_C_GAP_MED'}, {'CARD_WITHDRAWAL_D_GAP_MED'}, {'CARD_WITHDRAWAL_C_GAP_SHORT'}, {'CARD_WITHDRAWAL_D_GAP_MED'}]",0.4653611268377038,164,0.838095238095238,0.9694829047753603,3600
"[{'CARD_WITHDRAWAL_D_GAP_MED'}, {'CARD_WITHDRAWAL_C_GAP_MED'}, {'CARD_WITHDRAWAL_C_GAP_SHORT'}, {'CARD_WITHDRAWAL_C_GAP_SHORT'}, {'CARD_WITHDRAWAL_D_GAP_MED'}]",0.46511063000418396,469,0.8873873873873874,0.9694829047753603,3600
"[{'PROFILE_REGION_LOW_INCOME', 'PROFILE_REGION_LOW_EDU'}, {'DEPOSIT_D_GAP_LONG'}, {'DEPOSIT_C_GAP_LONG'}]",0.4634432246126241,107,0.907843137254902,0.9694829047753603,3600
"[{'CARD_WITHDRAWAL_D_GAP_SHORT'}, {'CARD_WITHDRAWAL_C_GAP_MED'}, {'CARD_WITHDRAWAL_D_GAP_SHORT'}, {'CARD_WITHDRAWAL_C_GAP_MED'}, {'CARD_WITHDRAWAL_D_GAP_MED'}, {'CARD_WITHDRAWAL_D_GAP_MED'}, {'CARD_WITHDRAWAL_D_GAP_MED'}, {'CARD_WITHDRAWAL_D_GAP_SHORT'}, {'CARD_WITHDRAWAL_D_GAP_MED'}]",0.46258496266522897,147,0.8181818181818181,0.9694829047753603,3600
"[{'DEPOSIT_D_GAP_LONG'}, {'DEPOSIT_C_GAP_LONG'}, {'DEPOSIT_C_GAP_LONG'}, {'CARD_WITHDRAWAL_A_GAP_SHORT'}, {'DEPOSIT_D_GAP_LONG'}]",0.46000371752076286,184,0.866846603688709,0.9694829047753603,3600
"[{'CARD_WITHDRAWAL_D_GAP_MED'}, {'CARD_WITHDRAWAL_B_GAP_LONG'}, {'CARD_WITHDRAWAL_D_GAP_MED'}, {'CARD_WITHDRAWAL_B_GAP_SHORT'}, {'CARD_WITHDRAWAL_C_GAP_MED'}, {'CARD_WITHDRAWAL_D_GAP_MED'}, {'CARD_WITHDRAWAL_D_GAP_MED'}, {'CARD_WITHDRAWAL_D_GAP_SHORT'}]",0.4598514906706439,146,0.8260869565217391,0.9694829047753603,3600
"[{'CARD_WITHDRAWAL_D_GAP_MED'}, {'CARD_WITHDRAWAL_D_GAP_MED'}, {'CARD_WITHDRAWAL_C_GAP_SHORT'}, {'CARD_WITHDRAWAL_D_GAP_MED'}]",0.4598316900797864,939,0.9137211036539896,0.9694829047753603,3600
"[{'CARD_WITHDRAWAL_D_GAP_SHORT'}, {'CARD_WITHDRAWAL_D_GAP_SHORT'}, {'CARD_WITHDRAWAL_D_GAP_SHORT'}, {'CARD_WITHDRAWAL_D_GAP_SHORT'}]",0.45890407791236176,845,0.9123985801217038,0.9694829047753603,3600
"[{'CARD_WITHDRAWAL_D_GAP_MED'}, {'CARD_WITHDRAWAL_C_GAP_MED'}, {'CARD_WITHDRAWAL_D_GAP_MED'}, {'CARD_WITHDRAWAL_D_GAP_SHORT'}]",0.457349285343999,993,0.9149266436332681,0.9694829047753603,3600
"[{'PROFILE_OLD_FEMALE', 'PROFILE_REGION_HIGH_INCOME', 'PROFILE_REGION_HIGH_CRIME'}, {'DEPOSIT_A_GAP_SHORT'}, {'CARD_WITHDRAWAL_D_GAP_MED'}, {'CARD_WITHDRAWAL_D_GAP_MED'}, {'CARD_WITHDRAWAL_B_GAP_MED'}, {'CARD_WITHDRAWAL_C_GAP_MED'}, {'CARD_WITHDRAWAL_C_GAP_MED'}, {'CARD_WITHDRAWAL_C_GAP_MED'}, {'CARD_WITHDRAWAL_D_GAP_MED'}]",0.4569881600105239,67,0.7864583333333334,0.9694829047753603,3600
"[{'CARD_WITHDRAWAL_D_GAP_LONG'}, {'CARD_WITHDRAWAL_D_GAP_SHORT'}, {'CARD_WITHDRAWAL_C_GAP_MED'}, {'CARD_WITHDRAWAL_D_GAP_SHORT'}]",0.45682799260667406,668,0.9093430403882822,0.9694829047753603,3600
"[{'CARD_WITHDRAWAL_C_GAP_MED'}, {'CARD_WITHDRAWAL_C_GAP_MED'}, {'CARD_WITHDRAWAL_C_GAP_MED'}, {'CARD_WITHDRAWAL_D_GAP_MED'}]",0.4559501447496852,1046,0.9158727998548357,0.9694829047753603,3600
"[{'CARD_WITHDRAWAL_C_GAP_MED'}, {'CARD_WITHDRAWAL_C_GAP_MED'}, {'CARD_WITHDRAWAL_D_GAP_MED'}, {'CARD_WITHDRAWAL_C_GAP_MED'}]",0.4543418373239162,1009,0.9156694735805387,0.9694829047753603,3600
"[{'CARD_WITHDRAWAL_C_GAP_MED'}, {'CARD_WITHDRAWAL_B_GAP_MED'}, {'CARD_WITHDRAWAL_C_GAP_MED'}, {'CARD_WITHDRAWAL_C_GAP_MED'}, {'CARD_WITHDRAWAL_D_GAP_SHORT'}, {'CARD_WITHDRAWAL_B_GAP_MED'}]",0.4530591288550667,382,0.8738114423851733,0.9694829047753603,3600
"[{'CARD_WITHDRAWAL_D_GAP_SHORT'}, {'CARD_WITHDRAWAL_C_GAP_MED'}, {'CARD_WITHDRAWAL_C_GAP_MED'}, {'CARD_WITHDRAWAL_D_GAP_SHORT'}, {'CARD_WITHDRAWAL_D_GAP_SHORT'}]",0.45248568287136404,522,0.8916573138795361,0.9694829047753603,3600
"[{'CARD_WITHDRAWAL_C_GAP_MED'}, {'CARD_WITHDRAWAL_C_GAP_MED'}, {'CARD_WITHDRAWAL_D_GAP_MED'}, {'CARD_WITHDRAWAL_D_GAP_MED'}]",0.4516888982796433,1062,0.9168155027683514,0.9694829047753603,3600
"[{'CARD_WITHDRAWAL_A_GAP_SHORT'}, {'CARD_WITHDRAWAL_C_GAP_MED'}, {'CARD_WITHDRAWAL_D_GAP_SHORT'}, {'CARD_WITHDRAWAL_A_GAP_SHORT'}]",0.4507183180223001,861,0.9141582391433669,0.9694829047753603,3600
"[{'DEPOSIT_A_GAP_SHORT'}, {'DEPOSIT_C_GAP_LONG'}, {'CARD_WITHDRAWAL_A_GAP_SHORT'}, {'CARD_WITHDRAWAL_D_GAP_MED'}, {'CARD_WITHDRAWAL_A_GAP_SHORT'}]",0.45056144297407663,357,0.8842605156037991,0.9694829047753603,3600
"[{'PROFILE_REGION_LOW_INCOME'}, {'DEPOSIT_A_GAP_SHORT'}, {'CARD_WITHDRAWAL_B_GAP_LONG'}, {'CARD_WITHDRAWAL_B_GAP_MED'}, {'CARD_WITHDRAWAL_D_GAP_MED'}, {'CARD_WITHDRAWAL_C_GAP_MED'}, {'CARD_WITHDRAWAL_B_GAP_SHORT'}, {'CARD_WITHDRAWAL_A_GAP_SHORT'}, {'CARD_WITHDRAWAL_B_GAP_MED'}, {'CARD_WITHDRAWAL_B_GAP_LONG'}]",0.45042321903011584,42,0.7560975609756098,0.9694829047753603,3600
"[{'DEPOSIT_A_GAP_SHORT'}, {'CARD_WITHDRAWAL_C_GAP_SHORT'}, {'CARD_WITHDRAWAL_C_GAP_MED'}, {'CARD_WITHDRAWAL_D_GAP_SHORT'}, {'CARD_WITHDRAWAL_D_GAP_SHORT'}]",0.44997005452347816,441,0.8887503117984534,0.9694829047753603,3600
"[{'PROFILE_OLD_FEMALE'}, {'DEPOSIT_C_GAP_MED'}, {'DEPOSIT_D_GAP_SHORT'}, {'CARD_WITHDRAWAL_A_GAP_SHORT'}]",0.44952352578702215,228,0.8926679676609981,0.9694829047753603,3600
"[{'CARD_WITHDRAWAL_D_GAP_MED'}, {'CARD_WITHDRAWAL_D_GAP_MED'}, {'CARD_WITHDRAWAL_C_GAP_MED'}, {'CARD_WITHDRAWAL_C_GAP_SHORT'}, {'CARD_WITHDRAWAL_D_GAP_MED'}]",0.44742153999166356,700,0.897960110853664,0.9694829047753603,3600
"[{'CARD_WITHDRAWAL_B_GAP_MED'}, {'CARD_WITHDRAWAL_D_GAP_MED'}, {'CARD_WITHDRAWAL_C_GAP_SHORT'}, {'CARD_WITHDRAWAL_D_GAP_MED'}]",0.44731277330827945,765,0.9131506849315069,0.9694829047753603,3600
"[{'DEPOSIT_A_GAP_SHORT'}, {'CARD_WITHDRAWAL_C_GAP_MED'}, {'CARD_WITHDRAWAL_A_GAP_SHORT'}, {'CARD_WITHDRAWAL_D_GAP_SHORT'}, {'CARD_WITHDRAWAL_D_GAP_LONG'}, {'CARD_WITHDRAWAL_B_GAP_SHORT'}, {'CARD_WITHDRAWAL_A_GAP_SHORT'}, {'CARD_WITHDRAWAL_D_GAP_SHORT'}, {'CARD_WITHDRAWAL_A_GAP_SHORT'}]",0.44656640155353666,82,0.7974683544303797,0.9694829047753603,3600
"[{'CARD_WITHDRAWAL_D_GAP_MED'}, {'CARD_WITHDRAWAL_C_GAP_MED'}, {'CARD_WITHDRAWAL_D_GAP_SHORT'}, {'CARD_WITHDRAWAL_C_GAP_MED'}]",0.4438361888927458,864,0.9154919869033259,0.9694829047753603,3600
"[{'CARD_WITHDRAWAL_B_GAP_MED'}, {'CARD_WITHDRAWAL_C_GAP_MED'}, {'CARD_WITHDRAWAL_D_GAP_MED'}, {'CARD_WITHDRAWAL_C_GAP_SHORT'}]",0.4432743546751954,778,0.9141672252010724,0.9694829047753603,3600
"[{'CARD_WITHDRAWAL_C_GAP_MED'}, {'CARD_WITHDRAWAL_D_GAP_MED'}, {'CARD_WITHDRAWAL_C_GAP_MED'}, {'CARD_WITHDRAWAL_C_GAP_SHORT'}, {'CARD_WITHDRAWAL_D_GAP_MED'}, {'CARD_WITHDRAWAL_D_GAP_SHORT'}]",0.44305593450832337,365,0.8743535138424096,0.9694829047753603,3600
"[{'PROFILE_REGION_HIGH_EDU', 'PROFILE_OLD_FEMALE', 'PROFILE_REGION_HIGH_CRIME'}, {'CARD_WITHDRAWAL_D_GAP_MED'}, {'CARD_WITHDRAWAL_C_GAP_MED'}, {'CARD_WITHDRAWAL_A_GAP_SHORT'}, {'CARD_WITHDRAWAL_C_GAP_MED'}]",0.4430121767432963,121,0.8596491228070176,0.9694829047753603,3600
"[{'PROFILE_REGION_LOW_CRIME', 'PROFILE_REGION_LOW_EDU'}, {'DEPOSIT_A_GAP_SHORT'}, {'DEPOSIT_C_GAP_LONG'}, {'CARD_WITHDRAWAL_B_GAP_LONG'}, {'CARD_WITHDRAWAL_B_GAP_LONG'}, {'CARD_WITHDRAWAL_B_GAP_LONG'}, {'CARD_WITHDRAWAL_B_GAP_LONG'}]",0.44237554583256244,77,0.8157894736842105,0.9694829047753603,3600
"[{'PROFILE_REGION_LOW_CRIME', 'PROFILE_OLD_MALE', 'PROFILE_REGION_LOW_EDU'}, {'CARD_WITHDRAWAL_B_GAP_MED'}, {'CARD_WITHDRAWAL_B_GAP_MED'}, {'CARD_WITHDRAWAL_D_GAP_MED'}, {'CARD_WITHDRAWAL_B_GAP_LONG'}]",0.44236305365600437,115,0.8584070796460177,0.9694829047753603,3600
"[{'CARD_WITHDRAWAL_C_GAP_MED'}, {'CARD_WITHDRAWAL_D_GAP_SHORT'}, {'DEPOSIT_B_GAP_MED'}, {'CARD_WITHDRAWAL_C_GAP_MED'}]",0.44198525221221563,202,0.8923431203223948,0.9694829047753603,3600
"[{'CARD_WITHDRAWAL_C_GAP_MED'}, {'CARD_WITHDRAWAL_C_GAP_MED'}, {'CARD_WITHDRAWAL_C_GAP_MED'}, {'CARD_WITHDRAWAL_D_GAP_SHORT'}, {'CARD_WITHDRAWAL_C_GAP_MED'}]",0.4417096193622063,548,0.8944149720011788,0.9694829047753603,3600
"[{'PROFILE_REGION_LOW_EDU'}, {'CARD_WITHDRAWAL_B_GAP_MED'}, {'CARD_WITHDRAWAL_C_GAP_MED'}, {'CARD_WITHDRAWAL_C_GAP_MED'}, {'CARD_WITHDRAWAL_B_GAP_MED'}, {'CARD_WITHDRAWAL_C_GAP_MED'}, {'CARD_WITHDRAWAL_B_GAP_MED'}, {'CARD_WITHDRAWAL_C_GAP_SHORT'}]",0.44140025794327054,164,0.8333333333333334,0.9694829047753603,3600
"[{'DEPOSIT_B_GAP_MED'}, {'CARD_WITHDRAWAL_D_GAP_MED'}, {'CARD_WITHDRAWAL_D_GAP_MED'}, {'CARD_WITHDRAWAL_C_GAP_MED'}, {'CARD_WITHDRAWAL_C_GAP_MED'}, {'CARD_WITHDRAWAL_D_GAP_MED'}]",0.44133184619298627,170,0.8546747967479674,0.9694829047753603,3600
"[{'PROFILE_REGION_LOW_INCOME', 'PROFILE_REGION_LOW_CRIME', 'PROFILE_OLD_MALE', 'PROFILE_REGION_LOW_EDU'}, {'DEPOSIT_A_GAP_SHORT'}, {'CARD_WITHDRAWAL_A_GAP_SHORT'}, {'CARD_WITHDRAWAL_A_GAP_SHORT'}, {'CARD_WITHDRAWAL_A_GAP_SHORT'}, {'CARD_WITHDRAWAL_A_GAP_SHORT'}, {'CARD_WITHDRAWAL_A_GAP_SHORT'}]",0.43965753589936085,89,0.8218390804597702,0.9694829047753603,3600
"[{'CARD_WITHDRAWAL_D_GAP_MED'}, {'CARD_WITHDRAWAL_C_GAP_MED'}, {'CARD_WITHDRAWAL_D_GAP_SHORT'}, {'CARD_WITHDRAWAL_D_GAP_SHORT'}, {'CARD_WITHDRAWAL_C_GAP_MED'}, {'CARD_WITHDRAWAL_D_GAP_SHORT'}, {'CARD_WITHDRAWAL_C_GAP_MED'}]",0.43915333595660433,228,0.8528665651953323,0.9694829047753603,3600
"[{'CARD_WITHDRAWAL_C_GAP_MED'}, {'CARD_WITHDRAWAL_A_GAP_SHORT'}, {'CARD_WITHDRAWAL_A_GAP_SHORT'}, {'CARD_WITHDRAWAL_D_GAP_SHORT'}]",0.4378686921643533,932,0.9176236691343815,0.9694829047753603,3600
"[{'CARD_WITHDRAWAL_C_GAP_SHORT'}, {'CARD_WITHDRAWAL_D_GAP_MED'}, {'CARD_WITHDRAWAL_C_GAP_MED'}, {'CARD_WITHDRAWAL_D_GAP_MED'}]",0.4368564198579846,734,0.9146370582617,0.9694829047753603,3600
"[{'PROFILE_OLD_MALE', 'PROFILE_REGION_LOW_EDU'}, {'CARD_WITHDRAWAL_A_GAP_SHORT'}, {'CARD_WITHDRAWAL_A_GAP_SHORT'}, {'CARD_WITHDRAWAL_A_GAP_SHORT'}, {'CARD_WITHDRAWAL_D_GAP_SHORT'}, {'CARD_WITHDRAWAL_B_GAP_LONG'}, {'CARD_WITHDRAWAL_B_GAP_MED'}]",0.43683159511355774,126,0.8346883468834688,0.9694829047753603,3600
"[{'CARD_WITHDRAWAL_C_GAP_MED'}, {'CARD_WITHDRAWAL_C_GAP_MED'}, {'CARD_WITHDRAWAL_C_GAP_MED'}, {'DEPOSIT_C_GAP_MED'}]",0.43460412188887687,445,0.9078451524494691,0.9694829047753603,3600
"[{'CARD_WITHDRAWAL_D_GAP_MED'}, {'CARD_WITHDRAWAL_C_GAP_MED'}, {'CARD_WITHDRAWAL_C_GAP_MED'}, {'CARD_WITHDRAWAL_C_GAP_SHORT'}]",0.4340599890128658,893,0.9178011150006482,0.9694829047753603,3600
"[{'CARD_WITHDRAWAL_D_GAP_SHORT'}, {'CARD_WITHDRAWAL_C_GAP_MED'}, {'CARD_WITHDRAWAL_C_GAP_MED'}, {'CARD_WITHDRAWAL_C_GAP_MED'}]",0.4338832064631901,855,0.9172709294660514,0.9694829047753603,3600
"[{'CARD_WITHDRAWAL_C_GAP_MED'}, {'CARD_WITHDRAWAL_D_GAP_MED'}, {'CARD_WITHDRAWAL_C_GAP_MED'}, {'CARD_WITHDRAWAL_C_GAP_SHORT'}]",0.43387218758780366,839,0.9170259408111071,0.9694829047753603,3600
"[{'PROFILE_REGION_HIGH_CRIME'}, {'CARD_WITHDRAWAL_C_GAP_SHORT'}, {'CARD_WITHDRAWAL_C_GAP_MED'}, {'CARD_WITHDRAWAL_D_GAP_MED'}, {'DEPOSIT_C_GAP_MED'}, {'CARD_WITHDRAWAL_B_GAP_LONG'}]",0.43313262425918586,58,0.8214285714285714,0.9694829047753603,3600
"[{'CARD_WITHDRAWAL_D_GAP_MED'}, {'CARD_WITHDRAWAL_C_GAP_MED'}, {'CARD_WITHDRAWAL_D_GAP_SHORT'}, {'CARD_WITHDRAWAL_D_GAP_SHORT'}, {'CARD_WITHDRAWAL_D_GAP_MED'}]",0.43284562666478976,691,0.9000853566009105,0.9694829047753603,3600
"[{'PROFILE_REGION_LOW_CRIME', 'PROFILE_REGION_LOW_EDU'}, {'DEPOSIT_C_GAP_LONG'}, {'CARD_WITHDRAWAL_B_GAP_LONG'}, {'CARD_WITHDRAWAL_B_GAP_LONG'}, {'CARD_WITHDRAWAL_B_GAP_LONG'}]",0.4327287404694732,131,0.8643410852713178,0.9694829047753603,3600
"[{'CARD_WITHDRAWAL_C_GAP_MED'}, {'CARD_WITHDRAWAL_C_GAP_MED'}, {'CARD_WITHDRAWAL_C_GAP_MED'}, {'DEPOSIT_C_GAP_LONG'}]",0.43163013021342267,268,0.9002976190476191,0.9694829047753603,3600
"[{'DEPOSIT_C_GAP_LONG'}, {'DEPOSIT_C_GAP_LONG'}, {'DEPOSIT_C_GAP_LONG'}, {'CARD_WITHDRAWAL_D_GAP_MED'}]",0.43146651064303276,146,0.8890030832476876,0.9694829047753603,3600
"[{'CARD_WITHDRAWAL_C_GAP_SHORT'}, {'CARD_WITHDRAWAL_D_GAP_SHORT'}, {'CARD_WITHDRAWAL_D_GAP_SHORT'}, {'CARD_WITHDRAWAL_C_GAP_MED'}]",0.43129964233480456,531,0.9112426035502958,0.9694829047753603,3600
"[{'CARD_WITHDRAWAL_B_GAP_MED'}, {'CARD_WITHDRAWAL_B_GAP_MED'}, {'CARD_WITHDRAWAL_C_GAP_MED'}, {'CARD_WITHDRAWAL_C_GAP_MED'}, {'CARD_WITHDRAWAL_C_GAP_SHORT'}, {'CARD_WITHDRAWAL_A_GAP_SHORT'}, {'CARD_WITHDRAWAL_B_GAP_LONG'}, {'CARD_WITHDRAWAL_B_GAP_SHORT'}, {'CARD_WITHDRAWAL_A_GAP_SHORT'}]",0.43077375909647597,76,0.7972972972972973,0.9694829047753603,3600
"[{'DEPOSIT_A_GAP_SHORT'}, {'DEPOSIT_D_GAP_LONG'}, {'DEPOSIT_D_GAP_LONG'}, {'CARD_WITHDRAWAL_C_GAP_MED'}, {'DEPOSIT_C_GAP_LONG'}]",0.43024417042086693,238,0.8794553464156989,0.9694829047753603,3600
"[{'DEPOSIT_C_GAP_LONG'}, {'CARD_WITHDRAWAL_D_GAP_MED'}, {'CARD_WITHDRAWAL_C_GAP_MED'}, {'CARD_WITHDRAWAL_C_GAP_MED'}, {'CARD_WITHDRAWAL_C_GAP_MED'}]",0.4297667956324369,288,0.8837448559670782,0.9694829047753603,3600
"[{'CARD_WITHDRAWAL_C_GAP_MED'}, {'CARD_WITHDRAWAL_D_GAP_MED'}, {'CARD_WITHDRAWAL_D_GAP_MED'}, {'CARD_WITHDRAWAL_D_GAP_SHORT'}, {'CARD_WITHDRAWAL_C_GAP_MED'}, {'CARD_WITHDRAWAL_C_GAP_MED'}, {'CARD_WITHDRAWAL_C_GAP_SHORT'}]",0.4296746231794891,249,0.8569979716024341,0.9694829047753603,3600
"[{'CARD_WITHDRAWAL_C_GAP_MED'}, {'CARD_WITHDRAWAL_D_GAP_MED'}, {'CARD_WITHDRAWAL_D_GAP_LONG'}, {'CARD_WITHDRAWAL_D_GAP_MED'}]",0.42952318119238475,739,0.9162286191072173,0.9694829047753603,3600
"[{'CARD_WITHDRAWAL_A_GAP_SHORT'}, {'CARD_WITHDRAWAL_B_GAP_SHORT'}, {'CARD_WITHDRAWAL_C_GAP_LONG'}, {'CARD_WITHDRAWAL_D_GAP_MED'}]",0.4280642134587932,540,0.9122115384615386,0.9694829047753603,3600
"[{'PROFILE_OLD_FEMALE', 'PROFILE_REGION_HIGH_CRIME'}, {'CARD_WITHDRAWAL_D_GAP_MED'}, {'CARD_WITHDRAWAL_B_GAP_SHORT'}, {'CARD_WITHDRAWAL_A_GAP_SHORT'}, {'CARD_WITHDRAWAL_B_GAP_MED'}, {'CARD_WITHDRAWAL_D_GAP_MED'}, {'CARD_WITHDRAWAL_C_GAP_SHORT'}, {'CARD_WITHDRAWAL_C_GAP_SHORT'}, {'CARD_WITHDRAWAL_C_GAP_SHORT'}]",0.4279500495108558,23,0.738095238095238,0.9694829047753603,3600
"[{'CARD_WITHDRAWAL_D_GAP_MED'}, {'CARD_WITHDRAWAL_D_GAP_SHORT'}, {'CARD_WITHDRAWAL_C_GAP_SHORT'}, {'CARD_WITHDRAWAL_C_GAP_MED'}]",0.427725617191828,745,0.9167092271024855,0.9694829047753603,3600
"[{'CARD_WITHDRAWAL_C_GAP_MED'}, {'CARD_WITHDRAWAL_C_GAP_SHORT'}, {'CARD_WITHDRAWAL_C_GAP_MED'}, {'CARD_WITHDRAWAL_C_GAP_SHORT'}]",0.4263911495858236,621,0.9145434663750682,0.9694829047753603,3600
"[{'CARD_WITHDRAWAL_D_GAP_MED'}, {'CARD_WITHDRAWAL_B_GAP_SHORT'}, {'CARD_WITHDRAWAL_C_GAP_MED'}, {'CARD_WITHDRAWAL_D_GAP_SHORT'}]",0.42638598872058897,803,0.9179636835278859,0.9694829047753603,3600
"[{'CARD_WITHDRAWAL_C_GAP_MED'}, {'CARD_WITHDRAWAL_C_GAP_MED'}, {'CARD_WITHDRAWAL_D_GAP_MED'}, {'CARD_WITHDRAWAL_D_GAP_MED'}, {'CARD_WITHDRAWAL_C_GAP_SHORT'}, {'CARD_WITHDRAWAL_D_GAP_MED'}]",0.4261250950736508,400,0.8792792792792793,0.9694829047753603,3600
"[{'DEPOSIT_D_GAP_LONG'}, {'DEPOSIT_C_GAP_LONG'}, {'DEPOSIT_C_GAP_LONG'}, {'CARD_WITHDRAWAL_A_GAP_SHORT'}]",0.42562686747584877,295,0.9035087719298246,0.9694829047753603,3600
"[{'CARD_WITHDRAWAL_C_GAP_MED'}, {'CARD_WITHDRAWAL_C_GAP_MED'}, {'CARD_WITHDRAWAL_D_GAP_SHORT'}, {'CARD_WITHDRAWAL_D_GAP_LONG'}]",0.42497966663715947,604,0.9144732297063903,0.9694829047753603,3600
"[{'CARD_WITHDRAWAL_C_GAP_MED'}, {'CARD_WITHDRAWAL_D_GAP_MED'}, {'CARD_WITHDRAWAL_C_GAP_SHORT'}, {'CARD_WITHDRAWAL_D_GAP_MED'}, {'TRANSFER_B_GAP_SHORT'}]",0.4244913538089572,163,0.8718954248366013,0.9694829047753603,3600
"[{'CARD_WITHDRAWAL_D_GAP_MED'}, {'CARD_WITHDRAWAL_D_GAP_MED'}, {'CARD_WITHDRAWAL_C_GAP_MED'}, {'CARD_WITHDRAWAL_D_GAP_SHORT'}, {'CARD_WITHDRAWAL_D_GAP_SHORT'}]",0.4238022864238733,811,0.904253090299602,0.9694829047753603,3600
"[{'PROFILE_REGION_LOW_CRIME'}, {'CARD_WITHDRAWAL_D_GAP_LONG'}, {'CARD_WITHDRAWAL_D_GAP_MED'}, {'CARD_WITHDRAWAL_D_GAP_SHORT'}, {'CARD_WITHDRAWAL_D_GAP_MED'}, {'CARD_WITHDRAWAL_D_GAP_SHORT'}, {'CARD_WITHDRAWAL_C_GAP_MED'}, {'CARD_WITHDRAWAL_D_GAP_SHORT'}]",0.42356367409819007,134,0.8295454545454546,0.9694829047753603,3600
"[{'CARD_WITHDRAWAL_D_GAP_MED'}, {'CARD_WITHDRAWAL_C_GAP_MED'}, {'CARD_WITHDRAWAL_C_GAP_MED'}, {'CARD_WITHDRAWAL_C_GAP_MED'}, {'CARD_WITHDRAWAL_D_GAP_MED'}]",0.4234426777381549,863,0.9053159173754557,0.9694829047753603,3600
"[{'CARD_WITHDRAWAL_C_GAP_MED'}, {'CARD_WITHDRAWAL_D_GAP_SHORT'}, {'CARD_WITHDRAWAL_C_GAP_MED'}, {'CARD_WITHDRAWAL_D_GAP_MED'}]",0.42236935149590216,798,0.9187165775401069,0.9694829047753603,3600
"[{'PROFILE_OLD_FEMALE'}, {'CARD_WITHDRAWAL_D_GAP_MED'}, {'CARD_WITHDRAWAL_B_GAP_SHORT'}, {'CARD_WITHDRAWAL_D_GAP_MED'}, {'CARD_WITHDRAWAL_C_GAP_SHORT'}, {'CARD_WITHDRAWAL_C_GAP_SHORT'}, {'CARD_WITHDRAWAL_C_GAP_SHORT'}]",0.4219610687146247,93,0.8272727272727273,0.9694829047753603,3600
"[{'PROFILE_REGION_HIGH_EDU', 'PROFILE_OLD_FEMALE', 'PROFILE_REGION_HIGH_CRIME'}, {'DEPOSIT_D_GAP_LONG'}, {'DEPOSIT_C_GAP_LONG'}, {'DEPOSIT_C_GAP_LONG'}, {'CARD_WITHDRAWAL_B_GAP_LONG'}]",0.4219508389168809,30,0.8214285714285714,0.9694829047753603,3600
"[{'CARD_WITHDRAWAL_D_GAP_SHORT'}, {'CARD_WITHDRAWAL_D_GAP_SHORT'}, {'CARD_WITHDRAWAL_D_GAP_MED'}, {'CARD_WITHDRAWAL_D_GAP_SHORT'}]",0.42098799329235714,822,0.9193789190803225,0.9694829047753603,3600
"[{'CARD_WITHDRAWAL_C_GAP_SHORT'}, {'CARD_WITHDRAWAL_D_GAP_MED'}, {'CARD_WITHDRAWAL_D_GAP_MED'}, {'CARD_WITHDRAWAL_D_GAP_SHORT'}, {'CARD_WITHDRAWAL_D_GAP_SHORT'}]",0.4204716917487282,476,0.8955753911123909,0.9694829047753603,3600
"[{'CARD_WITHDRAWAL_D_GAP_MED'}, {'CARD_WITHDRAWAL_D_GAP_SHORT'}, {'CARD_WITHDRAWAL_D_GAP_MED'}, {'CARD_WITHDRAWAL_D_GAP_SHORT'}, {'CARD_WITHDRAWAL_D_GAP_SHORT'}]",0.4201336015974134,748,0.9035283194057568,0.9694829047753603,3600
"[{'PROFILE_REGION_LOW_CRIME', 'PROFILE_OLD_MALE', 'PROFILE_REGION_LOW_INCOME'}, {'DEPOSIT_A_GAP_SHORT'}, {'CARD_WITHDRAWAL_B_GAP_SHORT'}, {'CARD_WITHDRAWAL_D_GAP_LONG'}]",0.419863656854519,149,0.8930555555555555,0.9694829047753603,3600
"[{'PROFILE_REGION_LOW_EDU'}, {'CARD_WITHDRAWAL_D_GAP_MED'}, {'DEPOSIT_D_GAP_SHORT'}, {'CARD_WITHDRAWAL_A_GAP_SHORT'}, {'CARD_WITHDRAWAL_D_GAP_SHORT'}, {'CARD_WITHDRAWAL_A_GAP_SHORT'}, {'CARD_WITHDRAWAL_B_GAP_LONG'}]",0.4179579204798908,186,0.8506375227686703,0.9694829047753603,3600
"[{'PROFILE_REGION_LOW_INCOME', 'PROFILE_REGION_LOW_CRIME', 'PROFILE_REGION_LOW_EDU'}, {'DEPOSIT_C_GAP_LONG'}, {'CARD_WITHDRAWAL_B_GAP_LONG'}, {'CARD_WITHDRAWAL_B_GAP_LONG'}, {'CARD_WITHDRAWAL_B_GAP_LONG'}, {'CARD_WITHDRAWAL_B_GAP_LONG'}, {'CARD_WITHDRAWAL_B_GAP_LONG'}]",0.4174185393260118,34,0.7878787878787878,0.9694829047753603,3600
"[{'CARD_WITHDRAWAL_D_GAP_MED'}, {'CARD_WITHDRAWAL_C_GAP_SHORT'}, {'CARD_WITHDRAWAL_C_GAP_SHORT'}, {'CARD_WITHDRAWAL_C_GAP_MED'}]",0.41680186946394326,643,0.9171440261865794,0.9694829047753603,3600
"[{'CARD_WITHDRAWAL_C_GAP_LONG'}, {'CARD_WITHDRAWAL_C_GAP_MED'}, {'CARD_WITHDRAWAL_C_GAP_MED'}, {'CARD_WITHDRAWAL_C_GAP_MED'}, {'CARD_WITHDRAWAL_D_GAP_MED'}]",0.41659322031261137,585,0.8999773960216998,0.9694829047753603,3600
"[{'CARD_WITHDRAWAL_D_GAP_MED'}, {'CARD_WITHDRAWAL_C_GAP_MED'}, {'CARD_WITHDRAWAL_C_GAP_MED'}, {'CARD_WITHDRAWAL_C_GAP_SHORT'}, {'CARD_WITHDRAWAL_C_GAP_SHORT'}, {'CARD_WITHDRAWAL_A_GAP_MED'}, {'CARD_WITHDRAWAL_B_GAP_MED'}, {'CARD_WITHDRAWAL_D_GAP_MED'}]",0.4155040846328557,66,0.8042328042328042,0.9694829047753603,3600
"[{'CARD_WITHDRAWAL_A_GAP_SHORT'}, {'CARD_WITHDRAWAL_C_GAP_MED'}, {'CARD_WITHDRAWAL_C_GAP_MED'}, {'CARD_WITHDRAWAL_C_GAP_MED'}, {'CARD_WITHDRAWAL_C_GAP_MED'}, {'CARD_WITHDRAWAL_C_GAP_MED'}]",0.4151675080026487,521,0.8867697594501718,0.9694829047753603,3600
"[{'CARD_WITHDRAWAL_C_GAP_MED'}, {'CARD_WITHDRAWAL_C_GAP_MED'}, {'CARD_WITHDRAWAL_D_GAP_MED'}, {'CARD_WITHDRAWAL_C_GAP_MED'}, {'CARD_WITHDRAWAL_A_GAP_SHORT'}]",0.414061121507701,753,0.9046541693600517,0.9694829047753603,3600
"[{'TRANSFER_IN_D_GAP_MED'}, {'CARD_WITHDRAWAL_C_GAP_MED'}, {'TRANSFER_IN_D_GAP_MED'}, {'TRANSFER_IN_D_GAP_MED'}, {'TRANSFER_IN_D_GAP_MED'}, {'TRANSFER_IN_D_GAP_MED'}, {'TRANSFER_IN_D_GAP_MED'}]",0.4139522680695684,209,0.8547738693467337,0.9694829047753603,3600
"[{'PROFILE_REGION_HIGH_EDU'}, {'CARD_WITHDRAWAL_C_GAP_LONG'}, {'CARD_WITHDRAWAL_C_GAP_MED'}, {'CARD_WITHDRAWAL_C_GAP_MED'}]",0.4129920068584343,540,0.9157163101423849,0.9694829047753603,3600
"[{'DEPOSIT_C_GAP_MED'}, {'CARD_WITHDRAWAL_A_GAP_SHORT'}, {'CARD_WITHDRAWAL_B_GAP_LONG'}, {'CARD_WITHDRAWAL_C_GAP_MED'}]",0.41277335583454866,390,0.9112162162162163,0.9694829047753603,3600
"[{'CARD_WITHDRAWAL_D_GAP_MED'}, {'CARD_WITHDRAWAL_C_GAP_MED'}, {'CARD_WITHDRAWAL_C_GAP_MED'}, {'CARD_WITHDRAWAL_B_GAP_MED'}, {'CARD_WITHDRAWAL_D_GAP_SHORT'}]",0.41246577830633635,711,0.9039907811741874,0.9694829047753603,3600
"[{'CARD_WITHDRAWAL_D_GAP_SHORT'}, {'CARD_WITHDRAWAL_D_GAP_SHORT'}, {'CARD_WITHDRAWAL_A_GAP_SHORT'}, {'CARD_WITHDRAWAL_B_GAP_LONG'}]",0.41206974208807745,694,0.9191936745155965,0.9694829047753603,3600
"[{'PROFILE_OLD_MALE'}, {'CARD_WITHDRAWAL_C_GAP_SHORT'}, {'CARD_WITHDRAWAL_D_GAP_SHORT'}, {'CARD_WITHDRAWAL_D_GAP_SHORT'}, {'CARD_WITHDRAWAL_C_GAP_MED'}, {'CARD_WITHDRAWAL_B_GAP_LONG'}]",0.41195331380557754,115,0.8495575221238938,0.9694829047753603,3600
"[{'CARD_WITHDRAWAL_D_GAP_MED'}, {'CARD_WITHDRAWAL_D_GAP_MED'}, {'CARD_WITHDRAWAL_C_GAP_SHORT'}, {'CARD_WITHDRAWAL_B_GAP_MED'}, {'CARD_WITHDRAWAL_D_GAP_SHORT'}]",0.41018900085001775,644,0.9027521970215229,0.9694829047753603,3600
"[{'CARD_WITHDRAWAL_B_GAP_MED'}, {'CARD_WITHDRAWAL_C_GAP_MED'}, {'CARD_WITHDRAWAL_C_GAP_MED'}, {'CARD_WITHDRAWAL_D_GAP_SHORT'}, {'CARD_WITHDRAWAL_B_GAP_MED'}]",0.41009969813920777,599,0.901548854836052,0.9694829047753603,3600
"[{'DEPOSIT_D_GAP_LONG'}, {'DEPOSIT_C_GAP_MED'}, {'CARD_WITHDRAWAL_D_GAP_MED'}, {'CARD_WITHDRAWAL_B_GAP_LONG'}]",0.41004050077319487,322,0.909109477124183,0.9694829047753603,3600
"[{'CARD_WITHDRAWAL_A_GAP_SHORT'}, {'CARD_WITHDRAWAL_C_GAP_LONG'}, {'CARD_WITHDRAWAL_D_GAP_SHORT'}, {'CARD_WITHDRAWAL_C_GAP_MED'}]",0.4095872700144394,443,0.9138535325585685,0.9694829047753603,3600
"[{'CARD_WITHDRAWAL_C_GAP_MED'}, {'CARD_WITHDRAWAL_C_GAP_MED'}, {'CARD_WITHDRAWAL_C_GAP_MED'}, {'CARD_WITHDRAWAL_C_GAP_MED'}, {'CARD_WITHDRAWAL_C_GAP_MED'}, {'CARD_WITHDRAWAL_C_GAP_SHORT'}]",0.40892830523360013,435,0.8839973585736297,0.9694829047753603,3600
"[{'CARD_WITHDRAWAL_D_GAP_MED'}, {'CARD_WITHDRAWAL_C_GAP_SHORT'}, {'CARD_WITHDRAWAL_D_GAP_SHORT'}, {'CARD_WITHDRAWAL_C_GAP_SHORT'}]",0.40801447268526414,547,0.917094017094017,0.9694829047753603,3600
"[{'CARD_WITHDRAWAL_D_GAP_MED'}, {'CARD_WITHDRAWAL_D_GAP_SHORT'}, {'CARD_WITHDRAWAL_C_GAP_MED'}, {'CARD_WITHDRAWAL_C_GAP_MED'}, {'CARD_WITHDRAWAL_C_GAP_MED'}]",0.4076894014325695,686,0.9042352424840903,0.9694829047753603,3600
"[{'PROFILE_OLD_MALE'}, {'CARD_WITHDRAWAL_C_GAP_MED'}, {'CARD_WITHDRAWAL_C_GAP_MED'}, {'CARD_WITHDRAWAL_C_GAP_SHORT'}]",0.407545145807645,514,0.9163895048041389,0.9694829047753603,3600
"[{'CARD_WITHDRAWAL_C_GAP_MED'}, {'CARD_WITHDRAWAL_C_GAP_MED'}, {'CARD_WITHDRAWAL_D_GAP_MED'}, {'CARD_WITHDRAWAL_D_GAP_MED'}, {'CARD_WITHDRAWAL_D_GAP_SHORT'}]",0.4074053817321487,707,0.9047747504720799,0.9694829047753603,3600
"[{'DEPOSIT_A_GAP_SHORT'}, {'CARD_WITHDRAWAL_C_GAP_MED'}, {'CARD_WITHDRAWAL_C_GAP_MED'}, {'CARD_WITHDRAWAL_C_GAP_SHORT'}, {'CARD_WITHDRAWAL_D_GAP_MED'}]",0.4073281669562848,566,0.9010886882634095,0.9694829047753603,3600
"[{'CARD_WITHDRAWAL_C_GAP_MED'}, {'CARD_WITHDRAWAL_D_GAP_SHORT'}, {'CARD_WITHDRAWAL_C_GAP_SHORT'}, {'CARD_WITHDRAWAL_C_GAP_MED'}]",0.4070961022049555,613,0.9187839716849955,0.9694829047753603,3600
"[{'DEPOSIT_C_GAP_LONG'}, {'CARD_WITHDRAWAL_C_GAP_MED'}, {'CARD_WITHDRAWAL_A_GAP_SHORT'}, {'CARD_WITHDRAWAL_B_GAP_MED'}, {'CARD_WITHDRAWAL_B_GAP_MED'}, {'CARD_WITHDRAWAL_C_GAP_SHORT'}, {'CARD_WITHDRAWAL_B_GAP_SHORT'}]",0.4059227479940799,121,0.8396551724137931,0.9694829047753603,3600
"[{'CARD_WITHDRAWAL_C_GAP_SHORT'}, {'CARD_WITHDRAWAL_D_GAP_SHORT'}, {'CARD_WITHDRAWAL_D_GAP_SHORT'}, {'CARD_WITHDRAWAL_C_GAP_MED'}, {'CARD_WITHDRAWAL_B_GAP_LONG'}]",0.4054916605623067,222,0.8834876543209877,0.9694829047753603,3600
"[{'CARD_WITHDRAWAL_D_GAP_SHORT'}, {'CARD_WITHDRAWAL_D_GAP_SHORT'}, {'CARD_WITHDRAWAL_C_GAP_MED'}, {'CARD_WITHDRAWAL_D_GAP_MED'}, {'CARD_WITHDRAWAL_D_GAP_SHORT'}]",0.40458242101011777,567,0.9016267648864333,0.9694829047753603,3600
"[{'CARD_WITHDRAWAL_D_GAP_MED'}, {'CARD_WITHDRAWAL_D_GAP_MED'}, {'CARD_WITHDRAWAL_D_GAP_SHORT'}, {'CARD_WITHDRAWAL_D_GAP_SHORT'}, {'CARD_WITHDRAWAL_C_GAP_MED'}]",0.4035318777090019,769,0.9067852437417654,0.9694829047753603,3600
"[{'PROFILE_REGION_LOW_INCOME'}, {'CARD_WITHDRAWAL_D_GAP_MED'}, {'CARD_WITHDRAWAL_C_GAP_MED'}, {'CARD_WITHDRAWAL_C_GAP_SHORT'}]",0.4034192897286929,485,0.9166666666666666,0.9694829047753603,3600
"[{'CARD_WITHDRAWAL_C_GAP_MED'}, {'CARD_WITHDRAWAL_D_GAP_MED'}, {'CARD_WITHDRAWAL_D_GAP_MED'}, {'CARD_WITHDRAWAL_D_GAP_SHORT'}, {'CARD_WITHDRAWAL_D_GAP_SHORT'}]",0.4016660110565784,759,0.9069035802906771,0.9694829047753603,3600
"[{'PROFILE_REGION_LOW_INCOME'}, {'CARD_WITHDRAWAL_D_GAP_LONG'}, {'CARD_WITHDRAWAL_B_GAP_LONG'}, {'CARD_WITHDRAWAL_D_GAP_SHORT'}, {'CARD_WITHDRAWAL_A_GAP_LONG'}, {'CARD_WITHDRAWAL_D_GAP_MED'}, {'CARD_WITHDRAWAL_D_GAP_SHORT'}, {'CARD_WITHDRAWAL_A_GAP_LONG'}, {'CARD_WITHDRAWAL_C_GAP_MED'}]",0.4014395457385821,25,0.75,0.9694829047753603,3600
"[{'CARD_WITHDRAWAL_B_GAP_MED'}, {'CARD_WITHDRAWAL_B_GAP_LONG'}, {'CARD_WITHDRAWAL_C_GAP_MED'}, {'CARD_WITHDRAWAL_C_GAP_MED'}, {'CARD_WITHDRAWAL_C_GAP_MED'}, {'CARD_WITHDRAWAL_B_GAP_SHORT'}, {'CARD_WITHDRAWAL_B_GAP_SHORT'}, {'CARD_WITHDRAWAL_B_GAP_MED'}, {'CARD_WITHDRAWAL_C_GAP_MED'}]",0.4012561720199016,57,0.7909090909090909,0.9694829047753603,3600
"[{'PROFILE_OLD_MALE'}, {'DEPOSIT_D_GAP_LONG'}, {'CARD_WITHDRAWAL_D_GAP_LONG'}, {'DEPOSIT_C_GAP_SHORT'}, {'DEPOSIT_C_GAP_SHORT'}]",0.4011043727187823,55,0.8490566037735849,0.9694829047753603,3600
"[{'CARD_WITHDRAWAL_D_GAP_SHORT'}, {'CARD_WITHDRAWAL_D_GAP_MED'}, {'CARD_WITHDRAWAL_D_GAP_MED'}, {'CARD_WITHDRAWAL_C_GAP_MED'}, {'CARD_WITHDRAWAL_B_GAP_MED'}, {'CARD_WITHDRAWAL_D_GAP_MED'}, {'CARD_WITHDRAWAL_D_GAP_SHORT'}]",0.40092870376806,349,0.8706686930091185,0.9694829047753603,3600
"[{'PROFILE_OLD_FEMALE'}, {'DEPOSIT_C_GAP_LONG'}, {'DEPOSIT_D_GAP_SHORT'}, {'CARD_WITHDRAWAL_C_GAP_MED'}, {'CARD_WITHDRAWAL_C_GAP_MED'}]",0.40032263108301513,142,0.87468671679198,0.9694829047753603,3600
"[{'PROFILE_MID_MALE', 'PROFILE_REGION_HIGH_INCOME', 'PROFILE_REGION_HIGH_CRIME'}, {'CARD_WITHDRAWAL_A_GAP_SHORT'}, {'CARD_WITHDRAWAL_D_GAP_LONG'}, {'CARD_WITHDRAWAL_D_GAP_LONG'}]",0.3996873119385266,22,0.8571428571428572,0.9694829047753603,3600
"[{'PROFILE_REGION_LOW_CRIME'}, {'CARD_WITHDRAWAL_B_GAP_SHORT'}, {'CARD_WITHDRAWAL_C_GAP_SHORT'}, {'CARD_WITHDRAWAL_D_GAP_MED'}]",0.39908518175464425,370,0.9141784037558686,0.9694829047753603,3600
"[{'CARD_WITHDRAWAL_C_GAP_MED'}, {'CARD_WITHDRAWAL_D_GAP_MED'}, {'CARD_WITHDRAWAL_C_GAP_MED'}, {'CARD_WITHDRAWAL_C_GAP_MED'}, {'CARD_WITHDRAWAL_D_GAP_SHORT'}]",0.3977982320903306,634,0.9047317813765182,0.9694829047753603,3600
"[{'PROFILE_OLD_MALE'}, {'CARD_WITHDRAWAL_C_GAP_MED'}, {'CARD_WITHDRAWAL_D_GAP_SHORT'}, {'CARD_WITHDRAWAL_C_GAP_MED'}]",0.3977690986686536,474,0.917849344978166,0.9694829047753603,3600
"[{'PROFILE_OLD_MALE'}, {'DEPOSIT_A_GAP_SHORT'}, {'CARD_WITHDRAWAL_C_GAP_SHORT'}, {'CARD_WITHDRAWAL_C_GAP_MED'}, {'CARD_WITHDRAWAL_D_GAP_SHORT'}]",0.3972081848455776,305,0.8918644067796611,0.9694829047753603,3600
"[{'CARD_WITHDRAWAL_D_GAP_LONG'}, {'CARD_WITHDRAWAL_D_GAP_MED'}, {'CARD_WITHDRAWAL_A_GAP_SHORT'}, {'CARD_WITHDRAWAL_C_GAP_MED'}, {'CARD_WITHDRAWAL_C_GAP_MED'}, {'CARD_WITHDRAWAL_D_GAP_MED'}, {'CARD_WITHDRAWAL_C_GAP_MED'}]",0.3966880408705111,409,0.87517573810002,0.9694829047753603,3600
"[{'DEPOSIT_A_GAP_SHORT'}, {'DEPOSIT_D_GAP_LONG'}, {'CARD_WITHDRAWAL_D_GAP_MED'}, {'CARD_WITHDRAWAL_D_GAP_MED'}, {'CARD_WITHDRAWAL_B_GAP_LONG'}, {'CARD_WITHDRAWAL_C_GAP_LONG'}, {'DEPOSIT_D_GAP_MED'}, {'CARD_WITHDRAWAL_A_GAP_SHORT'}, {'CARD_WITHDRAWAL_A_GAP_SHORT'}, {'DEPOSIT_D_GAP_LONG'}]",0.3965298510710399,73,0.7941176470588236,0.9694829047753603,3600
"[{'CARD_WITHDRAWAL_B_GAP_MED'}, {'CARD_WITHDRAWAL_A_GAP_SHORT'}, {'CARD_WITHDRAWAL_D_GAP_MED'}, {'CARD_WITHDRAWAL_C_GAP_MED'}, {'CARD_WITHDRAWAL_C_GAP_SHORT'}]",0.3959132470691229,538,0.9023809523809524,0.9694829047753603,3600
"[{'PROFILE_OLD_FEMALE'}, {'CARD_WITHDRAWAL_D_GAP_SHORT'}, {'CARD_WITHDRAWAL_C_GAP_MED'}, {'CARD_WITHDRAWAL_B_GAP_MED'}, {'CARD_WITHDRAWAL_C_GAP_SHORT'}]",0.3946074701800737,297,0.8919284940411701,0.9694829047753603,3600
"[{'CARD_WITHDRAWAL_D_GAP_MED'}, {'CARD_WITHDRAWAL_C_GAP_MED'}, {'CARD_WITHDRAWAL_D_GAP_MED'}, {'CARD_WITHDRAWAL_C_GAP_MED'}, {'CARD_WITHDRAWAL_D_GAP_MED'}]",0.39448144777430594,891,0.9105757931844889,0.9694829047753603,3600
"[{'CARD_WITHDRAWAL_C_GAP_MED'}, {'CARD_WITHDRAWAL_C_GAP_MED'}, {'CARD_WITHDRAWAL_C_GAP_MED'}, {'CARD_WITHDRAWAL_D_GAP_MED'}, {'CARD_WITHDRAWAL_A_GAP_SHORT'}]",0.3940126179997745,787,0.9088018741633199,0.9694829047753603,3600
"[{'DEPOSIT_D_GAP_LONG'}, {'DEPOSIT_C_GAP_LONG'}, {'DEPOSIT_C_GAP_LONG'}, {'DEPOSIT_C_GAP_LONG'}, {'CARD_WITHDRAWAL_D_GAP_MED'}]",0.3937061664208046,108,0.8698727015558698,0.9694829047753603,3600
"[{'PROFILE_REGION_HIGH_EDU', 'PROFILE_OLD_FEMALE'}, {'CARD_WITHDRAWAL_C_GAP_SHORT'}, {'CARD_WITHDRAWAL_C_GAP_MED'}, {'CARD_WITHDRAWAL_C_GAP_SHORT'}, {'CARD_WITHDRAWAL_B_GAP_LONG'}]",0.3935739261651463,95,0.8666666666666667,0.9694829047753603,3600
"[{'PROFILE_REGION_LOW_CRIME'}, {'DEPOSIT_C_GAP_LONG'}, {'DEPOSIT_D_GAP_LONG'}, {'DEPOSIT_D_GAP_MED'}]",0.3927583477841752,212,0.908001546192501,0.9694829047753603,3600
"[{'DEPOSIT_B_GAP_SHORT'}, {'CARD_WITHDRAWAL_D_GAP_MED'}, {'CARD_WITHDRAWAL_C_GAP_MED'}, {'CARD_WITHDRAWAL_D_GAP_MED'}]",0.3918067806686347,395,0.9171332586786114,0.9694829047753603,3600
"[{'DEPOSIT_C_GAP_LONG'}, {'DEPOSIT_D_GAP_LONG'}, {'CARD_WITHDRAWAL_D_GAP_MED'}, {'CARD_WITHDRAWAL_C_GAP_MED'}, {'CARD_WITHDRAWAL_C_GAP_MED'}]",0.3910232804685222,269,0.8908136482939633,0.9694829047753603,3600
"[{'DEPOSIT_A_GAP_SHORT'}, {'CARD_WITHDRAWAL_D_GAP_MED'}, {'CARD_WITHDRAWAL_B_GAP_LONG'}, {'CARD_WITHDRAWAL_D_GAP_MED'}, {'CARD_WITHDRAWAL_C_GAP_MED'}, {'CARD_WITHDRAWAL_B_GAP_MED'}, {'CARD_WITHDRAWAL_A_GAP_MED'}, {'CARD_WITHDRAWAL_C_GAP_SHORT'}, {'CARD_WITHDRAWAL_C_GAP_MED'}, {'CARD_WITHDRAWAL_B_GAP_MED'}]",0.39097093762247004,29,0.75,0.9694829047753603,3600
"[{'PROFILE_OLD_FEMALE', 'PROFILE_REGION_HIGH_INCOME', 'PROFILE_REGION_HIGH_CRIME'}, {'DEPOSIT_B_GAP_SHORT'}, {'CARD_WITHDRAWAL_D_GAP_MED'}, {'CARD_WITHDRAWAL_C_GAP_MED'}, {'CARD_WITHDRAWAL_C_GAP_SHORT'}, {'CARD_WITHDRAWAL_B_GAP_MED'}, {'CARD_WITHDRAWAL_D_GAP_MED'}, {'DEPOSIT_D_GAP_SHORT'}]",0.39016761677391854,23,0.7619047619047619,0.9694829047753603,3600
"[{'CARD_WITHDRAWAL_C_GAP_MED'}, {'CARD_WITHDRAWAL_C_GAP_MED'}, {'CARD_WITHDRAWAL_C_GAP_MED'}, {'CARD_WITHDRAWAL_D_GAP_MED'}, {'CARD_WITHDRAWAL_C_GAP_MED'}]",0.389903900508042,719,0.9081604803493449,0.9694829047753603,3600
"[{'CARD_WITHDRAWAL_D_GAP_MED'}, {'CARD_WITHDRAWAL_C_GAP_MED'}, {'CARD_WITHDRAWAL_C_GAP_MED'}, {'CARD_WITHDRAWAL_D_GAP_MED'}, {'CARD_WITHDRAWAL_C_GAP_MED'}]",0.38985560797980523,825,0.9102414597338455,0.9694829047753603,3600
"[{'CARD_WITHDRAWAL_D_GAP_SHORT'}, {'CARD_WITHDRAWAL_D_GAP_MED'}, {'CARD_WITHDRAWAL_C_GAP_MED'}, {'CARD_WITHDRAWAL_D_GAP_MED'}, {'CARD_WITHDRAWAL_C_GAP_SHORT'}, {'CARD_WITHDRAWAL_D_GAP_MED'}, {'CARD_WITHDRAWAL_D_GAP_MED'}]",0.38897594555253356,301,0.8689809630459127,0.9694829047753603,3600
"[{'DEPOSIT_C_GAP_LONG'}, {'CARD_WITHDRAWAL_C_GAP_LONG'}, {'DEPOSIT_D_GAP_LONG'}, {'CARD_WITHDRAWAL_D_GAP_SHORT'}]",0.38885004086737374,215,0.909536541889483,0.9694829047753603,3600
"[{'CARD_WITHDRAWAL_D_GAP_SHORT'}, {'CARD_WITHDRAWAL_C_GAP_MED'}, {'CARD_WITHDRAWAL_C_GAP_SHORT'}, {'CARD_WITHDRAWAL_C_GAP_MED'}, {'CARD_WITHDRAWAL_C_GAP_MED'}]",0.38867279492874485,454,0.9009433962264152,0.9694829047753603,3600
"[{'CARD_WITHDRAWAL_C_GAP_MED'}, {'CARD_WITHDRAWAL_D_GAP_MED'}, {'CARD_WITHDRAWAL_D_GAP_SHORT'}, {'CARD_WITHDRAWAL_D_GAP_SHORT'}, {'CARD_WITHDRAWAL_D_GAP_SHORT'}]",0.38854624055266795,659,0.907063617840163,0.9694829047753603,3600
"[{'CARD_WITHDRAWAL_C_GAP_MED'}, {'CARD_WITHDRAWAL_C_GAP_SHORT'}, {'DEPOSIT_B_GAP_MED'}, {'CARD_WITHDRAWAL_D_GAP_MED'}]",0.3884323317029508,188,0.9076388888888889,0.9694829047753603,3600
"[{'PROFILE_REGION_LOW_CRIME', 'PROFILE_OLD_MALE'}, {'DEPOSIT_A_GAP_SHORT'}, {'DEPOSIT_D_GAP_LONG'}, {'CARD_WITHDRAWAL_A_GAP_SHORT'}]",0.3883748116246165,234,0.9109513274336283,0.9694829047753603,3600
"[{'CARD_WITHDRAWAL_D_GAP_LONG'}, {'CARD_WITHDRAWAL_C_GAP_MED'}, {'CARD_WITHDRAWAL_D_GAP_SHORT'}, {'CARD_WITHDRAWAL_C_GAP_MED'}, {'CARD_WITHDRAWAL_D_GAP_MED'}]",0.3871482705711573,536,0.9040313111545988,0.9694829047753603,3600
"[{'CARD_WITHDRAWAL_C_GAP_MED'}, {'CARD_WITHDRAWAL_A_GAP_SHORT'}, {'CARD_WITHDRAWAL_B_GAP_MED'}, {'CARD_WITHDRAWAL_D_GAP_SHORT'}, {'CARD_WITHDRAWAL_C_GAP_LONG'}]",0.38703783373811484,381,0.8982246709519437,0.9694829047753603,3600
"[{'DEPOSIT_B_GAP_SHORT'}, {'DEPOSIT_D_GAP_LONG'}, {'DEPOSIT_C_GAP_LONG'}, {'CARD_WITHDRAWAL_C_GAP_MED'}, {'DEPOSIT_C_GAP_LONG'}, {'CARD_WITHDRAWAL_B_GAP_LONG'}]",0.3861860429956132,38,0.8194444444444444,0.9694829047753603,3600
"[{'DEPOSIT_A_GAP_SHORT'}, {'CARD_WITHDRAWAL_D_GAP_MED'}, {'CARD_WITHDRAWAL_D_GAP_MED'}, {'CARD_WITHDRAWAL_B_GAP_MED'}, {'CARD_WITHDRAWAL_C_GAP_MED'}, {'CARD_WITHDRAWAL_C_GAP_MED'}, {'CARD_WITHDRAWAL_A_GAP_SHORT'}, {'CARD_WITHDRAWAL_D_GAP_SHORT'}, {'CARD_WITHDRAWAL_A_GAP_SHORT'}, {'CARD_WITHDRAWAL_D_GAP_LONG'}]",0.3860741913633732,166,0.8283917340521114,0.9694829047753603,3600
"[{'PROFILE_REGION_HIGH_EDU'}, {'DEPOSIT_D_GAP_LONG'}, {'DEPOSIT_C_GAP_LONG'}, {'DEPOSIT_C_GAP_LONG'}, {'DEPOSIT_D_GAP_LONG'}]",0.3855265390630809,115,0.8737864077669902,0.9694829047753603,3600
"[{'CARD_WITHDRAWAL_C_GAP_MED'}, {'CARD_WITHDRAWAL_C_GAP_MED'}, {'CARD_WITHDRAWAL_B_GAP_SHORT'}, {'CARD_WITHDRAWAL_D_GAP_MED'}, {'CARD_WITHDRAWAL_D_GAP_MED'}]",0.3855121599721767,580,0.9056279759581609,0.9694829047753603,3600
"[{'CARD_WITHDRAWAL_D_GAP_MED'}, {'CARD_WITHDRAWAL_D_GAP_MED'}, {'CARD_WITHDRAWAL_C_GAP_MED'}, {'CARD_WITHDRAWAL_C_GAP_SHORT'}, {'CARD_WITHDRAWAL_D_GAP_SHORT'}]",0.38476293948399953,645,0.9074438527436907,0.9694829047753603,3600
"[{'CARD_WITHDRAWAL_D_GAP_MED'}, {'CARD_WITHDRAWAL_C_GAP_SHORT'}, {'CARD_WITHDRAWAL_C_GAP_MED'}, {'CARD_WITHDRAWAL_C_GAP_MED'}, {'CARD_WITHDRAWAL_D_GAP_MED'}]",0.3844923417061714,612,0.9066761652757989,0.9694829047753603,3600
"[{'CARD_WITHDRAWAL_B_GAP_MED'}, {'CARD_WITHDRAWAL_A_GAP_SHORT'}, {'CARD_WITHDRAWAL_B_GAP_MED'}, {'CARD_WITHDRAWAL_A_GAP_SHORT'}, {'CARD_WITHDRAWAL_C_GAP_MED'}, {'CARD_WITHDRAWAL_C_GAP_MED'}, {'CARD_WITHDRAWAL_C_GAP_SHORT'}, {'CARD_WITHDRAWAL_C_GAP_MED'}, {'CARD_WITHDRAWAL_B_GAP_SHORT'}, {'CARD_WITHDRAWAL_B_GAP_MED'}]",0.3844424678521683,52,0.78125,0.9694829047753603,3600
"[{'PROFILE_REGION_LOW_CRIME'}, {'CARD_WITHDRAWAL_C_GAP_LONG'}, {'CARD_WITHDRAWAL_C_GAP_SHORT'}, {'CARD_WITHDRAWAL_C_GAP_SHORT'}]",0.38395068807683375,257,0.9137741046831955,0.9694829047753603,3600
"[{'CARD_WITHDRAWAL_C_GAP_MED'}, {'CARD_WITHDRAWAL_C_GAP_MED'}, {'CARD_WITHDRAWAL_C_GAP_MED'}, {'CARD_WITHDRAWAL_C_GAP_MED'}, {'CARD_WITHDRAWAL_C_GAP_MED'}]",0.38227210729168126,825,0.911593919227507,0.9694829047753603,3600
"[{'CARD_WITHDRAWAL_D_GAP_MED'}, {'CARD_WITHDRAWAL_C_GAP_MED'}, {'CARD_WITHDRAWAL_D_GAP_MED'}, {'CARD_WITHDRAWAL_D_GAP_MED'}, {'CARD_WITHDRAWAL_D_GAP_SHORT'}]",0.38221153001303965,838,0.9118306351183063,0.9694829047753603,3600
"[{'CARD_WITHDRAWAL_D_GAP_MED'}, {'CARD_WITHDRAWAL_A_GAP_SHORT'}, {'CARD_WITHDRAWAL_C_GAP_MED'}, {'CARD_WITHDRAWAL_D_GAP_MED'}, {'CARD_WITHDRAWAL_D_GAP_MED'}]",0.381216552231017,912,0.9132128668460848,0.9694829047753603,3600
"[{'CARD_WITHDRAWAL_D_GAP_MED'}, {'CARD_WITHDRAWAL_A_GAP_SHORT'}, {'CARD_WITHDRAWAL_C_GAP_MED'}, {'CARD_WITHDRAWAL_C_GAP_MED'}, {'CARD_WITHDRAWAL_C_GAP_MED'}]",0.3810295096519807,846,0.9121797778281568,0.9694829047753603,3600
"[{'CARD_WITHDRAWAL_D_GAP_MED'}, {'CARD_WITHDRAWAL_D_GAP_MED'}, {'CARD_WITHDRAWAL_D_GAP_SHORT'}, {'CARD_WITHDRAWAL_B_GAP_SHORT'}, {'CARD_WITHDRAWAL_D_GAP_SHORT'}]",0.38098272993527527,636,0.9079520697167756,0.9694829047753603,3600
"[{'CARD_WITHDRAWAL_C_GAP_LONG'}, {'CARD_WITHDRAWAL_D_GAP_MED'}, {'CARD_WITHDRAWAL_C_GAP_MED'}, {'CARD_WITHDRAWAL_D_GAP_MED'}, {'CARD_WITHDRAWAL_C_GAP_MED'}]",0.3808483451762834,601,0.9071015191704848,0.9694829047753603,3600
"[{'CARD_WITHDRAWAL_C_GAP_LONG'}, {'CARD_WITHDRAWAL_D_GAP_MED'}, {'CARD_WITHDRAWAL_C_GAP_MED'}, {'CARD_WITHDRAWAL_B_GAP_MED'}, {'CARD_WITHDRAWAL_D_GAP_SHORT'}]",0.380105303655462,464,0.9030891878425511,0.9694829047753603,3600
"[{'PROFILE_REGION_HIGH_CRIME'}, {'DEPOSIT_D_GAP_LONG'}, {'DEPOSIT_C_GAP_LONG'}, {'DEPOSIT_C_GAP_LONG'}]",0.3800460175126936,203,0.9117983963344788,0.9694829047753603,3600
"[{'DEPOSIT_A_GAP_SHORT'}, {'CARD_WITHDRAWAL_C_GAP_LONG'}, {'CARD_WITHDRAWAL_A_GAP_SHORT'}, {'CARD_WITHDRAWAL_B_GAP_MED'}, {'CARD_WITHDRAWAL_C_GAP_MED'}, {'CARD_WITHDRAWAL_C_GAP_MED'}, {'CARD_WITHDRAWAL_C_GAP_MED'}, {'CARD_WITHDRAWAL_D_GAP_SHORT'}]",0.37993215274170355,156,0.8427815570672714,0.9694829047753603,3600
"[{'PROFILE_REGION_LOW_CRIME', 'PROFILE_REGION_LOW_INCOME'}, {'DEPOSIT_A_GAP_SHORT'}, {'CARD_WITHDRAWAL_C_GAP_MED'}, {'CARD_WITHDRAWAL_C_GAP_LONG'}]",0.37975779043448,344,0.919016768292683,0.9694829047753603,3600
"[{'CARD_WITHDRAWAL_C_GAP_MED'}, {'CARD_WITHDRAWAL_C_GAP_MED'}, {'CARD_WITHDRAWAL_C_GAP_SHORT'}, {'CARD_WITHDRAWAL_C_GAP_SHORT'}, {'CARD_WITHDRAWAL_C_GAP_MED'}]",0.3796327398747603,449,0.9026415094339623,0.9694829047753603,3600
"[{'CARD_WITHDRAWAL_C_GAP_MED'}, {'CARD_WITHDRAWAL_C_GAP_MED'}, {'CARD_WITHDRAWAL_C_GAP_MED'}, {'CARD_WITHDRAWAL_D_GAP_MED'}, {'CARD_WITHDRAWAL_D_GAP_MED'}]",0.37860542023688204,779,0.911432630477045,0.9694829047753603,3600
"[{'PROFILE_REGION_HIGH_EDU', 'PROFILE_REGION_LOW_CRIME', 'PROFILE_OLD_MALE', 'PROFILE_REGION_LOW_INCOME'}, {'DEPOSIT_A_GAP_SHORT'}, {'CARD_WITHDRAWAL_C_GAP_MED'}, {'CARD_WITHDRAWAL_C_GAP_LONG'}]",0.3782996382666941,79,0.8972602739726028,0.9694829047753603,3600
"[{'CARD_WITHDRAWAL_C_GAP_MED'}, {'CARD_WITHDRAWAL_D_GAP_MED'}, {'CARD_WITHDRAWAL_B_GAP_MED'}, {'CARD_WITHDRAWAL_D_GAP_SHORT'}, {'CARD_WITHDRAWAL_C_GAP_MED'}]",0.37815328824341377,608,0.9078112609040444,0.9694829047753603,3600
"[{'PROFILE_OLD_MALE', 'PROFILE_REGION_LOW_INCOME'}, {'DEPOSIT_A_GAP_SHORT'}, {'DEPOSIT_D_GAP_LONG'}, {'CARD_WITHDRAWAL_B_GAP_MED'}]",0.3781375078758573,243,0.9150047483380817,0.9694829047753603,3600
"[{'PROFILE_REGION_HIGH_EDU'}, {'CARD_WITHDRAWAL_B_GAP_MED'}, {'CARD_WITHDRAWAL_C_GAP_MED'}, {'CARD_WITHDRAWAL_D_GAP_MED'}, {'CARD_WITHDRAWAL_D_GAP_MED'}, {'CARD_WITHDRAWAL_C_GAP_MED'}, {'CARD_WITHDRAWAL_C_GAP_SHORT'}]",0.3775660046891973,180,0.8574502420656267,0.9694829047753603,3600
"[{'CARD_WITHDRAWAL_C_GAP_MED'}, {'CARD_WITHDRAWAL_C_GAP_MED'}, {'CARD_WITHDRAWAL_C_GAP_MED'}, {'CARD_WITHDRAWAL_C_GAP_SHORT'}, {'CARD_WITHDRAWAL_C_GAP_MED'}]",0.37688794837662254,595,0.9077286135693216,0.9694829047753603,3600
"[{'PROFILE_REGION_LOW_CRIME'}, {'CARD_WITHDRAWAL_C_GAP_MED'}, {'CARD_WITHDRAWAL_C_GAP_MED'}, {'CARD_WITHDRAWAL_A_GAP_SHORT'}, {'CARD_WITHDRAWAL_C_GAP_MED'}, {'CARD_WITHDRAWAL_C_GAP_MED'}, {'CARD_WITHDRAWAL_C_GAP_SHORT'}, {'CARD_WITHDRAWAL_B_GAP_MED'}]",0.3765774420858583,140,0.8399621212121212,0.9694829047753603,3600
"[{'PROFILE_REGION_LOW_INCOME'}, {'DEPOSIT_D_GAP_LONG'}, {'DEPOSIT_C_GAP_LONG'}, {'DEPOSIT_B_GAP_LONG'}]",0.3764664827840062,126,0.905982905982906,0.9694829047753603,3600
"[{'CARD_WITHDRAWAL_D_GAP_LONG'}, {'CARD_WITHDRAWAL_D_GAP_LONG'}, {'CARD_WITHDRAWAL_D_GAP_SHORT'}, {'CARD_WITHDRAWAL_C_GAP_MED'}, {'CARD_WITHDRAWAL_D_GAP_SHORT'}]",0.3762216230772858,502,0.9051867219917011,0.9694829047753603,3600
"[{'PROFILE_REGION_LOW_CRIME'}, {'CARD_WITHDRAWAL_C_GAP_MED'}, {'CARD_WITHDRAWAL_C_GAP_MED'}, {'CARD_WITHDRAWAL_C_GAP_MED'}, {'CARD_WITHDRAWAL_B_GAP_MED'}, {'CARD_WITHDRAWAL_C_GAP_MED'}, {'CARD_WITHDRAWAL_D_GAP_MED'}]",0.37608589543901494,247,0.8662447257383966,0.9694829047753603,3600
"[{'DEPOSIT_A_GAP_SHORT'}, {'CARD_WITHDRAWAL_A_GAP_SHORT'}, {'CARD_WITHDRAWAL_C_GAP_MED'}, {'CARD_WITHDRAWAL_C_GAP_SHORT'}, {'CARD_WITHDRAWAL_C_GAP_MED'}, {'CARD_WITHDRAWAL_C_GAP_SHORT'}]",0.37555445539488164,331,0.8841781874039938,0.9694829047753603,3600
"[{'CARD_WITHDRAWAL_A_GAP_SHORT'}, {'CARD_WITHDRAWAL_C_GAP_MED'}, {'CARD_WITHDRAWAL_A_GAP_SHORT'}, {'CARD_WITHDRAWAL_C_GAP_MED'}, {'CARD_WITHDRAWAL_C_GAP_MED'}, {'CARD_WITHDRAWAL_D_GAP_MED'}]",0.3754191021284825,565,0.8948750262549885,0.9694829047753603,3600
"[{'CARD_WITHDRAWAL_D_GAP_MED'}, {'CARD_WITHDRAWAL_D_GAP_MED'}, {'CARD_WITHDRAWAL_B_GAP_MED'}, {'CARD_WITHDRAWAL_C_GAP_MED'}, {'CARD_WITHDRAWAL_C_GAP_SHORT'}, {'CARD_WITHDRAWAL_D_GAP_MED'}]",0.3753305296981062,508,0.892880282197106,0.9694829047753603,3600
"[{'DEPOSIT_A_GAP_SHORT'}, {'DEPOSIT_C_GAP_MED'}, {'CARD_WITHDRAWAL_B_GAP_SHORT'}, {'CARD_WITHDRAWAL_C_GAP_MED'}, {'CARD_WITHDRAWAL_D_GAP_MED'}]",0.37508783792717515,240,0.8924444444444445,0.9694829047753603,3600
"[{'CARD_WITHDRAWAL_D_GAP_SHORT'}, {'CARD_WITHDRAWAL_D_GAP_SHORT'}, {'CARD_WITHDRAWAL_D_GAP_SHORT'}, {'CARD_WITHDRAWAL_D_GAP_SHORT'}, {'CARD_WITHDRAWAL_C_GAP_MED'}, {'CARD_WITHDRAWAL_D_GAP_MED'}]",0.37482307755049904,459,0.8910034602076125,0.9694829047753603,3600
"[{'CARD_WITHDRAWAL_D_GAP_MED'}, {'CARD_WITHDRAWAL_C_GAP_MED'}, {'CARD_WITHDRAWAL_D_GAP_MED'}, {'CARD_WITHDRAWAL_A_GAP_SHORT'}, {'CARD_WITHDRAWAL_C_GAP_MED'}]",0.374773455998762,861,0.9135633551457465,0.9694829047753603,3600
"[{'CARD_WITHDRAWAL_D_GAP_SHORT'}, {'CARD_WITHDRAWAL_C_GAP_SHORT'}, {'CARD_WITHDRAWAL_D_GAP_MED'}, {'CARD_WITHDRAWAL_D_GAP_MED'}, {'CARD_WITHDRAWAL_D_GAP_SHORT'}, {'CARD_WITHDRAWAL_D_GAP_SHORT'}]",0.37415046478697,361,0.8862745098039215,0.9694829047753603,3600
"[{'PROFILE_REGION_LOW_CRIME', 'PROFILE_OLD_MALE', 'PROFILE_REGION_LOW_INCOME'}, {'DEPOSIT_A_GAP_SHORT'}, {'CARD_WITHDRAWAL_B_GAP_LONG'}, {'CARD_WITHDRAWAL_B_GAP_LONG'}]",0.37405957398906875,243,0.9164648910411622,0.9694829047753603,3600
"[{'CARD_WITHDRAWAL_D_GAP_SHORT'}, {'CARD_WITHDRAWAL_D_GAP_MED'}, {'CARD_WITHDRAWAL_D_GAP_MED'}, {'CARD_WITHDRAWAL_D_GAP_MED'}, {'CARD_WITHDRAWAL_D_GAP_MED'}, {'CARD_WITHDRAWAL_D_GAP_SHORT'}, {'CARD_WITHDRAWAL_C_GAP_MED'}, {'CARD_WITHDRAWAL_D_GAP_MED'}, {'CARD_WITHDRAWAL_D_GAP_SHORT'}]",0.3727944240053873,216,0.8461165048543688,0.9694829047753603,3600
"[{'CARD_WITHDRAWAL_D_GAP_MED'}, {'CARD_WITHDRAWAL_D_GAP_MED'}, {'CARD_WITHDRAWAL_C_GAP_MED'}, {'CARD_WITHDRAWAL_D_GAP_MED'}, {'CARD_WITHDRAWAL_D_GAP_SHORT'}]",0.37203604786511235,892,0.9145539906103286,0.9694829047753603,3600
"[{'PROFILE_REGION_LOW_INCOME', 'PROFILE_REGION_LOW_CRIME', 'PROFILE_OLD_MALE', 'PROFILE_REGION_LOW_EDU'}, {'CARD_WITHDRAWAL_B_GAP_MED'}, {'CARD_WITHDRAWAL_B_GAP_MED'}, {'CARD_WITHDRAWAL_B_GAP_MED'}, {'CARD_WITHDRAWAL_B_GAP_LONG'}]",0.371822577709621,112,0.8772727272727273,0.9694829047753603,3600
"[{'CARD_WITHDRAWAL_A_GAP_SHORT'}, {'CARD_WITHDRAWAL_C_GAP_MED'}, {'CARD_WITHDRAWAL_C_GAP_MED'}, {'CARD_WITHDRAWAL_C_GAP_MED'}, {'CARD_WITHDRAWAL_A_GAP_SHORT'}]",0.37116571045762237,870,0.9143703703703703,0.9694829047753603,3600
"[{'CARD_WITHDRAWAL_C_GAP_MED'}, {'TRANSFER_B_GAP_MED'}, {'TRANSFER_B_GAP_MED'}, {'CARD_WITHDRAWAL_C_GAP_SHORT'}, {'TRANSFER_B_GAP_SHORT'}]",0.3709703500626569,259,0.8949203187250996,0.9694829047753603,3600
"[{'PROFILE_REGION_HIGH_EDU'}, {'CARD_WITHDRAWAL_D_GAP_MED'}, {'TRANSFER_B_GAP_MED'}, {'CARD_WITHDRAWAL_C_GAP_MED'}]",0.370550593049073,272,0.9191919191919192,0.9694829047753603,3600
"[{'CARD_WITHDRAWAL_D_GAP_MED'}, {'CARD_WITHDRAWAL_C_GAP_MED'}, {'CARD_WITHDRAWAL_D_GAP_MED'}, {'CARD_WITHDRAWAL_D_GAP_MED'}, {'CARD_WITHDRAWAL_D_GAP_MED'}]",0.37000739576123687,1033,0.9168915879442194,0.9694829047753603,3600
"[{'CARD_WITHDRAWAL_C_GAP_MED'}, {'CARD_WITHDRAWAL_C_GAP_SHORT'}, {'CARD_WITHDRAWAL_C_GAP_MED'}, {'CARD_WITHDRAWAL_C_GAP_MED'}, {'CARD_WITHDRAWAL_C_GAP_MED'}]",0.36992135473612175,542,0.9077078467268481,0.9694829047753603,3600
"[{'PROFILE_REGION_LOW_CRIME', 'PROFILE_REGION_LOW_INCOME'}, {'DEPOSIT_C_GAP_LONG'}, {'CARD_WITHDRAWAL_C_GAP_LONG'}, {'CARD_WITHDRAWAL_C_GAP_MED'}]",0.3696784622698581,169,0.9131944444444444,0.9694829047753603,3600
"[{'DEPOSIT_C_GAP_LONG'}, {'CARD_WITHDRAWAL_D_GAP_MED'}, {'CARD_WITHDRAWAL_B_GAP_MED'}, {'CARD_WITHDRAWAL_C_GAP_MED'}, {'CARD_WITHDRAWAL_D_GAP_SHORT'}, {'CARD_WITHDRAWAL_D_GAP_SHORT'}]",0.3696300752311732,165,0.8693333333333333,0.9694829047753603,3600
"[{'PROFILE_REGION_LOW_INCOME', 'PROFILE_REGION_LOW_CRIME', 'PROFILE_REGION_LOW_EDU'}, {'CARD_WITHDRAWAL_B_GAP_MED'}, {'CARD_WITHDRAWAL_A_GAP_SHORT'}, {'CARD_WITHDRAWAL_C_GAP_MED'}]",0.369556195872803,236,0.9177489177489178,0.9694829047753603,3600
"[{'CARD_WITHDRAWAL_A_GAP_SHORT'}, {'CARD_WITHDRAWAL_C_GAP_SHORT'}, {'CARD_WITHDRAWAL_D_GAP_LONG'}, {'CARD_WITHDRAWAL_B_GAP_SHORT'}, {'CARD_WITHDRAWAL_C_GAP_SHORT'}]",0.36949105397315685,186,0.8888888888888888,0.9694829047753603,3600
"[{'CARD_WITHDRAWAL_D_GAP_SHORT'}, {'CARD_WITHDRAWAL_D_GAP_SHORT'}, {'CARD_WITHDRAWAL_D_GAP_MED'}, {'CARD_WITHDRAWAL_D_GAP_SHORT'}, {'CARD_WITHDRAWAL_C_GAP_MED'}]",0.3692846599873275,572,0.9086654478976234,0.9694829047753603,3600
"[{'CARD_WITHDRAWAL_D_GAP_MED'}, {'CARD_WITHDRAWAL_D_GAP_SHORT'}, {'CARD_WITHDRAWAL_C_GAP_SHORT'}, {'CARD_WITHDRAWAL_C_GAP_MED'}, {'CARD_WITHDRAWAL_B_GAP_MED'}, {'CARD_WITHDRAWAL_D_GAP_MED'}]",0.36915159818924115,416,0.890093537414966,0.9694829047753603,3600
"[{'PROFILE_REGION_HIGH_EDU'}, {'DEPOSIT_C_GAP_MED'}, {'CARD_WITHDRAWAL_C_GAP_SHORT'}, {'CARD_WITHDRAWAL_C_GAP_SHORT'}]",0.36876658094329096,191,0.9152542372881356,0.9694829047753603,3600
"[{'CARD_WITHDRAWAL_D_GAP_LONG'}, {'CARD_WITHDRAWAL_C_GAP_MED'}, {'CARD_WITHDRAWAL_C_GAP_MED'}, {'CARD_WITHDRAWAL_C_GAP_MED'}, {'CARD_WITHDRAWAL_D_GAP_MED'}, {'CARD_WITHDRAWAL_C_GAP_SHORT'}]",0.3687179782106085,372,0.8879261363636364,0.9694829047753603,3600
"[{'CARD_WITHDRAWAL_C_GAP_MED'}, {'CARD_WITHDRAWAL_D_GAP_MED'}, {'CARD_WITHDRAWAL_C_GAP_MED'}, {'CARD_WITHDRAWAL_C_GAP_MED'}, {'DEPOSIT_C_GAP_MED'}]",0.3684539355507721,245,0.8945178658835047,0.9694829047753603,3600
"[{'CARD_WITHDRAWAL_C_GAP_SHORT'}, {'CARD_WITHDRAWAL_C_GAP_SHORT'}, {'CARD_WITHDRAWAL_D_GAP_SHORT'}, {'CARD_WITHDRAWAL_D_GAP_SHORT'}, {'CARD_WITHDRAWAL_C_GAP_MED'}]",0.3681868037322401,275,0.8967181467181466,0.9694829047753603,3600
"[{'CARD_WITHDRAWAL_C_GAP_MED'}, {'CARD_WITHDRAWAL_D_GAP_MED'}, {'CARD_WITHDRAWAL_A_GAP_SHORT'}, {'CARD_WITHDRAWAL_D_GAP_MED'}, {'CARD_WITHDRAWAL_A_GAP_SHORT'}]",0.36716476930309083,956,0.9163800463471155,0.9694829047753603,3600
"[{'PROFILE_REGION_HIGH_EDU'}, {'DEPOSIT_A_GAP_SHORT'}, {'CARD_WITHDRAWAL_B_GAP_LONG'}, {'CARD_WITHDRAWAL_D_GAP_MED'}, {'CARD_WITHDRAWAL_D_GAP_LONG'}, {'CARD_WITHDRAWAL_C_GAP_MED'}, {'CARD_WITHDRAWAL_D_GAP_MED'}, {'CARD_WITHDRAWAL_D_GAP_SHORT'}, {'CARD_WITHDRAWAL_D_GAP_SHORT'}, {'CARD_WITHDRAWAL_C_GAP_MED'}]",0.36710231958605277,37,0.76875,0.9694829047753603,3600
"[{'CARD_WITHDRAWAL_C_GAP_MED'}, {'CARD_WITHDRAWAL_D_GAP_MED'}, {'CARD_WITHDRAWAL_D_GAP_SHORT'}, {'CARD_WITHDRAWAL_D_GAP_MED'}, {'CARD_WITHDRAWAL_D_GAP_MED'}]",0.36693319746574304,742,0.9129521115376844,0.9694829047753603,3600
"[{'CARD_WITHDRAWAL_D_GAP_MED'}, {'CARD_WITHDRAWAL_D_GAP_SHORT'}, {'CARD_WITHDRAWAL_D_GAP_MED'}, {'CARD_WITHDRAWAL_D_GAP_SHORT'}, {'CARD_WITHDRAWAL_C_GAP_MED'}, {'CARD_WITHDRAWAL_D_GAP_SHORT'}]",0.3667580006843888,456,0.8923295454545455,0.9694829047753603,3600
"[{'CARD_WITHDRAWAL_D_GAP_LONG'}, {'CARD_WITHDRAWAL_D_GAP_SHORT'}, {'CARD_WITHDRAWAL_B_GAP_SHORT'}, {'CARD_WITHDRAWAL_C_GAP_MED'}, {'CARD_WITHDRAWAL_D_GAP_MED'}]",0.3656175388487497,501,0.9074033631797336,0.9694829047753603,3600
"[{'CARD_WITHDRAWAL_D_GAP_MED'}, {'CARD_WITHDRAWAL_D_GAP_MED'}, {'CARD_WITHDRAWAL_A_GAP_SHORT'}, {'CARD_WITHDRAWAL_D_GAP_SHORT'}, {'CARD_WITHDRAWAL_D_GAP_MED'}, {'CARD_WITHDRAWAL_D_GAP_MED'}, {'CARD_WITHDRAWAL_D_GAP_SHORT'}]",0.3649460734379364,506,0.8849288168875797,0.9694829047753603,3600
"[{'DEPOSIT_A_GAP_SHORT'}, {'CARD_WITHDRAWAL_D_GAP_LONG'}, {'CARD_WITHDRAWAL_D_GAP_MED'}, {'CARD_WITHDRAWAL_C_GAP_MED'}, {'CARD_WITHDRAWAL_C_GAP_MED'}, {'CARD_WITHDRAWAL_C_GAP_MED'}, {'CARD_WITHDRAWAL_B_GAP_MED'}, {'CARD_WITHDRAWAL_C_GAP_MED'}, {'CARD_WITHDRAWAL_D_GAP_SHORT'}, {'CARD_WITHDRAWAL_D_GAP_SHORT'}]",0.3648154740874231,92,0.810077519379845,0.9694829047753603,3600
"[{'PROFILE_REGION_HIGH_INCOME', 'PROFILE_REGION_HIGH_CRIME'}, {'CARD_WITHDRAWAL_C_GAP_LONG'}, {'CARD_WITHDRAWAL_C_GAP_MED'}, {'CARD_WITHDRAWAL_C_GAP_SHORT'}, {'CARD_WITHDRAWAL_C_GAP_MED'}, {'CARD_WITHDRAWAL_D_GAP_MED'}, {'CARD_WITHDRAWAL_D_GAP_SHORT'}]",0.3644411038084987,117,0.8476635514018692,0.9694829047753603,3600
"[{'CARD_WITHDRAWAL_D_GAP_LONG'}, {'CARD_WITHDRAWAL_D_GAP_LONG'}, {'CARD_WITHDRAWAL_A_GAP_SHORT'}, {'CARD_WITHDRAWAL_C_GAP_MED'}, {'CARD_WITHDRAWAL_D_GAP_MED'}, {'CARD_WITHDRAWAL_B_GAP_MED'}, {'CARD_WITHDRAWAL_D_GAP_MED'}, {'CARD_WITHDRAWAL_D_GAP_LONG'}, {'CARD_WITHDRAWAL_C_GAP_SHORT'}, {'CARD_WITHDRAWAL_C_GAP_MED'}]",0.3642030603522328,51,0.7848837209302326,0.9694829047753603,3600
"[{'CARD_WITHDRAWAL_D_GAP_SHORT'}, {'CARD_WITHDRAWAL_D_GAP_MED'}, {'CARD_WITHDRAWAL_C_GAP_MED'}, {'CARD_WITHDRAWAL_D_GAP_MED'}, {'CARD_WITHDRAWAL_C_GAP_SHORT'}]",0.36352951267803335,490,0.907512825918898,0.9694829047753603,3600
"[{'CARD_WITHDRAWAL_D_GAP_SHORT'}, {'CARD_WITHDRAWAL_D_GAP_MED'}, {'CARD_WITHDRAWAL_D_GAP_SHORT'}, {'CARD_WITHDRAWAL_D_GAP_MED'}, {'CARD_WITHDRAWAL_D_GAP_MED'}]",0.36267556704684023,758,0.9140840220385674,0.9694829047753603,3600
"[{'PROFILE_REGION_LOW_CRIME'}, {'CARD_WITHDRAWAL_D_GAP_SHORT'}, {'CARD_WITHDRAWAL_D_GAP_LONG'}, {'CARD_WITHDRAWAL_B_GAP_LONG'}, {'CARD_WITHDRAWAL_D_GAP_SHORT'}, {'CARD_WITHDRAWAL_D_GAP_MED'}, {'CARD_WITHDRAWAL_A_GAP_SHORT'}, {'TRANSFER_B_GAP_SHORT'}]",0.36184600537646605,24,0.7727272727272727,0.9694829047753603,3600
"[{'CARD_WITHDRAWAL_D_GAP_SHORT'}, {'CARD_WITHDRAWAL_D_GAP_SHORT'}, {'CARD_WITHDRAWAL_D_GAP_MED'}, {'CARD_WITHDRAWAL_D_GAP_MED'}, {'CARD_WITHDRAWAL_B_GAP_MED'}]",0.3617060773695848,716,0.9134826526130873,0.9694829047753603,3600
"[{'PROFILE_REGION_HIGH_EDU'}, {'CARD_WITHDRAWAL_D_GAP_LONG'}, {'CARD_WITHDRAWAL_C_GAP_SHORT'}, {'CARD_WITHDRAWAL_C_GAP_MED'}, {'CARD_WITHDRAWAL_A_GAP_SHORT'}, {'CARD_WITHDRAWAL_C_GAP_MED'}]",0.3610458450251527,240,0.8801301301301301,0.9694829047753603,3600
"[{'PROFILE_REGION_LOW_EDU'}, {'DEPOSIT_C_GAP_LONG'}, {'CARD_WITHDRAWAL_C_GAP_MED'}, {'CARD_WITHDRAWAL_A_GAP_SHORT'}, {'CARD_WITHDRAWAL_A_GAP_MED'}]",0.36062972044005526,203,0.8930348258706468,0.9694829047753603,3600
"[{'PROFILE_REGION_LOW_CRIME', 'PROFILE_REGION_LOW_INCOME'}, {'CARD_WITHDRAWAL_C_GAP_MED'}, {'CARD_WITHDRAWAL_C_GAP_MED'}, {'CARD_WITHDRAWAL_A_GAP_SHORT'}, {'CARD_WITHDRAWAL_C_GAP_MED'}, {'CARD_WITHDRAWAL_B_GAP_MED'}, {'CARD_WITHDRAWAL_A_GAP_SHORT'}, {'CARD_WITHDRAWAL_B_GAP_LONG'}, {'CARD_WITHDRAWAL_A_GAP_SHORT'}, {'CARD_WITHDRAWAL_B_GAP_LONG'}]",0.3599409718772789,58,0.7916666666666667,0.9694829047753603,3600
"[{'CARD_WITHDRAWAL_C_GAP_MED'}, {'CARD_WITHDRAWAL_C_GAP_MED'}, {'CARD_WITHDRAWAL_C_GAP_MED'}, {'CARD_WITHDRAWAL_D_GAP_MED'}, {'CARD_WITHDRAWAL_C_GAP_SHORT'}]",0.359910399740192,570,0.9105790873746675,0.9694829047753603,3600
"[{'CARD_WITHDRAWAL_C_GAP_MED'}, {'CARD_WITHDRAWAL_D_GAP_MED'}, {'CARD_WITHDRAWAL_C_GAP_MED'}, {'CARD_WITHDRAWAL_C_GAP_MED'}, {'CARD_WITHDRAWAL_C_GAP_MED'}, {'CARD_WITHDRAWAL_D_GAP_MED'}]",0.3599045349347896,565,0.8975474205630058,0.9694829047753603,3600
"[{'CARD_WITHDRAWAL_A_GAP_SHORT'}, {'CARD_WITHDRAWAL_D_GAP_MED'}, {'CARD_WITHDRAWAL_C_GAP_MED'}, {'CARD_WITHDRAWAL_A_GAP_SHORT'}, {'CARD_WITHDRAWAL_C_GAP_MED'}, {'CARD_WITHDRAWAL_C_GAP_MED'}, {'CARD_WITHDRAWAL_D_GAP_MED'}]",0.35952332539361165,440,0.8828125,0.9694829047753603,3600
"[{'CARD_WITHDRAWAL_C_GAP_MED'}, {'CARD_WITHDRAWAL_C_GAP_SHORT'}, {'CARD_WITHDRAWAL_C_GAP_SHORT'}, {'CARD_WITHDRAWAL_C_GAP_MED'}, {'CARD_WITHDRAWAL_B_GAP_MED'}]",0.3579907425272709,422,0.9064244151525948,0.9694829047753603,3600
"[{'PROFILE_REGION_HIGH_EDU'}, {'DEPOSIT_A_GAP_SHORT'}, {'CARD_WITHDRAWAL_D_GAP_MED'}, {'CARD_WITHDRAWAL_A_GAP_SHORT'}, {'CARD_WITHDRAWAL_C_GAP_LONG'}, {'CARD_WITHDRAWAL_B_GAP_MED'}, {'CARD_WITHDRAWAL_B_GAP_SHORT'}, {'CARD_WITHDRAWAL_C_GAP_SHORT'}]",0.35799053360492317,72,0.8208955223880596,0.9694829047753603,3600
"[{'CARD_WITHDRAWAL_D_GAP_MED'}, {'CARD_WITHDRAWAL_D_GAP_MED'}, {'CARD_WITHDRAWAL_C_GAP_MED'}, {'CARD_WITHDRAWAL_A_GAP_SHORT'}, {'CARD_WITHDRAWAL_D_GAP_LONG'}]",0.35787116660439167,711,0.9141589180050718,0.9694829047753603,3600
"[{'CARD_WITHDRAWAL_D_GAP_LONG'}, {'CARD_WITHDRAWAL_D_GAP_LONG'}, {'CARD_WITHDRAWAL_D_GAP_MED'}, {'CARD_WITHDRAWAL_D_GAP_SHORT'}, {'CARD_WITHDRAWAL_C_GAP_MED'}, {'CARD_WITHDRAWAL_D_GAP_SHORT'}]",0.35782987710377334,412,0.8920327624720774,0.9694829047753603,3600
"[{'CARD_WITHDRAWAL_D_GAP_MED'}, {'CARD_WITHDRAWAL_D_GAP_MED'}, {'CARD_WITHDRAWAL_C_GAP_MED'}, {'CARD_WITHDRAWAL_D_GAP_SHORT'}, {'CARD_WITHDRAWAL_D_GAP_MED'}, {'CARD_WITHDRAWAL_D_GAP_MED'}]",0.3577986903457797,637,0.9000319386777387,0.9694829047753603,3600
"[{'CARD_WITHDRAWAL_D_GAP_SHORT'}, {'CARD_WITHDRAWAL_D_GAP_SHORT'}, {'CARD_WITHDRAWAL_D_GAP_SHORT'}, {'CARD_WITHDRAWAL_C_GAP_MED'}, {'CARD_WITHDRAWAL_C_GAP_SHORT'}, {'CARD_WITHDRAWAL_D_GAP_MED'}]",0.35743408691946177,329,0.88763197586727,0.9694829047753603,3600
"[{'CARD_WITHDRAWAL_C_GAP_MED'}, {'CARD_WITHDRAWAL_C_GAP_MED'}, {'CARD_WITHDRAWAL_C_GAP_SHORT'}, {'CARD_WITHDRAWAL_A_GAP_SHORT'}, {'CARD_WITHDRAWAL_B_GAP_MED'}]",0.35729629175901845,691,0.9138807429130009,0.9694829047753603,3600
"[{'CARD_WITHDRAWAL_C_GAP_MED'}, {'CARD_WITHDRAWAL_D_GAP_MED'}, {'CARD_WITHDRAWAL_D_GAP_MED'}, {'CARD_WITHDRAWAL_C_GAP_MED'}, {'CARD_WITHDRAWAL_A_GAP_SHORT'}]",0.3571461498790919,871,0.9170364891518739,0.9694829047753603,3600
"[{'CARD_WITHDRAWAL_D_GAP_MED'}, {'CARD_WITHDRAWAL_C_GAP_MED'}, {'CARD_WITHDRAWAL_D_GAP_MED'}, {'CARD_WITHDRAWAL_D_GAP_SHORT'}, {'CARD_WITHDRAWAL_D_GAP_LONG'}, {'CARD_WITHDRAWAL_A_GAP_SHORT'}]",0.35682732328754496,482,0.8951965065502183,0.9694829047753603,3600
"[{'CARD_WITHDRAWAL_D_GAP_MED'}, {'CARD_WITHDRAWAL_D_GAP_MED'}, {'CARD_WITHDRAWAL_A_GAP_SHORT'}, {'CARD_WITHDRAWAL_C_GAP_MED'}, {'CARD_WITHDRAWAL_C_GAP_MED'}, {'CARD_WITHDRAWAL_C_GAP_MED'}]",0.3567936145773807,690,0.9015746551918523,0.9694829047753603,3600
"[{'CARD_WITHDRAWAL_D_GAP_MED'}, {'CARD_WITHDRAWAL_D_GAP_SHORT'}, {'CARD_WITHDRAWAL_D_GAP_MED'}, {'CARD_WITHDRAWAL_D_GAP_LONG'}, {'CARD_WITHDRAWAL_D_GAP_SHORT'}]",0.35649687146490794,549,0.910763358778626,0.9694829047753603,3600
"[{'CARD_WITHDRAWAL_D_GAP_MED'}, {'CARD_WITHDRAWAL_A_GAP_SHORT'}, {'CARD_WITHDRAWAL_D_GAP_MED'}, {'CARD_WITHDRAWAL_B_GAP_MED'}, {'CARD_WITHDRAWAL_C_GAP_SHORT'}]",0.3564602512722712,720,0.9146193952033368,0.9694829047753603,3600
"[{'PROFILE_OLD_FEMALE'}, {'CARD_WITHDRAWAL_D_GAP_MED'}, {'CARD_WITHDRAWAL_D_GAP_MED'}, {'CARD_WITHDRAWAL_D_GAP_SHORT'}, {'CARD_WITHDRAWAL_C_GAP_MED'}, {'CARD_WITHDRAWAL_C_GAP_MED'}]",0.3562546087400873,324,0.8875576036866359,0.9694829047753603,3600
"[{'CARD_WITHDRAWAL_D_GAP_MED'}, {'CARD_WITHDRAWAL_D_GAP_LONG'}, {'CARD_WITHDRAWAL_D_GAP_MED'}, {'CARD_WITHDRAWAL_D_GAP_MED'}, {'CARD_WITHDRAWAL_C_GAP_MED'}]",0.35585136975473275,685,0.9140574037834311,0.9694829047753603,3600
"[{'CARD_WITHDRAWAL_C_GAP_SHORT'}, {'CARD_WITHDRAWAL_D_GAP_SHORT'}, {'CARD_WITHDRAWAL_C_GAP_MED'}, {'CARD_WITHDRAWAL_C_GAP_MED'}, {'CARD_WITHDRAWAL_C_GAP_MED'}]",0.3556618458080154,410,0.9065135895032803,0.9694829047753603,3600
"[{'CARD_WITHDRAWAL_D_GAP_MED'}, {'CARD_WITHDRAWAL_C_GAP_MED'}, {'CARD_WITHDRAWAL_C_GAP_MED'}, {'CARD_WITHDRAWAL_C_GAP_MED'}, {'CARD_WITHDRAWAL_C_GAP_MED'}]",0.35565175053579723,866,0.9172518159806297,0.9694829047753603,3600
"[{'CARD_WITHDRAWAL_D_GAP_MED'}, {'CARD_WITHDRAWAL_C_GAP_MED'}, {'CARD_WITHDRAWAL_C_GAP_SHORT'}, {'CARD_WITHDRAWAL_D_GAP_MED'}, {'CARD_WITHDRAWAL_D_GAP_MED'}]",0.3555940031064396,650,0.9133798543689321,0.9694829047753603,3600
"[{'CARD_WITHDRAWAL_D_GAP_MED'}, {'CARD_WITHDRAWAL_C_GAP_SHORT'}, {'CARD_WITHDRAWAL_B_GAP_MED'}, {'CARD_WITHDRAWAL_B_GAP_LONG'}, {'CARD_WITHDRAWAL_C_GAP_MED'}]",0.3554014474555567,452,0.9080901177675371,0.9694829047753603,3600
"[{'CARD_WITHDRAWAL_C_GAP_MED'}, {'CARD_WITHDRAWAL_C_GAP_MED'}, {'CARD_WITHDRAWAL_C_GAP_MED'}, {'CARD_WITHDRAWAL_C_GAP_MED'}, {'CARD_WITHDRAWAL_A_GAP_SHORT'}, {'CARD_WITHDRAWAL_C_GAP_MED'}]",0.35515757937523695,590,0.8991505791505792,0.9694829047753603,3600
"[{'CARD_WITHDRAWAL_C_GAP_MED'}, {'CARD_WITHDRAWAL_C_GAP_MED'}, {'CARD_WITHDRAWAL_D_GAP_SHORT'}, {'CARD_WITHDRAWAL_D_GAP_MED'}, {'CARD_WITHDRAWAL_B_GAP_SHORT'}, {'CARD_WITHDRAWAL_C_GAP_MED'}]",0.35496360683975525,272,0.8841698841698842,0.9694829047753603,3600
"[{'CARD_WITHDRAWAL_C_GAP_MED'}, {'CARD_WITHDRAWAL_C_GAP_LONG'}, {'DEPOSIT_D_GAP_MED'}, {'DEPOSIT_B_GAP_LONG'}]",0.3547997964100511,127,0.9159779614325069,0.9694829047753603,3600
"[{'CARD_WITHDRAWAL_C_GAP_SHORT'}, {'CARD_WITHDRAWAL_C_GAP_MED'}, {'CARD_WITHDRAWAL_C_GAP_MED'}, {'CARD_WITHDRAWAL_C_GAP_MED'}, {'CARD_WITHDRAWAL_C_GAP_MED'}]",0.35476551399274125,538,0.9108461486349164,0.9694829047753603,3600
"[{'CARD_WITHDRAWAL_D_GAP_LONG'}, {'CARD_WITHDRAWAL_D_GAP_MED'}, {'CARD_WITHDRAWAL_C_GAP_MED'}, {'CARD_WITHDRAWAL_C_GAP_MED'}, {'CARD_WITHDRAWAL_C_GAP_MED'}, {'CARD_WITHDRAWAL_A_GAP_SHORT'}]",0.35415157733004954,576,0.8989050014797277,0.9694829047753603,3600
"[{'CARD_WITHDRAWAL_D_GAP_MED'}, {'CARD_WITHDRAWAL_C_GAP_MED'}, {'CARD_WITHDRAWAL_D_GAP_LONG'}, {'CARD_WITHDRAWAL_C_GAP_MED'}, {'CARD_WITHDRAWAL_D_GAP_SHORT'}, {'CARD_WITHDRAWAL_A_GAP_SHORT'}, {'CARD_WITHDRAWAL_D_GAP_LONG'}]",0.3537462827686415,207,0.8659898477157361,0.9694829047753603,3600
"[{'PROFILE_MID_MALE', 'PROFILE_REGION_HIGH_CRIME'}, {'CARD_WITHDRAWAL_A_GAP_SHORT'}, {'CARD_WITHDRAWAL_D_GAP_LONG'}, {'CARD_WITHDRAWAL_D_GAP_LONG'}]",0.3537283872623487,29,0.8928571428571429,0.9694829047753603,3600
"[{'CARD_WITHDRAWAL_D_GAP_MED'}, {'CARD_WITHDRAWAL_C_GAP_MED'}, {'CARD_WITHDRAWAL_C_GAP_MED'}, {'CARD_WITHDRAWAL_B_GAP_SHORT'}, {'CARD_WITHDRAWAL_C_GAP_MED'}]",0.35334847195414465,714,0.915143673513397,0.9694829047753603,3600
"[{'CARD_WITHDRAWAL_D_GAP_MED'}, {'CARD_WITHDRAWAL_D_GAP_MED'}, {'CARD_WITHDRAWAL_C_GAP_MED'}, {'CARD_WITHDRAWAL_C_GAP_MED'}, {'CARD_WITHDRAWAL_C_GAP_MED'}]",0.3532414785026152,938,0.9187475639859686,0.9694829047753603,3600
"[{'CARD_WITHDRAWAL_D_GAP_MED'}, {'CARD_WITHDRAWAL_D_GAP_SHORT'}, {'CARD_WITHDRAWAL_C_GAP_MED'}, {'CARD_WITHDRAWAL_C_GAP_SHORT'}, {'CARD_WITHDRAWAL_C_GAP_MED'}, {'CARD_WITHDRAWAL_C_GAP_MED'}]",0.3529932325911578,371,0.8909295352323838,0.9694829047753603,3600
"[{'CARD_WITHDRAWAL_D_GAP_MED'}, {'CARD_WITHDRAWAL_B_GAP_MED'}, {'CARD_WITHDRAWAL_D_GAP_SHORT'}, {'CARD_WITHDRAWAL_C_GAP_SHORT'}, {'CARD_WITHDRAWAL_B_GAP_SHORT'}]",0.35179903788226463,447,0.9087551299589604,0.9694829047753603,3600
"[{'CARD_WITHDRAWAL_D_GAP_MED'}, {'CARD_WITHDRAWAL_D_GAP_MED'}, {'CARD_WITHDRAWAL_C_GAP_MED'}, {'CARD_WITHDRAWAL_A_GAP_SHORT'}, {'CARD_WITHDRAWAL_C_GAP_MED'}]",0.35162945083800934,949,0.9192065097019597,0.9694829047753603,3600
"[{'CARD_WITHDRAWAL_D_GAP_LONG'}, {'CARD_WITHDRAWAL_D_GAP_MED'}, {'CARD_WITHDRAWAL_D_GAP_MED'}, {'CARD_WITHDRAWAL_C_GAP_SHORT'}, {'CARD_WITHDRAWAL_D_GAP_MED'}, {'CARD_WITHDRAWAL_C_GAP_MED'}]",0.35160473427235894,435,0.8942585357567523,0.9694829047753603,3600
"[{'CARD_WITHDRAWAL_D_GAP_MED'}, {'CARD_WITHDRAWAL_D_GAP_SHORT'}, {'CARD_WITHDRAWAL_C_GAP_SHORT'}, {'CARD_WITHDRAWAL_D_GAP_MED'}, {'CARD_WITHDRAWAL_C_GAP_MED'}]",0.3514321037003948,543,0.9117198335644937,0.9694829047753603,3600
"[{'CARD_WITHDRAWAL_D_GAP_MED'}, {'CARD_WITHDRAWAL_D_GAP_MED'}, {'CARD_WITHDRAWAL_D_GAP_MED'}, {'CARD_WITHDRAWAL_D_GAP_MED'}, {'CARD_WITHDRAWAL_D_GAP_SHORT'}, {'CARD_WITHDRAWAL_D_GAP_SHORT'}]",0.3513603312967808,866,0.9061934401624508,0.9694829047753603,3600
"[{'CARD_WITHDRAWAL_B_GAP_MED'}, {'CARD_WITHDRAWAL_C_GAP_MED'}, {'CARD_WITHDRAWAL_C_GAP_MED'}, {'CARD_WITHDRAWAL_C_GAP_MED'}, {'DEPOSIT_C_GAP_MED'}]",0.35110097281543196,303,0.9027355623100304,0.9694829047753603,3600
"[{'CARD_WITHDRAWAL_C_GAP_MED'}, {'CARD_WITHDRAWAL_D_GAP_MED'}, {'CARD_WITHDRAWAL_A_GAP_SHORT'}, {'CARD_WITHDRAWAL_C_GAP_MED'}, {'CARD_WITHDRAWAL_C_GAP_MED'}, {'CARD_WITHDRAWAL_C_GAP_MED'}, {'CARD_WITHDRAWAL_C_GAP_MED'}]",0.3502738377843173,390,0.8817461075556405,0.9694829047753603,3600
"[{'CARD_WITHDRAWAL_C_GAP_MED'}, {'CARD_WITHDRAWAL_D_GAP_MED'}, {'CARD_WITHDRAWAL_C_GAP_MED'}, {'CARD_WITHDRAWAL_A_GAP_SHORT'}, {'CARD_WITHDRAWAL_C_GAP_MED'}]",0.349990040426544,808,0.9174752425727718,0.9694829047753603,3600
"[{'PROFILE_OLD_FEMALE'}, {'CARD_WITHDRAWAL_C_GAP_SHORT'}, {'CARD_WITHDRAWAL_C_GAP_SHORT'}, {'CARD_WITHDRAWAL_B_GAP_MED'}, {'CARD_WITHDRAWAL_C_GAP_MED'}]",0.34959190819777464,249,0.899789029535865,0.9694829047753603,3600
"[{'CARD_WITHDRAWAL_C_GAP_MED'}, {'CARD_WITHDRAWAL_D_GAP_MED'}, {'CARD_WITHDRAWAL_D_GAP_MED'}, {'CARD_WITHDRAWAL_D_GAP_MED'}, {'CARD_WITHDRAWAL_D_GAP_LONG'}, {'CARD_WITHDRAWAL_C_GAP_SHORT'}]",0.3493674772321421,339,0.8898766848293662,0.9694829047753603,3600
"[{'CARD_WITHDRAWAL_D_GAP_MED'}, {'CARD_WITHDRAWAL_D_GAP_LONG'}, {'CARD_WITHDRAWAL_D_GAP_MED'}, {'CARD_WITHDRAWAL_C_GAP_MED'}, {'CARD_WITHDRAWAL_C_GAP_MED'}, {'CARD_WITHDRAWAL_C_GAP_MED'}, {'CARD_WITHDRAWAL_D_GAP_MED'}]",0.3491629159144739,359,0.8801070724147647,0.9694829047753603,3600
"[{'PROFILE_REGION_LOW_INCOME'}, {'CARD_WITHDRAWAL_A_GAP_SHORT'}, {'CARD_WITHDRAWAL_C_GAP_MED'}, {'CARD_WITHDRAWAL_B_GAP_SHORT'}, {'CARD_WITHDRAWAL_C_GAP_MED'}, {'CARD_WITHDRAWAL_C_GAP_MED'}]",0.34849718181855716,275,0.8857897827363477,0.9694829047753603,3600
"[{'CARD_WITHDRAWAL_C_GAP_MED'}, {'CARD_WITHDRAWAL_C_GAP_MED'}, {'CARD_WITHDRAWAL_D_GAP_MED'}, {'CARD_WITHDRAWAL_D_GAP_MED'}, {'CARD_WITHDRAWAL_D_GAP_MED'}]",0.34819951802583204,896,0.9191574664153428,0.9694829047753603,3600
"[{'CARD_WITHDRAWAL_D_GAP_LONG'}, {'CARD_WITHDRAWAL_C_GAP_MED'}, {'CARD_WITHDRAWAL_D_GAP_MED'}, {'CARD_WITHDRAWAL_D_GAP_MED'}, {'CARD_WITHDRAWAL_D_GAP_MED'}]",0.34767273696784984,883,0.9190786531212063,0.9694829047753603,3600
"[{'CARD_WITHDRAWAL_D_GAP_SHORT'}, {'CARD_WITHDRAWAL_D_GAP_SHORT'}, {'CARD_WITHDRAWAL_D_GAP_SHORT'}, {'CARD_WITHDRAWAL_A_GAP_SHORT'}, {'CARD_WITHDRAWAL_C_GAP_MED'}]",0.34764954959916916,609,0.9141780821917809,0.9694829047753603,3600
"[{'DEPOSIT_A_GAP_SHORT'}, {'CARD_WITHDRAWAL_C_GAP_MED'}, {'CARD_WITHDRAWAL_C_GAP_MED'}, {'CARD_WITHDRAWAL_C_GAP_LONG'}, {'CARD_WITHDRAWAL_C_GAP_MED'}]",0.34753071955518333,500,0.9114105263157894,0.9694829047753603,3600
"[{'DEPOSIT_A_GAP_SHORT'}, {'CARD_WITHDRAWAL_C_GAP_MED'}, {'CARD_WITHDRAWAL_C_GAP_MED'}, {'CARD_WITHDRAWAL_C_GAP_MED'}, {'CARD_WITHDRAWAL_D_GAP_MED'}]",0.34747314768151993,820,0.918177967733241,0.9694829047753603,3600
"[{'CARD_WITHDRAWAL_D_GAP_MED'}, {'CARD_WITHDRAWAL_D_GAP_MED'}, {'CARD_WITHDRAWAL_D_GAP_MED'}, {'CARD_WITHDRAWAL_D_GAP_SHORT'}, {'CARD_WITHDRAWAL_D_GAP_SHORT'}, {'CARD_WITHDRAWAL_D_GAP_SHORT'}]",0.3470106692558038,761,0.9048426606368947,0.9694829047753603,3600
"[{'CARD_WITHDRAWAL_B_GAP_SHORT'}, {'CARD_WITHDRAWAL_C_GAP_MED'}, {'CARD_WITHDRAWAL_C_GAP_SHORT'}, {'CARD_WITHDRAWAL_C_GAP_MED'}, {'CARD_WITHDRAWAL_C_GAP_MED'}, {'CARD_WITHDRAWAL_C_GAP_MED'}]",0.3468229997064727,253,0.8843971631205674,0.9694829047753603,3600
"[{'PROFILE_REGION_HIGH_EDU', 'PROFILE_OLD_FEMALE', 'PROFILE_REGION_HIGH_CRIME'}, {'CARD_WITHDRAWAL_A_GAP_SHORT'}, {'CARD_WITHDRAWAL_B_GAP_MED'}, {'CARD_WITHDRAWAL_B_GAP_MED'}, {'CARD_WITHDRAWAL_C_GAP_SHORT'}]",0.34659963937022054,108,0.8846153846153846,0.9694829047753603,3600
"[{'CARD_WITHDRAWAL_D_GAP_MED'}, {'CARD_WITHDRAWAL_D_GAP_MED'}, {'CARD_WITHDRAWAL_C_GAP_SHORT'}, {'CARD_WITHDRAWAL_C_GAP_MED'}, {'CARD_WITHDRAWAL_A_GAP_SHORT'}, {'CARD_WITHDRAWAL_C_GAP_MED'}, {'CARD_WITHDRAWAL_C_GAP_MED'}]",0.34656223254876606,336,0.8790849673202614,0.9694829047753603,3600
"[{'DEPOSIT_D_GAP_LONG'}, {'DEPOSIT_C_GAP_LONG'}, {'CARD_WITHDRAWAL_B_GAP_MED'}, {'CARD_WITHDRAWAL_A_GAP_SHORT'}, {'CARD_WITHDRAWAL_C_GAP_MED'}]",0.3465363969808192,365,0.9069059933069669,0.9694829047753603,3600
"[{'CARD_WITHDRAWAL_D_GAP_MED'}, {'CARD_WITHDRAWAL_C_GAP_MED'}, {'CARD_WITHDRAWAL_D_GAP_SHORT'}, {'CARD_WITHDRAWAL_D_GAP_SHORT'}, {'CARD_WITHDRAWAL_D_GAP_MED'}, {'CARD_WITHDRAWAL_D_GAP_MED'}]",0.345667590755092,535,0.8991372549019607,0.9694829047753603,3600
"[{'CARD_WITHDRAWAL_D_GAP_MED'}, {'CARD_WITHDRAWAL_C_GAP_MED'}, {'CARD_WITHDRAWAL_A_GAP_SHORT'}, {'CARD_WITHDRAWAL_C_GAP_MED'}, {'CARD_WITHDRAWAL_D_GAP_MED'}, {'CARD_WITHDRAWAL_D_GAP_SHORT'}, {'CARD_WITHDRAWAL_D_GAP_SHORT'}, {'CARD_WITHDRAWAL_D_GAP_SHORT'}]",0.34563868555788746,254,0.8632297551789077,0.9694829047753603,3600
"[{'CARD_WITHDRAWAL_D_GAP_MED'}, {'CARD_WITHDRAWAL_D_GAP_SHORT'}, {'CARD_WITHDRAWAL_D_GAP_SHORT'}, {'CARD_WITHDRAWAL_D_GAP_MED'}, {'CARD_WITHDRAWAL_D_GAP_SHORT'}]",0.3453840895763217,714,0.916814922637339,0.9694829047753603,3600
"[{'DEPOSIT_A_GAP_SHORT'}, {'CARD_WITHDRAWAL_A_GAP_SHORT'}, {'CARD_WITHDRAWAL_C_GAP_MED'}, {'CARD_WITHDRAWAL_C_GAP_SHORT'}, {'CARD_WITHDRAWAL_C_GAP_MED'}, {'CARD_WITHDRAWAL_B_GAP_MED'}, {'CARD_WITHDRAWAL_C_GAP_SHORT'}]",0.3452462358818963,232,0.8705766710353867,0.9694829047753603,3600
"[{'CARD_WITHDRAWAL_D_GAP_MED'}, {'CARD_WITHDRAWAL_C_GAP_MED'}, {'CARD_WITHDRAWAL_D_GAP_MED'}, {'CARD_WITHDRAWAL_C_GAP_MED'}, {'CARD_WITHDRAWAL_C_GAP_LONG'}]",0.3446835948392817,512,0.9124114521841795,0.9694829047753603,3600
"[{'CARD_WITHDRAWAL_D_GAP_MED'}, {'CARD_WITHDRAWAL_C_GAP_SHORT'}, {'CARD_WITHDRAWAL_C_GAP_SHORT'}, {'CARD_WITHDRAWAL_C_GAP_MED'}, {'CARD_WITHDRAWAL_A_GAP_SHORT'}]",0.3446049287929567,490,0.9117998453861831,0.9694829047753603,3600
"[{'PROFILE_REGION_HIGH_EDU', 'PROFILE_REGION_LOW_INCOME', 'PROFILE_REGION_HIGH_CRIME'}, {'DEPOSIT_A_GAP_SHORT'}, {'CARD_WITHDRAWAL_C_GAP_MED'}, {'CARD_WITHDRAWAL_C_GAP_MED'}]",0.34459864394435,106,0.919093851132686,0.9694829047753603,3600
"[{'DEPOSIT_C_GAP_MED'}, {'CARD_WITHDRAWAL_C_GAP_MED'}, {'CARD_WITHDRAWAL_C_GAP_LONG'}, {'CARD_WITHDRAWAL_A_GAP_SHORT'}, {'CARD_WITHDRAWAL_D_GAP_MED'}]",0.3445948361601987,186,0.895997478726757,0.9694829047753603,3600
"[{'CARD_WITHDRAWAL_A_GAP_SHORT'}, {'CARD_WITHDRAWAL_C_GAP_SHORT'}, {'CARD_WITHDRAWAL_A_GAP_SHORT'}, {'CARD_WITHDRAWAL_C_GAP_MED'}, {'CARD_WITHDRAWAL_C_GAP_MED'}, {'CARD_WITHDRAWAL_C_GAP_MED'}]",0.34444808870498367,398,0.8939802336028752,0.9694829047753603,3600
"[{'CARD_WITHDRAWAL_D_GAP_SHORT'}, {'CARD_WITHDRAWAL_C_GAP_MED'}, {'CARD_WITHDRAWAL_C_GAP_MED'}, {'CARD_WITHDRAWAL_C_GAP_MED'}, {'CARD_WITHDRAWAL_D_GAP_SHORT'}, {'CARD_WITHDRAWAL_D_GAP_MED'}, {'CARD_WITHDRAWAL_D_GAP_SHORT'}]",0.34425140881845484,253,0.8728902953586498,0.9694829047753603,3600
"[{'PROFILE_REGION_LOW_INCOME', 'PROFILE_REGION_LOW_EDU'}, {'DEPOSIT_D_GAP_LONG'}, {'DEPOSIT_C_GAP_LONG'}, {'CARD_WITHDRAWAL_B_GAP_LONG'}, {'CARD_WITHDRAWAL_B_GAP_LONG'}]",0.3433223339433572,61,0.8728813559322034,0.9694829047753603,3600
"[{'CARD_WITHDRAWAL_D_GAP_MED'}, {'CARD_WITHDRAWAL_D_GAP_MED'}, {'CARD_WITHDRAWAL_D_GAP_MED'}, {'CARD_WITHDRAWAL_D_GAP_MED'}, {'CARD_WITHDRAWAL_C_GAP_LONG'}, {'CARD_WITHDRAWAL_D_GAP_MED'}, {'CARD_WITHDRAWAL_D_GAP_SHORT'}, {'CARD_WITHDRAWAL_D_GAP_SHORT'}]",0.3429874453827295,258,0.8641129032258064,0.9694829047753603,3600
"[{'CARD_WITHDRAWAL_B_GAP_LONG'}, {'CARD_WITHDRAWAL_D_GAP_MED'}, {'CARD_WITHDRAWAL_C_GAP_SHORT'}, {'CARD_WITHDRAWAL_C_GAP_MED'}, {'CARD_WITHDRAWAL_C_GAP_MED'}]",0.3420580160412596,401,0.909468085106383,0.9694829047753603,3600
"[{'CARD_WITHDRAWAL_D_GAP_MED'}, {'CARD_WITHDRAWAL_D_GAP_MED'}, {'CARD_WITHDRAWAL_D_GAP_SHORT'}, {'CARD_WITHDRAWAL_D_GAP_MED'}, {'CARD_WITHDRAWAL_D_GAP_LONG'}, {'CARD_WITHDRAWAL_D_GAP_SHORT'}, {'CARD_WITHDRAWAL_D_GAP_MED'}]",0.3419065389096161,360,0.8814631887636981,0.9694829047753603,3600
"[{'DEPOSIT_D_GAP_LONG'}, {'CARD_WITHDRAWAL_D_GAP_MED'}, {'DEPOSIT_D_GAP_MED'}, {'DEPOSIT_D_GAP_SHORT'}, {'DEPOSIT_C_GAP_MED'}]",0.3418160272138646,374,0.9084745762711863,0.9694829047753603,3600
"[{'CARD_WITHDRAWAL_C_GAP_LONG'}, {'CARD_WITHDRAWAL_C_GAP_LONG'}, {'CARD_WITHDRAWAL_C_GAP_MED'}, {'CARD_WITHDRAWAL_C_GAP_MED'}, {'CARD_WITHDRAWAL_B_GAP_MED'}, {'CARD_WITHDRAWAL_A_GAP_SHORT'}, {'CARD_WITHDRAWAL_D_GAP_MED'}]",0.3415212410236568,221,0.8701219512195123,0.9694829047753603,3600
"[{'PROFILE_REGION_LOW_CRIME', 'PROFILE_REGION_LOW_INCOME'}, {'DEPOSIT_C_GAP_LONG'}, {'CARD_WITHDRAWAL_B_GAP_LONG'}, {'CARD_WITHDRAWAL_C_GAP_LONG'}, {'CARD_WITHDRAWAL_C_GAP_MED'}]",0.3412131795338579,107,0.8862745098039215,0.9694829047753603,3600
"[{'CARD_WITHDRAWAL_C_GAP_MED'}, {'CARD_WITHDRAWAL_D_GAP_MED'}, {'CARD_WITHDRAWAL_A_GAP_SHORT'}, {'CARD_WITHDRAWAL_C_GAP_MED'}, {'CARD_WITHDRAWAL_C_GAP_MED'}, {'CARD_WITHDRAWAL_C_GAP_MED'}, {'CARD_WITHDRAWAL_D_GAP_MED'}]",0.34110508249216076,401,0.8839451242120875,0.9694829047753603,3600
"[{'DEPOSIT_A_GAP_SHORT'}, {'CARD_WITHDRAWAL_C_GAP_MED'}, {'CARD_WITHDRAWAL_A_GAP_SHORT'}, {'CARD_WITHDRAWAL_C_GAP_MED'}, {'CARD_WITHDRAWAL_D_GAP_MED'}, {'CARD_WITHDRAWAL_A_GAP_SHORT'}, {'CARD_WITHDRAWAL_D_GAP_MED'}, {'CARD_WITHDRAWAL_D_GAP_LONG'}]",0.34110349382923255,267,0.8653439153439153,0.9694829047753603,3600
"[{'CARD_WITHDRAWAL_A_GAP_SHORT'}, {'CARD_WITHDRAWAL_C_GAP_MED'}, {'CARD_WITHDRAWAL_B_GAP_SHORT'}, {'CARD_WITHDRAWAL_C_GAP_MED'}, {'CARD_WITHDRAWAL_C_GAP_MED'}]",0.3410264906324847,613,0.915741615493623,0.9694829047753603,3600
"[{'PROFILE_OLD_FEMALE'}, {'CARD_WITHDRAWAL_A_GAP_SHORT'}, {'TRANSFER_B_GAP_SHORT'}, {'CARD_WITHDRAWAL_C_GAP_SHORT'}, {'CARD_WITHDRAWAL_C_GAP_SHORT'}, {'TRANSFER_B_GAP_SHORT'}, {'CARD_WITHDRAWAL_D_GAP_MED'}]",0.3410209407061989,26,0.8,0.9694829047753603,3600
"[{'CARD_WITHDRAWAL_D_GAP_MED'}, {'CARD_WITHDRAWAL_C_GAP_MED'}, {'CARD_WITHDRAWAL_C_GAP_MED'}, {'CARD_WITHDRAWAL_C_GAP_MED'}, {'CARD_WITHDRAWAL_C_GAP_SHORT'}]",0.34076730358990714,699,0.9175334323922735,0.9694829047753603,3600
"[{'CARD_WITHDRAWAL_D_GAP_MED'}, {'CARD_WITHDRAWAL_C_GAP_MED'}, {'CARD_WITHDRAWAL_B_GAP_MED'}, {'CARD_WITHDRAWAL_C_GAP_LONG'}, {'CARD_WITHDRAWAL_D_GAP_MED'}]",0.34060329749119544,504,0.9131459826480574,0.9694829047753603,3600
"[{'CARD_WITHDRAWAL_C_GAP_MED'}, {'CARD_WITHDRAWAL_C_GAP_MED'}, {'CARD_WITHDRAWAL_D_GAP_MED'}, {'CARD_WITHDRAWAL_D_GAP_MED'}, {'CARD_WITHDRAWAL_C_GAP_MED'}, {'CARD_WITHDRAWAL_D_GAP_MED'}]",0.34047834112420716,588,0.9017199017199017,0.9694829047753603,3600
"[{'CARD_WITHDRAWAL_D_GAP_MED'}, {'CARD_WITHDRAWAL_C_GAP_MED'}, {'CARD_WITHDRAWAL_C_GAP_SHORT'}, {'CARD_WITHDRAWAL_D_GAP_SHORT'}, {'CARD_WITHDRAWAL_A_GAP_SHORT'}, {'CARD_WITHDRAWAL_C_GAP_MED'}, {'CARD_WITHDRAWAL_B_GAP_MED'}]",0.34043664574567156,224,0.8706761006289307,0.9694829047753603,3600
"[{'DEPOSIT_B_GAP_SHORT'}, {'DEPOSIT_C_GAP_LONG'}, {'DEPOSIT_C_GAP_LONG'}, {'DEPOSIT_C_GAP_LONG'}, {'CARD_WITHDRAWAL_C_GAP_MED'}]",0.34034429634873364,74,0.8785714285714286,0.9694829047753603,3600
"[{'CARD_WITHDRAWAL_D_GAP_LONG'}, {'CARD_WITHDRAWAL_D_GAP_LONG'}, {'CARD_WITHDRAWAL_D_GAP_MED'}, {'CARD_WITHDRAWAL_D_GAP_MED'}, {'CARD_WITHDRAWAL_D_GAP_SHORT'}, {'CARD_WITHDRAWAL_C_GAP_MED'}, {'CARD_WITHDRAWAL_A_GAP_SHORT'}, {'CARD_WITHDRAWAL_D_GAP_SHORT'}]",0.34019395631647564,241,0.8628067967275016,0.9694829047753603,3600
"[{'DEPOSIT_A_GAP_SHORT'}, {'CARD_WITHDRAWAL_C_GAP_MED'}, {'CARD_WITHDRAWAL_C_GAP_MED'}, {'CARD_WITHDRAWAL_B_GAP_MED'}, {'CARD_WITHDRAWAL_B_GAP_SHORT'}, {'CARD_WITHDRAWAL_C_GAP_MED'}, {'CARD_WITHDRAWAL_B_GAP_MED'}, {'CARD_WITHDRAWAL_B_GAP_LONG'}]",0.34011706850217416,223,0.860730593607306,0.9694829047753603,3600
"[{'DEPOSIT_C_GAP_MED'}, {'DEPOSIT_C_GAP_LONG'}, {'CARD_WITHDRAWAL_B_GAP_MED'}, {'CARD_WITHDRAWAL_C_GAP_MED'}, {'CARD_WITHDRAWAL_D_GAP_SHORT'}]",0.33959532438258444,68,0.8769230769230769,0.9694829047753603,3600
"[{'CARD_WITHDRAWAL_C_GAP_MED'}, {'CARD_WITHDRAWAL_D_GAP_MED'}, {'CARD_WITHDRAWAL_C_GAP_SHORT'}, {'CARD_WITHDRAWAL_C_GAP_MED'}, {'CARD_WITHDRAWAL_A_GAP_SHORT'}]",0.33959388866810636,609,0.9159780985564958,0.9694829047753603,3600
"[{'CARD_WITHDRAWAL_C_GAP_MED'}, {'CARD_WITHDRAWAL_B_GAP_MED'}, {'CARD_WITHDRAWAL_D_GAP_MED'}, {'CARD_WITHDRAWAL_D_GAP_MED'}, {'CARD_WITHDRAWAL_C_GAP_MED'}]",0.33957442169726193,751,0.9187135983793365,0.9694829047753603,3600
"[{'CARD_WITHDRAWAL_D_GAP_MED'}, {'CARD_WITHDRAWAL_B_GAP_MED'}, {'CARD_WITHDRAWAL_C_GAP_SHORT'}, {'CARD_WITHDRAWAL_C_GAP_MED'}, {'CARD_WITHDRAWAL_B_GAP_MED'}]",0.33920463337737883,682,0.917557251908397,0.9694829047753603,3600
"[{'PROFILE_REGION_HIGH_EDU', 'PROFILE_REGION_HIGH_CRIME'}, {'DEPOSIT_A_GAP_SHORT'}, {'CARD_WITHDRAWAL_D_GAP_LONG'}, {'CARD_WITHDRAWAL_D_GAP_MED'}, {'CARD_WITHDRAWAL_D_GAP_LONG'}, {'CARD_WITHDRAWAL_D_GAP_SHORT'}, {'CARD_WITHDRAWAL_A_GAP_SHORT'}, {'CARD_WITHDRAWAL_B_GAP_MED'}, {'CARD_WITHDRAWAL_C_GAP_MED'}, {'CARD_WITHDRAWAL_C_GAP_MED'}]",0.3389349950633651,41,0.7807017543859649,0.9694829047753603,3600
"[{'CARD_WITHDRAWAL_D_GAP_LONG'}, {'CARD_WITHDRAWAL_D_GAP_LONG'}, {'CARD_WITHDRAWAL_C_GAP_SHORT'}, {'CARD_WITHDRAWAL_B_GAP_MED'}, {'CARD_WITHDRAWAL_C_GAP_MED'}, {'CARD_WITHDRAWAL_C_GAP_MED'}, {'CARD_WITHDRAWAL_C_GAP_MED'}, {'CARD_WITHDRAWAL_D_GAP_SHORT'}]",0.3381953180552797,130,0.8454301075268817,0.9694829047753603,3600
"[{'CARD_WITHDRAWAL_C_GAP_MED'}, {'CARD_WITHDRAWAL_D_GAP_MED'}, {'CARD_WITHDRAWAL_C_GAP_MED'}, {'CARD_WITHDRAWAL_C_GAP_MED'}, {'CARD_WITHDRAWAL_C_GAP_MED'}, {'CARD_WITHDRAWAL_C_GAP_MED'}, {'CARD_WITHDRAWAL_D_GAP_MED'}]",0.3380881199676803,363,0.8823328007304269,0.9694829047753603,3600
"[{'CARD_WITHDRAWAL_D_GAP_MED'}, {'CARD_WITHDRAWAL_C_GAP_SHORT'}, {'CARD_WITHDRAWAL_C_GAP_MED'}, {'CARD_WITHDRAWAL_D_GAP_MED'}, {'CARD_WITHDRAWAL_D_GAP_MED'}]",0.337950351025629,663,0.9174693724866736,0.9694829047753603,3600
"[{'CARD_WITHDRAWAL_D_GAP_MED'}, {'CARD_WITHDRAWAL_C_GAP_SHORT'}, {'CARD_WITHDRAWAL_D_GAP_SHORT'}, {'CARD_WITHDRAWAL_D_GAP_MED'}, {'CARD_WITHDRAWAL_C_GAP_SHORT'}, {'CARD_WITHDRAWAL_D_GAP_MED'}]",0.33766032642601385,273,0.8880174291938997,0.9694829047753603,3600
"[{'DEPOSIT_A_GAP_SHORT'}, {'DEPOSIT_D_GAP_LONG'}, {'DEPOSIT_D_GAP_LONG'}, {'CARD_WITHDRAWAL_D_GAP_MED'}, {'CARD_WITHDRAWAL_D_GAP_MED'}, {'DEPOSIT_D_GAP_MED'}, {'CARD_WITHDRAWAL_C_GAP_LONG'}, {'CARD_WITHDRAWAL_B_GAP_LONG'}, {'CARD_WITHDRAWAL_D_GAP_MED'}, {'CARD_WITHDRAWAL_A_GAP_SHORT'}]",0.3372783946153406,96,0.8172043010752689,0.9694829047753603,3600
"[{'CARD_WITHDRAWAL_D_GAP_MED'}, {'CARD_WITHDRAWAL_C_GAP_MED'}, {'CARD_WITHDRAWAL_C_GAP_MED'}, {'CARD_WITHDRAWAL_D_GAP_MED'}, {'CARD_WITHDRAWAL_D_GAP_SHORT'}, {'CARD_WITHDRAWAL_D_GAP_MED'}]",0.3364841528044695,546,0.901199669056812,0.9694829047753603,3600
"[{'CARD_WITHDRAWAL_D_GAP_LONG'}, {'CARD_WITHDRAWAL_C_GAP_SHORT'}, {'CARD_WITHDRAWAL_B_GAP_MED'}, {'CARD_WITHDRAWAL_C_GAP_MED'}, {'CARD_WITHDRAWAL_C_GAP_MED'}, {'CARD_WITHDRAWAL_C_GAP_MED'}]",0.33634940876457864,371,0.8943019943019943,0.9694829047753603,3600
"[{'CARD_WITHDRAWAL_D_GAP_MED'}, {'CARD_WITHDRAWAL_D_GAP_MED'}, {'CARD_WITHDRAWAL_D_GAP_SHORT'}, {'CARD_WITHDRAWAL_D_GAP_LONG'}, {'CARD_WITHDRAWAL_D_GAP_MED'}]",0.33615408473484243,679,0.9181800618238021,0.9694829047753603,3600
"[{'CARD_WITHDRAWAL_D_GAP_MED'}, {'CARD_WITHDRAWAL_C_GAP_MED'}, {'CARD_WITHDRAWAL_C_GAP_MED'}, {'CARD_WITHDRAWAL_C_GAP_MED'}, {'CARD_WITHDRAWAL_C_GAP_MED'}, {'CARD_WITHDRAWAL_C_GAP_MED'}]",0.3358879757730522,612,0.9032291830219292,0.9694829047753603,3600
"[{'CARD_WITHDRAWAL_C_GAP_MED'}, {'CARD_WITHDRAWAL_D_GAP_MED'}, {'CARD_WITHDRAWAL_B_GAP_MED'}, {'CARD_WITHDRAWAL_C_GAP_SHORT'}, {'CARD_WITHDRAWAL_C_GAP_SHORT'}]",0.3357425961280399,505,0.9143383149231102,0.9694829047753603,3600
"[{'CARD_WITHDRAWAL_C_GAP_MED'}, {'CARD_WITHDRAWAL_C_GAP_SHORT'}, {'CARD_WITHDRAWAL_C_GAP_MED'}, {'CARD_WITHDRAWAL_B_GAP_MED'}, {'CARD_WITHDRAWAL_A_GAP_SHORT'}]",0.33572262456627966,626,0.9172259507829978,0.9694829047753603,3600
"[{'DEPOSIT_A_GAP_SHORT'}, {'CARD_WITHDRAWAL_D_GAP_MED'}, {'CARD_WITHDRAWAL_D_GAP_SHORT'}, {'CARD_WITHDRAWAL_C_GAP_MED'}, {'CARD_WITHDRAWAL_C_GAP_MED'}]",0.3355580477736523,714,0.9189529322929776,0.9694829047753603,3600
"[{'DEPOSIT_A_GAP_SHORT'}, {'CARD_WITHDRAWAL_C_GAP_SHORT'}, {'CARD_WITHDRAWAL_C_GAP_MED'}, {'CARD_WITHDRAWAL_A_GAP_SHORT'}, {'CARD_WITHDRAWAL_C_GAP_MED'}]",0.33542900772176665,621,0.9171886292459648,0.9694829047753603,3600
"[{'CARD_WITHDRAWAL_C_GAP_MED'}, {'CARD_WITHDRAWAL_C_GAP_MED'}, {'CARD_WITHDRAWAL_A_GAP_SHORT'}, {'DEPOSIT_C_GAP_LONG'}, {'CARD_WITHDRAWAL_B_GAP_MED'}, {'CARD_WITHDRAWAL_A_GAP_SHORT'}]",0.3354206640571894,169,0.8782051282051282,0.9694829047753603,3600
"[{'PROFILE_REGION_HIGH_EDU'}, {'DEPOSIT_D_GAP_LONG'}, {'CARD_WITHDRAWAL_C_GAP_LONG'}, {'CARD_WITHDRAWAL_C_GAP_LONG'}, {'CARD_WITHDRAWAL_C_GAP_MED'}, {'CARD_WITHDRAWAL_B_GAP_MED'}, {'CARD_WITHDRAWAL_A_GAP_SHORT'}, {'CARD_WITHDRAWAL_C_GAP_MED'}, {'CARD_WITHDRAWAL_C_GAP_SHORT'}]",0.3351186417960945,49,0.8,0.9694829047753603,3600
"[{'PROFILE_REGION_HIGH_EDU'}, {'CARD_WITHDRAWAL_D_GAP_SHORT'}, {'CARD_WITHDRAWAL_C_GAP_MED'}, {'CARD_WITHDRAWAL_B_GAP_MED'}, {'CARD_WITHDRAWAL_C_GAP_SHORT'}]",0.3350556074380675,315,0.9076194236083696,0.9694829047753603,3600
"[{'CARD_WITHDRAWAL_B_GAP_LONG'}, {'CARD_WITHDRAWAL_D_GAP_MED'}, {'CARD_WITHDRAWAL_B_GAP_SHORT'}, {'CARD_WITHDRAWAL_C_GAP_MED'}, {'CARD_WITHDRAWAL_D_GAP_MED'}]",0.33499001807427176,517,0.914842549923195,0.9694829047753603,3600
"[{'CARD_WITHDRAWAL_D_GAP_SHORT'}, {'CARD_WITHDRAWAL_D_GAP_MED'}, {'CARD_WITHDRAWAL_D_GAP_SHORT'}, {'CARD_WITHDRAWAL_D_GAP_MED'}, {'CARD_WITHDRAWAL_D_GAP_SHORT'}, {'CARD_WITHDRAWAL_D_GAP_SHORT'}]",0.3346269966299996,496,0.8998988877654195,0.9694829047753603,3600
"[{'CARD_WITHDRAWAL_D_GAP_MED'}, {'CARD_WITHDRAWAL_D_GAP_MED'}, {'CARD_WITHDRAWAL_D_GAP_MED'}, {'CARD_WITHDRAWAL_D_GAP_SHORT'}, {'CARD_WITHDRAWAL_D_GAP_MED'}, {'CARD_WITHDRAWAL_C_GAP_SHORT'}, {'CARD_WITHDRAWAL_D_GAP_MED'}]",0.3344791027947063,414,0.8857838589981448,0.9694829047753603,3600
"[{'PROFILE_REGION_HIGH_EDU', 'PROFILE_OLD_MALE'}, {'CARD_WITHDRAWAL_D_GAP_MED'}, {'CARD_WITHDRAWAL_C_GAP_MED'}, {'CARD_WITHDRAWAL_C_GAP_MED'}, {'CARD_WITHDRAWAL_D_GAP_MED'}, {'CARD_WITHDRAWAL_C_GAP_MED'}, {'CARD_WITHDRAWAL_D_GAP_MED'}]",0.33378121600049326,146,0.8610294117647059,0.9694829047753603,3600
"[{'PROFILE_REGION_HIGH_EDU'}, {'CARD_WITHDRAWAL_A_GAP_SHORT'}, {'CARD_WITHDRAWAL_C_GAP_SHORT'}, {'CARD_WITHDRAWAL_D_GAP_MED'}, {'CARD_WITHDRAWAL_B_GAP_MED'}]",0.33367683185876096,349,0.9095528455284552,0.9694829047753603,3600
"[{'PROFILE_REGION_LOW_CRIME', 'PROFILE_REGION_LOW_INCOME'}, {'CARD_WITHDRAWAL_C_GAP_LONG'}, {'CARD_WITHDRAWAL_C_GAP_MED'}, {'CARD_WITHDRAWAL_B_GAP_MED'}, {'DEPOSIT_B_GAP_LONG'}]",0.33358154054174427,72,0.8805970149253731,0.9694829047753603,3600
"[{'PROFILE_REGION_LOW_CRIME'}, {'CARD_WITHDRAWAL_C_GAP_MED'}, {'CARD_WITHDRAWAL_C_GAP_MED'}, {'CARD_WITHDRAWAL_B_GAP_SHORT'}, {'CARD_WITHDRAWAL_C_GAP_SHORT'}]",0.3333934310646549,349,0.9096288327057558,0.9694829047753603,3600
"[{'DEPOSIT_A_GAP_SHORT'}, {'CARD_WITHDRAWAL_C_GAP_MED'}, {'CARD_WITHDRAWAL_C_GAP_MED'}, {'CARD_WITHDRAWAL_D_GAP_SHORT'}, {'CARD_WITHDRAWAL_B_GAP_MED'}]",0.33327206025790923,667,0.9186046511627908,0.9694829047753603,3600
"[{'DEPOSIT_A_GAP_SHORT'}, {'DEPOSIT_C_GAP_LONG'}, {'CARD_WITHDRAWAL_C_GAP_MED'}, {'CARD_WITHDRAWAL_C_GAP_LONG'}, {'CARD_WITHDRAWAL_D_GAP_MED'}]",0.33295756875571336,190,0.8999386126457949,0.9694829047753603,3600
"[{'CARD_WITHDRAWAL_D_GAP_MED'}, {'CARD_WITHDRAWAL_C_GAP_MED'}, {'CARD_WITHDRAWAL_D_GAP_MED'}, {'CARD_WITHDRAWAL_D_GAP_MED'}, {'CARD_WITHDRAWAL_C_GAP_MED'}, {'CARD_WITHDRAWAL_C_GAP_MED'}]",0.3323337686147505,645,0.9047386201991465,0.9694829047753603,3600
"[{'DEPOSIT_C_GAP_LONG'}, {'CARD_WITHDRAWAL_C_GAP_SHORT'}, {'CARD_WITHDRAWAL_A_GAP_SHORT'}, {'CARD_WITHDRAWAL_C_GAP_SHORT'}, {'CARD_WITHDRAWAL_A_GAP_SHORT'}, {'CARD_WITHDRAWAL_A_GAP_SHORT'}]",0.3320092046239782,175,0.8798568507157465,0.9694829047753603,3600
"[{'PROFILE_REGION_LOW_EDU'}, {'DEPOSIT_D_GAP_LONG'}, {'CARD_WITHDRAWAL_C_GAP_LONG'}, {'DEPOSIT_D_GAP_LONG'}, {'CARD_WITHDRAWAL_A_GAP_SHORT'}, {'CARD_WITHDRAWAL_B_GAP_LONG'}, {'CARD_WITHDRAWAL_B_GAP_MED'}, {'CARD_WITHDRAWAL_B_GAP_MED'}, {'CARD_WITHDRAWAL_C_GAP_LONG'}, {'CARD_WITHDRAWAL_C_GAP_MED'}]",0.33118519502966204,37,0.7777777777777778,0.9694829047753603,3600
"[{'CARD_WITHDRAWAL_C_GAP_SHORT'}, {'CARD_WITHDRAWAL_B_GAP_MED'}, {'CARD_WITHDRAWAL_C_GAP_MED'}, {'CARD_WITHDRAWAL_D_GAP_SHORT'}, {'CARD_WITHDRAWAL_D_GAP_MED'}, {'CARD_WITHDRAWAL_C_GAP_MED'}]",0.3307980988396032,264,0.8888888888888888,0.9694829047753603,3600
"[{'CARD_WITHDRAWAL_C_GAP_LONG'}, {'CARD_WITHDRAWAL_A_GAP_SHORT'}, {'CARD_WITHDRAWAL_A_GAP_SHORT'}, {'DEPOSIT_C_GAP_MED'}, {'CARD_WITHDRAWAL_A_GAP_SHORT'}, {'CARD_WITHDRAWAL_C_GAP_MED'}, {'CARD_WITHDRAWAL_C_GAP_MED'}]",0.3305580801117274,146,0.8617698091382301,0.9694829047753603,3600
"[{'PROFILE_REGION_LOW_CRIME'}, {'CARD_WITHDRAWAL_D_GAP_MED'}, {'CARD_WITHDRAWAL_C_GAP_MED'}, {'CARD_WITHDRAWAL_D_GAP_MED'}, {'CARD_WITHDRAWAL_A_GAP_SHORT'}]",0.3305409885351266,522,0.916056338028169,0.9694829047753603,3600
"[{'CARD_WITHDRAWAL_D_GAP_MED'}, {'CARD_WITHDRAWAL_D_GAP_MED'}, {'CARD_WITHDRAWAL_C_GAP_MED'}, {'CARD_WITHDRAWAL_C_GAP_MED'}, {'CARD_WITHDRAWAL_A_GAP_SHORT'}, {'CARD_WITHDRAWAL_C_GAP_MED'}]",0.33025404643994416,703,0.9064899089829839,0.9694829047753603,3600
"[{'PROFILE_OLD_FEMALE'}, {'CARD_WITHDRAWAL_C_GAP_MED'}, {'CARD_WITHDRAWAL_D_GAP_SHORT'}, {'CARD_WITHDRAWAL_C_GAP_MED'}, {'CARD_WITHDRAWAL_A_GAP_SHORT'}]",0.32988063588268846,349,0.9105788423153692,0.9694829047753603,3600
"[{'CARD_WITHDRAWAL_C_GAP_MED'}, {'CARD_WITHDRAWAL_C_GAP_MED'}, {'CARD_WITHDRAWAL_C_GAP_MED'}, {'CARD_WITHDRAWAL_C_GAP_MED'}, {'CARD_WITHDRAWAL_A_GAP_MED'}, {'CARD_WITHDRAWAL_A_GAP_SHORT'}, {'CARD_WITHDRAWAL_B_GAP_MED'}, {'CARD_WITHDRAWAL_A_GAP_SHORT'}, {'CARD_WITHDRAWAL_C_GAP_MED'}, {'CARD_WITHDRAWAL_B_GAP_LONG'}]",0.3297162577915844,30,0.7678571428571429,0.9694829047753603,3600
"[{'PROFILE_REGION_LOW_CRIME'}, {'CARD_WITHDRAWAL_D_GAP_LONG'}, {'CARD_WITHDRAWAL_C_GAP_SHORT'}, {'CARD_WITHDRAWAL_C_GAP_MED'}, {'CARD_WITHDRAWAL_C_GAP_SHORT'}]",0.32942344105594557,218,0.9033653846153846,0.9694829047753603,3600
"[{'CARD_WITHDRAWAL_B_GAP_MED'}, {'CARD_WITHDRAWAL_D_GAP_MED'}, {'CARD_WITHDRAWAL_C_GAP_MED'}, {'CARD_WITHDRAWAL_D_GAP_MED'}, {'CARD_WITHDRAWAL_D_GAP_MED'}, {'CARD_WITHDRAWAL_D_GAP_SHORT'}, {'CARD_WITHDRAWAL_D_GAP_MED'}]",0.3289542002870949,377,0.8848039215686274,0.9694829047753603,3600
"[{'CARD_WITHDRAWAL_C_GAP_MED'}, {'CARD_WITHDRAWAL_C_GAP_SHORT'}, {'CARD_WITHDRAWAL_B_GAP_MED'}, {'CARD_WITHDRAWAL_C_GAP_SHORT'}, {'CARD_WITHDRAWAL_C_GAP_MED'}, {'CARD_WITHDRAWAL_B_GAP_MED'}]",0.3289188290738492,292,0.8913155190133608,0.9694829047753603,3600
"[{'CARD_WITHDRAWAL_D_GAP_LONG'}, {'CARD_WITHDRAWAL_C_GAP_MED'}, {'CARD_WITHDRAWAL_C_GAP_MED'}, {'CARD_WITHDRAWAL_C_GAP_MED'}, {'CARD_WITHDRAWAL_C_GAP_MED'}, {'CARD_WITHDRAWAL_C_GAP_SHORT'}]",0.3289085091242512,378,0.8962029028001759,0.9694829047753603,3600
"[{'DEPOSIT_A_GAP_SHORT'}, {'CARD_WITHDRAWAL_C_GAP_MED'}, {'CARD_WITHDRAWAL_B_GAP_MED'}, {'CARD_WITHDRAWAL_B_GAP_SHORT'}, {'CARD_WITHDRAWAL_A_GAP_SHORT', 'CARD_WITHDRAWAL_B_GAP_SHORT'}, {'CARD_WITHDRAWAL_A_GAP_SHORT'}]",0.32881330873786374,147,0.8767123287671232,0.9694829047753603,3600
"[{'CARD_WITHDRAWAL_D_GAP_SHORT'}, {'CARD_WITHDRAWAL_C_GAP_MED'}, {'CARD_WITHDRAWAL_C_GAP_SHORT'}, {'CARD_WITHDRAWAL_C_GAP_MED'}, {'DEPOSIT_B_GAP_MED'}, {'CARD_WITHDRAWAL_D_GAP_MED'}]",0.3283512048156867,68,0.8571428571428571,0.9694829047753603,3600
"[{'DEPOSIT_A_GAP_SHORT'}, {'DEPOSIT_D_GAP_LONG'}, {'DEPOSIT_C_GAP_LONG'}, {'DEPOSIT_B_GAP_LONG'}, {'CARD_WITHDRAWAL_A_GAP_SHORT'}]",0.3279937669875381,180,0.9005847953216375,0.9694829047753603,3600
"[{'CARD_WITHDRAWAL_D_GAP_SHORT'}, {'CARD_WITHDRAWAL_D_GAP_SHORT'}, {'CARD_WITHDRAWAL_D_GAP_SHORT'}, {'CARD_WITHDRAWAL_D_GAP_SHORT'}, {'CARD_WITHDRAWAL_D_GAP_SHORT'}]",0.32796116202993264,645,0.9194139194139194,0.9694829047753603,3600
"[{'CARD_WITHDRAWAL_D_GAP_MED'}, {'CARD_WITHDRAWAL_D_GAP_MED'}, {'CARD_WITHDRAWAL_D_GAP_MED'}, {'CARD_WITHDRAWAL_D_GAP_SHORT'}, {'CARD_WITHDRAWAL_D_GAP_SHORT'}, {'CARD_WITHDRAWAL_C_GAP_MED'}]",0.32789401009554653,656,0.9058234758871702,0.9694829047753603,3600
"[{'CARD_WITHDRAWAL_C_GAP_SHORT'}, {'CARD_WITHDRAWAL_A_GAP_SHORT'}, {'CARD_WITHDRAWAL_C_GAP_MED'}, {'CARD_WITHDRAWAL_C_GAP_SHORT'}, {'CARD_WITHDRAWAL_B_GAP_MED'}]",0.32786644975926005,438,0.9143518518518519,0.9694829047753603,3600
"[{'CARD_WITHDRAWAL_D_GAP_LONG'}, {'CARD_WITHDRAWAL_D_GAP_SHORT'}, {'CARD_WITHDRAWAL_D_GAP_MED'}, {'CARD_WITHDRAWAL_D_GAP_LONG'}, {'CARD_WITHDRAWAL_C_GAP_MED'}]",0.32774814314388734,480,0.9156296380865394,0.9694829047753603,3600
"[{'CARD_WITHDRAWAL_D_GAP_MED'}, {'CARD_WITHDRAWAL_D_GAP_MED'}, {'CARD_WITHDRAWAL_D_GAP_MED'}, {'CARD_WITHDRAWAL_C_GAP_SHORT'}, {'CARD_WITHDRAWAL_C_GAP_MED'}, {'CARD_WITHDRAWAL_C_GAP_MED'}, {'CARD_WITHDRAWAL_D_GAP_MED'}]",0.32768665887207993,419,0.8872362869198313,0.9694829047753603,3600
"[{'DEPOSIT_C_GAP_MED'}, {'CARD_WITHDRAWAL_A_GAP_SHORT'}, {'CARD_WITHDRAWAL_A_GAP_SHORT'}, {'CARD_WITHDRAWAL_B_GAP_LONG'}, {'CARD_WITHDRAWAL_C_GAP_MED'}]",0.3274929638765115,316,0.9097688292319165,0.9694829047753603,3600
"[{'PROFILE_REGION_HIGH_CRIME'}, {'DEPOSIT_C_GAP_LONG'}, {'DEPOSIT_C_GAP_LONG'}, {'CARD_WITHDRAWAL_A_GAP_SHORT'}, {'CARD_WITHDRAWAL_B_GAP_SHORT'}, {'DEPOSIT_C_GAP_LONG'}, {'CARD_WITHDRAWAL_A_GAP_SHORT'}, {'CARD_WITHDRAWAL_A_GAP_SHORT'}, {'CARD_WITHDRAWAL_A_GAP_SHORT'}, {'CARD_WITHDRAWAL_A_GAP_SHORT'}]",0.32749115108493076,49,0.7916666666666666,0.9694829047753603,3600
"[{'PROFILE_REGION_HIGH_EDU'}, {'CARD_WITHDRAWAL_C_GAP_MED'}, {'CARD_WITHDRAWAL_C_GAP_MED'}, {'CARD_WITHDRAWAL_A_GAP_SHORT'}, {'CARD_WITHDRAWAL_D_GAP_SHORT'}, {'CARD_WITHDRAWAL_D_GAP_SHORT'}, {'CARD_WITHDRAWAL_A_GAP_SHORT'}]",0.32746439788292525,220,0.8729096989966556,0.9694829047753603,3600
"[{'PROFILE_REGION_LOW_INCOME'}, {'CARD_WITHDRAWAL_D_GAP_MED'}, {'CARD_WITHDRAWAL_C_GAP_SHORT'}, {'CARD_WITHDRAWAL_B_GAP_SHORT'}, {'CARD_WITHDRAWAL_C_GAP_MED'}]",0.3271341467540423,300,0.9090909090909091,0.9694829047753603,3600
"[{'CARD_WITHDRAWAL_A_GAP_SHORT'}, {'CARD_WITHDRAWAL_C_GAP_MED'}, {'CARD_WITHDRAWAL_C_GAP_SHORT'}, {'CARD_WITHDRAWAL_A_GAP_SHORT'}, {'CARD_WITHDRAWAL_C_GAP_MED'}, {'CARD_WITHDRAWAL_C_GAP_MED'}]",0.3270158590511074,395,0.897399660825325,0.9694829047753603,3600
"[{'PROFILE_REGION_HIGH_EDU', 'PROFILE_REGION_HIGH_INCOME'}, {'CARD_WITHDRAWAL_C_GAP_LONG'}, {'CARD_WITHDRAWAL_B_GAP_SHORT'}, {'CARD_WITHDRAWAL_A_GAP_SHORT'}, {'CARD_WITHDRAWAL_C_GAP_MED'}, {'CARD_WITHDRAWAL_B_GAP_LONG'}]",0.32675383252390444,103,0.8686868686868686,0.9694829047753603,3600
"[{'CARD_WITHDRAWAL_C_GAP_MED'}, {'CARD_WITHDRAWAL_C_GAP_SHORT'}, {'CARD_WITHDRAWAL_C_GAP_SHORT'}, {'CARD_WITHDRAWAL_C_GAP_SHORT'}, {'CARD_WITHDRAWAL_D_GAP_MED'}]",0.32666645331884214,305,0.9094736842105264,0.9694829047753603,3600
"[{'PROFILE_REGION_HIGH_EDU'}, {'CARD_WITHDRAWAL_C_GAP_LONG'}, {'CARD_WITHDRAWAL_A_GAP_SHORT'}, {'CARD_WITHDRAWAL_C_GAP_MED'}, {'CARD_WITHDRAWAL_C_GAP_MED'}]",0.32659231878078343,419,0.9140732041495401,0.9694829047753603,3600
"[{'CARD_WITHDRAWAL_D_GAP_MED'}, {'CARD_WITHDRAWAL_D_GAP_MED'}, {'CARD_WITHDRAWAL_C_GAP_MED'}, {'CARD_WITHDRAWAL_D_GAP_MED'}, {'CARD_WITHDRAWAL_D_GAP_LONG'}, {'CARD_WITHDRAWAL_A_GAP_SHORT'}, {'CARD_WITHDRAWAL_D_GAP_MED'}]",0.3264416788434299,437,0.8883164512748865,0.9694829047753603,3600
"[{'PROFILE_REGION_LOW_EDU'}, {'CARD_WITHDRAWAL_D_GAP_MED'}, {'CARD_WITHDRAWAL_D_GAP_MED'}, {'CARD_WITHDRAWAL_B_GAP_MED'}, {'CARD_WITHDRAWAL_D_GAP_SHORT'}, {'CARD_WITHDRAWAL_D_GAP_MED'}, {'CARD_WITHDRAWAL_D_GAP_MED'}, {'CARD_WITHDRAWAL_D_GAP_MED'}, {'CARD_WITHDRAWAL_D_GAP_SHORT'}]",0.3261063588358549,198,0.8515625,0.9694829047753603,3600
"[{'PROFILE_REGION_LOW_INCOME'}, {'CARD_WITHDRAWAL_A_GAP_SHORT'}, {'CARD_WITHDRAWAL_C_GAP_SHORT'}, {'CARD_WITHDRAWAL_C_GAP_MED'}, {'CARD_WITHDRAWAL_A_GAP_SHORT'}]",0.32573026033142993,374,0.9127118644067796,0.9694829047753603,3600
"[{'PROFILE_REGION_HIGH_INCOME'}, {'CARD_WITHDRAWAL_C_GAP_SHORT'}, {'CARD_WITHDRAWAL_C_GAP_MED'}, {'CARD_WITHDRAWAL_C_GAP_MED'}, {'CARD_WITHDRAWAL_C_GAP_MED'}]",0.3252286656020553,440,0.9151039890896693,0.9694829047753603,3600
"[{'CARD_WITHDRAWAL_A_GAP_SHORT'}, {'CARD_WITHDRAWAL_A_GAP_SHORT'}, {'CARD_WITHDRAWAL_D_GAP_MED'}, {'CARD_WITHDRAWAL_C_GAP_MED'}, {'CARD_WITHDRAWAL_C_GAP_MED'}, {'CARD_WITHDRAWAL_D_GAP_MED'}, {'CARD_WITHDRAWAL_D_GAP_MED'}]",0.3250737596760378,453,0.8892828999211978,0.9694829047753603,3600
"[{'PROFILE_REGION_HIGH_EDU'}, {'CARD_WITHDRAWAL_C_GAP_MED'}, {'CARD_WITHDRAWAL_C_GAP_MED'}, {'CARD_WITHDRAWAL_C_GAP_MED'}, {'DEPOSIT_D_GAP_MED'}]",0.3250545449001565,455,0.9156032482598607,0.9694829047753603,3600
"[{'PROFILE_OLD_FEMALE'}, {'CARD_WITHDRAWAL_C_GAP_MED'}, {'CARD_WITHDRAWAL_D_GAP_SHORT'}, {'CARD_WITHDRAWAL_C_GAP_SHORT'}, {'CARD_WITHDRAWAL_C_GAP_MED'}, {'CARD_WITHDRAWAL_A_GAP_SHORT'}]",0.3248120949686386,206,0.8852040816326532,0.9694829047753603,3600
"[{'DEPOSIT_A_GAP_SHORT'}, {'CARD_WITHDRAWAL_D_GAP_MED'}, {'CARD_WITHDRAWAL_C_GAP_MED'}, {'CARD_WITHDRAWAL_C_GAP_MED'}, {'CARD_WITHDRAWAL_C_GAP_MED'}, {'CARD_WITHDRAWAL_B_GAP_MED'}, {'CARD_WITHDRAWAL_C_GAP_MED'}, {'CARD_WITHDRAWAL_D_GAP_SHORT'}, {'CARD_WITHDRAWAL_D_GAP_SHORT'}]",0.32469352926407613,159,0.8451851851851853,0.9694829047753603,3600
"[{'PROFILE_REGION_HIGH_INCOME'}, {'DEPOSIT_D_GAP_LONG'}, {'DEPOSIT_C_GAP_LONG'}, {'CARD_WITHDRAWAL_B_GAP_LONG'}, {'DEPOSIT_D_GAP_LONG'}, {'CARD_WITHDRAWAL_C_GAP_MED'}, {'CARD_WITHDRAWAL_D_GAP_SHORT'}]",0.32410997740698577,68,0.8409090909090909,0.9694829047753603,3600
"[{'CARD_WITHDRAWAL_B_GAP_MED'}, {'CARD_WITHDRAWAL_D_GAP_MED'}, {'DEPOSIT_D_GAP_LONG'}, {'CARD_WITHDRAWAL_C_GAP_MED'}, {'CARD_WITHDRAWAL_C_GAP_SHORT'}, {'CARD_WITHDRAWAL_C_GAP_SHORT'}]",0.3240634425321727,142,0.8771929824561403,0.9694829047753603,3600
"[{'CARD_WITHDRAWAL_C_GAP_MED'}, {'CARD_WITHDRAWAL_C_GAP_MED'}, {'CARD_WITHDRAWAL_C_GAP_MED'}, {'CARD_WITHDRAWAL_D_GAP_MED'}, {'CARD_WITHDRAWAL_D_GAP_MED'}, {'CARD_WITHDRAWAL_D_GAP_MED'}]",0.3240379860226892,617,0.9055650198750709,0.9694829047753603,3600
"[{'PROFILE_REGION_HIGH_CRIME'}, {'DEPOSIT_D_GAP_LONG'}, {'DEPOSIT_C_GAP_MED'}, {'DEPOSIT_D_GAP_LONG'}, {'CARD_WITHDRAWAL_D_GAP_MED'}]",0.3237309271886418,240,0.9066666666666667,0.9694829047753603,3600
"[{'CARD_WITHDRAWAL_B_GAP_MED'}, {'CARD_WITHDRAWAL_C_GAP_MED'}, {'CARD_WITHDRAWAL_A_GAP_LONG'}, {'CARD_WITHDRAWAL_B_GAP_SHORT'}, {'CARD_WITHDRAWAL_D_GAP_SHORT'}, {'CARD_WITHDRAWAL_B_GAP_SHORT'}]",0.3236531171612633,139,0.8768115942028986,0.9694829047753603,3600
"[{'DEPOSIT_A_GAP_SHORT'}, {'CARD_WITHDRAWAL_D_GAP_MED'}, {'CARD_WITHDRAWAL_D_GAP_MED'}, {'CARD_WITHDRAWAL_C_GAP_MED'}, {'CARD_WITHDRAWAL_D_GAP_SHORT'}, {'CARD_WITHDRAWAL_A_GAP_SHORT'}, {'CARD_WITHDRAWAL_D_GAP_LONG'}]",0.32332344938442115,422,0.8881626724763979,0.9694829047753603,3600
"[{'PROFILE_REGION_HIGH_EDU'}, {'CARD_WITHDRAWAL_D_GAP_MED'}, {'CARD_WITHDRAWAL_D_GAP_MED'}, {'CARD_WITHDRAWAL_D_GAP_MED'}, {'CARD_WITHDRAWAL_C_GAP_MED'}, {'CARD_WITHDRAWAL_B_GAP_MED'}, {'CARD_WITHDRAWAL_C_GAP_MED'}]",0.3232221726043071,391,0.8866151866151867,0.9694829047753603,3600
"[{'CARD_WITHDRAWAL_D_GAP_LONG'}, {'CARD_WITHDRAWAL_D_GAP_MED'}, {'CARD_WITHDRAWAL_C_GAP_MED'}, {'CARD_WITHDRAWAL_D_GAP_MED'}, {'CARD_WITHDRAWAL_A_GAP_SHORT'}, {'CARD_WITHDRAWAL_C_GAP_MED'}]",0.3231804091317252,571,0.9044802867383512,0.9694829047753603,3600
"[{'CARD_WITHDRAWAL_B_GAP_MED'}, {'CARD_WITHDRAWAL_C_GAP_MED'}, {'CARD_WITHDRAWAL_C_GAP_MED'}, {'CARD_WITHDRAWAL_B_GAP_MED'}, {'CARD_WITHDRAWAL_C_GAP_MED'}, {'CARD_WITHDRAWAL_B_GAP_SHORT'}, {'CARD_WITHDRAWAL_B_GAP_MED'}, {'CARD_WITHDRAWAL_C_GAP_MED'}, {'CARD_WITHDRAWAL_B_GAP_MED'}]",0.32294322916440255,119,0.8362068965517242,0.9694829047753603,3600
"[{'CARD_WITHDRAWAL_C_GAP_MED'}, {'CARD_WITHDRAWAL_C_GAP_MED'}, {'CARD_WITHDRAWAL_C_GAP_MED'}, {'CARD_WITHDRAWAL_C_GAP_MED'}, {'CARD_WITHDRAWAL_D_GAP_MED'}, {'CARD_WITHDRAWAL_C_GAP_SHORT'}]",0.3227759218423326,392,0.8981572481572482,0.9694829047753603,3600
"[{'CARD_WITHDRAWAL_D_GAP_LONG'}, {'CARD_WITHDRAWAL_D_GAP_SHORT'}, {'CARD_WITHDRAWAL_D_GAP_MED'}, {'CARD_WITHDRAWAL_D_GAP_MED'}, {'CARD_WITHDRAWAL_D_GAP_MED'}, {'CARD_WITHDRAWAL_D_GAP_SHORT'}]",0.3224812002646634,560,0.9042992470245325,0.9694829047753603,3600
"[{'CARD_WITHDRAWAL_D_GAP_MED'}, {'CARD_WITHDRAWAL_D_GAP_MED'}, {'CARD_WITHDRAWAL_C_GAP_SHORT'}, {'CARD_WITHDRAWAL_D_GAP_MED'}, {'CARD_WITHDRAWAL_D_GAP_MED'}, {'CARD_WITHDRAWAL_B_GAP_LONG'}]",0.3222792363452637,367,0.8970797720797721,0.9694829047753603,3600
"[{'CARD_WITHDRAWAL_B_GAP_MED'}, {'CARD_WITHDRAWAL_B_GAP_SHORT'}, {'CARD_WITHDRAWAL_C_GAP_SHORT'}, {'CARD_WITHDRAWAL_A_GAP_SHORT'}, {'CARD_WITHDRAWAL_D_GAP_MED'}]",0.3222580499417861,530,0.9183272523154644,0.9694829047753603,3600
"[{'PROFILE_REGION_HIGH_EDU'}, {'CARD_WITHDRAWAL_C_GAP_MED'}, {'CARD_WITHDRAWAL_C_GAP_MED'}, {'CARD_WITHDRAWAL_D_GAP_SHORT'}, {'CARD_WITHDRAWAL_D_GAP_SHORT'}, {'CARD_WITHDRAWAL_A_GAP_SHORT'}]",0.32222697654372134,264,0.8908770161290323,0.9694829047753603,3600
"[{'CARD_WITHDRAWAL_D_GAP_MED'}, {'CARD_WITHDRAWAL_D_GAP_MED'}, {'CARD_WITHDRAWAL_C_GAP_SHORT'}, {'CARD_WITHDRAWAL_C_GAP_MED'}, {'CARD_WITHDRAWAL_C_GAP_MED'}, {'CARD_WITHDRAWAL_D_GAP_MED'}, {'CARD_WITHDRAWAL_D_GAP_LONG'}, {'CARD_WITHDRAWAL_A_GAP_SHORT'}]",0.32222052343402297,220,0.8637309292649098,0.9694829047753603,3600
"[{'PROFILE_REGION_HIGH_INCOME', 'PROFILE_REGION_HIGH_CRIME'}, {'CARD_WITHDRAWAL_C_GAP_MED'}, {'CARD_WITHDRAWAL_C_GAP_MED'}, {'CARD_WITHDRAWAL_D_GAP_MED'}, {'CARD_WITHDRAWAL_D_GAP_MED'}, {'CARD_WITHDRAWAL_D_GAP_LONG'}, {'CARD_WITHDRAWAL_D_GAP_SHORT'}]",0.3222179889347784,167,0.8672043010752688,0.9694829047753603,3600
"[{'CARD_WITHDRAWAL_D_GAP_LONG'}, {'CARD_WITHDRAWAL_D_GAP_MED'}, {'CARD_WITHDRAWAL_D_GAP_MED'}, {'CARD_WITHDRAWAL_C_GAP_MED'}, {'CARD_WITHDRAWAL_D_GAP_SHORT'}, {'CARD_WITHDRAWAL_D_GAP_SHORT'}]",0.3221546512939528,511,0.9028548770816812,0.9694829047753603,3600
"[{'CARD_WITHDRAWAL_C_GAP_MED'}, {'CARD_WITHDRAWAL_C_GAP_MED'}, {'CARD_WITHDRAWAL_B_GAP_LONG'}, {'CARD_WITHDRAWAL_C_GAP_SHORT'}, {'CARD_WITHDRAWAL_C_GAP_MED'}]",0.32190603911594307,385,0.9141689373297002,0.9694829047753603,3600
"[{'CARD_WITHDRAWAL_D_GAP_SHORT'}, {'CARD_WITHDRAWAL_D_GAP_MED'}, {'CARD_WITHDRAWAL_D_GAP_SHORT'}, {'CARD_WITHDRAWAL_D_GAP_MED'}, {'CARD_WITHDRAWAL_D_GAP_MED'}, {'CARD_WITHDRAWAL_D_GAP_MED'}]",0.32178725721400747,655,0.9069333333333334,0.9694829047753603,3600
"[{'DEPOSIT_C_GAP_MED'}, {'CARD_WITHDRAWAL_A_GAP_SHORT'}, {'CARD_WITHDRAWAL_C_GAP_MED'}, {'CARD_WITHDRAWAL_C_GAP_LONG'}, {'CARD_WITHDRAWAL_A_GAP_SHORT'}, {'CARD_WITHDRAWAL_D_GAP_MED'}]",0.32143016801319124,145,0.8783914728682171,0.9694829047753603,3600
"[{'DEPOSIT_A_GAP_SHORT'}, {'CARD_WITHDRAWAL_C_GAP_MED'}, {'CARD_WITHDRAWAL_C_GAP_MED'}, {'CARD_WITHDRAWAL_C_GAP_MED'}, {'CARD_WITHDRAWAL_A_GAP_SHORT'}, {'CARD_WITHDRAWAL_D_GAP_MED'}]",0.3209503444302997,631,0.906505376344086,0.9694829047753603,3600
"[{'CARD_WITHDRAWAL_D_GAP_MED'}, {'CARD_WITHDRAWAL_C_GAP_MED'}, {'CARD_WITHDRAWAL_C_GAP_MED'}, {'CARD_WITHDRAWAL_C_GAP_MED'}, {'CARD_WITHDRAWAL_C_GAP_MED'}, {'CARD_WITHDRAWAL_C_GAP_MED'}, {'CARD_WITHDRAWAL_C_GAP_SHORT'}]",0.3208376898081906,320,0.8828182487122884,0.9694829047753603,3600
"[{'PROFILE_OLD_MALE'}, {'DEPOSIT_C_GAP_LONG'}, {'DEPOSIT_C_GAP_LONG'}, {'CARD_WITHDRAWAL_B_GAP_LONG'}, {'CARD_WITHDRAWAL_B_GAP_SHORT'}, {'CARD_WITHDRAWAL_A_GAP_SHORT'}]",0.3206598543211223,107,0.8714285714285714,0.9694829047753603,3600
"[{'CARD_WITHDRAWAL_B_GAP_MED'}, {'CARD_WITHDRAWAL_C_GAP_MED'}, {'CARD_WITHDRAWAL_C_GAP_MED'}, {'CARD_WITHDRAWAL_C_GAP_MED'}, {'DEPOSIT_C_GAP_MED'}, {'CARD_WITHDRAWAL_A_GAP_SHORT'}]",0.32018691483821105,228,0.8884411986905063,0.9694829047753603,3600
"[{'CARD_WITHDRAWAL_C_GAP_MED'}, {'CARD_WITHDRAWAL_D_GAP_MED'}, {'CARD_WITHDRAWAL_D_GAP_MED'}, {'CARD_WITHDRAWAL_C_GAP_SHORT'}, {'CARD_WITHDRAWAL_C_GAP_LONG'}]",0.32013620973755563,408,0.9154498351389543,0.9694829047753603,3600
"[{'PROFILE_REGION_LOW_INCOME'}, {'CARD_WITHDRAWAL_C_GAP_LONG'}, {'CARD_WITHDRAWAL_C_GAP_MED'}, {'CARD_WITHDRAWAL_A_GAP_SHORT'}, {'CARD_WITHDRAWAL_C_GAP_MED'}]",0.31995634201853684,364,0.913937058445729,0.9694829047753603,3600
"[{'PROFILE_REGION_LOW_INCOME', 'PROFILE_REGION_HIGH_CRIME'}, {'DEPOSIT_A_GAP_SHORT'}, {'CARD_WITHDRAWAL_D_GAP_SHORT'}, {'CARD_WITHDRAWAL_D_GAP_MED'}, {'CARD_WITHDRAWAL_D_GAP_MED'}, {'CARD_WITHDRAWAL_D_GAP_MED'}, {'CARD_WITHDRAWAL_C_GAP_MED'}]",0.3194895691127959,66,0.8412698412698413,0.9694829047753603,3600
"[{'PROFILE_REGION_LOW_CRIME', 'PROFILE_REGION_LOW_INCOME'}, {'DEPOSIT_A_GAP_SHORT'}, {'CARD_WITHDRAWAL_B_GAP_MED'}, {'CARD_WITHDRAWAL_C_GAP_SHORT'}, {'CARD_WITHDRAWAL_C_GAP_MED'}]",0.3191971365662557,318,0.912251655629139,0.9694829047753603,3600
"[{'CARD_WITHDRAWAL_C_GAP_MED'}, {'CARD_WITHDRAWAL_C_GAP_MED'}, {'CARD_WITHDRAWAL_C_GAP_SHORT'}, {'CARD_WITHDRAWAL_C_GAP_SHORT'}, {'CARD_WITHDRAWAL_C_GAP_MED'}, {'CARD_WITHDRAWAL_B_GAP_MED'}]",0.31905060608280056,283,0.89296771340115,0.9694829047753603,3600
"[{'CARD_WITHDRAWAL_C_GAP_MED'}, {'CARD_WITHDRAWAL_C_GAP_MED'}, {'CARD_WITHDRAWAL_A_GAP_SHORT'}, {'CARD_WITHDRAWAL_C_GAP_MED'}, {'CARD_WITHDRAWAL_C_GAP_MED'}, {'CARD_WITHDRAWAL_C_GAP_MED'}, {'CARD_WITHDRAWAL_D_GAP_MED'}]",0.318903931937067,350,0.8851049191606467,0.9694829047753603,3600
"[{'PROFILE_REGION_HIGH_INCOME'}, {'DEPOSIT_B_GAP_SHORT'}, {'CARD_WITHDRAWAL_B_GAP_LONG'}, {'DEPOSIT_C_GAP_LONG'}, {'CARD_WITHDRAWAL_B_GAP_LONG'}]",0.3188943772230358,86,0.8902439024390244,0.9694829047753603,3600
"[{'CARD_WITHDRAWAL_C_GAP_MED'}, {'CARD_WITHDRAWAL_B_GAP_MED'}, {'CARD_WITHDRAWAL_A_GAP_SHORT'}, {'CARD_WITHDRAWAL_B_GAP_MED'}, {'CARD_WITHDRAWAL_A_GAP_SHORT'}, {'CARD_WITHDRAWAL_A_GAP_SHORT'}, {'CARD_WITHDRAWAL_D_GAP_SHORT'}, {'CARD_WITHDRAWAL_D_GAP_SHORT'}]",0.31885173966272373,259,0.8685792349726776,0.9694829047753603,3600
"[{'CARD_WITHDRAWAL_C_GAP_MED'}, {'CARD_WITHDRAWAL_D_GAP_MED'}, {'CARD_WITHDRAWAL_C_GAP_MED'}, {'CARD_WITHDRAWAL_C_GAP_MED'}, {'CARD_WITHDRAWAL_C_GAP_MED'}, {'CARD_WITHDRAWAL_C_GAP_MED'}]",0.3186900616905619,549,0.9047203885913564,0.9694829047753603,3600
"[{'CARD_WITHDRAWAL_D_GAP_MED'}, {'DEPOSIT_D_GAP_LONG'}, {'CARD_WITHDRAWAL_C_GAP_MED'}, {'CARD_WITHDRAWAL_D_GAP_MED'}, {'CARD_WITHDRAWAL_D_GAP_SHORT'}]",0.3180332001407795,526,0.9193201217249314,0.9694829047753603,3600
"[{'PROFILE_REGION_LOW_CRIME'}, {'CARD_WITHDRAWAL_B_GAP_MED'}, {'CARD_WITHDRAWAL_B_GAP_SHORT'}, {'CARD_WITHDRAWAL_B_GAP_MED'}, {'CARD_WITHDRAWAL_B_GAP_LONG'}, {'CARD_WITHDRAWAL_D_GAP_LONG'}, {'CARD_WITHDRAWAL_C_GAP_MED'}]",0.3179717804935759,88,0.8505747126436781,0.9694829047753603,3600
"[{'PROFILE_OLD_FEMALE'}, {'CARD_WITHDRAWAL_D_GAP_MED'}, {'CARD_WITHDRAWAL_D_GAP_MED'}, {'CARD_WITHDRAWAL_A_GAP_SHORT'}, {'CARD_WITHDRAWAL_C_GAP_MED'}, {'CARD_WITHDRAWAL_C_GAP_MED'}, {'CARD_WITHDRAWAL_C_GAP_MED'}]",0.3176995699906203,299,0.8819548872180452,0.9694829047753603,3600
"[{'PROFILE_OLD_MALE', 'PROFILE_REGION_LOW_INCOME'}, {'DEPOSIT_A_GAP_SHORT'}, {'CARD_WITHDRAWAL_A_GAP_SHORT'}, {'CARD_WITHDRAWAL_A_GAP_SHORT'}, {'CARD_WITHDRAWAL_C_GAP_MED'}, {'CARD_WITHDRAWAL_A_GAP_SHORT'}]",0.3176817008072971,202,0.8865860679332183,0.9694829047753603,3600
"[{'CARD_WITHDRAWAL_D_GAP_LONG'}, {'CARD_WITHDRAWAL_D_GAP_SHORT'}, {'CARD_WITHDRAWAL_B_GAP_SHORT'}, {'CARD_WITHDRAWAL_C_GAP_MED'}, {'CARD_WITHDRAWAL_D_GAP_MED'}, {'CARD_WITHDRAWAL_D_GAP_MED'}]",0.31746703873253335,392,0.8992941176470588,0.9694829047753603,3600
"[{'DEPOSIT_A_GAP_SHORT'}, {'CARD_WITHDRAWAL_D_GAP_LONG'}, {'CARD_WITHDRAWAL_B_GAP_LONG'}, {'CARD_WITHDRAWAL_D_GAP_MED'}, {'CARD_WITHDRAWAL_B_GAP_SHORT'}, {'CARD_WITHDRAWAL_D_GAP_MED'}, {'CARD_WITHDRAWAL_C_GAP_MED'}, {'CARD_WITHDRAWAL_D_GAP_MED'}]",0.31701778031997063,152,0.854586129753915,0.9694829047753603,3600
"[{'CARD_WITHDRAWAL_D_GAP_MED'}, {'CARD_WITHDRAWAL_A_GAP_SHORT'}, {'CARD_WITHDRAWAL_C_GAP_MED'}, {'CARD_WITHDRAWAL_D_GAP_MED'}, {'CARD_WITHDRAWAL_D_GAP_MED'}, {'CARD_WITHDRAWAL_A_GAP_SHORT'}]",0.31692027052141136,750,0.9099040214661668,0.9694829047753603,3600
"[{'CARD_WITHDRAWAL_D_GAP_MED'}, {'CARD_WITHDRAWAL_D_GAP_MED'}, {'CARD_WITHDRAWAL_D_GAP_SHORT'}, {'CARD_WITHDRAWAL_D_GAP_MED'}, {'CARD_WITHDRAWAL_C_GAP_MED'}, {'CARD_WITHDRAWAL_D_GAP_MED'}]",0.3168112495927645,684,0.9085365853658536,0.9694829047753603,3600
"[{'CARD_WITHDRAWAL_D_GAP_MED'}, {'CARD_WITHDRAWAL_C_GAP_MED'}, {'CARD_WITHDRAWAL_C_GAP_SHORT'}, {'CARD_WITHDRAWAL_C_GAP_MED'}, {'CARD_WITHDRAWAL_C_GAP_MED'}, {'CARD_WITHDRAWAL_A_GAP_SHORT'}]",0.3157173772317773,458,0.9023364485981309,0.9694829047753603,3600
"[{'CARD_WITHDRAWAL_B_GAP_MED'}, {'CARD_WITHDRAWAL_D_GAP_MED'}, {'CARD_WITHDRAWAL_B_GAP_MED'}, {'CARD_WITHDRAWAL_D_GAP_MED'}, {'CARD_WITHDRAWAL_D_GAP_SHORT'}, {'CARD_WITHDRAWAL_A_GAP_SHORT'}]",0.3156386685857756,558,0.9055867665418227,0.9694829047753603,3600
"[{'DEPOSIT_A_GAP_SHORT'}, {'CARD_WITHDRAWAL_A_GAP_SHORT'}, {'CARD_WITHDRAWAL_D_GAP_MED'}, {'CARD_WITHDRAWAL_A_GAP_SHORT'}, {'CARD_WITHDRAWAL_C_GAP_MED'}, {'CARD_WITHDRAWAL_D_GAP_SHORT'}]",0.31514010032806317,544,0.9052793834296724,0.9694829047753603,3600
"[{'CARD_WITHDRAWAL_D_GAP_LONG'}, {'CARD_WITHDRAWAL_D_GAP_LONG'}, {'CARD_WITHDRAWAL_C_GAP_MED'}, {'CARD_WITHDRAWAL_B_GAP_MED'}, {'CARD_WITHDRAWAL_D_GAP_MED'}, {'CARD_WITHDRAWAL_D_GAP_SHORT'}]",0.31489719550925255,465,0.9027613877743687,0.9694829047753603,3600
"[{'PROFILE_REGION_HIGH_EDU', 'PROFILE_REGION_HIGH_CRIME'}, {'CARD_WITHDRAWAL_A_GAP_SHORT'}, {'CARD_WITHDRAWAL_C_GAP_SHORT'}, {'CARD_WITHDRAWAL_D_GAP_MED'}, {'CARD_WITHDRAWAL_B_GAP_MED'}]",0.31472675227032687,191,0.9059829059829059,0.9694829047753603,3600
"[{'CARD_WITHDRAWAL_D_GAP_LONG'}, {'CARD_WITHDRAWAL_A_GAP_SHORT'}, {'CARD_WITHDRAWAL_C_GAP_MED'}, {'CARD_WITHDRAWAL_B_GAP_MED'}, {'CARD_WITHDRAWAL_C_GAP_MED'}, {'CARD_WITHDRAWAL_D_GAP_MED'}]",0.31465330719280926,549,0.9055234425176623,0.9694829047753603,3600
"[{'CARD_WITHDRAWAL_B_GAP_SHORT'}, {'CARD_WITHDRAWAL_C_GAP_MED'}, {'CARD_WITHDRAWAL_C_GAP_MED'}, {'CARD_WITHDRAWAL_D_GAP_MED'}, {'CARD_WITHDRAWAL_D_GAP_SHORT'}, {'CARD_WITHDRAWAL_C_GAP_MED'}, {'CARD_WITHDRAWAL_A_GAP_SHORT'}]",0.31463039026484874,180,0.8708079268292683,0.9694829047753603,3600
"[{'DEPOSIT_D_GAP_LONG'}, {'DEPOSIT_D_GAP_MED'}, {'CARD_WITHDRAWAL_C_GAP_LONG'}, {'CARD_WITHDRAWAL_C_GAP_MED'}, {'CARD_WITHDRAWAL_C_GAP_MED'}, {'CARD_WITHDRAWAL_D_GAP_SHORT'}]",0.31436631537280024,299,0.8950971731448764,0.9694829047753603,3600
"[{'CARD_WITHDRAWAL_D_GAP_SHORT'}, {'CARD_WITHDRAWAL_D_GAP_SHORT'}, {'CARD_WITHDRAWAL_D_GAP_SHORT'}, {'CARD_WITHDRAWAL_C_GAP_SHORT'}, {'CARD_WITHDRAWAL_C_GAP_SHORT'}]",0.31418452082678316,366,0.9156695156695157,0.9694829047753603,3600
"[{'PROFILE_REGION_LOW_CRIME'}, {'DEPOSIT_A_GAP_SHORT'}, {'CARD_WITHDRAWAL_B_GAP_MED'}, {'CARD_WITHDRAWAL_C_GAP_MED'}, {'CARD_WITHDRAWAL_D_GAP_SHORT'}]",0.3141154337106441,413,0.9172901080631753,0.9694829047753603,3600
"[{'CARD_WITHDRAWAL_B_GAP_MED'}, {'CARD_WITHDRAWAL_C_GAP_MED'}, {'CARD_WITHDRAWAL_D_GAP_MED'}, {'CARD_WITHDRAWAL_D_GAP_MED'}, {'CARD_WITHDRAWAL_C_GAP_MED'}, {'CARD_WITHDRAWAL_C_GAP_SHORT'}]",0.31319439661292003,387,0.9,0.9694829047753603,3600
"[{'PROFILE_REGION_LOW_INCOME', 'PROFILE_REGION_LOW_CRIME', 'PROFILE_REGION_LOW_EDU'}, {'CARD_WITHDRAWAL_A_GAP_SHORT'}, {'CARD_WITHDRAWAL_B_GAP_MED'}, {'CARD_WITHDRAWAL_A_GAP_SHORT'}, {'CARD_WITHDRAWAL_C_GAP_MED'}]",0.3130042628903833,199,0.9072164948453608,0.9694829047753603,3600
"[{'CARD_WITHDRAWAL_C_GAP_MED'}, {'CARD_WITHDRAWAL_C_GAP_MED'}, {'CARD_WITHDRAWAL_D_GAP_MED'}, {'CARD_WITHDRAWAL_D_GAP_SHORT'}, {'CARD_WITHDRAWAL_D_GAP_SHORT'}, {'CARD_WITHDRAWAL_A_GAP_SHORT'}, {'CARD_WITHDRAWAL_D_GAP_LONG'}, {'CARD_WITHDRAWAL_C_GAP_LONG'}]",0.3121252015686009,120,0.8486956521739131,0.9694829047753603,3600
"[{'PROFILE_REGION_HIGH_INCOME', 'PROFILE_REGION_HIGH_CRIME'}, {'CARD_WITHDRAWAL_D_GAP_MED'}, {'CARD_WITHDRAWAL_C_GAP_MED'}, {'CARD_WITHDRAWAL_C_GAP_MED'}, {'CARD_WITHDRAWAL_C_GAP_MED'}, {'CARD_WITHDRAWAL_D_GAP_MED'}]",0.3118216393069102,396,0.9006984126984128,0.9694829047753603,3600
"[{'DEPOSIT_D_GAP_SHORT'}, {'CARD_WITHDRAWAL_D_GAP_MED'}, {'DEPOSIT_D_GAP_MED'}, {'CARD_WITHDRAWAL_A_GAP_MED'}, {'DEPOSIT_C_GAP_MED'}, {'CARD_WITHDRAWAL_A_GAP_SHORT'}, {'CARD_WITHDRAWAL_C_GAP_SHORT'}]",0.3117769174578504,43,0.8292682926829269,0.9694829047753603,3600
"[{'DEPOSIT_D_GAP_LONG'}, {'DEPOSIT_C_GAP_LONG'}, {'DEPOSIT_D_GAP_LONG'}, {'CARD_WITHDRAWAL_D_GAP_MED'}, {'CARD_WITHDRAWAL_C_GAP_MED'}, {'CARD_WITHDRAWAL_C_GAP_MED'}]",0.3117690454297595,220,0.8898237179487178,0.9694829047753603,3600
"[{'CARD_WITHDRAWAL_D_GAP_LONG'}, {'CARD_WITHDRAWAL_D_GAP_MED'}, {'CARD_WITHDRAWAL_D_GAP_MED'}, {'CARD_WITHDRAWAL_D_GAP_MED'}, {'CARD_WITHDRAWAL_C_GAP_SHORT'}, {'CARD_WITHDRAWAL_D_GAP_MED'}]",0.3113453623123674,523,0.9054167248359626,0.9694829047753603,3600
"[{'CARD_WITHDRAWAL_B_GAP_MED'}, {'CARD_WITHDRAWAL_D_GAP_SHORT'}, {'CARD_WITHDRAWAL_B_GAP_MED'}, {'CARD_WITHDRAWAL_C_GAP_MED'}, {'CARD_WITHDRAWAL_C_GAP_MED'}, {'CARD_WITHDRAWAL_A_GAP_SHORT'}]",0.3112928370097522,426,0.9020566661872573,0.9694829047753603,3600
"[{'CARD_WITHDRAWAL_C_GAP_MED'}, {'CARD_WITHDRAWAL_C_GAP_MED'}, {'CARD_WITHDRAWAL_D_GAP_MED'}, {'CARD_WITHDRAWAL_D_GAP_MED'}, {'CARD_WITHDRAWAL_D_GAP_MED'}, {'CARD_WITHDRAWAL_D_GAP_LONG'}]",0.31087135301019786,451,0.9031007751937985,0.9694829047753603,3600
"[{'CARD_WITHDRAWAL_D_GAP_LONG'}, {'CARD_WITHDRAWAL_C_GAP_MED'}, {'CARD_WITHDRAWAL_D_GAP_MED'}, {'CARD_WITHDRAWAL_D_GAP_MED'}, {'CARD_WITHDRAWAL_C_GAP_MED'}, {'CARD_WITHDRAWAL_A_GAP_SHORT'}]",0.31083296418348727,549,0.9062928434329586,0.9694829047753603,3600
"[{'CARD_WITHDRAWAL_D_GAP_SHORT'}, {'CARD_WITHDRAWAL_D_GAP_SHORT'}, {'CARD_WITHDRAWAL_D_GAP_LONG'}, {'CARD_WITHDRAWAL_D_GAP_MED'}, {'CARD_WITHDRAWAL_B_GAP_LONG'}, {'CARD_WITHDRAWAL_D_GAP_MED'}, {'CARD_WITHDRAWAL_D_GAP_SHORT'}]",0.31060797384848404,155,0.868,0.9694829047753603,3600
"[{'PROFILE_REGION_HIGH_EDU', 'PROFILE_REGION_HIGH_INCOME'}, {'CARD_WITHDRAWAL_C_GAP_LONG'}, {'CARD_WITHDRAWAL_B_GAP_SHORT'}, {'CARD_WITHDRAWAL_C_GAP_MED'}, {'CARD_WITHDRAWAL_B_GAP_LONG'}]",0.3103356919027277,138,0.9022556390977443,0.9694829047753603,3600
"[{'PROFILE_REGION_HIGH_CRIME'}, {'CARD_WITHDRAWAL_D_GAP_MED'}, {'CARD_WITHDRAWAL_C_GAP_MED'}, {'CARD_WITHDRAWAL_C_GAP_MED'}, {'CARD_WITHDRAWAL_D_GAP_MED'}, {'CARD_WITHDRAWAL_D_GAP_MED'}]",0.31032567593319893,516,0.9054103790945897,0.9694829047753603,3600
"[{'CARD_WITHDRAWAL_D_GAP_MED'}, {'CARD_WITHDRAWAL_D_GAP_MED'}, {'CARD_WITHDRAWAL_D_GAP_MED'}, {'CARD_WITHDRAWAL_D_GAP_MED'}, {'CARD_WITHDRAWAL_C_GAP_MED'}, {'CARD_WITHDRAWAL_D_GAP_SHORT'}, {'CARD_WITHDRAWAL_D_GAP_SHORT'}, {'CARD_WITHDRAWAL_C_GAP_MED'}, {'CARD_WITHDRAWAL_C_GAP_MED'}]",0.31009063217990396,219,0.8573562359970127,0.9694829047753603,3600
"[{'PROFILE_REGION_LOW_CRIME', 'PROFILE_REGION_LOW_INCOME'}, {'CARD_WITHDRAWAL_C_GAP_LONG'}, {'CARD_WITHDRAWAL_C_GAP_MED'}, {'CARD_WITHDRAWAL_B_GAP_MED'}, {'DEPOSIT_B_GAP_LONG'}, {'CARD_WITHDRAWAL_A_GAP_SHORT'}]",0.30946826922531856,54,0.8571428571428571,0.9694829047753603,3600
"[{'DEPOSIT_A_GAP_SHORT'}, {'DEPOSIT_D_GAP_LONG'}, {'CARD_WITHDRAWAL_B_GAP_LONG'}, {'CARD_WITHDRAWAL_A_GAP_SHORT'}, {'DEPOSIT_C_GAP_MED'}, {'CARD_WITHDRAWAL_A_GAP_LONG'}, {'CARD_WITHDRAWAL_A_GAP_LONG'}, {'CARD_WITHDRAWAL_D_GAP_SHORT'}]",0.30924594502007197,25,0.7916666666666666,0.9694829047753603,3600
"[{'CARD_WITHDRAWAL_D_GAP_SHORT'}, {'CARD_WITHDRAWAL_A_GAP_SHORT'}, {'CARD_WITHDRAWAL_D_GAP_MED'}, {'CARD_WITHDRAWAL_C_GAP_MED'}, {'CARD_WITHDRAWAL_D_GAP_MED'}, {'CARD_WITHDRAWAL_D_GAP_MED'}]",0.3091877326214616,580,0.9074843498975127,0.9694829047753603,3600
"[{'CARD_WITHDRAWAL_B_GAP_LONG'}, {'CARD_WITHDRAWAL_D_GAP_MED'}, {'CARD_WITHDRAWAL_D_GAP_MED'}, {'CARD_WITHDRAWAL_C_GAP_SHORT'}, {'CARD_WITHDRAWAL_C_GAP_MED'}, {'CARD_WITHDRAWAL_C_GAP_MED'}]",0.30871428423213054,273,0.8947467876039304,0.9694829047753603,3600
"[{'CARD_WITHDRAWAL_C_GAP_MED'}, {'CARD_WITHDRAWAL_D_GAP_MED'}, {'CARD_WITHDRAWAL_D_GAP_SHORT'}, {'CARD_WITHDRAWAL_C_GAP_MED'}, {'CARD_WITHDRAWAL_C_GAP_MED'}, {'CARD_WITHDRAWAL_C_GAP_SHORT'}]",0.30860126265051524,327,0.8980703392468098,0.9694829047753603,3600
"[{'PROFILE_OLD_MALE'}, {'CARD_WITHDRAWAL_C_GAP_MED'}, {'CARD_WITHDRAWAL_D_GAP_SHORT'}, {'CARD_WITHDRAWAL_A_GAP_SHORT'}, {'CARD_WITHDRAWAL_B_GAP_MED'}]",0.3084891737728578,410,0.9188141832978105,0.9694829047753603,3600
"[{'CARD_WITHDRAWAL_C_GAP_MED'}, {'CARD_WITHDRAWAL_D_GAP_MED'}, {'CARD_WITHDRAWAL_D_GAP_MED'}, {'CARD_WITHDRAWAL_C_GAP_MED'}, {'CARD_WITHDRAWAL_C_GAP_SHORT'}, {'CARD_WITHDRAWAL_B_GAP_LONG'}]",0.30809687779382855,316,0.897575099529497,0.9694829047753603,3600
"[{'PROFILE_REGION_LOW_CRIME'}, {'DEPOSIT_A_GAP_SHORT'}, {'CARD_WITHDRAWAL_B_GAP_LONG'}, {'CARD_WITHDRAWAL_A_GAP_SHORT'}, {'CARD_WITHDRAWAL_B_GAP_SHORT'}, {'CARD_WITHDRAWAL_C_GAP_MED'}, {'CARD_WITHDRAWAL_C_GAP_MED'}, {'CARD_WITHDRAWAL_C_GAP_MED'}]",0.3079056819921513,156,0.8572635135135135,0.9694829047753603,3600
"[{'CARD_WITHDRAWAL_D_GAP_MED'}, {'CARD_WITHDRAWAL_A_GAP_SHORT'}, {'CARD_WITHDRAWAL_A_GAP_SHORT'}, {'CARD_WITHDRAWAL_D_GAP_SHORT'}, {'CARD_WITHDRAWAL_A_GAP_SHORT'}, {'CARD_WITHDRAWAL_C_GAP_MED'}, {'CARD_WITHDRAWAL_D_GAP_MED'}]",0.30788402856964436,513,0.8947243721371032,0.9694829047753603,3600
"[{'CARD_WITHDRAWAL_C_GAP_MED'}, {'CARD_WITHDRAWAL_C_GAP_SHORT'}, {'CARD_WITHDRAWAL_C_GAP_MED'}, {'CARD_WITHDRAWAL_C_GAP_MED'}, {'CARD_WITHDRAWAL_C_GAP_MED'}, {'CARD_WITHDRAWAL_C_GAP_SHORT'}, {'CARD_WITHDRAWAL_C_GAP_MED'}, {'CARD_WITHDRAWAL_C_GAP_MED'}]",0.30731190465327285,119,0.8495412844036697,0.9694829047753603,3600
"[{'CARD_WITHDRAWAL_D_GAP_MED'}, {'CARD_WITHDRAWAL_D_GAP_MED'}, {'CARD_WITHDRAWAL_D_GAP_MED'}, {'CARD_WITHDRAWAL_C_GAP_MED'}, {'CARD_WITHDRAWAL_D_GAP_MED'}, {'CARD_WITHDRAWAL_C_GAP_MED'}]",0.30725152591439364,814,0.9128798155181769,0.9694829047753603,3600
"[{'PROFILE_REGION_LOW_EDU'}, {'DEPOSIT_C_GAP_LONG'}, {'CARD_WITHDRAWAL_C_GAP_MED'}, {'CARD_WITHDRAWAL_A_GAP_SHORT'}, {'CARD_WITHDRAWAL_B_GAP_LONG'}, {'CARD_WITHDRAWAL_A_GAP_MED'}]",0.3071340572793483,115,0.8771929824561404,0.9694829047753603,3600
"[{'CARD_WITHDRAWAL_D_GAP_LONG'}, {'CARD_WITHDRAWAL_B_GAP_LONG'}, {'CARD_WITHDRAWAL_D_GAP_SHORT'}, {'CARD_WITHDRAWAL_D_GAP_MED'}, {'CARD_WITHDRAWAL_D_GAP_MED'}, {'CARD_WITHDRAWAL_D_GAP_MED'}, {'CARD_WITHDRAWAL_B_GAP_MED'}, {'CARD_WITHDRAWAL_A_GAP_SHORT'}, {'CARD_WITHDRAWAL_D_GAP_SHORT'}, {'CARD_WITHDRAWAL_D_GAP_MED'}]",0.30712090638670464,72,0.8125,0.9694829047753603,3600
"[{'DEPOSIT_A_GAP_SHORT'}, {'CARD_WITHDRAWAL_D_GAP_MED'}, {'CARD_WITHDRAWAL_D_GAP_SHORT'}, {'CARD_WITHDRAWAL_B_GAP_MED'}, {'CARD_WITHDRAWAL_A_GAP_SHORT'}, {'CARD_WITHDRAWAL_C_GAP_MED'}, {'CARD_WITHDRAWAL_D_GAP_SHORT'}]",0.30690245982438147,367,0.8883847549909255,0.9694829047753603,3600
"[{'CARD_WITHDRAWAL_D_GAP_LONG'}, {'CARD_WITHDRAWAL_B_GAP_LONG'}, {'CARD_WITHDRAWAL_D_GAP_MED'}, {'CARD_WITHDRAWAL_B_GAP_SHORT'}, {'CARD_WITHDRAWAL_C_GAP_MED'}, {'CARD_WITHDRAWAL_D_GAP_MED'}]",0.3068713251130435,313,0.8976923076923077,0.9694829047753603,3600
"[{'DEPOSIT_D_GAP_LONG'}, {'CARD_WITHDRAWAL_C_GAP_MED'}, {'CARD_WITHDRAWAL_C_GAP_MED'}, {'CARD_WITHDRAWAL_C_GAP_MED'}, {'CARD_WITHDRAWAL_C_GAP_MED'}, {'CARD_WITHDRAWAL_D_GAP_MED'}]",0.3067858952951895,494,0.9054505005561735,0.9694829047753603,3600
"[{'CARD_WITHDRAWAL_B_GAP_MED'}, {'CARD_WITHDRAWAL_B_GAP_MED'}, {'CARD_WITHDRAWAL_C_GAP_MED'}, {'CARD_WITHDRAWAL_D_GAP_MED'}, {'CARD_WITHDRAWAL_C_GAP_MED'}, {'CARD_WITHDRAWAL_C_GAP_MED'}, {'CARD_WITHDRAWAL_C_GAP_MED'}]",0.30665161207412617,324,0.8858683926645092,0.9694829047753603,3600
"[{'CARD_WITHDRAWAL_C_GAP_MED'}, {'CARD_WITHDRAWAL_C_GAP_MED'}, {'CARD_WITHDRAWAL_D_GAP_MED'}, {'CARD_WITHDRAWAL_D_GAP_MED'}, {'CARD_WITHDRAWAL_C_GAP_MED'}, {'CARD_WITHDRAWAL_D_GAP_SHORT'}, {'CARD_WITHDRAWAL_D_GAP_MED'}]",0.30635936254018903,329,0.8862459546925566,0.9694829047753603,3600
"[{'CARD_WITHDRAWAL_C_GAP_LONG'}, {'CARD_WITHDRAWAL_C_GAP_MED'}, {'CARD_WITHDRAWAL_B_GAP_MED'}, {'DEPOSIT_C_GAP_MED'}, {'CARD_WITHDRAWAL_D_GAP_MED'}]",0.3062599619029782,195,0.9092592592592592,0.9694829047753603,3600
"[{'PROFILE_REGION_HIGH_EDU'}, {'DEPOSIT_A_GAP_SHORT'}, {'CARD_WITHDRAWAL_C_GAP_LONG'}, {'CARD_WITHDRAWAL_B_GAP_MED'}, {'CARD_WITHDRAWAL_A_GAP_SHORT'}, {'DEPOSIT_D_GAP_LONG'}]",0.30578618157036197,200,0.8894736842105263,0.9694829047753603,3600
"[{'PROFILE_REGION_HIGH_EDU'}, {'CARD_WITHDRAWAL_B_GAP_MED'}, {'CARD_WITHDRAWAL_C_GAP_SHORT'}, {'CARD_WITHDRAWAL_C_GAP_MED'}, {'CARD_WITHDRAWAL_C_GAP_SHORT'}]",0.30555179235377405,296,0.9154543537845246,0.9694829047753603,3600
"[{'PROFILE_OLD_FEMALE'}, {'CARD_WITHDRAWAL_D_GAP_LONG'}, {'CARD_WITHDRAWAL_C_GAP_MED'}, {'CARD_WITHDRAWAL_A_GAP_SHORT'}, {'CARD_WITHDRAWAL_C_GAP_MED'}, {'CARD_WITHDRAWAL_C_GAP_MED'}, {'CARD_WITHDRAWAL_B_GAP_MED'}]",0.3055469843376045,233,0.8789237668161434,0.9694829047753603,3600
"[{'CARD_WITHDRAWAL_D_GAP_MED'}, {'CARD_WITHDRAWAL_C_GAP_SHORT'}, {'CARD_WITHDRAWAL_A_GAP_SHORT'}, {'CARD_WITHDRAWAL_D_GAP_MED'}, {'CARD_WITHDRAWAL_A_GAP_SHORT'}, {'CARD_WITHDRAWAL_C_GAP_MED'}]",0.3051377508485905,508,0.9062422437329363,0.9694829047753603,3600
"[{'CARD_WITHDRAWAL_C_GAP_MED'}, {'CARD_WITHDRAWAL_C_GAP_LONG'}, {'DEPOSIT_D_GAP_MED'}, {'DEPOSIT_B_GAP_LONG'}, {'CARD_WITHDRAWAL_D_GAP_MED'}]",0.30497566182357316,66,0.8911290322580645,0.9694829047753603,3600
"[{'CARD_WITHDRAWAL_D_GAP_MED'}, {'CARD_WITHDRAWAL_D_GAP_MED'}, {'CARD_WITHDRAWAL_D_GAP_MED'}, {'CARD_WITHDRAWAL_D_GAP_MED'}, {'CARD_WITHDRAWAL_D_GAP_SHORT'}, {'CARD_WITHDRAWAL_D_GAP_LONG'}]",0.3048462039359495,658,0.9102607709750568,0.9694829047753603,3600
"[{'CARD_WITHDRAWAL_C_GAP_MED'}, {'CARD_WITHDRAWAL_D_GAP_MED'}, {'CARD_WITHDRAWAL_C_GAP_MED'}, {'CARD_WITHDRAWAL_A_GAP_SHORT'}, {'CARD_WITHDRAWAL_D_GAP_MED'}, {'CARD_WITHDRAWAL_C_GAP_MED'}, {'CARD_WITHDRAWAL_D_GAP_MED'}, {'CARD_WITHDRAWAL_D_GAP_SHORT'}, {'CARD_WITHDRAWAL_D_GAP_SHORT'}, {'CARD_WITHDRAWAL_D_GAP_SHORT'}]",0.3046561756949959,93,0.8227513227513228,0.9694829047753603,3600
"[{'CARD_WITHDRAWAL_D_GAP_MED'}, {'CARD_WITHDRAWAL_D_GAP_SHORT'}, {'CARD_WITHDRAWAL_D_GAP_MED'}, {'CARD_WITHDRAWAL_D_GAP_MED'}, {'CARD_WITHDRAWAL_C_GAP_SHORT'}, {'CARD_WITHDRAWAL_D_GAP_MED'}, {'CARD_WITHDRAWAL_D_GAP_MED'}]",0.3044411213834466,382,0.8896648044692738,0.9694829047753603,3600
"[{'PROFILE_OLD_FEMALE', 'PROFILE_REGION_HIGH_INCOME'}, {'DEPOSIT_A_GAP_SHORT'}, {'CARD_WITHDRAWAL_D_GAP_MED'}, {'CARD_WITHDRAWAL_B_GAP_MED'}, {'CARD_WITHDRAWAL_B_GAP_MED'}, {'CARD_WITHDRAWAL_C_GAP_MED'}, {'CARD_WITHDRAWAL_D_GAP_MED'}, {'CARD_WITHDRAWAL_C_GAP_MED'}]",0.3041689915143735,109,0.8476190476190476,0.9694829047753603,3600
"[{'CARD_WITHDRAWAL_D_GAP_MED'}, {'CARD_WITHDRAWAL_D_GAP_MED'}, {'CARD_WITHDRAWAL_D_GAP_MED'}, {'CARD_WITHDRAWAL_C_GAP_MED'}, {'CARD_WITHDRAWAL_D_GAP_SHORT'}, {'CARD_WITHDRAWAL_D_GAP_SHORT'}]",0.30392796739814754,718,0.9117164723032071,0.9694829047753603,3600
"[{'CARD_WITHDRAWAL_D_GAP_MED'}, {'CARD_WITHDRAWAL_D_GAP_MED'}, {'CARD_WITHDRAWAL_A_GAP_SHORT'}, {'CARD_WITHDRAWAL_D_GAP_SHORT'}, {'CARD_WITHDRAWAL_C_GAP_MED'}, {'CARD_WITHDRAWAL_A_GAP_SHORT'}, {'CARD_WITHDRAWAL_D_GAP_MED'}]",0.3033704417697214,537,0.8963689179375454,0.9694829047753603,3600
"[{'CARD_WITHDRAWAL_C_GAP_MED'}, {'CARD_WITHDRAWAL_C_GAP_MED'}, {'CARD_WITHDRAWAL_C_GAP_MED'}, {'CARD_WITHDRAWAL_C_GAP_LONG'}, {'CARD_WITHDRAWAL_C_GAP_MED'}, {'CARD_WITHDRAWAL_D_GAP_SHORT'}, {'CARD_WITHDRAWAL_B_GAP_LONG'}, {'CARD_WITHDRAWAL_B_GAP_MED'}, {'CARD_WITHDRAWAL_D_GAP_MED'}]",0.30310315167430635,29,0.7857142857142857,0.9694829047753603,3600
"[{'PROFILE_REGION_HIGH_EDU', 'PROFILE_REGION_HIGH_INCOME', 'PROFILE_REGION_HIGH_CRIME'}, {'DEPOSIT_A_GAP_SHORT'}, {'DEPOSIT_D_GAP_LONG'}, {'DEPOSIT_C_GAP_LONG'}, {'DEPOSIT_C_GAP_LONG'}]",0.30249355254631316,66,0.8923076923076922,0.9694829047753603,3600
"[{'CARD_WITHDRAWAL_D_GAP_MED'}, {'CARD_WITHDRAWAL_D_GAP_MED'}, {'CARD_WITHDRAWAL_D_GAP_MED'}, {'CARD_WITHDRAWAL_D_GAP_MED'}, {'CARD_WITHDRAWAL_C_GAP_MED'}, {'CARD_WITHDRAWAL_C_GAP_MED'}]",0.3018607189210065,864,0.9147126290302026,0.9694829047753603,3600
"[{'DEPOSIT_D_GAP_LONG'}, {'CARD_WITHDRAWAL_A_GAP_SHORT'}, {'CARD_WITHDRAWAL_C_GAP_MED'}, {'CARD_WITHDRAWAL_D_GAP_SHORT'}, {'CARD_WITHDRAWAL_D_GAP_SHORT'}, {'CARD_WITHDRAWAL_D_GAP_SHORT'}]",0.30151421256487243,364,0.901580459770115,0.9694829047753603,3600
"[{'CARD_WITHDRAWAL_C_GAP_MED'}, {'CARD_WITHDRAWAL_C_GAP_MED'}, {'CARD_WITHDRAWAL_C_GAP_MED'}, {'CARD_WITHDRAWAL_D_GAP_MED'}, {'CARD_WITHDRAWAL_D_GAP_MED'}, {'CARD_WITHDRAWAL_C_GAP_LONG'}, {'CARD_WITHDRAWAL_C_GAP_LONG'}]",0.3014393013844566,156,0.8703604088219473,0.9694829047753603,3600
"[{'PROFILE_REGION_LOW_EDU'}, {'CARD_WITHDRAWAL_C_GAP_MED'}, {'CARD_WITHDRAWAL_C_GAP_MED'}, {'CARD_WITHDRAWAL_C_GAP_SHORT'}, {'CARD_WITHDRAWAL_C_GAP_MED'}, {'CARD_WITHDRAWAL_C_GAP_MED'}]",0.30113638400035836,301,0.8983682983682983,0.9694829047753603,3600
"[{'CARD_WITHDRAWAL_D_GAP_MED'}, {'CARD_WITHDRAWAL_D_GAP_MED'}, {'CARD_WITHDRAWAL_A_GAP_SHORT'}, {'CARD_WITHDRAWAL_C_GAP_MED'}, {'CARD_WITHDRAWAL_A_GAP_SHORT'}, {'CARD_WITHDRAWAL_D_GAP_MED'}]",0.3002749529482077,835,0.9145419917675247,0.9694829047753603,3600
"[{'CARD_WITHDRAWAL_D_GAP_MED'}, {'CARD_WITHDRAWAL_D_GAP_SHORT'}, {'CARD_WITHDRAWAL_D_GAP_SHORT'}, {'CARD_WITHDRAWAL_D_GAP_SHORT'}, {'CARD_WITHDRAWAL_A_GAP_SHORT'}, {'CARD_WITHDRAWAL_D_GAP_SHORT'}]",0.29965350081813225,548,0.9085724161769788,0.9694829047753603,3600
"[{'CARD_WITHDRAWAL_C_GAP_MED'}, {'CARD_WITHDRAWAL_D_GAP_MED'}, {'CARD_WITHDRAWAL_D_GAP_MED'}, {'CARD_WITHDRAWAL_D_GAP_MED'}, {'CARD_WITHDRAWAL_D_GAP_SHORT'}, {'CARD_WITHDRAWAL_D_GAP_SHORT'}]",0.29955434324070507,638,0.9108646003262643,0.9694829047753603,3600
"[{'CARD_WITHDRAWAL_A_GAP_SHORT'}, {'CARD_WITHDRAWAL_B_GAP_MED'}, {'CARD_WITHDRAWAL_C_GAP_MED'}, {'CARD_WITHDRAWAL_D_GAP_LONG'}, {'CARD_WITHDRAWAL_D_GAP_MED'}, {'CARD_WITHDRAWAL_D_GAP_SHORT'}]",0.2992219281128421,262,0.896341463414634,0.9694829047753603,3600
"[{'PROFILE_REGION_LOW_INCOME'}, {'CARD_WITHDRAWAL_B_GAP_MED'}, {'CARD_WITHDRAWAL_C_GAP_SHORT'}, {'CARD_WITHDRAWAL_B_GAP_MED'}, {'CARD_WITHDRAWAL_A_GAP_SHORT'}, {'CARD_WITHDRAWAL_D_GAP_SHORT'}]",0.2988694483926566,223,0.8934272300469484,0.9694829047753603,3600
"[{'PROFILE_REGION_HIGH_EDU', 'PROFILE_REGION_HIGH_CRIME'}, {'DEPOSIT_A_GAP_SHORT'}, {'CARD_WITHDRAWAL_C_GAP_LONG'}, {'CARD_WITHDRAWAL_D_GAP_MED'}, {'CARD_WITHDRAWAL_D_GAP_MED'}, {'CARD_WITHDRAWAL_A_GAP_SHORT'}, {'CARD_WITHDRAWAL_C_GAP_MED'}, {'CARD_WITHDRAWAL_C_GAP_MED'}, {'CARD_WITHDRAWAL_C_GAP_MED'}]",0.2987653632959777,69,0.8225806451612903,0.9694829047753603,3600
"[{'CARD_WITHDRAWAL_D_GAP_MED'}, {'CARD_WITHDRAWAL_D_GAP_MED'}, {'CARD_WITHDRAWAL_D_GAP_MED'}, {'CARD_WITHDRAWAL_D_GAP_MED'}, {'CARD_WITHDRAWAL_A_GAP_SHORT'}, {'CARD_WITHDRAWAL_C_GAP_MED'}]",0.29859054696944176,867,0.9153723498494065,0.9694829047753603,3600
"[{'DEPOSIT_A_GAP_SHORT'}, {'CARD_WITHDRAWAL_D_GAP_MED'}, {'CARD_WITHDRAWAL_B_GAP_MED'}, {'CARD_WITHDRAWAL_D_GAP_SHORT'}, {'CARD_WITHDRAWAL_C_GAP_MED'}, {'CARD_WITHDRAWAL_C_GAP_MED'}]",0.29841048434338346,504,0.9075520833333333,0.9694829047753603,3600
"[{'CARD_WITHDRAWAL_D_GAP_MED'}, {'CARD_WITHDRAWAL_C_GAP_SHORT'}, {'CARD_WITHDRAWAL_C_GAP_SHORT'}, {'CARD_WITHDRAWAL_C_GAP_SHORT'}, {'CARD_WITHDRAWAL_C_GAP_LONG'}]",0.2980935450938329,265,0.9164715066354411,0.9694829047753603,3600
"[{'DEPOSIT_A_GAP_SHORT'}, {'CARD_WITHDRAWAL_D_GAP_MED'}, {'CARD_WITHDRAWAL_D_GAP_MED'}, {'CARD_WITHDRAWAL_C_GAP_MED'}, {'CARD_WITHDRAWAL_D_GAP_SHORT'}, {'CARD_WITHDRAWAL_D_GAP_SHORT'}, {'CARD_WITHDRAWAL_C_GAP_MED'}, {'CARD_WITHDRAWAL_D_GAP_SHORT'}, {'CARD_WITHDRAWAL_A_GAP_SHORT'}, {'CARD_WITHDRAWAL_C_GAP_MED'}]",0.297397406181769,115,0.8318042813455657,0.9694829047753603,3600
"[{'CARD_WITHDRAWAL_D_GAP_MED'}, {'CARD_WITHDRAWAL_D_GAP_SHORT'}, {'CARD_WITHDRAWAL_D_GAP_MED'}, {'CARD_WITHDRAWAL_C_GAP_MED'}, {'CARD_WITHDRAWAL_D_GAP_SHORT'}, {'CARD_WITHDRAWAL_D_GAP_MED'}, {'CARD_WITHDRAWAL_D_GAP_MED'}]",0.2968994820630203,413,0.8926421404682274,0.9694829047753603,3600
"[{'CARD_WITHDRAWAL_C_GAP_MED'}, {'CARD_WITHDRAWAL_A_GAP_SHORT'}, {'CARD_WITHDRAWAL_A_GAP_SHORT'}, {'CARD_WITHDRAWAL_D_GAP_SHORT'}, {'CARD_WITHDRAWAL_A_GAP_SHORT'}, {'CARD_WITHDRAWAL_A_GAP_SHORT'}]",0.29676526629152167,730,0.9133548554677353,0.9694829047753603,3600
"[{'PROFILE_REGION_LOW_INCOME'}, {'CARD_WITHDRAWAL_D_GAP_SHORT'}, {'CARD_WITHDRAWAL_B_GAP_MED'}, {'CARD_WITHDRAWAL_A_GAP_SHORT'}, {'CARD_WITHDRAWAL_C_GAP_SHORT'}]",0.29663336378796346,317,0.9192813765182186,0.9694829047753603,3600
"[{'CARD_WITHDRAWAL_D_GAP_MED'}, {'CARD_WITHDRAWAL_D_GAP_MED'}, {'CARD_WITHDRAWAL_D_GAP_MED'}, {'CARD_WITHDRAWAL_C_GAP_MED'}, {'CARD_WITHDRAWAL_B_GAP_SHORT'}, {'CARD_WITHDRAWAL_C_GAP_MED'}]",0.2959311324015974,665,0.912200044853106,0.9694829047753603,3600
"[{'CARD_WITHDRAWAL_C_GAP_MED'}, {'CARD_WITHDRAWAL_C_GAP_MED'}, {'CARD_WITHDRAWAL_C_GAP_MED'}, {'CARD_WITHDRAWAL_A_GAP_SHORT'}, {'CARD_WITHDRAWAL_A_GAP_SHORT'}, {'CARD_WITHDRAWAL_C_GAP_SHORT'}, {'CARD_WITHDRAWAL_C_GAP_MED'}]",0.2959193651811829,310,0.8871313231174823,0.9694829047753603,3600
"[{'CARD_WITHDRAWAL_D_GAP_LONG'}, {'CARD_WITHDRAWAL_D_GAP_MED'}, {'CARD_WITHDRAWAL_C_GAP_MED'}, {'CARD_WITHDRAWAL_D_GAP_MED'}, {'CARD_WITHDRAWAL_A_GAP_SHORT'}, {'CARD_WITHDRAWAL_D_GAP_MED'}, {'CARD_WITHDRAWAL_C_GAP_MED'}]",0.29570329746166524,444,0.8942460317460317,0.9694829047753603,3600
"[{'CARD_WITHDRAWAL_D_GAP_LONG'}, {'CARD_WITHDRAWAL_D_GAP_MED'}, {'CARD_WITHDRAWAL_D_GAP_MED'}, {'CARD_WITHDRAWAL_C_GAP_MED'}, {'CARD_WITHDRAWAL_C_GAP_MED'}, {'CARD_WITHDRAWAL_D_GAP_MED'}]",0.29550983024002164,672,0.9124352070857028,0.9694829047753603,3600
"[{'CARD_WITHDRAWAL_D_GAP_LONG'}, {'CARD_WITHDRAWAL_A_GAP_SHORT'}, {'CARD_WITHDRAWAL_D_GAP_MED'}, {'CARD_WITHDRAWAL_B_GAP_MED'}, {'CARD_WITHDRAWAL_C_GAP_MED'}, {'CARD_WITHDRAWAL_C_GAP_MED'}, {'CARD_WITHDRAWAL_D_GAP_MED'}]",0.2953627428311879,427,0.8935732187611888,0.9694829047753603,3600
"[{'PROFILE_REGION_HIGH_EDU'}, {'CARD_WITHDRAWAL_C_GAP_LONG'}, {'CARD_WITHDRAWAL_C_GAP_MED'}, {'CARD_WITHDRAWAL_C_GAP_MED'}, {'CARD_WITHDRAWAL_B_GAP_MED'}, {'DEPOSIT_B_GAP_MED'}]",0.29517569519117026,110,0.8799019607843137,0.9694829047753603,3600
"[{'CARD_WITHDRAWAL_D_GAP_MED'}, {'CARD_WITHDRAWAL_D_GAP_MED'}, {'CARD_WITHDRAWAL_D_GAP_MED'}, {'CARD_WITHDRAWAL_D_GAP_SHORT'}, {'CARD_WITHDRAWAL_B_GAP_MED'}, {'CARD_WITHDRAWAL_C_GAP_MED'}, {'CARD_WITHDRAWAL_D_GAP_SHORT'}]",0.29509562081761387,432,0.8938447814451382,0.9694829047753603,3600
"[{'CARD_WITHDRAWAL_D_GAP_LONG'}, {'CARD_WITHDRAWAL_B_GAP_SHORT'}, {'CARD_WITHDRAWAL_C_GAP_MED'}, {'CARD_WITHDRAWAL_B_GAP_SHORT'}, {'CARD_WITHDRAWAL_C_GAP_LONG'}, {'CARD_WITHDRAWAL_C_GAP_MED'}]",0.2950655696592821,185,0.8908507223113965,0.9694829047753603,3600
"[{'CARD_WITHDRAWAL_D_GAP_MED'}, {'CARD_WITHDRAWAL_D_GAP_MED'}, {'CARD_WITHDRAWAL_D_GAP_MED'}, {'CARD_WITHDRAWAL_C_GAP_MED'}, {'CARD_WITHDRAWAL_D_GAP_SHORT'}, {'CARD_WITHDRAWAL_D_GAP_SHORT'}, {'CARD_WITHDRAWAL_D_GAP_SHORT'}]",0.2947857343683947,509,0.8969404186795491,0.9694829047753603,3600
"[{'CARD_WITHDRAWAL_B_GAP_LONG'}, {'CARD_WITHDRAWAL_C_GAP_MED'}, {'DEPOSIT_C_GAP_MED'}, {'CARD_WITHDRAWAL_C_GAP_MED'}, {'CARD_WITHDRAWAL_C_GAP_MED'}, {'DEPOSIT_C_GAP_LONG'}]",0.29442447468853716,44,0.8571428571428572,0.9694829047753603,3600
"[{'CARD_WITHDRAWAL_C_GAP_MED'}, {'CARD_WITHDRAWAL_D_GAP_MED'}, {'CARD_WITHDRAWAL_D_GAP_SHORT'}, {'CARD_WITHDRAWAL_D_GAP_MED'}, {'CARD_WITHDRAWAL_C_GAP_MED'}, {'CARD_WITHDRAWAL_D_GAP_MED'}]",0.2942004874667532,519,0.9089129780186691,0.9694829047753603,3600
"[{'CARD_WITHDRAWAL_C_GAP_SHORT'}, {'CARD_WITHDRAWAL_B_GAP_MED'}, {'CARD_WITHDRAWAL_B_GAP_MED'}, {'CARD_WITHDRAWAL_C_GAP_MED'}, {'CARD_WITHDRAWAL_C_GAP_MED'}, {'CARD_WITHDRAWAL_D_GAP_MED'}, {'CARD_WITHDRAWAL_C_GAP_MED'}]",0.29328709434164724,232,0.8815302344714109,0.9694829047753603,3600
"[{'CARD_WITHDRAWAL_D_GAP_SHORT'}, {'CARD_WITHDRAWAL_D_GAP_SHORT'}, {'CARD_WITHDRAWAL_D_GAP_SHORT'}, {'CARD_WITHDRAWAL_C_GAP_MED'}, {'CARD_WITHDRAWAL_B_GAP_SHORT'}, {'CARD_WITHDRAWAL_C_GAP_MED'}]",0.2932270152298634,297,0.9000865051903114,0.9694829047753603,3600
"[{'DEPOSIT_A_GAP_SHORT'}, {'CARD_WITHDRAWAL_D_GAP_LONG'}, {'CARD_WITHDRAWAL_D_GAP_SHORT'}, {'CARD_WITHDRAWAL_A_GAP_SHORT'}, {'CARD_WITHDRAWAL_D_GAP_MED'}, {'CARD_WITHDRAWAL_C_GAP_MED'}, {'CARD_WITHDRAWAL_C_GAP_MED'}, {'CARD_WITHDRAWAL_B_GAP_MED'}, {'CARD_WITHDRAWAL_C_GAP_MED'}]",0.2930407337670986,171,0.8535276073619632,0.9694829047753603,3600
"[{'CARD_WITHDRAWAL_D_GAP_MED'}, {'CARD_WITHDRAWAL_D_GAP_MED'}, {'CARD_WITHDRAWAL_D_GAP_MED'}, {'CARD_WITHDRAWAL_D_GAP_MED'}, {'CARD_WITHDRAWAL_D_GAP_MED'}, {'CARD_WITHDRAWAL_D_GAP_SHORT'}, {'CARD_WITHDRAWAL_D_GAP_SHORT'}]",0.2922113963443017,771,0.9045201115093588,0.9694829047753603,3600
"[{'CARD_WITHDRAWAL_D_GAP_MED'}, {'CARD_WITHDRAWAL_D_GAP_MED'}, {'CARD_WITHDRAWAL_D_GAP_SHORT'}, {'CARD_WITHDRAWAL_D_GAP_MED'}, {'CARD_WITHDRAWAL_D_GAP_LONG'}, {'CARD_WITHDRAWAL_D_GAP_MED'}]",0.29214578699652083,552,0.9102807838549283,0.9694829047753603,3600
"[{'CARD_WITHDRAWAL_D_GAP_MED'}, {'CARD_WITHDRAWAL_B_GAP_SHORT'}, {'CARD_WITHDRAWAL_D_GAP_SHORT'}, {'CARD_WITHDRAWAL_B_GAP_SHORT'}, {'CARD_WITHDRAWAL_A_GAP_SHORT'}, {'CARD_WITHDRAWAL_A_GAP_SHORT'}, {'CARD_WITHDRAWAL_A_GAP_SHORT'}, {'CARD_WITHDRAWAL_D_GAP_SHORT'}]",0.29213283945837787,200,0.8672438672438673,0.9694829047753603,3600
"[{'DEPOSIT_D_GAP_LONG'}, {'DEPOSIT_D_GAP_MED'}, {'DEPOSIT_D_GAP_SHORT', 'CARD_WITHDRAWAL_D_GAP_MED'}, {'CARD_WITHDRAWAL_D_GAP_LONG'}, {'DEPOSIT_D_GAP_MED'}]",0.29209561487140534,225,0.9164746543778801,0.9694829047753603,3600
"[{'CARD_WITHDRAWAL_D_GAP_MED'}, {'CARD_WITHDRAWAL_C_GAP_SHORT'}, {'CARD_WITHDRAWAL_C_GAP_MED'}, {'CARD_WITHDRAWAL_A_GAP_SHORT'}, {'CARD_WITHDRAWAL_C_GAP_MED'}, {'CARD_WITHDRAWAL_D_GAP_MED'}, {'CARD_WITHDRAWAL_D_GAP_MED'}]",0.29205949584884994,324,0.8888294314381271,0.9694829047753603,3600
"[{'CARD_WITHDRAWAL_C_GAP_LONG'}, {'CARD_WITHDRAWAL_D_GAP_MED'}, {'CARD_WITHDRAWAL_D_GAP_MED'}, {'CARD_WITHDRAWAL_D_GAP_LONG'}, {'CARD_WITHDRAWAL_D_GAP_SHORT'}, {'CARD_WITHDRAWAL_D_GAP_LONG'}]",0.2919213977552626,249,0.8973029045643154,0.9694829047753603,3600
"[{'PROFILE_REGION_HIGH_EDU', 'PROFILE_REGION_HIGH_CRIME'}, {'DEPOSIT_D_GAP_LONG'}, {'CARD_WITHDRAWAL_B_GAP_LONG'}, {'DEPOSIT_D_GAP_LONG'}, {'CARD_WITHDRAWAL_D_GAP_LONG'}, {'CARD_WITHDRAWAL_D_GAP_LONG'}]",0.2914967489295619,97,0.8782608695652174,0.9694829047753603,3600
"[{'CARD_WITHDRAWAL_C_GAP_SHORT'}, {'CARD_WITHDRAWAL_D_GAP_SHORT'}, {'CARD_WITHDRAWAL_B_GAP_MED'}, {'CARD_WITHDRAWAL_D_GAP_MED'}, {'CARD_WITHDRAWAL_B_GAP_LONG'}]",0.29132665784458345,270,0.9191145168156662,0.9694829047753603,3600
"[{'CARD_WITHDRAWAL_A_GAP_SHORT'}, {'CARD_WITHDRAWAL_C_GAP_MED'}, {'CARD_WITHDRAWAL_A_GAP_SHORT'}, {'CARD_WITHDRAWAL_D_GAP_SHORT'}, {'CARD_WITHDRAWAL_A_GAP_SHORT'}, {'CARD_WITHDRAWAL_A_GAP_SHORT'}]",0.2907698666214177,691,0.9137945284734276,0.9694829047753603,3600
"[{'DEPOSIT_C_GAP_LONG'}, {'DEPOSIT_C_GAP_LONG'}, {'CARD_WITHDRAWAL_C_GAP_MED'}, {'CARD_WITHDRAWAL_B_GAP_MED'}, {'CARD_WITHDRAWAL_C_GAP_MED'}, {'CARD_WITHDRAWAL_B_GAP_LONG'}]",0.29061851960635143,122,0.8836206896551724,0.9694829047753603,3600
"[{'PROFILE_REGION_HIGH_CRIME'}, {'CARD_WITHDRAWAL_B_GAP_LONG'}, {'CARD_WITHDRAWAL_C_GAP_LONG'}, {'CARD_WITHDRAWAL_D_GAP_SHORT'}, {'DEPOSIT_D_GAP_MED'}]",0.29052242413697615,206,0.9159027500996413,0.9694829047753603,3600
"[{'PROFILE_REGION_LOW_CRIME'}, {'DEPOSIT_C_GAP_LONG'}, {'DEPOSIT_D_GAP_MED'}, {'CARD_WITHDRAWAL_C_GAP_MED'}, {'CARD_WITHDRAWAL_C_GAP_MED'}]",0.2895459159620496,191,0.915270018621974,0.9694829047753603,3600
"[{'PROFILE_REGION_LOW_INCOME', 'PROFILE_OLD_MALE', 'PROFILE_REGION_LOW_EDU'}, {'CARD_WITHDRAWAL_C_GAP_MED'}, {'CARD_WITHDRAWAL_B_GAP_SHORT'}, {'CARD_WITHDRAWAL_A_GAP_SHORT'}, {'CARD_WITHDRAWAL_B_GAP_MED'}, {'CARD_WITHDRAWAL_B_GAP_SHORT'}]",0.28950678757368653,80,0.8744588744588745,0.9694829047753603,3600
"[{'CARD_WITHDRAWAL_A_GAP_SHORT'}, {'CARD_WITHDRAWAL_C_GAP_MED'}, {'CARD_WITHDRAWAL_C_GAP_MED'}, {'CARD_WITHDRAWAL_A_GAP_SHORT'}, {'CARD_WITHDRAWAL_B_GAP_SHORT'}, {'CARD_WITHDRAWAL_C_GAP_LONG'}]",0.2893789680210552,307,0.9016227180527383,0.9694829047753603,3600
"[{'CARD_WITHDRAWAL_D_GAP_MED'}, {'CARD_WITHDRAWAL_D_GAP_MED'}, {'CARD_WITHDRAWAL_A_GAP_SHORT'}, {'CARD_WITHDRAWAL_D_GAP_SHORT'}, {'CARD_WITHDRAWAL_D_GAP_SHORT'}, {'CARD_WITHDRAWAL_C_GAP_SHORT'}, {'CARD_WITHDRAWAL_C_GAP_MED'}]",0.2889494044921146,293,0.8874375720322704,0.9694829047753603,3600
"[{'DEPOSIT_D_GAP_LONG'}, {'DEPOSIT_D_GAP_LONG'}, {'CARD_WITHDRAWAL_D_GAP_LONG'}, {'CARD_WITHDRAWAL_D_GAP_SHORT'}, {'CARD_WITHDRAWAL_C_GAP_MED'}, {'CARD_WITHDRAWAL_D_GAP_SHORT'}, {'CARD_WITHDRAWAL_D_GAP_SHORT'}]",0.2887752640198765,272,0.8859357696566998,0.9694829047753603,3600
"[{'PROFILE_REGION_LOW_EDU'}, {'DEPOSIT_C_GAP_SHORT'}, {'CARD_WITHDRAWAL_A_GAP_SHORT'}, {'CARD_WITHDRAWAL_B_GAP_LONG'}, {'CARD_WITHDRAWAL_C_GAP_MED'}]",0.2884080718974771,126,0.9098360655737704,0.9694829047753603,3600
"[{'CARD_WITHDRAWAL_C_GAP_MED'}, {'CARD_WITHDRAWAL_A_GAP_SHORT'}, {'CARD_WITHDRAWAL_C_GAP_SHORT'}, {'DEPOSIT_C_GAP_MED'}, {'DEPOSIT_C_GAP_MED'}]",0.28817516659539244,149,0.9123847167325428,0.9694829047753603,3600
"[{'CARD_WITHDRAWAL_D_GAP_SHORT'}, {'CARD_WITHDRAWAL_D_GAP_SHORT'}, {'CARD_WITHDRAWAL_D_GAP_SHORT'}, {'CARD_WITHDRAWAL_D_GAP_MED'}, {'CARD_WITHDRAWAL_D_GAP_SHORT'}, {'CARD_WITHDRAWAL_C_GAP_MED'}, {'CARD_WITHDRAWAL_D_GAP_SHORT'}, {'CARD_WITHDRAWAL_C_GAP_MED'}]",0.288170695830831,167,0.8633928571428571,0.9694829047753603,3600
"[{'CARD_WITHDRAWAL_D_GAP_MED'}, {'CARD_WITHDRAWAL_D_GAP_MED'}, {'CARD_WITHDRAWAL_D_GAP_MED'}, {'CARD_WITHDRAWAL_D_GAP_SHORT'}, {'CARD_WITHDRAWAL_D_GAP_SHORT'}, {'CARD_WITHDRAWAL_C_GAP_MED'}, {'CARD_WITHDRAWAL_C_GAP_MED'}]",0.2876090438069072,439,0.8955847255369929,0.9694829047753603,3600
"[{'PROFILE_REGION_HIGH_CRIME'}, {'CARD_WITHDRAWAL_B_GAP_LONG'}, {'DEPOSIT_D_GAP_LONG'}, {'DEPOSIT_D_GAP_LONG'}, {'CARD_WITHDRAWAL_D_GAP_SHORT'}, {'DEPOSIT_D_GAP_LONG'}, {'CARD_WITHDRAWAL_D_GAP_LONG'}, {'CARD_WITHDRAWAL_D_GAP_MED'}, {'CARD_WITHDRAWAL_D_GAP_LONG'}]",0.28750904456994797,49,0.8125,0.9694829047753603,3600
"[{'DEPOSIT_C_GAP_LONG'}, {'DEPOSIT_D_GAP_LONG'}, {'CARD_WITHDRAWAL_D_GAP_SHORT'}, {'DEPOSIT_D_GAP_MED'}, {'CARD_WITHDRAWAL_D_GAP_LONG'}]",0.2870563193086658,221,0.9181818181818182,0.9694829047753603,3600
"[{'CARD_WITHDRAWAL_C_GAP_LONG'}, {'CARD_WITHDRAWAL_C_GAP_MED'}, {'CARD_WITHDRAWAL_C_GAP_MED'}, {'CARD_WITHDRAWAL_B_GAP_MED'}, {'CARD_WITHDRAWAL_A_GAP_SHORT'}, {'CARD_WITHDRAWAL_D_GAP_MED'}]",0.2865842264995192,433,0.9078635285531838,0.9694829047753603,3600
"[{'DEPOSIT_D_GAP_LONG'}, {'CARD_WITHDRAWAL_A_GAP_SHORT'}, {'CARD_WITHDRAWAL_C_GAP_LONG'}, {'CARD_WITHDRAWAL_A_GAP_SHORT'}, {'DEPOSIT_C_GAP_LONG'}]",0.285688407994763,199,0.9173745173745174,0.9694829047753603,3600
"[{'PROFILE_REGION_HIGH_INCOME'}, {'DEPOSIT_B_GAP_SHORT'}, {'DEPOSIT_D_GAP_SHORT'}, {'CARD_WITHDRAWAL_B_GAP_LONG'}, {'CARD_WITHDRAWAL_B_GAP_LONG'}]",0.2856551017714012,146,0.9131944444444444,0.9694829047753603,3600
"[{'CARD_WITHDRAWAL_D_GAP_LONG'}, {'CARD_WITHDRAWAL_D_GAP_LONG'}, {'CARD_WITHDRAWAL_C_GAP_SHORT'}, {'CARD_WITHDRAWAL_B_GAP_MED'}, {'CARD_WITHDRAWAL_C_GAP_MED'}, {'CARD_WITHDRAWAL_C_GAP_MED'}, {'CARD_WITHDRAWAL_C_GAP_MED'}]",0.2856063629131893,267,0.8862433862433863,0.9694829047753603,3600
"[{'CARD_WITHDRAWAL_D_GAP_SHORT'}, {'CARD_WITHDRAWAL_C_GAP_MED'}, {'CARD_WITHDRAWAL_C_GAP_MED'}, {'CARD_WITHDRAWAL_D_GAP_MED'}, {'CARD_WITHDRAWAL_D_GAP_LONG'}, {'CARD_WITHDRAWAL_A_GAP_SHORT'}, {'CARD_WITHDRAWAL_D_GAP_SHORT'}]",0.284311379579575,232,0.883563748079877,0.9694829047753603,3600
"[{'PROFILE_REGION_LOW_CRIME'}, {'DEPOSIT_C_GAP_LONG'}, {'DEPOSIT_D_GAP_LONG'}, {'CARD_WITHDRAWAL_C_GAP_MED'}, {'CARD_WITHDRAWAL_A_GAP_SHORT'}, {'CARD_WITHDRAWAL_C_GAP_MED'}, {'CARD_WITHDRAWAL_C_GAP_MED'}, {'CARD_WITHDRAWAL_C_GAP_MED'}]",0.28422842490113776,70,0.8387096774193549,0.9694829047753603,3600
"[{'CARD_WITHDRAWAL_D_GAP_MED'}, {'CARD_WITHDRAWAL_D_GAP_MED'}, {'CARD_WITHDRAWAL_A_GAP_SHORT'}, {'CARD_WITHDRAWAL_D_GAP_SHORT'}, {'CARD_WITHDRAWAL_D_GAP_SHORT'}, {'CARD_WITHDRAWAL_D_GAP_LONG'}]",0.2841630909406708,536,0.911604253351826,0.9694829047753603,3600
"[{'PROFILE_REGION_HIGH_EDU', 'PROFILE_REGION_HIGH_INCOME'}, {'CARD_WITHDRAWAL_C_GAP_SHORT'}, {'CARD_WITHDRAWAL_A_GAP_SHORT'}, {'CARD_WITHDRAWAL_C_GAP_SHORT'}, {'CARD_WITHDRAWAL_C_GAP_MED'}, {'CARD_WITHDRAWAL_B_GAP_LONG'}]",0.28373614852692675,69,0.873015873015873,0.9694829047753603,3600
"[{'PROFILE_OLD_FEMALE'}, {'CARD_WITHDRAWAL_D_GAP_MED'}, {'CARD_WITHDRAWAL_D_GAP_MED'}, {'CARD_WITHDRAWAL_D_GAP_MED'}, {'CARD_WITHDRAWAL_A_GAP_SHORT'}, {'CARD_WITHDRAWAL_C_GAP_MED'}, {'CARD_WITHDRAWAL_C_GAP_MED'}, {'CARD_WITHDRAWAL_A_GAP_SHORT'}, {'CARD_WITHDRAWAL_C_GAP_MED'}]",0.28290807907096305,199,0.8597883597883598,0.9694829047753603,3600
"[{'PROFILE_REGION_LOW_INCOME'}, {'CARD_WITHDRAWAL_D_GAP_MED'}, {'CARD_WITHDRAWAL_B_GAP_MED'}, {'CARD_WITHDRAWAL_C_GAP_SHORT'}, {'CARD_WITHDRAWAL_B_GAP_SHORT'}, {'CARD_WITHDRAWAL_C_GAP_MED'}]",0.2828041614253892,235,0.898729446935725,0.9694829047753603,3600
"[{'DEPOSIT_A_GAP_SHORT'}, {'CARD_WITHDRAWAL_D_GAP_LONG'}, {'CARD_WITHDRAWAL_D_GAP_MED'}, {'CARD_WITHDRAWAL_D_GAP_LONG'}, {'CARD_WITHDRAWAL_D_GAP_MED'}, {'CARD_WITHDRAWAL_C_GAP_MED'}, {'CARD_WITHDRAWAL_C_GAP_MED'}]",0.2819103940861625,374,0.893722194760257,0.9694829047753603,3600
"[{'DEPOSIT_A_GAP_SHORT'}, {'DEPOSIT_C_GAP_LONG'}, {'CARD_WITHDRAWAL_B_GAP_LONG'}, {'CARD_WITHDRAWAL_A_GAP_SHORT'}, {'CARD_WITHDRAWAL_D_GAP_MED'}, {'CARD_WITHDRAWAL_A_GAP_SHORT'}]",0.28186925938990925,238,0.8992117117117117,0.9694829047753603,3600
"[{'CARD_WITHDRAWAL_C_GAP_MED'}, {'CARD_WITHDRAWAL_D_GAP_MED'}, {'CARD_WITHDRAWAL_C_GAP_MED'}, {'CARD_WITHDRAWAL_C_GAP_MED'}, {'CARD_WITHDRAWAL_D_GAP_MED'}, {'CARD_WITHDRAWAL_C_GAP_MED'}]",0.28131974086213973,530,0.9120830572122819,0.9694829047753603,3600
"[{'PROFILE_OLD_MALE'}, {'DEPOSIT_A_GAP_SHORT'}, {'CARD_WITHDRAWAL_D_GAP_LONG'}, {'CARD_WITHDRAWAL_D_GAP_MED'}, {'CARD_WITHDRAWAL_C_GAP_MED'}, {'CARD_WITHDRAWAL_C_GAP_MED'}, {'CARD_WITHDRAWAL_D_GAP_MED'}, {'CARD_WITHDRAWAL_C_GAP_MED'}]",0.28112875054530795,209,0.8706467661691543,0.9694829047753603,3600
"[{'CARD_WITHDRAWAL_D_GAP_MED'}, {'CARD_WITHDRAWAL_A_GAP_SHORT'}, {'CARD_WITHDRAWAL_C_GAP_MED'}, {'CARD_WITHDRAWAL_D_GAP_MED'}, {'CARD_WITHDRAWAL_C_GAP_MED'}, {'CARD_WITHDRAWAL_C_GAP_LONG'}, {'CARD_WITHDRAWAL_A_GAP_SHORT'}]",0.28098687057535376,323,0.891090391090391,0.9694829047753603,3600
"[{'PROFILE_REGION_LOW_CRIME'}, {'CARD_WITHDRAWAL_D_GAP_LONG'}, {'CARD_WITHDRAWAL_B_GAP_MED'}, {'CARD_WITHDRAWAL_C_GAP_MED'}, {'CARD_WITHDRAWAL_C_GAP_MED'}, {'CARD_WITHDRAWAL_C_GAP_LONG'}, {'CARD_WITHDRAWAL_C_GAP_MED'}]",0.28096302273489704,127,0.8704918032786886,0.9694829047753603,3600
"[{'PROFILE_REGION_HIGH_INCOME'}, {'CARD_WITHDRAWAL_D_GAP_MED'}, {'CARD_WITHDRAWAL_C_GAP_SHORT'}, {'CARD_WITHDRAWAL_B_GAP_MED'}, {'CARD_WITHDRAWAL_B_GAP_MED'}, {'CARD_WITHDRAWAL_C_GAP_MED'}, {'CARD_WITHDRAWAL_D_GAP_SHORT'}, {'CARD_WITHDRAWAL_D_GAP_MED'}, {'CARD_WITHDRAWAL_C_GAP_MED'}]",0.2807976905291556,80,0.8322368421052632,0.9694829047753603,3600
"[{'CARD_WITHDRAWAL_B_GAP_MED'}, {'CARD_WITHDRAWAL_C_GAP_MED'}, {'CARD_WITHDRAWAL_A_GAP_SHORT'}, {'CARD_WITHDRAWAL_B_GAP_SHORT'}, {'CARD_WITHDRAWAL_C_GAP_LONG'}, {'CARD_WITHDRAWAL_D_GAP_MED'}, {'CARD_WITHDRAWAL_C_GAP_SHORT'}]",0.28067150784623507,87,0.860759493670886,0.9694829047753603,3600
"[{'CARD_WITHDRAWAL_A_GAP_SHORT'}, {'CARD_WITHDRAWAL_C_GAP_MED'}, {'CARD_WITHDRAWAL_B_GAP_SHORT'}, {'CARD_WITHDRAWAL_C_GAP_MED'}, {'CARD_WITHDRAWAL_A_GAP_SHORT'}, {'CARD_WITHDRAWAL_C_GAP_MED'}, {'CARD_WITHDRAWAL_C_GAP_SHORT'}, {'CARD_WITHDRAWAL_C_GAP_MED'}]",0.2803501019025788,125,0.8572796934865899,0.9694829047753603,3600
"[{'CARD_WITHDRAWAL_D_GAP_MED'}, {'CARD_WITHDRAWAL_D_GAP_MED'}, {'CARD_WITHDRAWAL_D_GAP_MED'}, {'CARD_WITHDRAWAL_D_GAP_MED'}, {'CARD_WITHDRAWAL_D_GAP_SHORT'}, {'CARD_WITHDRAWAL_A_GAP_SHORT'}]",0.2799251193492125,884,0.9192535275375512,0.9694829047753603,3600
"[{'CARD_WITHDRAWAL_D_GAP_SHORT'}, {'CARD_WITHDRAWAL_C_GAP_MED'}, {'CARD_WITHDRAWAL_C_GAP_MED'}, {'CARD_WITHDRAWAL_C_GAP_MED'}, {'CARD_WITHDRAWAL_D_GAP_MED'}, {'CARD_WITHDRAWAL_D_GAP_MED'}]",0.27976031598462425,508,0.9118303571428571,0.9694829047753603,3600
"[{'CARD_WITHDRAWAL_B_GAP_MED'}, {'CARD_WITHDRAWAL_C_GAP_MED'}, {'CARD_WITHDRAWAL_D_GAP_MED'}, {'CARD_WITHDRAWAL_D_GAP_MED'}, {'CARD_WITHDRAWAL_A_GAP_SHORT'}, {'CARD_WITHDRAWAL_C_GAP_MED'}, {'CARD_WITHDRAWAL_D_GAP_MED'}]",0.2795524004104173,392,0.8950859950859951,0.9694829047753603,3600
"[{'CARD_WITHDRAWAL_D_GAP_LONG'}, {'CARD_WITHDRAWAL_D_GAP_MED'}, {'CARD_WITHDRAWAL_D_GAP_MED'}, {'CARD_WITHDRAWAL_D_GAP_MED'}, {'CARD_WITHDRAWAL_C_GAP_MED'}, {'CARD_WITHDRAWAL_C_GAP_MED'}, {'CARD_WITHDRAWAL_D_GAP_MED'}]",0.27951959258458037,543,0.9009123842747887,0.9694829047753603,3600
"[{'DEPOSIT_B_GAP_MED'}, {'CARD_WITHDRAWAL_C_GAP_MED'}, {'CARD_WITHDRAWAL_D_GAP_MED'}, {'DEPOSIT_D_GAP_LONG'}, {'CARD_WITHDRAWAL_C_GAP_SHORT'}, {'DEPOSIT_D_GAP_SHORT'}]",0.27938329665322714,70,0.875,0.9694829047753603,3600
"[{'DEPOSIT_D_GAP_LONG'}, {'CARD_WITHDRAWAL_B_GAP_SHORT'}, {'CARD_WITHDRAWAL_B_GAP_MED'}, {'DEPOSIT_D_GAP_SHORT'}, {'DEPOSIT_C_GAP_MED'}, {'DEPOSIT_C_GAP_MED'}]",0.27937337205992063,93,0.8814814814814814,0.9694829047753603,3600
"[{'CARD_WITHDRAWAL_D_GAP_MED'}, {'CARD_WITHDRAWAL_D_GAP_MED'}, {'CARD_WITHDRAWAL_D_GAP_SHORT'}, {'CARD_WITHDRAWAL_D_GAP_SHORT'}, {'CARD_WITHDRAWAL_D_GAP_SHORT'}, {'CARD_WITHDRAWAL_C_GAP_MED'}]",0.27918933409001256,569,0.9135701275045538,0.9694829047753603,3600
"[{'CARD_WITHDRAWAL_C_GAP_MED'}, {'CARD_WITHDRAWAL_D_GAP_MED'}, {'CARD_WITHDRAWAL_B_GAP_MED'}, {'CARD_WITHDRAWAL_C_GAP_SHORT'}, {'CARD_WITHDRAWAL_C_GAP_SHORT'}, {'CARD_WITHDRAWAL_A_GAP_SHORT'}]",0.2791805407642397,398,0.9083460630467991,0.9694829047753603,3600
"[{'PROFILE_REGION_HIGH_EDU', 'PROFILE_OLD_FEMALE'}, {'CARD_WITHDRAWAL_C_GAP_MED'}, {'CARD_WITHDRAWAL_D_GAP_MED'}, {'CARD_WITHDRAWAL_A_GAP_SHORT'}, {'CARD_WITHDRAWAL_A_GAP_SHORT'}, {'CARD_WITHDRAWAL_A_GAP_SHORT'}]",0.2791284334371581,247,0.9006163328197226,0.9694829047753603,3600
"[{'PROFILE_REGION_LOW_CRIME'}, {'DEPOSIT_A_GAP_SHORT'}, {'DEPOSIT_D_GAP_LONG'}, {'DEPOSIT_C_GAP_LONG'}, {'CARD_WITHDRAWAL_D_GAP_LONG'}, {'CARD_WITHDRAWAL_C_GAP_MED'}, {'DEPOSIT_D_GAP_MED'}, {'CARD_WITHDRAWAL_C_GAP_MED'}, {'CARD_WITHDRAWAL_D_GAP_MED'}, {'CARD_WITHDRAWAL_B_GAP_MED'}]",0.2791158411597303,34,0.7878787878787878,0.9694829047753603,3600
"[{'CARD_WITHDRAWAL_C_GAP_MED'}, {'CARD_WITHDRAWAL_A_GAP_SHORT'}, {'CARD_WITHDRAWAL_C_GAP_MED'}, {'CARD_WITHDRAWAL_D_GAP_MED'}, {'CARD_WITHDRAWAL_A_GAP_SHORT'}, {'CARD_WITHDRAWAL_C_GAP_MED'}, {'CARD_WITHDRAWAL_A_GAP_SHORT'}]",0.27893262146882936,525,0.9004432730322272,0.9694829047753603,3600
"[{'PROFILE_REGION_LOW_CRIME'}, {'DEPOSIT_A_GAP_SHORT'}, {'CARD_WITHDRAWAL_B_GAP_LONG'}, {'CARD_WITHDRAWAL_B_GAP_SHORT'}, {'CARD_WITHDRAWAL_C_GAP_SHORT'}, {'CARD_WITHDRAWAL_C_GAP_LONG'}]",0.27891600612847245,158,0.8925438596491229,0.9694829047753603,3600
"[{'CARD_WITHDRAWAL_C_GAP_MED'}, {'CARD_WITHDRAWAL_D_GAP_MED'}, {'CARD_WITHDRAWAL_A_GAP_SHORT'}, {'CARD_WITHDRAWAL_D_GAP_SHORT'}, {'CARD_WITHDRAWAL_D_GAP_SHORT'}, {'CARD_WITHDRAWAL_A_GAP_SHORT'}, {'CARD_WITHDRAWAL_B_GAP_MED'}, {'CARD_WITHDRAWAL_A_GAP_SHORT'}]",0.2788848651791779,325,0.881398013750955,0.9694829047753603,3600
"[{'CARD_WITHDRAWAL_D_GAP_MED'}, {'CARD_WITHDRAWAL_C_GAP_MED'}, {'CARD_WITHDRAWAL_C_GAP_MED'}, {'CARD_WITHDRAWAL_C_GAP_MED'}, {'CARD_WITHDRAWAL_C_GAP_MED'}, {'CARD_WITHDRAWAL_C_GAP_SHORT'}, {'CARD_WITHDRAWAL_A_GAP_SHORT'}]",0.2783690716305527,370,0.8942488409973688,0.9694829047753603,3600
"[{'CARD_WITHDRAWAL_B_GAP_MED'}, {'CARD_WITHDRAWAL_C_GAP_MED'}, {'CARD_WITHDRAWAL_C_GAP_MED'}, {'CARD_WITHDRAWAL_C_GAP_MED'}, {'CARD_WITHDRAWAL_B_GAP_SHORT'}, {'CARD_WITHDRAWAL_C_GAP_MED'}]",0.2780825323180903,452,0.9105222734254992,0.9694829047753603,3600
"[{'PROFILE_REGION_LOW_CRIME', 'PROFILE_REGION_LOW_INCOME'}, {'DEPOSIT_A_GAP_SHORT'}, {'DEPOSIT_C_GAP_SHORT'}, {'CARD_WITHDRAWAL_B_GAP_MED'}, {'CARD_WITHDRAWAL_B_GAP_MED'}, {'CARD_WITHDRAWAL_B_GAP_MED'}]",0.2776109036070178,125,0.8883333333333334,0.9694829047753603,3600
"[{'CARD_WITHDRAWAL_D_GAP_LONG'}, {'CARD_WITHDRAWAL_D_GAP_SHORT'}, {'CARD_WITHDRAWAL_D_GAP_MED'}, {'CARD_WITHDRAWAL_D_GAP_MED'}, {'CARD_WITHDRAWAL_D_GAP_MED'}, {'CARD_WITHDRAWAL_D_GAP_MED'}, {'CARD_WITHDRAWAL_D_GAP_SHORT'}]",0.2775315362602826,481,0.8991879580114874,0.9694829047753603,3600
"[{'CARD_WITHDRAWAL_D_GAP_MED'}, {'CARD_WITHDRAWAL_C_GAP_MED'}, {'CARD_WITHDRAWAL_D_GAP_MED'}, {'CARD_WITHDRAWAL_D_GAP_MED'}, {'CARD_WITHDRAWAL_D_GAP_MED'}, {'CARD_WITHDRAWAL_D_GAP_MED'}]",0.2774811306302797,865,0.9194760042217669,0.9694829047753603,3600
"[{'CARD_WITHDRAWAL_D_GAP_MED'}, {'CARD_WITHDRAWAL_D_GAP_MED'}, {'CARD_WITHDRAWAL_A_GAP_SHORT'}, {'CARD_WITHDRAWAL_A_GAP_SHORT'}, {'CARD_WITHDRAWAL_C_GAP_MED'}, {'CARD_WITHDRAWAL_B_GAP_SHORT'}, {'CARD_WITHDRAWAL_A_GAP_SHORT'}, {'CARD_WITHDRAWAL_C_GAP_MED'}, {'CARD_WITHDRAWAL_B_GAP_LONG'}]",0.2770382087295733,157,0.8543046357615894,0.9694829047753603,3600
"[{'DEPOSIT_A_GAP_SHORT'}, {'CARD_WITHDRAWAL_C_GAP_MED'}, {'CARD_WITHDRAWAL_D_GAP_MED'}, {'CARD_WITHDRAWAL_D_GAP_SHORT'}, {'CARD_WITHDRAWAL_D_GAP_SHORT'}, {'CARD_WITHDRAWAL_C_GAP_SHORT'}]",0.277005621269524,394,0.9087301587301587,0.9694829047753603,3600
"[{'CARD_WITHDRAWAL_D_GAP_LONG'}, {'CARD_WITHDRAWAL_D_GAP_LONG'}, {'CARD_WITHDRAWAL_D_GAP_MED'}, {'CARD_WITHDRAWAL_C_GAP_MED'}, {'CARD_WITHDRAWAL_D_GAP_MED'}, {'CARD_WITHDRAWAL_D_GAP_MED'}, {'CARD_WITHDRAWAL_D_GAP_SHORT'}, {'CARD_WITHDRAWAL_D_GAP_SHORT'}]",0.2769731818243537,320,0.8814192343604108,0.9694829047753603,3600
"[{'CARD_WITHDRAWAL_D_GAP_MED'}, {'CARD_WITHDRAWAL_D_GAP_MED'}, {'CARD_WITHDRAWAL_C_GAP_MED'}, {'CARD_WITHDRAWAL_D_GAP_MED'}, {'CARD_WITHDRAWAL_D_GAP_SHORT'}, {'CARD_WITHDRAWAL_D_GAP_SHORT'}, {'CARD_WITHDRAWAL_C_GAP_MED'}]",0.2764846800024551,411,0.8965811965811965,0.9694829047753603,3600
"[{'PROFILE_OLD_FEMALE'}, {'DEPOSIT_D_GAP_LONG'}, {'DEPOSIT_D_GAP_SHORT'}, {'CARD_WITHDRAWAL_C_GAP_SHORT'}, {'CARD_WITHDRAWAL_C_GAP_MED'}, {'CARD_WITHDRAWAL_C_GAP_MED'}]",0.2763500112960725,194,0.8971525711857203,0.9694829047753603,3600
"[{'PROFILE_REGION_HIGH_EDU', 'PROFILE_REGION_HIGH_CRIME'}, {'DEPOSIT_A_GAP_SHORT'}, {'CARD_WITHDRAWAL_D_GAP_LONG'}, {'CARD_WITHDRAWAL_D_GAP_LONG'}, {'CARD_WITHDRAWAL_D_GAP_SHORT'}, {'CARD_WITHDRAWAL_A_GAP_SHORT'}, {'CARD_WITHDRAWAL_C_GAP_MED'}, {'CARD_WITHDRAWAL_C_GAP_MED'}]",0.27576448087879313,88,0.8481927710843373,0.9694829047753603,3600
"[{'CARD_WITHDRAWAL_D_GAP_SHORT'}, {'CARD_WITHDRAWAL_D_GAP_SHORT'}, {'CARD_WITHDRAWAL_D_GAP_MED'}, {'CARD_WITHDRAWAL_D_GAP_LONG'}, {'CARD_WITHDRAWAL_D_GAP_MED'}, {'CARD_WITHDRAWAL_B_GAP_MED'}]",0.27551748310382695,386,0.9087910511974759,0.9694829047753603,3600
"[{'CARD_WITHDRAWAL_D_GAP_LONG'}, {'CARD_WITHDRAWAL_B_GAP_SHORT'}, {'CARD_WITHDRAWAL_D_GAP_MED'}, {'CARD_WITHDRAWAL_D_GAP_MED'}, {'CARD_WITHDRAWAL_D_GAP_MED'}, {'CARD_WITHDRAWAL_D_GAP_MED'}, {'CARD_WITHDRAWAL_B_GAP_SHORT'}, {'CARD_WITHDRAWAL_D_GAP_SHORT'}]",0.2751498278020432,185,0.8688888888888888,0.9694829047753603,3600
"[{'PROFILE_REGION_LOW_INCOME'}, {'DEPOSIT_D_GAP_LONG'}, {'CARD_WITHDRAWAL_D_GAP_MED'}, {'CARD_WITHDRAWAL_C_GAP_MED'}, {'CARD_WITHDRAWAL_D_GAP_SHORT'}, {'DEPOSIT_D_GAP_SHORT'}]",0.27504802202884515,266,0.9029999999999999,0.9694829047753603,3600
"[{'CARD_WITHDRAWAL_D_GAP_MED'}, {'CARD_WITHDRAWAL_D_GAP_MED'}, {'CARD_WITHDRAWAL_A_GAP_SHORT'}, {'CARD_WITHDRAWAL_D_GAP_MED'}, {'CARD_WITHDRAWAL_C_GAP_MED'}, {'CARD_WITHDRAWAL_A_GAP_SHORT'}]",0.27492435218806954,819,0.9193196405648267,0.9694829047753603,3600
"[{'PROFILE_REGION_LOW_EDU'}, {'CARD_WITHDRAWAL_B_GAP_MED'}, {'CARD_WITHDRAWAL_C_GAP_SHORT'}, {'CARD_WITHDRAWAL_A_GAP_SHORT'}, {'CARD_WITHDRAWAL_C_GAP_MED'}, {'CARD_WITHDRAWAL_B_GAP_SHORT'}, {'CARD_WITHDRAWAL_C_GAP_LONG'}]",0.274862455795006,117,0.8701298701298701,0.9694829047753603,3600
"[{'CARD_WITHDRAWAL_D_GAP_MED'}, {'CARD_WITHDRAWAL_A_GAP_SHORT'}, {'CARD_WITHDRAWAL_C_GAP_MED'}, {'CARD_WITHDRAWAL_D_GAP_MED'}, {'CARD_WITHDRAWAL_D_GAP_MED'}, {'CARD_WITHDRAWAL_D_GAP_MED'}, {'CARD_WITHDRAWAL_D_GAP_MED'}]",0.2745405608567075,622,0.9041116446578631,0.9694829047753603,3600
"[{'CARD_WITHDRAWAL_D_GAP_MED'}, {'CARD_WITHDRAWAL_C_GAP_MED'}, {'CARD_WITHDRAWAL_D_GAP_MED'}, {'CARD_WITHDRAWAL_D_GAP_MED'}, {'CARD_WITHDRAWAL_D_GAP_MED'}, {'CARD_WITHDRAWAL_C_GAP_MED'}, {'CARD_WITHDRAWAL_D_GAP_SHORT'}, {'CARD_WITHDRAWAL_D_GAP_LONG'}, {'CARD_WITHDRAWAL_D_GAP_MED'}, {'CARD_WITHDRAWAL_D_GAP_SHORT'}]",0.2741206145990577,80,0.824,0.9694829047753603,3600
"[{'CARD_WITHDRAWAL_C_GAP_MED'}, {'CARD_WITHDRAWAL_C_GAP_SHORT'}, {'CARD_WITHDRAWAL_B_GAP_MED'}, {'CARD_WITHDRAWAL_A_GAP_SHORT'}, {'CARD_WITHDRAWAL_A_GAP_SHORT'}, {'CARD_WITHDRAWAL_C_GAP_SHORT'}, {'CARD_WITHDRAWAL_A_GAP_SHORT'}, {'CARD_WITHDRAWAL_C_GAP_LONG'}]",0.2738666451039028,144,0.8626865671641791,0.9694829047753603,3600
"[{'DEPOSIT_A_GAP_SHORT'}, {'CARD_WITHDRAWAL_D_GAP_MED'}, {'CARD_WITHDRAWAL_D_GAP_MED'}, {'CARD_WITHDRAWAL_C_GAP_MED'}, {'CARD_WITHDRAWAL_A_GAP_SHORT'}, {'CARD_WITHDRAWAL_D_GAP_LONG'}]",0.27385311412294466,575,0.9149268453065922,0.9694829047753603,3600
"[{'CARD_WITHDRAWAL_D_GAP_MED'}, {'CARD_WITHDRAWAL_D_GAP_MED'}, {'CARD_WITHDRAWAL_D_GAP_SHORT'}, {'CARD_WITHDRAWAL_D_GAP_MED'}, {'CARD_WITHDRAWAL_A_GAP_SHORT'}, {'CARD_WITHDRAWAL_D_GAP_MED'}]",0.27346870163474846,752,0.9185495118549512,0.9694829047753603,3600
"[{'DEPOSIT_A_GAP_SHORT'}, {'CARD_WITHDRAWAL_C_GAP_MED'}, {'CARD_WITHDRAWAL_D_GAP_MED'}, {'CARD_WITHDRAWAL_D_GAP_MED'}, {'CARD_WITHDRAWAL_D_GAP_SHORT'}, {'CARD_WITHDRAWAL_C_GAP_MED'}, {'CARD_WITHDRAWAL_D_GAP_MED'}, {'CARD_WITHDRAWAL_C_GAP_MED'}, {'CARD_WITHDRAWAL_D_GAP_MED'}, {'CARD_WITHDRAWAL_C_GAP_SHORT'}]",0.2733518054540428,93,0.8295454545454546,0.9694829047753603,3600
"[{'DEPOSIT_A_GAP_SHORT'}, {'CARD_WITHDRAWAL_C_GAP_SHORT'}, {'CARD_WITHDRAWAL_C_GAP_MED'}, {'CARD_WITHDRAWAL_B_GAP_MED'}, {'CARD_WITHDRAWAL_A_GAP_SHORT'}, {'CARD_WITHDRAWAL_D_GAP_MED'}, {'CARD_WITHDRAWAL_A_GAP_SHORT'}, {'CARD_WITHDRAWAL_C_GAP_MED'}]",0.27322858955860896,230,0.874617737003058,0.9694829047753603,3600
"[{'CARD_WITHDRAWAL_D_GAP_SHORT'}, {'CARD_WITHDRAWAL_C_GAP_MED'}, {'CARD_WITHDRAWAL_D_GAP_MED'}, {'CARD_WITHDRAWAL_D_GAP_SHORT'}, {'CARD_WITHDRAWAL_D_GAP_SHORT'}, {'CARD_WITHDRAWAL_D_GAP_MED'}, {'CARD_WITHDRAWAL_D_GAP_MED'}]",0.27311282474584664,346,0.8940930307419925,0.9694829047753603,3600
"[{'CARD_WITHDRAWAL_D_GAP_MED'}, {'CARD_WITHDRAWAL_D_GAP_MED'}, {'CARD_WITHDRAWAL_C_GAP_MED'}, {'CARD_WITHDRAWAL_C_GAP_MED'}, {'CARD_WITHDRAWAL_C_GAP_MED'}, {'CARD_WITHDRAWAL_C_GAP_MED'}]",0.27310295967436427,696,0.9176346801346802,0.9694829047753603,3600
"[{'PROFILE_REGION_HIGH_EDU'}, {'DEPOSIT_A_GAP_SHORT'}, {'DEPOSIT_D_GAP_LONG'}, {'DEPOSIT_B_GAP_LONG'}, {'DEPOSIT_C_GAP_LONG'}]",0.273041081583302,106,0.9148629148629148,0.9694829047753603,3600
"[{'PROFILE_REGION_HIGH_INCOME', 'PROFILE_REGION_HIGH_CRIME'}, {'DEPOSIT_C_GAP_LONG'}, {'DEPOSIT_D_GAP_MED'}, {'CARD_WITHDRAWAL_D_GAP_MED'}, {'DEPOSIT_C_GAP_MED'}, {'CARD_WITHDRAWAL_C_GAP_SHORT'}, {'CARD_WITHDRAWAL_A_GAP_SHORT'}, {'CARD_WITHDRAWAL_B_GAP_SHORT'}]",0.2730041090058859,25,0.8043478260869565,0.9694829047753603,3600
"[{'DEPOSIT_A_GAP_SHORT'}, {'CARD_WITHDRAWAL_D_GAP_MED'}, {'CARD_WITHDRAWAL_D_GAP_MED'}, {'CARD_WITHDRAWAL_C_GAP_MED'}, {'CARD_WITHDRAWAL_C_GAP_SHORT'}, {'CARD_WITHDRAWAL_D_GAP_SHORT'}]",0.27224473434750096,518,0.9138641372041775,0.9694829047753603,3600
"[{'DEPOSIT_D_GAP_LONG'}, {'DEPOSIT_D_GAP_SHORT'}, {'CARD_WITHDRAWAL_D_GAP_SHORT'}, {'CARD_WITHDRAWAL_C_GAP_MED'}, {'CARD_WITHDRAWAL_D_GAP_MED'}, {'CARD_WITHDRAWAL_D_GAP_MED'}]",0.27216973571931913,494,0.9132185643813551,0.9694829047753603,3600
"[{'PROFILE_OLD_FEMALE', 'PROFILE_REGION_HIGH_CRIME'}, {'CARD_WITHDRAWAL_C_GAP_LONG'}, {'CARD_WITHDRAWAL_B_GAP_SHORT'}, {'CARD_WITHDRAWAL_C_GAP_LONG'}, {'CARD_WITHDRAWAL_B_GAP_MED'}]",0.27187234335010235,140,0.9191176470588235,0.9694829047753603,3600
"[{'CARD_WITHDRAWAL_B_GAP_MED'}, {'CARD_WITHDRAWAL_B_GAP_SHORT'}, {'CARD_WITHDRAWAL_A_GAP_SHORT'}, {'CARD_WITHDRAWAL_C_GAP_SHORT'}, {'CARD_WITHDRAWAL_A_GAP_SHORT'}, {'CARD_WITHDRAWAL_D_GAP_MED'}]",0.27177642412479897,374,0.9092661230541141,0.9694829047753603,3600
"[{'CARD_WITHDRAWAL_D_GAP_MED'}, {'CARD_WITHDRAWAL_D_GAP_MED'}, {'CARD_WITHDRAWAL_C_GAP_MED'}, {'CARD_WITHDRAWAL_C_GAP_SHORT'}, {'CARD_WITHDRAWAL_D_GAP_MED'}, {'CARD_WITHDRAWAL_D_GAP_MED'}]",0.2715086201430549,554,0.9149624007309016,0.9694829047753603,3600
"[{'DEPOSIT_D_GAP_LONG'}, {'CARD_WITHDRAWAL_D_GAP_LONG'}, {'CARD_WITHDRAWAL_D_GAP_MED'}, {'CARD_WITHDRAWAL_C_GAP_MED'}, {'CARD_WITHDRAWAL_D_GAP_SHORT'}, {'CARD_WITHDRAWAL_C_GAP_MED'}, {'CARD_WITHDRAWAL_D_GAP_MED'}, {'CARD_WITHDRAWAL_D_GAP_SHORT'}]",0.27149797218572624,194,0.8708708708708708,0.9694829047753603,3600
"[{'CARD_WITHDRAWAL_D_GAP_MED'}, {'CARD_WITHDRAWAL_D_GAP_MED'}, {'CARD_WITHDRAWAL_C_GAP_MED'}, {'CARD_WITHDRAWAL_C_GAP_MED'}, {'CARD_WITHDRAWAL_D_GAP_SHORT'}, {'CARD_WITHDRAWAL_D_GAP_MED'}, {'CARD_WITHDRAWAL_D_GAP_MED'}]",0.27120054780377156,438,0.8987951807228916,0.9694829047753603,3600
"[{'CARD_WITHDRAWAL_A_GAP_SHORT'}, {'CARD_WITHDRAWAL_C_GAP_MED'}, {'CARD_WITHDRAWAL_C_GAP_LONG'}, {'CARD_WITHDRAWAL_A_GAP_SHORT'}, {'CARD_WITHDRAWAL_A_GAP_SHORT'}, {'CARD_WITHDRAWAL_C_GAP_MED'}, {'CARD_WITHDRAWAL_D_GAP_SHORT'}]",0.27107251058519677,212,0.8847662141779788,0.9694829047753603,3600
"[{'DEPOSIT_B_GAP_MED'}, {'CARD_WITHDRAWAL_D_GAP_MED'}, {'CARD_WITHDRAWAL_D_GAP_MED'}, {'CARD_WITHDRAWAL_C_GAP_MED'}, {'CARD_WITHDRAWAL_C_GAP_MED'}, {'CARD_WITHDRAWAL_A_GAP_SHORT'}, {'CARD_WITHDRAWAL_D_GAP_MED'}, {'CARD_WITHDRAWAL_A_GAP_SHORT'}]",0.27013894582238274,101,0.8537414965986395,0.9694829047753603,3600
"[{'DEPOSIT_A_GAP_SHORT'}, {'CARD_WITHDRAWAL_C_GAP_LONG'}, {'CARD_WITHDRAWAL_C_GAP_MED'}, {'CARD_WITHDRAWAL_D_GAP_MED'}, {'CARD_WITHDRAWAL_C_GAP_MED'}, {'CARD_WITHDRAWAL_C_GAP_MED'}]",0.27012894446804947,444,0.9122023809523809,0.9694829047753603,3600
"[{'PROFILE_REGION_HIGH_CRIME'}, {'CARD_WITHDRAWAL_D_GAP_MED'}, {'CARD_WITHDRAWAL_D_GAP_SHORT'}, {'CARD_WITHDRAWAL_D_GAP_SHORT'}, {'CARD_WITHDRAWAL_C_GAP_MED'}, {'CARD_WITHDRAWAL_D_GAP_MED'}, {'CARD_WITHDRAWAL_C_GAP_MED'}, {'CARD_WITHDRAWAL_D_GAP_MED'}, {'CARD_WITHDRAWAL_D_GAP_SHORT'}, {'CARD_WITHDRAWAL_D_GAP_SHORT'}]",0.26983456471543077,78,0.8240740740740741,0.9694829047753603,3600
"[{'DEPOSIT_A_GAP_SHORT'}, {'CARD_WITHDRAWAL_D_GAP_LONG'}, {'CARD_WITHDRAWAL_B_GAP_MED'}, {'CARD_WITHDRAWAL_C_GAP_MED'}, {'CARD_WITHDRAWAL_D_GAP_MED'}, {'CARD_WITHDRAWAL_D_GAP_LONG'}]",0.2695961081130901,422,0.9116042881324056,0.9694829047753603,3600
"[{'DEPOSIT_A_GAP_SHORT'}, {'CARD_WITHDRAWAL_D_GAP_LONG'}, {'CARD_WITHDRAWAL_D_GAP_MED'}, {'CARD_WITHDRAWAL_C_GAP_MED'}, {'CARD_WITHDRAWAL_D_GAP_MED'}, {'CARD_WITHDRAWAL_D_GAP_SHORT'}]",0.26932275955942364,552,0.9154269746034356,0.9694829047753603,3600
"[{'CARD_WITHDRAWAL_D_GAP_MED'}, {'CARD_WITHDRAWAL_D_GAP_SHORT'}, {'CARD_WITHDRAWAL_D_GAP_MED'}, {'CARD_WITHDRAWAL_A_GAP_SHORT'}, {'CARD_WITHDRAWAL_C_GAP_MED'}, {'CARD_WITHDRAWAL_D_GAP_MED'}]",0.2691415636119986,613,0.9168667810177245,0.9694829047753603,3600
"[{'PROFILE_REGION_HIGH_EDU'}, {'CARD_WITHDRAWAL_C_GAP_SHORT'}, {'CARD_WITHDRAWAL_C_GAP_MED'}, {'CARD_WITHDRAWAL_C_GAP_MED'}, {'CARD_WITHDRAWAL_C_GAP_MED'}, {'CARD_WITHDRAWAL_D_GAP_MED'}, {'CARD_WITHDRAWAL_C_GAP_MED'}]",0.26899823019129976,159,0.878992628992629,0.9694829047753603,3600
"[{'DEPOSIT_D_GAP_SHORT'}, {'CARD_WITHDRAWAL_D_GAP_MED'}, {'CARD_WITHDRAWAL_D_GAP_MED'}, {'CARD_WITHDRAWAL_D_GAP_SHORT'}, {'DEPOSIT_D_GAP_SHORT'}, {'CARD_WITHDRAWAL_C_GAP_MED'}, {'CARD_WITHDRAWAL_C_GAP_MED'}, {'CARD_WITHDRAWAL_C_GAP_MED'}]",0.26892463277742173,170,0.8681434599156118,0.9694829047753603,3600
"[{'CARD_WITHDRAWAL_A_GAP_SHORT'}, {'CARD_WITHDRAWAL_C_GAP_SHORT'}, {'CARD_WITHDRAWAL_A_GAP_SHORT'}, {'CARD_WITHDRAWAL_A_GAP_SHORT'}, {'DEPOSIT_C_GAP_MED'}, {'CARD_WITHDRAWAL_A_GAP_SHORT'}]",0.2689151095953659,263,0.9045351473922902,0.9694829047753603,3600
"[{'CARD_WITHDRAWAL_C_GAP_MED'}, {'CARD_WITHDRAWAL_D_GAP_MED'}, {'CARD_WITHDRAWAL_A_GAP_SHORT'}, {'CARD_WITHDRAWAL_D_GAP_MED'}, {'CARD_WITHDRAWAL_D_GAP_SHORT'}, {'CARD_WITHDRAWAL_A_GAP_SHORT'}, {'CARD_WITHDRAWAL_A_GAP_SHORT'}]",0.2687967913993681,535,0.9027087475149105,0.9694829047753603,3600
"[{'CARD_WITHDRAWAL_C_GAP_MED'}, {'CARD_WITHDRAWAL_D_GAP_MED'}, {'CARD_WITHDRAWAL_C_GAP_MED'}, {'CARD_WITHDRAWAL_C_GAP_SHORT'}, {'CARD_WITHDRAWAL_D_GAP_MED'}, {'CARD_WITHDRAWAL_D_GAP_SHORT'}, {'CARD_WITHDRAWAL_D_GAP_SHORT'}]",0.268195884374832,237,0.8877777777777778,0.9694829047753603,3600
"[{'CARD_WITHDRAWAL_D_GAP_LONG'}, {'CARD_WITHDRAWAL_D_GAP_LONG'}, {'CARD_WITHDRAWAL_C_GAP_MED'}, {'CARD_WITHDRAWAL_C_GAP_MED'}, {'CARD_WITHDRAWAL_D_GAP_MED'}, {'CARD_WITHDRAWAL_D_GAP_MED'}]",0.26786970753981754,633,0.9175787728026534,0.9694829047753603,3600
"[{'PROFILE_REGION_LOW_INCOME'}, {'DEPOSIT_D_GAP_LONG'}, {'DEPOSIT_C_GAP_LONG'}, {'DEPOSIT_C_GAP_LONG'}, {'CARD_WITHDRAWAL_B_GAP_LONG'}]",0.2677742166935191,106,0.9177489177489178,0.9694829047753603,3600
"[{'PROFILE_OLD_FEMALE'}, {'CARD_WITHDRAWAL_D_GAP_SHORT'}, {'TRANSFER_B_GAP_SHORT'}, {'CARD_WITHDRAWAL_C_GAP_SHORT'}, {'CARD_WITHDRAWAL_A_GAP_SHORT'}, {'TRANSFER_B_GAP_SHORT'}]",0.2674614301332654,66,0.8783068783068784,0.9694829047753603,3600
"[{'CARD_WITHDRAWAL_D_GAP_MED'}, {'CARD_WITHDRAWAL_D_GAP_MED'}, {'CARD_WITHDRAWAL_D_GAP_MED'}, {'CARD_WITHDRAWAL_B_GAP_MED'}, {'CARD_WITHDRAWAL_C_GAP_SHORT'}, {'CARD_WITHDRAWAL_C_GAP_SHORT'}, {'CARD_WITHDRAWAL_D_GAP_MED'}]",0.2665817437909854,326,0.8943939653694497,0.9694829047753603,3600
"[{'DEPOSIT_A_GAP_SHORT'}, {'CARD_WITHDRAWAL_D_GAP_MED'}, {'CARD_WITHDRAWAL_D_GAP_SHORT'}, {'CARD_WITHDRAWAL_C_GAP_SHORT'}, {'CARD_WITHDRAWAL_D_GAP_MED'}, {'CARD_WITHDRAWAL_C_GAP_MED'}, {'CARD_WITHDRAWAL_C_GAP_MED'}]",0.266559463768717,310,0.893448275862069,0.9694829047753603,3600
"[{'CARD_WITHDRAWAL_D_GAP_SHORT'}, {'CARD_WITHDRAWAL_A_GAP_SHORT'}, {'CARD_WITHDRAWAL_A_GAP_SHORT'}, {'CARD_WITHDRAWAL_D_GAP_LONG'}, {'CARD_WITHDRAWAL_D_GAP_MED'}, {'CARD_WITHDRAWAL_D_GAP_MED'}, {'CARD_WITHDRAWAL_D_GAP_MED'}]",0.2665389654411747,403,0.8982797307404637,0.9694829047753603,3600
"[{'CARD_WITHDRAWAL_A_GAP_SHORT'}, {'CARD_WITHDRAWAL_D_GAP_MED'}, {'CARD_WITHDRAWAL_D_GAP_MED'}, {'CARD_WITHDRAWAL_C_GAP_SHORT'}, {'CARD_WITHDRAWAL_D_GAP_SHORT'}, {'CARD_WITHDRAWAL_D_GAP_MED'}]",0.26640451586837954,382,0.9109766637856526,0.9694829047753603,3600
"[{'CARD_WITHDRAWAL_D_GAP_MED'}, {'CARD_WITHDRAWAL_B_GAP_LONG'}, {'CARD_WITHDRAWAL_A_GAP_SHORT'}, {'CARD_WITHDRAWAL_C_GAP_MED'}, {'CARD_WITHDRAWAL_B_GAP_MED'}, {'CARD_WITHDRAWAL_C_GAP_MED'}]",0.2659929933039772,485,0.914468085106383,0.9694829047753603,3600
"[{'CARD_WITHDRAWAL_D_GAP_SHORT'}, {'CARD_WITHDRAWAL_D_GAP_MED'}, {'CARD_WITHDRAWAL_D_GAP_SHORT'}, {'CARD_WITHDRAWAL_D_GAP_MED'}, {'CARD_WITHDRAWAL_C_GAP_MED'}, {'CARD_WITHDRAWAL_D_GAP_MED'}, {'CARD_WITHDRAWAL_D_GAP_MED'}]",0.26593061176107136,429,0.8995098039215687,0.9694829047753603,3600
"[{'CARD_WITHDRAWAL_D_GAP_MED'}, {'CARD_WITHDRAWAL_D_GAP_MED'}, {'CARD_WITHDRAWAL_C_GAP_MED'}, {'CARD_WITHDRAWAL_A_GAP_SHORT'}, {'CARD_WITHDRAWAL_A_GAP_SHORT'}, {'CARD_WITHDRAWAL_A_GAP_SHORT'}, {'CARD_WITHDRAWAL_D_GAP_MED'}]",0.26500645332903816,716,0.9080888060860115,0.9694829047753603,3600
"[{'DEPOSIT_D_GAP_LONG'}, {'CARD_WITHDRAWAL_D_GAP_LONG'}, {'DEPOSIT_D_GAP_LONG'}, {'CARD_WITHDRAWAL_D_GAP_MED'}, {'DEPOSIT_D_GAP_LONG'}, {'CARD_WITHDRAWAL_D_GAP_MED'}, {'CARD_WITHDRAWAL_D_GAP_MED'}, {'CARD_WITHDRAWAL_B_GAP_MED'}, {'CARD_WITHDRAWAL_C_GAP_MED'}, {'CARD_WITHDRAWAL_C_GAP_SHORT'}]",0.26479541472455215,93,0.8314606741573034,0.9694829047753603,3600
"[{'CARD_WITHDRAWAL_D_GAP_MED'}, {'CARD_WITHDRAWAL_D_GAP_MED'}, {'CARD_WITHDRAWAL_D_GAP_MED'}, {'CARD_WITHDRAWAL_A_GAP_SHORT'}, {'CARD_WITHDRAWAL_D_GAP_MED'}, {'CARD_WITHDRAWAL_B_GAP_SHORT'}, {'CARD_WITHDRAWAL_D_GAP_SHORT'}]",0.26463115070924137,497,0.9022966507177034,0.9694829047753603,3600
"[{'CARD_WITHDRAWAL_D_GAP_MED'}, {'CARD_WITHDRAWAL_C_GAP_MED'}, {'CARD_WITHDRAWAL_D_GAP_MED'}, {'CARD_WITHDRAWAL_A_GAP_SHORT'}, {'CARD_WITHDRAWAL_D_GAP_MED'}, {'CARD_WITHDRAWAL_B_GAP_MED'}, {'CARD_WITHDRAWAL_D_GAP_SHORT'}, {'CARD_WITHDRAWAL_D_GAP_LONG'}, {'CARD_WITHDRAWAL_A_GAP_SHORT'}, {'CARD_WITHDRAWAL_D_GAP_MED'}]",0.26440572631021286,130,0.8426279602750191,0.9694829047753603,3600
"[{'PROFILE_REGION_HIGH_EDU', 'PROFILE_REGION_HIGH_INCOME'}, {'CARD_WITHDRAWAL_C_GAP_SHORT'}, {'CARD_WITHDRAWAL_A_GAP_SHORT'}, {'CARD_WITHDRAWAL_D_GAP_MED'}, {'CARD_WITHDRAWAL_D_GAP_LONG'}, {'CARD_WITHDRAWAL_A_GAP_SHORT'}, {'CARD_WITHDRAWAL_B_GAP_LONG'}]",0.26426328800352716,53,0.8520408163265306,0.9694829047753603,3600
"[{'PROFILE_REGION_HIGH_EDU', 'PROFILE_REGION_LOW_INCOME'}, {'DEPOSIT_A_GAP_SHORT'}, {'CARD_WITHDRAWAL_C_GAP_LONG'}, {'CARD_WITHDRAWAL_A_GAP_SHORT'}, {'CARD_WITHDRAWAL_C_GAP_MED'}, {'CARD_WITHDRAWAL_C_GAP_SHORT'}, {'CARD_WITHDRAWAL_C_GAP_MED'}, {'CARD_WITHDRAWAL_B_GAP_MED'}]",0.2635840335507852,64,0.8416666666666667,0.9694829047753603,3600
"[{'PROFILE_REGION_LOW_INCOME'}, {'CARD_WITHDRAWAL_D_GAP_LONG'}, {'CARD_WITHDRAWAL_D_GAP_MED'}, {'CARD_WITHDRAWAL_B_GAP_MED'}, {'CARD_WITHDRAWAL_A_GAP_SHORT'}, {'CARD_WITHDRAWAL_D_GAP_MED'}]",0.2631105708034791,378,0.9116954474097331,0.9694829047753603,3600
"[{'CARD_WITHDRAWAL_D_GAP_SHORT'}, {'CARD_WITHDRAWAL_D_GAP_SHORT'}, {'CARD_WITHDRAWAL_D_GAP_SHORT'}, {'CARD_WITHDRAWAL_D_GAP_MED'}, {'CARD_WITHDRAWAL_D_GAP_MED'}, {'CARD_WITHDRAWAL_C_GAP_LONG'}]",0.26291935783382003,322,0.9093851132686084,0.9694829047753603,3600
"[{'DEPOSIT_C_GAP_MED'}, {'CARD_WITHDRAWAL_B_GAP_MED'}, {'CARD_WITHDRAWAL_B_GAP_SHORT'}, {'CARD_WITHDRAWAL_A_GAP_SHORT'}, {'DEPOSIT_D_GAP_MED'}, {'CARD_WITHDRAWAL_D_GAP_MED'}]",0.2624717041132093,204,0.9022606382978724,0.9694829047753603,3600
"[{'CARD_WITHDRAWAL_D_GAP_MED'}, {'CARD_WITHDRAWAL_C_GAP_MED'}, {'CARD_WITHDRAWAL_D_GAP_MED'}, {'CARD_WITHDRAWAL_A_GAP_SHORT'}, {'CARD_WITHDRAWAL_D_GAP_MED'}, {'CARD_WITHDRAWAL_D_GAP_LONG'}, {'CARD_WITHDRAWAL_A_GAP_SHORT'}, {'CARD_WITHDRAWAL_D_GAP_MED'}]",0.26242497196958536,331,0.8849520045172219,0.9694829047753603,3600
"[{'PROFILE_REGION_LOW_EDU'}, {'DEPOSIT_A_GAP_SHORT'}, {'DEPOSIT_D_GAP_SHORT'}, {'DEPOSIT_D_GAP_MED'}, {'CARD_WITHDRAWAL_B_GAP_MED'}, {'CARD_WITHDRAWAL_D_GAP_SHORT'}, {'CARD_WITHDRAWAL_B_GAP_LONG'}]",0.2623657650757657,171,0.8823529411764706,0.9694829047753603,3600
"[{'CARD_WITHDRAWAL_D_GAP_SHORT'}, {'CARD_WITHDRAWAL_D_GAP_MED'}, {'CARD_WITHDRAWAL_D_GAP_MED'}, {'CARD_WITHDRAWAL_C_GAP_MED'}, {'CARD_WITHDRAWAL_C_GAP_MED'}, {'CARD_WITHDRAWAL_C_GAP_SHORT'}, {'CARD_WITHDRAWAL_D_GAP_SHORT'}]",0.26221042144508,241,0.8895531780994336,0.9694829047753603,3600
"[{'PROFILE_OLD_FEMALE'}, {'CARD_WITHDRAWAL_D_GAP_MED'}, {'CARD_WITHDRAWAL_D_GAP_SHORT'}, {'CARD_WITHDRAWAL_D_GAP_SHORT'}, {'CARD_WITHDRAWAL_D_GAP_LONG'}, {'CARD_WITHDRAWAL_C_GAP_MED'}, {'CARD_WITHDRAWAL_C_GAP_MED'}, {'CARD_WITHDRAWAL_D_GAP_MED'}]",0.26185012606745883,116,0.8597640891218873,0.9694829047753603,3600
"[{'CARD_WITHDRAWAL_D_GAP_LONG'}, {'CARD_WITHDRAWAL_A_GAP_LONG'}, {'CARD_WITHDRAWAL_C_GAP_MED'}, {'TRANSFER_B_GAP_MED'}, {'CARD_WITHDRAWAL_D_GAP_MED'}, {'TRANSFER_B_GAP_MED'}, {'CARD_WITHDRAWAL_C_GAP_MED'}, {'CARD_WITHDRAWAL_A_GAP_LONG'}, {'CARD_WITHDRAWAL_D_GAP_MED'}, {'CARD_WITHDRAWAL_B_GAP_MED'}]",0.26171046651608143,29,0.7857142857142857,0.9694829047753603,3600
"[{'CARD_WITHDRAWAL_D_GAP_SHORT'}, {'CARD_WITHDRAWAL_C_GAP_SHORT'}, {'CARD_WITHDRAWAL_C_GAP_MED'}, {'CARD_WITHDRAWAL_C_GAP_MED'}, {'CARD_WITHDRAWAL_C_GAP_MED'}, {'CARD_WITHDRAWAL_D_GAP_MED'}, {'CARD_WITHDRAWAL_D_GAP_MED'}]",0.2614666608603299,259,0.8911564625850339,0.9694829047753603,3600
"[{'PROFILE_REGION_LOW_EDU'}, {'DEPOSIT_A_GAP_SHORT'}, {'CARD_WITHDRAWAL_B_GAP_MED'}, {'CARD_WITHDRAWAL_B_GAP_MED'}, {'CARD_WITHDRAWAL_C_GAP_MED'}, {'DEPOSIT_C_GAP_LONG'}]",0.2613040587552218,119,0.892982456140351,0.9694829047753603,3600
"[{'DEPOSIT_D_GAP_LONG'}, {'DEPOSIT_C_GAP_LONG'}, {'DEPOSIT_C_GAP_LONG'}, {'CARD_WITHDRAWAL_A_GAP_SHORT'}, {'DEPOSIT_B_GAP_LONG'}, {'DEPOSIT_D_GAP_LONG'}]",0.2612074171672839,39,0.868421052631579,0.9694829047753603,3600
"[{'CARD_WITHDRAWAL_C_GAP_MED'}, {'CARD_WITHDRAWAL_D_GAP_MED'}, {'CARD_WITHDRAWAL_D_GAP_MED'}, {'CARD_WITHDRAWAL_C_GAP_MED'}, {'CARD_WITHDRAWAL_B_GAP_MED'}, {'CARD_WITHDRAWAL_D_GAP_MED'}, {'CARD_WITHDRAWAL_D_GAP_SHORT'}]",0.26108101093175273,364,0.8976293103448275,0.9694829047753603,3600
"[{'CARD_WITHDRAWAL_C_GAP_SHORT'}, {'CARD_WITHDRAWAL_C_GAP_MED'}, {'CARD_WITHDRAWAL_C_GAP_MED'}, {'CARD_WITHDRAWAL_C_GAP_MED'}, {'CARD_WITHDRAWAL_C_GAP_MED'}, {'CARD_WITHDRAWAL_A_GAP_SHORT'}, {'CARD_WITHDRAWAL_D_GAP_LONG'}, {'CARD_WITHDRAWAL_A_GAP_SHORT'}]",0.26107897641331923,153,0.8672839506172839,0.9694829047753603,3600
"[{'CARD_WITHDRAWAL_B_GAP_MED'}, {'CARD_WITHDRAWAL_B_GAP_MED'}, {'CARD_WITHDRAWAL_C_GAP_MED'}, {'CARD_WITHDRAWAL_C_GAP_MED'}, {'CARD_WITHDRAWAL_C_GAP_SHORT'}, {'CARD_WITHDRAWAL_B_GAP_SHORT'}, {'CARD_WITHDRAWAL_A_GAP_SHORT'}]",0.26094490711590956,257,0.8911290322580645,0.9694829047753603,3600
"[{'PROFILE_REGION_HIGH_EDU'}, {'DEPOSIT_A_GAP_SHORT'}, {'CARD_WITHDRAWAL_C_GAP_LONG'}, {'CARD_WITHDRAWAL_A_GAP_SHORT'}, {'CARD_WITHDRAWAL_C_GAP_MED'}, {'CARD_WITHDRAWAL_C_GAP_MED'}]",0.2608355254480694,334,0.9105095541401275,0.9694829047753603,3600
"[{'PROFILE_OLD_MALE'}, {'CARD_WITHDRAWAL_C_GAP_MED'}, {'CARD_WITHDRAWAL_A_GAP_SHORT'}, {'CARD_WITHDRAWAL_D_GAP_MED'}, {'CARD_WITHDRAWAL_D_GAP_LONG'}, {'CARD_WITHDRAWAL_B_GAP_SHORT'}, {'CARD_WITHDRAWAL_B_GAP_MED'}, {'CARD_WITHDRAWAL_B_GAP_LONG'}, {'CARD_WITHDRAWAL_D_GAP_MED'}]",0.26050636817397543,36,0.8080808080808082,0.9694829047753603,3600
"[{'PROFILE_REGION_LOW_INCOME'}, {'CARD_WITHDRAWAL_A_GAP_SHORT'}, {'CARD_WITHDRAWAL_B_GAP_LONG'}, {'CARD_WITHDRAWAL_A_GAP_SHORT'}, {'CARD_WITHDRAWAL_C_GAP_SHORT'}, {'CARD_WITHDRAWAL_C_GAP_MED'}, {'CARD_WITHDRAWAL_A_GAP_SHORT'}]",0.2603937529001703,186,0.8846753246753247,0.9694829047753603,3600
"[{'DEPOSIT_D_GAP_MED'}, {'DEPOSIT_D_GAP_MED'}, {'DEPOSIT_D_GAP_SHORT'}, {'CARD_WITHDRAWAL_C_GAP_MED'}, {'CARD_WITHDRAWAL_D_GAP_LONG'}, {'CARD_WITHDRAWAL_D_GAP_SHORT'}]",0.26012575907363045,301,0.9091587854654057,0.9694829047753603,3600
"[{'CARD_WITHDRAWAL_D_GAP_LONG'}, {'CARD_WITHDRAWAL_D_GAP_MED'}, {'CARD_WITHDRAWAL_C_GAP_MED'}, {'CARD_WITHDRAWAL_C_GAP_MED'}, {'CARD_WITHDRAWAL_C_GAP_MED'}, {'CARD_WITHDRAWAL_D_GAP_MED'}, {'CARD_WITHDRAWAL_A_GAP_SHORT'}, {'CARD_WITHDRAWAL_D_GAP_MED'}]",0.26011098734179217,333,0.8855311355311355,0.9694829047753603,3600
"[{'PROFILE_REGION_HIGH_EDU'}, {'CARD_WITHDRAWAL_D_GAP_LONG'}, {'CARD_WITHDRAWAL_D_GAP_SHORT'}, {'CARD_WITHDRAWAL_B_GAP_MED'}, {'CARD_WITHDRAWAL_C_GAP_MED'}, {'CARD_WITHDRAWAL_C_GAP_SHORT'}]",0.25995150334208816,209,0.9034536891679747,0.9694829047753603,3600
"[{'PROFILE_REGION_HIGH_EDU'}, {'DEPOSIT_A_GAP_SHORT'}, {'CARD_WITHDRAWAL_C_GAP_LONG'}, {'CARD_WITHDRAWAL_C_GAP_MED'}, {'CARD_WITHDRAWAL_B_GAP_MED'}, {'CARD_WITHDRAWAL_C_GAP_SHORT'}]",0.2598834552331366,233,0.9052447552447553,0.9694829047753603,3600
"[{'DEPOSIT_D_GAP_LONG'}, {'CARD_WITHDRAWAL_A_GAP_SHORT'}, {'DEPOSIT_D_GAP_LONG'}, {'CARD_WITHDRAWAL_A_GAP_SHORT'}, {'CARD_WITHDRAWAL_A_GAP_SHORT'}, {'CARD_WITHDRAWAL_D_GAP_MED'}]",0.2595504217000778,525,0.9171346480344783,0.9694829047753603,3600
"[{'CARD_WITHDRAWAL_D_GAP_MED'}, {'CARD_WITHDRAWAL_D_GAP_SHORT'}, {'CARD_WITHDRAWAL_C_GAP_MED'}, {'CARD_WITHDRAWAL_C_GAP_MED'}, {'CARD_WITHDRAWAL_C_GAP_MED'}, {'CARD_WITHDRAWAL_C_GAP_MED'}, {'CARD_WITHDRAWAL_C_GAP_MED'}, {'CARD_WITHDRAWAL_C_GAP_MED'}]",0.2595091398739948,214,0.8758503401360545,0.9694829047753603,3600
"[{'CARD_WITHDRAWAL_D_GAP_MED'}, {'CARD_WITHDRAWAL_D_GAP_MED'}, {'CARD_WITHDRAWAL_D_GAP_MED'}, {'CARD_WITHDRAWAL_D_GAP_MED'}, {'CARD_WITHDRAWAL_C_GAP_MED'}, {'CARD_WITHDRAWAL_D_GAP_SHORT'}, {'CARD_WITHDRAWAL_D_GAP_MED'}, {'CARD_WITHDRAWAL_D_GAP_SHORT'}]",0.25935450381421654,424,0.8905911258852436,0.9694829047753603,3600
"[{'CARD_WITHDRAWAL_C_GAP_MED'}, {'CARD_WITHDRAWAL_C_GAP_MED'}, {'CARD_WITHDRAWAL_C_GAP_MED'}, {'DEPOSIT_D_GAP_MED'}, {'DEPOSIT_D_GAP_MED'}, {'CARD_WITHDRAWAL_D_GAP_MED'}]",0.25932918777297187,533,0.9173873463814293,0.9694829047753603,3600
"[{'CARD_WITHDRAWAL_D_GAP_MED'}, {'CARD_WITHDRAWAL_C_GAP_MED'}, {'CARD_WITHDRAWAL_C_GAP_MED'}, {'CARD_WITHDRAWAL_C_GAP_MED'}, {'CARD_WITHDRAWAL_A_GAP_SHORT'}, {'CARD_WITHDRAWAL_D_GAP_MED'}, {'CARD_WITHDRAWAL_C_GAP_MED'}]",0.25899415383185376,425,0.9008,0.9694829047753603,3600
"[{'CARD_WITHDRAWAL_C_GAP_MED'}, {'CARD_WITHDRAWAL_C_GAP_MED'}, {'CARD_WITHDRAWAL_D_GAP_MED'}, {'CARD_WITHDRAWAL_C_GAP_MED'}, {'CARD_WITHDRAWAL_D_GAP_MED'}, {'CARD_WITHDRAWAL_B_GAP_MED'}, {'CARD_WITHDRAWAL_A_GAP_SHORT'}, {'CARD_WITHDRAWAL_D_GAP_MED'}]",0.2586483798476502,237,0.878393665158371,0.9694829047753603,3600
"[{'DEPOSIT_A_GAP_SHORT'}, {'CARD_WITHDRAWAL_C_GAP_MED'}, {'CARD_WITHDRAWAL_C_GAP_MED'}, {'CARD_WITHDRAWAL_B_GAP_LONG'}, {'CARD_WITHDRAWAL_C_GAP_SHORT'}, {'CARD_WITHDRAWAL_C_GAP_MED'}]",0.2586118123697544,313,0.9101767797419971,0.9694829047753603,3600
"[{'DEPOSIT_A_GAP_SHORT'}, {'CARD_WITHDRAWAL_D_GAP_MED'}, {'CARD_WITHDRAWAL_C_GAP_SHORT'}, {'CARD_WITHDRAWAL_C_GAP_SHORT'}, {'CARD_WITHDRAWAL_C_GAP_MED'}, {'CARD_WITHDRAWAL_A_GAP_SHORT'}]",0.2585157006768557,397,0.9136247384329226,0.9694829047753603,3600
"[{'PROFILE_REGION_LOW_EDU'}, {'CARD_WITHDRAWAL_C_GAP_SHORT'}, {'CARD_WITHDRAWAL_A_GAP_SHORT'}, {'CARD_WITHDRAWAL_C_GAP_MED'}, {'CARD_WITHDRAWAL_B_GAP_SHORT'}, {'CARD_WITHDRAWAL_C_GAP_LONG'}]",0.25825026997697886,171,0.9006211180124224,0.9694829047753603,3600
"[{'CARD_WITHDRAWAL_C_GAP_MED'}, {'CARD_WITHDRAWAL_D_GAP_LONG'}, {'CARD_WITHDRAWAL_A_GAP_SHORT'}, {'CARD_WITHDRAWAL_A_GAP_SHORT'}, {'CARD_WITHDRAWAL_C_GAP_MED'}, {'CARD_WITHDRAWAL_A_GAP_SHORT'}]",0.2576744883835018,505,0.9170997920997921,0.9694829047753603,3600
"[{'PROFILE_REGION_HIGH_CRIME'}, {'CARD_WITHDRAWAL_C_GAP_MED'}, {'CARD_WITHDRAWAL_C_GAP_SHORT'}, {'CARD_WITHDRAWAL_C_GAP_SHORT'}, {'CARD_WITHDRAWAL_D_GAP_SHORT'}, {'CARD_WITHDRAWAL_D_GAP_LONG'}, {'CARD_WITHDRAWAL_D_GAP_SHORT'}, {'CARD_WITHDRAWAL_C_GAP_MED'}]",0.2575486240593191,52,0.8367346938775511,0.9694829047753603,3600
"[{'CARD_WITHDRAWAL_C_GAP_MED'}, {'CARD_WITHDRAWAL_D_GAP_SHORT'}, {'CARD_WITHDRAWAL_D_GAP_SHORT'}, {'CARD_WITHDRAWAL_B_GAP_MED'}, {'CARD_WITHDRAWAL_B_GAP_MED'}, {'CARD_WITHDRAWAL_A_GAP_SHORT'}]",0.2575288025124227,436,0.9151785714285714,0.9694829047753603,3600
"[{'PROFILE_REGION_LOW_CRIME', 'PROFILE_REGION_LOW_EDU'}, {'CARD_WITHDRAWAL_A_GAP_SHORT'}, {'CARD_WITHDRAWAL_C_GAP_MED'}, {'CARD_WITHDRAWAL_A_GAP_SHORT'}, {'CARD_WITHDRAWAL_A_GAP_SHORT'}, {'CARD_WITHDRAWAL_A_GAP_SHORT'}]",0.25751109203314027,319,0.9107717041800644,0.9694829047753603,3600
"[{'PROFILE_REGION_HIGH_EDU', 'PROFILE_REGION_HIGH_INCOME', 'PROFILE_REGION_HIGH_CRIME'}, {'DEPOSIT_B_GAP_SHORT'}, {'CARD_WITHDRAWAL_A_GAP_SHORT'}, {'CARD_WITHDRAWAL_D_GAP_LONG'}, {'CARD_WITHDRAWAL_D_GAP_LONG'}]",0.2563099142210489,64,0.9186440677966101,0.9694829047753603,3600
"[{'CARD_WITHDRAWAL_D_GAP_MED'}, {'CARD_WITHDRAWAL_D_GAP_SHORT'}, {'CARD_WITHDRAWAL_D_GAP_SHORT'}, {'CARD_WITHDRAWAL_D_GAP_MED'}, {'CARD_WITHDRAWAL_C_GAP_LONG'}, {'CARD_WITHDRAWAL_D_GAP_SHORT'}]",0.2562428880699771,293,0.9098822324628777,0.9694829047753603,3600
"[{'CARD_WITHDRAWAL_D_GAP_SHORT'}, {'CARD_WITHDRAWAL_D_GAP_SHORT'}, {'CARD_WITHDRAWAL_D_GAP_MED'}, {'CARD_WITHDRAWAL_D_GAP_SHORT'}, {'CARD_WITHDRAWAL_D_GAP_SHORT'}, {'CARD_WITHDRAWAL_D_GAP_MED'}, {'CARD_WITHDRAWAL_C_GAP_MED'}, {'CARD_WITHDRAWAL_D_GAP_SHORT'}, {'CARD_WITHDRAWAL_C_GAP_MED'}, {'CARD_WITHDRAWAL_C_GAP_MED'}]",0.2549618028748225,62,0.8192090395480225,0.9694829047753603,3600
"[{'PROFILE_REGION_HIGH_CRIME'}, {'DEPOSIT_D_GAP_MED'}, {'DEPOSIT_D_GAP_MED'}, {'CARD_WITHDRAWAL_D_GAP_MED'}, {'CARD_WITHDRAWAL_C_GAP_MED'}, {'DEPOSIT_D_GAP_SHORT'}, {'CARD_WITHDRAWAL_C_GAP_MED'}, {'CARD_WITHDRAWAL_D_GAP_MED'}, {'CARD_WITHDRAWAL_D_GAP_MED'}, {'DEPOSIT_D_GAP_MED'}]",0.25488331875005465,136,0.8460192475940508,0.9694829047753603,3600
"[{'CARD_WITHDRAWAL_D_GAP_MED'}, {'CARD_WITHDRAWAL_D_GAP_MED'}, {'CARD_WITHDRAWAL_D_GAP_MED'}, {'CARD_WITHDRAWAL_C_GAP_MED'}, {'CARD_WITHDRAWAL_C_GAP_MED'}, {'CARD_WITHDRAWAL_D_GAP_MED'}, {'CARD_WITHDRAWAL_D_GAP_MED'}]",0.25485454617283676,667,0.9089074803149606,0.9694829047753603,3600
"[{'CARD_WITHDRAWAL_B_GAP_LONG'}, {'CARD_WITHDRAWAL_C_GAP_MED'}, {'CARD_WITHDRAWAL_B_GAP_SHORT'}, {'CARD_WITHDRAWAL_C_GAP_MED'}, {'CARD_WITHDRAWAL_B_GAP_SHORT'}, {'CARD_WITHDRAWAL_D_GAP_MED'}, {'CARD_WITHDRAWAL_A_GAP_SHORT'}, {'CARD_WITHDRAWAL_D_GAP_MED'}]",0.254608415454306,114,0.8611481975967957,0.9694829047753603,3600
"[{'DEPOSIT_A_GAP_SHORT'}, {'CARD_WITHDRAWAL_B_GAP_LONG'}, {'CARD_WITHDRAWAL_C_GAP_MED'}, {'CARD_WITHDRAWAL_A_GAP_SHORT'}, {'CARD_WITHDRAWAL_C_GAP_MED'}, {'CARD_WITHDRAWAL_C_GAP_MED'}]",0.25439226321615427,521,0.9183433936955064,0.9694829047753603,3600
"[{'CARD_WITHDRAWAL_D_GAP_MED'}, {'CARD_WITHDRAWAL_C_GAP_MED'}, {'CARD_WITHDRAWAL_D_GAP_MED'}, {'CARD_WITHDRAWAL_D_GAP_MED'}, {'CARD_WITHDRAWAL_B_GAP_MED'}, {'CARD_WITHDRAWAL_A_GAP_SHORT'}, {'CARD_WITHDRAWAL_D_GAP_MED'}]",0.2541698265468262,527,0.9053720083246618,0.9694829047753603,3600
"[{'DEPOSIT_D_GAP_LONG'}, {'DEPOSIT_D_GAP_LONG'}, {'DEPOSIT_D_GAP_SHORT'}, {'DEPOSIT_D_GAP_LONG'}, {'CARD_WITHDRAWAL_D_GAP_SHORT'}, {'CARD_WITHDRAWAL_A_GAP_SHORT'}]",0.2535383370596368,434,0.9161835748792271,0.9694829047753603,3600
"[{'PROFILE_REGION_HIGH_CRIME'}, {'CARD_WITHDRAWAL_B_GAP_LONG'}, {'CARD_WITHDRAWAL_D_GAP_SHORT'}, {'CARD_WITHDRAWAL_B_GAP_SHORT'}, {'CARD_WITHDRAWAL_B_GAP_SHORT'}, {'CARD_WITHDRAWAL_B_GAP_LONG'}, {'CARD_WITHDRAWAL_A_GAP_SHORT'}, {'CARD_WITHDRAWAL_D_GAP_MED'}]",0.25318705354505466,63,0.8442622950819673,0.9694829047753603,3600
"[{'CARD_WITHDRAWAL_D_GAP_SHORT'}, {'CARD_WITHDRAWAL_D_GAP_SHORT'}, {'CARD_WITHDRAWAL_A_GAP_SHORT'}, {'CARD_WITHDRAWAL_D_GAP_SHORT'}, {'CARD_WITHDRAWAL_C_GAP_MED'}, {'CARD_WITHDRAWAL_A_GAP_SHORT'}, {'CARD_WITHDRAWAL_D_GAP_LONG'}]",0.2531135733571258,309,0.8964646464646465,0.9694829047753603,3600
"[{'CARD_WITHDRAWAL_D_GAP_MED'}, {'CARD_WITHDRAWAL_D_GAP_MED'}, {'CARD_WITHDRAWAL_D_GAP_MED'}, {'CARD_WITHDRAWAL_C_GAP_MED'}, {'CARD_WITHDRAWAL_C_GAP_MED'}, {'CARD_WITHDRAWAL_D_GAP_MED'}, {'CARD_WITHDRAWAL_C_GAP_SHORT'}]",0.2531120139593257,441,0.902677857713829,0.9694829047753603,3600
"[{'DEPOSIT_A_GAP_SHORT'}, {'DEPOSIT_C_GAP_LONG'}, {'DEPOSIT_D_GAP_LONG'}, {'DEPOSIT_D_GAP_LONG'}, {'CARD_WITHDRAWAL_D_GAP_LONG'}, {'CARD_WITHDRAWAL_B_GAP_MED'}]",0.25306391397129235,182,0.9034090909090909,0.9694829047753603,3600
"[{'CARD_WITHDRAWAL_A_GAP_SHORT'}, {'CARD_WITHDRAWAL_D_GAP_MED'}, {'CARD_WITHDRAWAL_A_GAP_SHORT'}, {'CARD_WITHDRAWAL_D_GAP_MED'}, {'CARD_WITHDRAWAL_C_GAP_SHORT'}, {'CARD_WITHDRAWAL_C_GAP_SHORT'}]",0.25264646252531,358,0.9138090824837812,0.9694829047753603,3600
"[{'CARD_WITHDRAWAL_C_GAP_MED'}, {'CARD_WITHDRAWAL_D_GAP_MED'}, {'CARD_WITHDRAWAL_D_GAP_MED'}, {'CARD_WITHDRAWAL_D_GAP_SHORT'}, {'CARD_WITHDRAWAL_D_GAP_MED'}, {'CARD_WITHDRAWAL_D_GAP_MED'}, {'CARD_WITHDRAWAL_D_GAP_MED'}]",0.25232947162585506,515,0.9053801765105227,0.9694829047753603,3600
"[{'CARD_WITHDRAWAL_C_GAP_MED'}, {'CARD_WITHDRAWAL_C_GAP_MED'}, {'CARD_WITHDRAWAL_A_GAP_SHORT'}, {'DEPOSIT_C_GAP_LONG'}, {'CARD_WITHDRAWAL_B_GAP_MED'}, {'CARD_WITHDRAWAL_A_GAP_SHORT'}, {'CARD_WITHDRAWAL_A_GAP_SHORT'}]",0.2520808537463617,138,0.8804581245526129,0.9694829047753603,3600
"[{'CARD_WITHDRAWAL_C_GAP_MED'}, {'CARD_WITHDRAWAL_C_GAP_MED'}, {'CARD_WITHDRAWAL_D_GAP_MED'}, {'CARD_WITHDRAWAL_D_GAP_SHORT'}, {'CARD_WITHDRAWAL_A_GAP_SHORT'}, {'CARD_WITHDRAWAL_C_GAP_LONG'}, {'CARD_WITHDRAWAL_A_GAP_SHORT'}]",0.2520716581855522,264,0.893787967862042,0.9694829047753603,3600
"[{'PROFILE_REGION_LOW_EDU'}, {'CARD_WITHDRAWAL_B_GAP_MED'}, {'CARD_WITHDRAWAL_C_GAP_MED'}, {'CARD_WITHDRAWAL_B_GAP_MED'}, {'CARD_WITHDRAWAL_B_GAP_MED'}, {'CARD_WITHDRAWAL_C_GAP_LONG'}, {'CARD_WITHDRAWAL_C_GAP_MED'}]",0.251772699245879,193,0.8877005347593583,0.9694829047753603,3600
"[{'DEPOSIT_D_GAP_LONG'}, {'DEPOSIT_D_GAP_LONG'}, {'CARD_WITHDRAWAL_C_GAP_MED'}, {'CARD_WITHDRAWAL_C_GAP_MED'}, {'CARD_WITHDRAWAL_C_GAP_SHORT'}, {'CARD_WITHDRAWAL_C_GAP_MED'}]",0.2517085806334882,354,0.9139209726443769,0.9694829047753603,3600
"[{'DEPOSIT_A_GAP_SHORT'}, {'CARD_WITHDRAWAL_B_GAP_LONG'}, {'CARD_WITHDRAWAL_B_GAP_MED'}, {'CARD_WITHDRAWAL_C_GAP_MED'}, {'CARD_WITHDRAWAL_C_GAP_MED'}, {'CARD_WITHDRAWAL_B_GAP_SHORT'}, {'CARD_WITHDRAWAL_C_GAP_MED'}, {'CARD_WITHDRAWAL_C_GAP_MED'}]",0.25151370754403457,174,0.8727409638554218,0.9694829047753603,3600
"[{'PROFILE_REGION_HIGH_EDU'}, {'DEPOSIT_A_GAP_SHORT'}, {'CARD_WITHDRAWAL_D_GAP_LONG'}, {'CARD_WITHDRAWAL_A_GAP_SHORT'}, {'CARD_WITHDRAWAL_D_GAP_MED'}, {'CARD_WITHDRAWAL_D_GAP_MED'}]",0.25137397348112855,390,0.9153439153439153,0.9694829047753603,3600
"[{'PROFILE_OLD_MALE'}, {'CARD_WITHDRAWAL_D_GAP_MED'}, {'CARD_WITHDRAWAL_C_GAP_MED'}, {'CARD_WITHDRAWAL_C_GAP_MED'}, {'CARD_WITHDRAWAL_D_GAP_MED'}, {'CARD_WITHDRAWAL_C_GAP_MED'}, {'CARD_WITHDRAWAL_D_GAP_MED'}]",0.25116486487322165,307,0.8968036529680365,0.9694829047753603,3600
"[{'CARD_WITHDRAWAL_D_GAP_MED'}, {'CARD_WITHDRAWAL_D_GAP_SHORT'}, {'CARD_WITHDRAWAL_D_GAP_MED'}, {'CARD_WITHDRAWAL_D_GAP_MED'}, {'CARD_WITHDRAWAL_D_GAP_SHORT'}, {'CARD_WITHDRAWAL_D_GAP_MED'}, {'CARD_WITHDRAWAL_D_GAP_MED'}]",0.25104960615511684,526,0.9059810671256454,0.9694829047753603,3600
"[{'CARD_WITHDRAWAL_C_GAP_MED'}, {'CARD_WITHDRAWAL_C_GAP_MED'}, {'CARD_WITHDRAWAL_C_GAP_MED'}, {'CARD_WITHDRAWAL_B_GAP_MED'}, {'CARD_WITHDRAWAL_C_GAP_MED'}, {'CARD_WITHDRAWAL_C_GAP_MED'}, {'CARD_WITHDRAWAL_B_GAP_MED'}]",0.2508150917970957,417,0.9022366522366522,0.9694829047753603,3600
"[{'PROFILE_OLD_FEMALE'}, {'CARD_WITHDRAWAL_D_GAP_SHORT'}, {'CARD_WITHDRAWAL_D_GAP_LONG'}, {'CARD_WITHDRAWAL_D_GAP_MED'}, {'CARD_WITHDRAWAL_D_GAP_LONG'}, {'CARD_WITHDRAWAL_D_GAP_SHORT'}, {'CARD_WITHDRAWAL_C_GAP_MED'}, {'CARD_WITHDRAWAL_B_GAP_MED'}, {'CARD_WITHDRAWAL_C_GAP_SHORT'}, {'CARD_WITHDRAWAL_C_GAP_MED'}]",0.2506977815410625,26,0.784090909090909,0.9694829047753603,3600
"[{'PROFILE_REGION_HIGH_CRIME'}, {'CARD_WITHDRAWAL_D_GAP_MED'}, {'CARD_WITHDRAWAL_A_GAP_SHORT'}, {'CARD_WITHDRAWAL_C_GAP_SHORT'}, {'CARD_WITHDRAWAL_C_GAP_MED'}, {'CARD_WITHDRAWAL_D_GAP_MED'}]",0.2505324584871157,362,0.9145671834625322,0.9694829047753603,3600
"[{'CARD_WITHDRAWAL_D_GAP_SHORT'}, {'CARD_WITHDRAWAL_D_GAP_SHORT'}, {'CARD_WITHDRAWAL_D_GAP_SHORT'}, {'CARD_WITHDRAWAL_D_GAP_LONG'}, {'CARD_WITHDRAWAL_C_GAP_MED'}, {'CARD_WITHDRAWAL_B_GAP_MED'}, {'CARD_WITHDRAWAL_C_GAP_SHORT'}, {'CARD_WITHDRAWAL_D_GAP_MED'}]",0.2503349429290739,106,0.8602941176470588,0.9694829047753603,3600
"[{'CARD_WITHDRAWAL_D_GAP_MED'}, {'CARD_WITHDRAWAL_D_GAP_SHORT'}, {'CARD_WITHDRAWAL_A_GAP_SHORT'}, {'CARD_WITHDRAWAL_D_GAP_MED'}, {'CARD_WITHDRAWAL_D_GAP_SHORT'}, {'CARD_WITHDRAWAL_D_GAP_MED'}, {'CARD_WITHDRAWAL_D_GAP_MED'}]",0.2503056143846011,480,0.9046684653748671,0.9694829047753603,3600
"[{'PROFILE_REGION_LOW_CRIME'}, {'CARD_WITHDRAWAL_D_GAP_LONG'}, {'CARD_WITHDRAWAL_B_GAP_MED'}, {'CARD_WITHDRAWAL_C_GAP_MED'}, {'CARD_WITHDRAWAL_C_GAP_MED'}, {'CARD_WITHDRAWAL_D_GAP_MED'}, {'CARD_WITHDRAWAL_D_GAP_MED'}, {'CARD_WITHDRAWAL_B_GAP_MED'}]",0.25001447177873204,183,0.8743016759776536,0.9694829047753603,3600
"[{'DEPOSIT_D_GAP_LONG'}, {'CARD_WITHDRAWAL_C_GAP_SHORT'}, {'CARD_WITHDRAWAL_D_GAP_MED'}, {'CARD_WITHDRAWAL_B_GAP_MED'}, {'CARD_WITHDRAWAL_C_GAP_MED'}, {'CARD_WITHDRAWAL_D_GAP_MED'}]",0.2499653658492782,357,0.9145395395395396,0.9694829047753603,3600
"[{'PROFILE_REGION_LOW_CRIME'}, {'DEPOSIT_A_GAP_SHORT'}, {'CARD_WITHDRAWAL_D_GAP_MED'}, {'CARD_WITHDRAWAL_D_GAP_MED'}, {'CARD_WITHDRAWAL_B_GAP_LONG'}, {'CARD_WITHDRAWAL_C_GAP_SHORT'}]",0.24995925840655508,256,0.9097782258064516,0.9694829047753603,3600
"[{'CARD_WITHDRAWAL_A_GAP_SHORT'}, {'CARD_WITHDRAWAL_A_GAP_SHORT'}, {'CARD_WITHDRAWAL_D_GAP_LONG'}, {'CARD_WITHDRAWAL_D_GAP_MED'}, {'CARD_WITHDRAWAL_C_GAP_MED'}, {'CARD_WITHDRAWAL_B_GAP_MED'}]",0.2498630943139034,442,0.9174242424242424,0.9694829047753603,3600
"[{'CARD_WITHDRAWAL_C_GAP_MED'}, {'CARD_WITHDRAWAL_B_GAP_MED'}, {'CARD_WITHDRAWAL_A_GAP_SHORT'}, {'CARD_WITHDRAWAL_B_GAP_MED'}, {'CARD_WITHDRAWAL_C_GAP_MED'}, {'CARD_WITHDRAWAL_C_GAP_MED'}, {'CARD_WITHDRAWAL_D_GAP_MED'}, {'CARD_WITHDRAWAL_C_GAP_MED'}, {'CARD_WITHDRAWAL_C_GAP_MED'}, {'CARD_WITHDRAWAL_C_GAP_MED'}]",0.2498513655043303,73,0.8264705882352942,0.9694829047753603,3600
"[{'PROFILE_REGION_HIGH_CRIME'}, {'CARD_WITHDRAWAL_B_GAP_MED'}, {'CARD_WITHDRAWAL_C_GAP_MED'}, {'CARD_WITHDRAWAL_C_GAP_MED'}, {'CARD_WITHDRAWAL_D_GAP_LONG'}, {'CARD_WITHDRAWAL_A_GAP_SHORT'}, {'CARD_WITHDRAWAL_B_GAP_LONG'}, {'CARD_WITHDRAWAL_A_GAP_SHORT'}, {'CARD_WITHDRAWAL_C_GAP_MED'}, {'CARD_WITHDRAWAL_A_GAP_SHORT'}]",0.24944380694578916,49,0.8115942028985507,0.9694829047753603,3600
"[{'CARD_WITHDRAWAL_D_GAP_MED'}, {'CARD_WITHDRAWAL_B_GAP_LONG'}, {'CARD_WITHDRAWAL_A_GAP_SHORT'}, {'CARD_WITHDRAWAL_D_GAP_MED'}, {'CARD_WITHDRAWAL_D_GAP_SHORT'}, {'CARD_WITHDRAWAL_A_GAP_SHORT'}]",0.24925495446743917,507,0.9193409247757074,0.9694829047753603,3600
"[{'DEPOSIT_D_GAP_LONG'}, {'CARD_WITHDRAWAL_C_GAP_LONG'}, {'CARD_WITHDRAWAL_C_GAP_SHORT'}, {'CARD_WITHDRAWAL_B_GAP_LONG'}, {'CARD_WITHDRAWAL_C_GAP_LONG'}, {'CARD_WITHDRAWAL_B_GAP_LONG'}]",0.24919478125830974,104,0.895,0.9694829047753603,3600
"[{'CARD_WITHDRAWAL_C_GAP_SHORT'}, {'CARD_WITHDRAWAL_C_GAP_MED'}, {'CARD_WITHDRAWAL_C_GAP_MED'}, {'CARD_WITHDRAWAL_C_GAP_MED'}, {'CARD_WITHDRAWAL_D_GAP_MED'}, {'CARD_WITHDRAWAL_D_GAP_MED'}, {'CARD_WITHDRAWAL_C_GAP_MED'}]",0.249176009956395,234,0.8922018348623852,0.9694829047753603,3600
"[{'PROFILE_REGION_HIGH_EDU', 'PROFILE_REGION_HIGH_INCOME'}, {'DEPOSIT_A_GAP_SHORT'}, {'CARD_WITHDRAWAL_C_GAP_LONG'}, {'CARD_WITHDRAWAL_A_GAP_SHORT'}, {'CARD_WITHDRAWAL_B_GAP_SHORT'}, {'CARD_WITHDRAWAL_B_GAP_MED'}, {'CARD_WITHDRAWAL_C_GAP_MED'}]",0.24914211030166156,115,0.8771929824561404,0.9694829047753603,3600
"[{'PROFILE_REGION_HIGH_CRIME'}, {'CARD_WITHDRAWAL_D_GAP_MED'}, {'CARD_WITHDRAWAL_D_GAP_MED'}, {'CARD_WITHDRAWAL_C_GAP_SHORT'}, {'CARD_WITHDRAWAL_A_GAP_SHORT'}, {'CARD_WITHDRAWAL_C_GAP_MED'}]",0.24819538745892566,406,0.9167757417102967,0.9694829047753603,3600
"[{'CARD_WITHDRAWAL_B_GAP_MED'}, {'CARD_WITHDRAWAL_C_GAP_MED'}, {'CARD_WITHDRAWAL_B_GAP_MED'}, {'CARD_WITHDRAWAL_C_GAP_SHORT'}, {'CARD_WITHDRAWAL_A_GAP_SHORT'}, {'CARD_WITHDRAWAL_A_GAP_SHORT'}, {'CARD_WITHDRAWAL_C_GAP_MED'}]",0.2481266947274906,330,0.8988109682115991,0.9694829047753603,3600
"[{'DEPOSIT_D_GAP_LONG'}, {'CARD_WITHDRAWAL_A_GAP_SHORT'}, {'DEPOSIT_D_GAP_LONG'}, {'CARD_WITHDRAWAL_A_GAP_SHORT'}, {'CARD_WITHDRAWAL_C_GAP_MED'}, {'CARD_WITHDRAWAL_A_GAP_SHORT'}]",0.24786131972977243,482,0.919079435783222,0.9694829047753603,3600
"[{'CARD_WITHDRAWAL_C_GAP_MED'}, {'CARD_WITHDRAWAL_D_GAP_MED'}, {'CARD_WITHDRAWAL_C_GAP_MED'}, {'CARD_WITHDRAWAL_C_GAP_SHORT'}, {'CARD_WITHDRAWAL_B_GAP_SHORT'}, {'CARD_WITHDRAWAL_D_GAP_MED'}, {'CARD_WITHDRAWAL_D_GAP_SHORT'}, {'CARD_WITHDRAWAL_D_GAP_SHORT'}]",0.24781237869848294,106,0.860969387755102,0.9694829047753603,3600
"[{'PROFILE_OLD_MALE', 'PROFILE_REGION_LOW_INCOME'}, {'CARD_WITHDRAWAL_D_GAP_LONG'}, {'CARD_WITHDRAWAL_D_GAP_MED'}, {'CARD_WITHDRAWAL_B_GAP_MED'}, {'CARD_WITHDRAWAL_B_GAP_MED'}, {'CARD_WITHDRAWAL_B_GAP_SHORT'}, {'CARD_WITHDRAWAL_D_GAP_MED'}, {'CARD_WITHDRAWAL_D_GAP_MED'}, {'CARD_WITHDRAWAL_C_GAP_MED'}]",0.2477828801748394,47,0.8222222222222223,0.9694829047753603,3600
"[{'CARD_WITHDRAWAL_D_GAP_MED'}, {'CARD_WITHDRAWAL_C_GAP_MED'}, {'CARD_WITHDRAWAL_C_GAP_MED'}, {'CARD_WITHDRAWAL_C_GAP_MED'}, {'CARD_WITHDRAWAL_D_GAP_MED'}, {'CARD_WITHDRAWAL_D_GAP_MED'}, {'CARD_WITHDRAWAL_C_GAP_MED'}, {'CARD_WITHDRAWAL_B_GAP_MED'}, {'CARD_WITHDRAWAL_D_GAP_MED'}, {'CARD_WITHDRAWAL_D_GAP_SHORT'}]",0.24664830740933863,91,0.8348837209302327,0.9694829047753603,3600
"[{'CARD_WITHDRAWAL_D_GAP_MED'}, {'CARD_WITHDRAWAL_D_GAP_LONG'}, {'CARD_WITHDRAWAL_D_GAP_MED'}, {'CARD_WITHDRAWAL_C_GAP_SHORT'}, {'CARD_WITHDRAWAL_D_GAP_MED'}, {'CARD_WITHDRAWAL_D_GAP_MED'}, {'CARD_WITHDRAWAL_D_GAP_SHORT'}, {'CARD_WITHDRAWAL_D_GAP_SHORT'}, {'CARD_WITHDRAWAL_C_GAP_MED'}]",0.24612299034474372,107,0.8499999999999999,0.9694829047753603,3600
"[{'CARD_WITHDRAWAL_D_GAP_LONG'}, {'CARD_WITHDRAWAL_A_GAP_SHORT'}, {'CARD_WITHDRAWAL_A_GAP_SHORT'}, {'CARD_WITHDRAWAL_D_GAP_SHORT'}, {'CARD_WITHDRAWAL_A_GAP_SHORT'}, {'CARD_WITHDRAWAL_D_GAP_SHORT'}, {'CARD_WITHDRAWAL_D_GAP_LONG'}]",0.24571001368488443,303,0.8978658536585366,0.9694829047753603,3600
"[{'CARD_WITHDRAWAL_D_GAP_MED'}, {'CARD_WITHDRAWAL_D_GAP_MED'}, {'CARD_WITHDRAWAL_D_GAP_MED'}, {'CARD_WITHDRAWAL_D_GAP_MED'}, {'CARD_WITHDRAWAL_C_GAP_MED'}, {'CARD_WITHDRAWAL_D_GAP_SHORT'}, {'CARD_WITHDRAWAL_D_GAP_SHORT'}, {'CARD_WITHDRAWAL_D_GAP_SHORT'}]",0.2453963916196782,432,0.8935679611650484,0.9694829047753603,3600
"[{'CARD_WITHDRAWAL_C_GAP_MED'}, {'CARD_WITHDRAWAL_B_GAP_MED'}, {'CARD_WITHDRAWAL_B_GAP_MED'}, {'CARD_WITHDRAWAL_C_GAP_SHORT'}, {'DEPOSIT_C_GAP_LONG'}, {'CARD_WITHDRAWAL_C_GAP_SHORT'}]",0.24522293916511495,55,0.8839999999999999,0.9694829047753603,3600
"[{'CARD_WITHDRAWAL_D_GAP_MED'}, {'CARD_WITHDRAWAL_D_GAP_MED'}, {'CARD_WITHDRAWAL_D_GAP_SHORT'}, {'CARD_WITHDRAWAL_B_GAP_MED'}, {'CARD_WITHDRAWAL_B_GAP_MED'}, {'CARD_WITHDRAWAL_C_GAP_LONG'}]",0.24471354717283778,414,0.9180203045685279,0.9694829047753603,3600
"[{'CARD_WITHDRAWAL_C_GAP_MED'}, {'CARD_WITHDRAWAL_C_GAP_MED'}, {'CARD_WITHDRAWAL_D_GAP_SHORT'}, {'CARD_WITHDRAWAL_A_GAP_SHORT'}, {'CARD_WITHDRAWAL_B_GAP_MED'}, {'CARD_WITHDRAWAL_B_GAP_SHORT'}, {'CARD_WITHDRAWAL_D_GAP_MED'}]",0.24470312412560846,214,0.8916256157635468,0.9694829047753603,3600
"[{'CARD_WITHDRAWAL_D_GAP_MED'}, {'CARD_WITHDRAWAL_D_GAP_MED'}, {'CARD_WITHDRAWAL_C_GAP_MED'}, {'CARD_WITHDRAWAL_C_GAP_MED'}, {'CARD_WITHDRAWAL_D_GAP_MED'}, {'CARD_WITHDRAWAL_D_GAP_SHORT'}, {'CARD_WITHDRAWAL_D_GAP_SHORT'}, {'CARD_WITHDRAWAL_D_GAP_SHORT'}]",0.24333604065331982,309,0.8873615883925161,0.9694829047753603,3600
"[{'CARD_WITHDRAWAL_D_GAP_LONG'}, {'CARD_WITHDRAWAL_D_GAP_MED'}, {'CARD_WITHDRAWAL_D_GAP_MED'}, {'CARD_WITHDRAWAL_D_GAP_MED'}, {'CARD_WITHDRAWAL_C_GAP_SHORT'}, {'CARD_WITHDRAWAL_B_GAP_MED'}, {'CARD_WITHDRAWAL_D_GAP_MED'}]",0.2433074038466454,370,0.901907001044932,0.9694829047753603,3600
"[{'PROFILE_OLD_FEMALE'}, {'CARD_WITHDRAWAL_D_GAP_MED'}, {'CARD_WITHDRAWAL_D_GAP_MED'}, {'CARD_WITHDRAWAL_A_GAP_SHORT'}, {'CARD_WITHDRAWAL_C_GAP_MED'}, {'CARD_WITHDRAWAL_C_GAP_MED'}, {'CARD_WITHDRAWAL_A_GAP_SHORT'}, {'CARD_WITHDRAWAL_C_GAP_MED'}]",0.24328879108218016,247,0.8826429980276134,0.9694829047753603,3600
"[{'PROFILE_OLD_MALE'}, {'CARD_WITHDRAWAL_C_GAP_MED'}, {'CARD_WITHDRAWAL_C_GAP_MED'}, {'CARD_WITHDRAWAL_D_GAP_SHORT'}, {'CARD_WITHDRAWAL_D_GAP_MED'}, {'CARD_WITHDRAWAL_D_GAP_SHORT'}, {'CARD_WITHDRAWAL_B_GAP_SHORT'}, {'CARD_WITHDRAWAL_C_GAP_MED'}, {'CARD_WITHDRAWAL_C_GAP_MED'}]",0.24328712063060942,44,0.8211382113821138,0.9694829047753603,3600
"[{'DEPOSIT_D_GAP_LONG'}, {'CARD_WITHDRAWAL_C_GAP_MED'}, {'CARD_WITHDRAWAL_A_GAP_SHORT'}, {'CARD_WITHDRAWAL_C_GAP_MED'}, {'CARD_WITHDRAWAL_A_GAP_SHORT'}, {'DEPOSIT_D_GAP_LONG'}]",0.24320355841223873,433,0.9190239867659222,0.9694829047753603,3600
"[{'PROFILE_REGION_LOW_CRIME'}, {'CARD_WITHDRAWAL_C_GAP_MED'}, {'CARD_WITHDRAWAL_C_GAP_MED'}, {'CARD_WITHDRAWAL_B_GAP_SHORT'}, {'CARD_WITHDRAWAL_C_GAP_SHORT'}, {'CARD_WITHDRAWAL_B_GAP_SHORT'}]",0.2427572600361827,208,0.9090262970859986,0.9694829047753603,3600
"[{'DEPOSIT_A_GAP_SHORT'}, {'CARD_WITHDRAWAL_D_GAP_LONG'}, {'CARD_WITHDRAWAL_D_GAP_SHORT'}, {'CARD_WITHDRAWAL_D_GAP_MED'}, {'CARD_WITHDRAWAL_D_GAP_LONG'}, {'CARD_WITHDRAWAL_D_GAP_LONG'}, {'CARD_WITHDRAWAL_D_GAP_MED'}, {'CARD_WITHDRAWAL_C_GAP_MED'}, {'CARD_WITHDRAWAL_D_GAP_MED'}, {'CARD_WITHDRAWAL_D_GAP_MED'}]",0.24255740185504737,118,0.8442477876106196,0.9694829047753603,3600
"[{'PROFILE_REGION_LOW_CRIME'}, {'CARD_WITHDRAWAL_D_GAP_MED'}, {'CARD_WITHDRAWAL_B_GAP_MED'}, {'CARD_WITHDRAWAL_D_GAP_MED'}, {'CARD_WITHDRAWAL_D_GAP_LONG'}, {'CARD_WITHDRAWAL_A_GAP_SHORT'}, {'CARD_WITHDRAWAL_B_GAP_SHORT'}, {'CARD_WITHDRAWAL_C_GAP_MED'}]",0.24174174977217966,103,0.861842105263158,0.9694829047753603,3600
"[{'CARD_WITHDRAWAL_A_GAP_SHORT'}, {'CARD_WITHDRAWAL_A_GAP_SHORT'}, {'CARD_WITHDRAWAL_C_GAP_SHORT'}, {'CARD_WITHDRAWAL_C_GAP_SHORT'}, {'CARD_WITHDRAWAL_A_GAP_SHORT'}, {'CARD_WITHDRAWAL_C_GAP_MED'}]",0.24165085260235497,377,0.9177076484768794,0.9694829047753603,3600
"[{'CARD_WITHDRAWAL_C_GAP_MED'}, {'CARD_WITHDRAWAL_C_GAP_MED'}, {'CARD_WITHDRAWAL_C_GAP_MED'}, {'CARD_WITHDRAWAL_D_GAP_MED'}, {'CARD_WITHDRAWAL_A_GAP_SHORT'}, {'CARD_WITHDRAWAL_A_GAP_SHORT'}, {'CARD_WITHDRAWAL_A_GAP_SHORT'}]",0.24140218224622667,558,0.9089015151515152,0.9694829047753603,3600
"[{'PROFILE_REGION_HIGH_EDU'}, {'DEPOSIT_A_GAP_SHORT'}, {'CARD_WITHDRAWAL_B_GAP_MED'}, {'CARD_WITHDRAWAL_C_GAP_MED'}, {'CARD_WITHDRAWAL_B_GAP_SHORT'}, {'CARD_WITHDRAWAL_D_GAP_SHORT'}]",0.24139414451058017,267,0.9131274131274131,0.9694829047753603,3600
"[{'CARD_WITHDRAWAL_D_GAP_MED'}, {'CARD_WITHDRAWAL_A_GAP_SHORT'}, {'CARD_WITHDRAWAL_D_GAP_SHORT'}, {'CARD_WITHDRAWAL_B_GAP_MED'}, {'CARD_WITHDRAWAL_D_GAP_MED'}, {'CARD_WITHDRAWAL_B_GAP_LONG'}]",0.24062570158544894,409,0.9190521628498728,0.9694829047753603,3600
"[{'CARD_WITHDRAWAL_D_GAP_LONG'}, {'CARD_WITHDRAWAL_C_GAP_MED'}, {'CARD_WITHDRAWAL_C_GAP_MED'}, {'CARD_WITHDRAWAL_B_GAP_MED'}, {'CARD_WITHDRAWAL_D_GAP_MED'}, {'CARD_WITHDRAWAL_A_GAP_SHORT'}, {'CARD_WITHDRAWAL_C_GAP_MED'}]",0.2405891419775139,345,0.9013561511139813,0.9694829047753603,3600
"[{'CARD_WITHDRAWAL_C_GAP_MED'}, {'CARD_WITHDRAWAL_A_GAP_SHORT'}, {'CARD_WITHDRAWAL_D_GAP_MED'}, {'CARD_WITHDRAWAL_B_GAP_MED'}, {'CARD_WITHDRAWAL_D_GAP_SHORT'}, {'CARD_WITHDRAWAL_C_GAP_SHORT'}, {'CARD_WITHDRAWAL_B_GAP_SHORT'}, {'CARD_WITHDRAWAL_A_GAP_SHORT'}]",0.24001002669102278,126,0.8675847457627119,0.9694829047753603,3600
"[{'PROFILE_REGION_HIGH_EDU'}, {'CARD_WITHDRAWAL_D_GAP_MED'}, {'CARD_WITHDRAWAL_D_GAP_MED'}, {'CARD_WITHDRAWAL_D_GAP_MED'}, {'CARD_WITHDRAWAL_C_GAP_SHORT'}, {'CARD_WITHDRAWAL_C_GAP_SHORT'}, {'CARD_WITHDRAWAL_D_GAP_SHORT'}]",0.23935831725217138,201,0.8918393782383418,0.9694829047753603,3600
"[{'DEPOSIT_A_GAP_SHORT'}, {'CARD_WITHDRAWAL_D_GAP_MED'}, {'CARD_WITHDRAWAL_D_GAP_SHORT'}, {'CARD_WITHDRAWAL_C_GAP_MED'}, {'CARD_WITHDRAWAL_C_GAP_SHORT'}, {'CARD_WITHDRAWAL_C_GAP_MED'}, {'DEPOSIT_B_GAP_MED'}, {'CARD_WITHDRAWAL_D_GAP_MED'}]",0.23918643024168984,44,0.8372093023255813,0.9694829047753603,3600
"[{'CARD_WITHDRAWAL_C_GAP_MED'}, {'TRANSFER_B_GAP_MED'}, {'TRANSFER_B_GAP_MED'}, {'TRANSFER_B_GAP_MED'}, {'CARD_WITHDRAWAL_D_GAP_MED'}, {'CARD_WITHDRAWAL_C_GAP_MED'}, {'TRANSFER_B_GAP_MED'}]",0.23916023790281005,218,0.8934523809523809,0.9694829047753603,3600
"[{'CARD_WITHDRAWAL_C_GAP_LONG'}, {'CARD_WITHDRAWAL_D_GAP_LONG'}, {'CARD_WITHDRAWAL_B_GAP_LONG'}, {'CARD_WITHDRAWAL_D_GAP_MED'}, {'CARD_WITHDRAWAL_C_GAP_MED'}, {'CARD_WITHDRAWAL_D_GAP_MED'}]",0.23912953194507935,297,0.9153310104529617,0.9694829047753603,3600
"[{'CARD_WITHDRAWAL_D_GAP_MED'}, {'CARD_WITHDRAWAL_D_GAP_SHORT'}, {'CARD_WITHDRAWAL_D_GAP_MED'}, {'CARD_WITHDRAWAL_D_GAP_MED'}, {'CARD_WITHDRAWAL_D_GAP_MED'}, {'CARD_WITHDRAWAL_C_GAP_MED'}, {'CARD_WITHDRAWAL_C_GAP_MED'}, {'CARD_WITHDRAWAL_C_GAP_SHORT'}, {'CARD_WITHDRAWAL_D_GAP_SHORT'}]",0.23895168072595163,135,0.8583999999999999,0.9694829047753603,3600
"[{'PROFILE_REGION_HIGH_INCOME'}, {'CARD_WITHDRAWAL_C_GAP_MED'}, {'CARD_WITHDRAWAL_B_GAP_MED'}, {'CARD_WITHDRAWAL_C_GAP_SHORT'}, {'CARD_WITHDRAWAL_D_GAP_MED'}, {'CARD_WITHDRAWAL_B_GAP_MED'}]",0.23886975426238655,299,0.9155052264808362,0.9694829047753603,3600
"[{'CARD_WITHDRAWAL_D_GAP_MED'}, {'CARD_WITHDRAWAL_D_GAP_MED'}, {'CARD_WITHDRAWAL_D_GAP_LONG'}, {'CARD_WITHDRAWAL_B_GAP_MED'}, {'CARD_WITHDRAWAL_C_GAP_MED'}, {'CARD_WITHDRAWAL_C_GAP_LONG'}]",0.23885952101518704,314,0.916164994425864,0.9694829047753603,3600
"[{'CARD_WITHDRAWAL_A_GAP_SHORT'}, {'TRANSFER_B_GAP_SHORT'}, {'CARD_WITHDRAWAL_B_GAP_MED'}, {'TRANSFER_B_GAP_SHORT'}, {'TRANSFER_B_GAP_SHORT'}, {'CARD_WITHDRAWAL_C_GAP_SHORT'}]",0.23813467985905845,185,0.9088888888888889,0.9694829047753603,3600
"[{'DEPOSIT_A_GAP_SHORT'}, {'CARD_WITHDRAWAL_C_GAP_MED'}, {'CARD_WITHDRAWAL_B_GAP_MED'}, {'CARD_WITHDRAWAL_C_GAP_MED'}, {'CARD_WITHDRAWAL_B_GAP_MED'}, {'CARD_WITHDRAWAL_D_GAP_MED'}, {'CARD_WITHDRAWAL_C_GAP_MED'}, {'CARD_WITHDRAWAL_B_GAP_MED'}]",0.23810065764746013,274,0.8859848484848485,0.9694829047753603,3600
"[{'CARD_WITHDRAWAL_D_GAP_MED'}, {'CARD_WITHDRAWAL_D_GAP_MED'}, {'CARD_WITHDRAWAL_D_GAP_MED'}, {'CARD_WITHDRAWAL_D_GAP_MED'}, {'CARD_WITHDRAWAL_C_GAP_MED'}, {'CARD_WITHDRAWAL_B_GAP_LONG'}, {'CARD_WITHDRAWAL_C_GAP_MED'}]",0.2380375127863772,403,0.9045364891518737,0.9694829047753603,3600
"[{'CARD_WITHDRAWAL_D_GAP_MED'}, {'CARD_WITHDRAWAL_D_GAP_MED'}, {'CARD_WITHDRAWAL_D_GAP_MED'}, {'CARD_WITHDRAWAL_C_GAP_MED'}, {'CARD_WITHDRAWAL_A_GAP_SHORT'}, {'CARD_WITHDRAWAL_D_GAP_MED'}, {'CARD_WITHDRAWAL_A_GAP_SHORT'}, {'CARD_WITHDRAWAL_D_GAP_LONG'}]",0.23712459349292425,414,0.8943622817747137,0.9694829047753603,3600
"[{'CARD_WITHDRAWAL_C_GAP_MED'}, {'CARD_WITHDRAWAL_C_GAP_MED'}, {'DEPOSIT_D_GAP_SHORT'}, {'CARD_WITHDRAWAL_C_GAP_MED'}, {'CARD_WITHDRAWAL_B_GAP_MED'}, {'CARD_WITHDRAWAL_C_GAP_MED'}, {'CARD_WITHDRAWAL_B_GAP_LONG'}, {'CARD_WITHDRAWAL_C_GAP_MED'}]",0.2371100055025661,87,0.8585365853658536,0.9694829047753603,3600
"[{'CARD_WITHDRAWAL_D_GAP_MED'}, {'CARD_WITHDRAWAL_D_GAP_MED'}, {'CARD_WITHDRAWAL_A_GAP_SHORT'}, {'CARD_WITHDRAWAL_D_GAP_MED'}, {'CARD_WITHDRAWAL_D_GAP_MED'}, {'CARD_WITHDRAWAL_D_GAP_MED'}, {'CARD_WITHDRAWAL_D_GAP_SHORT'}]",0.23685110840823198,689,0.9129249815225424,0.9694829047753603,3600
"[{'CARD_WITHDRAWAL_D_GAP_SHORT'}, {'CARD_WITHDRAWAL_D_GAP_MED'}, {'CARD_WITHDRAWAL_D_GAP_MED'}, {'CARD_WITHDRAWAL_D_GAP_MED'}, {'CARD_WITHDRAWAL_D_GAP_MED'}, {'CARD_WITHDRAWAL_A_GAP_SHORT'}, {'CARD_WITHDRAWAL_C_GAP_MED'}]",0.23659264622203102,494,0.9080762987012987,0.9694829047753603,3600
"[{'CARD_WITHDRAWAL_D_GAP_MED'}, {'CARD_WITHDRAWAL_D_GAP_MED'}, {'CARD_WITHDRAWAL_D_GAP_MED'}, {'CARD_WITHDRAWAL_D_GAP_MED'}, {'CARD_WITHDRAWAL_A_GAP_SHORT'}, {'CARD_WITHDRAWAL_C_GAP_MED'}, {'CARD_WITHDRAWAL_A_GAP_SHORT'}, {'CARD_WITHDRAWAL_D_GAP_SHORT'}]",0.236575365622271,503,0.8980343980343981,0.9694829047753603,3600
"[{'CARD_WITHDRAWAL_C_GAP_MED'}, {'CARD_WITHDRAWAL_C_GAP_MED'}, {'CARD_WITHDRAWAL_D_GAP_MED'}, {'CARD_WITHDRAWAL_D_GAP_SHORT'}, {'CARD_WITHDRAWAL_D_GAP_SHORT'}, {'CARD_WITHDRAWAL_A_GAP_SHORT'}, {'CARD_WITHDRAWAL_D_GAP_LONG'}]",0.23629940512226644,267,0.8979406420351302,0.9694829047753603,3600
"[{'PROFILE_REGION_LOW_INCOME'}, {'DEPOSIT_D_GAP_LONG'}, {'DEPOSIT_D_GAP_LONG'}, {'DEPOSIT_D_GAP_SHORT'}, {'CARD_WITHDRAWAL_C_GAP_MED'}, {'CARD_WITHDRAWAL_C_GAP_MED'}]",0.23619804079428797,285,0.9157303370786517,0.9694829047753603,3600
"[{'PROFILE_REGION_HIGH_EDU'}, {'DEPOSIT_A_GAP_SHORT'}, {'CARD_WITHDRAWAL_B_GAP_LONG'}, {'CARD_WITHDRAWAL_D_GAP_MED'}, {'CARD_WITHDRAWAL_C_GAP_MED'}, {'CARD_WITHDRAWAL_C_GAP_MED'}]",0.23619156923816054,333,0.9177839116719243,0.9694829047753603,3600
"[{'DEPOSIT_D_GAP_LONG'}, {'CARD_WITHDRAWAL_D_GAP_MED'}, {'CARD_WITHDRAWAL_C_GAP_MED'}, {'CARD_WITHDRAWAL_A_GAP_SHORT'}, {'CARD_WITHDRAWAL_B_GAP_MED'}, {'DEPOSIT_B_GAP_LONG'}, {'CARD_WITHDRAWAL_D_GAP_SHORT'}, {'CARD_WITHDRAWAL_A_GAP_SHORT'}, {'CARD_WITHDRAWAL_D_GAP_MED'}]",0.23594481685405144,33,0.8125,0.9694829047753603,3600
"[{'DEPOSIT_D_GAP_LONG'}, {'CARD_WITHDRAWAL_B_GAP_LONG'}, {'DEPOSIT_D_GAP_LONG'}, {'CARD_WITHDRAWAL_D_GAP_MED'}, {'CARD_WITHDRAWAL_C_GAP_MED'}, {'CARD_WITHDRAWAL_D_GAP_MED'}]",0.23580901791381326,351,0.9185800604229607,0.9694829047753603,3600
"[{'CARD_WITHDRAWAL_B_GAP_MED'}, {'CARD_WITHDRAWAL_C_GAP_MED'}, {'CARD_WITHDRAWAL_B_GAP_MED'}, {'CARD_WITHDRAWAL_C_GAP_SHORT'}, {'CARD_WITHDRAWAL_A_GAP_SHORT'}, {'CARD_WITHDRAWAL_A_GAP_SHORT'}, {'CARD_WITHDRAWAL_C_GAP_MED'}, {'CARD_WITHDRAWAL_A_GAP_SHORT'}]",0.23559226849261916,274,0.8865310934276451,0.9694829047753603,3600
"[{'PROFILE_OLD_MALE', 'PROFILE_REGION_LOW_EDU'}, {'DEPOSIT_C_GAP_SHORT'}, {'CARD_WITHDRAWAL_A_GAP_SHORT'}, {'CARD_WITHDRAWAL_B_GAP_MED'}, {'CARD_WITHDRAWAL_B_GAP_LONG'}, {'DEPOSIT_C_GAP_MED'}, {'CARD_WITHDRAWAL_C_GAP_MED'}]",0.23507446052911685,20,0.8333333333333334,0.9694829047753603,3600
"[{'CARD_WITHDRAWAL_C_GAP_MED'}, {'CARD_WITHDRAWAL_B_GAP_SHORT'}, {'CARD_WITHDRAWAL_C_GAP_MED'}, {'CARD_WITHDRAWAL_C_GAP_SHORT'}, {'CARD_WITHDRAWAL_C_GAP_MED'}, {'CARD_WITHDRAWAL_B_GAP_MED'}]",0.23501296996106702,309,0.9171912832929782,0.9694829047753603,3600
"[{'CARD_WITHDRAWAL_C_GAP_SHORT'}, {'CARD_WITHDRAWAL_C_GAP_MED'}, {'CARD_WITHDRAWAL_C_GAP_SHORT'}, {'CARD_WITHDRAWAL_C_GAP_MED'}, {'CARD_WITHDRAWAL_C_GAP_MED'}, {'CARD_WITHDRAWAL_C_GAP_SHORT'}]",0.23493393377747185,192,0.9106145251396648,0.9694829047753603,3600
"[{'PROFILE_REGION_LOW_CRIME', 'PROFILE_REGION_LOW_INCOME'}, {'DEPOSIT_A_GAP_SHORT'}, {'CARD_WITHDRAWAL_A_GAP_SHORT'}, {'CARD_WITHDRAWAL_D_GAP_MED'}, {'CARD_WITHDRAWAL_C_GAP_LONG'}, {'CARD_WITHDRAWAL_A_GAP_SHORT'}, {'CARD_WITHDRAWAL_C_GAP_MED'}, {'CARD_WITHDRAWAL_A_GAP_SHORT'}, {'CARD_WITHDRAWAL_C_GAP_LONG'}]",0.23479798216904324,63,0.8362573099415204,0.9694829047753603,3600
"[{'PROFILE_REGION_LOW_CRIME'}, {'CARD_WITHDRAWAL_D_GAP_MED'}, {'CARD_WITHDRAWAL_D_GAP_MED'}, {'CARD_WITHDRAWAL_D_GAP_MED'}, {'CARD_WITHDRAWAL_A_GAP_SHORT'}, {'CARD_WITHDRAWAL_C_GAP_SHORT'}, {'CARD_WITHDRAWAL_D_GAP_SHORT'}, {'CARD_WITHDRAWAL_C_GAP_MED'}]",0.23458826156386503,153,0.8737769080234834,0.9694829047753603,3600
"[{'PROFILE_REGION_LOW_CRIME'}, {'CARD_WITHDRAWAL_D_GAP_LONG'}, {'CARD_WITHDRAWAL_D_GAP_MED'}, {'CARD_WITHDRAWAL_A_GAP_SHORT'}, {'CARD_WITHDRAWAL_C_GAP_MED'}, {'CARD_WITHDRAWAL_C_GAP_MED'}, {'CARD_WITHDRAWAL_D_GAP_MED'}, {'CARD_WITHDRAWAL_C_GAP_MED'}]",0.23443016802266048,176,0.8771084337349397,0.9694829047753603,3600
"[{'CARD_WITHDRAWAL_A_GAP_SHORT'}, {'CARD_WITHDRAWAL_C_GAP_LONG'}, {'CARD_WITHDRAWAL_A_GAP_SHORT'}, {'DEPOSIT_C_GAP_MED'}, {'CARD_WITHDRAWAL_B_GAP_MED'}, {'CARD_WITHDRAWAL_C_GAP_MED'}]",0.23437027902790475,165,0.9085570469798657,0.9694829047753603,3600
"[{'CARD_WITHDRAWAL_B_GAP_MED'}, {'CARD_WITHDRAWAL_C_GAP_MED'}, {'CARD_WITHDRAWAL_C_GAP_MED'}, {'CARD_WITHDRAWAL_B_GAP_SHORT'}, {'CARD_WITHDRAWAL_C_GAP_MED'}, {'CARD_WITHDRAWAL_B_GAP_MED'}, {'CARD_WITHDRAWAL_C_GAP_SHORT'}, {'CARD_WITHDRAWAL_A_GAP_SHORT'}, {'CARD_WITHDRAWAL_B_GAP_MED'}]",0.23433985741009278,97,0.85,0.9694829047753603,3600
"[{'PROFILE_REGION_HIGH_INCOME', 'PROFILE_REGION_HIGH_CRIME'}, {'DEPOSIT_B_GAP_SHORT'}, {'CARD_WITHDRAWAL_D_GAP_MED'}, {'CARD_WITHDRAWAL_C_GAP_MED'}, {'CARD_WITHDRAWAL_C_GAP_SHORT'}, {'CARD_WITHDRAWAL_B_GAP_MED'}, {'CARD_WITHDRAWAL_D_GAP_MED'}, {'DEPOSIT_D_GAP_SHORT'}]",0.23360496866262226,42,0.8376068376068376,0.9694829047753603,3600
"[{'DEPOSIT_D_GAP_LONG'}, {'CARD_WITHDRAWAL_B_GAP_MED'}, {'CARD_WITHDRAWAL_D_GAP_MED'}, {'DEPOSIT_D_GAP_MED'}, {'DEPOSIT_D_GAP_SHORT'}, {'DEPOSIT_C_GAP_MED'}]",0.23315029155865907,232,0.9139639639639641,0.9694829047753603,3600
"[{'PROFILE_REGION_LOW_INCOME', 'PROFILE_REGION_LOW_EDU'}, {'CARD_WITHDRAWAL_B_GAP_LONG'}, {'CARD_WITHDRAWAL_B_GAP_MED'}, {'CARD_WITHDRAWAL_B_GAP_SHORT'}, {'CARD_WITHDRAWAL_B_GAP_MED'}, {'CARD_WITHDRAWAL_C_GAP_MED'}, {'CARD_WITHDRAWAL_C_GAP_MED'}, {'CARD_WITHDRAWAL_C_GAP_MED'}]",0.23310854380721202,62,0.8500000000000001,0.9694829047753603,3600
"[{'CARD_WITHDRAWAL_D_GAP_MED'}, {'CARD_WITHDRAWAL_D_GAP_MED'}, {'CARD_WITHDRAWAL_D_GAP_MED'}, {'CARD_WITHDRAWAL_D_GAP_SHORT'}, {'CARD_WITHDRAWAL_D_GAP_MED'}, {'CARD_WITHDRAWAL_D_GAP_MED'}, {'CARD_WITHDRAWAL_D_GAP_MED'}]",0.23238540099106753,734,0.9147079772079771,0.9694829047753603,3600
"[{'CARD_WITHDRAWAL_C_GAP_MED'}, {'CARD_WITHDRAWAL_A_GAP_SHORT'}, {'CARD_WITHDRAWAL_C_GAP_MED'}, {'CARD_WITHDRAWAL_D_GAP_MED'}, {'DEPOSIT_D_GAP_MED'}, {'CARD_WITHDRAWAL_B_GAP_LONG'}]",0.23228919962874195,312,0.9182119205298014,0.9694829047753603,3600
"[{'CARD_WITHDRAWAL_D_GAP_MED'}, {'CARD_WITHDRAWAL_D_GAP_MED'}, {'CARD_WITHDRAWAL_D_GAP_MED'}, {'CARD_WITHDRAWAL_C_GAP_MED'}, {'CARD_WITHDRAWAL_C_GAP_MED'}, {'CARD_WITHDRAWAL_D_GAP_MED'}, {'CARD_WITHDRAWAL_D_GAP_SHORT'}, {'CARD_WITHDRAWAL_D_GAP_SHORT'}, {'CARD_WITHDRAWAL_D_GAP_SHORT'}]",0.23221727503028178,265,0.8769680611785875,0.9694829047753603,3600
"[{'CARD_WITHDRAWAL_D_GAP_MED'}, {'CARD_WITHDRAWAL_C_GAP_MED'}, {'CARD_WITHDRAWAL_C_GAP_MED'}, {'CARD_WITHDRAWAL_D_GAP_MED'}, {'CARD_WITHDRAWAL_D_GAP_SHORT'}, {'CARD_WITHDRAWAL_D_GAP_MED'}, {'CARD_WITHDRAWAL_D_GAP_SHORT'}, {'CARD_WITHDRAWAL_C_GAP_MED'}, {'CARD_WITHDRAWAL_D_GAP_SHORT'}, {'CARD_WITHDRAWAL_D_GAP_SHORT'}]",0.23205064396314456,76,0.8322981366459627,0.9694829047753603,3600
"[{'CARD_WITHDRAWAL_D_GAP_MED'}, {'CARD_WITHDRAWAL_D_GAP_MED'}, {'CARD_WITHDRAWAL_D_GAP_MED'}, {'CARD_WITHDRAWAL_C_GAP_MED'}, {'CARD_WITHDRAWAL_D_GAP_MED'}, {'CARD_WITHDRAWAL_B_GAP_MED'}, {'CARD_WITHDRAWAL_A_GAP_SHORT'}, {'CARD_WITHDRAWAL_D_GAP_MED'}]",0.23166614188215984,452,0.8970491803278688,0.9694829047753603,3600
"[{'CARD_WITHDRAWAL_D_GAP_SHORT'}, {'CARD_WITHDRAWAL_D_GAP_MED'}, {'CARD_WITHDRAWAL_D_GAP_MED'}, {'CARD_WITHDRAWAL_C_GAP_MED'}, {'CARD_WITHDRAWAL_D_GAP_MED'}, {'CARD_WITHDRAWAL_D_GAP_LONG'}, {'CARD_WITHDRAWAL_D_GAP_MED'}, {'CARD_WITHDRAWAL_A_GAP_SHORT'}, {'CARD_WITHDRAWAL_C_GAP_MED'}]",0.23161425865303364,152,0.8633139909735654,0.9694829047753603,3600
"[{'DEPOSIT_D_GAP_SHORT'}, {'CARD_WITHDRAWAL_C_GAP_LONG'}, {'CARD_WITHDRAWAL_B_GAP_MED'}, {'CARD_WITHDRAWAL_D_GAP_MED'}, {'DEPOSIT_D_GAP_SHORT'}, {'CARD_WITHDRAWAL_C_GAP_MED'}]",0.23151001594086584,202,0.9126139817629179,0.9694829047753603,3600
"[{'CARD_WITHDRAWAL_A_GAP_LONG'}, {'CARD_WITHDRAWAL_C_GAP_MED'}, {'CARD_WITHDRAWAL_C_GAP_MED'}, {'CARD_WITHDRAWAL_D_GAP_MED'}, {'TRANSFER_B_GAP_MED'}, {'TRANSFER_B_GAP_MED'}, {'CARD_WITHDRAWAL_B_GAP_MED'}]",0.2312973411396163,87,0.8765060240963856,0.9694829047753603,3600
"[{'PROFILE_REGION_HIGH_CRIME'}, {'CARD_WITHDRAWAL_C_GAP_MED'}, {'CARD_WITHDRAWAL_D_GAP_SHORT'}, {'CARD_WITHDRAWAL_C_GAP_MED'}, {'CARD_WITHDRAWAL_C_GAP_SHORT'}, {'CARD_WITHDRAWAL_C_GAP_MED'}, {'CARD_WITHDRAWAL_C_GAP_MED'}, {'CARD_WITHDRAWAL_C_GAP_MED'}, {'CARD_WITHDRAWAL_C_GAP_SHORT'}]",0.23119334065807273,56,0.8333333333333333,0.9694829047753603,3600
"[{'DEPOSIT_A_GAP_SHORT'}, {'DEPOSIT_D_GAP_LONG'}, {'CARD_WITHDRAWAL_D_GAP_MED'}, {'CARD_WITHDRAWAL_C_GAP_MED'}, {'DEPOSIT_C_GAP_MED'}, {'CARD_WITHDRAWAL_C_GAP_MED'}]",0.23062274211060463,257,0.9162475822050291,0.9694829047753603,3600
"[{'CARD_WITHDRAWAL_C_GAP_MED'}, {'CARD_WITHDRAWAL_C_GAP_MED'}, {'CARD_WITHDRAWAL_B_GAP_SHORT'}, {'CARD_WITHDRAWAL_D_GAP_SHORT'}, {'CARD_WITHDRAWAL_B_GAP_SHORT'}, {'CARD_WITHDRAWAL_C_GAP_MED'}, {'CARD_WITHDRAWAL_A_GAP_SHORT'}, {'CARD_WITHDRAWAL_A_GAP_SHORT'}, {'CARD_WITHDRAWAL_A_GAP_SHORT'}, {'CARD_WITHDRAWAL_A_GAP_SHORT'}]",0.23057057858089824,72,0.8308080808080808,0.9694829047753603,3600
"[{'CARD_WITHDRAWAL_C_GAP_MED'}, {'CARD_WITHDRAWAL_D_GAP_MED'}, {'CARD_WITHDRAWAL_C_GAP_MED'}, {'CARD_WITHDRAWAL_C_GAP_MED'}, {'CARD_WITHDRAWAL_C_GAP_MED'}, {'CARD_WITHDRAWAL_C_GAP_MED'}, {'CARD_WITHDRAWAL_C_GAP_SHORT'}, {'CARD_WITHDRAWAL_D_GAP_SHORT'}, {'CARD_WITHDRAWAL_C_GAP_SHORT'}, {'CARD_WITHDRAWAL_C_GAP_MED'}]",0.23054819632922685,42,0.8108108108108107,0.9694829047753603,3600
"[{'CARD_WITHDRAWAL_D_GAP_MED'}, {'CARD_WITHDRAWAL_D_GAP_MED'}, {'CARD_WITHDRAWAL_D_GAP_MED'}, {'CARD_WITHDRAWAL_D_GAP_SHORT'}, {'CARD_WITHDRAWAL_A_GAP_SHORT'}, {'CARD_WITHDRAWAL_D_GAP_MED'}, {'CARD_WITHDRAWAL_A_GAP_SHORT'}]",0.23050269404339696,669,0.9138142882218712,0.9694829047753603,3600
"[{'DEPOSIT_D_GAP_LONG'}, {'DEPOSIT_C_GAP_LONG'}, {'DEPOSIT_D_GAP_LONG'}, {'DEPOSIT_D_GAP_LONG'}, {'DEPOSIT_C_GAP_LONG'}, {'CARD_WITHDRAWAL_B_GAP_LONG'}]",0.230434999614327,75,0.8971428571428571,0.9694829047753603,3600
"[{'CARD_WITHDRAWAL_D_GAP_MED'}, {'CARD_WITHDRAWAL_D_GAP_MED'}, {'CARD_WITHDRAWAL_D_GAP_SHORT'}, {'CARD_WITHDRAWAL_C_GAP_MED'}, {'TRANSFER_B_GAP_MED'}, {'CARD_WITHDRAWAL_C_GAP_SHORT'}, {'CARD_WITHDRAWAL_B_GAP_MED'}]",0.23022941325189517,92,0.8781609195402298,0.9694829047753603,3600
"[{'DEPOSIT_D_GAP_LONG'}, {'DEPOSIT_D_GAP_LONG'}, {'DEPOSIT_D_GAP_MED'}, {'CARD_WITHDRAWAL_D_GAP_LONG'}, {'CARD_WITHDRAWAL_B_GAP_LONG'}, {'CARD_WITHDRAWAL_D_GAP_MED'}, {'CARD_WITHDRAWAL_C_GAP_MED'}, {'CARD_WITHDRAWAL_D_GAP_MED'}]",0.22976838378865905,192,0.8802197802197802,0.9694829047753603,3600
"[{'CARD_WITHDRAWAL_D_GAP_MED'}, {'CARD_WITHDRAWAL_D_GAP_MED'}, {'CARD_WITHDRAWAL_C_GAP_MED'}, {'CARD_WITHDRAWAL_C_GAP_MED'}, {'CARD_WITHDRAWAL_C_GAP_MED'}, {'CARD_WITHDRAWAL_D_GAP_MED'}, {'CARD_WITHDRAWAL_C_GAP_SHORT'}, {'CARD_WITHDRAWAL_D_GAP_MED'}, {'CARD_WITHDRAWAL_D_GAP_SHORT'}]",0.22970805512368264,133,0.8601626016260162,0.9694829047753603,3600
"[{'PROFILE_REGION_LOW_CRIME'}, {'DEPOSIT_A_GAP_SHORT'}, {'CARD_WITHDRAWAL_D_GAP_MED'}, {'CARD_WITHDRAWAL_D_GAP_MED'}, {'CARD_WITHDRAWAL_C_GAP_MED'}, {'CARD_WITHDRAWAL_C_GAP_MED'}, {'CARD_WITHDRAWAL_C_GAP_SHORT'}, {'CARD_WITHDRAWAL_B_GAP_MED'}, {'CARD_WITHDRAWAL_B_GAP_MED'}, {'CARD_WITHDRAWAL_B_GAP_SHORT'}]",0.22970553698898732,77,0.8333333333333334,0.9694829047753603,3600
"[{'CARD_WITHDRAWAL_D_GAP_LONG'}, {'CARD_WITHDRAWAL_A_GAP_SHORT'}, {'CARD_WITHDRAWAL_B_GAP_MED'}, {'CARD_WITHDRAWAL_C_GAP_MED'}, {'CARD_WITHDRAWAL_B_GAP_MED'}, {'CARD_WITHDRAWAL_C_GAP_MED'}, {'CARD_WITHDRAWAL_C_GAP_MED'}]",0.2291527861976942,389,0.9060559006211181,0.9694829047753603,3600
"[{'CARD_WITHDRAWAL_D_GAP_LONG'}, {'CARD_WITHDRAWAL_C_GAP_LONG'}, {'CARD_WITHDRAWAL_C_GAP_MED'}, {'CARD_WITHDRAWAL_C_GAP_SHORT'}, {'CARD_WITHDRAWAL_C_GAP_MED'}, {'CARD_WITHDRAWAL_C_GAP_MED'}]",0.22825130893555345,266,0.9175367568719369,0.9694829047753603,3600
"[{'CARD_WITHDRAWAL_D_GAP_MED'}, {'CARD_WITHDRAWAL_C_GAP_LONG'}, {'CARD_WITHDRAWAL_C_GAP_MED'}, {'CARD_WITHDRAWAL_D_GAP_MED'}, {'CARD_WITHDRAWAL_D_GAP_MED'}, {'CARD_WITHDRAWAL_A_GAP_SHORT'}, {'CARD_WITHDRAWAL_D_GAP_MED'}]",0.22805816304177584,327,0.9035169623404918,0.9694829047753603,3600
"[{'CARD_WITHDRAWAL_C_GAP_MED'}, {'CARD_WITHDRAWAL_C_GAP_MED'}, {'CARD_WITHDRAWAL_D_GAP_MED'}, {'CARD_WITHDRAWAL_C_GAP_MED'}, {'CARD_WITHDRAWAL_A_GAP_SHORT'}, {'CARD_WITHDRAWAL_D_GAP_SHORT'}, {'CARD_WITHDRAWAL_D_GAP_MED'}, {'CARD_WITHDRAWAL_D_GAP_MED'}]",0.22797274710305415,224,0.8840144230769231,0.9694829047753603,3600
"[{'TRANSFER_B_GAP_MED'}, {'CARD_WITHDRAWAL_D_GAP_SHORT'}, {'CARD_WITHDRAWAL_C_GAP_SHORT'}, {'TRANSFER_B_GAP_MED'}, {'CARD_WITHDRAWAL_D_GAP_MED'}, {'TRANSFER_B_GAP_MED'}]",0.22788375616472734,162,0.910828025477707,0.9694829047753603,3600
"[{'PROFILE_OLD_MALE'}, {'CARD_WITHDRAWAL_D_GAP_LONG'}, {'CARD_WITHDRAWAL_D_GAP_LONG'}, {'CARD_WITHDRAWAL_D_GAP_SHORT'}, {'CARD_WITHDRAWAL_D_GAP_MED'}, {'CARD_WITHDRAWAL_D_GAP_MED'}, {'CARD_WITHDRAWAL_D_GAP_MED'}, {'CARD_WITHDRAWAL_D_GAP_SHORT'}, {'CARD_WITHDRAWAL_C_GAP_MED'}]",0.2272130852371015,118,0.8574561403508771,0.9694829047753603,3600
"[{'DEPOSIT_A_GAP_SHORT'}, {'CARD_WITHDRAWAL_B_GAP_LONG'}, {'CARD_WITHDRAWAL_A_GAP_SHORT'}, {'CARD_WITHDRAWAL_C_GAP_MED'}, {'CARD_WITHDRAWAL_A_GAP_SHORT'}, {'CARD_WITHDRAWAL_C_GAP_MED'}, {'CARD_WITHDRAWAL_C_GAP_MED'}]",0.22685447023628846,433,0.9082714740190879,0.9694829047753603,3600
"[{'DEPOSIT_C_GAP_MED'}, {'CARD_WITHDRAWAL_C_GAP_SHORT'}, {'CARD_WITHDRAWAL_B_GAP_SHORT'}, {'CARD_WITHDRAWAL_A_GAP_SHORT'}, {'CARD_WITHDRAWAL_C_GAP_SHORT'}, {'CARD_WITHDRAWAL_C_GAP_MED'}]",0.22675865860773858,85,0.901098901098901,0.9694829047753603,3600
"[{'CARD_WITHDRAWAL_D_GAP_MED'}, {'CARD_WITHDRAWAL_D_GAP_MED'}, {'CARD_WITHDRAWAL_D_GAP_MED'}, {'CARD_WITHDRAWAL_D_GAP_MED'}, {'CARD_WITHDRAWAL_A_GAP_SHORT'}, {'CARD_WITHDRAWAL_B_GAP_MED'}, {'CARD_WITHDRAWAL_D_GAP_MED'}]",0.22675219007282643,747,0.9160937102113573,0.9694829047753603,3600
"[{'PROFILE_REGION_LOW_CRIME'}, {'CARD_WITHDRAWAL_D_GAP_LONG'}, {'CARD_WITHDRAWAL_C_GAP_MED'}, {'CARD_WITHDRAWAL_D_GAP_MED'}, {'CARD_WITHDRAWAL_D_GAP_MED'}, {'CARD_WITHDRAWAL_D_GAP_MED'}, {'CARD_WITHDRAWAL_D_GAP_MED'}]",0.2267005305441967,341,0.9045434687636522,0.9694829047753603,3600
"[{'CARD_WITHDRAWAL_D_GAP_MED'}, {'CARD_WITHDRAWAL_C_GAP_SHORT'}, {'CARD_WITHDRAWAL_C_GAP_SHORT'}, {'CARD_WITHDRAWAL_C_GAP_SHORT'}, {'CARD_WITHDRAWAL_B_GAP_SHORT'}, {'CARD_WITHDRAWAL_C_GAP_LONG'}]",0.2261284791993644,123,0.9074074074074074,0.9694829047753603,3600
"[{'DEPOSIT_A_GAP_SHORT'}, {'CARD_WITHDRAWAL_D_GAP_LONG'}, {'CARD_WITHDRAWAL_D_GAP_LONG'}, {'CARD_WITHDRAWAL_B_GAP_SHORT'}, {'CARD_WITHDRAWAL_C_GAP_MED'}, {'CARD_WITHDRAWAL_C_GAP_MED'}, {'CARD_WITHDRAWAL_C_GAP_MED'}, {'CARD_WITHDRAWAL_D_GAP_MED'}, {'CARD_WITHDRAWAL_D_GAP_MED'}, {'CARD_WITHDRAWAL_B_GAP_MED'}]",0.22597888202585303,89,0.8390804597701149,0.9694829047753603,3600
"[{'CARD_WITHDRAWAL_C_GAP_MED'}, {'CARD_WITHDRAWAL_D_GAP_MED'}, {'CARD_WITHDRAWAL_D_GAP_MED'}, {'CARD_WITHDRAWAL_C_GAP_MED'}, {'CARD_WITHDRAWAL_C_GAP_MED'}, {'CARD_WITHDRAWAL_C_GAP_SHORT'}, {'CARD_WITHDRAWAL_C_GAP_MED'}]",0.22590120935819613,312,0.9032891507118311,0.9694829047753603,3600
"[{'CARD_WITHDRAWAL_D_GAP_MED'}, {'CARD_WITHDRAWAL_C_GAP_MED'}, {'CARD_WITHDRAWAL_D_GAP_MED'}, {'CARD_WITHDRAWAL_D_GAP_MED'}, {'CARD_WITHDRAWAL_B_GAP_MED'}, {'CARD_WITHDRAWAL_D_GAP_SHORT'}, {'CARD_WITHDRAWAL_D_GAP_LONG'}, {'CARD_WITHDRAWAL_A_GAP_SHORT'}]",0.22585323768194687,255,0.8872222222222224,0.9694829047753603,3600
"[{'CARD_WITHDRAWAL_C_GAP_MED'}, {'CARD_WITHDRAWAL_A_GAP_SHORT'}, {'CARD_WITHDRAWAL_C_GAP_MED'}, {'CARD_WITHDRAWAL_A_GAP_SHORT'}, {'CARD_WITHDRAWAL_B_GAP_MED'}, {'CARD_WITHDRAWAL_A_GAP_SHORT'}, {'CARD_WITHDRAWAL_C_GAP_MED'}, {'CARD_WITHDRAWAL_B_GAP_MED'}, {'CARD_WITHDRAWAL_C_GAP_MED'}]",0.22579319737166725,263,0.8780837636259322,0.9694829047753603,3600
"[{'PROFILE_OLD_FEMALE'}, {'CARD_WITHDRAWAL_B_GAP_MED'}, {'CARD_WITHDRAWAL_C_GAP_MED'}, {'CARD_WITHDRAWAL_D_GAP_MED'}, {'CARD_WITHDRAWAL_D_GAP_MED'}, {'CARD_WITHDRAWAL_B_GAP_MED'}, {'CARD_WITHDRAWAL_A_GAP_SHORT'}, {'CARD_WITHDRAWAL_A_GAP_SHORT'}]",0.22574406377971856,219,0.8840579710144927,0.9694829047753603,3600
"[{'PROFILE_REGION_HIGH_CRIME'}, {'DEPOSIT_D_GAP_LONG'}, {'DEPOSIT_C_GAP_MED'}, {'DEPOSIT_D_GAP_LONG'}, {'CARD_WITHDRAWAL_D_GAP_MED'}, {'CARD_WITHDRAWAL_B_GAP_LONG'}]",0.22541031293481162,128,0.9083333333333333,0.9694829047753603,3600
"[{'CARD_WITHDRAWAL_D_GAP_MED'}, {'CARD_WITHDRAWAL_D_GAP_MED'}, {'CARD_WITHDRAWAL_D_GAP_MED'}, {'CARD_WITHDRAWAL_D_GAP_SHORT'}, {'CARD_WITHDRAWAL_D_GAP_MED'}, {'CARD_WITHDRAWAL_D_GAP_MED'}, {'CARD_WITHDRAWAL_C_GAP_MED'}]",0.22501569551138578,572,0.9127923358692589,0.9694829047753603,3600
"[{'CARD_WITHDRAWAL_D_GAP_MED'}, {'CARD_WITHDRAWAL_D_GAP_MED'}, {'CARD_WITHDRAWAL_D_GAP_SHORT'}, {'CARD_WITHDRAWAL_D_GAP_LONG'}, {'CARD_WITHDRAWAL_D_GAP_LONG'}, {'CARD_WITHDRAWAL_D_GAP_LONG'}, {'CARD_WITHDRAWAL_D_GAP_LONG'}]",0.22475759996922073,322,0.9041009463722398,0.9694829047753603,3600
"[{'DEPOSIT_A_GAP_SHORT'}, {'CARD_WITHDRAWAL_D_GAP_MED'}, {'CARD_WITHDRAWAL_D_GAP_MED'}, {'CARD_WITHDRAWAL_D_GAP_SHORT'}, {'CARD_WITHDRAWAL_B_GAP_MED'}, {'CARD_WITHDRAWAL_A_GAP_SHORT'}, {'CARD_WITHDRAWAL_C_GAP_MED'}, {'CARD_WITHDRAWAL_D_GAP_SHORT'}, {'CARD_WITHDRAWAL_A_GAP_SHORT'}]",0.22472757570090152,250,0.8771367521367521,0.9694829047753603,3600
"[{'PROFILE_REGION_HIGH_CRIME'}, {'CARD_WITHDRAWAL_D_GAP_SHORT'}, {'CARD_WITHDRAWAL_A_GAP_SHORT'}, {'CARD_WITHDRAWAL_A_GAP_SHORT'}, {'CARD_WITHDRAWAL_D_GAP_MED'}, {'CARD_WITHDRAWAL_C_GAP_MED'}, {'CARD_WITHDRAWAL_D_GAP_MED'}, {'CARD_WITHDRAWAL_D_GAP_MED'}]",0.22461446239061988,267,0.8884426595269969,0.9694829047753603,3600
"[{'PROFILE_REGION_LOW_INCOME'}, {'DEPOSIT_A_GAP_SHORT'}, {'CARD_WITHDRAWAL_D_GAP_MED'}, {'CARD_WITHDRAWAL_B_GAP_MED'}, {'CARD_WITHDRAWAL_C_GAP_SHORT'}, {'CARD_WITHDRAWAL_B_GAP_SHORT'}, {'CARD_WITHDRAWAL_C_GAP_MED'}]",0.22442660301895578,198,0.8957446808510638,0.9694829047753603,3600
"[{'PROFILE_REGION_HIGH_EDU', 'PROFILE_OLD_MALE'}, {'DEPOSIT_A_GAP_SHORT'}, {'CARD_WITHDRAWAL_C_GAP_SHORT'}, {'CARD_WITHDRAWAL_C_GAP_MED'}, {'CARD_WITHDRAWAL_B_GAP_SHORT'}, {'CARD_WITHDRAWAL_D_GAP_SHORT'}, {'CARD_WITHDRAWAL_B_GAP_MED'}]",0.22439574839820697,55,0.8679245283018868,0.9694829047753603,3600
"[{'PROFILE_REGION_HIGH_INCOME'}, {'CARD_WITHDRAWAL_B_GAP_MED'}, {'CARD_WITHDRAWAL_A_GAP_SHORT'}, {'CARD_WITHDRAWAL_C_GAP_MED'}, {'CARD_WITHDRAWAL_B_GAP_SHORT'}, {'CARD_WITHDRAWAL_D_GAP_SHORT'}, {'CARD_WITHDRAWAL_B_GAP_SHORT'}]",0.22434230564365598,147,0.8900709219858155,0.9694829047753603,3600
"[{'PROFILE_REGION_HIGH_EDU'}, {'CARD_WITHDRAWAL_A_GAP_SHORT'}, {'CARD_WITHDRAWAL_C_GAP_LONG'}, {'CARD_WITHDRAWAL_B_GAP_SHORT'}, {'CARD_WITHDRAWAL_C_GAP_MED'}, {'CARD_WITHDRAWAL_B_GAP_MED'}]",0.2241955598855443,196,0.914987714987715,0.9694829047753603,3600
"[{'PROFILE_OLD_FEMALE'}, {'DEPOSIT_A_GAP_SHORT'}, {'CARD_WITHDRAWAL_D_GAP_MED'}, {'CARD_WITHDRAWAL_D_GAP_MED'}, {'CARD_WITHDRAWAL_D_GAP_MED'}, {'CARD_WITHDRAWAL_D_GAP_SHORT'}, {'CARD_WITHDRAWAL_C_GAP_MED'}, {'CARD_WITHDRAWAL_C_GAP_MED'}]",0.22391875968307995,205,0.883076923076923,0.9694829047753603,3600
"[{'PROFILE_REGION_HIGH_EDU'}, {'CARD_WITHDRAWAL_D_GAP_MED'}, {'CARD_WITHDRAWAL_A_GAP_SHORT'}, {'CARD_WITHDRAWAL_A_GAP_SHORT'}, {'CARD_WITHDRAWAL_A_GAP_SHORT'}, {'CARD_WITHDRAWAL_C_GAP_MED'}, {'CARD_WITHDRAWAL_C_GAP_MED'}]",0.2239075270761921,372,0.9066282420749279,0.9694829047753603,3600
"[{'PROFILE_OLD_MALE'}, {'DEPOSIT_A_GAP_SHORT'}, {'DEPOSIT_C_GAP_LONG'}, {'CARD_WITHDRAWAL_D_GAP_MED'}, {'CARD_WITHDRAWAL_B_GAP_SHORT'}, {'CARD_WITHDRAWAL_B_GAP_SHORT'}]",0.22366024798942885,97,0.9047619047619048,0.9694829047753603,3600
"[{'CARD_WITHDRAWAL_D_GAP_MED'}, {'CARD_WITHDRAWAL_D_GAP_MED'}, {'CARD_WITHDRAWAL_D_GAP_MED'}, {'CARD_WITHDRAWAL_D_GAP_MED'}, {'CARD_WITHDRAWAL_D_GAP_SHORT'}, {'CARD_WITHDRAWAL_A_GAP_SHORT'}, {'CARD_WITHDRAWAL_A_GAP_SHORT'}]",0.2232980296279018,739,0.9166666666666667,0.9694829047753603,3600
"[{'PROFILE_OLD_FEMALE'}, {'DEPOSIT_A_GAP_SHORT'}, {'CARD_WITHDRAWAL_D_GAP_MED'}, {'CARD_WITHDRAWAL_D_GAP_MED'}, {'CARD_WITHDRAWAL_D_GAP_SHORT'}, {'CARD_WITHDRAWAL_C_GAP_MED'}, {'CARD_WITHDRAWAL_C_GAP_MED'}]",0.22324143377726802,253,0.900450788880541,0.9694829047753603,3600
"[{'CARD_WITHDRAWAL_D_GAP_MED'}, {'CARD_WITHDRAWAL_D_GAP_MED'}, {'CARD_WITHDRAWAL_C_GAP_MED'}, {'CARD_WITHDRAWAL_D_GAP_MED'}, {'CARD_WITHDRAWAL_D_GAP_SHORT'}, {'CARD_WITHDRAWAL_C_GAP_MED'}, {'CARD_WITHDRAWAL_B_GAP_MED'}]",0.22319539487345286,422,0.9087500000000001,0.9694829047753603,3600
"[{'CARD_WITHDRAWAL_A_GAP_SHORT'}, {'CARD_WITHDRAWAL_D_GAP_MED'}, {'CARD_WITHDRAWAL_A_GAP_SHORT'}, {'CARD_WITHDRAWAL_C_GAP_MED'}, {'CARD_WITHDRAWAL_D_GAP_MED'}, {'CARD_WITHDRAWAL_A_GAP_SHORT'}, {'CARD_WITHDRAWAL_D_GAP_LONG'}, {'CARD_WITHDRAWAL_A_GAP_SHORT'}]",0.2226575534781241,397,0.8964964964964964,0.9694829047753603,3600
"[{'CARD_WITHDRAWAL_A_GAP_SHORT'}, {'CARD_WITHDRAWAL_A_GAP_SHORT'}, {'CARD_WITHDRAWAL_A_GAP_SHORT'}, {'CARD_WITHDRAWAL_A_GAP_SHORT'}, {'CARD_WITHDRAWAL_C_GAP_SHORT'}, {'CARD_WITHDRAWAL_C_GAP_MED'}, {'CARD_WITHDRAWAL_C_GAP_SHORT'}, {'CARD_WITHDRAWAL_A_GAP_SHORT'}, {'CARD_WITHDRAWAL_A_GAP_SHORT'}, {'CARD_WITHDRAWAL_C_GAP_LONG'}]",0.22222050205832666,100,0.8437180796731358,0.9694829047753603,3600
"[{'CARD_WITHDRAWAL_D_GAP_LONG'}, {'CARD_WITHDRAWAL_D_GAP_MED'}, {'CARD_WITHDRAWAL_C_GAP_MED'}, {'CARD_WITHDRAWAL_C_GAP_MED'}, {'CARD_WITHDRAWAL_A_GAP_SHORT'}, {'CARD_WITHDRAWAL_C_GAP_MED'}, {'CARD_WITHDRAWAL_A_GAP_SHORT'}]",0.2219703031761744,454,0.9101396478445658,0.9694829047753603,3600
"[{'DEPOSIT_C_GAP_LONG'}, {'DEPOSIT_D_GAP_SHORT'}, {'CARD_WITHDRAWAL_D_GAP_MED'}, {'CARD_WITHDRAWAL_C_GAP_SHORT'}, {'CARD_WITHDRAWAL_D_GAP_MED'}, {'CARD_WITHDRAWAL_D_GAP_MED'}]",0.22182992636579657,158,0.9129612109744559,0.9694829047753603,3600
"[{'PROFILE_OLD_FEMALE'}, {'CARD_WITHDRAWAL_C_GAP_LONG'}, {'CARD_WITHDRAWAL_C_GAP_LONG'}, {'CARD_WITHDRAWAL_A_GAP_SHORT'}, {'CARD_WITHDRAWAL_B_GAP_SHORT'}, {'CARD_WITHDRAWAL_A_GAP_SHORT'}, {'CARD_WITHDRAWAL_A_GAP_SHORT'}, {'CARD_WITHDRAWAL_A_GAP_SHORT'}, {'CARD_WITHDRAWAL_A_GAP_SHORT'}]",0.22174042980990782,153,0.865771812080537,0.9694829047753603,3600
"[{'CARD_WITHDRAWAL_D_GAP_MED'}, {'CARD_WITHDRAWAL_D_GAP_MED'}, {'CARD_WITHDRAWAL_C_GAP_SHORT'}, {'CARD_WITHDRAWAL_A_GAP_SHORT'}, {'CARD_WITHDRAWAL_C_GAP_MED'}, {'CARD_WITHDRAWAL_A_GAP_SHORT'}, {'CARD_WITHDRAWAL_C_GAP_MED'}, {'CARD_WITHDRAWAL_A_GAP_SHORT'}, {'CARD_WITHDRAWAL_C_GAP_MED'}]",0.22170387415122206,233,0.8761309780267126,0.9694829047753603,3600
"[{'CARD_WITHDRAWAL_D_GAP_LONG'}, {'CARD_WITHDRAWAL_D_GAP_LONG'}, {'CARD_WITHDRAWAL_A_GAP_SHORT'}, {'CARD_WITHDRAWAL_D_GAP_MED'}, {'CARD_WITHDRAWAL_C_GAP_MED'}, {'CARD_WITHDRAWAL_C_GAP_MED'}, {'CARD_WITHDRAWAL_C_GAP_MED'}, {'CARD_WITHDRAWAL_A_GAP_SHORT'}]",0.22123749812347804,358,0.8948863636363635,0.9694829047753603,3600
"[{'PROFILE_REGION_LOW_CRIME', 'PROFILE_OLD_MALE'}, {'DEPOSIT_A_GAP_SHORT'}, {'CARD_WITHDRAWAL_D_GAP_MED'}, {'CARD_WITHDRAWAL_B_GAP_MED'}, {'CARD_WITHDRAWAL_C_GAP_MED'}, {'CARD_WITHDRAWAL_A_GAP_SHORT'}, {'CARD_WITHDRAWAL_A_GAP_SHORT'}, {'CARD_WITHDRAWAL_C_GAP_SHORT'}, {'CARD_WITHDRAWAL_B_GAP_LONG'}, {'CARD_WITHDRAWAL_A_GAP_SHORT'}]",0.2206561051890037,39,0.8108108108108107,0.9694829047753603,3600
"[{'DEPOSIT_A_GAP_SHORT'}, {'DEPOSIT_D_GAP_LONG'}, {'CARD_WITHDRAWAL_D_GAP_MED'}, {'CARD_WITHDRAWAL_A_GAP_SHORT'}, {'CARD_WITHDRAWAL_C_GAP_MED'}, {'DEPOSIT_C_GAP_MED'}, {'CARD_WITHDRAWAL_C_GAP_MED'}]",0.22061984045702088,187,0.8958083832335328,0.9694829047753603,3600
"[{'PROFILE_REGION_HIGH_EDU'}, {'DEPOSIT_A_GAP_SHORT'}, {'CARD_WITHDRAWAL_D_GAP_MED'}, {'CARD_WITHDRAWAL_D_GAP_SHORT'}, {'CARD_WITHDRAWAL_D_GAP_SHORT'}, {'CARD_WITHDRAWAL_D_GAP_SHORT'}, {'CARD_WITHDRAWAL_C_GAP_SHORT'}]",0.2204645219723057,210,0.8979591836734694,0.9694829047753603,3600
"[{'DEPOSIT_A_GAP_SHORT'}, {'CARD_WITHDRAWAL_D_GAP_MED'}, {'CARD_WITHDRAWAL_D_GAP_MED'}, {'CARD_WITHDRAWAL_D_GAP_SHORT'}, {'CARD_WITHDRAWAL_C_GAP_MED'}, {'CARD_WITHDRAWAL_A_GAP_SHORT'}, {'CARD_WITHDRAWAL_C_GAP_LONG'}]",0.22040482552590235,318,0.9050224741059214,0.9694829047753603,3600
"[{'CARD_WITHDRAWAL_D_GAP_LONG'}, {'CARD_WITHDRAWAL_C_GAP_SHORT'}, {'CARD_WITHDRAWAL_C_GAP_MED'}, {'CARD_WITHDRAWAL_C_GAP_MED'}, {'CARD_WITHDRAWAL_C_GAP_MED'}, {'CARD_WITHDRAWAL_C_GAP_MED'}, {'CARD_WITHDRAWAL_C_GAP_SHORT'}, {'CARD_WITHDRAWAL_C_GAP_MED'}, {'CARD_WITHDRAWAL_C_GAP_MED'}]",0.2200745651229049,74,0.8455882352941176,0.9694829047753603,3600
"[{'PROFILE_REGION_HIGH_EDU'}, {'DEPOSIT_A_GAP_SHORT'}, {'CARD_WITHDRAWAL_D_GAP_MED'}, {'TRANSFER_B_GAP_SHORT'}, {'TRANSFER_B_GAP_MED'}, {'CARD_WITHDRAWAL_C_GAP_MED'}]",0.21989614560976456,147,0.9127697841726619,0.9694829047753603,3600
"[{'DEPOSIT_A_GAP_SHORT'}, {'CARD_WITHDRAWAL_D_GAP_MED'}, {'CARD_WITHDRAWAL_B_GAP_SHORT'}, {'CARD_WITHDRAWAL_D_GAP_SHORT'}, {'CARD_WITHDRAWAL_B_GAP_SHORT'}, {'CARD_WITHDRAWAL_A_GAP_SHORT'}, {'CARD_WITHDRAWAL_A_GAP_SHORT'}, {'CARD_WITHDRAWAL_A_GAP_SHORT'}, {'CARD_WITHDRAWAL_D_GAP_SHORT'}]",0.21984417679616652,153,0.8662162162162161,0.9694829047753603,3600
"[{'CARD_WITHDRAWAL_A_GAP_SHORT'}, {'CARD_WITHDRAWAL_D_GAP_SHORT'}, {'CARD_WITHDRAWAL_B_GAP_SHORT'}, {'CARD_WITHDRAWAL_C_GAP_MED'}, {'CARD_WITHDRAWAL_D_GAP_MED'}, {'CARD_WITHDRAWAL_D_GAP_LONG'}, {'CARD_WITHDRAWAL_C_GAP_MED'}]",0.21981083407483804,137,0.8901098901098902,0.9694829047753603,3600
"[{'CARD_WITHDRAWAL_D_GAP_LONG'}, {'CARD_WITHDRAWAL_B_GAP_SHORT'}, {'CARD_WITHDRAWAL_B_GAP_LONG'}, {'DEPOSIT_C_GAP_MED'}, {'CARD_WITHDRAWAL_B_GAP_MED'}, {'CARD_WITHDRAWAL_A_GAP_SHORT'}]",0.21978612221207916,87,0.9048780487804877,0.9694829047753603,3600
"[{'CARD_WITHDRAWAL_D_GAP_MED'}, {'CARD_WITHDRAWAL_D_GAP_MED'}, {'CARD_WITHDRAWAL_D_GAP_SHORT'}, {'CARD_WITHDRAWAL_B_GAP_MED'}, {'CARD_WITHDRAWAL_C_GAP_MED'}, {'CARD_WITHDRAWAL_D_GAP_MED'}, {'CARD_WITHDRAWAL_D_GAP_MED'}]",0.21959347297300236,505,0.91225,0.9694829047753603,3600
"[{'DEPOSIT_A_GAP_SHORT'}, {'DEPOSIT_C_GAP_MED'}, {'CARD_WITHDRAWAL_B_GAP_SHORT'}, {'CARD_WITHDRAWAL_A_GAP_SHORT'}, {'CARD_WITHDRAWAL_A_GAP_SHORT'}, {'CARD_WITHDRAWAL_C_GAP_MED'}, {'CARD_WITHDRAWAL_A_GAP_SHORT'}]",0.21950840787811032,245,0.9009298998569384,0.9694829047753603,3600
"[{'PROFILE_REGION_LOW_INCOME'}, {'CARD_WITHDRAWAL_D_GAP_MED'}, {'CARD_WITHDRAWAL_C_GAP_MED'}, {'CARD_WITHDRAWAL_C_GAP_MED'}, {'CARD_WITHDRAWAL_C_GAP_MED'}, {'CARD_WITHDRAWAL_D_GAP_MED'}, {'TRANSFER_B_GAP_MED'}]",0.21926681218051702,105,0.8848396501457727,0.9694829047753603,3600
"[{'CARD_WITHDRAWAL_C_GAP_MED'}, {'CARD_WITHDRAWAL_B_GAP_SHORT'}, {'CARD_WITHDRAWAL_C_GAP_MED'}, {'CARD_WITHDRAWAL_C_GAP_SHORT'}, {'CARD_WITHDRAWAL_D_GAP_MED'}, {'CARD_WITHDRAWAL_C_GAP_MED'}]",0.21894704637671314,236,0.9194690265486726,0.9694829047753603,3600
"[{'DEPOSIT_D_GAP_LONG'}, {'DEPOSIT_D_GAP_MED'}, {'CARD_WITHDRAWAL_C_GAP_LONG'}, {'CARD_WITHDRAWAL_C_GAP_MED'}, {'CARD_WITHDRAWAL_C_GAP_MED'}, {'CARD_WITHDRAWAL_D_GAP_SHORT'}, {'CARD_WITHDRAWAL_D_GAP_SHORT'}]",0.2187192574975343,199,0.8975044563279857,0.9694829047753603,3600
"[{'PROFILE_REGION_LOW_CRIME', 'PROFILE_REGION_LOW_INCOME'}, {'CARD_WITHDRAWAL_B_GAP_MED'}, {'CARD_WITHDRAWAL_C_GAP_MED'}, {'CARD_WITHDRAWAL_D_GAP_SHORT'}, {'CARD_WITHDRAWAL_B_GAP_MED'}, {'CARD_WITHDRAWAL_B_GAP_MED'}, {'CARD_WITHDRAWAL_C_GAP_MED'}, {'CARD_WITHDRAWAL_C_GAP_MED'}]",0.21847945662215063,80,0.861842105263158,0.9694829047753603,3600
"[{'DEPOSIT_A_GAP_SHORT'}, {'CARD_WITHDRAWAL_D_GAP_MED'}, {'CARD_WITHDRAWAL_C_GAP_SHORT'}, {'CARD_WITHDRAWAL_B_GAP_MED'}, {'CARD_WITHDRAWAL_C_GAP_SHORT'}, {'CARD_WITHDRAWAL_B_GAP_LONG'}, {'CARD_WITHDRAWAL_C_GAP_MED'}]",0.21843530659935273,168,0.8944793850454228,0.9694829047753603,3600
"[{'PROFILE_REGION_HIGH_EDU', 'PROFILE_REGION_HIGH_CRIME'}, {'DEPOSIT_D_GAP_MED'}, {'CARD_WITHDRAWAL_C_GAP_MED'}, {'CARD_WITHDRAWAL_C_GAP_MED'}, {'CARD_WITHDRAWAL_D_GAP_MED'}, {'DEPOSIT_D_GAP_MED'}, {'CARD_WITHDRAWAL_D_GAP_MED'}, {'DEPOSIT_D_GAP_MED'}, {'CARD_WITHDRAWAL_D_GAP_SHORT'}]",0.21840647416030035,86,0.850609756097561,0.9694829047753603,3600
"[{'CARD_WITHDRAWAL_D_GAP_LONG'}, {'CARD_WITHDRAWAL_C_GAP_MED'}, {'CARD_WITHDRAWAL_C_GAP_MED'}, {'CARD_WITHDRAWAL_D_GAP_MED'}, {'CARD_WITHDRAWAL_C_GAP_SHORT'}, {'CARD_WITHDRAWAL_C_GAP_SHORT'}, {'CARD_WITHDRAWAL_B_GAP_MED'}]",0.2183920932668948,158,0.8933333333333333,0.9694829047753603,3600
"[{'CARD_WITHDRAWAL_D_GAP_MED'}, {'CARD_WITHDRAWAL_D_GAP_MED'}, {'CARD_WITHDRAWAL_A_GAP_SHORT'}, {'CARD_WITHDRAWAL_A_GAP_SHORT'}, {'CARD_WITHDRAWAL_C_GAP_MED'}, {'CARD_WITHDRAWAL_B_GAP_SHORT'}, {'CARD_WITHDRAWAL_A_GAP_SHORT'}, {'CARD_WITHDRAWAL_C_GAP_MED'}]",0.21757759713680502,358,0.895668374476013,0.9694829047753603,3600
"[{'DEPOSIT_B_GAP_SHORT'}, {'CARD_WITHDRAWAL_D_GAP_MED'}, {'CARD_WITHDRAWAL_C_GAP_MED'}, {'CARD_WITHDRAWAL_B_GAP_MED'}, {'CARD_WITHDRAWAL_D_GAP_MED'}, {'DEPOSIT_D_GAP_SHORT'}]",0.21747340013976568,127,0.9117647058823529,0.9694829047753603,3600
"[{'CARD_WITHDRAWAL_A_GAP_SHORT'}, {'CARD_WITHDRAWAL_C_GAP_SHORT'}, {'CARD_WITHDRAWAL_C_GAP_LONG'}, {'CARD_WITHDRAWAL_C_GAP_MED'}, {'CARD_WITHDRAWAL_B_GAP_MED'}, {'CARD_WITHDRAWAL_C_GAP_MED'}]",0.217459665753736,215,0.9188880426504189,0.9694829047753603,3600
"[{'CARD_WITHDRAWAL_D_GAP_MED'}, {'CARD_WITHDRAWAL_D_GAP_SHORT'}, {'CARD_WITHDRAWAL_D_GAP_SHORT'}, {'CARD_WITHDRAWAL_D_GAP_SHORT'}, {'CARD_WITHDRAWAL_C_GAP_MED'}, {'CARD_WITHDRAWAL_D_GAP_MED'}, {'CARD_WITHDRAWAL_D_GAP_MED'}, {'CARD_WITHDRAWAL_C_GAP_MED'}]",0.2167169452748311,252,0.889098453413806,0.9694829047753603,3600
"[{'CARD_WITHDRAWAL_D_GAP_SHORT'}, {'CARD_WITHDRAWAL_C_GAP_MED'}, {'CARD_WITHDRAWAL_D_GAP_MED'}, {'CARD_WITHDRAWAL_C_GAP_MED'}, {'CARD_WITHDRAWAL_C_GAP_MED'}, {'CARD_WITHDRAWAL_D_GAP_MED'}, {'CARD_WITHDRAWAL_D_GAP_MED'}]",0.21655382682232704,366,0.9082266446951451,0.9694829047753603,3600
"[{'CARD_WITHDRAWAL_C_GAP_MED'}, {'CARD_WITHDRAWAL_C_GAP_MED'}, {'CARD_WITHDRAWAL_A_GAP_SHORT'}, {'CARD_WITHDRAWAL_C_GAP_MED'}, {'CARD_WITHDRAWAL_B_GAP_MED'}, {'CARD_WITHDRAWAL_D_GAP_MED'}, {'CARD_WITHDRAWAL_D_GAP_MED'}, {'CARD_WITHDRAWAL_A_GAP_SHORT'}, {'CARD_WITHDRAWAL_C_GAP_MED'}]",0.21604195752035515,168,0.8694789081885856,0.9694829047753603,3600
"[{'DEPOSIT_D_GAP_LONG'}, {'CARD_WITHDRAWAL_C_GAP_LONG'}, {'DEPOSIT_D_GAP_MED'}, {'CARD_WITHDRAWAL_D_GAP_LONG'}, {'CARD_WITHDRAWAL_D_GAP_MED'}, {'CARD_WITHDRAWAL_C_GAP_MED'}, {'CARD_WITHDRAWAL_D_GAP_MED'}]",0.2159717054781114,320,0.9062891505888249,0.9694829047753603,3600
"[{'PROFILE_REGION_LOW_CRIME'}, {'CARD_WITHDRAWAL_D_GAP_MED'}, {'CARD_WITHDRAWAL_C_GAP_MED'}, {'CARD_WITHDRAWAL_D_GAP_MED'}, {'CARD_WITHDRAWAL_C_GAP_MED'}, {'CARD_WITHDRAWAL_A_GAP_SHORT'}, {'CARD_WITHDRAWAL_B_GAP_MED'}]",0.2158816435305393,281,0.9042268592830389,0.9694829047753603,3600
"[{'CARD_WITHDRAWAL_D_GAP_MED'}, {'CARD_WITHDRAWAL_D_GAP_MED'}, {'CARD_WITHDRAWAL_D_GAP_LONG'}, {'CARD_WITHDRAWAL_C_GAP_MED'}, {'CARD_WITHDRAWAL_D_GAP_MED'}, {'CARD_WITHDRAWAL_C_GAP_MED'}, {'CARD_WITHDRAWAL_C_GAP_MED'}]",0.2155152166953278,323,0.9065573770491803,0.9694829047753603,3600
"[{'DEPOSIT_A_GAP_SHORT'}, {'CARD_WITHDRAWAL_C_GAP_MED'}, {'CARD_WITHDRAWAL_C_GAP_MED'}, {'CARD_WITHDRAWAL_A_GAP_SHORT'}, {'CARD_WITHDRAWAL_C_GAP_MED'}, {'CARD_WITHDRAWAL_D_GAP_MED'}, {'CARD_WITHDRAWAL_A_GAP_SHORT'}, {'CARD_WITHDRAWAL_A_GAP_SHORT'}]",0.2154319837479055,429,0.899374581192763,0.9694829047753603,3600
"[{'PROFILE_OLD_MALE', 'PROFILE_REGION_LOW_INCOME'}, {'DEPOSIT_A_GAP_SHORT'}, {'DEPOSIT_D_GAP_LONG'}, {'CARD_WITHDRAWAL_B_GAP_LONG'}, {'CARD_WITHDRAWAL_B_GAP_MED'}, {'CARD_WITHDRAWAL_B_GAP_MED'}]",0.21444138641654475,175,0.9175170068027211,0.9694829047753603,3600
"[{'DEPOSIT_D_GAP_LONG'}, {'CARD_WITHDRAWAL_C_GAP_MED'}, {'CARD_WITHDRAWAL_D_GAP_SHORT'}, {'CARD_WITHDRAWAL_B_GAP_MED'}, {'CARD_WITHDRAWAL_C_GAP_MED'}, {'CARD_WITHDRAWAL_B_GAP_LONG'}, {'CARD_WITHDRAWAL_A_GAP_SHORT'}, {'CARD_WITHDRAWAL_B_GAP_LONG'}]",0.21399613533679585,109,0.8711538461538462,0.9694829047753603,3600
"[{'DEPOSIT_D_GAP_LONG'}, {'CARD_WITHDRAWAL_C_GAP_LONG'}, {'CARD_WITHDRAWAL_C_GAP_LONG'}, {'CARD_WITHDRAWAL_C_GAP_MED'}, {'CARD_WITHDRAWAL_A_GAP_SHORT'}, {'CARD_WITHDRAWAL_C_GAP_MED'}, {'CARD_WITHDRAWAL_C_GAP_SHORT'}]",0.21377634740586837,147,0.8934343434343434,0.9694829047753603,3600
"[{'PROFILE_REGION_LOW_CRIME'}, {'DEPOSIT_B_GAP_SHORT'}, {'DEPOSIT_C_GAP_LONG'}, {'DEPOSIT_C_GAP_LONG'}, {'DEPOSIT_C_GAP_LONG'}, {'CARD_WITHDRAWAL_C_GAP_MED'}, {'CARD_WITHDRAWAL_B_GAP_MED'}, {'CARD_WITHDRAWAL_B_GAP_MED'}]",0.2136487669878352,24,0.8260869565217391,0.9694829047753603,3600
"[{'PROFILE_REGION_HIGH_EDU'}, {'DEPOSIT_A_GAP_SHORT'}, {'DEPOSIT_D_GAP_LONG'}, {'CARD_WITHDRAWAL_C_GAP_LONG'}, {'CARD_WITHDRAWAL_A_GAP_SHORT'}, {'CARD_WITHDRAWAL_A_GAP_SHORT'}, {'CARD_WITHDRAWAL_D_GAP_LONG'}, {'CARD_WITHDRAWAL_C_GAP_MED'}, {'CARD_WITHDRAWAL_C_GAP_MED'}]",0.21346986200026397,103,0.8571428571428571,0.9694829047753603,3600
"[{'PROFILE_REGION_HIGH_EDU', 'PROFILE_REGION_HIGH_CRIME'}, {'DEPOSIT_A_GAP_SHORT'}, {'DEPOSIT_D_GAP_LONG'}, {'CARD_WITHDRAWAL_D_GAP_LONG'}, {'DEPOSIT_D_GAP_LONG'}, {'CARD_WITHDRAWAL_D_GAP_MED'}]",0.213327771010133,173,0.9178571428571428,0.9694829047753603,3600
"[{'PROFILE_REGION_LOW_INCOME'}, {'DEPOSIT_A_GAP_SHORT'}, {'DEPOSIT_D_GAP_LONG'}, {'CARD_WITHDRAWAL_D_GAP_LONG'}, {'CARD_WITHDRAWAL_C_GAP_SHORT'}, {'DEPOSIT_D_GAP_LONG'}, {'DEPOSIT_D_GAP_MED'}]",0.213141579510145,134,0.8918650793650793,0.9694829047753603,3600
"[{'PROFILE_REGION_LOW_CRIME', 'PROFILE_REGION_LOW_EDU'}, {'CARD_WITHDRAWAL_A_GAP_SHORT'}, {'CARD_WITHDRAWAL_C_GAP_MED'}, {'CARD_WITHDRAWAL_A_GAP_SHORT'}, {'CARD_WITHDRAWAL_A_GAP_SHORT'}, {'CARD_WITHDRAWAL_A_GAP_SHORT'}, {'CARD_WITHDRAWAL_A_GAP_SHORT'}]",0.21310083040525418,304,0.90625,0.9694829047753603,3600
"[{'PROFILE_REGION_LOW_INCOME'}, {'CARD_WITHDRAWAL_A_GAP_SHORT'}, {'CARD_WITHDRAWAL_A_GAP_SHORT'}, {'CARD_WITHDRAWAL_A_GAP_SHORT'}, {'CARD_WITHDRAWAL_A_GAP_SHORT'}, {'CARD_WITHDRAWAL_A_GAP_SHORT'}, {'CARD_WITHDRAWAL_A_GAP_SHORT'}, {'DEPOSIT_C_GAP_SHORT'}]",0.21307838532172285,115,0.8727272727272727,0.9694829047753603,3600
"[{'DEPOSIT_D_GAP_MED'}, {'CARD_WITHDRAWAL_C_GAP_MED'}, {'DEPOSIT_D_GAP_SHORT'}, {'CARD_WITHDRAWAL_D_GAP_SHORT'}, {'DEPOSIT_D_GAP_MED'}, {'CARD_WITHDRAWAL_D_GAP_MED'}, {'CARD_WITHDRAWAL_C_GAP_MED'}, {'DEPOSIT_D_GAP_MED'}]",0.2129169357463231,226,0.8878032345013478,0.9694829047753603,3600
"[{'DEPOSIT_C_GAP_LONG'}, {'CARD_WITHDRAWAL_D_GAP_SHORT'}, {'CARD_WITHDRAWAL_B_GAP_MED'}, {'CARD_WITHDRAWAL_A_GAP_SHORT'}, {'CARD_WITHDRAWAL_B_GAP_MED'}, {'CARD_WITHDRAWAL_B_GAP_MED'}]",0.21290819915226278,188,0.9191011235955056,0.9694829047753603,3600
"[{'PROFILE_REGION_LOW_INCOME'}, {'DEPOSIT_D_GAP_LONG'}, {'DEPOSIT_C_GAP_LONG'}, {'DEPOSIT_B_GAP_LONG'}, {'CARD_WITHDRAWAL_B_GAP_LONG'}, {'CARD_WITHDRAWAL_B_GAP_MED'}]",0.2127380801979133,67,0.9043715846994536,0.9694829047753603,3600
"[{'CARD_WITHDRAWAL_C_GAP_SHORT'}, {'CARD_WITHDRAWAL_C_GAP_MED'}, {'CARD_WITHDRAWAL_C_GAP_MED'}, {'CARD_WITHDRAWAL_C_GAP_LONG'}, {'CARD_WITHDRAWAL_D_GAP_MED'}, {'CARD_WITHDRAWAL_C_GAP_LONG'}]",0.2126680522598614,161,0.9172185430463576,0.9694829047753603,3600
"[{'CARD_WITHDRAWAL_B_GAP_MED'}, {'CARD_WITHDRAWAL_B_GAP_MED'}, {'CARD_WITHDRAWAL_B_GAP_SHORT'}, {'CARD_WITHDRAWAL_A_GAP_SHORT'}, {'CARD_WITHDRAWAL_C_GAP_SHORT'}, {'CARD_WITHDRAWAL_A_GAP_SHORT'}, {'CARD_WITHDRAWAL_D_GAP_MED'}]",0.21261874942306824,267,0.9043004239854634,0.9694829047753603,3600
"[{'PROFILE_REGION_HIGH_CRIME'}, {'DEPOSIT_B_GAP_SHORT'}, {'CARD_WITHDRAWAL_B_GAP_MED'}, {'CARD_WITHDRAWAL_D_GAP_MED'}, {'CARD_WITHDRAWAL_A_GAP_SHORT'}, {'CARD_WITHDRAWAL_C_GAP_MED'}]",0.21257038645322546,175,0.9183400267737617,0.9694829047753603,3600
"[{'DEPOSIT_C_GAP_MED'}, {'DEPOSIT_C_GAP_MED'}, {'DEPOSIT_D_GAP_MED'}, {'CARD_WITHDRAWAL_A_GAP_SHORT'}, {'CARD_WITHDRAWAL_A_GAP_SHORT'}, {'DEPOSIT_C_GAP_MED'}]",0.21246227239301152,178,0.9186046511627907,0.9694829047753603,3600
"[{'CARD_WITHDRAWAL_D_GAP_MED'}, {'CARD_WITHDRAWAL_D_GAP_MED'}, {'CARD_WITHDRAWAL_D_GAP_MED'}, {'CARD_WITHDRAWAL_D_GAP_MED'}, {'CARD_WITHDRAWAL_D_GAP_MED'}, {'CARD_WITHDRAWAL_D_GAP_SHORT'}, {'CARD_WITHDRAWAL_A_GAP_SHORT'}]",0.21233611902833738,754,0.919261967805657,0.9694829047753603,3600
"[{'CARD_WITHDRAWAL_C_GAP_MED'}, {'CARD_WITHDRAWAL_D_GAP_MED'}, {'CARD_WITHDRAWAL_D_GAP_MED'}, {'CARD_WITHDRAWAL_D_GAP_MED'}, {'CARD_WITHDRAWAL_D_GAP_MED'}, {'CARD_WITHDRAWAL_D_GAP_SHORT'}, {'CARD_WITHDRAWAL_D_GAP_SHORT'}]",0.21213729594022168,513,0.914233965480503,0.9694829047753603,3600
"[{'CARD_WITHDRAWAL_C_GAP_MED'}, {'TRANSFER_B_GAP_SHORT'}, {'CARD_WITHDRAWAL_D_GAP_MED'}, {'TRANSFER_B_GAP_SHORT'}, {'CARD_WITHDRAWAL_A_GAP_MED'}, {'CARD_WITHDRAWAL_B_GAP_MED'}]",0.21203106218226964,123,0.913888888888889,0.9694829047753603,3600
"[{'CARD_WITHDRAWAL_A_GAP_SHORT'}, {'CARD_WITHDRAWAL_C_GAP_LONG'}, {'CARD_WITHDRAWAL_A_GAP_SHORT'}, {'CARD_WITHDRAWAL_A_GAP_SHORT'}, {'CARD_WITHDRAWAL_D_GAP_MED'}, {'CARD_WITHDRAWAL_A_GAP_SHORT'}, {'CARD_WITHDRAWAL_A_GAP_SHORT'}, {'CARD_WITHDRAWAL_A_GAP_SHORT'}, {'CARD_WITHDRAWAL_C_GAP_MED'}]",0.21192548249025478,318,0.8850405305821665,0.9694829047753603,3600
"[{'PROFILE_OLD_FEMALE'}, {'DEPOSIT_A_GAP_SHORT'}, {'CARD_WITHDRAWAL_B_GAP_LONG'}, {'DEPOSIT_C_GAP_MED'}, {'DEPOSIT_D_GAP_SHORT'}, {'CARD_WITHDRAWAL_A_GAP_SHORT'}]",0.21185689580817535,90,0.9094650205761317,0.9694829047753603,3600
"[{'CARD_WITHDRAWAL_D_GAP_MED'}, {'CARD_WITHDRAWAL_D_GAP_MED'}, {'CARD_WITHDRAWAL_D_GAP_MED'}, {'CARD_WITHDRAWAL_D_GAP_MED'}, {'CARD_WITHDRAWAL_C_GAP_SHORT'}, {'CARD_WITHDRAWAL_D_GAP_SHORT'}, {'CARD_WITHDRAWAL_D_GAP_MED'}, {'CARD_WITHDRAWAL_D_GAP_SHORT'}]",0.21185338835380563,315,0.8945491594498216,0.9694829047753603,3600
"[{'CARD_WITHDRAWAL_D_GAP_LONG'}, {'CARD_WITHDRAWAL_D_GAP_LONG'}, {'CARD_WITHDRAWAL_D_GAP_MED'}, {'CARD_WITHDRAWAL_D_GAP_MED'}, {'CARD_WITHDRAWAL_C_GAP_MED'}, {'CARD_WITHDRAWAL_D_GAP_MED'}, {'CARD_WITHDRAWAL_A_GAP_SHORT'}, {'CARD_WITHDRAWAL_C_GAP_MED'}]",0.21160958810392838,353,0.8967061923583662,0.9694829047753603,3600
"[{'PROFILE_REGION_LOW_CRIME', 'PROFILE_OLD_MALE'}, {'DEPOSIT_A_GAP_SHORT'}, {'CARD_WITHDRAWAL_C_GAP_MED'}, {'CARD_WITHDRAWAL_A_GAP_SHORT'}, {'CARD_WITHDRAWAL_B_GAP_MED'}, {'CARD_WITHDRAWAL_B_GAP_MED'}, {'CARD_WITHDRAWAL_C_GAP_MED'}, {'CARD_WITHDRAWAL_C_GAP_MED'}, {'CARD_WITHDRAWAL_A_GAP_SHORT'}, {'CARD_WITHDRAWAL_B_GAP_MED'}]",0.21148977522995493,67,0.8333333333333334,0.9694829047753603,3600
"[{'PROFILE_REGION_HIGH_EDU'}, {'DEPOSIT_A_GAP_SHORT'}, {'CARD_WITHDRAWAL_B_GAP_MED'}, {'CARD_WITHDRAWAL_C_GAP_MED'}, {'CARD_WITHDRAWAL_B_GAP_MED'}, {'CARD_WITHDRAWAL_C_GAP_MED'}, {'CARD_WITHDRAWAL_C_GAP_SHORT'}]",0.211282264665539,243,0.9031339031339032,0.9694829047753603,3600
"[{'PROFILE_REGION_LOW_CRIME'}, {'DEPOSIT_A_GAP_SHORT'}, {'CARD_WITHDRAWAL_D_GAP_SHORT'}, {'CARD_WITHDRAWAL_C_GAP_LONG'}, {'CARD_WITHDRAWAL_B_GAP_LONG'}, {'CARD_WITHDRAWAL_C_GAP_LONG'}]",0.21113336189695564,116,0.9135135135135135,0.9694829047753603,3600
"[{'CARD_WITHDRAWAL_D_GAP_LONG'}, {'CARD_WITHDRAWAL_D_GAP_LONG'}, {'CARD_WITHDRAWAL_D_GAP_LONG'}, {'CARD_WITHDRAWAL_D_GAP_MED'}, {'CARD_WITHDRAWAL_C_GAP_MED'}, {'CARD_WITHDRAWAL_D_GAP_LONG'}, {'CARD_WITHDRAWAL_D_GAP_MED'}, {'CARD_WITHDRAWAL_D_GAP_MED'}, {'CARD_WITHDRAWAL_D_GAP_SHORT'}, {'CARD_WITHDRAWAL_D_GAP_SHORT'}]",0.21103220626085295,95,0.8448275862068966,0.9694829047753603,3600
"[{'PROFILE_REGION_HIGH_INCOME'}, {'CARD_WITHDRAWAL_D_GAP_MED'}, {'CARD_WITHDRAWAL_C_GAP_MED'}, {'CARD_WITHDRAWAL_C_GAP_MED'}, {'CARD_WITHDRAWAL_A_GAP_MED'}, {'TRANSFER_B_GAP_MED'}, {'CARD_WITHDRAWAL_A_GAP_LONG'}, {'CARD_WITHDRAWAL_A_GAP_LONG'}, {'CARD_WITHDRAWAL_B_GAP_MED'}]",0.21097413258255582,28,0.8148148148148149,0.9694829047753603,3600
"[{'CARD_WITHDRAWAL_D_GAP_LONG'}, {'CARD_WITHDRAWAL_D_GAP_MED'}, {'CARD_WITHDRAWAL_D_GAP_SHORT'}, {'CARD_WITHDRAWAL_D_GAP_MED'}, {'CARD_WITHDRAWAL_C_GAP_MED'}, {'CARD_WITHDRAWAL_A_GAP_SHORT'}, {'CARD_WITHDRAWAL_C_GAP_SHORT'}]",0.21083882241902496,231,0.9024189114898296,0.9694829047753603,3600
"[{'CARD_WITHDRAWAL_C_GAP_MED'}, {'CARD_WITHDRAWAL_C_GAP_SHORT'}, {'CARD_WITHDRAWAL_A_GAP_SHORT'}, {'CARD_WITHDRAWAL_A_GAP_SHORT'}, {'CARD_WITHDRAWAL_C_GAP_SHORT'}, {'CARD_WITHDRAWAL_A_GAP_SHORT'}, {'CARD_WITHDRAWAL_C_GAP_LONG'}]",0.21036910018239097,202,0.9002747252747253,0.9694829047753603,3600
"[{'PROFILE_OLD_FEMALE'}, {'DEPOSIT_B_GAP_SHORT'}, {'CARD_WITHDRAWAL_A_GAP_SHORT'}, {'CARD_WITHDRAWAL_C_GAP_SHORT'}, {'CARD_WITHDRAWAL_C_GAP_MED'}, {'CARD_WITHDRAWAL_D_GAP_MED'}, {'CARD_WITHDRAWAL_C_GAP_MED'}]",0.21022026877603706,58,0.875,0.9694829047753603,3600
"[{'DEPOSIT_A_GAP_SHORT'}, {'CARD_WITHDRAWAL_D_GAP_SHORT'}, {'CARD_WITHDRAWAL_D_GAP_MED'}, {'CARD_WITHDRAWAL_D_GAP_SHORT'}, {'CARD_WITHDRAWAL_D_GAP_SHORT'}, {'CARD_WITHDRAWAL_D_GAP_MED'}, {'CARD_WITHDRAWAL_D_GAP_MED'}]",0.20999171495210422,456,0.913115169964485,0.9694829047753603,3600
"[{'CARD_WITHDRAWAL_D_GAP_LONG'}, {'CARD_WITHDRAWAL_C_GAP_MED'}, {'CARD_WITHDRAWAL_D_GAP_MED'}, {'CARD_WITHDRAWAL_C_GAP_MED'}, {'CARD_WITHDRAWAL_C_GAP_MED'}, {'CARD_WITHDRAWAL_C_GAP_MED'}, {'CARD_WITHDRAWAL_C_GAP_MED'}, {'CARD_WITHDRAWAL_B_GAP_SHORT'}, {'CARD_WITHDRAWAL_C_GAP_MED'}]",0.20992338124742438,95,0.8558052434456929,0.9694829047753603,3600
"[{'CARD_WITHDRAWAL_D_GAP_MED'}, {'CARD_WITHDRAWAL_D_GAP_MED'}, {'CARD_WITHDRAWAL_D_GAP_MED'}, {'CARD_WITHDRAWAL_D_GAP_MED'}, {'CARD_WITHDRAWAL_C_GAP_MED'}, {'CARD_WITHDRAWAL_D_GAP_SHORT'}, {'CARD_WITHDRAWAL_D_GAP_SHORT'}, {'CARD_WITHDRAWAL_D_GAP_MED'}]",0.20919795643485906,450,0.9014917695473251,0.9694829047753603,3600
"[{'CARD_WITHDRAWAL_D_GAP_MED'}, {'CARD_WITHDRAWAL_D_GAP_MED'}, {'CARD_WITHDRAWAL_B_GAP_SHORT'}, {'CARD_WITHDRAWAL_C_GAP_MED'}, {'CARD_WITHDRAWAL_A_GAP_SHORT'}, {'CARD_WITHDRAWAL_A_GAP_SHORT'}, {'CARD_WITHDRAWAL_A_GAP_SHORT'}, {'CARD_WITHDRAWAL_C_GAP_MED'}]",0.20918024127814938,372,0.8981818181818182,0.9694829047753603,3600
"[{'PROFILE_OLD_MALE'}, {'DEPOSIT_A_GAP_SHORT'}, {'CARD_WITHDRAWAL_D_GAP_LONG'}, {'CARD_WITHDRAWAL_D_GAP_LONG'}, {'CARD_WITHDRAWAL_D_GAP_LONG'}, {'CARD_WITHDRAWAL_D_GAP_LONG'}, {'CARD_WITHDRAWAL_D_GAP_SHORT'}, {'CARD_WITHDRAWAL_D_GAP_MED'}, {'CARD_WITHDRAWAL_B_GAP_MED'}, {'CARD_WITHDRAWAL_D_GAP_MED'}]",0.20889170846436378,100,0.846938775510204,0.9694829047753603,3600
"[{'CARD_WITHDRAWAL_C_GAP_MED'}, {'CARD_WITHDRAWAL_A_GAP_SHORT'}, {'CARD_WITHDRAWAL_A_GAP_SHORT'}, {'CARD_WITHDRAWAL_B_GAP_MED'}, {'CARD_WITHDRAWAL_B_GAP_SHORT'}, {'CARD_WITHDRAWAL_C_GAP_MED'}, {'CARD_WITHDRAWAL_C_GAP_MED'}, {'CARD_WITHDRAWAL_C_GAP_MED'}, {'CARD_WITHDRAWAL_B_GAP_SHORT'}]",0.20885092489363044,114,0.8611481975967958,0.9694829047753603,3600
"[{'PROFILE_OLD_MALE'}, {'CARD_WITHDRAWAL_D_GAP_MED'}, {'CARD_WITHDRAWAL_D_GAP_MED'}, {'CARD_WITHDRAWAL_B_GAP_MED'}, {'CARD_WITHDRAWAL_C_GAP_SHORT'}, {'CARD_WITHDRAWAL_A_GAP_SHORT'}, {'CARD_WITHDRAWAL_C_GAP_MED'}, {'CARD_WITHDRAWAL_C_GAP_MED'}, {'CARD_WITHDRAWAL_D_GAP_MED'}]",0.20840166093953583,110,0.8602941176470589,0.9694829047753603,3600
"[{'PROFILE_REGION_HIGH_EDU'}, {'CARD_WITHDRAWAL_C_GAP_LONG'}, {'CARD_WITHDRAWAL_C_GAP_LONG'}, {'CARD_WITHDRAWAL_C_GAP_LONG'}, {'CARD_WITHDRAWAL_C_GAP_LONG'}, {'CARD_WITHDRAWAL_B_GAP_MED'}, {'CARD_WITHDRAWAL_B_GAP_MED'}, {'CARD_WITHDRAWAL_A_GAP_SHORT'}, {'CARD_WITHDRAWAL_B_GAP_MED'}]",0.2074994662891999,67,0.8461538461538461,0.9694829047753603,3600
"[{'PROFILE_REGION_LOW_CRIME'}, {'DEPOSIT_A_GAP_SHORT'}, {'CARD_WITHDRAWAL_D_GAP_LONG'}, {'CARD_WITHDRAWAL_C_GAP_MED'}, {'CARD_WITHDRAWAL_C_GAP_MED'}, {'CARD_WITHDRAWAL_D_GAP_MED'}, {'CARD_WITHDRAWAL_B_GAP_MED'}]",0.20684892860531456,258,0.9053993752788934,0.9694829047753603,3600
"[{'PROFILE_REGION_HIGH_EDU'}, {'CARD_WITHDRAWAL_D_GAP_LONG'}, {'CARD_WITHDRAWAL_D_GAP_MED'}, {'CARD_WITHDRAWAL_D_GAP_MED'}, {'CARD_WITHDRAWAL_D_GAP_MED'}, {'CARD_WITHDRAWAL_D_GAP_MED'}, {'CARD_WITHDRAWAL_D_GAP_MED'}, {'CARD_WITHDRAWAL_D_GAP_SHORT'}]",0.20666962835262048,318,0.8959023178807948,0.9694829047753603,3600
"[{'CARD_WITHDRAWAL_C_GAP_SHORT'}, {'CARD_WITHDRAWAL_B_GAP_SHORT'}, {'CARD_WITHDRAWAL_C_GAP_MED'}, {'CARD_WITHDRAWAL_C_GAP_MED'}, {'CARD_WITHDRAWAL_C_GAP_MED'}, {'CARD_WITHDRAWAL_B_GAP_MED'}, {'CARD_WITHDRAWAL_C_GAP_MED'}, {'CARD_WITHDRAWAL_B_GAP_MED'}]",0.20664635296456546,105,0.8724226804123711,0.9694829047753603,3600
"[{'CARD_WITHDRAWAL_D_GAP_MED'}, {'CARD_WITHDRAWAL_C_GAP_MED'}, {'CARD_WITHDRAWAL_C_GAP_MED'}, {'CARD_WITHDRAWAL_A_GAP_SHORT'}, {'CARD_WITHDRAWAL_C_GAP_SHORT'}, {'CARD_WITHDRAWAL_B_GAP_MED'}, {'CARD_WITHDRAWAL_A_GAP_SHORT'}]",0.20646232828969924,399,0.912118408880666,0.9694829047753603,3600
"[{'DEPOSIT_A_GAP_SHORT'}, {'CARD_WITHDRAWAL_D_GAP_MED'}, {'CARD_WITHDRAWAL_D_GAP_MED'}, {'CARD_WITHDRAWAL_D_GAP_MED'}, {'CARD_WITHDRAWAL_D_GAP_MED'}, {'CARD_WITHDRAWAL_C_GAP_MED'}, {'CARD_WITHDRAWAL_C_GAP_LONG'}, {'CARD_WITHDRAWAL_C_GAP_MED'}]",0.2061327490283853,283,0.8938522777532065,0.9694829047753603,3600
"[{'PROFILE_REGION_HIGH_EDU'}, {'CARD_WITHDRAWAL_C_GAP_MED'}, {'CARD_WITHDRAWAL_B_GAP_SHORT'}, {'CARD_WITHDRAWAL_C_GAP_MED'}, {'CARD_WITHDRAWAL_D_GAP_MED'}, {'CARD_WITHDRAWAL_C_GAP_MED'}, {'CARD_WITHDRAWAL_D_GAP_MED'}]",0.20576975358408378,180,0.8997093023255814,0.9694829047753603,3600
"[{'PROFILE_REGION_LOW_INCOME'}, {'CARD_WITHDRAWAL_B_GAP_MED'}, {'CARD_WITHDRAWAL_A_GAP_SHORT'}, {'CARD_WITHDRAWAL_A_GAP_SHORT'}, {'CARD_WITHDRAWAL_C_GAP_MED'}, {'CARD_WITHDRAWAL_C_GAP_MED'}, {'CARD_WITHDRAWAL_B_GAP_MED'}]",0.20556700921078586,319,0.9090662323561347,0.9694829047753603,3600
"[{'CARD_WITHDRAWAL_B_GAP_LONG'}, {'CARD_WITHDRAWAL_B_GAP_SHORT'}, {'CARD_WITHDRAWAL_C_GAP_LONG'}, {'CARD_WITHDRAWAL_C_GAP_LONG'}, {'DEPOSIT_C_GAP_MED'}, {'CARD_WITHDRAWAL_C_GAP_MED'}]",0.20524516485264654,52,0.9047619047619047,0.9694829047753603,3600
"[{'PROFILE_OLD_MALE'}, {'CARD_WITHDRAWAL_B_GAP_MED'}, {'CARD_WITHDRAWAL_A_GAP_SHORT'}, {'CARD_WITHDRAWAL_C_GAP_MED'}, {'CARD_WITHDRAWAL_B_GAP_MED'}, {'CARD_WITHDRAWAL_B_GAP_MED'}, {'CARD_WITHDRAWAL_B_GAP_LONG'}, {'CARD_WITHDRAWAL_C_GAP_MED'}]",0.2051339560288603,142,0.8799019607843137,0.9694829047753603,3600
"[{'CARD_WITHDRAWAL_D_GAP_MED'}, {'CARD_WITHDRAWAL_D_GAP_MED'}, {'CARD_WITHDRAWAL_C_GAP_MED'}, {'CARD_WITHDRAWAL_D_GAP_MED'}, {'CARD_WITHDRAWAL_D_GAP_MED'}, {'CARD_WITHDRAWAL_D_GAP_MED'}, {'CARD_WITHDRAWAL_C_GAP_SHORT'}]",0.2050706390573458,470,0.9147705059035109,0.9694829047753603,3600
"[{'PROFILE_REGION_HIGH_EDU', 'PROFILE_REGION_HIGH_INCOME', 'PROFILE_REGION_HIGH_CRIME'}, {'CARD_WITHDRAWAL_D_GAP_MED'}, {'CARD_WITHDRAWAL_B_GAP_MED'}, {'CARD_WITHDRAWAL_A_GAP_SHORT'}, {'CARD_WITHDRAWAL_B_GAP_MED'}, {'CARD_WITHDRAWAL_D_GAP_LONG'}, {'CARD_WITHDRAWAL_A_GAP_SHORT'}, {'CARD_WITHDRAWAL_C_GAP_SHORT'}, {'CARD_WITHDRAWAL_A_GAP_SHORT'}]",0.20493099333521936,44,0.8333333333333333,0.9694829047753603,3600
"[{'PROFILE_REGION_HIGH_EDU', 'PROFILE_OLD_FEMALE', 'PROFILE_REGION_LOW_CRIME'}, {'DEPOSIT_A_GAP_SHORT'}, {'CARD_WITHDRAWAL_B_GAP_MED'}, {'CARD_WITHDRAWAL_A_GAP_SHORT'}, {'CARD_WITHDRAWAL_A_GAP_SHORT'}, {'CARD_WITHDRAWAL_C_GAP_MED'}, {'CARD_WITHDRAWAL_C_GAP_MED'}, {'CARD_WITHDRAWAL_B_GAP_MED'}, {'CARD_WITHDRAWAL_C_GAP_MED'}]",0.20493099333521902,44,0.8333333333333334,0.9694829047753603,3600
"[{'CARD_WITHDRAWAL_D_GAP_SHORT'}, {'CARD_WITHDRAWAL_D_GAP_MED'}, {'CARD_WITHDRAWAL_D_GAP_MED'}, {'CARD_WITHDRAWAL_A_GAP_SHORT'}, {'CARD_WITHDRAWAL_D_GAP_MED'}, {'CARD_WITHDRAWAL_D_GAP_MED'}, {'CARD_WITHDRAWAL_D_GAP_MED'}]",0.20472799714606826,612,0.9183461252785342,0.9694829047753603,3600
"[{'CARD_WITHDRAWAL_D_GAP_MED'}, {'CARD_WITHDRAWAL_D_GAP_MED'}, {'CARD_WITHDRAWAL_C_GAP_SHORT'}, {'CARD_WITHDRAWAL_C_GAP_MED'}, {'CARD_WITHDRAWAL_D_GAP_MED'}, {'CARD_WITHDRAWAL_D_GAP_MED'}, {'CARD_WITHDRAWAL_D_GAP_MED'}]",0.2045194876195766,467,0.9148226488773186,0.9694829047753603,3600
"[{'DEPOSIT_B_GAP_SHORT'}, {'CARD_WITHDRAWAL_D_GAP_LONG'}, {'CARD_WITHDRAWAL_D_GAP_LONG'}, {'CARD_WITHDRAWAL_D_GAP_SHORT'}, {'CARD_WITHDRAWAL_C_GAP_MED'}, {'CARD_WITHDRAWAL_D_GAP_SHORT'}]",0.20412607267446436,136,0.9191583610188261,0.9694829047753603,3600
"[{'CARD_WITHDRAWAL_C_GAP_MED'}, {'CARD_WITHDRAWAL_C_GAP_MED'}, {'CARD_WITHDRAWAL_C_GAP_MED'}, {'CARD_WITHDRAWAL_D_GAP_MED'}, {'CARD_WITHDRAWAL_A_GAP_SHORT'}, {'CARD_WITHDRAWAL_D_GAP_MED'}, {'CARD_WITHDRAWAL_A_GAP_SHORT'}, {'CARD_WITHDRAWAL_A_GAP_SHORT'}]",0.20377957706636962,401,0.9006734006734007,0.9694829047753603,3600
"[{'PROFILE_REGION_LOW_CRIME', 'PROFILE_REGION_LOW_EDU'}, {'DEPOSIT_A_GAP_SHORT'}, {'CARD_WITHDRAWAL_A_GAP_SHORT'}, {'CARD_WITHDRAWAL_B_GAP_SHORT'}, {'CARD_WITHDRAWAL_B_GAP_LONG'}, {'CARD_WITHDRAWAL_C_GAP_LONG'}]",0.20358741847625583,116,0.9174041297935103,0.9694829047753603,3600
"[{'PROFILE_REGION_LOW_CRIME'}, {'CARD_WITHDRAWAL_C_GAP_MED'}, {'CARD_WITHDRAWAL_A_GAP_SHORT'}, {'CARD_WITHDRAWAL_A_GAP_SHORT'}, {'CARD_WITHDRAWAL_A_GAP_SHORT'}, {'CARD_WITHDRAWAL_D_GAP_SHORT'}, {'CARD_WITHDRAWAL_A_GAP_SHORT'}, {'CARD_WITHDRAWAL_A_GAP_SHORT'}]",0.20339124534955522,300,0.8955870764381403,0.9694829047753603,3600
"[{'CARD_WITHDRAWAL_C_GAP_LONG'}, {'TRANSFER_C_GAP_SHORT'}, {'TRANSFER_C_GAP_SHORT'}, {'CARD_WITHDRAWAL_A_GAP_SHORT'}, {'TRANSFER_B_GAP_MED'}, {'TRANSFER_C_GAP_SHORT'}, {'TRANSFER_C_GAP_SHORT'}]",0.20321547018959718,39,0.868421052631579,0.9694829047753603,3600
"[{'PROFILE_OLD_MALE', 'PROFILE_REGION_LOW_INCOME'}, {'CARD_WITHDRAWAL_D_GAP_LONG'}, {'CARD_WITHDRAWAL_D_GAP_MED'}, {'CARD_WITHDRAWAL_B_GAP_MED'}, {'CARD_WITHDRAWAL_B_GAP_MED'}, {'CARD_WITHDRAWAL_D_GAP_MED'}, {'CARD_WITHDRAWAL_D_GAP_MED'}, {'CARD_WITHDRAWAL_C_GAP_MED'}]",0.20308527484037409,90,0.8697318007662835,0.9694829047753603,3600
"[{'PROFILE_OLD_MALE'}, {'CARD_WITHDRAWAL_B_GAP_MED'}, {'CARD_WITHDRAWAL_B_GAP_SHORT'}, {'CARD_WITHDRAWAL_C_GAP_MED'}, {'CARD_WITHDRAWAL_B_GAP_LONG'}, {'CARD_WITHDRAWAL_D_GAP_MED'}, {'CARD_WITHDRAWAL_A_GAP_SHORT'}, {'CARD_WITHDRAWAL_A_GAP_SHORT'}]",0.20280699916118372,122,0.8771186440677966,0.9694829047753603,3600
"[{'DEPOSIT_A_GAP_SHORT'}, {'DEPOSIT_C_GAP_SHORT'}, {'CARD_WITHDRAWAL_A_GAP_SHORT'}, {'CARD_WITHDRAWAL_B_GAP_SHORT'}, {'CARD_WITHDRAWAL_A_GAP_SHORT'}, {'DEPOSIT_D_GAP_SHORT'}, {'CARD_WITHDRAWAL_A_GAP_SHORT'}]",0.20232490530400238,124,0.8941176470588236,0.9694829047753603,3600
"[{'CARD_WITHDRAWAL_D_GAP_MED'}, {'CARD_WITHDRAWAL_D_GAP_MED'}, {'CARD_WITHDRAWAL_D_GAP_MED'}, {'CARD_WITHDRAWAL_B_GAP_SHORT'}, {'CARD_WITHDRAWAL_B_GAP_MED'}, {'CARD_WITHDRAWAL_D_GAP_MED'}, {'CARD_WITHDRAWAL_D_GAP_SHORT'}]",0.20227662608538977,514,0.9166765297668363,0.9694829047753603,3600
"[{'CARD_WITHDRAWAL_B_GAP_MED'}, {'CARD_WITHDRAWAL_D_GAP_MED'}, {'CARD_WITHDRAWAL_C_GAP_MED'}, {'CARD_WITHDRAWAL_C_GAP_MED'}, {'CARD_WITHDRAWAL_A_GAP_SHORT'}, {'CARD_WITHDRAWAL_A_GAP_SHORT'}, {'CARD_WITHDRAWAL_A_GAP_SHORT'}]",0.20207990363697426,581,0.9183173952641166,0.9694829047753603,3600
"[{'CARD_WITHDRAWAL_D_GAP_LONG'}, {'CARD_WITHDRAWAL_D_GAP_SHORT'}, {'CARD_WITHDRAWAL_C_GAP_MED'}, {'CARD_WITHDRAWAL_D_GAP_MED'}, {'CARD_WITHDRAWAL_D_GAP_SHORT'}, {'CARD_WITHDRAWAL_D_GAP_SHORT'}, {'CARD_WITHDRAWAL_D_GAP_MED'}, {'CARD_WITHDRAWAL_D_GAP_MED'}]",0.20202750611189668,225,0.8904208998548622,0.9694829047753603,3600
"[{'CARD_WITHDRAWAL_D_GAP_MED'}, {'CARD_WITHDRAWAL_D_GAP_MED'}, {'CARD_WITHDRAWAL_D_GAP_MED'}, {'CARD_WITHDRAWAL_D_GAP_MED'}, {'CARD_WITHDRAWAL_D_GAP_MED'}, {'CARD_WITHDRAWAL_C_GAP_MED'}, {'CARD_WITHDRAWAL_D_GAP_SHORT'}, {'CARD_WITHDRAWAL_D_GAP_MED'}, {'CARD_WITHDRAWAL_D_GAP_MED'}]",0.2019460876581919,378,0.8905386740331492,0.9694829047753603,3600
"[{'CARD_WITHDRAWAL_D_GAP_LONG'}, {'CARD_WITHDRAWAL_D_GAP_MED'}, {'CARD_WITHDRAWAL_D_GAP_MED'}, {'CARD_WITHDRAWAL_C_GAP_MED'}, {'CARD_WITHDRAWAL_D_GAP_MED'}, {'CARD_WITHDRAWAL_A_GAP_SHORT'}, {'CARD_WITHDRAWAL_A_GAP_SHORT'}, {'CARD_WITHDRAWAL_D_GAP_MED'}]",0.20172857492249063,438,0.9026132404181184,0.9694829047753603,3600
"[{'PROFILE_OLD_FEMALE', 'PROFILE_REGION_HIGH_CRIME'}, {'CARD_WITHDRAWAL_B_GAP_LONG'}, {'CARD_WITHDRAWAL_A_GAP_SHORT'}, {'CARD_WITHDRAWAL_B_GAP_SHORT'}, {'CARD_WITHDRAWAL_C_GAP_SHORT'}, {'CARD_WITHDRAWAL_B_GAP_MED'}]",0.20118364705494252,123,0.9194444444444444,0.9694829047753603,3600
"[{'PROFILE_REGION_HIGH_CRIME'}, {'CARD_WITHDRAWAL_C_GAP_MED'}, {'CARD_WITHDRAWAL_C_GAP_MED'}, {'CARD_WITHDRAWAL_C_GAP_MED'}, {'CARD_WITHDRAWAL_D_GAP_MED'}, {'CARD_WITHDRAWAL_D_GAP_MED'}, {'CARD_WITHDRAWAL_C_GAP_SHORT'}, {'CARD_WITHDRAWAL_D_GAP_MED'}]",0.20072100039187002,150,0.8823529411764706,0.9694829047753603,3600
"[{'PROFILE_REGION_HIGH_INCOME'}, {'CARD_WITHDRAWAL_D_GAP_MED'}, {'CARD_WITHDRAWAL_D_GAP_SHORT'}, {'CARD_WITHDRAWAL_D_GAP_SHORT'}, {'CARD_WITHDRAWAL_D_GAP_MED'}, {'CARD_WITHDRAWAL_C_GAP_MED'}, {'CARD_WITHDRAWAL_D_GAP_MED'}, {'CARD_WITHDRAWAL_D_GAP_SHORT'}, {'CARD_WITHDRAWAL_D_GAP_SHORT'}, {'CARD_WITHDRAWAL_C_GAP_SHORT'}]",0.20060376155416326,56,0.8301886792452831,0.9694829047753603,3600
"[{'PROFILE_OLD_MALE'}, {'CARD_WITHDRAWAL_B_GAP_MED'}, {'CARD_WITHDRAWAL_C_GAP_MED'}, {'CARD_WITHDRAWAL_C_GAP_MED'}, {'CARD_WITHDRAWAL_C_GAP_MED'}, {'CARD_WITHDRAWAL_B_GAP_MED'}, {'CARD_WITHDRAWAL_B_GAP_MED'}, {'CARD_WITHDRAWAL_B_GAP_MED'}, {'CARD_WITHDRAWAL_C_GAP_MED'}, {'CARD_WITHDRAWAL_B_GAP_MED'}]",0.20058439830280617,84,0.8436213991769548,0.9694829047753603,3600
"[{'DEPOSIT_D_GAP_SHORT'}, {'CARD_WITHDRAWAL_D_GAP_MED'}, {'CARD_WITHDRAWAL_D_GAP_MED'}, {'DEPOSIT_D_GAP_SHORT'}, {'CARD_WITHDRAWAL_D_GAP_MED'}, {'CARD_WITHDRAWAL_C_GAP_MED'}, {'CARD_WITHDRAWAL_C_GAP_MED'}]",0.20051403639769494,342,0.9115056818181818,0.9694829047753603,3600
"[{'CARD_WITHDRAWAL_A_GAP_SHORT'}, {'CARD_WITHDRAWAL_C_GAP_MED'}, {'CARD_WITHDRAWAL_A_GAP_SHORT'}, {'CARD_WITHDRAWAL_A_GAP_SHORT'}, {'CARD_WITHDRAWAL_D_GAP_LONG'}, {'CARD_WITHDRAWAL_A_GAP_SHORT'}, {'CARD_WITHDRAWAL_A_GAP_SHORT'}]",0.2003678258601258,591,0.9189516129032258,0.9694829047753603,3600
"[{'DEPOSIT_A_GAP_SHORT'}, {'CARD_WITHDRAWAL_C_GAP_MED'}, {'CARD_WITHDRAWAL_C_GAP_MED'}, {'CARD_WITHDRAWAL_B_GAP_MED'}, {'CARD_WITHDRAWAL_C_GAP_MED'}, {'CARD_WITHDRAWAL_C_GAP_MED'}, {'CARD_WITHDRAWAL_B_GAP_MED'}]",0.19990321890903973,526,0.9175750025952456,0.9694829047753603,3600
"[{'DEPOSIT_D_GAP_LONG'}, {'DEPOSIT_D_GAP_LONG'}, {'CARD_WITHDRAWAL_D_GAP_MED'}, {'CARD_WITHDRAWAL_D_GAP_SHORT'}, {'CARD_WITHDRAWAL_D_GAP_SHORT'}, {'DEPOSIT_D_GAP_MED'}, {'CARD_WITHDRAWAL_D_GAP_SHORT'}, {'CARD_WITHDRAWAL_C_GAP_MED'}, {'CARD_WITHDRAWAL_C_GAP_MED'}, {'CARD_WITHDRAWAL_C_GAP_MED'}]",0.1996186976748262,119,0.8543478260869565,0.9694829047753603,3600
"[{'DEPOSIT_D_GAP_LONG'}, {'CARD_WITHDRAWAL_C_GAP_MED'}, {'DEPOSIT_D_GAP_SHORT'}, {'DEPOSIT_D_GAP_SHORT'}, {'DEPOSIT_D_GAP_MED'}, {'CARD_WITHDRAWAL_D_GAP_SHORT'}, {'CARD_WITHDRAWAL_D_GAP_SHORT'}]",0.19960145447104038,317,0.910655737704918,0.9694829047753603,3600
"[{'PROFILE_REGION_HIGH_INCOME'}, {'DEPOSIT_D_GAP_MED'}, {'CARD_WITHDRAWAL_A_GAP_SHORT'}, {'CARD_WITHDRAWAL_A_GAP_SHORT'}, {'CARD_WITHDRAWAL_A_GAP_SHORT'}, {'CARD_WITHDRAWAL_A_GAP_SHORT'}, {'DEPOSIT_C_GAP_LONG'}, {'CARD_WITHDRAWAL_A_GAP_SHORT'}, {'CARD_WITHDRAWAL_A_GAP_SHORT'}]",0.19945768142118236,143,0.8694444444444445,0.9694829047753603,3600
"[{'PROFILE_REGION_LOW_CRIME', 'PROFILE_REGION_LOW_INCOME'}, {'DEPOSIT_A_GAP_SHORT'}, {'CARD_WITHDRAWAL_D_GAP_SHORT'}, {'CARD_WITHDRAWAL_B_GAP_SHORT'}, {'CARD_WITHDRAWAL_B_GAP_MED'}, {'CARD_WITHDRAWAL_B_GAP_LONG'}, {'CARD_WITHDRAWAL_A_GAP_SHORT'}, {'CARD_WITHDRAWAL_C_GAP_MED'}]",0.19938858872986354,82,0.8685897435897436,0.9694829047753603,3600
"[{'DEPOSIT_D_GAP_MED'}, {'CARD_WITHDRAWAL_A_GAP_SHORT'}, {'CARD_WITHDRAWAL_D_GAP_MED'}, {'DEPOSIT_D_GAP_MED'}, {'CARD_WITHDRAWAL_C_GAP_MED'}, {'DEPOSIT_D_GAP_SHORT'}, {'CARD_WITHDRAWAL_D_GAP_SHORT'}]",0.19925734438555787,335,0.9115596863200698,0.9694829047753603,3600
"[{'PROFILE_REGION_HIGH_EDU'}, {'CARD_WITHDRAWAL_C_GAP_MED'}, {'CARD_WITHDRAWAL_A_GAP_SHORT'}, {'CARD_WITHDRAWAL_D_GAP_MED'}, {'CARD_WITHDRAWAL_D_GAP_SHORT'}, {'CARD_WITHDRAWAL_A_GAP_SHORT'}, {'CARD_WITHDRAWAL_D_GAP_MED'}, {'CARD_WITHDRAWAL_A_GAP_SHORT'}]",0.19864583172143802,234,0.8920440636474909,0.9694829047753603,3600
"[{'CARD_WITHDRAWAL_D_GAP_LONG'}, {'CARD_WITHDRAWAL_C_GAP_LONG'}, {'CARD_WITHDRAWAL_D_GAP_MED'}, {'CARD_WITHDRAWAL_C_GAP_MED'}, {'CARD_WITHDRAWAL_D_GAP_SHORT'}, {'CARD_WITHDRAWAL_D_GAP_MED'}, {'CARD_WITHDRAWAL_A_GAP_SHORT'}]",0.19841358029599088,236,0.9065194894791306,0.9694829047753603,3600
"[{'PROFILE_REGION_LOW_CRIME', 'PROFILE_REGION_LOW_INCOME'}, {'CARD_WITHDRAWAL_A_GAP_SHORT'}, {'CARD_WITHDRAWAL_A_GAP_SHORT'}, {'CARD_WITHDRAWAL_B_GAP_MED'}, {'CARD_WITHDRAWAL_D_GAP_SHORT'}, {'CARD_WITHDRAWAL_A_GAP_SHORT'}, {'CARD_WITHDRAWAL_B_GAP_MED'}]",0.19835611780140172,199,0.9037958115183246,0.9694829047753603,3600
"[{'DEPOSIT_A_GAP_SHORT'}, {'TRANSFER_B_GAP_MED'}, {'CARD_WITHDRAWAL_D_GAP_SHORT'}, {'CARD_WITHDRAWAL_C_GAP_SHORT'}, {'TRANSFER_B_GAP_MED'}, {'TRANSFER_B_GAP_SHORT'}, {'CARD_WITHDRAWAL_D_GAP_MED'}, {'TRANSFER_B_GAP_MED'}]",0.1976690270566711,73,0.8661971830985915,0.9694829047753603,3600
"[{'CARD_WITHDRAWAL_D_GAP_MED'}, {'CARD_WITHDRAWAL_D_GAP_MED'}, {'CARD_WITHDRAWAL_D_GAP_MED'}, {'CARD_WITHDRAWAL_D_GAP_MED'}, {'CARD_WITHDRAWAL_C_GAP_MED'}, {'CARD_WITHDRAWAL_D_GAP_SHORT'}, {'CARD_WITHDRAWAL_D_GAP_SHORT'}, {'CARD_WITHDRAWAL_C_GAP_MED'}, {'CARD_WITHDRAWAL_D_GAP_MED'}]",0.19748311186810374,259,0.8836772983114447,0.9694829047753603,3600
"[{'CARD_WITHDRAWAL_D_GAP_MED'}, {'CARD_WITHDRAWAL_D_GAP_MED'}, {'CARD_WITHDRAWAL_C_GAP_MED'}, {'DEPOSIT_D_GAP_SHORT'}, {'CARD_WITHDRAWAL_C_GAP_MED'}, {'CARD_WITHDRAWAL_C_GAP_SHORT'}, {'DEPOSIT_D_GAP_MED'}]",0.19730162041777088,234,0.9067319461444309,0.9694829047753603,3600
"[{'CARD_WITHDRAWAL_D_GAP_MED'}, {'CARD_WITHDRAWAL_C_GAP_MED'}, {'CARD_WITHDRAWAL_D_GAP_MED'}, {'CARD_WITHDRAWAL_B_GAP_SHORT'}, {'CARD_WITHDRAWAL_D_GAP_MED'}, {'CARD_WITHDRAWAL_B_GAP_MED'}, {'CARD_WITHDRAWAL_B_GAP_SHORT'}]",0.19704803425995465,262,0.9085573061476676,0.9694829047753603,3600
"[{'DEPOSIT_A_GAP_SHORT'}, {'CARD_WITHDRAWAL_A_GAP_SHORT'}, {'CARD_WITHDRAWAL_B_GAP_MED'}, {'CARD_WITHDRAWAL_C_GAP_MED'}, {'CARD_WITHDRAWAL_D_GAP_LONG'}, {'CARD_WITHDRAWAL_D_GAP_MED'}, {'CARD_WITHDRAWAL_D_GAP_SHORT'}]",0.1966991672417684,206,0.9048951048951049,0.9694829047753603,3600
"[{'CARD_WITHDRAWAL_B_GAP_MED'}, {'CARD_WITHDRAWAL_D_GAP_MED'}, {'CARD_WITHDRAWAL_D_GAP_MED'}, {'CARD_WITHDRAWAL_C_GAP_MED'}, {'CARD_WITHDRAWAL_D_GAP_MED'}, {'CARD_WITHDRAWAL_A_GAP_SHORT'}, {'CARD_WITHDRAWAL_D_GAP_MED'}, {'CARD_WITHDRAWAL_D_GAP_MED'}]",0.19635438218454404,385,0.9016221873364731,0.9694829047753603,3600
"[{'PROFILE_REGION_HIGH_INCOME'}, {'CARD_WITHDRAWAL_C_GAP_SHORT'}, {'CARD_WITHDRAWAL_A_GAP_SHORT'}, {'CARD_WITHDRAWAL_C_GAP_SHORT'}, {'CARD_WITHDRAWAL_D_GAP_MED'}, {'CARD_WITHDRAWAL_B_GAP_LONG'}, {'CARD_WITHDRAWAL_A_GAP_SHORT'}]",0.1963469864336792,111,0.8942307692307692,0.9694829047753603,3600
"[{'PROFILE_OLD_MALE'}, {'CARD_WITHDRAWAL_C_GAP_MED'}, {'CARD_WITHDRAWAL_D_GAP_MED'}, {'CARD_WITHDRAWAL_C_GAP_SHORT'}, {'CARD_WITHDRAWAL_C_GAP_MED'}, {'CARD_WITHDRAWAL_A_GAP_SHORT'}, {'CARD_WITHDRAWAL_A_GAP_SHORT'}]",0.19620138285831523,222,0.90625,0.9694829047753603,3600
"[{'CARD_WITHDRAWAL_C_GAP_MED'}, {'CARD_WITHDRAWAL_C_GAP_MED'}, {'CARD_WITHDRAWAL_D_GAP_MED'}, {'CARD_WITHDRAWAL_D_GAP_SHORT'}, {'CARD_WITHDRAWAL_C_GAP_MED'}, {'CARD_WITHDRAWAL_D_GAP_MED'}, {'CARD_WITHDRAWAL_C_GAP_MED'}, {'CARD_WITHDRAWAL_C_GAP_MED'}]",0.19605182317904823,166,0.8858225108225108,0.9694829047753603,3600
"[{'PROFILE_OLD_FEMALE'}, {'DEPOSIT_D_GAP_LONG'}, {'DEPOSIT_D_GAP_LONG'}, {'CARD_WITHDRAWAL_C_GAP_LONG'}, {'DEPOSIT_D_GAP_SHORT'}, {'CARD_WITHDRAWAL_C_GAP_SHORT'}, {'CARD_WITHDRAWAL_A_GAP_SHORT'}, {'CARD_WITHDRAWAL_A_GAP_SHORT'}]",0.19595129081830587,96,0.8735795454545455,0.9694829047753603,3600
"[{'PROFILE_REGION_HIGH_EDU'}, {'DEPOSIT_A_GAP_SHORT'}, {'CARD_WITHDRAWAL_C_GAP_MED'}, {'CARD_WITHDRAWAL_D_GAP_MED'}, {'CARD_WITHDRAWAL_B_GAP_MED'}, {'CARD_WITHDRAWAL_C_GAP_MED'}, {'CARD_WITHDRAWAL_D_GAP_MED'}]",0.19585862480836735,302,0.911033681765389,0.9694829047753603,3600
"[{'CARD_WITHDRAWAL_D_GAP_MED'}, {'CARD_WITHDRAWAL_C_GAP_MED'}, {'CARD_WITHDRAWAL_B_GAP_MED'}, {'CARD_WITHDRAWAL_B_GAP_SHORT'}, {'CARD_WITHDRAWAL_B_GAP_LONG'}, {'CARD_WITHDRAWAL_B_GAP_MED'}, {'CARD_WITHDRAWAL_B_GAP_MED'}]",0.19560325748539997,317,0.9118122977346279,0.9694829047753603,3600
"[{'PROFILE_REGION_HIGH_EDU'}, {'CARD_WITHDRAWAL_D_GAP_LONG'}, {'CARD_WITHDRAWAL_A_GAP_SHORT'}, {'CARD_WITHDRAWAL_D_GAP_MED'}, {'CARD_WITHDRAWAL_D_GAP_MED'}, {'CARD_WITHDRAWAL_A_GAP_SHORT'}, {'CARD_WITHDRAWAL_B_GAP_SHORT'}, {'CARD_WITHDRAWAL_A_GAP_SHORT'}]",0.1955470822055947,228,0.8923334729786343,0.9694829047753603,3600
"[{'DEPOSIT_D_GAP_LONG'}, {'DEPOSIT_D_GAP_LONG'}, {'CARD_WITHDRAWAL_D_GAP_MED'}, {'DEPOSIT_D_GAP_MED'}, {'CARD_WITHDRAWAL_C_GAP_MED'}, {'CARD_WITHDRAWAL_C_GAP_MED'}, {'CARD_WITHDRAWAL_C_GAP_MED'}]",0.19519575302859327,475,0.9174656439757111,0.9694829047753603,3600
"[{'CARD_WITHDRAWAL_D_GAP_MED'}, {'CARD_WITHDRAWAL_D_GAP_SHORT'}, {'CARD_WITHDRAWAL_A_GAP_SHORT'}, {'CARD_WITHDRAWAL_A_GAP_SHORT'}, {'CARD_WITHDRAWAL_D_GAP_MED'}, {'CARD_WITHDRAWAL_C_GAP_MED'}, {'CARD_WITHDRAWAL_D_GAP_SHORT'}, {'CARD_WITHDRAWAL_D_GAP_MED'}, {'CARD_WITHDRAWAL_D_GAP_MED'}]",0.19515928270343819,226,0.8812271320011258,0.9694829047753603,3600
"[{'CARD_WITHDRAWAL_D_GAP_SHORT'}, {'CARD_WITHDRAWAL_C_GAP_SHORT'}, {'CARD_WITHDRAWAL_C_GAP_MED'}, {'CARD_WITHDRAWAL_C_GAP_MED'}, {'CARD_WITHDRAWAL_C_GAP_MED'}, {'CARD_WITHDRAWAL_C_GAP_MED'}, {'CARD_WITHDRAWAL_C_GAP_MED'}, {'CARD_WITHDRAWAL_C_GAP_MED'}]",0.1950984593802697,159,0.8851851851851851,0.9694829047753603,3600
"[{'DEPOSIT_D_GAP_LONG'}, {'CARD_WITHDRAWAL_D_GAP_MED'}, {'DEPOSIT_D_GAP_MED'}, {'CARD_WITHDRAWAL_D_GAP_LONG'}, {'DEPOSIT_D_GAP_LONG'}, {'CARD_WITHDRAWAL_C_GAP_LONG'}, {'CARD_WITHDRAWAL_D_GAP_MED'}]",0.19509416148030723,210,0.9057239057239057,0.9694829047753603,3600
"[{'PROFILE_OLD_MALE'}, {'CARD_WITHDRAWAL_D_GAP_MED'}, {'CARD_WITHDRAWAL_D_GAP_MED'}, {'CARD_WITHDRAWAL_B_GAP_LONG'}, {'CARD_WITHDRAWAL_D_GAP_MED'}, {'CARD_WITHDRAWAL_D_GAP_SHORT'}, {'CARD_WITHDRAWAL_B_GAP_LONG'}, {'CARD_WITHDRAWAL_D_GAP_SHORT'}, {'CARD_WITHDRAWAL_C_GAP_MED'}, {'CARD_WITHDRAWAL_D_GAP_MED'}]",0.19455213169582652,33,0.8125,0.9694829047753603,3600
"[{'PROFILE_REGION_LOW_EDU'}, {'CARD_WITHDRAWAL_C_GAP_MED'}, {'CARD_WITHDRAWAL_B_GAP_MED'}, {'CARD_WITHDRAWAL_B_GAP_SHORT'}, {'CARD_WITHDRAWAL_B_GAP_MED'}, {'CARD_WITHDRAWAL_C_GAP_LONG'}, {'CARD_WITHDRAWAL_B_GAP_LONG'}]",0.1943960147756314,189,0.9042553191489362,0.9694829047753603,3600
"[{'PROFILE_REGION_HIGH_EDU'}, {'CARD_WITHDRAWAL_C_GAP_SHORT'}, {'CARD_WITHDRAWAL_A_GAP_SHORT'}, {'CARD_WITHDRAWAL_D_GAP_SHORT'}, {'CARD_WITHDRAWAL_C_GAP_SHORT'}, {'CARD_WITHDRAWAL_C_GAP_MED'}, {'CARD_WITHDRAWAL_C_GAP_MED'}, {'CARD_WITHDRAWAL_C_GAP_MED'}]",0.19429193023652136,62,0.8630952380952381,0.9694829047753603,3600
"[{'CARD_WITHDRAWAL_C_GAP_MED'}, {'CARD_WITHDRAWAL_D_GAP_SHORT'}, {'CARD_WITHDRAWAL_D_GAP_MED'}, {'CARD_WITHDRAWAL_D_GAP_MED'}, {'CARD_WITHDRAWAL_C_GAP_MED'}, {'CARD_WITHDRAWAL_C_GAP_MED'}, {'CARD_WITHDRAWAL_D_GAP_MED'}, {'CARD_WITHDRAWAL_D_GAP_MED'}]",0.19407318438043109,242,0.8938492063492064,0.9694829047753603,3600
"[{'DEPOSIT_D_GAP_LONG'}, {'CARD_WITHDRAWAL_D_GAP_MED'}, {'CARD_WITHDRAWAL_C_GAP_MED'}, {'CARD_WITHDRAWAL_B_GAP_SHORT'}, {'CARD_WITHDRAWAL_D_GAP_SHORT'}, {'CARD_WITHDRAWAL_A_GAP_SHORT'}, {'CARD_WITHDRAWAL_C_GAP_MED'}]",0.1939675054200164,252,0.9089153524299968,0.9694829047753603,3600
"[{'TRANSFER_IN_D_GAP_MED'}, {'TRANSFER_IN_D_GAP_MED'}, {'CARD_WITHDRAWAL_C_GAP_SHORT'}, {'TRANSFER_IN_D_GAP_MED'}, {'CARD_WITHDRAWAL_D_GAP_MED'}, {'CARD_WITHDRAWAL_D_GAP_MED'}, {'CARD_WITHDRAWAL_C_GAP_MED'}, {'CARD_WITHDRAWAL_D_GAP_SHORT'}, {'TRANSFER_IN_D_GAP_MED'}, {'TRANSFER_IN_D_GAP_MED'}]",0.19355514530242846,47,0.8260869565217391,0.9694829047753603,3600
"[{'PROFILE_REGION_HIGH_EDU', 'PROFILE_REGION_HIGH_CRIME'}, {'DEPOSIT_A_GAP_SHORT'}, {'DEPOSIT_D_GAP_LONG'}, {'CARD_WITHDRAWAL_B_GAP_LONG'}, {'DEPOSIT_B_GAP_LONG'}, {'CARD_WITHDRAWAL_B_GAP_LONG'}]",0.193444032768896,75,0.9178082191780823,0.9694829047753603,3600
"[{'PROFILE_REGION_HIGH_CRIME'}, {'CARD_WITHDRAWAL_B_GAP_MED'}, {'CARD_WITHDRAWAL_C_GAP_MED'}, {'CARD_WITHDRAWAL_C_GAP_MED'}, {'CARD_WITHDRAWAL_B_GAP_LONG'}, {'CARD_WITHDRAWAL_B_GAP_MED'}, {'CARD_WITHDRAWAL_B_GAP_SHORT'}]",0.19331210245731967,278,0.9105839416058394,0.9694829047753603,3600
"[{'PROFILE_OLD_FEMALE'}, {'CARD_WITHDRAWAL_D_GAP_MED'}, {'CARD_WITHDRAWAL_D_GAP_MED'}, {'CARD_WITHDRAWAL_A_GAP_SHORT'}, {'CARD_WITHDRAWAL_A_GAP_SHORT'}, {'CARD_WITHDRAWAL_D_GAP_MED'}, {'CARD_WITHDRAWAL_A_GAP_SHORT'}, {'CARD_WITHDRAWAL_A_GAP_SHORT'}]",0.19310111108159855,388,0.9024892976058349,0.9694829047753603,3600
"[{'CARD_WITHDRAWAL_D_GAP_SHORT'}, {'CARD_WITHDRAWAL_D_GAP_SHORT'}, {'CARD_WITHDRAWAL_A_GAP_SHORT'}, {'CARD_WITHDRAWAL_D_GAP_SHORT'}, {'CARD_WITHDRAWAL_A_GAP_SHORT'}, {'CARD_WITHDRAWAL_A_GAP_SHORT'}, {'CARD_WITHDRAWAL_B_GAP_SHORT'}]",0.1929902440754997,377,0.9149940968122786,0.9694829047753603,3600
"[{'PROFILE_OLD_FEMALE'}, {'CARD_WITHDRAWAL_D_GAP_MED'}, {'CARD_WITHDRAWAL_D_GAP_MED'}, {'CARD_WITHDRAWAL_A_GAP_SHORT'}, {'CARD_WITHDRAWAL_A_GAP_SHORT'}, {'CARD_WITHDRAWAL_A_GAP_SHORT'}, {'CARD_WITHDRAWAL_D_GAP_MED'}, {'CARD_WITHDRAWAL_A_GAP_SHORT'}]",0.19267212795943,387,0.9025437201907791,0.9694829047753603,3600
"[{'CARD_WITHDRAWAL_C_GAP_SHORT'}, {'CARD_WITHDRAWAL_B_GAP_MED'}, {'CARD_WITHDRAWAL_A_GAP_SHORT'}, {'CARD_WITHDRAWAL_B_GAP_SHORT'}, {'CARD_WITHDRAWAL_A_GAP_SHORT'}, {'CARD_WITHDRAWAL_A_GAP_SHORT'}, {'CARD_WITHDRAWAL_C_GAP_MED'}]",0.19193361109739415,342,0.9139583820434884,0.9694829047753603,3600
"[{'PROFILE_OLD_FEMALE'}, {'DEPOSIT_B_GAP_SHORT'}, {'CARD_WITHDRAWAL_D_GAP_MED'}, {'CARD_WITHDRAWAL_A_GAP_LONG'}, {'CARD_WITHDRAWAL_D_GAP_MED'}, {'CARD_WITHDRAWAL_A_GAP_LONG'}]",0.19180498636519228,75,0.9189189189189189,0.9694829047753603,3600
"[{'DEPOSIT_D_GAP_LONG'}, {'CARD_WITHDRAWAL_D_GAP_MED'}, {'CARD_WITHDRAWAL_C_GAP_MED'}, {'CARD_WITHDRAWAL_A_GAP_SHORT'}, {'CARD_WITHDRAWAL_C_GAP_MED'}, {'CARD_WITHDRAWAL_C_GAP_MED'}, {'CARD_WITHDRAWAL_A_GAP_SHORT'}, {'CARD_WITHDRAWAL_A_GAP_SHORT'}, {'CARD_WITHDRAWAL_B_GAP_LONG'}]",0.1914889327738316,200,0.8793486306439674,0.9694829047753603,3600
"[{'CARD_WITHDRAWAL_B_GAP_MED'}, {'CARD_WITHDRAWAL_D_GAP_MED'}, {'CARD_WITHDRAWAL_B_GAP_LONG'}, {'CARD_WITHDRAWAL_C_GAP_MED'}, {'CARD_WITHDRAWAL_D_GAP_MED'}, {'CARD_WITHDRAWAL_B_GAP_MED'}, {'CARD_WITHDRAWAL_B_GAP_MED'}]",0.19145879252714681,266,0.9105058365758755,0.9694829047753603,3600
"[{'CARD_WITHDRAWAL_C_GAP_MED'}, {'CARD_WITHDRAWAL_C_GAP_MED'}, {'CARD_WITHDRAWAL_C_GAP_MED'}, {'CARD_WITHDRAWAL_C_GAP_MED'}, {'CARD_WITHDRAWAL_C_GAP_MED'}, {'CARD_WITHDRAWAL_C_GAP_MED'}, {'CARD_WITHDRAWAL_C_GAP_MED'}]",0.1914015362003476,396,0.9161066308243728,0.9694829047753603,3600
"[{'CARD_WITHDRAWAL_D_GAP_MED'}, {'CARD_WITHDRAWAL_B_GAP_SHORT'}, {'CARD_WITHDRAWAL_A_GAP_SHORT'}, {'CARD_WITHDRAWAL_D_GAP_MED'}, {'CARD_WITHDRAWAL_D_GAP_LONG'}, {'CARD_WITHDRAWAL_D_GAP_MED'}, {'CARD_WITHDRAWAL_B_GAP_MED'}, {'CARD_WITHDRAWAL_D_GAP_SHORT'}]",0.1913858988075292,132,0.8822751322751322,0.9694829047753603,3600
"[{'DEPOSIT_D_GAP_LONG'}, {'DEPOSIT_D_GAP_LONG'}, {'CARD_WITHDRAWAL_C_GAP_MED'}, {'CARD_WITHDRAWAL_D_GAP_MED'}, {'CARD_WITHDRAWAL_C_GAP_MED'}, {'DEPOSIT_D_GAP_LONG'}, {'CARD_WITHDRAWAL_D_GAP_MED'}, {'DEPOSIT_D_GAP_LONG'}, {'CARD_WITHDRAWAL_C_GAP_MED'}]",0.19130417952874323,159,0.874074074074074,0.9694829047753603,3600
"[{'CARD_WITHDRAWAL_D_GAP_MED'}, {'CARD_WITHDRAWAL_C_GAP_MED'}, {'CARD_WITHDRAWAL_A_GAP_SHORT'}, {'CARD_WITHDRAWAL_D_GAP_MED'}, {'CARD_WITHDRAWAL_A_GAP_SHORT'}, {'CARD_WITHDRAWAL_D_GAP_MED'}, {'CARD_WITHDRAWAL_A_GAP_SHORT'}, {'CARD_WITHDRAWAL_B_GAP_MED'}]",0.19099795230368122,517,0.9075749010740531,0.9694829047753603,3600
"[{'PROFILE_REGION_HIGH_EDU'}, {'CARD_WITHDRAWAL_D_GAP_MED'}, {'CARD_WITHDRAWAL_D_GAP_MED'}, {'CARD_WITHDRAWAL_C_GAP_MED'}, {'CARD_WITHDRAWAL_A_GAP_SHORT'}, {'CARD_WITHDRAWAL_B_GAP_MED'}, {'CARD_WITHDRAWAL_A_GAP_SHORT'}]",0.1908904413079494,389,0.9160133048229984,0.9694829047753603,3600
"[{'PROFILE_OLD_MALE'}, {'CARD_WITHDRAWAL_D_GAP_MED'}, {'CARD_WITHDRAWAL_D_GAP_MED'}, {'CARD_WITHDRAWAL_D_GAP_MED'}, {'CARD_WITHDRAWAL_C_GAP_MED'}, {'CARD_WITHDRAWAL_B_GAP_MED'}, {'CARD_WITHDRAWAL_C_GAP_MED'}]",0.19088845629626938,379,0.9156646083847904,0.9694829047753603,3600
"[{'PROFILE_REGION_HIGH_EDU'}, {'DEPOSIT_D_GAP_LONG'}, {'CARD_WITHDRAWAL_D_GAP_MED'}, {'DEPOSIT_D_GAP_MED'}, {'CARD_WITHDRAWAL_D_GAP_MED'}, {'CARD_WITHDRAWAL_D_GAP_MED'}, {'CARD_WITHDRAWAL_D_GAP_MED'}]",0.1908699328662582,421,0.9170653907496013,0.9694829047753603,3600
"[{'PROFILE_REGION_LOW_CRIME'}, {'DEPOSIT_A_GAP_SHORT'}, {'CARD_WITHDRAWAL_B_GAP_MED'}, {'CARD_WITHDRAWAL_A_GAP_SHORT'}, {'CARD_WITHDRAWAL_C_GAP_MED'}, {'CARD_WITHDRAWAL_C_GAP_MED'}, {'CARD_WITHDRAWAL_C_GAP_MED'}]",0.19068080683026523,299,0.9124413145539906,0.9694829047753603,3600
"[{'CARD_WITHDRAWAL_C_GAP_LONG'}, {'CARD_WITHDRAWAL_B_GAP_LONG'}, {'CARD_WITHDRAWAL_B_GAP_MED'}, {'CARD_WITHDRAWAL_C_GAP_MED'}, {'CARD_WITHDRAWAL_B_GAP_MED'}, {'CARD_WITHDRAWAL_A_GAP_SHORT'}, {'CARD_WITHDRAWAL_D_GAP_MED'}]",0.1904659008323919,248,0.9097796143250689,0.9694829047753603,3600
"[{'CARD_WITHDRAWAL_D_GAP_MED'}, {'CARD_WITHDRAWAL_D_GAP_MED'}, {'CARD_WITHDRAWAL_C_GAP_MED'}, {'CARD_WITHDRAWAL_B_GAP_MED'}, {'CARD_WITHDRAWAL_C_GAP_MED'}, {'CARD_WITHDRAWAL_C_GAP_MED'}, {'CARD_WITHDRAWAL_D_GAP_MED'}, {'CARD_WITHDRAWAL_A_GAP_SHORT'}]",0.19041008504730417,376,0.9025804924242424,0.9694829047753603,3600
"[{'CARD_WITHDRAWAL_D_GAP_LONG'}, {'CARD_WITHDRAWAL_D_GAP_MED'}, {'CARD_WITHDRAWAL_A_GAP_SHORT'}, {'CARD_WITHDRAWAL_A_GAP_SHORT'}, {'CARD_WITHDRAWAL_C_GAP_SHORT'}, {'CARD_WITHDRAWAL_A_GAP_SHORT'}, {'CARD_WITHDRAWAL_A_GAP_SHORT'}]",0.19015826945185865,472,0.9187358916478555,0.9694829047753603,3600
"[{'CARD_WITHDRAWAL_C_GAP_MED'}, {'CARD_WITHDRAWAL_C_GAP_MED'}, {'CARD_WITHDRAWAL_C_GAP_MED'}, {'CARD_WITHDRAWAL_D_GAP_MED'}, {'CARD_WITHDRAWAL_D_GAP_MED'}, {'CARD_WITHDRAWAL_D_GAP_MED'}, {'CARD_WITHDRAWAL_D_GAP_MED'}]",0.1901140065520156,483,0.9190393013100436,0.9694829047753603,3600
"[{'DEPOSIT_D_GAP_LONG'}, {'CARD_WITHDRAWAL_D_GAP_MED'}, {'CARD_WITHDRAWAL_C_GAP_MED'}, {'CARD_WITHDRAWAL_A_GAP_SHORT'}, {'CARD_WITHDRAWAL_B_GAP_MED'}, {'CARD_WITHDRAWAL_D_GAP_SHORT'}, {'CARD_WITHDRAWAL_A_GAP_SHORT'}, {'CARD_WITHDRAWAL_D_GAP_MED'}]",0.1899014318763148,318,0.8998415771871149,0.9694829047753603,3600
"[{'PROFILE_REGION_HIGH_INCOME', 'PROFILE_REGION_HIGH_CRIME'}, {'CARD_WITHDRAWAL_C_GAP_LONG'}, {'CARD_WITHDRAWAL_C_GAP_SHORT'}, {'CARD_WITHDRAWAL_C_GAP_MED'}, {'CARD_WITHDRAWAL_A_GAP_SHORT'}, {'CARD_WITHDRAWAL_C_GAP_MED'}, {'CARD_WITHDRAWAL_C_GAP_MED'}, {'CARD_WITHDRAWAL_A_GAP_SHORT'}]",0.1892041808958116,123,0.8813892529488859,0.9694829047753603,3600
"[{'CARD_WITHDRAWAL_A_GAP_SHORT'}, {'CARD_WITHDRAWAL_A_GAP_SHORT'}, {'CARD_WITHDRAWAL_C_GAP_SHORT'}, {'CARD_WITHDRAWAL_A_GAP_SHORT'}, {'CARD_WITHDRAWAL_A_GAP_SHORT'}, {'DEPOSIT_C_GAP_MED'}, {'CARD_WITHDRAWAL_A_GAP_SHORT'}]",0.18888076722418456,227,0.9089635854341735,0.9694829047753603,3600
"[{'CARD_WITHDRAWAL_D_GAP_MED'}, {'CARD_WITHDRAWAL_D_GAP_MED'}, {'CARD_WITHDRAWAL_D_GAP_MED'}, {'CARD_WITHDRAWAL_D_GAP_MED'}, {'CARD_WITHDRAWAL_C_GAP_MED'}, {'CARD_WITHDRAWAL_C_GAP_SHORT'}, {'CARD_WITHDRAWAL_C_GAP_MED'}, {'CARD_WITHDRAWAL_D_GAP_MED'}]",0.1887566949331071,349,0.9017131242740999,0.9694829047753603,3600
"[{'PROFILE_REGION_HIGH_INCOME'}, {'CARD_WITHDRAWAL_C_GAP_MED'}, {'CARD_WITHDRAWAL_C_GAP_MED'}, {'CARD_WITHDRAWAL_C_GAP_MED'}, {'CARD_WITHDRAWAL_C_GAP_SHORT'}, {'CARD_WITHDRAWAL_A_GAP_SHORT'}, {'CARD_WITHDRAWAL_C_GAP_MED'}]",0.18863315072987008,234,0.9095022624434388,0.9694829047753603,3600
"[{'PROFILE_REGION_HIGH_EDU', 'PROFILE_OLD_MALE'}, {'DEPOSIT_D_GAP_LONG'}, {'DEPOSIT_D_GAP_LONG'}, {'CARD_WITHDRAWAL_C_GAP_LONG'}, {'CARD_WITHDRAWAL_B_GAP_LONG'}, {'CARD_WITHDRAWAL_A_GAP_LONG'}, {'DEPOSIT_D_GAP_MED'}, {'DEPOSIT_D_GAP_LONG'}]",0.1882395851390718,26,0.84,0.9694829047753603,3600
"[{'CARD_WITHDRAWAL_D_GAP_MED'}, {'CARD_WITHDRAWAL_C_GAP_MED'}, {'CARD_WITHDRAWAL_D_GAP_MED'}, {'CARD_WITHDRAWAL_A_GAP_SHORT'}, {'CARD_WITHDRAWAL_D_GAP_MED'}, {'CARD_WITHDRAWAL_B_GAP_MED'}, {'CARD_WITHDRAWAL_C_GAP_MED'}, {'CARD_WITHDRAWAL_A_GAP_SHORT'}]",0.188049567327081,382,0.9033907146583202,0.9694829047753603,3600
"[{'CARD_WITHDRAWAL_C_GAP_MED'}, {'CARD_WITHDRAWAL_B_GAP_MED'}, {'CARD_WITHDRAWAL_B_GAP_MED'}, {'CARD_WITHDRAWAL_D_GAP_SHORT'}, {'CARD_WITHDRAWAL_B_GAP_MED'}, {'CARD_WITHDRAWAL_C_GAP_MED'}, {'CARD_WITHDRAWAL_A_GAP_LONG'}, {'CARD_WITHDRAWAL_C_GAP_MED'}, {'CARD_WITHDRAWAL_A_GAP_SHORT'}]",0.18792396583134274,37,0.8333333333333334,0.9694829047753603,3600
"[{'PROFILE_REGION_LOW_INCOME'}, {'CARD_WITHDRAWAL_A_GAP_SHORT'}, {'CARD_WITHDRAWAL_C_GAP_MED'}, {'CARD_WITHDRAWAL_B_GAP_MED'}, {'CARD_WITHDRAWAL_B_GAP_MED'}, {'DEPOSIT_D_GAP_LONG'}, {'CARD_WITHDRAWAL_B_GAP_SHORT'}, {'CARD_WITHDRAWAL_A_GAP_SHORT'}]",0.18784680444310775,78,0.8712328767123287,0.9694829047753603,3600
"[{'CARD_WITHDRAWAL_D_GAP_MED'}, {'CARD_WITHDRAWAL_D_GAP_MED'}, {'CARD_WITHDRAWAL_D_GAP_MED'}, {'CARD_WITHDRAWAL_C_GAP_SHORT'}, {'CARD_WITHDRAWAL_D_GAP_MED'}, {'CARD_WITHDRAWAL_D_GAP_MED'}, {'CARD_WITHDRAWAL_D_GAP_MED'}, {'CARD_WITHDRAWAL_C_GAP_MED'}]",0.18742208609034827,348,0.9019817073170732,0.9694829047753603,3600
"[{'CARD_WITHDRAWAL_D_GAP_MED'}, {'CARD_WITHDRAWAL_B_GAP_MED'}, {'CARD_WITHDRAWAL_D_GAP_MED'}, {'CARD_WITHDRAWAL_C_GAP_SHORT'}, {'CARD_WITHDRAWAL_C_GAP_MED'}, {'CARD_WITHDRAWAL_D_GAP_MED'}, {'CARD_WITHDRAWAL_D_GAP_MED'}, {'CARD_WITHDRAWAL_C_GAP_SHORT'}]",0.1873889668872194,147,0.8857634902411021,0.9694829047753603,3600
"[{'CARD_WITHDRAWAL_D_GAP_MED'}, {'CARD_WITHDRAWAL_A_GAP_SHORT'}, {'CARD_WITHDRAWAL_D_GAP_MED'}, {'CARD_WITHDRAWAL_A_GAP_SHORT'}, {'CARD_WITHDRAWAL_D_GAP_SHORT'}, {'CARD_WITHDRAWAL_A_GAP_SHORT'}, {'CARD_WITHDRAWAL_D_GAP_SHORT'}, {'CARD_WITHDRAWAL_C_GAP_SHORT'}, {'CARD_WITHDRAWAL_C_GAP_LONG'}, {'CARD_WITHDRAWAL_C_GAP_MED'}]",0.1871882401216658,60,0.8364197530864198,0.9694829047753603,3600
"[{'DEPOSIT_D_GAP_MED'}, {'CARD_WITHDRAWAL_D_GAP_MED'}, {'DEPOSIT_D_GAP_MED'}, {'DEPOSIT_D_GAP_SHORT'}, {'CARD_WITHDRAWAL_C_GAP_MED'}, {'CARD_WITHDRAWAL_C_GAP_SHORT'}, {'CARD_WITHDRAWAL_D_GAP_MED'}, {'CARD_WITHDRAWAL_D_GAP_LONG'}, {'CARD_WITHDRAWAL_D_GAP_SHORT'}]",0.18686952796154999,89,0.8604651162790697,0.9694829047753603,3600
"[{'PROFILE_REGION_LOW_CRIME', 'PROFILE_REGION_LOW_INCOME'}, {'DEPOSIT_A_GAP_SHORT'}, {'CARD_WITHDRAWAL_D_GAP_SHORT'}, {'CARD_WITHDRAWAL_A_GAP_SHORT'}, {'CARD_WITHDRAWAL_B_GAP_LONG'}, {'CARD_WITHDRAWAL_C_GAP_MED'}, {'CARD_WITHDRAWAL_A_GAP_SHORT'}]",0.18680551217571206,153,0.9034482758620689,0.9694829047753603,3600
"[{'PROFILE_OLD_MALE'}, {'DEPOSIT_A_GAP_SHORT'}, {'CARD_WITHDRAWAL_C_GAP_LONG'}, {'CARD_WITHDRAWAL_A_GAP_SHORT'}, {'CARD_WITHDRAWAL_B_GAP_MED'}, {'CARD_WITHDRAWAL_C_GAP_MED'}, {'CARD_WITHDRAWAL_C_GAP_MED'}, {'CARD_WITHDRAWAL_B_GAP_MED'}, {'CARD_WITHDRAWAL_C_GAP_MED'}, {'CARD_WITHDRAWAL_D_GAP_SHORT'}]",0.18675491568808744,43,0.825,0.9694829047753603,3600
"[{'PROFILE_REGION_LOW_CRIME', 'PROFILE_REGION_LOW_INCOME'}, {'DEPOSIT_D_GAP_SHORT'}, {'DEPOSIT_D_GAP_MED'}, {'CARD_WITHDRAWAL_D_GAP_MED'}, {'DEPOSIT_D_GAP_MED'}, {'CARD_WITHDRAWAL_B_GAP_MED'}, {'CARD_WITHDRAWAL_C_GAP_SHORT'}]",0.18671826776152,147,0.9028169014084507,0.9694829047753603,3600
"[{'CARD_WITHDRAWAL_D_GAP_MED'}, {'CARD_WITHDRAWAL_C_GAP_MED'}, {'CARD_WITHDRAWAL_D_GAP_MED'}, {'CARD_WITHDRAWAL_D_GAP_MED'}, {'CARD_WITHDRAWAL_B_GAP_MED'}, {'CARD_WITHDRAWAL_C_GAP_MED'}, {'CARD_WITHDRAWAL_C_GAP_MED'}]",0.18670056101000465,439,0.9187751004016065,0.9694829047753603,3600
"[{'PROFILE_REGION_HIGH_EDU'}, {'CARD_WITHDRAWAL_C_GAP_MED'}, {'CARD_WITHDRAWAL_C_GAP_MED'}, {'CARD_WITHDRAWAL_C_GAP_MED'}, {'DEPOSIT_D_GAP_MED'}, {'DEPOSIT_D_GAP_MED'}, {'DEPOSIT_D_GAP_MED'}]",0.1865495671030032,304,0.9139427516158819,0.9694829047753603,3600
"[{'CARD_WITHDRAWAL_B_GAP_LONG'}, {'CARD_WITHDRAWAL_B_GAP_MED'}, {'CARD_WITHDRAWAL_B_GAP_MED'}, {'CARD_WITHDRAWAL_B_GAP_MED'}, {'CARD_WITHDRAWAL_D_GAP_MED'}, {'CARD_WITHDRAWAL_B_GAP_SHORT'}, {'CARD_WITHDRAWAL_C_GAP_LONG'}, {'CARD_WITHDRAWAL_A_GAP_SHORT'}, {'CARD_WITHDRAWAL_C_GAP_LONG'}]",0.18630806270308764,50,0.84375,0.9694829047753603,3600
"[{'CARD_WITHDRAWAL_D_GAP_SHORT'}, {'CARD_WITHDRAWAL_D_GAP_MED'}, {'CARD_WITHDRAWAL_D_GAP_SHORT'}, {'DEPOSIT_D_GAP_MED'}, {'CARD_WITHDRAWAL_D_GAP_MED'}, {'DEPOSIT_D_GAP_MED'}, {'CARD_WITHDRAWAL_C_GAP_SHORT'}, {'CARD_WITHDRAWAL_B_GAP_LONG'}]",0.18602865859321427,90,0.8752941176470589,0.9694829047753603,3600
"[{'DEPOSIT_D_GAP_LONG'}, {'DEPOSIT_D_GAP_MED'}, {'CARD_WITHDRAWAL_A_GAP_SHORT'}, {'DEPOSIT_D_GAP_SHORT'}, {'CARD_WITHDRAWAL_C_GAP_MED'}, {'CARD_WITHDRAWAL_C_GAP_SHORT'}, {'CARD_WITHDRAWAL_C_GAP_MED'}]",0.18590671239691825,250,0.911369332421964,0.9694829047753603,3600
"[{'CARD_WITHDRAWAL_D_GAP_LONG'}, {'CARD_WITHDRAWAL_D_GAP_LONG'}, {'CARD_WITHDRAWAL_D_GAP_SHORT'}, {'CARD_WITHDRAWAL_D_GAP_SHORT'}, {'CARD_WITHDRAWAL_D_GAP_MED'}, {'CARD_WITHDRAWAL_D_GAP_LONG'}, {'CARD_WITHDRAWAL_D_GAP_MED'}, {'CARD_WITHDRAWAL_C_GAP_MED'}]",0.18574475184589812,184,0.8907936507936507,0.9694829047753603,3600
"[{'CARD_WITHDRAWAL_C_GAP_LONG'}, {'CARD_WITHDRAWAL_A_GAP_SHORT'}, {'CARD_WITHDRAWAL_C_GAP_MED'}, {'CARD_WITHDRAWAL_B_GAP_MED'}, {'CARD_WITHDRAWAL_C_GAP_MED'}, {'CARD_WITHDRAWAL_D_GAP_MED'}, {'CARD_WITHDRAWAL_B_GAP_LONG'}, {'CARD_WITHDRAWAL_A_GAP_SHORT'}, {'CARD_WITHDRAWAL_B_GAP_MED'}]",0.18559661515616943,98,0.8634222919937206,0.9694829047753603,3600
"[{'PROFILE_REGION_LOW_EDU'}, {'CARD_WITHDRAWAL_D_GAP_MED'}, {'CARD_WITHDRAWAL_D_GAP_SHORT'}, {'CARD_WITHDRAWAL_D_GAP_SHORT'}, {'CARD_WITHDRAWAL_D_GAP_SHORT'}, {'CARD_WITHDRAWAL_A_GAP_SHORT'}, {'CARD_WITHDRAWAL_D_GAP_SHORT'}]",0.18537273134363152,295,0.9138924455825864,0.9694829047753603,3600
"[{'PROFILE_REGION_LOW_INCOME'}, {'CARD_WITHDRAWAL_D_GAP_MED'}, {'CARD_WITHDRAWAL_D_GAP_MED'}, {'CARD_WITHDRAWAL_C_GAP_MED'}, {'CARD_WITHDRAWAL_D_GAP_MED'}, {'CARD_WITHDRAWAL_C_GAP_MED'}, {'CARD_WITHDRAWAL_D_GAP_MED'}]",0.18535266726568467,313,0.9147157190635451,0.9694829047753603,3600
"[{'CARD_WITHDRAWAL_C_GAP_MED'}, {'CARD_WITHDRAWAL_A_GAP_SHORT'}, {'CARD_WITHDRAWAL_B_GAP_MED'}, {'DEPOSIT_D_GAP_MED'}, {'CARD_WITHDRAWAL_D_GAP_MED'}, {'CARD_WITHDRAWAL_A_GAP_SHORT'}, {'CARD_WITHDRAWAL_C_GAP_SHORT'}]",0.18527408477139096,270,0.9126797385620915,0.9694829047753603,3600
"[{'CARD_WITHDRAWAL_D_GAP_LONG'}, {'CARD_WITHDRAWAL_D_GAP_SHORT'}, {'CARD_WITHDRAWAL_D_GAP_SHORT'}, {'CARD_WITHDRAWAL_D_GAP_SHORT'}, {'CARD_WITHDRAWAL_C_GAP_MED'}, {'CARD_WITHDRAWAL_D_GAP_MED'}, {'CARD_WITHDRAWAL_D_GAP_MED'}, {'CARD_WITHDRAWAL_C_GAP_MED'}]",0.1852712557395153,192,0.8917582417582418,0.9694829047753603,3600
"[{'CARD_WITHDRAWAL_D_GAP_LONG'}, {'DEPOSIT_C_GAP_LONG'}, {'CARD_WITHDRAWAL_A_GAP_SHORT'}, {'CARD_WITHDRAWAL_A_GAP_SHORT'}, {'CARD_WITHDRAWAL_A_GAP_SHORT'}, {'CARD_WITHDRAWAL_B_GAP_SHORT'}, {'CARD_WITHDRAWAL_A_GAP_SHORT'}, {'CARD_WITHDRAWAL_A_GAP_SHORT'}, {'CARD_WITHDRAWAL_A_GAP_SHORT'}]",0.18521737373799618,99,0.8637992831541219,0.9694829047753603,3600
"[{'PROFILE_REGION_LOW_CRIME'}, {'CARD_WITHDRAWAL_C_GAP_MED'}, {'CARD_WITHDRAWAL_A_GAP_SHORT'}, {'CARD_WITHDRAWAL_A_GAP_SHORT'}, {'CARD_WITHDRAWAL_A_GAP_SHORT'}, {'CARD_WITHDRAWAL_D_GAP_MED'}, {'CARD_WITHDRAWAL_A_GAP_SHORT'}]",0.18485952378581239,412,0.9184948979591837,0.9694829047753603,3600
"[{'DEPOSIT_D_GAP_MED'}, {'CARD_WITHDRAWAL_C_GAP_MED'}, {'CARD_WITHDRAWAL_A_GAP_SHORT'}, {'CARD_WITHDRAWAL_C_GAP_MED'}, {'CARD_WITHDRAWAL_D_GAP_MED'}, {'DEPOSIT_D_GAP_SHORT'}, {'CARD_WITHDRAWAL_C_GAP_SHORT'}]",0.18452024046709403,211,0.9093264248704662,0.9694829047753603,3600
"[{'CARD_WITHDRAWAL_D_GAP_MED'}, {'CARD_WITHDRAWAL_D_GAP_MED'}, {'CARD_WITHDRAWAL_D_GAP_MED'}, {'CARD_WITHDRAWAL_D_GAP_MED'}, {'CARD_WITHDRAWAL_D_GAP_MED'}, {'CARD_WITHDRAWAL_D_GAP_MED'}, {'CARD_WITHDRAWAL_D_GAP_SHORT'}, {'CARD_WITHDRAWAL_D_GAP_LONG'}]",0.18447322856010595,469,0.907489529440749,0.9694829047753603,3600
"[{'CARD_WITHDRAWAL_D_GAP_SHORT'}, {'CARD_WITHDRAWAL_D_GAP_MED'}, {'CARD_WITHDRAWAL_C_GAP_MED'}, {'CARD_WITHDRAWAL_D_GAP_MED'}, {'CARD_WITHDRAWAL_B_GAP_LONG'}, {'CARD_WITHDRAWAL_A_GAP_SHORT'}, {'CARD_WITHDRAWAL_C_GAP_MED'}, {'CARD_WITHDRAWAL_D_GAP_SHORT'}]",0.18421476387675428,102,0.8787878787878788,0.9694829047753603,3600
"[{'CARD_WITHDRAWAL_C_GAP_MED'}, {'CARD_WITHDRAWAL_C_GAP_SHORT'}, {'CARD_WITHDRAWAL_A_GAP_SHORT'}, {'CARD_WITHDRAWAL_B_GAP_SHORT'}, {'CARD_WITHDRAWAL_A_GAP_SHORT'}, {'CARD_WITHDRAWAL_A_GAP_SHORT'}, {'CARD_WITHDRAWAL_C_GAP_MED'}, {'CARD_WITHDRAWAL_A_GAP_SHORT'}]",0.18408003841815201,249,0.8969604863221885,0.9694829047753603,3600
"[{'CARD_WITHDRAWAL_D_GAP_MED'}, {'CARD_WITHDRAWAL_D_GAP_MED'}, {'CARD_WITHDRAWAL_A_GAP_SHORT'}, {'CARD_WITHDRAWAL_B_GAP_LONG'}, {'CARD_WITHDRAWAL_D_GAP_MED'}, {'CARD_WITHDRAWAL_D_GAP_MED'}, {'CARD_WITHDRAWAL_C_GAP_MED'}, {'CARD_WITHDRAWAL_B_GAP_MED'}, {'CARD_WITHDRAWAL_D_GAP_MED'}]",0.18389520775657486,159,0.8759398496240602,0.9694829047753603,3600
"[{'PROFILE_REGION_HIGH_INCOME', 'PROFILE_REGION_HIGH_CRIME'}, {'DEPOSIT_B_GAP_SHORT'}, {'CARD_WITHDRAWAL_B_GAP_LONG'}, {'DEPOSIT_C_GAP_LONG'}, {'CARD_WITHDRAWAL_B_GAP_LONG'}, {'CARD_WITHDRAWAL_B_GAP_LONG'}]",0.18384335081903247,45,0.9186046511627907,0.9694829047753603,3600
"[{'CARD_WITHDRAWAL_A_GAP_SHORT'}, {'CARD_WITHDRAWAL_C_GAP_MED'}, {'CARD_WITHDRAWAL_C_GAP_MED'}, {'CARD_WITHDRAWAL_B_GAP_MED'}, {'CARD_WITHDRAWAL_C_GAP_MED'}, {'CARD_WITHDRAWAL_B_GAP_MED'}, {'CARD_WITHDRAWAL_B_GAP_SHORT'}]",0.18375620264688308,333,0.9160461653015636,0.9694829047753603,3600
"[{'CARD_WITHDRAWAL_C_GAP_LONG'}, {'CARD_WITHDRAWAL_C_GAP_LONG'}, {'CARD_WITHDRAWAL_D_GAP_LONG'}, {'CARD_WITHDRAWAL_D_GAP_MED'}, {'CARD_WITHDRAWAL_C_GAP_MED'}, {'CARD_WITHDRAWAL_D_GAP_MED'}, {'CARD_WITHDRAWAL_C_GAP_MED'}, {'CARD_WITHDRAWAL_B_GAP_MED'}, {'CARD_WITHDRAWAL_B_GAP_MED'}]",0.18344484943638784,63,0.8517241379310345,0.9694829047753603,3600
"[{'DEPOSIT_A_GAP_SHORT'}, {'DEPOSIT_D_GAP_LONG'}, {'DEPOSIT_D_GAP_MED'}, {'CARD_WITHDRAWAL_B_GAP_MED'}, {'DEPOSIT_D_GAP_MED'}, {'CARD_WITHDRAWAL_D_GAP_MED'}, {'CARD_WITHDRAWAL_D_GAP_LONG'}, {'CARD_WITHDRAWAL_C_GAP_MED'}]",0.18341608785209684,254,0.8974934530490086,0.9694829047753603,3600
"[{'PROFILE_OLD_MALE', 'PROFILE_REGION_LOW_INCOME'}, {'CARD_WITHDRAWAL_A_GAP_SHORT'}, {'CARD_WITHDRAWAL_C_GAP_MED'}, {'CARD_WITHDRAWAL_B_GAP_LONG'}, {'CARD_WITHDRAWAL_D_GAP_MED'}, {'CARD_WITHDRAWAL_A_GAP_SHORT'}, {'CARD_WITHDRAWAL_D_GAP_LONG'}, {'CARD_WITHDRAWAL_C_GAP_LONG'}, {'CARD_WITHDRAWAL_A_GAP_SHORT'}]",0.1829771090239075,23,0.8181818181818181,0.9694829047753603,3600
"[{'CARD_WITHDRAWAL_C_GAP_SHORT'}, {'CARD_WITHDRAWAL_C_GAP_MED'}, {'CARD_WITHDRAWAL_C_GAP_MED'}, {'CARD_WITHDRAWAL_C_GAP_MED'}, {'CARD_WITHDRAWAL_C_GAP_MED'}, {'CARD_WITHDRAWAL_D_GAP_SHORT'}, {'DEPOSIT_C_GAP_LONG'}]",0.18273245848097197,32,0.8740740740740741,0.9694829047753603,3600
"[{'CARD_WITHDRAWAL_C_GAP_MED'}, {'CARD_WITHDRAWAL_D_GAP_MED'}, {'CARD_WITHDRAWAL_D_GAP_MED'}, {'CARD_WITHDRAWAL_C_GAP_MED'}, {'CARD_WITHDRAWAL_C_GAP_MED'}, {'CARD_WITHDRAWAL_C_GAP_MED'}, {'CARD_WITHDRAWAL_C_GAP_MED'}, {'CARD_WITHDRAWAL_D_GAP_MED'}]",0.1821858759741093,265,0.8985714285714286,0.9694829047753603,3600
"[{'CARD_WITHDRAWAL_D_GAP_MED'}, {'CARD_WITHDRAWAL_D_GAP_MED'}, {'CARD_WITHDRAWAL_D_GAP_MED'}, {'CARD_WITHDRAWAL_D_GAP_MED'}, {'CARD_WITHDRAWAL_D_GAP_SHORT'}, {'CARD_WITHDRAWAL_D_GAP_MED'}, {'CARD_WITHDRAWAL_D_GAP_MED'}, {'CARD_WITHDRAWAL_A_GAP_SHORT'}]",0.182135337994364,549,0.9103873988931461,0.9694829047753603,3600
"[{'CARD_WITHDRAWAL_D_GAP_MED'}, {'CARD_WITHDRAWAL_D_GAP_MED'}, {'CARD_WITHDRAWAL_D_GAP_MED'}, {'CARD_WITHDRAWAL_B_GAP_MED'}, {'CARD_WITHDRAWAL_A_GAP_SHORT'}, {'CARD_WITHDRAWAL_C_GAP_MED'}, {'CARD_WITHDRAWAL_A_GAP_SHORT'}, {'CARD_WITHDRAWAL_D_GAP_SHORT'}, {'CARD_WITHDRAWAL_A_GAP_SHORT'}]",0.18165362869079338,360,0.8936911366275319,0.9694829047753603,3600
"[{'PROFILE_REGION_HIGH_EDU'}, {'DEPOSIT_A_GAP_SHORT'}, {'CARD_WITHDRAWAL_C_GAP_LONG'}, {'CARD_WITHDRAWAL_C_GAP_MED'}, {'CARD_WITHDRAWAL_B_GAP_MED'}, {'CARD_WITHDRAWAL_B_GAP_MED'}, {'CARD_WITHDRAWAL_C_GAP_SHORT'}]",0.18161465768425178,187,0.9085195530726257,0.9694829047753603,3600
"[{'DEPOSIT_B_GAP_MED'}, {'CARD_WITHDRAWAL_D_GAP_MED'}, {'CARD_WITHDRAWAL_D_GAP_MED'}, {'CARD_WITHDRAWAL_A_GAP_SHORT'}, {'CARD_WITHDRAWAL_C_GAP_MED'}, {'CARD_WITHDRAWAL_C_GAP_MED'}, {'CARD_WITHDRAWAL_C_GAP_MED'}, {'CARD_WITHDRAWAL_A_GAP_SHORT'}, {'CARD_WITHDRAWAL_D_GAP_MED'}, {'CARD_WITHDRAWAL_A_GAP_SHORT'}]",0.1815883985421255,57,0.8363636363636364,0.9694829047753603,3600
"[{'PROFILE_OLD_FEMALE'}, {'DEPOSIT_B_GAP_SHORT'}, {'CARD_WITHDRAWAL_A_GAP_SHORT'}, {'CARD_WITHDRAWAL_C_GAP_SHORT'}, {'CARD_WITHDRAWAL_A_GAP_SHORT'}, {'CARD_WITHDRAWAL_C_GAP_MED'}, {'CARD_WITHDRAWAL_D_GAP_MED'}, {'CARD_WITHDRAWAL_C_GAP_MED'}]",0.18155519050425029,47,0.8604651162790697,0.9694829047753603,3600
"[{'CARD_WITHDRAWAL_C_GAP_MED'}, {'CARD_WITHDRAWAL_D_GAP_MED'}, {'CARD_WITHDRAWAL_C_GAP_MED'}, {'CARD_WITHDRAWAL_C_GAP_MED'}, {'CARD_WITHDRAWAL_D_GAP_SHORT'}, {'CARD_WITHDRAWAL_A_GAP_SHORT'}, {'CARD_WITHDRAWAL_D_GAP_MED'}, {'CARD_WITHDRAWAL_C_GAP_LONG'}]",0.18150960513716585,131,0.8851239669421488,0.9694829047753603,3600
"[{'DEPOSIT_D_GAP_LONG'}, {'CARD_WITHDRAWAL_D_GAP_SHORT'}, {'CARD_WITHDRAWAL_D_GAP_MED'}, {'CARD_WITHDRAWAL_A_GAP_SHORT'}, {'CARD_WITHDRAWAL_D_GAP_SHORT'}, {'CARD_WITHDRAWAL_D_GAP_MED'}, {'CARD_WITHDRAWAL_C_GAP_MED'}, {'CARD_WITHDRAWAL_D_GAP_SHORT'}, {'DEPOSIT_D_GAP_MED'}, {'CARD_WITHDRAWAL_D_GAP_SHORT'}]",0.18143137318624292,143,0.8637469586374696,0.9694829047753603,3600
"[{'DEPOSIT_A_GAP_SHORT'}, {'DEPOSIT_D_GAP_LONG'}, {'CARD_WITHDRAWAL_C_GAP_MED'}, {'CARD_WITHDRAWAL_C_GAP_SHORT'}, {'CARD_WITHDRAWAL_B_GAP_MED'}, {'CARD_WITHDRAWAL_C_GAP_MED'}, {'CARD_WITHDRAWAL_B_GAP_MED'}, {'DEPOSIT_D_GAP_MED'}, {'CARD_WITHDRAWAL_B_GAP_LONG'}, {'DEPOSIT_D_GAP_SHORT'}]",0.18138598478693901,41,0.825,0.9694829047753603,3600
"[{'PROFILE_OLD_MALE', 'PROFILE_REGION_LOW_INCOME'}, {'DEPOSIT_A_GAP_SHORT'}, {'CARD_WITHDRAWAL_A_GAP_SHORT'}, {'CARD_WITHDRAWAL_A_GAP_SHORT'}, {'CARD_WITHDRAWAL_A_GAP_SHORT'}, {'CARD_WITHDRAWAL_A_GAP_SHORT'}, {'CARD_WITHDRAWAL_A_GAP_SHORT'}]",0.18131379296418715,266,0.9137596899224807,0.9694829047753603,3600
"[{'CARD_WITHDRAWAL_C_GAP_MED'}, {'CARD_WITHDRAWAL_C_GAP_MED'}, {'CARD_WITHDRAWAL_C_GAP_MED'}, {'CARD_WITHDRAWAL_C_GAP_SHORT'}, {'CARD_WITHDRAWAL_C_GAP_MED'}, {'CARD_WITHDRAWAL_A_GAP_LONG'}, {'DEPOSIT_D_GAP_MED'}]",0.18105696548159722,129,0.9028103044496486,0.9694829047753603,3600
"[{'CARD_WITHDRAWAL_D_GAP_LONG'}, {'CARD_WITHDRAWAL_C_GAP_MED'}, {'CARD_WITHDRAWAL_C_GAP_MED'}, {'CARD_WITHDRAWAL_C_GAP_MED'}, {'CARD_WITHDRAWAL_D_GAP_MED'}, {'CARD_WITHDRAWAL_D_GAP_MED'}, {'CARD_WITHDRAWAL_D_GAP_MED'}, {'CARD_WITHDRAWAL_C_GAP_MED'}]",0.18095179084899204,272,0.8993514915693903,0.9694829047753603,3600
"[{'PROFILE_REGION_LOW_CRIME'}, {'CARD_WITHDRAWAL_C_GAP_MED'}, {'CARD_WITHDRAWAL_B_GAP_MED'}, {'CARD_WITHDRAWAL_A_GAP_SHORT'}, {'CARD_WITHDRAWAL_C_GAP_SHORT'}, {'CARD_WITHDRAWAL_B_GAP_MED'}, {'CARD_WITHDRAWAL_B_GAP_MED'}]",0.1808724124846598,240,0.9124579124579124,0.9694829047753603,3600
"[{'PROFILE_REGION_HIGH_CRIME'}, {'CARD_WITHDRAWAL_C_GAP_SHORT'}, {'CARD_WITHDRAWAL_C_GAP_MED'}, {'CARD_WITHDRAWAL_B_GAP_MED'}, {'CARD_WITHDRAWAL_A_GAP_SHORT'}, {'CARD_WITHDRAWAL_C_GAP_MED'}, {'CARD_WITHDRAWAL_B_GAP_MED'}]",0.18083680205824182,219,0.9111498257839721,0.9694829047753603,3600
"[{'CARD_WITHDRAWAL_D_GAP_MED'}, {'CARD_WITHDRAWAL_D_GAP_MED'}, {'CARD_WITHDRAWAL_C_GAP_MED'}, {'CARD_WITHDRAWAL_A_GAP_SHORT'}, {'CARD_WITHDRAWAL_C_GAP_MED'}, {'CARD_WITHDRAWAL_C_GAP_LONG'}, {'CARD_WITHDRAWAL_C_GAP_MED'}, {'CARD_WITHDRAWAL_A_GAP_SHORT'}, {'CARD_WITHDRAWAL_D_GAP_MED'}, {'CARD_WITHDRAWAL_D_GAP_MED'}]",0.1803279648369106,108,0.856341189674523,0.9694829047753603,3600
"[{'PROFILE_REGION_HIGH_EDU'}, {'DEPOSIT_C_GAP_LONG'}, {'CARD_WITHDRAWAL_D_GAP_SHORT'}, {'CARD_WITHDRAWAL_C_GAP_MED'}, {'CARD_WITHDRAWAL_B_GAP_MED'}, {'CARD_WITHDRAWAL_C_GAP_SHORT'}, {'CARD_WITHDRAWAL_B_GAP_LONG'}]",0.18030050782085405,37,0.8787878787878788,0.9694829047753603,3600
"[{'PROFILE_REGION_HIGH_EDU'}, {'DEPOSIT_A_GAP_SHORT'}, {'CARD_WITHDRAWAL_D_GAP_LONG'}, {'CARD_WITHDRAWAL_D_GAP_MED'}, {'CARD_WITHDRAWAL_D_GAP_MED'}, {'CARD_WITHDRAWAL_C_GAP_SHORT'}, {'CARD_WITHDRAWAL_D_GAP_MED'}, {'CARD_WITHDRAWAL_D_GAP_MED'}]",0.18028661627147524,193,0.8932584269662922,0.9694829047753603,3600
"[{'DEPOSIT_D_GAP_MED'}, {'CARD_WITHDRAWAL_D_GAP_MED'}, {'DEPOSIT_D_GAP_LONG'}, {'CARD_WITHDRAWAL_D_GAP_SHORT'}, {'CARD_WITHDRAWAL_D_GAP_MED'}, {'CARD_WITHDRAWAL_D_GAP_LONG'}, {'CARD_WITHDRAWAL_D_GAP_MED'}]",0.18025727241141531,287,0.9151515151515153,0.9694829047753603,3600
"[{'CARD_WITHDRAWAL_C_GAP_MED'}, {'CARD_WITHDRAWAL_C_GAP_MED'}, {'CARD_WITHDRAWAL_C_GAP_MED'}, {'CARD_WITHDRAWAL_B_GAP_MED'}, {'CARD_WITHDRAWAL_B_GAP_MED'}, {'CARD_WITHDRAWAL_B_GAP_MED'}, {'CARD_WITHDRAWAL_B_GAP_MED'}, {'CARD_WITHDRAWAL_C_GAP_MED'}]",0.18018132066439962,350,0.9038235294117647,0.9694829047753603,3600
"[{'CARD_WITHDRAWAL_C_GAP_MED'}, {'CARD_WITHDRAWAL_D_GAP_MED'}, {'TRANSFER_B_GAP_MED'}, {'CARD_WITHDRAWAL_C_GAP_SHORT'}, {'DEPOSIT_D_GAP_SHORT'}, {'CARD_WITHDRAWAL_D_GAP_MED'}, {'TRANSFER_B_GAP_SHORT'}]",0.1800513891049348,46,0.8837209302325582,0.9694829047753603,3600
"[{'CARD_WITHDRAWAL_B_GAP_LONG'}, {'CARD_WITHDRAWAL_B_GAP_MED'}, {'CARD_WITHDRAWAL_D_GAP_MED'}, {'CARD_WITHDRAWAL_C_GAP_SHORT'}, {'CARD_WITHDRAWAL_A_GAP_SHORT'}, {'CARD_WITHDRAWAL_D_GAP_MED'}, {'CARD_WITHDRAWAL_A_GAP_SHORT'}]",0.17985684401053637,230,0.9121975555001247,0.9694829047753603,3600
"[{'PROFILE_REGION_LOW_CRIME'}, {'CARD_WITHDRAWAL_C_GAP_SHORT'}, {'CARD_WITHDRAWAL_A_GAP_SHORT'}, {'CARD_WITHDRAWAL_C_GAP_MED'}, {'CARD_WITHDRAWAL_A_GAP_SHORT'}, {'CARD_WITHDRAWAL_A_GAP_SHORT'}, {'CARD_WITHDRAWAL_B_GAP_LONG'}, {'CARD_WITHDRAWAL_A_GAP_SHORT'}, {'CARD_WITHDRAWAL_A_GAP_SHORT'}, {'CARD_WITHDRAWAL_A_GAP_SHORT'}]",0.17981355140361666,133,0.8622047244094488,0.9694829047753603,3600
"[{'CARD_WITHDRAWAL_A_GAP_SHORT'}, {'CARD_WITHDRAWAL_A_GAP_SHORT'}, {'CARD_WITHDRAWAL_D_GAP_SHORT'}, {'CARD_WITHDRAWAL_A_GAP_SHORT'}, {'CARD_WITHDRAWAL_A_GAP_SHORT'}, {'CARD_WITHDRAWAL_D_GAP_LONG'}, {'CARD_WITHDRAWAL_C_GAP_MED'}, {'CARD_WITHDRAWAL_D_GAP_MED'}]",0.17973078463049963,269,0.8994750656167979,0.9694829047753603,3600
"[{'CARD_WITHDRAWAL_D_GAP_MED'}, {'CARD_WITHDRAWAL_D_GAP_MED'}, {'CARD_WITHDRAWAL_D_GAP_MED'}, {'CARD_WITHDRAWAL_D_GAP_SHORT'}, {'CARD_WITHDRAWAL_A_GAP_SHORT'}, {'CARD_WITHDRAWAL_D_GAP_MED'}, {'CARD_WITHDRAWAL_A_GAP_SHORT'}, {'CARD_WITHDRAWAL_D_GAP_MED'}]",0.17969912757664142,544,0.9107834994462902,0.9694829047753603,3600
"[{'PROFILE_REGION_LOW_CRIME'}, {'DEPOSIT_A_GAP_SHORT'}, {'CARD_WITHDRAWAL_C_GAP_MED'}, {'CARD_WITHDRAWAL_C_GAP_MED'}, {'CARD_WITHDRAWAL_C_GAP_MED'}, {'CARD_WITHDRAWAL_C_GAP_MED'}, {'CARD_WITHDRAWAL_C_GAP_MED'}, {'CARD_WITHDRAWAL_C_GAP_MED'}, {'CARD_WITHDRAWAL_C_GAP_MED'}]",0.17955033814165655,148,0.8753799392097266,0.9694829047753603,3600
"[{'DEPOSIT_A_GAP_SHORT'}, {'CARD_WITHDRAWAL_B_GAP_SHORT'}, {'CARD_WITHDRAWAL_A_GAP_SHORT'}, {'DEPOSIT_D_GAP_LONG'}, {'CARD_WITHDRAWAL_A_GAP_SHORT'}, {'CARD_WITHDRAWAL_D_GAP_LONG'}, {'CARD_WITHDRAWAL_A_GAP_SHORT'}]",0.17915691624878105,240,0.9130434782608696,0.9694829047753603,3600
"[{'CARD_WITHDRAWAL_D_GAP_MED'}, {'CARD_WITHDRAWAL_D_GAP_MED'}, {'CARD_WITHDRAWAL_A_GAP_SHORT'}, {'CARD_WITHDRAWAL_D_GAP_MED'}, {'CARD_WITHDRAWAL_C_GAP_MED'}, {'CARD_WITHDRAWAL_D_GAP_MED'}, {'CARD_WITHDRAWAL_D_GAP_MED'}, {'CARD_WITHDRAWAL_A_GAP_SHORT'}]",0.1791564945359383,547,0.9109830097087378,0.9694829047753603,3600
"[{'PROFILE_REGION_LOW_CRIME', 'PROFILE_REGION_LOW_INCOME'}, {'DEPOSIT_B_GAP_MED'}, {'CARD_WITHDRAWAL_A_GAP_SHORT'}, {'CARD_WITHDRAWAL_A_GAP_SHORT'}, {'CARD_WITHDRAWAL_A_GAP_SHORT'}, {'CARD_WITHDRAWAL_A_GAP_SHORT'}, {'CARD_WITHDRAWAL_C_GAP_SHORT'}]",0.1790904386672304,113,0.9013761467889908,0.9694829047753603,3600
"[{'PROFILE_REGION_HIGH_EDU'}, {'CARD_WITHDRAWAL_D_GAP_MED'}, {'CARD_WITHDRAWAL_C_GAP_MED'}, {'CARD_WITHDRAWAL_D_GAP_MED'}, {'CARD_WITHDRAWAL_C_GAP_MED'}, {'CARD_WITHDRAWAL_A_GAP_SHORT'}, {'CARD_WITHDRAWAL_A_GAP_SHORT'}, {'CARD_WITHDRAWAL_D_GAP_MED'}, {'CARD_WITHDRAWAL_A_GAP_SHORT'}]",0.17899027139159807,225,0.8848684210526315,0.9694829047753603,3600
"[{'DEPOSIT_C_GAP_LONG'}, {'CARD_WITHDRAWAL_D_GAP_MED'}, {'CARD_WITHDRAWAL_B_GAP_MED'}, {'CARD_WITHDRAWAL_B_GAP_MED'}, {'CARD_WITHDRAWAL_A_GAP_SHORT'}, {'CARD_WITHDRAWAL_D_GAP_MED'}, {'CARD_WITHDRAWAL_A_GAP_SHORT'}]",0.1789545553374986,188,0.9095643939393939,0.9694829047753603,3600
"[{'PROFILE_REGION_LOW_INCOME'}, {'CARD_WITHDRAWAL_D_GAP_MED'}, {'CARD_WITHDRAWAL_D_GAP_MED'}, {'CARD_WITHDRAWAL_D_GAP_MED'}, {'CARD_WITHDRAWAL_A_GAP_SHORT'}, {'CARD_WITHDRAWAL_C_GAP_MED'}, {'CARD_WITHDRAWAL_A_GAP_SHORT'}]",0.1785896991977577,360,0.9186602870813398,0.9694829047753603,3600
"[{'DEPOSIT_D_GAP_LONG'}, {'CARD_WITHDRAWAL_C_GAP_MED'}, {'CARD_WITHDRAWAL_A_GAP_SHORT'}, {'CARD_WITHDRAWAL_B_GAP_MED'}, {'CARD_WITHDRAWAL_C_GAP_MED'}, {'CARD_WITHDRAWAL_A_GAP_SHORT'}, {'DEPOSIT_D_GAP_LONG'}]",0.17857019501002291,325,0.9173502361421825,0.9694829047753603,3600
"[{'CARD_WITHDRAWAL_D_GAP_LONG'}, {'CARD_WITHDRAWAL_D_GAP_LONG'}, {'CARD_WITHDRAWAL_D_GAP_SHORT'}, {'CARD_WITHDRAWAL_C_GAP_MED'}, {'CARD_WITHDRAWAL_D_GAP_MED'}, {'CARD_WITHDRAWAL_D_GAP_SHORT'}, {'CARD_WITHDRAWAL_D_GAP_SHORT'}, {'CARD_WITHDRAWAL_D_GAP_MED'}, {'CARD_WITHDRAWAL_D_GAP_MED'}]",0.1783695952766884,165,0.8782051282051282,0.9694829047753603,3600
"[{'PROFILE_OLD_FEMALE', 'PROFILE_REGION_HIGH_CRIME'}, {'CARD_WITHDRAWAL_D_GAP_MED'}, {'CARD_WITHDRAWAL_D_GAP_SHORT'}, {'CARD_WITHDRAWAL_D_GAP_MED'}, {'CARD_WITHDRAWAL_B_GAP_SHORT'}, {'CARD_WITHDRAWAL_D_GAP_MED'}, {'CARD_WITHDRAWAL_D_GAP_MED'}, {'CARD_WITHDRAWAL_D_GAP_MED'}, {'CARD_WITHDRAWAL_A_GAP_LONG'}, {'CARD_WITHDRAWAL_D_GAP_MED'}]",0.1779939638162601,21,0.8,0.9694829047753603,3600
"[{'PROFILE_REGION_HIGH_INCOME'}, {'DEPOSIT_D_GAP_LONG'}, {'DEPOSIT_D_GAP_MED'}, {'DEPOSIT_D_GAP_LONG'}, {'CARD_WITHDRAWAL_D_GAP_LONG'}, {'DEPOSIT_D_GAP_SHORT'}, {'CARD_WITHDRAWAL_D_GAP_SHORT'}, {'CARD_WITHDRAWAL_B_GAP_SHORT'}]",0.17795978229426934,119,0.8842105263157896,0.9694829047753603,3600
"[{'PROFILE_REGION_HIGH_EDU'}, {'CARD_WITHDRAWAL_D_GAP_MED'}, {'CARD_WITHDRAWAL_D_GAP_MED'}, {'CARD_WITHDRAWAL_D_GAP_MED'}, {'CARD_WITHDRAWAL_C_GAP_MED'}, {'CARD_WITHDRAWAL_B_GAP_MED'}, {'CARD_WITHDRAWAL_C_GAP_MED'}, {'CARD_WITHDRAWAL_B_GAP_SHORT'}]",0.17775611641526912,219,0.8963270142180095,0.9694829047753603,3600
"[{'PROFILE_OLD_MALE', 'PROFILE_REGION_LOW_INCOME'}, {'CARD_WITHDRAWAL_C_GAP_MED'}, {'CARD_WITHDRAWAL_B_GAP_MED'}, {'CARD_WITHDRAWAL_B_GAP_LONG'}, {'CARD_WITHDRAWAL_A_GAP_SHORT'}, {'CARD_WITHDRAWAL_A_GAP_SHORT'}, {'CARD_WITHDRAWAL_B_GAP_SHORT'}]",0.17756552646361357,120,0.9030172413793104,0.9694829047753603,3600
"[{'CARD_WITHDRAWAL_D_GAP_MED'}, {'CARD_WITHDRAWAL_D_GAP_SHORT'}, {'CARD_WITHDRAWAL_D_GAP_MED'}, {'CARD_WITHDRAWAL_D_GAP_MED'}, {'CARD_WITHDRAWAL_D_GAP_MED'}, {'CARD_WITHDRAWAL_D_GAP_MED'}, {'CARD_WITHDRAWAL_A_GAP_SHORT'}, {'CARD_WITHDRAWAL_D_GAP_SHORT'}, {'CARD_WITHDRAWAL_A_GAP_SHORT'}]",0.1775226866344617,361,0.8946098149637973,0.9694829047753603,3600
"[{'DEPOSIT_D_GAP_LONG'}, {'CARD_WITHDRAWAL_C_GAP_MED'}, {'CARD_WITHDRAWAL_D_GAP_MED'}, {'CARD_WITHDRAWAL_C_GAP_MED'}, {'CARD_WITHDRAWAL_C_GAP_MED'}, {'DEPOSIT_C_GAP_MED'}, {'DEPOSIT_D_GAP_MED'}]",0.17702775938532744,153,0.9071428571428571,0.9694829047753603,3600
"[{'DEPOSIT_D_GAP_LONG'}, {'CARD_WITHDRAWAL_D_GAP_MED'}, {'CARD_WITHDRAWAL_A_GAP_SHORT'}, {'CARD_WITHDRAWAL_A_GAP_SHORT'}, {'CARD_WITHDRAWAL_C_GAP_MED'}, {'CARD_WITHDRAWAL_C_GAP_MED'}, {'CARD_WITHDRAWAL_C_GAP_MED'}, {'CARD_WITHDRAWAL_D_GAP_SHORT'}, {'CARD_WITHDRAWAL_A_GAP_SHORT'}]",0.1770175172471995,213,0.8841750841750842,0.9694829047753603,3600
"[{'PROFILE_REGION_HIGH_INCOME'}, {'CARD_WITHDRAWAL_D_GAP_LONG'}, {'CARD_WITHDRAWAL_D_GAP_LONG'}, {'CARD_WITHDRAWAL_C_GAP_MED'}, {'CARD_WITHDRAWAL_A_GAP_SHORT'}, {'CARD_WITHDRAWAL_D_GAP_MED'}, {'CARD_WITHDRAWAL_D_GAP_SHORT'}]",0.1768395419139841,271,0.9155086158977209,0.9694829047753603,3600
"[{'PROFILE_OLD_FEMALE'}, {'DEPOSIT_A_GAP_SHORT'}, {'CARD_WITHDRAWAL_C_GAP_LONG'}, {'CARD_WITHDRAWAL_C_GAP_SHORT'}, {'CARD_WITHDRAWAL_D_GAP_MED'}, {'CARD_WITHDRAWAL_C_GAP_MED'}, {'CARD_WITHDRAWAL_C_GAP_MED'}]",0.17672351178072,126,0.9041666666666667,0.9694829047753603,3600
"[{'PROFILE_REGION_LOW_CRIME', 'PROFILE_OLD_MALE', 'PROFILE_REGION_LOW_INCOME'}, {'CARD_WITHDRAWAL_B_GAP_MED'}, {'CARD_WITHDRAWAL_C_GAP_MED'}, {'CARD_WITHDRAWAL_B_GAP_MED'}, {'CARD_WITHDRAWAL_B_GAP_MED'}, {'CARD_WITHDRAWAL_A_GAP_SHORT'}, {'CARD_WITHDRAWAL_A_GAP_SHORT'}, {'CARD_WITHDRAWAL_A_GAP_SHORT'}]",0.1763675760355058,124,0.885593220338983,0.9694829047753603,3600
"[{'PROFILE_REGION_HIGH_EDU'}, {'CARD_WITHDRAWAL_C_GAP_MED'}, {'CARD_WITHDRAWAL_B_GAP_MED'}, {'CARD_WITHDRAWAL_C_GAP_SHORT'}, {'CARD_WITHDRAWAL_A_GAP_SHORT'}, {'CARD_WITHDRAWAL_C_GAP_MED'}, {'CARD_WITHDRAWAL_C_GAP_SHORT'}, {'CARD_WITHDRAWAL_C_GAP_SHORT'}]",0.17592143447644448,74,0.8742004264392325,0.9694829047753603,3600
"[{'DEPOSIT_A_GAP_SHORT'}, {'CARD_WITHDRAWAL_C_GAP_MED'}, {'CARD_WITHDRAWAL_C_GAP_SHORT'}, {'CARD_WITHDRAWAL_C_GAP_MED'}, {'CARD_WITHDRAWAL_B_GAP_MED'}, {'CARD_WITHDRAWAL_A_GAP_SHORT'}, {'CARD_WITHDRAWAL_A_GAP_SHORT'}, {'CARD_WITHDRAWAL_A_GAP_SHORT'}]",0.17568333151578486,352,0.9050232867598137,0.9694829047753603,3600
"[{'PROFILE_REGION_HIGH_EDU'}, {'DEPOSIT_A_GAP_SHORT'}, {'CARD_WITHDRAWAL_C_GAP_MED'}, {'CARD_WITHDRAWAL_C_GAP_MED'}, {'CARD_WITHDRAWAL_C_GAP_SHORT'}, {'CARD_WITHDRAWAL_D_GAP_LONG'}, {'CARD_WITHDRAWAL_A_GAP_SHORT'}]",0.17558838979471847,186,0.9106493506493507,0.9694829047753603,3600
"[{'PROFILE_REGION_HIGH_EDU'}, {'CARD_WITHDRAWAL_D_GAP_MED'}, {'CARD_WITHDRAWAL_D_GAP_MED'}, {'CARD_WITHDRAWAL_D_GAP_MED'}, {'CARD_WITHDRAWAL_A_GAP_SHORT'}, {'CARD_WITHDRAWAL_D_GAP_MED'}, {'CARD_WITHDRAWAL_A_GAP_SHORT'}, {'CARD_WITHDRAWAL_B_GAP_MED'}, {'CARD_WITHDRAWAL_D_GAP_MED'}]",0.1755299543229365,287,0.8906367041198502,0.9694829047753603,3600
"[{'DEPOSIT_A_GAP_SHORT'}, {'CARD_WITHDRAWAL_C_GAP_MED'}, {'CARD_WITHDRAWAL_C_GAP_MED'}, {'CARD_WITHDRAWAL_A_GAP_SHORT'}, {'CARD_WITHDRAWAL_C_GAP_MED'}, {'DEPOSIT_D_GAP_MED'}, {'DEPOSIT_D_GAP_MED'}, {'CARD_WITHDRAWAL_D_GAP_MED'}]",0.17545419674465745,307,0.9028397565922921,0.9694829047753603,3600
"[{'CARD_WITHDRAWAL_C_GAP_LONG'}, {'CARD_WITHDRAWAL_C_GAP_MED'}, {'CARD_WITHDRAWAL_D_GAP_MED'}, {'CARD_WITHDRAWAL_C_GAP_MED'}, {'CARD_WITHDRAWAL_C_GAP_SHORT'}, {'CARD_WITHDRAWAL_C_GAP_SHORT'}, {'CARD_WITHDRAWAL_D_GAP_MED'}, {'CARD_WITHDRAWAL_D_GAP_SHORT'}]",0.17540137119724863,72,0.8737373737373737,0.9694829047753603,3600
"[{'PROFILE_REGION_HIGH_EDU'}, {'CARD_WITHDRAWAL_B_GAP_MED'}, {'CARD_WITHDRAWAL_C_GAP_SHORT'}, {'CARD_WITHDRAWAL_C_GAP_MED'}, {'CARD_WITHDRAWAL_C_GAP_MED'}, {'CARD_WITHDRAWAL_C_GAP_MED'}, {'CARD_WITHDRAWAL_D_GAP_MED'}, {'CARD_WITHDRAWAL_C_GAP_MED'}]",0.17538446846305744,97,0.8806179775280899,0.9694829047753603,3600
"[{'PROFILE_REGION_LOW_CRIME', 'PROFILE_REGION_LOW_INCOME'}, {'DEPOSIT_D_GAP_SHORT'}, {'CARD_WITHDRAWAL_D_GAP_LONG'}, {'DEPOSIT_D_GAP_MED'}, {'DEPOSIT_D_GAP_MED'}, {'CARD_WITHDRAWAL_D_GAP_MED'}, {'DEPOSIT_D_GAP_MED'}, {'CARD_WITHDRAWAL_B_GAP_MED'}, {'CARD_WITHDRAWAL_C_GAP_SHORT'}]",0.17524388626206344,64,0.8548387096774193,0.9694829047753603,3600
"[{'PROFILE_REGION_HIGH_EDU'}, {'DEPOSIT_D_GAP_LONG'}, {'DEPOSIT_D_GAP_LONG'}, {'CARD_WITHDRAWAL_C_GAP_MED'}, {'DEPOSIT_D_GAP_MED'}, {'CARD_WITHDRAWAL_D_GAP_MED'}, {'CARD_WITHDRAWAL_D_GAP_LONG'}, {'DEPOSIT_D_GAP_LONG'}, {'CARD_WITHDRAWAL_D_GAP_LONG'}]",0.17497308748696316,100,0.8670212765957447,0.9694829047753603,3600
"[{'PROFILE_REGION_LOW_INCOME'}, {'CARD_WITHDRAWAL_B_GAP_SHORT'}, {'CARD_WITHDRAWAL_A_GAP_SHORT'}, {'DEPOSIT_D_GAP_SHORT'}, {'CARD_WITHDRAWAL_A_GAP_SHORT'}, {'CARD_WITHDRAWAL_A_GAP_SHORT'}, {'CARD_WITHDRAWAL_B_GAP_LONG'}, {'CARD_WITHDRAWAL_D_GAP_MED'}, {'CARD_WITHDRAWAL_C_GAP_MED'}]",0.17476573833014242,32,0.8333333333333333,0.9694829047753603,3600
"[{'PROFILE_REGION_LOW_INCOME'}, {'CARD_WITHDRAWAL_C_GAP_LONG'}, {'CARD_WITHDRAWAL_A_GAP_SHORT'}, {'CARD_WITHDRAWAL_B_GAP_MED'}, {'CARD_WITHDRAWAL_C_GAP_MED'}, {'DEPOSIT_D_GAP_MED'}, {'CARD_WITHDRAWAL_C_GAP_MED'}]",0.17469022108850518,161,0.9088366890380313,0.9694829047753603,3600
"[{'DEPOSIT_A_GAP_SHORT'}, {'DEPOSIT_C_GAP_MED'}, {'CARD_WITHDRAWAL_C_GAP_MED'}, {'CARD_WITHDRAWAL_B_GAP_SHORT'}, {'CARD_WITHDRAWAL_A_GAP_SHORT'}, {'CARD_WITHDRAWAL_B_GAP_LONG'}, {'CARD_WITHDRAWAL_D_GAP_MED'}]",0.17450723186527772,93,0.8999999999999999,0.9694829047753603,3600
"[{'PROFILE_REGION_HIGH_EDU'}, {'CARD_WITHDRAWAL_D_GAP_MED'}, {'CARD_WITHDRAWAL_D_GAP_MED'}, {'CARD_WITHDRAWAL_C_GAP_MED'}, {'CARD_WITHDRAWAL_D_GAP_MED'}, {'CARD_WITHDRAWAL_C_GAP_SHORT'}, {'CARD_WITHDRAWAL_C_GAP_MED'}, {'CARD_WITHDRAWAL_C_GAP_MED'}]",0.17422683177441733,175,0.8931492842535786,0.9694829047753603,3600
"[{'CARD_WITHDRAWAL_C_GAP_SHORT'}, {'CARD_WITHDRAWAL_C_GAP_MED'}, {'CARD_WITHDRAWAL_C_GAP_MED'}, {'CARD_WITHDRAWAL_B_GAP_MED'}, {'CARD_WITHDRAWAL_A_GAP_SHORT'}, {'CARD_WITHDRAWAL_A_GAP_SHORT'}, {'CARD_WITHDRAWAL_A_GAP_SHORT'}, {'CARD_WITHDRAWAL_A_GAP_SHORT'}, {'CARD_WITHDRAWAL_A_GAP_SHORT'}]",0.17414027525203535,316,0.892816787732042,0.9694829047753603,3600
"[{'CARD_WITHDRAWAL_D_GAP_MED'}, {'CARD_WITHDRAWAL_D_GAP_MED'}, {'CARD_WITHDRAWAL_C_GAP_MED'}, {'CARD_WITHDRAWAL_A_GAP_SHORT'}, {'CARD_WITHDRAWAL_C_GAP_MED'}, {'CARD_WITHDRAWAL_B_GAP_SHORT'}, {'CARD_WITHDRAWAL_B_GAP_MED'}, {'CARD_WITHDRAWAL_C_GAP_MED'}, {'CARD_WITHDRAWAL_C_GAP_MED'}]",0.1740576344903133,172,0.8802469135802469,0.9694829047753603,3600
"[{'CARD_WITHDRAWAL_D_GAP_MED'}, {'CARD_WITHDRAWAL_D_GAP_MED'}, {'CARD_WITHDRAWAL_A_GAP_SHORT'}, {'CARD_WITHDRAWAL_D_GAP_MED'}, {'CARD_WITHDRAWAL_D_GAP_MED'}, {'CARD_WITHDRAWAL_D_GAP_MED'}, {'CARD_WITHDRAWAL_D_GAP_SHORT'}, {'CARD_WITHDRAWAL_A_GAP_SHORT'}]",0.17384860696778648,563,0.9125703564727955,0.9694829047753603,3600
"[{'CARD_WITHDRAWAL_D_GAP_MED'}, {'CARD_WITHDRAWAL_D_GAP_MED'}, {'CARD_WITHDRAWAL_B_GAP_MED'}, {'CARD_WITHDRAWAL_D_GAP_MED'}, {'CARD_WITHDRAWAL_A_GAP_SHORT'}, {'CARD_WITHDRAWAL_A_GAP_SHORT'}, {'CARD_WITHDRAWAL_A_GAP_SHORT'}, {'CARD_WITHDRAWAL_A_GAP_SHORT'}, {'CARD_WITHDRAWAL_D_GAP_SHORT'}]",0.17381423025105414,448,0.8992890995260663,0.9694829047753603,3600
"[{'DEPOSIT_A_GAP_SHORT'}, {'CARD_WITHDRAWAL_D_GAP_MED'}, {'CARD_WITHDRAWAL_D_GAP_MED'}, {'CARD_WITHDRAWAL_D_GAP_MED'}, {'CARD_WITHDRAWAL_C_GAP_MED'}, {'CARD_WITHDRAWAL_C_GAP_SHORT'}, {'CARD_WITHDRAWAL_B_GAP_MED'}, {'CARD_WITHDRAWAL_C_GAP_MED'}, {'CARD_WITHDRAWAL_C_GAP_MED'}]",0.17381013010373325,223,0.8859154929577464,0.9694829047753603,3600
"[{'PROFILE_OLD_MALE'}, {'CARD_WITHDRAWAL_D_GAP_LONG'}, {'CARD_WITHDRAWAL_D_GAP_SHORT'}, {'CARD_WITHDRAWAL_D_GAP_MED'}, {'CARD_WITHDRAWAL_D_GAP_MED'}, {'CARD_WITHDRAWAL_D_GAP_MED'}, {'CARD_WITHDRAWAL_C_GAP_MED'}]",0.1738044936368962,251,0.9155188246097338,0.9694829047753603,3600
"[{'DEPOSIT_A_GAP_SHORT'}, {'CARD_WITHDRAWAL_A_GAP_SHORT'}, {'CARD_WITHDRAWAL_B_GAP_MED'}, {'CARD_WITHDRAWAL_B_GAP_MED'}, {'CARD_WITHDRAWAL_B_GAP_MED'}, {'TRANSFER_B_GAP_SHORT'}, {'DEPOSIT_C_GAP_SHORT'}]",0.17380431999657786,79,0.8974358974358975,0.9694829047753603,3600
"[{'PROFILE_REGION_LOW_CRIME'}, {'DEPOSIT_A_GAP_SHORT'}, {'CARD_WITHDRAWAL_D_GAP_SHORT'}, {'CARD_WITHDRAWAL_D_GAP_MED'}, {'CARD_WITHDRAWAL_A_GAP_SHORT'}, {'CARD_WITHDRAWAL_C_GAP_MED'}, {'CARD_WITHDRAWAL_A_GAP_SHORT'}]",0.17353496436785965,253,0.9157202630005977,0.9694829047753603,3600
"[{'PROFILE_OLD_FEMALE'}, {'DEPOSIT_D_GAP_LONG'}, {'CARD_WITHDRAWAL_C_GAP_SHORT'}, {'DEPOSIT_D_GAP_MED'}, {'CARD_WITHDRAWAL_B_GAP_MED'}, {'DEPOSIT_D_GAP_MED'}, {'CARD_WITHDRAWAL_C_GAP_LONG'}]",0.17346491576441214,122,0.904995904995905,0.9694829047753603,3600
"[{'CARD_WITHDRAWAL_C_GAP_MED'}, {'CARD_WITHDRAWAL_C_GAP_MED'}, {'CARD_WITHDRAWAL_C_GAP_MED'}, {'CARD_WITHDRAWAL_C_GAP_MED'}, {'CARD_WITHDRAWAL_D_GAP_MED'}, {'CARD_WITHDRAWAL_C_GAP_LONG'}, {'CARD_WITHDRAWAL_C_GAP_MED'}, {'CARD_WITHDRAWAL_C_GAP_MED'}]",0.17339666492726313,133,0.8879928315412187,0.9694829047753603,3600
"[{'CARD_WITHDRAWAL_C_GAP_LONG'}, {'CARD_WITHDRAWAL_D_GAP_LONG'}, {'CARD_WITHDRAWAL_D_GAP_MED'}, {'CARD_WITHDRAWAL_C_GAP_MED'}, {'CARD_WITHDRAWAL_D_GAP_MED'}, {'CARD_WITHDRAWAL_C_GAP_MED'}, {'CARD_WITHDRAWAL_B_GAP_MED'}]",0.17334526102389258,291,0.9176328502415458,0.9694829047753603,3600
"[{'PROFILE_OLD_FEMALE', 'PROFILE_REGION_LOW_EDU'}, {'CARD_WITHDRAWAL_B_GAP_MED'}, {'CARD_WITHDRAWAL_C_GAP_MED'}, {'DEPOSIT_C_GAP_MED'}, {'DEPOSIT_B_GAP_MED'}, {'CARD_WITHDRAWAL_A_GAP_SHORT'}, {'CARD_WITHDRAWAL_A_GAP_SHORT'}, {'CARD_WITHDRAWAL_A_GAP_SHORT'}, {'CARD_WITHDRAWAL_A_GAP_SHORT'}, {'CARD_WITHDRAWAL_A_GAP_SHORT'}]",0.17331579277921116,29,0.8148148148148149,0.9694829047753603,3600
"[{'CARD_WITHDRAWAL_C_GAP_MED'}, {'CARD_WITHDRAWAL_D_GAP_MED'}, {'CARD_WITHDRAWAL_B_GAP_SHORT'}, {'CARD_WITHDRAWAL_C_GAP_SHORT'}, {'CARD_WITHDRAWAL_D_GAP_MED'}, {'CARD_WITHDRAWAL_C_GAP_SHORT'}, {'CARD_WITHDRAWAL_C_GAP_LONG'}]",0.17286768992339796,90,0.9001721170395869,0.9694829047753603,3600
"[{'PROFILE_REGION_HIGH_INCOME'}, {'DEPOSIT_C_GAP_LONG'}, {'CARD_WITHDRAWAL_B_GAP_SHORT'}, {'CARD_WITHDRAWAL_A_GAP_SHORT'}, {'CARD_WITHDRAWAL_A_GAP_SHORT'}, {'CARD_WITHDRAWAL_A_GAP_SHORT'}, {'CARD_WITHDRAWAL_A_GAP_SHORT'}, {'CARD_WITHDRAWAL_A_GAP_SHORT'}, {'DEPOSIT_C_GAP_MED'}]",0.17277165084462154,118,0.8717948717948718,0.9694829047753603,3600
"[{'CARD_WITHDRAWAL_D_GAP_LONG'}, {'CARD_WITHDRAWAL_D_GAP_LONG'}, {'CARD_WITHDRAWAL_D_GAP_SHORT'}, {'CARD_WITHDRAWAL_A_GAP_SHORT'}, {'CARD_WITHDRAWAL_A_GAP_SHORT'}, {'CARD_WITHDRAWAL_C_GAP_LONG'}, {'CARD_WITHDRAWAL_A_GAP_SHORT'}, {'CARD_WITHDRAWAL_B_GAP_LONG'}]",0.17253646564000735,151,0.8908045977011494,0.9694829047753603,3600
"[{'DEPOSIT_D_GAP_LONG'}, {'CARD_WITHDRAWAL_A_GAP_SHORT'}, {'CARD_WITHDRAWAL_B_GAP_MED'}, {'CARD_WITHDRAWAL_A_GAP_SHORT'}, {'CARD_WITHDRAWAL_A_GAP_SHORT'}, {'CARD_WITHDRAWAL_A_GAP_SHORT'}, {'CARD_WITHDRAWAL_C_GAP_MED'}, {'CARD_WITHDRAWAL_A_GAP_SHORT'}, {'CARD_WITHDRAWAL_A_GAP_SHORT'}, {'DEPOSIT_C_GAP_LONG'}]",0.1724733433647485,104,0.8573099415204678,0.9694829047753603,3600
"[{'CARD_WITHDRAWAL_B_GAP_LONG'}, {'CARD_WITHDRAWAL_D_GAP_LONG'}, {'CARD_WITHDRAWAL_D_GAP_MED'}, {'CARD_WITHDRAWAL_D_GAP_MED'}, {'CARD_WITHDRAWAL_B_GAP_MED'}, {'CARD_WITHDRAWAL_C_GAP_MED'}, {'CARD_WITHDRAWAL_C_GAP_SHORT'}, {'CARD_WITHDRAWAL_D_GAP_MED'}]",0.17225190676894053,93,0.8807692307692309,0.9694829047753603,3600
"[{'DEPOSIT_A_GAP_SHORT'}, {'CARD_WITHDRAWAL_B_GAP_MED'}, {'CARD_WITHDRAWAL_C_GAP_MED'}, {'CARD_WITHDRAWAL_A_GAP_SHORT'}, {'CARD_WITHDRAWAL_C_GAP_MED'}, {'CARD_WITHDRAWAL_C_GAP_LONG'}, {'CARD_WITHDRAWAL_B_GAP_MED'}, {'CARD_WITHDRAWAL_C_GAP_MED'}]",0.17221848627410996,167,0.8928571428571428,0.9694829047753603,3600
"[{'DEPOSIT_A_GAP_SHORT'}, {'DEPOSIT_D_GAP_LONG'}, {'CARD_WITHDRAWAL_A_GAP_SHORT'}, {'CARD_WITHDRAWAL_C_GAP_MED'}, {'CARD_WITHDRAWAL_B_GAP_SHORT'}, {'CARD_WITHDRAWAL_B_GAP_SHORT'}, {'CARD_WITHDRAWAL_C_GAP_MED'}, {'DEPOSIT_D_GAP_SHORT'}, {'CARD_WITHDRAWAL_B_GAP_LONG'}]",0.17214178162514582,72,0.8591549295774648,0.9694829047753603,3600
"[{'CARD_WITHDRAWAL_D_GAP_SHORT'}, {'CARD_WITHDRAWAL_D_GAP_SHORT'}, {'CARD_WITHDRAWAL_D_GAP_LONG'}, {'CARD_WITHDRAWAL_B_GAP_MED'}, {'CARD_WITHDRAWAL_D_GAP_MED'}, {'CARD_WITHDRAWAL_A_GAP_SHORT'}, {'CARD_WITHDRAWAL_B_GAP_MED'}]",0.1721199599333063,255,0.9163237311385459,0.9694829047753603,3600
"[{'PROFILE_REGION_HIGH_EDU'}, {'CARD_WITHDRAWAL_D_GAP_MED'}, {'CARD_WITHDRAWAL_D_GAP_LONG'}, {'CARD_WITHDRAWAL_C_GAP_SHORT'}, {'CARD_WITHDRAWAL_D_GAP_MED'}, {'CARD_WITHDRAWAL_C_GAP_MED'}, {'CARD_WITHDRAWAL_C_GAP_LONG'}]",0.1719592542880959,106,0.9033492822966507,0.9694829047753603,3600
"[{'CARD_WITHDRAWAL_D_GAP_LONG'}, {'CARD_WITHDRAWAL_A_GAP_SHORT'}, {'CARD_WITHDRAWAL_A_GAP_SHORT'}, {'CARD_WITHDRAWAL_D_GAP_SHORT'}, {'CARD_WITHDRAWAL_A_GAP_SHORT'}, {'CARD_WITHDRAWAL_D_GAP_SHORT'}, {'CARD_WITHDRAWAL_D_GAP_LONG'}, {'CARD_WITHDRAWAL_D_GAP_LONG'}]",0.17192144933456133,201,0.896412037037037,0.9694829047753603,3600
"[{'PROFILE_REGION_LOW_CRIME'}, {'CARD_WITHDRAWAL_C_GAP_MED'}, {'CARD_WITHDRAWAL_D_GAP_MED'}, {'CARD_WITHDRAWAL_D_GAP_MED'}, {'CARD_WITHDRAWAL_C_GAP_MED'}, {'CARD_WITHDRAWAL_D_GAP_MED'}, {'CARD_WITHDRAWAL_A_GAP_SHORT'}, {'CARD_WITHDRAWAL_A_GAP_SHORT'}, {'CARD_WITHDRAWAL_C_GAP_LONG'}]",0.17186949661666817,104,0.8689248895434463,0.9694829047753603,3600
"[{'PROFILE_REGION_HIGH_EDU'}, {'CARD_WITHDRAWAL_D_GAP_MED'}, {'CARD_WITHDRAWAL_B_GAP_MED'}, {'CARD_WITHDRAWAL_D_GAP_MED'}, {'CARD_WITHDRAWAL_A_GAP_SHORT'}, {'CARD_WITHDRAWAL_C_GAP_MED'}, {'DEPOSIT_D_GAP_MED'}]",0.17182109351519692,276,0.9174687691992628,0.9694829047753603,3600
"[{'DEPOSIT_A_GAP_SHORT'}, {'CARD_WITHDRAWAL_D_GAP_LONG'}, {'CARD_WITHDRAWAL_C_GAP_LONG'}, {'CARD_WITHDRAWAL_C_GAP_MED'}, {'CARD_WITHDRAWAL_C_GAP_MED'}, {'CARD_WITHDRAWAL_D_GAP_MED'}, {'CARD_WITHDRAWAL_C_GAP_MED'}, {'CARD_WITHDRAWAL_C_GAP_MED'}]",0.1717557907547549,206,0.8969072164948453,0.9694829047753603,3600
"[{'PROFILE_OLD_FEMALE'}, {'DEPOSIT_D_GAP_LONG'}, {'CARD_WITHDRAWAL_D_GAP_MED'}, {'CARD_WITHDRAWAL_D_GAP_MED'}, {'CARD_WITHDRAWAL_C_GAP_MED'}, {'DEPOSIT_D_GAP_LONG'}, {'CARD_WITHDRAWAL_C_GAP_MED'}]",0.17161447272411712,198,0.9130434782608696,0.9694829047753603,3600
"[{'CARD_WITHDRAWAL_D_GAP_MED'}, {'CARD_WITHDRAWAL_C_GAP_MED'}, {'CARD_WITHDRAWAL_D_GAP_SHORT'}, {'CARD_WITHDRAWAL_D_GAP_SHORT'}, {'CARD_WITHDRAWAL_D_GAP_MED'}, {'CARD_WITHDRAWAL_D_GAP_MED'}, {'CARD_WITHDRAWAL_D_GAP_LONG'}]",0.17106960093757717,304,0.9189655172413793,0.9694829047753603,3600
"[{'PROFILE_REGION_LOW_CRIME', 'PROFILE_REGION_LOW_INCOME'}, {'CARD_WITHDRAWAL_C_GAP_SHORT'}, {'CARD_WITHDRAWAL_A_GAP_SHORT'}, {'CARD_WITHDRAWAL_A_GAP_SHORT'}, {'CARD_WITHDRAWAL_B_GAP_MED'}, {'CARD_WITHDRAWAL_D_GAP_SHORT'}, {'CARD_WITHDRAWAL_A_GAP_SHORT'}, {'CARD_WITHDRAWAL_A_GAP_SHORT'}, {'CARD_WITHDRAWAL_A_GAP_SHORT'}, {'CARD_WITHDRAWAL_A_GAP_SHORT'}]",0.17075046854011877,83,0.8512820512820513,0.9694829047753603,3600
"[{'DEPOSIT_A_GAP_SHORT'}, {'CARD_WITHDRAWAL_D_GAP_MED'}, {'CARD_WITHDRAWAL_D_GAP_MED'}, {'CARD_WITHDRAWAL_C_GAP_MED'}, {'CARD_WITHDRAWAL_A_GAP_MED'}, {'CARD_WITHDRAWAL_C_GAP_SHORT'}, {'CARD_WITHDRAWAL_C_GAP_MED'}]",0.17057699636850399,231,0.9155555555555556,0.9694829047753603,3600
"[{'PROFILE_OLD_MALE'}, {'DEPOSIT_A_GAP_SHORT'}, {'CARD_WITHDRAWAL_C_GAP_MED'}, {'CARD_WITHDRAWAL_B_GAP_SHORT'}, {'CARD_WITHDRAWAL_D_GAP_MED'}, {'CARD_WITHDRAWAL_A_GAP_SHORT'}, {'CARD_WITHDRAWAL_A_GAP_SHORT'}]",0.17056540015608157,273,0.9177654406662039,0.9694829047753603,3600
"[{'CARD_WITHDRAWAL_A_GAP_SHORT'}, {'CARD_WITHDRAWAL_B_GAP_LONG'}, {'CARD_WITHDRAWAL_A_GAP_SHORT'}, {'CARD_WITHDRAWAL_C_GAP_SHORT'}, {'CARD_WITHDRAWAL_B_GAP_MED'}, {'CARD_WITHDRAWAL_C_GAP_MED'}, {'CARD_WITHDRAWAL_B_GAP_LONG'}, {'CARD_WITHDRAWAL_A_GAP_SHORT'}]",0.17041298890677015,144,0.8905349794238683,0.9694829047753603,3600
"[{'CARD_WITHDRAWAL_B_GAP_MED'}, {'CARD_WITHDRAWAL_C_GAP_MED'}, {'CARD_WITHDRAWAL_A_GAP_SHORT'}, {'DEPOSIT_B_GAP_SHORT'}, {'CARD_WITHDRAWAL_A_GAP_SHORT'}, {'CARD_WITHDRAWAL_A_GAP_SHORT'}, {'CARD_WITHDRAWAL_B_GAP_SHORT'}]",0.17022110092688703,119,0.905982905982906,0.9694829047753603,3600
"[{'DEPOSIT_D_GAP_LONG'}, {'CARD_WITHDRAWAL_C_GAP_MED'}, {'CARD_WITHDRAWAL_C_GAP_MED'}, {'CARD_WITHDRAWAL_C_GAP_MED'}, {'CARD_WITHDRAWAL_C_GAP_MED'}, {'CARD_WITHDRAWAL_D_GAP_MED'}, {'DEPOSIT_D_GAP_LONG'}, {'CARD_WITHDRAWAL_A_GAP_SHORT'}, {'CARD_WITHDRAWAL_C_GAP_MED'}]",0.16988890430655923,121,0.8732193732193733,0.9694829047753603,3600
"[{'PROFILE_OLD_FEMALE'}, {'DEPOSIT_D_GAP_MED'}, {'CARD_WITHDRAWAL_C_GAP_LONG'}, {'DEPOSIT_D_GAP_MED'}, {'CARD_WITHDRAWAL_C_GAP_MED'}, {'DEPOSIT_C_GAP_MED'}, {'CARD_WITHDRAWAL_C_GAP_MED'}]",0.16965342207315637,73,0.8980099502487562,0.9694829047753603,3600
"[{'PROFILE_REGION_HIGH_INCOME'}, {'DEPOSIT_B_GAP_SHORT'}, {'CARD_WITHDRAWAL_B_GAP_MED'}, {'CARD_WITHDRAWAL_B_GAP_MED'}, {'CARD_WITHDRAWAL_C_GAP_MED'}, {'CARD_WITHDRAWAL_B_GAP_MED'}, {'CARD_WITHDRAWAL_B_GAP_SHORT'}]",0.169476357342069,178,0.9123563218390804,0.9694829047753603,3600
"[{'PROFILE_REGION_HIGH_EDU', 'PROFILE_REGION_HIGH_INCOME', 'PROFILE_REGION_HIGH_CRIME'}, {'CARD_WITHDRAWAL_B_GAP_MED'}, {'TRANSFER_B_GAP_MED'}, {'CARD_WITHDRAWAL_B_GAP_SHORT'}, {'CARD_WITHDRAWAL_B_GAP_MED'}, {'CARD_WITHDRAWAL_C_GAP_MED'}, {'TRANSFER_B_GAP_MED'}]",0.16932812384838325,81,0.9,0.9694829047753603,3600
"[{'CARD_WITHDRAWAL_D_GAP_LONG'}, {'CARD_WITHDRAWAL_D_GAP_MED'}, {'CARD_WITHDRAWAL_D_GAP_MED'}, {'CARD_WITHDRAWAL_C_GAP_MED'}, {'CARD_WITHDRAWAL_A_GAP_SHORT'}, {'CARD_WITHDRAWAL_A_GAP_SHORT'}, {'CARD_WITHDRAWAL_A_GAP_SHORT'}, {'CARD_WITHDRAWAL_D_GAP_MED'}]",0.1693150025401685,457,0.9105943152454781,0.9694829047753603,3600
"[{'CARD_WITHDRAWAL_D_GAP_MED'}, {'CARD_WITHDRAWAL_C_GAP_MED'}, {'CARD_WITHDRAWAL_C_GAP_MED'}, {'CARD_WITHDRAWAL_D_GAP_MED'}, {'CARD_WITHDRAWAL_D_GAP_MED'}, {'CARD_WITHDRAWAL_D_GAP_MED'}, {'CARD_WITHDRAWAL_C_GAP_MED'}, {'CARD_WITHDRAWAL_D_GAP_MED'}]",0.16921863546713167,363,0.907128933444723,0.9694829047753603,3600
"[{'CARD_WITHDRAWAL_D_GAP_MED'}, {'CARD_WITHDRAWAL_D_GAP_MED'}, {'CARD_WITHDRAWAL_B_GAP_LONG'}, {'CARD_WITHDRAWAL_C_GAP_MED'}, {'CARD_WITHDRAWAL_C_GAP_LONG'}, {'CARD_WITHDRAWAL_D_GAP_MED'}, {'CARD_WITHDRAWAL_D_GAP_SHORT'}, {'CARD_WITHDRAWAL_A_GAP_SHORT'}, {'CARD_WITHDRAWAL_B_GAP_MED'}]",0.16912113028451303,59,0.8545454545454545,0.9694829047753603,3600
"[{'PROFILE_REGION_LOW_EDU'}, {'CARD_WITHDRAWAL_A_GAP_SHORT'}, {'CARD_WITHDRAWAL_A_GAP_SHORT'}, {'CARD_WITHDRAWAL_D_GAP_MED'}, {'CARD_WITHDRAWAL_D_GAP_SHORT'}, {'CARD_WITHDRAWAL_D_GAP_MED'}, {'CARD_WITHDRAWAL_D_GAP_MED'}, {'CARD_WITHDRAWAL_D_GAP_MED'}]",0.1690647454562042,253,0.9012820512820513,0.9694829047753603,3600
"[{'CARD_WITHDRAWAL_D_GAP_MED'}, {'CARD_WITHDRAWAL_D_GAP_MED'}, {'CARD_WITHDRAWAL_C_GAP_MED'}, {'CARD_WITHDRAWAL_D_GAP_MED'}, {'CARD_WITHDRAWAL_A_GAP_SHORT'}, {'CARD_WITHDRAWAL_D_GAP_SHORT'}, {'CARD_WITHDRAWAL_D_GAP_SHORT'}, {'CARD_WITHDRAWAL_A_GAP_SHORT'}, {'CARD_WITHDRAWAL_C_GAP_MED'}]",0.1690423305514892,245,0.8889855072463768,0.9694829047753603,3600
"[{'CARD_WITHDRAWAL_D_GAP_LONG'}, {'CARD_WITHDRAWAL_D_GAP_LONG'}, {'CARD_WITHDRAWAL_D_GAP_MED'}, {'CARD_WITHDRAWAL_D_GAP_MED'}, {'CARD_WITHDRAWAL_C_GAP_MED'}, {'CARD_WITHDRAWAL_C_GAP_MED'}, {'CARD_WITHDRAWAL_C_GAP_MED'}, {'CARD_WITHDRAWAL_D_GAP_MED'}]",0.16891191970831076,367,0.9073768235617947,0.9694829047753603,3600
"[{'PROFILE_REGION_HIGH_CRIME'}, {'CARD_WITHDRAWAL_D_GAP_MED'}, {'CARD_WITHDRAWAL_D_GAP_MED'}, {'CARD_WITHDRAWAL_C_GAP_SHORT'}, {'CARD_WITHDRAWAL_C_GAP_MED'}, {'CARD_WITHDRAWAL_B_GAP_SHORT'}, {'CARD_WITHDRAWAL_C_GAP_MED'}]",0.16828936616733703,233,0.91651376146789,0.9694829047753603,3600
"[{'CARD_WITHDRAWAL_A_GAP_SHORT'}, {'CARD_WITHDRAWAL_D_GAP_MED'}, {'CARD_WITHDRAWAL_A_GAP_SHORT'}, {'DEPOSIT_D_GAP_MED'}, {'CARD_WITHDRAWAL_D_GAP_MED'}, {'CARD_WITHDRAWAL_C_GAP_LONG'}, {'CARD_WITHDRAWAL_B_GAP_MED'}, {'CARD_WITHDRAWAL_B_GAP_LONG'}, {'CARD_WITHDRAWAL_B_GAP_MED'}]",0.16825885873528534,57,0.8538461538461539,0.9694829047753603,3600
"[{'CARD_WITHDRAWAL_C_GAP_MED'}, {'CARD_WITHDRAWAL_D_GAP_MED'}, {'CARD_WITHDRAWAL_C_GAP_MED'}, {'CARD_WITHDRAWAL_C_GAP_SHORT'}, {'CARD_WITHDRAWAL_C_GAP_SHORT'}, {'CARD_WITHDRAWAL_A_GAP_SHORT'}, {'CARD_WITHDRAWAL_A_GAP_SHORT'}, {'CARD_WITHDRAWAL_D_GAP_LONG'}]",0.16795656284732785,145,0.8914518317503393,0.9694829047753603,3600
"[{'CARD_WITHDRAWAL_C_GAP_LONG'}, {'CARD_WITHDRAWAL_D_GAP_SHORT'}, {'DEPOSIT_D_GAP_SHORT'}, {'CARD_WITHDRAWAL_A_GAP_SHORT'}, {'DEPOSIT_D_GAP_SHORT'}, {'DEPOSIT_D_GAP_SHORT'}, {'CARD_WITHDRAWAL_C_GAP_MED'}]",0.16784939006976352,144,0.9099264705882353,0.9694829047753603,3600
"[{'CARD_WITHDRAWAL_D_GAP_MED'}, {'CARD_WITHDRAWAL_C_GAP_MED'}, {'CARD_WITHDRAWAL_A_GAP_SHORT'}, {'CARD_WITHDRAWAL_C_GAP_MED'}, {'CARD_WITHDRAWAL_B_GAP_MED'}, {'CARD_WITHDRAWAL_C_GAP_MED'}, {'CARD_WITHDRAWAL_C_GAP_SHORT'}, {'CARD_WITHDRAWAL_A_GAP_SHORT'}]",0.16752132645601325,283,0.9035824856258293,0.9694829047753603,3600
"[{'PROFILE_REGION_HIGH_CRIME'}, {'CARD_WITHDRAWAL_C_GAP_MED'}, {'CARD_WITHDRAWAL_C_GAP_MED'}, {'CARD_WITHDRAWAL_C_GAP_MED'}, {'CARD_WITHDRAWAL_D_GAP_MED'}, {'CARD_WITHDRAWAL_B_GAP_MED'}, {'CARD_WITHDRAWAL_D_GAP_SHORT'}, {'CARD_WITHDRAWAL_C_GAP_MED'}, {'CARD_WITHDRAWAL_A_GAP_SHORT'}]",0.1674294160584262,100,0.8692543411644535,0.9694829047753603,3600
"[{'CARD_WITHDRAWAL_C_GAP_MED'}, {'CARD_WITHDRAWAL_C_GAP_MED'}, {'CARD_WITHDRAWAL_B_GAP_SHORT'}, {'DEPOSIT_D_GAP_SHORT'}, {'CARD_WITHDRAWAL_D_GAP_SHORT'}, {'DEPOSIT_D_GAP_SHORT'}, {'CARD_WITHDRAWAL_A_GAP_SHORT'}]",0.16740940163626628,150,0.9107142857142857,0.9694829047753603,3600
"[{'PROFILE_REGION_HIGH_INCOME'}, {'CARD_WITHDRAWAL_C_GAP_SHORT'}, {'CARD_WITHDRAWAL_C_GAP_MED'}, {'CARD_WITHDRAWAL_A_GAP_SHORT'}, {'CARD_WITHDRAWAL_C_GAP_MED'}, {'CARD_WITHDRAWAL_B_GAP_SHORT'}, {'CARD_WITHDRAWAL_B_GAP_MED'}]",0.1672164194761433,177,0.9131736526946108,0.9694829047753603,3600
"[{'DEPOSIT_D_GAP_LONG'}, {'DEPOSIT_D_GAP_LONG'}, {'DEPOSIT_D_GAP_SHORT'}, {'CARD_WITHDRAWAL_B_GAP_LONG'}, {'DEPOSIT_D_GAP_MED'}, {'CARD_WITHDRAWAL_C_GAP_MED'}, {'CARD_WITHDRAWAL_C_GAP_LONG'}]",0.16721133968125612,138,0.9095607235142119,0.9694829047753603,3600
"[{'PROFILE_REGION_LOW_CRIME'}, {'DEPOSIT_A_GAP_SHORT'}, {'DEPOSIT_D_GAP_MED'}, {'CARD_WITHDRAWAL_C_GAP_LONG'}, {'DEPOSIT_D_GAP_SHORT'}, {'DEPOSIT_D_GAP_MED'}, {'CARD_WITHDRAWAL_B_GAP_LONG'}]",0.16720132357332562,121,0.907563025210084,0.9694829047753603,3600
"[{'PROFILE_REGION_LOW_CRIME'}, {'CARD_WITHDRAWAL_C_GAP_MED'}, {'CARD_WITHDRAWAL_A_GAP_SHORT'}, {'CARD_WITHDRAWAL_A_GAP_SHORT'}, {'CARD_WITHDRAWAL_C_GAP_LONG'}, {'CARD_WITHDRAWAL_B_GAP_LONG'}, {'CARD_WITHDRAWAL_D_GAP_MED'}, {'CARD_WITHDRAWAL_A_GAP_SHORT'}, {'CARD_WITHDRAWAL_B_GAP_MED'}, {'CARD_WITHDRAWAL_C_GAP_MED'}]",0.16679309210778626,40,0.8289473684210527,0.9694829047753603,3600
"[{'DEPOSIT_A_GAP_SHORT'}, {'CARD_WITHDRAWAL_D_GAP_MED'}, {'CARD_WITHDRAWAL_D_GAP_MED'}, {'CARD_WITHDRAWAL_D_GAP_MED'}, {'CARD_WITHDRAWAL_D_GAP_MED'}, {'CARD_WITHDRAWAL_A_GAP_SHORT'}, {'CARD_WITHDRAWAL_C_GAP_MED'}, {'CARD_WITHDRAWAL_C_GAP_LONG'}]",0.16676427467840893,325,0.9060215053763441,0.9694829047753603,3600
"[{'DEPOSIT_A_GAP_SHORT'}, {'DEPOSIT_C_GAP_LONG'}, {'CARD_WITHDRAWAL_D_GAP_SHORT'}, {'CARD_WITHDRAWAL_B_GAP_MED'}, {'CARD_WITHDRAWAL_A_GAP_SHORT'}, {'CARD_WITHDRAWAL_B_GAP_MED'}, {'CARD_WITHDRAWAL_B_GAP_MED'}]",0.166513458147996,150,0.9110889110889111,0.9694829047753603,3600
"[{'CARD_WITHDRAWAL_A_GAP_SHORT'}, {'CARD_WITHDRAWAL_A_GAP_SHORT'}, {'CARD_WITHDRAWAL_C_GAP_MED'}, {'CARD_WITHDRAWAL_C_GAP_MED'}, {'CARD_WITHDRAWAL_C_GAP_MED'}, {'CARD_WITHDRAWAL_A_GAP_SHORT'}, {'CARD_WITHDRAWAL_A_GAP_SHORT'}, {'CARD_WITHDRAWAL_A_GAP_SHORT'}]",0.16647409568764648,589,0.9148530170190821,0.9694829047753603,3600
"[{'PROFILE_REGION_HIGH_INCOME', 'PROFILE_REGION_HIGH_CRIME'}, {'DEPOSIT_B_GAP_SHORT'}, {'DEPOSIT_D_GAP_MED'}, {'CARD_WITHDRAWAL_C_GAP_MED'}, {'CARD_WITHDRAWAL_C_GAP_MED'}, {'CARD_WITHDRAWAL_C_GAP_MED'}, {'DEPOSIT_C_GAP_LONG'}]",0.1662543146767399,27,0.88,0.9694829047753603,3600
"[{'CARD_WITHDRAWAL_D_GAP_MED'}, {'CARD_WITHDRAWAL_D_GAP_MED'}, {'CARD_WITHDRAWAL_D_GAP_MED'}, {'CARD_WITHDRAWAL_D_GAP_SHORT'}, {'CARD_WITHDRAWAL_C_GAP_MED'}, {'CARD_WITHDRAWAL_D_GAP_MED'}, {'CARD_WITHDRAWAL_D_GAP_MED'}, {'CARD_WITHDRAWAL_D_GAP_MED'}]",0.16557470349747927,475,0.912049861495845,0.9694829047753603,3600
"[{'PROFILE_REGION_LOW_EDU'}, {'DEPOSIT_C_GAP_LONG'}, {'CARD_WITHDRAWAL_B_GAP_MED'}, {'CARD_WITHDRAWAL_A_GAP_MED'}, {'CARD_WITHDRAWAL_B_GAP_SHORT'}, {'CARD_WITHDRAWAL_C_GAP_MED'}, {'CARD_WITHDRAWAL_B_GAP_MED'}, {'CARD_WITHDRAWAL_A_GAP_SHORT'}]",0.16555817270215878,75,0.8783783783783784,0.9694829047753603,3600
"[{'DEPOSIT_A_GAP_SHORT'}, {'DEPOSIT_D_GAP_LONG'}, {'CARD_WITHDRAWAL_C_GAP_SHORT'}, {'CARD_WITHDRAWAL_B_GAP_SHORT'}, {'CARD_WITHDRAWAL_B_GAP_MED'}, {'CARD_WITHDRAWAL_A_GAP_SHORT'}, {'DEPOSIT_C_GAP_MED'}]",0.16542703000826908,118,0.9079646017699115,0.9694829047753603,3600
"[{'PROFILE_REGION_HIGH_EDU'}, {'CARD_WITHDRAWAL_D_GAP_MED'}, {'CARD_WITHDRAWAL_D_GAP_MED'}, {'CARD_WITHDRAWAL_D_GAP_MED'}, {'CARD_WITHDRAWAL_D_GAP_LONG'}, {'CARD_WITHDRAWAL_C_GAP_MED'}, {'CARD_WITHDRAWAL_C_GAP_LONG'}]",0.16470706093212772,168,0.9134615384615385,0.9694829047753603,3600
"[{'DEPOSIT_D_GAP_LONG'}, {'DEPOSIT_D_GAP_LONG'}, {'DEPOSIT_D_GAP_SHORT'}, {'DEPOSIT_D_GAP_LONG'}, {'CARD_WITHDRAWAL_D_GAP_SHORT'}, {'CARD_WITHDRAWAL_A_GAP_SHORT'}, {'CARD_WITHDRAWAL_A_GAP_SHORT'}, {'CARD_WITHDRAWAL_B_GAP_LONG'}]",0.16469298721575898,180,0.896551724137931,0.9694829047753603,3600
"[{'DEPOSIT_D_GAP_LONG'}, {'DEPOSIT_D_GAP_MED'}, {'CARD_WITHDRAWAL_D_GAP_SHORT'}, {'CARD_WITHDRAWAL_A_GAP_SHORT'}, {'CARD_WITHDRAWAL_A_GAP_SHORT'}, {'CARD_WITHDRAWAL_B_GAP_MED'}, {'CARD_WITHDRAWAL_C_GAP_MED'}, {'CARD_WITHDRAWAL_D_GAP_MED'}, {'CARD_WITHDRAWAL_D_GAP_MED'}]",0.16440838145338188,250,0.8904964539007093,0.9694829047753603,3600
"[{'DEPOSIT_A_GAP_SHORT'}, {'CARD_WITHDRAWAL_C_GAP_MED'}, {'CARD_WITHDRAWAL_C_GAP_MED'}, {'CARD_WITHDRAWAL_C_GAP_MED'}, {'CARD_WITHDRAWAL_A_GAP_SHORT'}, {'CARD_WITHDRAWAL_C_GAP_SHORT'}, {'CARD_WITHDRAWAL_A_GAP_SHORT'}, {'CARD_WITHDRAWAL_A_GAP_SHORT'}]",0.16434396726193723,376,0.9089075108628181,0.9694829047753603,3600
"[{'CARD_WITHDRAWAL_D_GAP_MED'}, {'CARD_WITHDRAWAL_D_GAP_MED'}, {'CARD_WITHDRAWAL_D_GAP_MED'}, {'CARD_WITHDRAWAL_D_GAP_MED'}, {'CARD_WITHDRAWAL_C_GAP_MED'}, {'CARD_WITHDRAWAL_D_GAP_MED'}, {'CARD_WITHDRAWAL_A_GAP_SHORT'}, {'CARD_WITHDRAWAL_C_GAP_MED'}]",0.1641940342593271,473,0.9123214593013251,0.9694829047753603,3600
"[{'CARD_WITHDRAWAL_D_GAP_MED'}, {'CARD_WITHDRAWAL_D_GAP_MED'}, {'CARD_WITHDRAWAL_D_GAP_MED'}, {'CARD_WITHDRAWAL_A_GAP_SHORT'}, {'CARD_WITHDRAWAL_B_GAP_MED'}, {'CARD_WITHDRAWAL_C_GAP_MED'}, {'CARD_WITHDRAWAL_A_GAP_SHORT'}, {'CARD_WITHDRAWAL_D_GAP_MED'}, {'CARD_WITHDRAWAL_D_GAP_MED'}]",0.16416842593415004,416,0.8999889368292953,0.9694829047753603,3600
"[{'CARD_WITHDRAWAL_D_GAP_MED'}, {'CARD_WITHDRAWAL_D_GAP_MED'}, {'CARD_WITHDRAWAL_D_GAP_LONG'}, {'CARD_WITHDRAWAL_A_GAP_MED'}, {'CARD_WITHDRAWAL_B_GAP_MED'}, {'CARD_WITHDRAWAL_A_GAP_LONG'}, {'CARD_WITHDRAWAL_C_GAP_MED'}, {'CARD_WITHDRAWAL_A_GAP_LONG'}, {'CARD_WITHDRAWAL_A_GAP_MED'}]",0.16404125045847362,84,0.8658536585365854,0.9694829047753603,3600
"[{'PROFILE_OLD_FEMALE'}, {'CARD_WITHDRAWAL_D_GAP_MED'}, {'CARD_WITHDRAWAL_D_GAP_MED'}, {'TRANSFER_C_GAP_MED'}, {'CARD_WITHDRAWAL_C_GAP_MED'}, {'CARD_WITHDRAWAL_B_GAP_MED'}, {'CARD_WITHDRAWAL_C_GAP_SHORT'}]",0.16396835674297094,86,0.9036144578313253,0.9694829047753603,3600
"[{'DEPOSIT_A_GAP_SHORT'}, {'CARD_WITHDRAWAL_D_GAP_MED'}, {'CARD_WITHDRAWAL_D_GAP_MED'}, {'CARD_WITHDRAWAL_C_GAP_MED'}, {'CARD_WITHDRAWAL_C_GAP_MED'}, {'CARD_WITHDRAWAL_A_GAP_SHORT'}, {'CARD_WITHDRAWAL_A_GAP_SHORT'}, {'CARD_WITHDRAWAL_C_GAP_LONG'}]",0.1638811444596937,321,0.9065876612059952,0.9694829047753603,3600
"[{'CARD_WITHDRAWAL_C_GAP_MED'}, {'CARD_WITHDRAWAL_D_GAP_MED'}, {'CARD_WITHDRAWAL_D_GAP_MED'}, {'CARD_WITHDRAWAL_C_GAP_MED'}, {'CARD_WITHDRAWAL_C_GAP_MED'}, {'CARD_WITHDRAWAL_C_GAP_MED'}, {'CARD_WITHDRAWAL_C_GAP_MED'}, {'CARD_WITHDRAWAL_D_GAP_MED'}, {'CARD_WITHDRAWAL_D_GAP_MED'}]",0.16372404131759177,193,0.8853932584269664,0.9694829047753603,3600
"[{'CARD_WITHDRAWAL_D_GAP_LONG'}, {'CARD_WITHDRAWAL_D_GAP_MED'}, {'CARD_WITHDRAWAL_D_GAP_MED'}, {'CARD_WITHDRAWAL_D_GAP_SHORT'}, {'CARD_WITHDRAWAL_D_GAP_MED'}, {'CARD_WITHDRAWAL_D_GAP_MED'}, {'CARD_WITHDRAWAL_A_GAP_SHORT'}, {'CARD_WITHDRAWAL_C_GAP_SHORT'}, {'CARD_WITHDRAWAL_D_GAP_MED'}, {'CARD_WITHDRAWAL_D_GAP_MED'}]",0.16370675022099745,135,0.8665689149560117,0.9694829047753603,3600
"[{'PROFILE_REGION_LOW_INCOME'}, {'CARD_WITHDRAWAL_B_GAP_MED'}, {'CARD_WITHDRAWAL_C_GAP_SHORT'}, {'CARD_WITHDRAWAL_B_GAP_MED'}, {'CARD_WITHDRAWAL_A_GAP_SHORT'}, {'CARD_WITHDRAWAL_B_GAP_MED'}, {'CARD_WITHDRAWAL_A_GAP_SHORT'}, {'CARD_WITHDRAWAL_D_GAP_SHORT'}, {'CARD_WITHDRAWAL_B_GAP_MED'}]",0.16361661863004118,75,0.8630136986301369,0.9694829047753603,3600
"[{'PROFILE_REGION_LOW_CRIME', 'PROFILE_REGION_LOW_EDU'}, {'CARD_WITHDRAWAL_C_GAP_MED'}, {'CARD_WITHDRAWAL_B_GAP_MED'}, {'CARD_WITHDRAWAL_B_GAP_MED'}, {'CARD_WITHDRAWAL_B_GAP_MED'}, {'CARD_WITHDRAWAL_A_GAP_SHORT'}, {'CARD_WITHDRAWAL_C_GAP_SHORT'}, {'CARD_WITHDRAWAL_B_GAP_MED'}, {'CARD_WITHDRAWAL_B_GAP_MED'}]",0.1636166186300405,75,0.8630136986301371,0.9694829047753603,3600
"[{'CARD_WITHDRAWAL_D_GAP_MED'}, {'CARD_WITHDRAWAL_A_GAP_LONG'}, {'CARD_WITHDRAWAL_D_GAP_MED'}, {'CARD_WITHDRAWAL_D_GAP_MED'}, {'CARD_WITHDRAWAL_A_GAP_LONG'}, {'CARD_WITHDRAWAL_D_GAP_MED'}, {'CARD_WITHDRAWAL_D_GAP_SHORT'}, {'CARD_WITHDRAWAL_D_GAP_MED'}, {'CARD_WITHDRAWAL_D_GAP_SHORT'}]",0.1634339903133808,189,0.8850267379679144,0.9694829047753603,3600
"[{'CARD_WITHDRAWAL_B_GAP_MED'}, {'CARD_WITHDRAWAL_C_GAP_MED'}, {'CARD_WITHDRAWAL_C_GAP_MED'}, {'CARD_WITHDRAWAL_B_GAP_SHORT'}, {'CARD_WITHDRAWAL_C_GAP_MED'}, {'CARD_WITHDRAWAL_B_GAP_MED'}, {'CARD_WITHDRAWAL_C_GAP_SHORT'}, {'CARD_WITHDRAWAL_A_GAP_SHORT'}]",0.1634192189799959,160,0.8947755702722591,0.9694829047753603,3600
"[{'PROFILE_OLD_MALE'}, {'DEPOSIT_A_GAP_SHORT'}, {'DEPOSIT_D_GAP_MED'}, {'DEPOSIT_D_GAP_SHORT'}, {'CARD_WITHDRAWAL_D_GAP_SHORT'}, {'CARD_WITHDRAWAL_C_GAP_MED'}, {'CARD_WITHDRAWAL_B_GAP_MED'}]",0.1621745232391616,217,0.9179245283018869,0.9694829047753603,3600
"[{'CARD_WITHDRAWAL_B_GAP_LONG'}, {'CARD_WITHDRAWAL_C_GAP_MED'}, {'CARD_WITHDRAWAL_B_GAP_SHORT'}, {'CARD_WITHDRAWAL_C_GAP_MED'}, {'CARD_WITHDRAWAL_D_GAP_MED'}, {'CARD_WITHDRAWAL_C_GAP_MED'}, {'CARD_WITHDRAWAL_B_GAP_MED'}]",0.1620011224850081,180,0.9155295646523717,0.9694829047753603,3600
"[{'CARD_WITHDRAWAL_D_GAP_MED'}, {'CARD_WITHDRAWAL_D_GAP_MED'}, {'CARD_WITHDRAWAL_A_GAP_SHORT'}, {'CARD_WITHDRAWAL_D_GAP_MED'}, {'CARD_WITHDRAWAL_A_GAP_SHORT'}, {'CARD_WITHDRAWAL_D_GAP_MED'}, {'CARD_WITHDRAWAL_D_GAP_SHORT'}, {'CARD_WITHDRAWAL_C_GAP_SHORT'}]",0.16169536082514457,349,0.9084615384615384,0.9694829047753603,3600
"[{'PROFILE_REGION_LOW_INCOME'}, {'CARD_WITHDRAWAL_D_GAP_MED'}, {'CARD_WITHDRAWAL_D_GAP_MED'}, {'CARD_WITHDRAWAL_D_GAP_MED'}, {'CARD_WITHDRAWAL_D_GAP_MED'}, {'CARD_WITHDRAWAL_C_GAP_SHORT'}, {'CARD_WITHDRAWAL_C_GAP_MED'}, {'CARD_WITHDRAWAL_D_GAP_MED'}, {'CARD_WITHDRAWAL_D_GAP_MED'}, {'CARD_WITHDRAWAL_C_GAP_SHORT'}]",0.161646357585428,83,0.8538461538461539,0.9694829047753603,3600
"[{'CARD_WITHDRAWAL_D_GAP_MED'}, {'CARD_WITHDRAWAL_D_GAP_MED'}, {'CARD_WITHDRAWAL_C_GAP_MED'}, {'CARD_WITHDRAWAL_A_GAP_SHORT'}, {'CARD_WITHDRAWAL_C_GAP_MED'}, {'CARD_WITHDRAWAL_A_GAP_SHORT'}, {'CARD_WITHDRAWAL_A_GAP_SHORT'}, {'CARD_WITHDRAWAL_A_GAP_SHORT'}, {'CARD_WITHDRAWAL_C_GAP_MED'}]",0.16155333362129487,407,0.9001666666666668,0.9694829047753603,3600
"[{'CARD_WITHDRAWAL_C_GAP_MED'}, {'CARD_WITHDRAWAL_D_GAP_MED'}, {'CARD_WITHDRAWAL_D_GAP_MED'}, {'CARD_WITHDRAWAL_C_GAP_MED'}, {'CARD_WITHDRAWAL_B_GAP_MED'}, {'CARD_WITHDRAWAL_D_GAP_MED'}, {'CARD_WITHDRAWAL_A_GAP_SHORT'}, {'CARD_WITHDRAWAL_A_GAP_SHORT'}]",0.1614219384442912,357,0.9088778963811508,0.9694829047753603,3600
"[{'DEPOSIT_A_GAP_SHORT'}, {'CARD_WITHDRAWAL_D_GAP_LONG'}, {'CARD_WITHDRAWAL_B_GAP_MED'}, {'CARD_WITHDRAWAL_C_GAP_MED'}, {'CARD_WITHDRAWAL_B_GAP_SHORT'}, {'CARD_WITHDRAWAL_D_GAP_MED'}, {'CARD_WITHDRAWAL_C_GAP_MED'}, {'CARD_WITHDRAWAL_D_GAP_MED'}]",0.1612545865277023,208,0.9001650165016502,0.9694829047753603,3600
"[{'CARD_WITHDRAWAL_A_GAP_SHORT'}, {'CARD_WITHDRAWAL_A_GAP_SHORT'}, {'CARD_WITHDRAWAL_B_GAP_SHORT'}, {'CARD_WITHDRAWAL_D_GAP_MED'}, {'CARD_WITHDRAWAL_D_GAP_MED'}, {'CARD_WITHDRAWAL_D_GAP_MED'}, {'CARD_WITHDRAWAL_D_GAP_MED'}, {'CARD_WITHDRAWAL_D_GAP_MED'}]",0.16081298089532448,349,0.908694192682108,0.9694829047753603,3600
"[{'DEPOSIT_A_GAP_SHORT'}, {'CARD_WITHDRAWAL_A_GAP_SHORT'}, {'CARD_WITHDRAWAL_D_GAP_SHORT'}, {'CARD_WITHDRAWAL_D_GAP_MED'}, {'CARD_WITHDRAWAL_C_GAP_MED'}, {'CARD_WITHDRAWAL_C_GAP_MED'}, {'CARD_WITHDRAWAL_C_GAP_MED'}, {'CARD_WITHDRAWAL_B_GAP_LONG'}, {'CARD_WITHDRAWAL_A_GAP_MED'}]",0.1605325812861047,27,0.8333333333333333,0.9694829047753603,3600
"[{'CARD_WITHDRAWAL_C_GAP_LONG'}, {'CARD_WITHDRAWAL_C_GAP_MED'}, {'CARD_WITHDRAWAL_C_GAP_MED'}, {'CARD_WITHDRAWAL_B_GAP_SHORT'}, {'CARD_WITHDRAWAL_B_GAP_MED'}, {'CARD_WITHDRAWAL_D_GAP_MED'}, {'CARD_WITHDRAWAL_B_GAP_MED'}]",0.15996663540784295,214,0.9186274509803922,0.9694829047753603,3600
"[{'PROFILE_REGION_LOW_EDU'}, {'CARD_WITHDRAWAL_D_GAP_SHORT'}, {'CARD_WITHDRAWAL_D_GAP_MED'}, {'CARD_WITHDRAWAL_D_GAP_MED'}, {'CARD_WITHDRAWAL_D_GAP_MED'}, {'CARD_WITHDRAWAL_D_GAP_MED'}, {'CARD_WITHDRAWAL_B_GAP_LONG'}, {'CARD_WITHDRAWAL_D_GAP_MED'}]",0.1599639431033093,191,0.8990683229813664,0.9694829047753603,3600
"[{'CARD_WITHDRAWAL_A_GAP_SHORT'}, {'CARD_WITHDRAWAL_D_GAP_MED'}, {'CARD_WITHDRAWAL_B_GAP_MED'}, {'CARD_WITHDRAWAL_D_GAP_SHORT'}, {'CARD_WITHDRAWAL_C_GAP_SHORT'}, {'CARD_WITHDRAWAL_B_GAP_SHORT'}, {'CARD_WITHDRAWAL_A_GAP_SHORT'}]",0.1599092039494341,203,0.9179755671902269,0.9694829047753603,3600
"[{'DEPOSIT_A_GAP_SHORT'}, {'CARD_WITHDRAWAL_C_GAP_MED'}, {'CARD_WITHDRAWAL_C_GAP_MED'}, {'CARD_WITHDRAWAL_C_GAP_MED'}, {'CARD_WITHDRAWAL_C_GAP_LONG'}, {'CARD_WITHDRAWAL_C_GAP_MED'}, {'CARD_WITHDRAWAL_C_GAP_SHORT'}, {'CARD_WITHDRAWAL_C_GAP_MED'}]",0.15987009215894266,128,0.8916900093370682,0.9694829047753603,3600
"[{'PROFILE_REGION_LOW_CRIME', 'PROFILE_REGION_LOW_INCOME'}, {'DEPOSIT_C_GAP_LONG'}, {'DEPOSIT_C_GAP_LONG'}, {'CARD_WITHDRAWAL_B_GAP_LONG'}, {'CARD_WITHDRAWAL_B_GAP_MED'}, {'CARD_WITHDRAWAL_B_GAP_SHORT'}, {'DEPOSIT_C_GAP_LONG'}, {'CARD_WITHDRAWAL_C_GAP_SHORT'}]",0.15986762373073438,23,0.85,0.9694829047753603,3600
"[{'CARD_WITHDRAWAL_D_GAP_MED'}, {'CARD_WITHDRAWAL_D_GAP_SHORT'}, {'CARD_WITHDRAWAL_D_GAP_MED'}, {'CARD_WITHDRAWAL_D_GAP_MED'}, {'CARD_WITHDRAWAL_D_GAP_MED'}, {'CARD_WITHDRAWAL_A_GAP_SHORT'}, {'CARD_WITHDRAWAL_D_GAP_SHORT'}, {'CARD_WITHDRAWAL_A_GAP_SHORT'}]",0.15983579157433425,445,0.9125206535707729,0.9694829047753603,3600
"[{'CARD_WITHDRAWAL_D_GAP_LONG'}, {'CARD_WITHDRAWAL_C_GAP_LONG'}, {'CARD_WITHDRAWAL_D_GAP_MED'}, {'CARD_WITHDRAWAL_C_GAP_MED'}, {'CARD_WITHDRAWAL_B_GAP_MED'}, {'CARD_WITHDRAWAL_B_GAP_SHORT'}, {'CARD_WITHDRAWAL_C_GAP_MED'}]",0.15944195999012023,200,0.9179755671902269,0.9694829047753603,3600
"[{'PROFILE_REGION_LOW_CRIME'}, {'DEPOSIT_A_GAP_SHORT'}, {'DEPOSIT_D_GAP_LONG'}, {'DEPOSIT_D_GAP_MED'}, {'CARD_WITHDRAWAL_D_GAP_LONG'}, {'DEPOSIT_D_GAP_LONG'}, {'CARD_WITHDRAWAL_D_GAP_MED'}, {'CARD_WITHDRAWAL_B_GAP_LONG'}]",0.15939620770021734,90,0.8847058823529411,0.9694829047753603,3600
"[{'PROFILE_REGION_LOW_INCOME'}, {'CARD_WITHDRAWAL_C_GAP_MED'}, {'CARD_WITHDRAWAL_C_GAP_MED'}, {'CARD_WITHDRAWAL_D_GAP_SHORT'}, {'CARD_WITHDRAWAL_A_GAP_SHORT'}, {'CARD_WITHDRAWAL_B_GAP_MED'}, {'CARD_WITHDRAWAL_A_GAP_SHORT'}, {'CARD_WITHDRAWAL_B_GAP_MED'}]",0.15919669740438103,153,0.8953033268101762,0.9694829047753603,3600
"[{'CARD_WITHDRAWAL_D_GAP_MED'}, {'CARD_WITHDRAWAL_D_GAP_MED'}, {'CARD_WITHDRAWAL_C_GAP_MED'}, {'CARD_WITHDRAWAL_C_GAP_MED'}, {'CARD_WITHDRAWAL_C_GAP_MED'}, {'CARD_WITHDRAWAL_D_GAP_MED'}, {'CARD_WITHDRAWAL_D_GAP_MED'}, {'CARD_WITHDRAWAL_D_GAP_MED'}]",0.1590321847750702,432,0.9122993515467205,0.9694829047753603,3600
"[{'PROFILE_REGION_LOW_CRIME'}, {'CARD_WITHDRAWAL_A_GAP_SHORT'}, {'CARD_WITHDRAWAL_C_GAP_MED'}, {'CARD_WITHDRAWAL_A_GAP_SHORT'}, {'CARD_WITHDRAWAL_B_GAP_SHORT'}, {'CARD_WITHDRAWAL_A_GAP_SHORT'}, {'CARD_WITHDRAWAL_A_GAP_SHORT'}, {'CARD_WITHDRAWAL_A_GAP_SHORT'}]",0.15901019364885405,385,0.9106344950848972,0.9694829047753603,3600
"[{'CARD_WITHDRAWAL_D_GAP_MED'}, {'CARD_WITHDRAWAL_D_GAP_SHORT'}, {'CARD_WITHDRAWAL_D_GAP_SHORT'}, {'CARD_WITHDRAWAL_D_GAP_SHORT'}, {'CARD_WITHDRAWAL_D_GAP_MED'}, {'CARD_WITHDRAWAL_C_GAP_LONG'}, {'CARD_WITHDRAWAL_D_GAP_SHORT'}]",0.1589378251963971,197,0.9179894179894179,0.9694829047753603,3600
"[{'DEPOSIT_A_GAP_SHORT'}, {'CARD_WITHDRAWAL_D_GAP_LONG'}, {'CARD_WITHDRAWAL_B_GAP_SHORT'}, {'CARD_WITHDRAWAL_C_GAP_MED'}, {'CARD_WITHDRAWAL_C_GAP_MED'}, {'CARD_WITHDRAWAL_C_GAP_MED'}, {'CARD_WITHDRAWAL_D_GAP_MED'}, {'CARD_WITHDRAWAL_D_GAP_MED'}]",0.15859091311951334,212,0.901294498381877,0.9694829047753603,3600
"[{'CARD_WITHDRAWAL_D_GAP_MED'}, {'CARD_WITHDRAWAL_D_GAP_MED'}, {'CARD_WITHDRAWAL_D_GAP_MED'}, {'CARD_WITHDRAWAL_D_GAP_SHORT'}, {'CARD_WITHDRAWAL_A_GAP_SHORT'}, {'CARD_WITHDRAWAL_D_GAP_MED'}, {'CARD_WITHDRAWAL_A_GAP_SHORT'}, {'CARD_WITHDRAWAL_D_GAP_MED'}, {'CARD_WITHDRAWAL_A_GAP_SHORT'}]",0.15837978937939268,481,0.9036581520025229,0.9694829047753603,3600
"[{'PROFILE_REGION_LOW_CRIME', 'PROFILE_OLD_MALE', 'PROFILE_REGION_LOW_INCOME'}, {'CARD_WITHDRAWAL_C_GAP_LONG'}, {'CARD_WITHDRAWAL_B_GAP_MED'}, {'CARD_WITHDRAWAL_B_GAP_MED'}, {'CARD_WITHDRAWAL_A_GAP_SHORT'}, {'CARD_WITHDRAWAL_B_GAP_LONG'}, {'CARD_WITHDRAWAL_B_GAP_MED'}, {'CARD_WITHDRAWAL_B_GAP_SHORT'}]",0.1582060007350452,38,0.8648648648648649,0.9694829047753603,3600
"[{'CARD_WITHDRAWAL_D_GAP_MED'}, {'CARD_WITHDRAWAL_D_GAP_MED'}, {'CARD_WITHDRAWAL_C_GAP_MED'}, {'CARD_WITHDRAWAL_C_GAP_MED'}, {'CARD_WITHDRAWAL_C_GAP_MED'}, {'CARD_WITHDRAWAL_C_GAP_MED'}, {'CARD_WITHDRAWAL_C_GAP_SHORT'}, {'CARD_WITHDRAWAL_D_GAP_MED'}, {'CARD_WITHDRAWAL_D_GAP_MED'}]",0.15820505457302025,160,0.8828553996339231,0.9694829047753603,3600
"[{'DEPOSIT_A_GAP_SHORT'}, {'CARD_WITHDRAWAL_D_GAP_MED'}, {'DEPOSIT_C_GAP_LONG'}, {'DEPOSIT_D_GAP_MED'}, {'CARD_WITHDRAWAL_B_GAP_SHORT'}, {'CARD_WITHDRAWAL_B_GAP_MED'}, {'CARD_WITHDRAWAL_D_GAP_SHORT'}]",0.1576594293368957,57,0.9,0.9694829047753603,3600
"[{'CARD_WITHDRAWAL_C_GAP_MED'}, {'CARD_WITHDRAWAL_A_GAP_SHORT'}, {'CARD_WITHDRAWAL_D_GAP_SHORT'}, {'CARD_WITHDRAWAL_B_GAP_SHORT'}, {'CARD_WITHDRAWAL_A_GAP_SHORT'}, {'CARD_WITHDRAWAL_A_GAP_SHORT'}, {'CARD_WITHDRAWAL_A_GAP_SHORT'}, {'CARD_WITHDRAWAL_A_GAP_SHORT'}, {'CARD_WITHDRAWAL_C_GAP_SHORT'}, {'CARD_WITHDRAWAL_A_GAP_SHORT'}]",0.15753114754056563,142,0.8694029850746268,0.9694829047753603,3600
"[{'DEPOSIT_D_GAP_MED'}, {'CARD_WITHDRAWAL_C_GAP_LONG'}, {'CARD_WITHDRAWAL_A_GAP_SHORT'}, {'CARD_WITHDRAWAL_B_GAP_SHORT'}, {'CARD_WITHDRAWAL_B_GAP_LONG'}, {'DEPOSIT_D_GAP_MED'}, {'CARD_WITHDRAWAL_B_GAP_SHORT'}]",0.15726566310804158,162,0.9161425576519916,0.9694829047753603,3600
"[{'DEPOSIT_A_GAP_SHORT'}, {'DEPOSIT_C_GAP_LONG'}, {'CARD_WITHDRAWAL_C_GAP_MED'}, {'CARD_WITHDRAWAL_C_GAP_LONG'}, {'CARD_WITHDRAWAL_D_GAP_MED'}, {'CARD_WITHDRAWAL_D_GAP_MED'}, {'CARD_WITHDRAWAL_B_GAP_MED'}]",0.15725510328628933,82,0.90625,0.9694829047753603,3600
"[{'CARD_WITHDRAWAL_D_GAP_MED'}, {'CARD_WITHDRAWAL_D_GAP_MED'}, {'CARD_WITHDRAWAL_D_GAP_MED'}, {'CARD_WITHDRAWAL_D_GAP_MED'}, {'CARD_WITHDRAWAL_D_GAP_SHORT'}, {'CARD_WITHDRAWAL_D_GAP_MED'}, {'CARD_WITHDRAWAL_D_GAP_SHORT'}, {'CARD_WITHDRAWAL_D_GAP_MED'}, {'CARD_WITHDRAWAL_D_GAP_MED'}]",0.15661860177361075,400,0.9009368760559054,0.9694829047753603,3600
"[{'DEPOSIT_D_GAP_LONG'}, {'CARD_WITHDRAWAL_A_GAP_SHORT'}, {'DEPOSIT_D_GAP_LONG'}, {'CARD_WITHDRAWAL_A_GAP_SHORT'}, {'CARD_WITHDRAWAL_A_GAP_MED'}, {'CARD_WITHDRAWAL_B_GAP_MED'}, {'CARD_WITHDRAWAL_B_GAP_LONG'}, {'CARD_WITHDRAWAL_B_GAP_MED'}]",0.15652336819573398,99,0.8877551020408163,0.9694829047753603,3600
"[{'CARD_WITHDRAWAL_A_GAP_SHORT'}, {'CARD_WITHDRAWAL_C_GAP_SHORT'}, {'CARD_WITHDRAWAL_A_GAP_SHORT'}, {'CARD_WITHDRAWAL_C_GAP_MED'}, {'CARD_WITHDRAWAL_A_GAP_SHORT'}, {'CARD_WITHDRAWAL_A_GAP_SHORT'}, {'CARD_WITHDRAWAL_A_GAP_SHORT'}, {'CARD_WITHDRAWAL_A_GAP_SHORT'}, {'CARD_WITHDRAWAL_D_GAP_MED'}, {'CARD_WITHDRAWAL_A_GAP_SHORT'}]",0.1560577333670179,311,0.88752052545156,0.9694829047753603,3600
"[{'CARD_WITHDRAWAL_D_GAP_MED'}, {'CARD_WITHDRAWAL_D_GAP_MED'}, {'CARD_WITHDRAWAL_D_GAP_MED'}, {'CARD_WITHDRAWAL_D_GAP_MED'}, {'CARD_WITHDRAWAL_C_GAP_MED'}, {'CARD_WITHDRAWAL_C_GAP_MED'}, {'CARD_WITHDRAWAL_D_GAP_MED'}, {'CARD_WITHDRAWAL_B_GAP_MED'}]",0.15602319601158554,462,0.9140030441400304,0.9694829047753603,3600
"[{'PROFILE_REGION_HIGH_EDU'}, {'DEPOSIT_A_GAP_SHORT'}, {'CARD_WITHDRAWAL_D_GAP_MED'}, {'CARD_WITHDRAWAL_D_GAP_MED'}, {'CARD_WITHDRAWAL_D_GAP_MED'}, {'CARD_WITHDRAWAL_D_GAP_MED'}, {'CARD_WITHDRAWAL_A_GAP_SHORT'}, {'CARD_WITHDRAWAL_D_GAP_SHORT'}]",0.15570176759180865,340,0.9096703696958659,0.9694829047753603,3600
"[{'CARD_WITHDRAWAL_D_GAP_SHORT'}, {'CARD_WITHDRAWAL_D_GAP_SHORT'}, {'CARD_WITHDRAWAL_D_GAP_MED'}, {'CARD_WITHDRAWAL_A_GAP_SHORT'}, {'CARD_WITHDRAWAL_C_GAP_MED'}, {'CARD_WITHDRAWAL_D_GAP_MED'}, {'CARD_WITHDRAWAL_B_GAP_LONG'}, {'CARD_WITHDRAWAL_A_GAP_SHORT'}, {'CARD_WITHDRAWAL_C_GAP_MED'}]",0.1556969674935973,98,0.8723404255319149,0.9694829047753603,3600
"[{'PROFILE_OLD_MALE', 'PROFILE_REGION_LOW_EDU'}, {'CARD_WITHDRAWAL_A_GAP_SHORT'}, {'CARD_WITHDRAWAL_A_GAP_SHORT'}, {'CARD_WITHDRAWAL_D_GAP_SHORT'}, {'CARD_WITHDRAWAL_C_GAP_MED'}, {'CARD_WITHDRAWAL_B_GAP_MED'}, {'CARD_WITHDRAWAL_A_GAP_SHORT'}]",0.15510919791047373,146,0.9157245632065776,0.9694829047753603,3600
"[{'PROFILE_REGION_HIGH_EDU'}, {'DEPOSIT_B_GAP_SHORT'}, {'CARD_WITHDRAWAL_A_GAP_LONG'}, {'CARD_WITHDRAWAL_C_GAP_MED'}, {'CARD_WITHDRAWAL_A_GAP_MED'}, {'CARD_WITHDRAWAL_B_GAP_MED'}, {'CARD_WITHDRAWAL_A_GAP_LONG'}]",0.1546960282917076,102,0.9108910891089109,0.9694829047753603,3600
"[{'CARD_WITHDRAWAL_D_GAP_LONG'}, {'CARD_WITHDRAWAL_C_GAP_MED'}, {'CARD_WITHDRAWAL_C_GAP_MED'}, {'CARD_WITHDRAWAL_B_GAP_MED'}, {'CARD_WITHDRAWAL_B_GAP_MED'}, {'CARD_WITHDRAWAL_D_GAP_MED'}, {'CARD_WITHDRAWAL_A_GAP_SHORT'}, {'CARD_WITHDRAWAL_C_GAP_MED'}]",0.15458531954205101,210,0.9023569023569022,0.9694829047753603,3600
"[{'PROFILE_REGION_HIGH_EDU', 'PROFILE_REGION_HIGH_INCOME', 'PROFILE_REGION_HIGH_CRIME'}, {'DEPOSIT_D_GAP_LONG'}, {'CARD_WITHDRAWAL_C_GAP_MED'}, {'DEPOSIT_D_GAP_MED'}, {'CARD_WITHDRAWAL_B_GAP_SHORT'}, {'CARD_WITHDRAWAL_B_GAP_SHORT'}, {'CARD_WITHDRAWAL_B_GAP_MED'}]",0.15457719999625674,90,0.9090909090909092,0.9694829047753603,3600
"[{'PROFILE_OLD_MALE'}, {'DEPOSIT_A_GAP_SHORT'}, {'DEPOSIT_D_GAP_SHORT'}, {'DEPOSIT_D_GAP_MED'}, {'CARD_WITHDRAWAL_C_GAP_LONG'}, {'DEPOSIT_D_GAP_MED'}, {'CARD_WITHDRAWAL_B_GAP_MED'}, {'CARD_WITHDRAWAL_B_GAP_MED'}, {'DEPOSIT_D_GAP_MED'}, {'DEPOSIT_D_GAP_LONG'}]",0.15422196163580137,45,0.8372093023255813,0.9694829047753603,3600
"[{'CARD_WITHDRAWAL_A_GAP_SHORT'}, {'CARD_WITHDRAWAL_C_GAP_MED'}, {'CARD_WITHDRAWAL_B_GAP_MED'}, {'CARD_WITHDRAWAL_C_GAP_MED'}, {'CARD_WITHDRAWAL_B_GAP_MED'}, {'CARD_WITHDRAWAL_A_GAP_SHORT'}, {'CARD_WITHDRAWAL_A_GAP_SHORT'}, {'CARD_WITHDRAWAL_A_GAP_SHORT'}, {'CARD_WITHDRAWAL_C_GAP_MED'}]",0.153235021870319,337,0.8987132352941176,0.9694829047753603,3600
"[{'PROFILE_OLD_MALE', 'PROFILE_REGION_LOW_EDU'}, {'CARD_WITHDRAWAL_A_GAP_SHORT'}, {'CARD_WITHDRAWAL_A_GAP_SHORT'}, {'CARD_WITHDRAWAL_A_GAP_SHORT'}, {'CARD_WITHDRAWAL_D_GAP_SHORT'}, {'CARD_WITHDRAWAL_C_GAP_MED'}, {'CARD_WITHDRAWAL_B_GAP_MED'}, {'CARD_WITHDRAWAL_B_GAP_MED'}, {'CARD_WITHDRAWAL_A_GAP_SHORT'}]",0.1532024693809726,81,0.868421052631579,0.9694829047753603,3600
"[{'PROFILE_REGION_LOW_CRIME', 'PROFILE_REGION_LOW_EDU'}, {'DEPOSIT_A_GAP_SHORT'}, {'CARD_WITHDRAWAL_B_GAP_MED'}, {'CARD_WITHDRAWAL_D_GAP_MED'}, {'CARD_WITHDRAWAL_B_GAP_MED'}, {'CARD_WITHDRAWAL_B_GAP_MED'}, {'CARD_WITHDRAWAL_D_GAP_MED'}, {'CARD_WITHDRAWAL_B_GAP_SHORT'}, {'CARD_WITHDRAWAL_A_GAP_SHORT'}, {'CARD_WITHDRAWAL_A_GAP_SHORT'}]",0.15299439342177856,65,0.8492063492063492,0.9694829047753603,3600
"[{'PROFILE_REGION_HIGH_EDU'}, {'DEPOSIT_A_GAP_SHORT'}, {'DEPOSIT_D_GAP_LONG'}, {'DEPOSIT_C_GAP_LONG'}, {'DEPOSIT_D_GAP_MED'}, {'DEPOSIT_C_GAP_LONG'}, {'CARD_WITHDRAWAL_B_GAP_LONG'}]",0.1529767506803954,42,0.8974358974358974,0.9694829047753603,3600
"[{'DEPOSIT_A_GAP_SHORT'}, {'DEPOSIT_C_GAP_MED'}, {'DEPOSIT_D_GAP_MED'}, {'CARD_WITHDRAWAL_B_GAP_MED'}, {'CARD_WITHDRAWAL_A_GAP_SHORT'}, {'DEPOSIT_D_GAP_SHORT'}, {'CARD_WITHDRAWAL_C_GAP_MED'}]",0.15265775380059277,177,0.9193415637860083,0.9694829047753603,3600
"[{'CARD_WITHDRAWAL_C_GAP_MED'}, {'DEPOSIT_D_GAP_MED'}, {'CARD_WITHDRAWAL_A_GAP_SHORT'}, {'CARD_WITHDRAWAL_A_GAP_SHORT'}, {'CARD_WITHDRAWAL_C_GAP_SHORT'}, {'CARD_WITHDRAWAL_C_GAP_MED'}, {'CARD_WITHDRAWAL_C_GAP_LONG'}]",0.15253879832451855,154,0.9176213857064921,0.9694829047753603,3600
"[{'PROFILE_REGION_LOW_CRIME', 'PROFILE_REGION_LOW_INCOME'}, {'CARD_WITHDRAWAL_C_GAP_MED'}, {'CARD_WITHDRAWAL_A_GAP_SHORT'}, {'CARD_WITHDRAWAL_C_GAP_LONG'}, {'CARD_WITHDRAWAL_B_GAP_MED'}, {'CARD_WITHDRAWAL_A_GAP_SHORT'}, {'CARD_WITHDRAWAL_B_GAP_MED'}]",0.15228275997918717,165,0.918625678119349,0.9694829047753603,3600
"[{'CARD_WITHDRAWAL_C_GAP_MED'}, {'CARD_WITHDRAWAL_B_GAP_MED'}, {'CARD_WITHDRAWAL_A_GAP_SHORT'}, {'CARD_WITHDRAWAL_B_GAP_MED'}, {'CARD_WITHDRAWAL_D_GAP_SHORT'}, {'CARD_WITHDRAWAL_C_GAP_LONG'}, {'CARD_WITHDRAWAL_B_GAP_MED'}]",0.15215937727614326,172,0.9192073170731707,0.9694829047753603,3600
"[{'CARD_WITHDRAWAL_C_GAP_MED'}, {'CARD_WITHDRAWAL_D_GAP_MED'}, {'CARD_WITHDRAWAL_D_GAP_MED'}, {'CARD_WITHDRAWAL_D_GAP_MED'}, {'CARD_WITHDRAWAL_D_GAP_MED'}, {'CARD_WITHDRAWAL_D_GAP_MED'}, {'CARD_WITHDRAWAL_D_GAP_SHORT'}, {'CARD_WITHDRAWAL_D_GAP_MED'}]",0.15207429832755903,441,0.9143682689781981,0.9694829047753603,3600
"[{'DEPOSIT_D_GAP_LONG'}, {'CARD_WITHDRAWAL_D_GAP_MED'}, {'CARD_WITHDRAWAL_C_GAP_MED'}, {'CARD_WITHDRAWAL_C_GAP_MED'}, {'CARD_WITHDRAWAL_D_GAP_MED'}, {'DEPOSIT_D_GAP_MED'}, {'DEPOSIT_D_GAP_MED'}, {'CARD_WITHDRAWAL_C_GAP_MED'}]",0.15188747959947968,362,0.9116310160427807,0.9694829047753603,3600
"[{'PROFILE_REGION_LOW_CRIME'}, {'CARD_WITHDRAWAL_D_GAP_MED'}, {'CARD_WITHDRAWAL_D_GAP_MED'}, {'CARD_WITHDRAWAL_C_GAP_MED'}, {'CARD_WITHDRAWAL_D_GAP_MED'}, {'CARD_WITHDRAWAL_D_GAP_MED'}, {'CARD_WITHDRAWAL_D_GAP_MED'}, {'CARD_WITHDRAWAL_A_GAP_SHORT'}]",0.15185137138202487,305,0.909109477124183,0.9694829047753603,3600
"[{'CARD_WITHDRAWAL_D_GAP_SHORT'}, {'CARD_WITHDRAWAL_D_GAP_SHORT'}, {'CARD_WITHDRAWAL_D_GAP_SHORT'}, {'CARD_WITHDRAWAL_C_GAP_SHORT'}, {'CARD_WITHDRAWAL_B_GAP_MED'}, {'CARD_WITHDRAWAL_D_GAP_SHORT'}, {'CARD_WITHDRAWAL_D_GAP_SHORT'}, {'CARD_WITHDRAWAL_D_GAP_MED'}]",0.15174510234855365,126,0.8942148760330578,0.9694829047753603,3600
"[{'PROFILE_OLD_FEMALE'}, {'DEPOSIT_A_GAP_SHORT'}, {'CARD_WITHDRAWAL_C_GAP_LONG'}, {'CARD_WITHDRAWAL_D_GAP_MED'}, {'CARD_WITHDRAWAL_D_GAP_MED'}, {'CARD_WITHDRAWAL_C_GAP_MED'}, {'CARD_WITHDRAWAL_C_GAP_MED'}, {'CARD_WITHDRAWAL_C_GAP_MED'}]",0.15144451242873946,147,0.8971631205673758,0.9694829047753603,3600
"[{'DEPOSIT_D_GAP_SHORT'}, {'CARD_WITHDRAWAL_C_GAP_MED'}, {'DEPOSIT_D_GAP_MED'}, {'CARD_WITHDRAWAL_C_GAP_MED'}, {'CARD_WITHDRAWAL_C_GAP_MED'}, {'CARD_WITHDRAWAL_C_GAP_SHORT'}, {'CARD_WITHDRAWAL_C_GAP_SHORT'}]",0.15137458764164258,154,0.9181669394435352,0.9694829047753603,3600
"[{'DEPOSIT_A_GAP_SHORT'}, {'CARD_WITHDRAWAL_C_GAP_SHORT'}, {'CARD_WITHDRAWAL_C_GAP_MED'}, {'CARD_WITHDRAWAL_C_GAP_MED'}, {'CARD_WITHDRAWAL_B_GAP_MED'}, {'CARD_WITHDRAWAL_C_GAP_LONG'}, {'CARD_WITHDRAWAL_D_GAP_MED'}, {'CARD_WITHDRAWAL_C_GAP_LONG'}, {'CARD_WITHDRAWAL_C_GAP_LONG'}]",0.15135738564932089,33,0.84375,0.9694829047753603,3600
"[{'CARD_WITHDRAWAL_D_GAP_MED'}, {'CARD_WITHDRAWAL_D_GAP_SHORT'}, {'CARD_WITHDRAWAL_C_GAP_MED'}, {'CARD_WITHDRAWAL_D_GAP_SHORT'}, {'CARD_WITHDRAWAL_C_GAP_LONG'}, {'CARD_WITHDRAWAL_D_GAP_SHORT'}, {'CARD_WITHDRAWAL_D_GAP_MED'}]",0.1512305209746435,168,0.9193376068376068,0.9694829047753603,3600
"[{'PROFILE_REGION_HIGH_EDU'}, {'DEPOSIT_A_GAP_SHORT'}, {'CARD_WITHDRAWAL_C_GAP_LONG'}, {'CARD_WITHDRAWAL_D_GAP_MED'}, {'CARD_WITHDRAWAL_D_GAP_MED'}, {'CARD_WITHDRAWAL_B_GAP_MED'}, {'CARD_WITHDRAWAL_D_GAP_MED'}, {'CARD_WITHDRAWAL_D_GAP_SHORT'}, {'CARD_WITHDRAWAL_D_GAP_SHORT'}]",0.1509341577165012,110,0.8765603328710125,0.9694829047753603,3600
"[{'CARD_WITHDRAWAL_D_GAP_MED'}, {'CARD_WITHDRAWAL_D_GAP_MED'}, {'CARD_WITHDRAWAL_B_GAP_MED'}, {'CARD_WITHDRAWAL_C_GAP_MED'}, {'CARD_WITHDRAWAL_B_GAP_MED'}, {'CARD_WITHDRAWAL_B_GAP_MED'}, {'CARD_WITHDRAWAL_B_GAP_SHORT'}, {'CARD_WITHDRAWAL_C_GAP_SHORT'}, {'CARD_WITHDRAWAL_B_GAP_MED'}, {'CARD_WITHDRAWAL_B_GAP_MED'}]",0.15074847738969455,91,0.8595505617977528,0.9694829047753603,3600
"[{'PROFILE_REGION_LOW_EDU'}, {'CARD_WITHDRAWAL_D_GAP_LONG'}, {'CARD_WITHDRAWAL_C_GAP_SHORT'}, {'CARD_WITHDRAWAL_D_GAP_MED'}, {'CARD_WITHDRAWAL_C_GAP_MED'}, {'CARD_WITHDRAWAL_A_GAP_SHORT'}, {'CARD_WITHDRAWAL_C_GAP_SHORT'}]",0.15067981375412642,127,0.9159779614325069,0.9694829047753603,3600
"[{'PROFILE_OLD_MALE'}, {'CARD_WITHDRAWAL_D_GAP_MED'}, {'CARD_WITHDRAWAL_C_GAP_MED'}, {'CARD_WITHDRAWAL_A_GAP_SHORT'}, {'CARD_WITHDRAWAL_C_GAP_MED'}, {'CARD_WITHDRAWAL_D_GAP_MED'}, {'CARD_WITHDRAWAL_A_GAP_SHORT'}, {'CARD_WITHDRAWAL_D_GAP_MED'}]",0.15066095795040602,252,0.9065148305084746,0.9694829047753603,3600
"[{'CARD_WITHDRAWAL_C_GAP_MED'}, {'CARD_WITHDRAWAL_C_GAP_MED'}, {'CARD_WITHDRAWAL_D_GAP_MED'}, {'CARD_WITHDRAWAL_D_GAP_SHORT'}, {'CARD_WITHDRAWAL_A_GAP_SHORT'}, {'CARD_WITHDRAWAL_C_GAP_LONG'}, {'CARD_WITHDRAWAL_A_GAP_SHORT'}, {'CARD_WITHDRAWAL_A_GAP_SHORT'}]",0.15058044440140983,214,0.9039136302294197,0.9694829047753603,3600
"[{'CARD_WITHDRAWAL_D_GAP_MED'}, {'CARD_WITHDRAWAL_C_GAP_MED'}, {'CARD_WITHDRAWAL_C_GAP_MED'}, {'CARD_WITHDRAWAL_D_GAP_MED'}, {'CARD_WITHDRAWAL_C_GAP_MED'}, {'CARD_WITHDRAWAL_B_GAP_MED'}, {'CARD_WITHDRAWAL_A_GAP_SHORT'}, {'CARD_WITHDRAWAL_C_GAP_MED'}]",0.15055731058944744,265,0.9073324336482231,0.9694829047753603,3600
"[{'CARD_WITHDRAWAL_D_GAP_MED'}, {'CARD_WITHDRAWAL_D_GAP_LONG'}, {'CARD_WITHDRAWAL_D_GAP_MED'}, {'CARD_WITHDRAWAL_D_GAP_MED'}, {'CARD_WITHDRAWAL_D_GAP_MED'}, {'CARD_WITHDRAWAL_C_GAP_MED'}, {'CARD_WITHDRAWAL_C_GAP_MED'}, {'CARD_WITHDRAWAL_D_GAP_MED'}, {'CARD_WITHDRAWAL_D_GAP_MED'}]",0.1504237561951245,257,0.8944502074688796,0.9694829047753603,3600
"[{'DEPOSIT_D_GAP_LONG'}, {'DEPOSIT_D_GAP_LONG'}, {'CARD_WITHDRAWAL_D_GAP_LONG'}, {'DEPOSIT_D_GAP_MED'}, {'DEPOSIT_D_GAP_MED'}, {'CARD_WITHDRAWAL_D_GAP_MED'}, {'CARD_WITHDRAWAL_C_GAP_MED'}, {'DEPOSIT_D_GAP_MED'}]",0.15035062754068562,441,0.9148168701442841,0.9694829047753603,3600
"[{'PROFILE_REGION_LOW_CRIME', 'PROFILE_OLD_MALE', 'PROFILE_REGION_LOW_INCOME'}, {'CARD_WITHDRAWAL_A_GAP_SHORT'}, {'CARD_WITHDRAWAL_C_GAP_LONG'}, {'CARD_WITHDRAWAL_B_GAP_MED'}, {'CARD_WITHDRAWAL_A_GAP_SHORT'}, {'CARD_WITHDRAWAL_B_GAP_MED'}, {'CARD_WITHDRAWAL_B_GAP_MED'}]",0.15017230520487734,83,0.9102564102564102,0.9694829047753603,3600
"[{'DEPOSIT_A_GAP_SHORT'}, {'CARD_WITHDRAWAL_C_GAP_MED'}, {'CARD_WITHDRAWAL_D_GAP_LONG'}, {'CARD_WITHDRAWAL_A_GAP_SHORT'}, {'CARD_WITHDRAWAL_A_GAP_SHORT'}, {'CARD_WITHDRAWAL_A_GAP_SHORT'}, {'CARD_WITHDRAWAL_D_GAP_MED'}, {'CARD_WITHDRAWAL_A_GAP_SHORT'}]",0.1501717609081481,375,0.9126044568245125,0.9694829047753603,3600
"[{'DEPOSIT_D_GAP_LONG'}, {'CARD_WITHDRAWAL_C_GAP_MED'}, {'DEPOSIT_D_GAP_MED'}, {'CARD_WITHDRAWAL_B_GAP_MED'}, {'CARD_WITHDRAWAL_C_GAP_MED'}, {'DEPOSIT_D_GAP_MED'}, {'CARD_WITHDRAWAL_D_GAP_MED'}, {'DEPOSIT_D_GAP_SHORT'}]",0.15012621880403465,301,0.9094043887147335,0.9694829047753603,3600
"[{'CARD_WITHDRAWAL_C_GAP_MED'}, {'CARD_WITHDRAWAL_B_GAP_MED'}, {'CARD_WITHDRAWAL_C_GAP_MED'}, {'CARD_WITHDRAWAL_A_GAP_SHORT'}, {'CARD_WITHDRAWAL_D_GAP_MED'}, {'CARD_WITHDRAWAL_A_GAP_SHORT'}, {'CARD_WITHDRAWAL_C_GAP_MED'}, {'CARD_WITHDRAWAL_A_GAP_SHORT'}]",0.15010209602466573,383,0.9129227053140097,0.9694829047753603,3600
"[{'CARD_WITHDRAWAL_D_GAP_LONG'}, {'CARD_WITHDRAWAL_D_GAP_MED'}, {'CARD_WITHDRAWAL_C_GAP_MED'}, {'CARD_WITHDRAWAL_C_GAP_MED'}, {'CARD_WITHDRAWAL_C_GAP_MED'}, {'CARD_WITHDRAWAL_C_GAP_MED'}, {'CARD_WITHDRAWAL_C_GAP_MED'}, {'CARD_WITHDRAWAL_D_GAP_MED'}, {'CARD_WITHDRAWAL_D_GAP_MED'}]",0.14992357309548554,196,0.8893249607535322,0.9694829047753603,3600
"[{'CARD_WITHDRAWAL_D_GAP_MED'}, {'CARD_WITHDRAWAL_C_GAP_MED'}, {'CARD_WITHDRAWAL_C_GAP_MED'}, {'CARD_WITHDRAWAL_C_GAP_MED'}, {'CARD_WITHDRAWAL_C_GAP_SHORT'}, {'CARD_WITHDRAWAL_A_GAP_SHORT'}, {'CARD_WITHDRAWAL_D_GAP_MED'}, {'CARD_WITHDRAWAL_A_GAP_SHORT'}, {'CARD_WITHDRAWAL_C_GAP_SHORT'}]",0.14984718361352067,125,0.8798076923076923,0.9694829047753603,3600
"[{'PROFILE_REGION_LOW_CRIME'}, {'CARD_WITHDRAWAL_B_GAP_SHORT'}, {'CARD_WITHDRAWAL_C_GAP_MED'}, {'CARD_WITHDRAWAL_B_GAP_MED'}, {'CARD_WITHDRAWAL_B_GAP_MED'}, {'CARD_WITHDRAWAL_B_GAP_MED'}, {'CARD_WITHDRAWAL_C_GAP_SHORT'}, {'CARD_WITHDRAWAL_A_GAP_SHORT'}, {'CARD_WITHDRAWAL_A_GAP_SHORT'}]",0.1495257226333062,101,0.875,0.9694829047753603,3600
"[{'PROFILE_REGION_HIGH_EDU', 'PROFILE_OLD_FEMALE'}, {'DEPOSIT_D_GAP_LONG'}, {'CARD_WITHDRAWAL_B_GAP_LONG'}, {'CARD_WITHDRAWAL_B_GAP_SHORT'}, {'CARD_WITHDRAWAL_A_GAP_SHORT'}, {'CARD_WITHDRAWAL_B_GAP_SHORT'}, {'CARD_WITHDRAWAL_B_GAP_LONG'}]",0.1492008748885223,80,0.9102564102564102,0.9694829047753603,3600
"[{'PROFILE_REGION_LOW_CRIME', 'PROFILE_OLD_MALE', 'PROFILE_REGION_LOW_INCOME'}, {'DEPOSIT_A_GAP_SHORT'}, {'CARD_WITHDRAWAL_A_GAP_SHORT'}, {'CARD_WITHDRAWAL_B_GAP_MED'}, {'CARD_WITHDRAWAL_A_GAP_SHORT'}, {'CARD_WITHDRAWAL_A_GAP_SHORT'}, {'CARD_WITHDRAWAL_A_GAP_SHORT'}, {'CARD_WITHDRAWAL_A_GAP_SHORT'}]",0.14908491047003902,183,0.9017857142857143,0.9694829047753603,3600
"[{'PROFILE_REGION_HIGH_EDU', 'PROFILE_OLD_FEMALE', 'PROFILE_REGION_HIGH_INCOME', 'PROFILE_REGION_HIGH_CRIME'}, {'CARD_WITHDRAWAL_C_GAP_MED'}, {'CARD_WITHDRAWAL_A_GAP_SHORT'}, {'CARD_WITHDRAWAL_A_GAP_SHORT'}, {'CARD_WITHDRAWAL_B_GAP_MED'}, {'CARD_WITHDRAWAL_A_GAP_SHORT'}, {'CARD_WITHDRAWAL_A_GAP_SHORT'}]",0.1490365722361302,89,0.9119047619047619,0.9694829047753603,3600
"[{'PROFILE_REGION_HIGH_EDU'}, {'DEPOSIT_A_GAP_SHORT'}, {'CARD_WITHDRAWAL_D_GAP_MED'}, {'CARD_WITHDRAWAL_D_GAP_MED'}, {'CARD_WITHDRAWAL_D_GAP_MED'}, {'CARD_WITHDRAWAL_D_GAP_MED'}, {'CARD_WITHDRAWAL_D_GAP_SHORT'}, {'CARD_WITHDRAWAL_A_GAP_SHORT'}, {'CARD_WITHDRAWAL_D_GAP_SHORT'}]",0.14875948342120637,246,0.894045944678856,0.9694829047753603,3600
"[{'PROFILE_REGION_LOW_INCOME'}, {'DEPOSIT_D_GAP_LONG'}, {'CARD_WITHDRAWAL_C_GAP_MED'}, {'CARD_WITHDRAWAL_B_GAP_SHORT'}, {'CARD_WITHDRAWAL_B_GAP_MED'}, {'DEPOSIT_D_GAP_LONG'}, {'CARD_WITHDRAWAL_B_GAP_MED'}]",0.1487262579199582,134,0.9176587301587302,0.9694829047753603,3600
"[{'PROFILE_REGION_LOW_INCOME'}, {'DEPOSIT_A_GAP_SHORT'}, {'CARD_WITHDRAWAL_A_GAP_SHORT'}, {'CARD_WITHDRAWAL_C_GAP_LONG'}, {'CARD_WITHDRAWAL_D_GAP_SHORT'}, {'CARD_WITHDRAWAL_C_GAP_MED'}, {'CARD_WITHDRAWAL_A_GAP_SHORT'}]",0.14867582720133865,110,0.9150641025641026,0.9694829047753603,3600
"[{'CARD_WITHDRAWAL_D_GAP_MED'}, {'CARD_WITHDRAWAL_D_GAP_SHORT'}, {'CARD_WITHDRAWAL_B_GAP_MED'}, {'CARD_WITHDRAWAL_C_GAP_MED'}, {'CARD_WITHDRAWAL_A_GAP_SHORT'}, {'CARD_WITHDRAWAL_A_GAP_SHORT'}, {'CARD_WITHDRAWAL_A_GAP_SHORT'}, {'CARD_WITHDRAWAL_A_GAP_SHORT'}]",0.14849269589118697,482,0.9164953946867627,0.9694829047753603,3600
"[{'PROFILE_REGION_HIGH_EDU', 'PROFILE_REGION_HIGH_INCOME', 'PROFILE_REGION_HIGH_CRIME'}, {'DEPOSIT_A_GAP_SHORT'}, {'CARD_WITHDRAWAL_D_GAP_LONG'}, {'CARD_WITHDRAWAL_D_GAP_LONG'}, {'CARD_WITHDRAWAL_A_GAP_SHORT'}, {'CARD_WITHDRAWAL_D_GAP_MED'}, {'CARD_WITHDRAWAL_D_GAP_MED'}]",0.14818559145818844,130,0.9175377468060395,0.9694829047753603,3600
"[{'CARD_WITHDRAWAL_C_GAP_LONG'}, {'CARD_WITHDRAWAL_C_GAP_MED'}, {'CARD_WITHDRAWAL_D_GAP_MED'}, {'CARD_WITHDRAWAL_D_GAP_MED'}, {'CARD_WITHDRAWAL_D_GAP_MED'}, {'CARD_WITHDRAWAL_C_GAP_SHORT'}, {'CARD_WITHDRAWAL_D_GAP_MED'}, {'CARD_WITHDRAWAL_C_GAP_MED'}, {'CARD_WITHDRAWAL_D_GAP_MED'}]",0.1481785925845419,103,0.8758865248226951,0.9694829047753603,3600
"[{'DEPOSIT_A_GAP_SHORT'}, {'CARD_WITHDRAWAL_D_GAP_MED'}, {'CARD_WITHDRAWAL_B_GAP_MED'}, {'CARD_WITHDRAWAL_B_GAP_MED'}, {'CARD_WITHDRAWAL_D_GAP_MED'}, {'CARD_WITHDRAWAL_A_GAP_SHORT'}, {'CARD_WITHDRAWAL_D_GAP_LONG'}, {'CARD_WITHDRAWAL_C_GAP_MED'}]",0.1479755663909531,270,0.9083889083889084,0.9694829047753603,3600
"[{'PROFILE_REGION_HIGH_INCOME', 'PROFILE_OLD_MALE', 'PROFILE_REGION_HIGH_CRIME'}, {'CARD_WITHDRAWAL_B_GAP_MED'}, {'CARD_WITHDRAWAL_B_GAP_SHORT'}, {'CARD_WITHDRAWAL_A_GAP_SHORT'}, {'CARD_WITHDRAWAL_B_GAP_MED'}, {'CARD_WITHDRAWAL_B_GAP_MED'}, {'CARD_WITHDRAWAL_C_GAP_MED'}, {'CARD_WITHDRAWAL_A_GAP_SHORT'}, {'CARD_WITHDRAWAL_C_GAP_MED'}]",0.14770528790333914,59,0.8620689655172413,0.9694829047753603,3600
"[{'PROFILE_REGION_LOW_INCOME'}, {'DEPOSIT_A_GAP_SHORT'}, {'CARD_WITHDRAWAL_B_GAP_LONG'}, {'CARD_WITHDRAWAL_B_GAP_MED'}, {'CARD_WITHDRAWAL_D_GAP_MED'}, {'CARD_WITHDRAWAL_C_GAP_MED'}, {'CARD_WITHDRAWAL_A_GAP_SHORT'}, {'CARD_WITHDRAWAL_B_GAP_MED'}]",0.1473778006966241,172,0.9012987012987013,0.9694829047753603,3600
"[{'DEPOSIT_D_GAP_LONG'}, {'CARD_WITHDRAWAL_B_GAP_MED'}, {'CARD_WITHDRAWAL_D_GAP_MED'}, {'DEPOSIT_D_GAP_MED'}, {'CARD_WITHDRAWAL_C_GAP_SHORT'}, {'DEPOSIT_D_GAP_SHORT'}, {'DEPOSIT_C_GAP_MED'}]",0.14734822349108845,111,0.9158878504672897,0.9694829047753603,3600
"[{'DEPOSIT_A_GAP_SHORT'}, {'CARD_WITHDRAWAL_C_GAP_MED'}, {'CARD_WITHDRAWAL_C_GAP_SHORT'}, {'CARD_WITHDRAWAL_C_GAP_MED'}, {'CARD_WITHDRAWAL_B_GAP_SHORT'}, {'CARD_WITHDRAWAL_D_GAP_SHORT'}, {'TRANSFER_C_GAP_SHORT'}]",0.14716432037173122,45,0.9024390243902439,0.9694829047753603,3600
"[{'CARD_WITHDRAWAL_D_GAP_LONG'}, {'CARD_WITHDRAWAL_D_GAP_MED'}, {'CARD_WITHDRAWAL_D_GAP_MED'}, {'CARD_WITHDRAWAL_D_GAP_MED'}, {'CARD_WITHDRAWAL_D_GAP_MED'}, {'CARD_WITHDRAWAL_C_GAP_SHORT'}, {'CARD_WITHDRAWAL_D_GAP_SHORT'}, {'CARD_WITHDRAWAL_D_GAP_MED'}, {'CARD_WITHDRAWAL_B_GAP_MED'}, {'CARD_WITHDRAWAL_D_GAP_MED'}]",0.1470241108366248,100,0.8631578947368421,0.9694829047753603,3600
"[{'PROFILE_REGION_LOW_INCOME'}, {'CARD_WITHDRAWAL_B_GAP_SHORT'}, {'CARD_WITHDRAWAL_D_GAP_SHORT'}, {'CARD_WITHDRAWAL_B_GAP_MED'}, {'CARD_WITHDRAWAL_A_GAP_SHORT'}, {'CARD_WITHDRAWAL_B_GAP_MED'}, {'CARD_WITHDRAWAL_C_GAP_SHORT'}]",0.14675356963782293,113,0.9164420485175202,0.9694829047753603,3600
"[{'PROFILE_REGION_LOW_EDU'}, {'CARD_WITHDRAWAL_C_GAP_MED'}, {'CARD_WITHDRAWAL_B_GAP_MED'}, {'CARD_WITHDRAWAL_A_GAP_SHORT'}, {'TRANSFER_B_GAP_MED'}, {'TRANSFER_B_GAP_MED'}, {'CARD_WITHDRAWAL_D_GAP_MED'}, {'DEPOSIT_C_GAP_MED'}]",0.14663210202853127,23,0.8571428571428572,0.9694829047753603,3600
"[{'PROFILE_REGION_HIGH_INCOME', 'PROFILE_REGION_LOW_EDU'}, {'CARD_WITHDRAWAL_C_GAP_MED'}, {'CARD_WITHDRAWAL_D_GAP_MED'}, {'CARD_WITHDRAWAL_B_GAP_MED'}, {'CARD_WITHDRAWAL_B_GAP_MED'}, {'CARD_WITHDRAWAL_A_GAP_SHORT'}, {'CARD_WITHDRAWAL_D_GAP_MED'}, {'CARD_WITHDRAWAL_B_GAP_MED'}, {'CARD_WITHDRAWAL_D_GAP_SHORT'}]",0.1466085203120221,79,0.87,0.9694829047753603,3600
"[{'DEPOSIT_C_GAP_LONG'}, {'CARD_WITHDRAWAL_C_GAP_MED'}, {'CARD_WITHDRAWAL_C_GAP_LONG'}, {'CARD_WITHDRAWAL_C_GAP_MED'}, {'CARD_WITHDRAWAL_C_GAP_MED'}, {'DEPOSIT_D_GAP_MED'}, {'CARD_WITHDRAWAL_B_GAP_MED'}]",0.14621342374397917,83,0.9125,0.9694829047753603,3600
"[{'CARD_WITHDRAWAL_C_GAP_LONG'}, {'CARD_WITHDRAWAL_C_GAP_MED'}, {'CARD_WITHDRAWAL_A_GAP_SHORT'}, {'CARD_WITHDRAWAL_D_GAP_MED'}, {'CARD_WITHDRAWAL_D_GAP_MED'}, {'CARD_WITHDRAWAL_D_GAP_MED'}, {'CARD_WITHDRAWAL_D_GAP_MED'}, {'CARD_WITHDRAWAL_A_GAP_SHORT'}]",0.14583629664226438,331,0.9120329508679023,0.9694829047753603,3600
"[{'CARD_WITHDRAWAL_D_GAP_LONG'}, {'CARD_WITHDRAWAL_D_GAP_MED'}, {'CARD_WITHDRAWAL_D_GAP_MED'}, {'CARD_WITHDRAWAL_D_GAP_MED'}, {'CARD_WITHDRAWAL_D_GAP_MED'}, {'CARD_WITHDRAWAL_D_GAP_SHORT'}, {'CARD_WITHDRAWAL_D_GAP_SHORT'}, {'CARD_WITHDRAWAL_D_GAP_SHORT'}, {'CARD_WITHDRAWAL_C_GAP_MED'}]",0.14559762604944182,203,0.8911798396334478,0.9694829047753603,3600
"[{'DEPOSIT_D_GAP_MED'}, {'CARD_WITHDRAWAL_A_GAP_SHORT'}, {'CARD_WITHDRAWAL_C_GAP_MED'}, {'CARD_WITHDRAWAL_C_GAP_MED'}, {'CARD_WITHDRAWAL_D_GAP_MED'}, {'CARD_WITHDRAWAL_A_GAP_LONG'}, {'CARD_WITHDRAWAL_C_GAP_MED'}, {'CARD_WITHDRAWAL_A_GAP_MED'}, {'CARD_WITHDRAWAL_C_GAP_SHORT'}]",0.14519628312114308,27,0.84,0.9694829047753603,3600
"[{'PROFILE_REGION_LOW_CRIME', 'PROFILE_REGION_LOW_INCOME'}, {'DEPOSIT_D_GAP_LONG'}, {'CARD_WITHDRAWAL_A_GAP_SHORT'}, {'CARD_WITHDRAWAL_C_GAP_MED'}, {'CARD_WITHDRAWAL_B_GAP_MED'}, {'CARD_WITHDRAWAL_B_GAP_MED'}, {'DEPOSIT_D_GAP_LONG'}, {'CARD_WITHDRAWAL_B_GAP_SHORT'}, {'CARD_WITHDRAWAL_A_GAP_SHORT'}]",0.14518190231888384,52,0.8595744680851064,0.9694829047753603,3600
"[{'PROFILE_REGION_HIGH_EDU', 'PROFILE_REGION_LOW_CRIME', 'PROFILE_REGION_LOW_INCOME'}, {'DEPOSIT_A_GAP_SHORT'}, {'CARD_WITHDRAWAL_C_GAP_LONG'}, {'CARD_WITHDRAWAL_B_GAP_SHORT'}, {'CARD_WITHDRAWAL_B_GAP_MED'}, {'CARD_WITHDRAWAL_B_GAP_MED'}, {'DEPOSIT_C_GAP_MED'}, {'CARD_WITHDRAWAL_B_GAP_SHORT'}]",0.14441480683522046,22,0.8571428571428572,0.9694829047753603,3600
"[{'PROFILE_OLD_FEMALE', 'PROFILE_REGION_HIGH_CRIME'}, {'CARD_WITHDRAWAL_A_GAP_SHORT'}, {'CARD_WITHDRAWAL_A_GAP_SHORT'}, {'CARD_WITHDRAWAL_B_GAP_MED'}, {'CARD_WITHDRAWAL_A_GAP_SHORT'}, {'CARD_WITHDRAWAL_A_GAP_SHORT'}, {'CARD_WITHDRAWAL_B_GAP_MED'}, {'CARD_WITHDRAWAL_C_GAP_SHORT'}]",0.14432483116328576,144,0.8992805755395683,0.9694829047753603,3600
"[{'DEPOSIT_D_GAP_LONG'}, {'DEPOSIT_C_GAP_LONG'}, {'CARD_WITHDRAWAL_C_GAP_MED'}, {'CARD_WITHDRAWAL_C_GAP_MED'}, {'DEPOSIT_B_GAP_MED'}, {'CARD_WITHDRAWAL_B_GAP_SHORT'}, {'CARD_WITHDRAWAL_A_GAP_SHORT'}]",0.14422863103642547,49,0.9057971014492754,0.9694829047753603,3600
"[{'PROFILE_OLD_MALE', 'PROFILE_REGION_LOW_INCOME'}, {'DEPOSIT_A_GAP_SHORT'}, {'CARD_WITHDRAWAL_C_GAP_MED'}, {'CARD_WITHDRAWAL_B_GAP_MED'}, {'CARD_WITHDRAWAL_A_GAP_SHORT'}, {'CARD_WITHDRAWAL_B_GAP_SHORT'}, {'CARD_WITHDRAWAL_B_GAP_LONG'}]",0.14410680822359923,127,0.9193548387096774,0.9694829047753603,3600
"[{'PROFILE_REGION_HIGH_EDU', 'PROFILE_REGION_LOW_CRIME', 'PROFILE_REGION_LOW_INCOME'}, {'DEPOSIT_A_GAP_SHORT'}, {'CARD_WITHDRAWAL_D_GAP_LONG'}, {'CARD_WITHDRAWAL_D_GAP_LONG'}, {'CARD_WITHDRAWAL_C_GAP_MED'}, {'CARD_WITHDRAWAL_B_GAP_MED'}, {'CARD_WITHDRAWAL_C_GAP_LONG'}]",0.14406145218479993,84,0.9139240506329115,0.9694829047753603,3600
"[{'DEPOSIT_D_GAP_LONG'}, {'DEPOSIT_C_GAP_LONG'}, {'DEPOSIT_D_GAP_LONG'}, {'CARD_WITHDRAWAL_C_GAP_LONG'}, {'DEPOSIT_D_GAP_LONG'}, {'DEPOSIT_D_GAP_LONG'}, {'CARD_WITHDRAWAL_D_GAP_SHORT'}]",0.14387710604669124,98,0.9161290322580646,0.9694829047753603,3600
"[{'CARD_WITHDRAWAL_D_GAP_SHORT'}, {'CARD_WITHDRAWAL_B_GAP_MED'}, {'CARD_WITHDRAWAL_B_GAP_MED'}, {'CARD_WITHDRAWAL_A_GAP_SHORT'}, {'CARD_WITHDRAWAL_A_GAP_SHORT'}, {'CARD_WITHDRAWAL_C_GAP_SHORT'}, {'CARD_WITHDRAWAL_A_GAP_SHORT'}, {'CARD_WITHDRAWAL_D_GAP_MED'}]",0.1430667245330618,236,0.9078341013824884,0.9694829047753603,3600
"[{'PROFILE_OLD_FEMALE'}, {'CARD_WITHDRAWAL_D_GAP_MED'}, {'CARD_WITHDRAWAL_C_GAP_MED'}, {'CARD_WITHDRAWAL_D_GAP_MED'}, {'CARD_WITHDRAWAL_D_GAP_MED'}, {'CARD_WITHDRAWAL_A_GAP_LONG'}, {'CARD_WITHDRAWAL_D_GAP_MED'}, {'CARD_WITHDRAWAL_B_GAP_MED'}, {'CARD_WITHDRAWAL_C_GAP_SHORT'}]",0.14266796305934415,51,0.86,0.9694829047753603,3600
"[{'CARD_WITHDRAWAL_D_GAP_MED'}, {'CARD_WITHDRAWAL_A_GAP_SHORT'}, {'CARD_WITHDRAWAL_C_GAP_SHORT'}, {'CARD_WITHDRAWAL_A_GAP_SHORT'}, {'CARD_WITHDRAWAL_A_GAP_SHORT'}, {'CARD_WITHDRAWAL_D_GAP_LONG'}, {'CARD_WITHDRAWAL_A_GAP_SHORT'}, {'CARD_WITHDRAWAL_D_GAP_MED'}]",0.14258200851700276,321,0.9125396825396825,0.9694829047753603,3600
"[{'PROFILE_REGION_LOW_CRIME', 'PROFILE_OLD_MALE', 'PROFILE_REGION_LOW_INCOME'}, {'DEPOSIT_A_GAP_SHORT'}, {'CARD_WITHDRAWAL_A_GAP_SHORT'}, {'CARD_WITHDRAWAL_B_GAP_MED'}, {'CARD_WITHDRAWAL_A_GAP_SHORT'}, {'CARD_WITHDRAWAL_B_GAP_SHORT'}, {'CARD_WITHDRAWAL_A_GAP_SHORT'}, {'CARD_WITHDRAWAL_B_GAP_MED'}]",0.14248455087359124,129,0.898,0.9694829047753603,3600
"[{'PROFILE_REGION_LOW_INCOME'}, {'DEPOSIT_A_GAP_SHORT'}, {'CARD_WITHDRAWAL_C_GAP_LONG'}, {'CARD_WITHDRAWAL_C_GAP_MED'}, {'CARD_WITHDRAWAL_B_GAP_SHORT'}, {'CARD_WITHDRAWAL_B_GAP_MED'}, {'CARD_WITHDRAWAL_B_GAP_LONG'}, {'CARD_WITHDRAWAL_C_GAP_SHORT'}]",0.1424595908675821,57,0.8818181818181817,0.9694829047753603,3600
"[{'PROFILE_REGION_HIGH_EDU'}, {'DEPOSIT_A_GAP_SHORT'}, {'CARD_WITHDRAWAL_C_GAP_MED'}, {'CARD_WITHDRAWAL_B_GAP_MED'}, {'CARD_WITHDRAWAL_C_GAP_SHORT'}, {'CARD_WITHDRAWAL_A_GAP_SHORT'}, {'CARD_WITHDRAWAL_C_GAP_MED'}, {'CARD_WITHDRAWAL_C_GAP_SHORT'}, {'CARD_WITHDRAWAL_C_GAP_SHORT'}]",0.14209516882331663,56,0.8627450980392156,0.9694829047753603,3600
"[{'PROFILE_OLD_FEMALE', 'PROFILE_REGION_LOW_CRIME', 'PROFILE_REGION_LOW_EDU'}, {'CARD_WITHDRAWAL_B_GAP_MED'}, {'CARD_WITHDRAWAL_B_GAP_MED'}, {'CARD_WITHDRAWAL_D_GAP_MED'}, {'CARD_WITHDRAWAL_B_GAP_SHORT'}, {'CARD_WITHDRAWAL_A_GAP_SHORT'}, {'CARD_WITHDRAWAL_A_GAP_SHORT'}]",0.14206170130790563,64,0.9112903225806451,0.9694829047753603,3600
"[{'DEPOSIT_A_GAP_SHORT'}, {'CARD_WITHDRAWAL_B_GAP_MED'}, {'CARD_WITHDRAWAL_C_GAP_MED'}, {'CARD_WITHDRAWAL_B_GAP_MED'}, {'CARD_WITHDRAWAL_C_GAP_MED'}, {'CARD_WITHDRAWAL_C_GAP_SHORT'}, {'DEPOSIT_B_GAP_MED'}]",0.14145204422662094,97,0.9173913043478261,0.9694829047753603,3600
"[{'DEPOSIT_D_GAP_LONG'}, {'DEPOSIT_C_GAP_LONG'}, {'DEPOSIT_D_GAP_LONG'}, {'DEPOSIT_D_GAP_MED'}, {'DEPOSIT_D_GAP_SHORT'}, {'DEPOSIT_D_GAP_SHORT'}, {'DEPOSIT_D_GAP_SHORT'}, {'CARD_WITHDRAWAL_C_GAP_MED'}]",0.14072057823306727,98,0.8936170212765958,0.9694829047753603,3600
"[{'DEPOSIT_D_GAP_LONG'}, {'CARD_WITHDRAWAL_C_GAP_MED'}, {'CARD_WITHDRAWAL_C_GAP_SHORT'}, {'CARD_WITHDRAWAL_C_GAP_SHORT'}, {'CARD_WITHDRAWAL_A_GAP_SHORT'}, {'CARD_WITHDRAWAL_A_GAP_SHORT'}, {'CARD_WITHDRAWAL_A_GAP_SHORT'}, {'CARD_WITHDRAWAL_C_GAP_MED'}, {'CARD_WITHDRAWAL_C_GAP_MED'}]",0.14031634085537137,119,0.8816326530612244,0.9694829047753603,3600
"[{'CARD_WITHDRAWAL_A_GAP_SHORT'}, {'CARD_WITHDRAWAL_C_GAP_LONG'}, {'CARD_WITHDRAWAL_B_GAP_SHORT'}, {'CARD_WITHDRAWAL_B_GAP_SHORT'}, {'CARD_WITHDRAWAL_A_GAP_SHORT'}, {'CARD_WITHDRAWAL_C_GAP_LONG'}, {'CARD_WITHDRAWAL_C_GAP_SHORT'}]",0.14023764150282325,65,0.9126984126984127,0.9694829047753603,3600
"[{'CARD_WITHDRAWAL_C_GAP_LONG'}, {'CARD_WITHDRAWAL_D_GAP_MED'}, {'CARD_WITHDRAWAL_A_GAP_SHORT'}, {'CARD_WITHDRAWAL_A_GAP_SHORT'}, {'CARD_WITHDRAWAL_A_GAP_SHORT'}, {'CARD_WITHDRAWAL_A_GAP_SHORT'}, {'CARD_WITHDRAWAL_C_GAP_MED'}, {'CARD_WITHDRAWAL_A_GAP_SHORT'}, {'CARD_WITHDRAWAL_B_GAP_MED'}]",0.14010970813124435,355,0.902686567164179,0.9694829047753603,3600
"[{'PROFILE_OLD_FEMALE', 'PROFILE_REGION_HIGH_CRIME'}, {'CARD_WITHDRAWAL_C_GAP_LONG'}, {'CARD_WITHDRAWAL_B_GAP_SHORT'}, {'CARD_WITHDRAWAL_C_GAP_LONG'}, {'CARD_WITHDRAWAL_B_GAP_MED'}, {'CARD_WITHDRAWAL_B_GAP_MED'}, {'CARD_WITHDRAWAL_B_GAP_MED'}]",0.14002546120133463,86,0.9166666666666667,0.9694829047753603,3600
"[{'CARD_WITHDRAWAL_D_GAP_MED'}, {'CARD_WITHDRAWAL_A_GAP_SHORT'}, {'CARD_WITHDRAWAL_A_GAP_SHORT'}, {'CARD_WITHDRAWAL_D_GAP_SHORT'}, {'CARD_WITHDRAWAL_A_GAP_SHORT'}, {'CARD_WITHDRAWAL_A_GAP_SHORT'}, {'CARD_WITHDRAWAL_A_GAP_SHORT'}, {'CARD_WITHDRAWAL_A_GAP_SHORT'}, {'CARD_WITHDRAWAL_C_GAP_MED'}, {'CARD_WITHDRAWAL_D_GAP_MED'}]",0.1399520804138622,358,0.8936500543393884,0.9694829047753603,3600
"[{'PROFILE_REGION_HIGH_CRIME'}, {'CARD_WITHDRAWAL_C_GAP_LONG'}, {'CARD_WITHDRAWAL_D_GAP_MED'}, {'CARD_WITHDRAWAL_C_GAP_SHORT'}, {'CARD_WITHDRAWAL_D_GAP_MED'}, {'CARD_WITHDRAWAL_C_GAP_MED'}, {'CARD_WITHDRAWAL_B_GAP_MED'}, {'CARD_WITHDRAWAL_D_GAP_MED'}]",0.1395555510643014,116,0.8971962616822429,0.9694829047753603,3600
"[{'CARD_WITHDRAWAL_D_GAP_MED'}, {'CARD_WITHDRAWAL_D_GAP_MED'}, {'CARD_WITHDRAWAL_D_GAP_MED'}, {'CARD_WITHDRAWAL_D_GAP_LONG'}, {'CARD_WITHDRAWAL_D_GAP_SHORT'}, {'CARD_WITHDRAWAL_D_GAP_MED'}, {'CARD_WITHDRAWAL_D_GAP_MED'}, {'CARD_WITHDRAWAL_C_GAP_MED'}]",0.1392834806104356,268,0.910935441370224,0.9694829047753603,3600
"[{'CARD_WITHDRAWAL_C_GAP_MED'}, {'CARD_WITHDRAWAL_C_GAP_MED'}, {'CARD_WITHDRAWAL_D_GAP_MED'}, {'CARD_WITHDRAWAL_D_GAP_SHORT'}, {'CARD_WITHDRAWAL_A_GAP_SHORT'}, {'CARD_WITHDRAWAL_A_GAP_SHORT'}, {'CARD_WITHDRAWAL_C_GAP_LONG'}, {'CARD_WITHDRAWAL_A_GAP_SHORT'}, {'CARD_WITHDRAWAL_A_GAP_SHORT'}]",0.13913720145661146,187,0.8913494809688581,0.9694829047753603,3600
"[{'CARD_WITHDRAWAL_D_GAP_MED'}, {'CARD_WITHDRAWAL_D_GAP_MED'}, {'CARD_WITHDRAWAL_A_GAP_SHORT'}, {'DEPOSIT_D_GAP_LONG'}, {'CARD_WITHDRAWAL_A_GAP_SHORT'}, {'CARD_WITHDRAWAL_A_GAP_SHORT'}, {'CARD_WITHDRAWAL_A_GAP_SHORT'}, {'CARD_WITHDRAWAL_D_GAP_MED'}]",0.13907369132507452,395,0.9164060871377946,0.9694829047753603,3600
"[{'PROFILE_REGION_HIGH_EDU'}, {'CARD_WITHDRAWAL_D_GAP_MED'}, {'CARD_WITHDRAWAL_D_GAP_SHORT'}, {'CARD_WITHDRAWAL_D_GAP_MED'}, {'CARD_WITHDRAWAL_D_GAP_MED'}, {'CARD_WITHDRAWAL_C_GAP_MED'}, {'CARD_WITHDRAWAL_D_GAP_MED'}, {'CARD_WITHDRAWAL_D_GAP_MED'}, {'CARD_WITHDRAWAL_C_GAP_MED'}]",0.13870459070735963,162,0.8886213124623721,0.9694829047753603,3600
"[{'PROFILE_REGION_HIGH_INCOME'}, {'DEPOSIT_C_GAP_MED'}, {'CARD_WITHDRAWAL_C_GAP_MED'}, {'CARD_WITHDRAWAL_A_GAP_SHORT'}, {'CARD_WITHDRAWAL_D_GAP_LONG'}, {'CARD_WITHDRAWAL_A_GAP_SHORT'}, {'CARD_WITHDRAWAL_C_GAP_LONG'}, {'CARD_WITHDRAWAL_A_GAP_SHORT'}]",0.13810241601013173,71,0.8883928571428571,0.9694829047753603,3600
"[{'DEPOSIT_A_GAP_SHORT'}, {'DEPOSIT_C_GAP_LONG'}, {'CARD_WITHDRAWAL_D_GAP_MED'}, {'CARD_WITHDRAWAL_B_GAP_MED'}, {'CARD_WITHDRAWAL_B_GAP_MED'}, {'CARD_WITHDRAWAL_C_GAP_MED'}, {'CARD_WITHDRAWAL_D_GAP_SHORT'}, {'CARD_WITHDRAWAL_D_GAP_SHORT'}]",0.1377341773622125,98,0.8948194662480377,0.9694829047753603,3600
"[{'PROFILE_OLD_MALE'}, {'DEPOSIT_A_GAP_SHORT'}, {'CARD_WITHDRAWAL_D_GAP_SHORT'}, {'CARD_WITHDRAWAL_C_GAP_SHORT'}, {'CARD_WITHDRAWAL_D_GAP_SHORT'}, {'CARD_WITHDRAWAL_A_GAP_SHORT'}, {'CARD_WITHDRAWAL_C_GAP_MED'}, {'DEPOSIT_D_GAP_MED'}, {'CARD_WITHDRAWAL_C_GAP_MED'}, {'CARD_WITHDRAWAL_C_GAP_MED'}]",0.13772363726883552,43,0.8414634146341464,0.9694829047753603,3600
"[{'PROFILE_REGION_LOW_EDU'}, {'CARD_WITHDRAWAL_B_GAP_MED'}, {'CARD_WITHDRAWAL_B_GAP_MED'}, {'CARD_WITHDRAWAL_A_GAP_SHORT'}, {'CARD_WITHDRAWAL_D_GAP_MED'}, {'CARD_WITHDRAWAL_B_GAP_MED'}, {'CARD_WITHDRAWAL_C_GAP_MED'}, {'CARD_WITHDRAWAL_C_GAP_MED'}]",0.13769186205756356,191,0.9063063063063063,0.9694829047753603,3600
"[{'CARD_WITHDRAWAL_D_GAP_MED'}, {'CARD_WITHDRAWAL_B_GAP_SHORT'}, {'CARD_WITHDRAWAL_B_GAP_SHORT'}, {'CARD_WITHDRAWAL_D_GAP_MED'}, {'CARD_WITHDRAWAL_C_GAP_MED'}, {'CARD_WITHDRAWAL_D_GAP_MED'}, {'CARD_WITHDRAWAL_D_GAP_LONG'}, {'CARD_WITHDRAWAL_A_GAP_SHORT'}, {'CARD_WITHDRAWAL_D_GAP_SHORT'}]",0.13760590990611354,61,0.8666666666666667,0.9694829047753603,3600
"[{'PROFILE_REGION_HIGH_EDU'}, {'DEPOSIT_A_GAP_SHORT'}, {'DEPOSIT_D_GAP_LONG'}, {'DEPOSIT_D_GAP_MED'}, {'DEPOSIT_D_GAP_MED'}, {'CARD_WITHDRAWAL_C_GAP_LONG'}, {'CARD_WITHDRAWAL_C_GAP_MED'}, {'DEPOSIT_D_GAP_MED'}, {'DEPOSIT_C_GAP_MED'}, {'CARD_WITHDRAWAL_C_GAP_MED'}]",0.13742270631231013,42,0.8408163265306122,0.9694829047753603,3600
"[{'PROFILE_OLD_FEMALE'}, {'CARD_WITHDRAWAL_C_GAP_LONG'}, {'CARD_WITHDRAWAL_C_GAP_MED'}, {'CARD_WITHDRAWAL_C_GAP_MED'}, {'CARD_WITHDRAWAL_A_GAP_SHORT'}, {'CARD_WITHDRAWAL_A_GAP_SHORT'}, {'CARD_WITHDRAWAL_C_GAP_MED'}, {'CARD_WITHDRAWAL_C_GAP_MED'}, {'CARD_WITHDRAWAL_B_GAP_LONG'}, {'CARD_WITHDRAWAL_C_GAP_MED'}]",0.13724986643889903,47,0.8444444444444444,0.9694829047753603,3600
"[{'CARD_WITHDRAWAL_D_GAP_MED'}, {'CARD_WITHDRAWAL_D_GAP_MED'}, {'TRANSFER_B_GAP_SHORT'}, {'CARD_WITHDRAWAL_D_GAP_MED'}, {'CARD_WITHDRAWAL_D_GAP_MED'}, {'CARD_WITHDRAWAL_D_GAP_MED'}, {'CARD_WITHDRAWAL_C_GAP_MED'}, {'CARD_WITHDRAWAL_D_GAP_MED'}]",0.13723254423169173,110,0.8971428571428571,0.9694829047753603,3600
"[{'CARD_WITHDRAWAL_D_GAP_MED'}, {'CARD_WITHDRAWAL_D_GAP_MED'}, {'CARD_WITHDRAWAL_D_GAP_MED'}, {'CARD_WITHDRAWAL_D_GAP_LONG'}, {'CARD_WITHDRAWAL_C_GAP_MED'}, {'CARD_WITHDRAWAL_D_GAP_SHORT'}, {'CARD_WITHDRAWAL_C_GAP_MED'}, {'CARD_WITHDRAWAL_D_GAP_MED'}, {'CARD_WITHDRAWAL_D_GAP_MED'}, {'CARD_WITHDRAWAL_C_GAP_MED'}]",0.13707098650837524,101,0.8662613981762919,0.9694829047753603,3600
"[{'PROFILE_REGION_LOW_EDU'}, {'CARD_WITHDRAWAL_C_GAP_MED'}, {'CARD_WITHDRAWAL_D_GAP_MED'}, {'CARD_WITHDRAWAL_D_GAP_MED'}, {'CARD_WITHDRAWAL_D_GAP_SHORT'}, {'CARD_WITHDRAWAL_C_GAP_MED'}, {'CARD_WITHDRAWAL_C_GAP_MED'}, {'CARD_WITHDRAWAL_A_GAP_SHORT'}, {'CARD_WITHDRAWAL_D_GAP_MED'}, {'CARD_WITHDRAWAL_D_GAP_MED'}]",0.13705708354608093,97,0.8652173913043477,0.9694829047753603,3600
"[{'DEPOSIT_C_GAP_LONG'}, {'DEPOSIT_B_GAP_LONG'}, {'CARD_WITHDRAWAL_C_GAP_SHORT'}, {'CARD_WITHDRAWAL_A_GAP_SHORT'}, {'CARD_WITHDRAWAL_A_GAP_SHORT'}, {'CARD_WITHDRAWAL_C_GAP_SHORT'}, {'CARD_WITHDRAWAL_A_GAP_SHORT'}, {'CARD_WITHDRAWAL_A_GAP_SHORT'}]",0.13691380541077802,31,0.8703703703703703,0.9694829047753603,3600
"[{'CARD_WITHDRAWAL_D_GAP_MED'}, {'CARD_WITHDRAWAL_C_GAP_MED'}, {'CARD_WITHDRAWAL_B_GAP_MED'}, {'CARD_WITHDRAWAL_C_GAP_SHORT'}, {'CARD_WITHDRAWAL_C_GAP_SHORT'}, {'CARD_WITHDRAWAL_B_GAP_MED'}, {'CARD_WITHDRAWAL_D_GAP_MED'}, {'CARD_WITHDRAWAL_A_GAP_SHORT'}]",0.13681299378833012,137,0.9011627906976744,0.9694829047753603,3600
"[{'PROFILE_REGION_LOW_CRIME', 'PROFILE_REGION_LOW_EDU'}, {'DEPOSIT_A_GAP_SHORT'}, {'CARD_WITHDRAWAL_A_GAP_SHORT'}, {'CARD_WITHDRAWAL_A_GAP_SHORT'}, {'CARD_WITHDRAWAL_A_GAP_SHORT'}, {'CARD_WITHDRAWAL_A_GAP_SHORT'}, {'CARD_WITHDRAWAL_A_GAP_SHORT'}, {'DEPOSIT_D_GAP_LONG'}, {'CARD_WITHDRAWAL_A_GAP_SHORT'}]",0.1366284420716779,101,0.8791666666666667,0.9694829047753603,3600
"[{'CARD_WITHDRAWAL_D_GAP_MED'}, {'CARD_WITHDRAWAL_B_GAP_MED'}, {'CARD_WITHDRAWAL_D_GAP_MED'}, {'CARD_WITHDRAWAL_C_GAP_MED'}, {'CARD_WITHDRAWAL_D_GAP_MED'}, {'CARD_WITHDRAWAL_D_GAP_MED'}, {'CARD_WITHDRAWAL_D_GAP_MED'}, {'CARD_WITHDRAWAL_D_GAP_MED'}]",0.1363626799386901,467,0.9193268992823559,0.9694829047753603,3600
"[{'DEPOSIT_D_GAP_LONG'}, {'CARD_WITHDRAWAL_D_GAP_LONG'}, {'CARD_WITHDRAWAL_C_GAP_MED'}, {'CARD_WITHDRAWAL_D_GAP_MED'}, {'CARD_WITHDRAWAL_A_GAP_SHORT'}, {'CARD_WITHDRAWAL_D_GAP_MED'}, {'CARD_WITHDRAWAL_C_GAP_MED'}, {'CARD_WITHDRAWAL_A_GAP_SHORT'}]",0.13608089935673984,310,0.9140030441400304,0.9694829047753603,3600
"[{'PROFILE_REGION_HIGH_EDU'}, {'DEPOSIT_D_GAP_LONG'}, {'DEPOSIT_D_GAP_LONG'}, {'CARD_WITHDRAWAL_D_GAP_MED'}, {'CARD_WITHDRAWAL_C_GAP_MED'}, {'CARD_WITHDRAWAL_A_GAP_SHORT'}, {'DEPOSIT_D_GAP_MED'}, {'CARD_WITHDRAWAL_C_GAP_MED'}, {'DEPOSIT_D_GAP_MED'}]",0.135632333963964,200,0.8936251920122888,0.9694829047753603,3600
"[{'DEPOSIT_D_GAP_LONG'}, {'DEPOSIT_C_GAP_LONG'}, {'CARD_WITHDRAWAL_C_GAP_LONG'}, {'CARD_WITHDRAWAL_C_GAP_LONG'}, {'CARD_WITHDRAWAL_C_GAP_SHORT'}, {'CARD_WITHDRAWAL_B_GAP_MED'}, {'CARD_WITHDRAWAL_D_GAP_MED'}, {'CARD_WITHDRAWAL_C_GAP_MED'}]",0.13517721875890165,38,0.8761904761904762,0.9694829047753603,3600
"[{'CARD_WITHDRAWAL_C_GAP_MED'}, {'CARD_WITHDRAWAL_D_GAP_SHORT'}, {'CARD_WITHDRAWAL_C_GAP_MED'}, {'CARD_WITHDRAWAL_C_GAP_MED'}, {'CARD_WITHDRAWAL_D_GAP_MED'}, {'CARD_WITHDRAWAL_C_GAP_MED'}, {'CARD_WITHDRAWAL_D_GAP_SHORT'}, {'CARD_WITHDRAWAL_D_GAP_MED'}, {'CARD_WITHDRAWAL_D_GAP_SHORT'}]",0.1349933178963505,88,0.8765625000000001,0.9694829047753603,3600
"[{'PROFILE_REGION_HIGH_INCOME', 'PROFILE_REGION_HIGH_CRIME'}, {'DEPOSIT_C_GAP_LONG'}, {'DEPOSIT_C_GAP_LONG'}, {'DEPOSIT_D_GAP_MED'}, {'DEPOSIT_D_GAP_MED'}, {'CARD_WITHDRAWAL_C_GAP_SHORT'}, {'CARD_WITHDRAWAL_A_GAP_SHORT'}, {'CARD_WITHDRAWAL_A_GAP_SHORT'}, {'CARD_WITHDRAWAL_A_GAP_SHORT'}]",0.13459697001351478,32,0.85,0.9694829047753603,3600
"[{'PROFILE_REGION_HIGH_EDU', 'PROFILE_REGION_HIGH_INCOME'}, {'CARD_WITHDRAWAL_B_GAP_LONG'}, {'CARD_WITHDRAWAL_D_GAP_LONG'}, {'CARD_WITHDRAWAL_A_GAP_SHORT'}, {'CARD_WITHDRAWAL_D_GAP_MED'}, {'CARD_WITHDRAWAL_D_GAP_MED'}, {'CARD_WITHDRAWAL_D_GAP_SHORT'}, {'CARD_WITHDRAWAL_A_GAP_SHORT'}, {'CARD_WITHDRAWAL_C_GAP_MED'}, {'CARD_WITHDRAWAL_C_GAP_SHORT'}]",0.1345881148696968,22,0.8194444444444444,0.9694829047753603,3600
"[{'CARD_WITHDRAWAL_C_GAP_LONG'}, {'CARD_WITHDRAWAL_C_GAP_MED'}, {'CARD_WITHDRAWAL_B_GAP_SHORT'}, {'CARD_WITHDRAWAL_D_GAP_MED'}, {'CARD_WITHDRAWAL_D_GAP_MED'}, {'CARD_WITHDRAWAL_C_GAP_MED'}, {'DEPOSIT_C_GAP_LONG'}]",0.13455523335246244,40,0.9097222222222223,0.9694829047753603,3600
"[{'PROFILE_REGION_HIGH_INCOME'}, {'CARD_WITHDRAWAL_D_GAP_SHORT'}, {'CARD_WITHDRAWAL_D_GAP_MED'}, {'CARD_WITHDRAWAL_A_GAP_SHORT'}, {'CARD_WITHDRAWAL_D_GAP_MED'}, {'CARD_WITHDRAWAL_A_GAP_SHORT'}, {'CARD_WITHDRAWAL_A_GAP_SHORT'}, {'CARD_WITHDRAWAL_D_GAP_MED'}]",0.13436733318111993,368,0.916838205022643,0.9694829047753603,3600
"[{'PROFILE_REGION_HIGH_EDU'}, {'DEPOSIT_A_GAP_SHORT'}, {'CARD_WITHDRAWAL_D_GAP_MED'}, {'CARD_WITHDRAWAL_D_GAP_MED'}, {'CARD_WITHDRAWAL_D_GAP_MED'}, {'CARD_WITHDRAWAL_B_GAP_MED'}, {'CARD_WITHDRAWAL_C_GAP_MED'}, {'CARD_WITHDRAWAL_C_GAP_MED'}, {'CARD_WITHDRAWAL_D_GAP_MED'}]",0.13388997056343754,238,0.8973214285714286,0.9694829047753603,3600
"[{'CARD_WITHDRAWAL_D_GAP_MED'}, {'CARD_WITHDRAWAL_D_GAP_MED'}, {'CARD_WITHDRAWAL_D_GAP_MED'}, {'CARD_WITHDRAWAL_D_GAP_MED'}, {'CARD_WITHDRAWAL_D_GAP_MED'}, {'CARD_WITHDRAWAL_A_GAP_SHORT'}, {'CARD_WITHDRAWAL_C_GAP_LONG'}, {'CARD_WITHDRAWAL_C_GAP_MED'}, {'CARD_WITHDRAWAL_A_GAP_SHORT'}]",0.13326904604037804,235,0.8972602739726028,0.9694829047753603,3600
"[{'DEPOSIT_A_GAP_SHORT'}, {'CARD_WITHDRAWAL_D_GAP_LONG'}, {'CARD_WITHDRAWAL_D_GAP_LONG'}, {'CARD_WITHDRAWAL_D_GAP_MED'}, {'CARD_WITHDRAWAL_A_GAP_SHORT'}, {'CARD_WITHDRAWAL_D_GAP_MED'}, {'CARD_WITHDRAWAL_C_GAP_MED'}, {'CARD_WITHDRAWAL_A_GAP_SHORT'}]",0.1332001007565634,415,0.9187341772151898,0.9694829047753603,3600
"[{'PROFILE_REGION_LOW_INCOME'}, {'DEPOSIT_A_GAP_SHORT'}, {'CARD_WITHDRAWAL_B_GAP_MED'}, {'CARD_WITHDRAWAL_B_GAP_MED'}, {'CARD_WITHDRAWAL_C_GAP_MED'}, {'CARD_WITHDRAWAL_B_GAP_MED'}, {'CARD_WITHDRAWAL_B_GAP_SHORT'}, {'CARD_WITHDRAWAL_C_GAP_MED'}]",0.13285016720531018,220,0.9101274312541919,0.9694829047753603,3600
"[{'CARD_WITHDRAWAL_C_GAP_MED'}, {'CARD_WITHDRAWAL_D_GAP_MED'}, {'CARD_WITHDRAWAL_D_GAP_MED'}, {'CARD_WITHDRAWAL_D_GAP_MED'}, {'CARD_WITHDRAWAL_D_GAP_MED'}, {'CARD_WITHDRAWAL_D_GAP_MED'}, {'CARD_WITHDRAWAL_D_GAP_MED'}, {'CARD_WITHDRAWAL_D_GAP_MED'}, {'CARD_WITHDRAWAL_D_GAP_MED'}]",0.13265561481046173,451,0.9082627662304337,0.9694829047753603,3600
"[{'PROFILE_REGION_LOW_EDU'}, {'DEPOSIT_A_GAP_SHORT'}, {'CARD_WITHDRAWAL_B_GAP_MED'}, {'CARD_WITHDRAWAL_A_GAP_SHORT'}, {'CARD_WITHDRAWAL_B_GAP_SHORT'}, {'CARD_WITHDRAWAL_A_GAP_SHORT'}, {'CARD_WITHDRAWAL_D_GAP_MED'}, {'CARD_WITHDRAWAL_B_GAP_LONG'}, {'CARD_WITHDRAWAL_B_GAP_MED'}]",0.13242484705694113,144,0.8881118881118881,0.9694829047753603,3600
"[{'CARD_WITHDRAWAL_D_GAP_MED'}, {'CARD_WITHDRAWAL_D_GAP_MED'}, {'CARD_WITHDRAWAL_D_GAP_MED'}, {'CARD_WITHDRAWAL_B_GAP_SHORT'}, {'CARD_WITHDRAWAL_C_GAP_SHORT'}, {'CARD_WITHDRAWAL_D_GAP_SHORT'}, {'CARD_WITHDRAWAL_D_GAP_MED'}, {'CARD_WITHDRAWAL_B_GAP_SHORT'}]",0.1323970252180614,132,0.902217741935484,0.9694829047753603,3600
"[{'PROFILE_REGION_HIGH_INCOME'}, {'CARD_WITHDRAWAL_B_GAP_MED'}, {'CARD_WITHDRAWAL_B_GAP_MED'}, {'CARD_WITHDRAWAL_C_GAP_MED'}, {'CARD_WITHDRAWAL_A_GAP_SHORT'}, {'CARD_WITHDRAWAL_B_GAP_MED'}, {'CARD_WITHDRAWAL_B_GAP_SHORT'}, {'CARD_WITHDRAWAL_D_GAP_SHORT'}]",0.131524648756159,125,0.9016393442622952,0.9694829047753603,3600
"[{'PROFILE_OLD_FEMALE'}, {'CARD_WITHDRAWAL_C_GAP_LONG'}, {'CARD_WITHDRAWAL_C_GAP_MED'}, {'CARD_WITHDRAWAL_C_GAP_MED'}, {'CARD_WITHDRAWAL_B_GAP_MED'}, {'CARD_WITHDRAWAL_C_GAP_MED'}, {'CARD_WITHDRAWAL_B_GAP_MED'}, {'CARD_WITHDRAWAL_D_GAP_MED'}, {'CARD_WITHDRAWAL_D_GAP_MED'}]",0.13115532733479762,68,0.8717948717948718,0.9694829047753603,3600
"[{'CARD_WITHDRAWAL_D_GAP_LONG'}, {'CARD_WITHDRAWAL_D_GAP_LONG'}, {'CARD_WITHDRAWAL_B_GAP_SHORT'}, {'CARD_WITHDRAWAL_D_GAP_SHORT'}, {'CARD_WITHDRAWAL_D_GAP_MED'}, {'CARD_WITHDRAWAL_D_GAP_MED'}, {'CARD_WITHDRAWAL_D_GAP_MED'}, {'CARD_WITHDRAWAL_C_GAP_MED'}]",0.13108733481445312,206,0.9097574732092498,0.9694829047753603,3600
"[{'CARD_WITHDRAWAL_A_GAP_SHORT'}, {'CARD_WITHDRAWAL_C_GAP_MED'}, {'CARD_WITHDRAWAL_C_GAP_MED'}, {'CARD_WITHDRAWAL_A_GAP_SHORT'}, {'CARD_WITHDRAWAL_A_GAP_SHORT'}, {'CARD_WITHDRAWAL_C_GAP_MED'}, {'CARD_WITHDRAWAL_A_GAP_SHORT'}, {'CARD_WITHDRAWAL_C_GAP_MED'}, {'CARD_WITHDRAWAL_A_GAP_SHORT'}]",0.1303739914769828,403,0.9070598748882931,0.9694829047753603,3600
"[{'CARD_WITHDRAWAL_C_GAP_MED'}, {'CARD_WITHDRAWAL_A_GAP_SHORT'}, {'CARD_WITHDRAWAL_B_GAP_MED'}, {'CARD_WITHDRAWAL_B_GAP_MED'}, {'CARD_WITHDRAWAL_B_GAP_MED'}, {'CARD_WITHDRAWAL_C_GAP_MED'}, {'CARD_WITHDRAWAL_B_GAP_LONG'}, {'CARD_WITHDRAWAL_B_GAP_SHORT'}]",0.13022843655435512,207,0.9101307189542484,0.9694829047753603,3600
"[{'DEPOSIT_D_GAP_LONG'}, {'DEPOSIT_D_GAP_LONG'}, {'CARD_WITHDRAWAL_D_GAP_LONG'}, {'DEPOSIT_D_GAP_MED'}, {'CARD_WITHDRAWAL_D_GAP_MED'}, {'CARD_WITHDRAWAL_D_GAP_LONG'}, {'DEPOSIT_D_GAP_LONG'}, {'CARD_WITHDRAWAL_D_GAP_MED'}]",0.13019203300182403,295,0.9151728553137004,0.9694829047753603,3600
"[{'PROFILE_REGION_HIGH_EDU'}, {'DEPOSIT_D_GAP_LONG'}, {'DEPOSIT_D_GAP_LONG'}, {'CARD_WITHDRAWAL_C_GAP_MED'}, {'CARD_WITHDRAWAL_D_GAP_LONG'}, {'DEPOSIT_D_GAP_MED'}, {'CARD_WITHDRAWAL_D_GAP_MED'}, {'CARD_WITHDRAWAL_D_GAP_LONG'}, {'DEPOSIT_D_GAP_LONG'}, {'CARD_WITHDRAWAL_D_GAP_LONG'}]",0.12995951515445703,65,0.8565573770491803,0.9694829047753603,3600
"[{'CARD_WITHDRAWAL_D_GAP_LONG'}, {'CARD_WITHDRAWAL_C_GAP_MED'}, {'CARD_WITHDRAWAL_C_GAP_MED'}, {'CARD_WITHDRAWAL_A_GAP_SHORT'}, {'CARD_WITHDRAWAL_C_GAP_MED'}, {'CARD_WITHDRAWAL_A_GAP_SHORT'}, {'CARD_WITHDRAWAL_C_GAP_MED'}, {'CARD_WITHDRAWAL_A_GAP_SHORT'}]",0.12994405989166147,353,0.917632356282663,0.9694829047753603,3600
"[{'DEPOSIT_D_GAP_LONG'}, {'CARD_WITHDRAWAL_C_GAP_MED'}, {'CARD_WITHDRAWAL_C_GAP_MED'}, {'DEPOSIT_D_GAP_SHORT'}, {'DEPOSIT_D_GAP_SHORT'}, {'DEPOSIT_D_GAP_MED'}, {'CARD_WITHDRAWAL_D_GAP_SHORT'}, {'CARD_WITHDRAWAL_D_GAP_SHORT'}]",0.12973116177247812,209,0.9104477611940298,0.9694829047753603,3600
"[{'CARD_WITHDRAWAL_D_GAP_MED'}, {'CARD_WITHDRAWAL_D_GAP_MED'}, {'CARD_WITHDRAWAL_D_GAP_MED'}, {'CARD_WITHDRAWAL_D_GAP_MED'}, {'CARD_WITHDRAWAL_D_GAP_MED'}, {'CARD_WITHDRAWAL_D_GAP_MED'}, {'CARD_WITHDRAWAL_D_GAP_MED'}, {'CARD_WITHDRAWAL_D_GAP_MED'}, {'CARD_WITHDRAWAL_A_GAP_SHORT'}]",0.12924716911260148,662,0.9145829928637577,0.9694829047753603,3600
"[{'CARD_WITHDRAWAL_D_GAP_MED'}, {'CARD_WITHDRAWAL_D_GAP_MED'}, {'CARD_WITHDRAWAL_D_GAP_MED'}, {'CARD_WITHDRAWAL_D_GAP_SHORT'}, {'CARD_WITHDRAWAL_D_GAP_SHORT'}, {'CARD_WITHDRAWAL_D_GAP_MED'}, {'CARD_WITHDRAWAL_C_GAP_SHORT'}, {'CARD_WITHDRAWAL_D_GAP_MED'}]",0.12905609127392115,264,0.9140211640211641,0.9694829047753603,3600
"[{'PROFILE_OLD_FEMALE'}, {'DEPOSIT_A_GAP_SHORT'}, {'CARD_WITHDRAWAL_D_GAP_MED'}, {'CARD_WITHDRAWAL_D_GAP_MED'}, {'CARD_WITHDRAWAL_D_GAP_MED'}, {'CARD_WITHDRAWAL_D_GAP_MED'}, {'CARD_WITHDRAWAL_A_GAP_SHORT'}, {'CARD_WITHDRAWAL_A_GAP_SHORT'}, {'CARD_WITHDRAWAL_C_GAP_MED'}, {'CARD_WITHDRAWAL_A_GAP_SHORT'}]",0.128846084749222,214,0.8859223300970873,0.9694829047753603,3600
"[{'PROFILE_REGION_LOW_EDU'}, {'CARD_WITHDRAWAL_D_GAP_MED'}, {'CARD_WITHDRAWAL_D_GAP_SHORT'}, {'CARD_WITHDRAWAL_D_GAP_SHORT'}, {'CARD_WITHDRAWAL_D_GAP_SHORT'}, {'CARD_WITHDRAWAL_A_GAP_SHORT'}, {'CARD_WITHDRAWAL_D_GAP_SHORT'}, {'CARD_WITHDRAWAL_A_GAP_SHORT'}]",0.12884039029133454,250,0.9133333333333333,0.9694829047753603,3600
"[{'DEPOSIT_A_GAP_SHORT'}, {'CARD_WITHDRAWAL_D_GAP_MED'}, {'CARD_WITHDRAWAL_D_GAP_MED'}, {'CARD_WITHDRAWAL_D_GAP_MED'}, {'CARD_WITHDRAWAL_D_GAP_MED'}, {'CARD_WITHDRAWAL_C_GAP_MED'}, {'CARD_WITHDRAWAL_A_GAP_SHORT'}, {'CARD_WITHDRAWAL_C_GAP_MED'}, {'CARD_WITHDRAWAL_C_GAP_MED'}]",0.12857224061170003,353,0.9054054054054055,0.9694829047753603,3600
"[{'CARD_WITHDRAWAL_D_GAP_MED'}, {'CARD_WITHDRAWAL_D_GAP_MED'}, {'CARD_WITHDRAWAL_D_GAP_MED'}, {'CARD_WITHDRAWAL_D_GAP_SHORT'}, {'CARD_WITHDRAWAL_B_GAP_MED'}, {'CARD_WITHDRAWAL_D_GAP_MED'}, {'CARD_WITHDRAWAL_D_GAP_MED'}, {'CARD_WITHDRAWAL_D_GAP_MED'}, {'CARD_WITHDRAWAL_D_GAP_MED'}]",0.12807092075402915,405,0.9076902099809109,0.9694829047753603,3600
"[{'CARD_WITHDRAWAL_C_GAP_SHORT'}, {'CARD_WITHDRAWAL_C_GAP_MED'}, {'CARD_WITHDRAWAL_D_GAP_MED'}, {'CARD_WITHDRAWAL_D_GAP_MED'}, {'CARD_WITHDRAWAL_C_GAP_MED'}, {'CARD_WITHDRAWAL_C_GAP_MED'}, {'CARD_WITHDRAWAL_D_GAP_MED'}, {'CARD_WITHDRAWAL_D_GAP_MED'}, {'CARD_WITHDRAWAL_D_GAP_MED'}]",0.12766966823095505,145,0.8897243107769424,0.9694829047753603,3600
"[{'CARD_WITHDRAWAL_D_GAP_MED'}, {'CARD_WITHDRAWAL_C_GAP_MED'}, {'CARD_WITHDRAWAL_A_GAP_SHORT'}, {'CARD_WITHDRAWAL_C_GAP_MED'}, {'CARD_WITHDRAWAL_D_GAP_MED'}, {'CARD_WITHDRAWAL_C_GAP_MED'}, {'CARD_WITHDRAWAL_B_GAP_MED'}, {'CARD_WITHDRAWAL_A_GAP_SHORT'}, {'CARD_WITHDRAWAL_C_GAP_MED'}]",0.12758644611545622,213,0.8970588235294117,0.9694829047753603,3600
"[{'CARD_WITHDRAWAL_B_GAP_LONG'}, {'DEPOSIT_D_GAP_LONG'}, {'CARD_WITHDRAWAL_C_GAP_LONG'}, {'DEPOSIT_C_GAP_LONG'}, {'CARD_WITHDRAWAL_B_GAP_MED'}, {'CARD_WITHDRAWAL_B_GAP_SHORT'}, {'CARD_WITHDRAWAL_C_GAP_MED'}]",0.12631450461960458,40,0.9166666666666667,0.9694829047753603,3600
"[{'PROFILE_REGION_LOW_EDU'}, {'CARD_WITHDRAWAL_D_GAP_MED'}, {'CARD_WITHDRAWAL_D_GAP_MED'}, {'CARD_WITHDRAWAL_D_GAP_SHORT'}, {'CARD_WITHDRAWAL_B_GAP_MED'}, {'CARD_WITHDRAWAL_A_GAP_SHORT'}, {'CARD_WITHDRAWAL_C_GAP_SHORT'}, {'CARD_WITHDRAWAL_C_GAP_MED'}, {'CARD_WITHDRAWAL_B_GAP_MED'}, {'CARD_WITHDRAWAL_D_GAP_MED'}]",0.12621410764598573,70,0.8598484848484848,0.9694829047753603,3600
"[{'CARD_WITHDRAWAL_D_GAP_LONG'}, {'CARD_WITHDRAWAL_D_GAP_SHORT'}, {'CARD_WITHDRAWAL_D_GAP_SHORT'}, {'CARD_WITHDRAWAL_D_GAP_SHORT'}, {'CARD_WITHDRAWAL_C_GAP_MED'}, {'CARD_WITHDRAWAL_D_GAP_MED'}, {'CARD_WITHDRAWAL_D_GAP_MED'}, {'TRANSFER_C_GAP_MED'}, {'CARD_WITHDRAWAL_C_GAP_MED'}]",0.12583743538190084,33,0.8548387096774194,0.9694829047753603,3600
"[{'DEPOSIT_D_GAP_LONG'}, {'CARD_WITHDRAWAL_C_GAP_LONG'}, {'DEPOSIT_D_GAP_MED'}, {'CARD_WITHDRAWAL_D_GAP_LONG'}, {'CARD_WITHDRAWAL_B_GAP_LONG'}, {'CARD_WITHDRAWAL_D_GAP_MED'}, {'CARD_WITHDRAWAL_C_GAP_MED'}, {'CARD_WITHDRAWAL_D_GAP_MED'}]",0.12583009452744387,130,0.9045698924731183,0.9694829047753603,3600
"[{'DEPOSIT_D_GAP_LONG'}, {'DEPOSIT_D_GAP_SHORT'}, {'DEPOSIT_D_GAP_SHORT'}, {'DEPOSIT_D_GAP_MED'}, {'DEPOSIT_D_GAP_MED'}, {'CARD_WITHDRAWAL_C_GAP_MED'}, {'DEPOSIT_D_GAP_MED'}, {'CARD_WITHDRAWAL_C_GAP_SHORT'}]",0.12536635356718917,251,0.9145746164574616,0.9694829047753603,3600
"[{'CARD_WITHDRAWAL_D_GAP_LONG'}, {'CARD_WITHDRAWAL_C_GAP_MED'}, {'CARD_WITHDRAWAL_C_GAP_MED'}, {'CARD_WITHDRAWAL_C_GAP_MED'}, {'CARD_WITHDRAWAL_D_GAP_MED'}, {'CARD_WITHDRAWAL_A_GAP_SHORT'}, {'CARD_WITHDRAWAL_D_GAP_MED'}, {'CARD_WITHDRAWAL_C_GAP_MED'}, {'CARD_WITHDRAWAL_C_GAP_MED'}, {'CARD_WITHDRAWAL_D_GAP_MED'}]",0.1253035343770611,119,0.8737300435413643,0.9694829047753603,3600
"[{'DEPOSIT_D_GAP_LONG'}, {'DEPOSIT_D_GAP_LONG'}, {'CARD_WITHDRAWAL_C_GAP_LONG'}, {'DEPOSIT_D_GAP_MED'}, {'CARD_WITHDRAWAL_D_GAP_LONG'}, {'CARD_WITHDRAWAL_D_GAP_MED'}, {'CARD_WITHDRAWAL_C_GAP_MED'}, {'CARD_WITHDRAWAL_D_GAP_MED'}]",0.12520654397390452,210,0.9121287128712872,0.9694829047753603,3600
"[{'CARD_WITHDRAWAL_C_GAP_MED'}, {'CARD_WITHDRAWAL_C_GAP_MED'}, {'CARD_WITHDRAWAL_A_GAP_SHORT'}, {'CARD_WITHDRAWAL_A_GAP_SHORT'}, {'CARD_WITHDRAWAL_A_GAP_SHORT'}, {'CARD_WITHDRAWAL_C_GAP_LONG'}, {'CARD_WITHDRAWAL_C_GAP_MED'}, {'CARD_WITHDRAWAL_C_GAP_MED'}, {'CARD_WITHDRAWAL_A_GAP_SHORT'}]",0.12484074965188274,169,0.8935758513931888,0.9694829047753603,3600
"[{'PROFILE_OLD_FEMALE', 'PROFILE_REGION_HIGH_INCOME'}, {'DEPOSIT_A_GAP_SHORT'}, {'CARD_WITHDRAWAL_D_GAP_MED'}, {'CARD_WITHDRAWAL_B_GAP_MED'}, {'CARD_WITHDRAWAL_B_GAP_MED'}, {'CARD_WITHDRAWAL_C_GAP_MED'}, {'CARD_WITHDRAWAL_B_GAP_MED'}, {'CARD_WITHDRAWAL_D_GAP_MED'}, {'CARD_WITHDRAWAL_C_GAP_MED'}]",0.12448133666748384,70,0.875,0.9694829047753603,3600
"[{'CARD_WITHDRAWAL_D_GAP_MED'}, {'CARD_WITHDRAWAL_D_GAP_SHORT'}, {'CARD_WITHDRAWAL_D_GAP_SHORT'}, {'CARD_WITHDRAWAL_A_GAP_SHORT'}, {'CARD_WITHDRAWAL_C_GAP_SHORT'}, {'CARD_WITHDRAWAL_D_GAP_SHORT'}, {'CARD_WITHDRAWAL_D_GAP_SHORT'}, {'CARD_WITHDRAWAL_C_GAP_MED'}, {'CARD_WITHDRAWAL_D_GAP_MED'}]",0.12431275153441967,101,0.8833333333333334,0.9694829047753603,3600
"[{'CARD_WITHDRAWAL_D_GAP_LONG'}, {'CARD_WITHDRAWAL_D_GAP_LONG'}, {'CARD_WITHDRAWAL_D_GAP_LONG'}, {'CARD_WITHDRAWAL_D_GAP_MED'}, {'CARD_WITHDRAWAL_D_GAP_LONG'}, {'CARD_WITHDRAWAL_C_GAP_MED'}, {'CARD_WITHDRAWAL_C_GAP_LONG'}, {'CARD_WITHDRAWAL_D_GAP_SHORT'}]",0.12423908275535767,120,0.9039190897597977,0.9694829047753603,3600
"[{'PROFILE_REGION_LOW_EDU'}, {'DEPOSIT_A_GAP_SHORT'}, {'CARD_WITHDRAWAL_D_GAP_LONG'}, {'CARD_WITHDRAWAL_D_GAP_MED'}, {'CARD_WITHDRAWAL_D_GAP_LONG'}, {'CARD_WITHDRAWAL_D_GAP_MED'}, {'CARD_WITHDRAWAL_C_GAP_MED'}, {'CARD_WITHDRAWAL_C_GAP_MED'}, {'CARD_WITHDRAWAL_B_GAP_LONG'}]",0.12385669170870361,83,0.8791666666666667,0.9694829047753603,3600
"[{'PROFILE_REGION_HIGH_CRIME'}, {'CARD_WITHDRAWAL_C_GAP_MED'}, {'CARD_WITHDRAWAL_B_GAP_MED'}, {'CARD_WITHDRAWAL_D_GAP_SHORT'}, {'CARD_WITHDRAWAL_D_GAP_MED'}, {'CARD_WITHDRAWAL_D_GAP_MED'}, {'CARD_WITHDRAWAL_C_GAP_MED'}, {'CARD_WITHDRAWAL_D_GAP_MED'}]",0.12383007896707698,176,0.9100609756097561,0.9694829047753603,3600
"[{'PROFILE_REGION_HIGH_CRIME'}, {'CARD_WITHDRAWAL_C_GAP_MED'}, {'CARD_WITHDRAWAL_C_GAP_MED'}, {'CARD_WITHDRAWAL_B_GAP_MED'}, {'CARD_WITHDRAWAL_C_GAP_MED'}, {'CARD_WITHDRAWAL_A_GAP_SHORT'}, {'CARD_WITHDRAWAL_B_GAP_SHORT'}, {'CARD_WITHDRAWAL_C_GAP_MED'}, {'CARD_WITHDRAWAL_C_GAP_LONG'}]",0.12344889407990767,63,0.8728813559322033,0.9694829047753603,3600
"[{'DEPOSIT_D_GAP_LONG'}, {'DEPOSIT_D_GAP_LONG'}, {'CARD_WITHDRAWAL_C_GAP_SHORT'}, {'DEPOSIT_D_GAP_MED'}, {'CARD_WITHDRAWAL_D_GAP_MED'}, {'CARD_WITHDRAWAL_B_GAP_MED'}, {'CARD_WITHDRAWAL_C_GAP_MED'}, {'CARD_WITHDRAWAL_D_GAP_MED'}]",0.12330796014877599,204,0.912406015037594,0.9694829047753603,3600
"[{'DEPOSIT_D_GAP_LONG'}, {'CARD_WITHDRAWAL_D_GAP_MED'}, {'CARD_WITHDRAWAL_C_GAP_MED'}, {'CARD_WITHDRAWAL_B_GAP_MED'}, {'CARD_WITHDRAWAL_B_GAP_SHORT'}, {'CARD_WITHDRAWAL_A_GAP_SHORT'}, {'CARD_WITHDRAWAL_B_GAP_SHORT'}, {'CARD_WITHDRAWAL_A_GAP_SHORT'}]",0.12324436648899528,286,0.9170506912442397,0.9694829047753603,3600
"[{'PROFILE_REGION_HIGH_INCOME', 'PROFILE_REGION_HIGH_CRIME'}, {'CARD_WITHDRAWAL_B_GAP_MED'}, {'CARD_WITHDRAWAL_C_GAP_MED'}, {'CARD_WITHDRAWAL_D_GAP_MED'}, {'CARD_WITHDRAWAL_D_GAP_SHORT'}, {'CARD_WITHDRAWAL_B_GAP_SHORT'}, {'CARD_WITHDRAWAL_C_GAP_MED'}, {'CARD_WITHDRAWAL_C_GAP_MED'}, {'CARD_WITHDRAWAL_A_GAP_SHORT'}]",0.12295862777763011,56,0.8701923076923077,0.9694829047753603,3600
"[{'PROFILE_REGION_HIGH_EDU', 'PROFILE_OLD_FEMALE', 'PROFILE_REGION_HIGH_CRIME'}, {'CARD_WITHDRAWAL_D_GAP_MED'}, {'CARD_WITHDRAWAL_C_GAP_MED'}, {'CARD_WITHDRAWAL_A_GAP_SHORT'}, {'CARD_WITHDRAWAL_C_GAP_MED'}, {'DEPOSIT_D_GAP_SHORT'}, {'DEPOSIT_C_GAP_MED'}]",0.12291876748167396,24,0.9130434782608696,0.9694829047753603,3600
"[{'PROFILE_REGION_HIGH_EDU'}, {'DEPOSIT_A_GAP_SHORT'}, {'DEPOSIT_D_GAP_LONG'}, {'DEPOSIT_D_GAP_LONG'}, {'CARD_WITHDRAWAL_D_GAP_MED'}, {'CARD_WITHDRAWAL_B_GAP_MED'}, {'CARD_WITHDRAWAL_D_GAP_MED'}, {'CARD_WITHDRAWAL_C_GAP_MED'}]",0.12280371393781542,247,0.9152482269503547,0.9694829047753603,3600
"[{'CARD_WITHDRAWAL_C_GAP_MED'}, {'CARD_WITHDRAWAL_C_GAP_MED'}, {'CARD_WITHDRAWAL_C_GAP_LONG'}, {'CARD_WITHDRAWAL_A_GAP_SHORT'}, {'CARD_WITHDRAWAL_D_GAP_MED'}, {'CARD_WITHDRAWAL_A_GAP_SHORT'}, {'CARD_WITHDRAWAL_A_GAP_SHORT'}, {'CARD_WITHDRAWAL_A_GAP_SHORT'}, {'CARD_WITHDRAWAL_C_GAP_MED'}]",0.12212838653211822,180,0.8955792682926829,0.9694829047753603,3600
"[{'CARD_WITHDRAWAL_C_GAP_MED'}, {'CARD_WITHDRAWAL_C_GAP_MED'}, {'CARD_WITHDRAWAL_B_GAP_MED'}, {'CARD_WITHDRAWAL_B_GAP_LONG'}, {'CARD_WITHDRAWAL_A_GAP_SHORT'}, {'CARD_WITHDRAWAL_B_GAP_MED'}, {'CARD_WITHDRAWAL_D_GAP_MED'}, {'CARD_WITHDRAWAL_A_GAP_SHORT'}]",0.12185500720398068,219,0.9139372822299651,0.9694829047753603,3600
"[{'CARD_WITHDRAWAL_D_GAP_SHORT'}, {'CARD_WITHDRAWAL_C_GAP_MED'}, {'CARD_WITHDRAWAL_D_GAP_MED'}, {'CARD_WITHDRAWAL_C_GAP_MED'}, {'CARD_WITHDRAWAL_D_GAP_MED'}, {'CARD_WITHDRAWAL_D_GAP_MED'}, {'CARD_WITHDRAWAL_D_GAP_MED'}, {'CARD_WITHDRAWAL_D_GAP_SHORT'}, {'CARD_WITHDRAWAL_C_GAP_SHORT'}]",0.1216779562239525,114,0.8867924528301886,0.9694829047753603,3600
"[{'PROFILE_REGION_HIGH_EDU'}, {'CARD_WITHDRAWAL_C_GAP_MED'}, {'CARD_WITHDRAWAL_D_GAP_SHORT'}, {'CARD_WITHDRAWAL_C_GAP_MED'}, {'CARD_WITHDRAWAL_B_GAP_SHORT'}, {'CARD_WITHDRAWAL_C_GAP_MED'}, {'CARD_WITHDRAWAL_C_GAP_MED'}, {'CARD_WITHDRAWAL_C_GAP_SHORT'}]",0.12155832501684394,60,0.8928571428571428,0.9694829047753603,3600
"[{'PROFILE_REGION_HIGH_INCOME', 'PROFILE_REGION_HIGH_CRIME'}, {'CARD_WITHDRAWAL_B_GAP_LONG'}, {'CARD_WITHDRAWAL_B_GAP_SHORT'}, {'CARD_WITHDRAWAL_B_GAP_SHORT'}, {'CARD_WITHDRAWAL_A_GAP_SHORT'}, {'CARD_WITHDRAWAL_A_GAP_SHORT'}, {'CARD_WITHDRAWAL_A_GAP_SHORT'}, {'CARD_WITHDRAWAL_A_GAP_SHORT'}, {'CARD_WITHDRAWAL_D_GAP_LONG'}]",0.12143423177623913,123,0.8884297520661157,0.9694829047753603,3600
"[{'PROFILE_REGION_LOW_EDU'}, {'CARD_WITHDRAWAL_D_GAP_MED'}, {'CARD_WITHDRAWAL_C_GAP_MED'}, {'CARD_WITHDRAWAL_C_GAP_MED'}, {'CARD_WITHDRAWAL_C_GAP_MED'}, {'CARD_WITHDRAWAL_B_GAP_MED'}, {'CARD_WITHDRAWAL_C_GAP_SHORT'}, {'CARD_WITHDRAWAL_C_GAP_MED'}]",0.12134830928536133,151,0.9087301587301587,0.9694829047753603,3600
"[{'DEPOSIT_D_GAP_LONG'}, {'CARD_WITHDRAWAL_D_GAP_LONG'}, {'CARD_WITHDRAWAL_D_GAP_LONG'}, {'DEPOSIT_D_GAP_LONG'}, {'CARD_WITHDRAWAL_D_GAP_SHORT'}, {'DEPOSIT_D_GAP_MED'}, {'CARD_WITHDRAWAL_D_GAP_MED'}, {'CARD_WITHDRAWAL_D_GAP_SHORT'}]",0.1212950981471228,256,0.916260162601626,0.9694829047753603,3600
"[{'PROFILE_OLD_FEMALE'}, {'DEPOSIT_C_GAP_LONG'}, {'TRANSFER_B_GAP_SHORT'}, {'TRANSFER_B_GAP_MED'}, {'TRANSFER_B_GAP_MED'}, {'TRANSFER_B_GAP_MED'}, {'CARD_WITHDRAWAL_A_GAP_SHORT'}, {'CARD_WITHDRAWAL_A_GAP_SHORT'}, {'CARD_WITHDRAWAL_A_GAP_SHORT'}, {'CARD_WITHDRAWAL_A_GAP_SHORT'}]",0.12092711936094191,41,0.8461538461538461,0.9694829047753603,3600
"[{'CARD_WITHDRAWAL_D_GAP_MED'}, {'CARD_WITHDRAWAL_B_GAP_SHORT'}, {'CARD_WITHDRAWAL_B_GAP_LONG'}, {'CARD_WITHDRAWAL_A_GAP_SHORT'}, {'CARD_WITHDRAWAL_D_GAP_MED'}, {'CARD_WITHDRAWAL_A_GAP_SHORT'}, {'CARD_WITHDRAWAL_D_GAP_SHORT'}, {'CARD_WITHDRAWAL_A_GAP_SHORT'}, {'CARD_WITHDRAWAL_A_GAP_SHORT'}]",0.12065860923407146,203,0.8982007575757576,0.9694829047753603,3600
"[{'CARD_WITHDRAWAL_C_GAP_MED'}, {'CARD_WITHDRAWAL_D_GAP_MED'}, {'CARD_WITHDRAWAL_D_GAP_MED'}, {'CARD_WITHDRAWAL_D_GAP_MED'}, {'CARD_WITHDRAWAL_D_GAP_MED'}, {'CARD_WITHDRAWAL_C_GAP_SHORT'}, {'TRANSFER_B_GAP_MED'}, {'TRANSFER_B_GAP_MED'}]",0.12050693298227944,98,0.9021739130434783,0.9694829047753603,3600
"[{'CARD_WITHDRAWAL_D_GAP_MED'}, {'CARD_WITHDRAWAL_D_GAP_MED'}, {'CARD_WITHDRAWAL_D_GAP_SHORT'}, {'CARD_WITHDRAWAL_D_GAP_LONG'}, {'CARD_WITHDRAWAL_C_GAP_SHORT'}, {'CARD_WITHDRAWAL_C_GAP_MED'}, {'CARD_WITHDRAWAL_D_GAP_MED'}, {'CARD_WITHDRAWAL_C_GAP_MED'}, {'CARD_WITHDRAWAL_C_GAP_MED'}]",0.1202088470538134,91,0.8825301204819277,0.9694829047753603,3600
"[{'CARD_WITHDRAWAL_D_GAP_MED'}, {'CARD_WITHDRAWAL_D_GAP_MED'}, {'CARD_WITHDRAWAL_C_GAP_MED'}, {'CARD_WITHDRAWAL_D_GAP_MED'}, {'CARD_WITHDRAWAL_C_GAP_MED'}, {'CARD_WITHDRAWAL_C_GAP_MED'}, {'CARD_WITHDRAWAL_D_GAP_MED'}, {'CARD_WITHDRAWAL_C_GAP_MED'}, {'CARD_WITHDRAWAL_D_GAP_MED'}]",0.11947904109386343,235,0.9010989010989011,0.9694829047753603,3600
"[{'DEPOSIT_D_GAP_LONG'}, {'DEPOSIT_C_GAP_LONG'}, {'DEPOSIT_C_GAP_MED'}, {'CARD_WITHDRAWAL_B_GAP_MED'}, {'DEPOSIT_D_GAP_LONG'}, {'CARD_WITHDRAWAL_D_GAP_MED'}, {'CARD_WITHDRAWAL_C_GAP_MED'}, {'CARD_WITHDRAWAL_C_GAP_MED'}]",0.11905152818682596,36,0.8838709677419355,0.9694829047753603,3600
"[{'CARD_WITHDRAWAL_C_GAP_MED'}, {'CARD_WITHDRAWAL_C_GAP_MED'}, {'CARD_WITHDRAWAL_C_GAP_SHORT'}, {'CARD_WITHDRAWAL_D_GAP_MED'}, {'CARD_WITHDRAWAL_C_GAP_MED'}, {'CARD_WITHDRAWAL_C_GAP_MED'}, {'CARD_WITHDRAWAL_C_GAP_MED'}, {'CARD_WITHDRAWAL_C_GAP_MED'}]",0.11847288314246629,142,0.908974358974359,0.9694829047753603,3600
"[{'CARD_WITHDRAWAL_D_GAP_MED'}, {'CARD_WITHDRAWAL_D_GAP_MED'}, {'CARD_WITHDRAWAL_A_GAP_SHORT'}, {'DEPOSIT_D_GAP_LONG'}, {'CARD_WITHDRAWAL_A_GAP_SHORT'}, {'CARD_WITHDRAWAL_C_GAP_MED'}, {'CARD_WITHDRAWAL_A_GAP_SHORT'}, {'CARD_WITHDRAWAL_A_GAP_SHORT'}, {'CARD_WITHDRAWAL_D_GAP_MED'}]",0.11819150958866598,288,0.9048400328137818,0.9694829047753603,3600
"[{'DEPOSIT_D_GAP_LONG'}, {'DEPOSIT_D_GAP_LONG'}, {'TRANSFER_C_GAP_MED'}, {'DEPOSIT_C_GAP_LONG'}, {'CARD_WITHDRAWAL_C_GAP_MED'}, {'CARD_WITHDRAWAL_B_GAP_MED'}, {'CARD_WITHDRAWAL_D_GAP_MED'}]",0.11770212842392513,20,0.9166666666666667,0.9694829047753603,3600
"[{'PROFILE_REGION_LOW_INCOME'}, {'CARD_WITHDRAWAL_C_GAP_MED'}, {'CARD_WITHDRAWAL_B_GAP_MED'}, {'CARD_WITHDRAWAL_D_GAP_MED'}, {'CARD_WITHDRAWAL_B_GAP_SHORT'}, {'CARD_WITHDRAWAL_B_GAP_MED'}, {'CARD_WITHDRAWAL_C_GAP_MED'}, {'CARD_WITHDRAWAL_B_GAP_MED'}]",0.11763752709636055,134,0.9084444444444444,0.9694829047753603,3600
"[{'DEPOSIT_D_GAP_LONG'}, {'DEPOSIT_D_GAP_LONG'}, {'CARD_WITHDRAWAL_D_GAP_MED'}, {'CARD_WITHDRAWAL_A_GAP_SHORT'}, {'CARD_WITHDRAWAL_C_GAP_MED'}, {'CARD_WITHDRAWAL_C_GAP_MED'}, {'CARD_WITHDRAWAL_C_GAP_SHORT'}, {'CARD_WITHDRAWAL_C_GAP_MED'}]",0.1174508456961374,210,0.915,0.9694829047753603,3600
"[{'DEPOSIT_D_GAP_LONG'}, {'CARD_WITHDRAWAL_A_GAP_SHORT'}, {'CARD_WITHDRAWAL_A_GAP_SHORT'}, {'CARD_WITHDRAWAL_A_GAP_SHORT'}, {'DEPOSIT_C_GAP_MED'}, {'CARD_WITHDRAWAL_A_GAP_SHORT'}, {'CARD_WITHDRAWAL_A_GAP_SHORT'}, {'CARD_WITHDRAWAL_A_GAP_SHORT'}, {'CARD_WITHDRAWAL_A_GAP_SHORT'}]",0.11720382165376209,282,0.9047709923664122,0.9694829047753603,3600
"[{'PROFILE_REGION_LOW_CRIME', 'PROFILE_OLD_MALE', 'PROFILE_REGION_LOW_INCOME'}, {'DEPOSIT_A_GAP_SHORT'}, {'CARD_WITHDRAWAL_A_GAP_SHORT'}, {'CARD_WITHDRAWAL_A_GAP_SHORT'}, {'CARD_WITHDRAWAL_B_GAP_MED'}, {'CARD_WITHDRAWAL_A_GAP_SHORT'}, {'CARD_WITHDRAWAL_A_GAP_SHORT'}, {'CARD_WITHDRAWAL_A_GAP_SHORT'}, {'CARD_WITHDRAWAL_A_GAP_SHORT'}, {'CARD_WITHDRAWAL_B_GAP_MED'}]",0.11705344376412163,150,0.8813793103448276,0.9694829047753603,3600
"[{'DEPOSIT_D_GAP_SHORT'}, {'CARD_WITHDRAWAL_C_GAP_SHORT'}, {'DEPOSIT_D_GAP_SHORT'}, {'CARD_WITHDRAWAL_D_GAP_MED'}, {'CARD_WITHDRAWAL_D_GAP_MED'}, {'DEPOSIT_D_GAP_LONG'}, {'CARD_WITHDRAWAL_D_GAP_SHORT'}, {'CARD_WITHDRAWAL_C_GAP_MED'}]",0.11701135054269063,102,0.9044205495818399,0.9694829047753603,3600
"[{'CARD_WITHDRAWAL_D_GAP_MED'}, {'CARD_WITHDRAWAL_D_GAP_SHORT'}, {'CARD_WITHDRAWAL_D_GAP_MED'}, {'CARD_WITHDRAWAL_D_GAP_SHORT'}, {'CARD_WITHDRAWAL_D_GAP_MED'}, {'CARD_WITHDRAWAL_D_GAP_SHORT'}, {'CARD_WITHDRAWAL_D_GAP_MED'}, {'CARD_WITHDRAWAL_D_GAP_MED'}, {'CARD_WITHDRAWAL_D_GAP_SHORT'}]",0.1170110943918855,229,0.9013698630136987,0.9694829047753603,3600
"[{'CARD_WITHDRAWAL_D_GAP_MED'}, {'CARD_WITHDRAWAL_D_GAP_MED'}, {'CARD_WITHDRAWAL_D_GAP_SHORT'}, {'CARD_WITHDRAWAL_C_GAP_SHORT'}, {'CARD_WITHDRAWAL_D_GAP_MED'}, {'CARD_WITHDRAWAL_D_GAP_MED'}, {'CARD_WITHDRAWAL_A_GAP_SHORT'}, {'CARD_WITHDRAWAL_C_GAP_MED'}, {'CARD_WITHDRAWAL_D_GAP_SHORT'}, {'CARD_WITHDRAWAL_C_GAP_MED'}]",0.11669369868227497,91,0.8697674418604652,0.9694829047753603,3600
"[{'PROFILE_REGION_HIGH_EDU', 'PROFILE_REGION_HIGH_INCOME', 'PROFILE_REGION_HIGH_CRIME'}, {'DEPOSIT_A_GAP_SHORT'}, {'CARD_WITHDRAWAL_D_GAP_LONG'}, {'CARD_WITHDRAWAL_D_GAP_LONG'}, {'CARD_WITHDRAWAL_D_GAP_MED'}, {'CARD_WITHDRAWAL_D_GAP_MED'}, {'CARD_WITHDRAWAL_C_GAP_MED'}, {'CARD_WITHDRAWAL_C_GAP_MED'}]",0.1165373793046297,98,0.9039855072463768,0.9694829047753603,3600
"[{'PROFILE_REGION_HIGH_EDU'}, {'CARD_WITHDRAWAL_D_GAP_MED'}, {'CARD_WITHDRAWAL_A_GAP_SHORT'}, {'CARD_WITHDRAWAL_D_GAP_LONG'}, {'CARD_WITHDRAWAL_D_GAP_LONG'}, {'CARD_WITHDRAWAL_D_GAP_MED'}, {'CARD_WITHDRAWAL_B_GAP_LONG'}, {'CARD_WITHDRAWAL_C_GAP_MED'}]",0.11636486207468422,77,0.9,0.9694829047753603,3600
"[{'CARD_WITHDRAWAL_D_GAP_LONG'}, {'CARD_WITHDRAWAL_C_GAP_MED'}, {'CARD_WITHDRAWAL_D_GAP_MED'}, {'CARD_WITHDRAWAL_D_GAP_MED'}, {'CARD_WITHDRAWAL_C_GAP_MED'}, {'CARD_WITHDRAWAL_C_GAP_MED'}, {'CARD_WITHDRAWAL_C_GAP_SHORT'}, {'CARD_WITHDRAWAL_C_GAP_MED'}]",0.11628290105073424,184,0.9136302294197032,0.9694829047753603,3600
"[{'DEPOSIT_A_GAP_SHORT'}, {'CARD_WITHDRAWAL_D_GAP_MED'}, {'CARD_WITHDRAWAL_D_GAP_MED'}, {'CARD_WITHDRAWAL_C_GAP_MED'}, {'CARD_WITHDRAWAL_C_GAP_LONG'}, {'CARD_WITHDRAWAL_D_GAP_MED'}, {'CARD_WITHDRAWAL_D_GAP_MED'}, {'CARD_WITHDRAWAL_D_GAP_MED'}]",0.11601785274612375,267,0.9186900056465275,0.9694829047753603,3600
"[{'DEPOSIT_A_GAP_SHORT'}, {'DEPOSIT_D_GAP_LONG'}, {'DEPOSIT_D_GAP_LONG'}, {'CARD_WITHDRAWAL_D_GAP_MED'}, {'CARD_WITHDRAWAL_D_GAP_SHORT'}, {'DEPOSIT_D_GAP_LONG'}, {'CARD_WITHDRAWAL_D_GAP_MED'}, {'DEPOSIT_D_GAP_MED'}, {'CARD_WITHDRAWAL_D_GAP_LONG'}]",0.1158891400840727,232,0.9019174041297935,0.9694829047753603,3600
"[{'PROFILE_REGION_LOW_CRIME', 'PROFILE_REGION_LOW_EDU'}, {'CARD_WITHDRAWAL_A_GAP_SHORT'}, {'CARD_WITHDRAWAL_B_GAP_SHORT'}, {'CARD_WITHDRAWAL_B_GAP_MED'}, {'CARD_WITHDRAWAL_B_GAP_MED'}, {'CARD_WITHDRAWAL_B_GAP_MED'}, {'CARD_WITHDRAWAL_B_GAP_MED'}, {'CARD_WITHDRAWAL_C_GAP_MED'}]",0.1157576514941796,161,0.9119496855345912,0.9694829047753603,3600
"[{'PROFILE_REGION_HIGH_EDU'}, {'CARD_WITHDRAWAL_D_GAP_MED'}, {'CARD_WITHDRAWAL_C_GAP_MED'}, {'CARD_WITHDRAWAL_A_GAP_SHORT'}, {'CARD_WITHDRAWAL_D_GAP_MED'}, {'CARD_WITHDRAWAL_B_GAP_SHORT'}, {'CARD_WITHDRAWAL_D_GAP_SHORT'}, {'CARD_WITHDRAWAL_C_GAP_MED'}]",0.11547636643196169,124,0.9081920903954803,0.9694829047753603,3600
"[{'DEPOSIT_A_GAP_SHORT'}, {'CARD_WITHDRAWAL_D_GAP_LONG'}, {'CARD_WITHDRAWAL_D_GAP_MED'}, {'CARD_WITHDRAWAL_A_GAP_SHORT'}, {'CARD_WITHDRAWAL_C_GAP_MED'}, {'CARD_WITHDRAWAL_C_GAP_SHORT'}, {'CARD_WITHDRAWAL_A_GAP_SHORT'}, {'CARD_WITHDRAWAL_C_GAP_MED'}, {'CARD_WITHDRAWAL_C_GAP_MED'}, {'CARD_WITHDRAWAL_A_GAP_SHORT'}]",0.11537929363057375,138,0.8799999999999999,0.9694829047753603,3600
"[{'PROFILE_REGION_LOW_CRIME'}, {'DEPOSIT_A_GAP_SHORT'}, {'CARD_WITHDRAWAL_A_GAP_SHORT'}, {'CARD_WITHDRAWAL_A_GAP_SHORT'}, {'CARD_WITHDRAWAL_D_GAP_LONG'}, {'CARD_WITHDRAWAL_D_GAP_LONG'}, {'CARD_WITHDRAWAL_D_GAP_MED'}, {'CARD_WITHDRAWAL_C_GAP_MED'}, {'CARD_WITHDRAWAL_B_GAP_MED'}]",0.11449862822378343,100,0.88659793814433,0.9694829047753603,3600
"[{'CARD_WITHDRAWAL_C_GAP_SHORT'}, {'CARD_WITHDRAWAL_A_GAP_SHORT'}, {'CARD_WITHDRAWAL_D_GAP_MED'}, {'CARD_WITHDRAWAL_B_GAP_MED'}, {'CARD_WITHDRAWAL_D_GAP_MED'}, {'CARD_WITHDRAWAL_A_GAP_SHORT'}, {'CARD_WITHDRAWAL_D_GAP_MED'}, {'CARD_WITHDRAWAL_C_GAP_SHORT'}]",0.11445304558522151,156,0.9120370370370371,0.9694829047753603,3600
"[{'PROFILE_REGION_LOW_CRIME', 'PROFILE_REGION_LOW_INCOME'}, {'CARD_WITHDRAWAL_C_GAP_MED'}, {'CARD_WITHDRAWAL_B_GAP_MED'}, {'CARD_WITHDRAWAL_B_GAP_MED'}, {'CARD_WITHDRAWAL_B_GAP_MED'}, {'CARD_WITHDRAWAL_C_GAP_MED'}, {'CARD_WITHDRAWAL_B_GAP_MED'}, {'CARD_WITHDRAWAL_B_GAP_LONG'}]",0.11432083771700818,155,0.912,0.9694829047753603,3600
"[{'CARD_WITHDRAWAL_D_GAP_MED'}, {'CARD_WITHDRAWAL_C_GAP_SHORT'}, {'CARD_WITHDRAWAL_A_GAP_SHORT'}, {'CARD_WITHDRAWAL_D_GAP_MED'}, {'CARD_WITHDRAWAL_D_GAP_MED'}, {'CARD_WITHDRAWAL_D_GAP_MED'}, {'CARD_WITHDRAWAL_D_GAP_MED'}, {'CARD_WITHDRAWAL_C_GAP_SHORT'}, {'CARD_WITHDRAWAL_C_GAP_MED'}]",0.11411874127949084,123,0.8909090909090909,0.9694829047753603,3600
"[{'PROFILE_REGION_LOW_CRIME'}, {'DEPOSIT_A_GAP_SHORT'}, {'CARD_WITHDRAWAL_D_GAP_LONG'}, {'CARD_WITHDRAWAL_D_GAP_MED'}, {'CARD_WITHDRAWAL_C_GAP_MED'}, {'CARD_WITHDRAWAL_C_GAP_MED'}, {'CARD_WITHDRAWAL_C_GAP_MED'}, {'CARD_WITHDRAWAL_C_GAP_MED'}, {'CARD_WITHDRAWAL_D_GAP_MED'}, {'CARD_WITHDRAWAL_B_GAP_SHORT'}]",0.11394970652502145,75,0.8657407407407407,0.9694829047753603,3600
"[{'CARD_WITHDRAWAL_D_GAP_LONG'}, {'CARD_WITHDRAWAL_D_GAP_LONG'}, {'CARD_WITHDRAWAL_D_GAP_LONG'}, {'CARD_WITHDRAWAL_A_GAP_SHORT'}, {'CARD_WITHDRAWAL_D_GAP_SHORT'}, {'CARD_WITHDRAWAL_D_GAP_MED'}, {'CARD_WITHDRAWAL_D_GAP_MED'}, {'CARD_WITHDRAWAL_C_GAP_LONG'}, {'CARD_WITHDRAWAL_D_GAP_MED'}, {'CARD_WITHDRAWAL_D_GAP_SHORT'}]",0.113897552458884,77,0.8664383561643836,0.9694829047753603,3600
"[{'DEPOSIT_A_GAP_SHORT'}, {'DEPOSIT_D_GAP_LONG'}, {'DEPOSIT_C_GAP_MED'}, {'DEPOSIT_D_GAP_LONG'}, {'DEPOSIT_D_GAP_MED'}, {'DEPOSIT_D_GAP_LONG'}, {'CARD_WITHDRAWAL_C_GAP_MED'}, {'CARD_WITHDRAWAL_C_GAP_LONG'}, {'CARD_WITHDRAWAL_B_GAP_LONG'}]",0.11327053608314241,29,0.8571428571428572,0.9694829047753603,3600
"[{'PROFILE_REGION_HIGH_INCOME', 'PROFILE_REGION_HIGH_CRIME'}, {'CARD_WITHDRAWAL_C_GAP_LONG'}, {'CARD_WITHDRAWAL_C_GAP_SHORT'}, {'CARD_WITHDRAWAL_C_GAP_MED'}, {'CARD_WITHDRAWAL_A_GAP_SHORT'}, {'CARD_WITHDRAWAL_C_GAP_MED'}, {'CARD_WITHDRAWAL_C_GAP_MED'}, {'CARD_WITHDRAWAL_A_GAP_SHORT'}, {'CARD_WITHDRAWAL_A_GAP_SHORT'}]",0.11317946818888203,97,0.8864468864468865,0.9694829047753603,3600
"[{'DEPOSIT_A_GAP_SHORT'}, {'CARD_WITHDRAWAL_B_GAP_MED'}, {'CARD_WITHDRAWAL_B_GAP_LONG'}, {'CARD_WITHDRAWAL_A_GAP_SHORT'}, {'CARD_WITHDRAWAL_A_GAP_SHORT'}, {'CARD_WITHDRAWAL_C_GAP_MED'}, {'CARD_WITHDRAWAL_C_GAP_MED'}, {'CARD_WITHDRAWAL_C_GAP_MED'}, {'CARD_WITHDRAWAL_A_GAP_SHORT'}]",0.11312022092334817,221,0.9019138755980861,0.9694829047753603,3600
"[{'CARD_WITHDRAWAL_D_GAP_MED'}, {'CARD_WITHDRAWAL_D_GAP_MED'}, {'CARD_WITHDRAWAL_A_GAP_SHORT'}, {'CARD_WITHDRAWAL_A_GAP_SHORT'}, {'CARD_WITHDRAWAL_D_GAP_MED'}, {'CARD_WITHDRAWAL_A_GAP_SHORT'}, {'CARD_WITHDRAWAL_D_GAP_SHORT'}, {'CARD_WITHDRAWAL_A_GAP_SHORT'}, {'CARD_WITHDRAWAL_D_GAP_LONG'}, {'CARD_WITHDRAWAL_A_GAP_SHORT'}]",0.1129356553283799,356,0.8994284158954817,0.9694829047753603,3600
"[{'PROFILE_OLD_MALE'}, {'DEPOSIT_A_GAP_SHORT'}, {'DEPOSIT_C_GAP_SHORT'}, {'CARD_WITHDRAWAL_B_GAP_SHORT'}, {'CARD_WITHDRAWAL_B_GAP_SHORT'}, {'CARD_WITHDRAWAL_A_GAP_SHORT'}, {'CARD_WITHDRAWAL_A_GAP_SHORT'}, {'CARD_WITHDRAWAL_A_GAP_SHORT'}]",0.11290698946356836,91,0.9044943820224719,0.9694829047753603,3600
"[{'PROFILE_REGION_HIGH_EDU', 'PROFILE_OLD_FEMALE'}, {'DEPOSIT_A_GAP_SHORT'}, {'CARD_WITHDRAWAL_A_GAP_SHORT'}, {'CARD_WITHDRAWAL_B_GAP_SHORT'}, {'CARD_WITHDRAWAL_C_GAP_MED'}, {'CARD_WITHDRAWAL_A_GAP_SHORT'}, {'CARD_WITHDRAWAL_A_GAP_SHORT'}, {'CARD_WITHDRAWAL_A_GAP_SHORT'}]",0.1126620376477,165,0.9135802469135803,0.9694829047753603,3600
"[{'PROFILE_REGION_HIGH_INCOME'}, {'DEPOSIT_A_GAP_SHORT'}, {'CARD_WITHDRAWAL_D_GAP_MED'}, {'CARD_WITHDRAWAL_B_GAP_MED'}, {'CARD_WITHDRAWAL_C_GAP_MED'}, {'CARD_WITHDRAWAL_C_GAP_MED'}, {'CARD_WITHDRAWAL_C_GAP_MED'}, {'CARD_WITHDRAWAL_B_GAP_LONG'}]",0.11223641251893801,192,0.9158301158301159,0.9694829047753603,3600
"[{'CARD_WITHDRAWAL_D_GAP_MED'}, {'CARD_WITHDRAWAL_D_GAP_MED'}, {'CARD_WITHDRAWAL_D_GAP_SHORT'}, {'CARD_WITHDRAWAL_D_GAP_SHORT'}, {'CARD_WITHDRAWAL_D_GAP_SHORT'}, {'CARD_WITHDRAWAL_B_GAP_SHORT'}, {'CARD_WITHDRAWAL_B_GAP_SHORT'}, {'CARD_WITHDRAWAL_D_GAP_MED'}]",0.11223133960487586,207,0.9168316831683169,0.9694829047753603,3600
"[{'DEPOSIT_A_GAP_SHORT'}, {'CARD_WITHDRAWAL_D_GAP_LONG'}, {'CARD_WITHDRAWAL_D_GAP_MED'}, {'CARD_WITHDRAWAL_A_GAP_SHORT'}, {'CARD_WITHDRAWAL_D_GAP_MED'}, {'CARD_WITHDRAWAL_A_GAP_SHORT'}, {'CARD_WITHDRAWAL_D_GAP_MED'}, {'CARD_WITHDRAWAL_D_GAP_MED'}, {'CARD_WITHDRAWAL_A_GAP_SHORT'}, {'CARD_WITHDRAWAL_C_GAP_SHORT'}]",0.11200515990062843,234,0.891915137614679,0.9694829047753603,3600
"[{'CARD_WITHDRAWAL_A_GAP_SHORT'}, {'CARD_WITHDRAWAL_A_GAP_SHORT'}, {'CARD_WITHDRAWAL_C_GAP_LONG'}, {'CARD_WITHDRAWAL_A_GAP_SHORT'}, {'CARD_WITHDRAWAL_B_GAP_MED'}, {'CARD_WITHDRAWAL_B_GAP_SHORT'}, {'CARD_WITHDRAWAL_A_GAP_SHORT'}, {'CARD_WITHDRAWAL_B_GAP_SHORT'}]",0.11195943616847914,245,0.9191073919107392,0.9694829047753603,3600
"[{'PROFILE_OLD_MALE'}, {'DEPOSIT_A_GAP_SHORT'}, {'CARD_WITHDRAWAL_D_GAP_MED'}, {'CARD_WITHDRAWAL_C_GAP_MED'}, {'CARD_WITHDRAWAL_B_GAP_MED'}, {'CARD_WITHDRAWAL_D_GAP_MED'}, {'CARD_WITHDRAWAL_B_GAP_MED'}, {'CARD_WITHDRAWAL_B_GAP_MED'}]",0.11189444573321783,247,0.9192343604108311,0.9694829047753603,3600
"[{'PROFILE_REGION_LOW_INCOME'}, {'CARD_WITHDRAWAL_A_GAP_SHORT'}, {'CARD_WITHDRAWAL_B_GAP_LONG'}, {'CARD_WITHDRAWAL_A_GAP_SHORT'}, {'CARD_WITHDRAWAL_C_GAP_SHORT'}, {'CARD_WITHDRAWAL_B_GAP_MED'}, {'CARD_WITHDRAWAL_C_GAP_MED'}, {'CARD_WITHDRAWAL_B_GAP_LONG'}, {'CARD_WITHDRAWAL_B_GAP_MED'}, {'CARD_WITHDRAWAL_A_GAP_SHORT'}]",0.11173576669723118,53,0.8571428571428571,0.9694829047753603,3600
"[{'CARD_WITHDRAWAL_D_GAP_MED'}, {'CARD_WITHDRAWAL_C_GAP_MED'}, {'CARD_WITHDRAWAL_D_GAP_MED'}, {'CARD_WITHDRAWAL_C_GAP_SHORT'}, {'CARD_WITHDRAWAL_D_GAP_SHORT'}, {'CARD_WITHDRAWAL_D_GAP_SHORT'}, {'CARD_WITHDRAWAL_D_GAP_MED'}, {'CARD_WITHDRAWAL_D_GAP_SHORT'}, {'CARD_WITHDRAWAL_D_GAP_MED'}]",0.11172397701266523,123,0.8917378917378918,0.9694829047753603,3600
"[{'CARD_WITHDRAWAL_B_GAP_MED'}, {'CARD_WITHDRAWAL_D_GAP_MED'}, {'CARD_WITHDRAWAL_A_GAP_SHORT'}, {'CARD_WITHDRAWAL_B_GAP_MED'}, {'CARD_WITHDRAWAL_A_GAP_SHORT'}, {'CARD_WITHDRAWAL_C_GAP_MED'}, {'CARD_WITHDRAWAL_C_GAP_MED'}, {'CARD_WITHDRAWAL_B_GAP_MED'}, {'CARD_WITHDRAWAL_A_GAP_SHORT'}]",0.11143468736063333,274,0.9059281300068664,0.9694829047753603,3600
"[{'CARD_WITHDRAWAL_D_GAP_MED'}, {'CARD_WITHDRAWAL_D_GAP_MED'}, {'CARD_WITHDRAWAL_B_GAP_LONG'}, {'CARD_WITHDRAWAL_A_GAP_SHORT'}, {'CARD_WITHDRAWAL_D_GAP_MED'}, {'CARD_WITHDRAWAL_A_GAP_SHORT'}, {'CARD_WITHDRAWAL_C_GAP_MED'}, {'CARD_WITHDRAWAL_B_GAP_MED'}, {'CARD_WITHDRAWAL_B_GAP_MED'}, {'CARD_WITHDRAWAL_A_GAP_SHORT'}]",0.11142063956040871,170,0.885625,0.9694829047753603,3600
"[{'CARD_WITHDRAWAL_B_GAP_MED'}, {'CARD_WITHDRAWAL_C_GAP_MED'}, {'CARD_WITHDRAWAL_C_GAP_MED'}, {'CARD_WITHDRAWAL_C_GAP_MED'}, {'DEPOSIT_C_GAP_MED'}, {'CARD_WITHDRAWAL_B_GAP_SHORT'}, {'CARD_WITHDRAWAL_C_GAP_SHORT'}, {'CARD_WITHDRAWAL_A_GAP_SHORT'}]",0.11094897490370914,52,0.8958333333333333,0.9694829047753603,3600
"[{'CARD_WITHDRAWAL_D_GAP_MED'}, {'CARD_WITHDRAWAL_D_GAP_MED'}, {'CARD_WITHDRAWAL_D_GAP_MED'}, {'CARD_WITHDRAWAL_D_GAP_MED'}, {'CARD_WITHDRAWAL_D_GAP_SHORT'}, {'CARD_WITHDRAWAL_D_GAP_MED'}, {'CARD_WITHDRAWAL_D_GAP_MED'}, {'CARD_WITHDRAWAL_D_GAP_MED'}, {'CARD_WITHDRAWAL_C_GAP_MED'}]",0.11090893853975059,385,0.9112466124661247,0.9694829047753603,3600
"[{'CARD_WITHDRAWAL_A_GAP_SHORT'}, {'CARD_WITHDRAWAL_C_GAP_MED'}, {'CARD_WITHDRAWAL_B_GAP_MED'}, {'CARD_WITHDRAWAL_C_GAP_MED'}, {'CARD_WITHDRAWAL_B_GAP_MED'}, {'CARD_WITHDRAWAL_B_GAP_MED'}, {'CARD_WITHDRAWAL_A_GAP_SHORT'}, {'CARD_WITHDRAWAL_A_GAP_SHORT'}, {'CARD_WITHDRAWAL_A_GAP_SHORT'}, {'CARD_WITHDRAWAL_C_GAP_MED'}]",0.11061557952586643,234,0.8922672672672672,0.9694829047753603,3600
"[{'DEPOSIT_A_GAP_SHORT'}, {'DEPOSIT_D_GAP_MED'}, {'DEPOSIT_D_GAP_LONG'}, {'CARD_WITHDRAWAL_C_GAP_MED'}, {'CARD_WITHDRAWAL_A_GAP_SHORT'}, {'CARD_WITHDRAWAL_B_GAP_LONG'}, {'CARD_WITHDRAWAL_A_GAP_SHORT'}, {'CARD_WITHDRAWAL_A_GAP_SHORT'}]",0.11038635120655738,223,0.9185248713550601,0.9694829047753603,3600
"[{'PROFILE_REGION_LOW_CRIME'}, {'CARD_WITHDRAWAL_D_GAP_SHORT'}, {'CARD_WITHDRAWAL_D_GAP_LONG'}, {'CARD_WITHDRAWAL_C_GAP_SHORT'}, {'DEPOSIT_D_GAP_MED'}, {'CARD_WITHDRAWAL_C_GAP_MED'}, {'CARD_WITHDRAWAL_C_GAP_MED'}, {'CARD_WITHDRAWAL_B_GAP_MED'}]",0.11034746522576377,58,0.8981481481481481,0.9694829047753603,3600
"[{'PROFILE_REGION_LOW_CRIME', 'PROFILE_REGION_LOW_INCOME'}, {'DEPOSIT_A_GAP_SHORT'}, {'DEPOSIT_D_GAP_LONG'}, {'CARD_WITHDRAWAL_C_GAP_LONG'}, {'DEPOSIT_D_GAP_MED'}, {'CARD_WITHDRAWAL_D_GAP_LONG'}, {'CARD_WITHDRAWAL_D_GAP_LONG'}, {'CARD_WITHDRAWAL_C_GAP_LONG'}]",0.11023521123680946,79,0.9035087719298246,0.9694829047753603,3600
"[{'CARD_WITHDRAWAL_D_GAP_MED'}, {'CARD_WITHDRAWAL_C_GAP_MED'}, {'CARD_WITHDRAWAL_B_GAP_MED'}, {'CARD_WITHDRAWAL_B_GAP_MED'}, {'CARD_WITHDRAWAL_C_GAP_LONG'}, {'CARD_WITHDRAWAL_A_GAP_SHORT'}, {'CARD_WITHDRAWAL_B_GAP_MED'}, {'CARD_WITHDRAWAL_C_GAP_LONG'}]",0.1097889461795376,148,0.9132867132867133,0.9694829047753603,3600
"[{'PROFILE_REGION_HIGH_INCOME', 'PROFILE_REGION_HIGH_CRIME'}, {'CARD_WITHDRAWAL_A_GAP_LONG'}, {'TRANSFER_B_GAP_SHORT'}, {'TRANSFER_B_GAP_SHORT'}, {'CARD_WITHDRAWAL_A_GAP_LONG'}, {'TRANSFER_B_GAP_MED'}, {'CARD_WITHDRAWAL_C_GAP_SHORT'}, {'TRANSFER_B_GAP_MED'}]",0.10904051658594105,49,0.8958333333333334,0.9694829047753603,3600
"[{'PROFILE_REGION_HIGH_INCOME'}, {'CARD_WITHDRAWAL_B_GAP_MED'}, {'CARD_WITHDRAWAL_C_GAP_MED'}, {'CARD_WITHDRAWAL_D_GAP_MED'}, {'CARD_WITHDRAWAL_D_GAP_SHORT'}, {'CARD_WITHDRAWAL_C_GAP_MED'}, {'CARD_WITHDRAWAL_C_GAP_MED'}, {'CARD_WITHDRAWAL_A_GAP_SHORT'}]",0.10903154189326947,145,0.9133333333333333,0.9694829047753603,3600
"[{'DEPOSIT_D_GAP_LONG'}, {'DEPOSIT_D_GAP_LONG'}, {'DEPOSIT_D_GAP_MED'}, {'CARD_WITHDRAWAL_D_GAP_LONG'}, {'DEPOSIT_D_GAP_LONG'}, {'CARD_WITHDRAWAL_D_GAP_MED'}, {'CARD_WITHDRAWAL_D_GAP_MED'}, {'CARD_WITHDRAWAL_C_GAP_MED'}, {'CARD_WITHDRAWAL_B_GAP_MED'}]",0.10893018149511569,195,0.9010695187165776,0.9694829047753603,3600
"[{'DEPOSIT_A_GAP_SHORT'}, {'DEPOSIT_C_GAP_MED'}, {'DEPOSIT_C_GAP_MED'}, {'CARD_WITHDRAWAL_A_GAP_SHORT'}, {'DEPOSIT_D_GAP_MED'}, {'CARD_WITHDRAWAL_A_GAP_SHORT'}, {'CARD_WITHDRAWAL_A_GAP_SHORT'}, {'CARD_WITHDRAWAL_A_GAP_SHORT'}, {'DEPOSIT_C_GAP_MED'}]",0.10889637635934502,112,0.8909090909090909,0.9694829047753603,3600
"[{'DEPOSIT_A_GAP_SHORT'}, {'CARD_WITHDRAWAL_D_GAP_LONG'}, {'CARD_WITHDRAWAL_C_GAP_SHORT'}, {'CARD_WITHDRAWAL_D_GAP_SHORT'}, {'CARD_WITHDRAWAL_D_GAP_LONG'}, {'CARD_WITHDRAWAL_B_GAP_SHORT'}, {'CARD_WITHDRAWAL_D_GAP_MED'}, {'CARD_WITHDRAWAL_D_GAP_MED'}, {'CARD_WITHDRAWAL_D_GAP_MED'}]",0.10858475482712393,68,0.8805970149253731,0.9694829047753603,3600
"[{'DEPOSIT_A_GAP_SHORT'}, {'CARD_WITHDRAWAL_D_GAP_MED'}, {'CARD_WITHDRAWAL_C_GAP_MED'}, {'CARD_WITHDRAWAL_A_GAP_SHORT'}, {'CARD_WITHDRAWAL_C_GAP_MED'}, {'CARD_WITHDRAWAL_C_GAP_MED'}, {'CARD_WITHDRAWAL_A_GAP_SHORT'}, {'CARD_WITHDRAWAL_A_GAP_SHORT'}, {'CARD_WITHDRAWAL_A_GAP_SHORT'}]",0.10852344459494512,450,0.914079777213531,0.9694829047753603,3600
"[{'CARD_WITHDRAWAL_D_GAP_SHORT'}, {'CARD_WITHDRAWAL_D_GAP_SHORT'}, {'CARD_WITHDRAWAL_D_GAP_MED'}, {'CARD_WITHDRAWAL_C_GAP_MED'}, {'CARD_WITHDRAWAL_C_GAP_MED'}, {'CARD_WITHDRAWAL_C_GAP_SHORT'}, {'CARD_WITHDRAWAL_D_GAP_SHORT'}, {'CARD_WITHDRAWAL_C_GAP_MED'}]",0.10840297253838749,121,0.9110275689223057,0.9694829047753603,3600
"[{'DEPOSIT_D_GAP_LONG'}, {'DEPOSIT_D_GAP_LONG'}, {'DEPOSIT_D_GAP_LONG'}, {'DEPOSIT_D_GAP_MED'}, {'CARD_WITHDRAWAL_D_GAP_LONG'}, {'CARD_WITHDRAWAL_D_GAP_MED'}, {'CARD_WITHDRAWAL_A_GAP_SHORT'}, {'CARD_WITHDRAWAL_C_GAP_MED'}, {'CARD_WITHDRAWAL_D_GAP_MED'}]",0.10811521311197403,245,0.9051063829787234,0.9694829047753603,3600
"[{'DEPOSIT_D_GAP_LONG'}, {'CARD_WITHDRAWAL_C_GAP_LONG'}, {'DEPOSIT_D_GAP_LONG'}, {'CARD_WITHDRAWAL_D_GAP_MED'}, {'CARD_WITHDRAWAL_A_GAP_SHORT'}, {'CARD_WITHDRAWAL_B_GAP_MED'}, {'CARD_WITHDRAWAL_C_GAP_MED'}, {'CARD_WITHDRAWAL_A_GAP_SHORT'}, {'DEPOSIT_D_GAP_SHORT'}]",0.10802748425092257,159,0.8977871443624867,0.9694829047753603,3600
"[{'PROFILE_REGION_HIGH_INCOME'}, {'CARD_WITHDRAWAL_D_GAP_SHORT'}, {'CARD_WITHDRAWAL_A_GAP_SHORT'}, {'CARD_WITHDRAWAL_A_GAP_SHORT'}, {'CARD_WITHDRAWAL_D_GAP_SHORT'}, {'CARD_WITHDRAWAL_A_GAP_SHORT'}, {'CARD_WITHDRAWAL_A_GAP_SHORT'}, {'CARD_WITHDRAWAL_A_GAP_SHORT'}, {'CARD_WITHDRAWAL_A_GAP_SHORT'}]",0.10796694704917675,364,0.9112128146453089,0.9694829047753603,3600
"[{'PROFILE_REGION_HIGH_EDU'}, {'DEPOSIT_C_GAP_LONG'}, {'CARD_WITHDRAWAL_D_GAP_MED'}, {'CARD_WITHDRAWAL_C_GAP_MED'}, {'CARD_WITHDRAWAL_D_GAP_MED'}, {'CARD_WITHDRAWAL_C_GAP_MED'}, {'CARD_WITHDRAWAL_A_GAP_SHORT'}, {'DEPOSIT_D_GAP_MED'}, {'CARD_WITHDRAWAL_C_GAP_MED'}]",0.1072894193480699,52,0.875,0.9694829047753603,3600
"[{'PROFILE_REGION_LOW_CRIME'}, {'CARD_WITHDRAWAL_D_GAP_MED'}, {'CARD_WITHDRAWAL_D_GAP_MED'}, {'CARD_WITHDRAWAL_D_GAP_MED'}, {'CARD_WITHDRAWAL_D_GAP_MED'}, {'CARD_WITHDRAWAL_A_GAP_SHORT'}, {'CARD_WITHDRAWAL_A_GAP_SHORT'}, {'CARD_WITHDRAWAL_C_GAP_MED'}, {'CARD_WITHDRAWAL_C_GAP_MED'}]",0.107263744573451,213,0.9030769230769231,0.9694829047753603,3600
"[{'DEPOSIT_D_GAP_LONG'}, {'CARD_WITHDRAWAL_C_GAP_SHORT'}, {'DEPOSIT_D_GAP_MED'}, {'DEPOSIT_D_GAP_MED'}, {'CARD_WITHDRAWAL_D_GAP_MED'}, {'CARD_WITHDRAWAL_B_GAP_MED'}, {'CARD_WITHDRAWAL_A_GAP_SHORT'}, {'CARD_WITHDRAWAL_B_GAP_LONG'}]",0.10712431132555844,148,0.9144684252597922,0.9694829047753603,3600
"[{'PROFILE_REGION_HIGH_INCOME'}, {'CARD_WITHDRAWAL_B_GAP_MED'}, {'CARD_WITHDRAWAL_B_GAP_MED'}, {'CARD_WITHDRAWAL_C_GAP_MED'}, {'CARD_WITHDRAWAL_A_GAP_SHORT'}, {'CARD_WITHDRAWAL_B_GAP_MED'}, {'CARD_WITHDRAWAL_A_GAP_SHORT'}, {'CARD_WITHDRAWAL_B_GAP_SHORT'}, {'CARD_WITHDRAWAL_D_GAP_SHORT'}]",0.1070779291350934,92,0.8876404494382023,0.9694829047753603,3600
"[{'PROFILE_REGION_LOW_CRIME'}, {'DEPOSIT_D_GAP_LONG'}, {'CARD_WITHDRAWAL_B_GAP_LONG'}, {'DEPOSIT_D_GAP_LONG'}, {'CARD_WITHDRAWAL_C_GAP_MED'}, {'CARD_WITHDRAWAL_C_GAP_MED'}, {'CARD_WITHDRAWAL_D_GAP_MED'}, {'CARD_WITHDRAWAL_D_GAP_SHORT'}]",0.1070728858512835,95,0.9080459770114943,0.9694829047753603,3600
"[{'CARD_WITHDRAWAL_D_GAP_MED'}, {'CARD_WITHDRAWAL_D_GAP_MED'}, {'CARD_WITHDRAWAL_B_GAP_MED'}, {'CARD_WITHDRAWAL_A_GAP_SHORT'}, {'CARD_WITHDRAWAL_A_GAP_SHORT'}, {'CARD_WITHDRAWAL_A_GAP_SHORT'}, {'CARD_WITHDRAWAL_D_GAP_MED'}, {'CARD_WITHDRAWAL_C_GAP_MED'}, {'CARD_WITHDRAWAL_B_GAP_MED'}, {'CARD_WITHDRAWAL_A_GAP_SHORT'}]",0.10696531914539809,288,0.8970588235294118,0.9694829047753603,3600
"[{'PROFILE_REGION_LOW_CRIME'}, {'CARD_WITHDRAWAL_C_GAP_MED'}, {'CARD_WITHDRAWAL_C_GAP_MED'}, {'CARD_WITHDRAWAL_B_GAP_MED'}, {'CARD_WITHDRAWAL_A_GAP_SHORT'}, {'CARD_WITHDRAWAL_B_GAP_SHORT'}, {'CARD_WITHDRAWAL_C_GAP_SHORT'}, {'CARD_WITHDRAWAL_B_GAP_MED'}]",0.10647048163212958,134,0.9133858267716536,0.9694829047753603,3600
"[{'DEPOSIT_D_GAP_LONG'}, {'DEPOSIT_D_GAP_LONG'}, {'CARD_WITHDRAWAL_D_GAP_MED'}, {'CARD_WITHDRAWAL_D_GAP_MED'}, {'CARD_WITHDRAWAL_B_GAP_MED'}, {'CARD_WITHDRAWAL_D_GAP_SHORT'}, {'DEPOSIT_D_GAP_MED'}, {'CARD_WITHDRAWAL_D_GAP_MED'}, {'DEPOSIT_D_GAP_MED'}, {'CARD_WITHDRAWAL_D_GAP_MED'}]",0.10559302115833147,280,0.8968850698174007,0.9694829047753603,3600
"[{'DEPOSIT_D_GAP_LONG'}, {'DEPOSIT_D_GAP_LONG'}, {'CARD_WITHDRAWAL_D_GAP_LONG'}, {'DEPOSIT_D_GAP_MED'}, {'DEPOSIT_D_GAP_MED'}, {'DEPOSIT_D_GAP_MED'}, {'CARD_WITHDRAWAL_D_GAP_MED'}, {'CARD_WITHDRAWAL_C_GAP_MED'}, {'DEPOSIT_D_GAP_MED'}]",0.10552227355671084,369,0.9120724346076459,0.9694829047753603,3600
"[{'PROFILE_REGION_HIGH_EDU'}, {'DEPOSIT_D_GAP_LONG'}, {'CARD_WITHDRAWAL_B_GAP_MED'}, {'DEPOSIT_D_GAP_MED'}, {'CARD_WITHDRAWAL_D_GAP_LONG'}, {'CARD_WITHDRAWAL_D_GAP_SHORT'}, {'DEPOSIT_D_GAP_SHORT'}, {'DEPOSIT_D_GAP_MED'}, {'DEPOSIT_D_GAP_MED'}]",0.10551547186656596,95,0.8888888888888888,0.9694829047753603,3600
"[{'PROFILE_REGION_LOW_CRIME', 'PROFILE_REGION_LOW_INCOME'}, {'CARD_WITHDRAWAL_B_GAP_MED'}, {'CARD_WITHDRAWAL_A_GAP_SHORT'}, {'CARD_WITHDRAWAL_A_GAP_SHORT'}, {'CARD_WITHDRAWAL_B_GAP_MED'}, {'CARD_WITHDRAWAL_A_GAP_SHORT'}, {'CARD_WITHDRAWAL_A_GAP_SHORT'}, {'CARD_WITHDRAWAL_C_GAP_MED'}, {'CARD_WITHDRAWAL_A_GAP_SHORT'}]",0.10549441900008028,291,0.9085689045936396,0.9694829047753603,3600
"[{'PROFILE_REGION_LOW_CRIME'}, {'DEPOSIT_A_GAP_SHORT'}, {'DEPOSIT_C_GAP_LONG'}, {'DEPOSIT_D_GAP_LONG'}, {'DEPOSIT_D_GAP_MED'}, {'CARD_WITHDRAWAL_C_GAP_MED'}, {'CARD_WITHDRAWAL_C_GAP_MED'}, {'CARD_WITHDRAWAL_B_GAP_SHORT'}]",0.10486586159660005,60,0.9018181818181817,0.9694829047753603,3600
"[{'CARD_WITHDRAWAL_C_GAP_MED'}, {'CARD_WITHDRAWAL_D_GAP_MED'}, {'CARD_WITHDRAWAL_D_GAP_MED'}, {'CARD_WITHDRAWAL_D_GAP_MED'}, {'CARD_WITHDRAWAL_A_GAP_SHORT'}, {'CARD_WITHDRAWAL_D_GAP_SHORT'}, {'CARD_WITHDRAWAL_A_GAP_SHORT'}, {'CARD_WITHDRAWAL_D_GAP_SHORT'}, {'CARD_WITHDRAWAL_D_GAP_MED'}]",0.1047805802666415,270,0.9076278659611994,0.9694829047753603,3600
"[{'DEPOSIT_A_GAP_SHORT'}, {'CARD_WITHDRAWAL_C_GAP_MED'}, {'CARD_WITHDRAWAL_D_GAP_MED'}, {'CARD_WITHDRAWAL_A_GAP_SHORT'}, {'CARD_WITHDRAWAL_D_GAP_SHORT'}, {'CARD_WITHDRAWAL_D_GAP_SHORT'}, {'CARD_WITHDRAWAL_A_GAP_MED'}, {'CARD_WITHDRAWAL_A_GAP_MED'}]",0.10477307394931978,108,0.9111111111111111,0.9694829047753603,3600
"[{'CARD_WITHDRAWAL_D_GAP_MED'}, {'CARD_WITHDRAWAL_C_GAP_MED'}, {'CARD_WITHDRAWAL_A_GAP_SHORT'}, {'CARD_WITHDRAWAL_C_GAP_MED'}, {'CARD_WITHDRAWAL_A_GAP_SHORT'}, {'CARD_WITHDRAWAL_D_GAP_MED'}, {'CARD_WITHDRAWAL_A_GAP_SHORT'}, {'CARD_WITHDRAWAL_A_GAP_SHORT'}, {'CARD_WITHDRAWAL_C_GAP_SHORT'}]",0.10422722558636643,294,0.9090909090909092,0.9694829047753603,3600
"[{'CARD_WITHDRAWAL_D_GAP_LONG'}, {'CARD_WITHDRAWAL_A_GAP_SHORT'}, {'CARD_WITHDRAWAL_D_GAP_LONG'}, {'CARD_WITHDRAWAL_A_GAP_SHORT'}, {'CARD_WITHDRAWAL_D_GAP_MED'}, {'CARD_WITHDRAWAL_D_GAP_MED'}, {'CARD_WITHDRAWAL_D_GAP_LONG'}, {'CARD_WITHDRAWAL_D_GAP_MED'}, {'CARD_WITHDRAWAL_D_GAP_LONG'}, {'CARD_WITHDRAWAL_A_GAP_SHORT'}]",0.1039359787731764,148,0.8848214285714285,0.9694829047753603,3600
"[{'CARD_WITHDRAWAL_D_GAP_SHORT'}, {'CARD_WITHDRAWAL_D_GAP_SHORT'}, {'CARD_WITHDRAWAL_D_GAP_SHORT'}, {'CARD_WITHDRAWAL_B_GAP_SHORT'}, {'CARD_WITHDRAWAL_C_GAP_SHORT'}, {'CARD_WITHDRAWAL_C_GAP_SHORT'}, {'CARD_WITHDRAWAL_D_GAP_MED'}, {'CARD_WITHDRAWAL_B_GAP_MED'}]",0.10392815669358058,58,0.9017857142857143,0.9694829047753603,3600
"[{'PROFILE_REGION_HIGH_INCOME'}, {'DEPOSIT_B_GAP_SHORT'}, {'DEPOSIT_D_GAP_MED'}, {'CARD_WITHDRAWAL_D_GAP_SHORT'}, {'CARD_WITHDRAWAL_C_GAP_MED'}, {'CARD_WITHDRAWAL_B_GAP_MED'}, {'CARD_WITHDRAWAL_A_GAP_SHORT'}, {'CARD_WITHDRAWAL_B_GAP_MED'}]",0.10344243884428839,63,0.903448275862069,0.9694829047753603,3600
"[{'CARD_WITHDRAWAL_A_GAP_SHORT'}, {'CARD_WITHDRAWAL_D_GAP_LONG'}, {'CARD_WITHDRAWAL_A_GAP_SHORT'}, {'CARD_WITHDRAWAL_A_GAP_SHORT'}, {'CARD_WITHDRAWAL_D_GAP_MED'}, {'CARD_WITHDRAWAL_C_GAP_MED'}, {'CARD_WITHDRAWAL_A_GAP_SHORT'}, {'CARD_WITHDRAWAL_C_GAP_MED'}, {'CARD_WITHDRAWAL_D_GAP_MED'}, {'CARD_WITHDRAWAL_D_GAP_MED'}]",0.10305083069748155,206,0.8917763157894736,0.9694829047753603,3600
"[{'CARD_WITHDRAWAL_D_GAP_MED'}, {'CARD_WITHDRAWAL_B_GAP_SHORT'}, {'CARD_WITHDRAWAL_B_GAP_MED'}, {'CARD_WITHDRAWAL_B_GAP_MED'}, {'CARD_WITHDRAWAL_C_GAP_MED'}, {'CARD_WITHDRAWAL_B_GAP_MED'}, {'CARD_WITHDRAWAL_A_GAP_SHORT'}, {'CARD_WITHDRAWAL_A_GAP_SHORT'}, {'CARD_WITHDRAWAL_C_GAP_LONG'}]",0.10292105123630635,132,0.8961693548387097,0.9694829047753603,3600
"[{'PROFILE_REGION_HIGH_INCOME'}, {'DEPOSIT_D_GAP_LONG'}, {'CARD_WITHDRAWAL_C_GAP_LONG'}, {'DEPOSIT_D_GAP_SHORT'}, {'CARD_WITHDRAWAL_B_GAP_SHORT'}, {'CARD_WITHDRAWAL_A_GAP_SHORT'}, {'CARD_WITHDRAWAL_D_GAP_MED'}, {'CARD_WITHDRAWAL_D_GAP_MED'}]",0.10291012312360859,131,0.9147465437788018,0.9694829047753603,3600
"[{'DEPOSIT_D_GAP_LONG'}, {'DEPOSIT_D_GAP_LONG'}, {'CARD_WITHDRAWAL_D_GAP_MED'}, {'CARD_WITHDRAWAL_D_GAP_LONG'}, {'DEPOSIT_D_GAP_LONG'}, {'CARD_WITHDRAWAL_D_GAP_MED'}, {'CARD_WITHDRAWAL_D_GAP_MED'}, {'CARD_WITHDRAWAL_C_GAP_MED'}, {'DEPOSIT_D_GAP_MED'}, {'CARD_WITHDRAWAL_D_GAP_LONG'}]",0.10286017954184845,136,0.8833333333333333,0.9694829047753603,3600
"[{'CARD_WITHDRAWAL_C_GAP_SHORT'}, {'CARD_WITHDRAWAL_D_GAP_MED'}, {'CARD_WITHDRAWAL_C_GAP_MED'}, {'CARD_WITHDRAWAL_C_GAP_SHORT'}, {'CARD_WITHDRAWAL_C_GAP_MED'}, {'CARD_WITHDRAWAL_C_GAP_MED'}, {'CARD_WITHDRAWAL_C_GAP_MED'}, {'CARD_WITHDRAWAL_D_GAP_SHORT'}, {'CARD_WITHDRAWAL_C_GAP_MED'}]",0.1028260660268474,57,0.8790849673202614,0.9694829047753603,3600
"[{'CARD_WITHDRAWAL_A_GAP_LONG'}, {'CARD_WITHDRAWAL_C_GAP_MED'}, {'CARD_WITHDRAWAL_C_GAP_MED'}, {'CARD_WITHDRAWAL_D_GAP_MED'}, {'TRANSFER_B_GAP_MED'}, {'TRANSFER_B_GAP_MED'}, {'CARD_WITHDRAWAL_B_GAP_MED'}, {'TRANSFER_B_GAP_MED'}]",0.10271659949878365,71,0.9057971014492754,0.9694829047753603,3600
"[{'DEPOSIT_D_GAP_LONG'}, {'CARD_WITHDRAWAL_D_GAP_MED'}, {'CARD_WITHDRAWAL_D_GAP_SHORT'}, {'CARD_WITHDRAWAL_C_GAP_MED'}, {'DEPOSIT_D_GAP_SHORT'}, {'CARD_WITHDRAWAL_D_GAP_SHORT'}, {'CARD_WITHDRAWAL_C_GAP_MED'}, {'CARD_WITHDRAWAL_D_GAP_MED'}, {'CARD_WITHDRAWAL_D_GAP_MED'}, {'DEPOSIT_D_GAP_MED'}]",0.10208866770611813,104,0.8776041666666667,0.9694829047753603,3600
"[{'PROFILE_REGION_LOW_CRIME', 'PROFILE_REGION_LOW_INCOME'}, {'CARD_WITHDRAWAL_B_GAP_LONG'}, {'CARD_WITHDRAWAL_C_GAP_LONG'}, {'CARD_WITHDRAWAL_A_GAP_SHORT'}, {'CARD_WITHDRAWAL_C_GAP_MED'}, {'CARD_WITHDRAWAL_B_GAP_MED'}, {'CARD_WITHDRAWAL_B_GAP_MED'}, {'CARD_WITHDRAWAL_A_GAP_SHORT'}, {'CARD_WITHDRAWAL_B_GAP_MED'}]",0.10142614053301502,101,0.8916666666666667,0.9694829047753603,3600
"[{'PROFILE_REGION_HIGH_INCOME', 'PROFILE_REGION_HIGH_CRIME'}, {'CARD_WITHDRAWAL_B_GAP_MED'}, {'CARD_WITHDRAWAL_C_GAP_MED'}, {'CARD_WITHDRAWAL_C_GAP_MED'}, {'CARD_WITHDRAWAL_C_GAP_MED'}, {'CARD_WITHDRAWAL_B_GAP_SHORT'}, {'CARD_WITHDRAWAL_B_GAP_SHORT'}, {'CARD_WITHDRAWAL_B_GAP_SHORT'}]",0.10124099633406203,129,0.9153439153439155,0.9694829047753603,3600
"[{'DEPOSIT_D_GAP_LONG'}, {'CARD_WITHDRAWAL_D_GAP_LONG'}, {'CARD_WITHDRAWAL_D_GAP_LONG'}, {'CARD_WITHDRAWAL_C_GAP_LONG'}, {'DEPOSIT_D_GAP_LONG'}, {'CARD_WITHDRAWAL_C_GAP_MED'}, {'DEPOSIT_D_GAP_MED'}, {'CARD_WITHDRAWAL_A_GAP_SHORT'}]",0.10123511342868596,170,0.918956043956044,0.9694829047753603,3600
"[{'PROFILE_REGION_LOW_EDU'}, {'CARD_WITHDRAWAL_C_GAP_MED'}, {'CARD_WITHDRAWAL_D_GAP_MED'}, {'CARD_WITHDRAWAL_D_GAP_MED'}, {'CARD_WITHDRAWAL_B_GAP_MED'}, {'DEPOSIT_D_GAP_MED'}, {'CARD_WITHDRAWAL_D_GAP_MED'}, {'CARD_WITHDRAWAL_A_GAP_SHORT'}, {'CARD_WITHDRAWAL_D_GAP_SHORT'}, {'CARD_WITHDRAWAL_C_GAP_MED'}]",0.10111100265199113,80,0.8717105263157895,0.9694829047753603,3600
"[{'DEPOSIT_A_GAP_SHORT'}, {'DEPOSIT_D_GAP_LONG'}, {'DEPOSIT_D_GAP_MED'}, {'CARD_WITHDRAWAL_D_GAP_MED'}, {'DEPOSIT_D_GAP_MED'}, {'CARD_WITHDRAWAL_D_GAP_MED'}, {'DEPOSIT_D_GAP_MED'}, {'CARD_WITHDRAWAL_D_GAP_SHORT'}, {'DEPOSIT_D_GAP_LONG'}]",0.1009548768442885,313,0.9109697933227345,0.9694829047753603,3600
"[{'CARD_WITHDRAWAL_D_GAP_MED'}, {'CARD_WITHDRAWAL_C_GAP_MED'}, {'CARD_WITHDRAWAL_C_GAP_MED'}, {'CARD_WITHDRAWAL_C_GAP_LONG'}, {'CARD_WITHDRAWAL_B_GAP_SHORT'}, {'CARD_WITHDRAWAL_C_GAP_MED'}, {'CARD_WITHDRAWAL_C_GAP_MED'}, {'CARD_WITHDRAWAL_D_GAP_SHORT'}, {'CARD_WITHDRAWAL_C_GAP_MED'}]",0.100909984371651,46,0.875,0.9694829047753603,3600
"[{'DEPOSIT_D_GAP_SHORT'}, {'CARD_WITHDRAWAL_C_GAP_MED'}, {'DEPOSIT_D_GAP_MED'}, {'CARD_WITHDRAWAL_C_GAP_MED'}, {'CARD_WITHDRAWAL_D_GAP_MED'}, {'CARD_WITHDRAWAL_D_GAP_MED'}, {'CARD_WITHDRAWAL_B_GAP_MED'}, {'CARD_WITHDRAWAL_D_GAP_MED'}, {'CARD_WITHDRAWAL_D_GAP_MED'}]",0.10090530504710571,151,0.899290780141844,0.9694829047753603,3600
"[{'CARD_WITHDRAWAL_A_GAP_SHORT'}, {'CARD_WITHDRAWAL_B_GAP_MED'}, {'CARD_WITHDRAWAL_C_GAP_MED'}, {'CARD_WITHDRAWAL_A_GAP_SHORT'}, {'CARD_WITHDRAWAL_A_GAP_SHORT'}, {'CARD_WITHDRAWAL_A_GAP_SHORT'}, {'CARD_WITHDRAWAL_A_GAP_SHORT'}, {'CARD_WITHDRAWAL_C_GAP_MED'}, {'CARD_WITHDRAWAL_A_GAP_SHORT'}, {'CARD_WITHDRAWAL_C_GAP_MED'}]",0.10088571915793343,359,0.9023598820058998,0.9694829047753603,3600
"[{'PROFILE_REGION_LOW_INCOME'}, {'DEPOSIT_D_GAP_LONG'}, {'DEPOSIT_D_GAP_LONG'}, {'CARD_WITHDRAWAL_A_GAP_SHORT'}, {'CARD_WITHDRAWAL_A_GAP_SHORT'}, {'CARD_WITHDRAWAL_A_GAP_SHORT'}, {'CARD_WITHDRAWAL_C_GAP_MED'}, {'CARD_WITHDRAWAL_A_GAP_SHORT'}, {'CARD_WITHDRAWAL_A_GAP_SHORT'}]",0.10052308258117348,240,0.9070870535714286,0.9694829047753603,3600
"[{'CARD_WITHDRAWAL_D_GAP_MED'}, {'CARD_WITHDRAWAL_D_GAP_MED'}, {'CARD_WITHDRAWAL_C_GAP_MED'}, {'CARD_WITHDRAWAL_B_GAP_MED'}, {'CARD_WITHDRAWAL_D_GAP_MED'}, {'CARD_WITHDRAWAL_D_GAP_MED'}, {'CARD_WITHDRAWAL_B_GAP_MED'}, {'CARD_WITHDRAWAL_D_GAP_MED'}, {'CARD_WITHDRAWAL_D_GAP_MED'}]",0.10021807350945633,275,0.9092664092664092,0.9694829047753603,3600
"[{'PROFILE_REGION_HIGH_EDU', 'PROFILE_OLD_MALE'}, {'DEPOSIT_A_GAP_SHORT'}, {'CARD_WITHDRAWAL_D_GAP_MED'}, {'CARD_WITHDRAWAL_D_GAP_MED'}, {'CARD_WITHDRAWAL_D_GAP_MED'}, {'CARD_WITHDRAWAL_D_GAP_MED'}, {'CARD_WITHDRAWAL_D_GAP_SHORT'}, {'CARD_WITHDRAWAL_A_GAP_SHORT'}]",0.10017936260088312,153,0.918103448275862,0.9694829047753603,3600
"[{'PROFILE_OLD_FEMALE', 'PROFILE_REGION_LOW_CRIME', 'PROFILE_REGION_LOW_EDU'}, {'CARD_WITHDRAWAL_A_GAP_SHORT'}, {'CARD_WITHDRAWAL_A_GAP_SHORT'}, {'CARD_WITHDRAWAL_A_GAP_SHORT'}, {'CARD_WITHDRAWAL_A_GAP_SHORT'}, {'CARD_WITHDRAWAL_A_GAP_SHORT'}, {'CARD_WITHDRAWAL_C_GAP_SHORT'}, {'CARD_WITHDRAWAL_A_GAP_SHORT'}]",0.09978576011112361,79,0.9090909090909091,0.9694829047753603,3600
"[{'DEPOSIT_D_GAP_LONG'}, {'CARD_WITHDRAWAL_D_GAP_MED'}, {'CARD_WITHDRAWAL_D_GAP_MED'}, {'CARD_WITHDRAWAL_D_GAP_MED'}, {'CARD_WITHDRAWAL_D_GAP_MED'}, {'CARD_WITHDRAWAL_C_GAP_MED'}, {'CARD_WITHDRAWAL_D_GAP_MED'}, {'CARD_WITHDRAWAL_D_GAP_SHORT'}, {'CARD_WITHDRAWAL_D_GAP_MED'}]",0.0997186122856798,345,0.9127272727272727,0.9694829047753603,3600
"[{'CARD_WITHDRAWAL_C_GAP_MED'}, {'CARD_WITHDRAWAL_D_GAP_MED'}, {'CARD_WITHDRAWAL_D_GAP_MED'}, {'CARD_WITHDRAWAL_D_GAP_SHORT'}, {'CARD_WITHDRAWAL_C_GAP_MED'}, {'DEPOSIT_C_GAP_MED'}, {'CARD_WITHDRAWAL_C_GAP_MED'}, {'CARD_WITHDRAWAL_C_GAP_SHORT'}]",0.09964728624608077,38,0.8970588235294117,0.9694829047753603,3600
"[{'CARD_WITHDRAWAL_A_GAP_SHORT'}, {'CARD_WITHDRAWAL_A_GAP_SHORT'}, {'CARD_WITHDRAWAL_C_GAP_SHORT'}, {'CARD_WITHDRAWAL_B_GAP_LONG'}, {'CARD_WITHDRAWAL_A_GAP_SHORT'}, {'CARD_WITHDRAWAL_A_GAP_SHORT'}, {'CARD_WITHDRAWAL_A_GAP_SHORT'}, {'CARD_WITHDRAWAL_A_GAP_SHORT'}, {'CARD_WITHDRAWAL_C_GAP_MED'}]",0.0994975465002027,245,0.907725321888412,0.9694829047753603,3600
"[{'PROFILE_OLD_FEMALE', 'PROFILE_REGION_HIGH_CRIME'}, {'DEPOSIT_A_GAP_SHORT'}, {'DEPOSIT_C_GAP_LONG'}, {'CARD_WITHDRAWAL_A_GAP_SHORT'}, {'CARD_WITHDRAWAL_B_GAP_MED'}, {'CARD_WITHDRAWAL_A_GAP_SHORT'}, {'CARD_WITHDRAWAL_A_GAP_SHORT'}, {'CARD_WITHDRAWAL_C_GAP_MED'}]",0.09948437950529354,65,0.90625,0.9694829047753603,3600
"[{'CARD_WITHDRAWAL_D_GAP_SHORT'}, {'CARD_WITHDRAWAL_D_GAP_SHORT'}, {'CARD_WITHDRAWAL_A_GAP_SHORT'}, {'CARD_WITHDRAWAL_D_GAP_SHORT'}, {'CARD_WITHDRAWAL_B_GAP_MED'}, {'CARD_WITHDRAWAL_C_GAP_MED'}, {'CARD_WITHDRAWAL_A_GAP_SHORT'}, {'CARD_WITHDRAWAL_D_GAP_LONG'}, {'CARD_WITHDRAWAL_A_GAP_SHORT'}]",0.09930354993729595,193,0.9039938556067587,0.9694829047753603,3600
"[{'DEPOSIT_A_GAP_SHORT'}, {'CARD_WITHDRAWAL_C_GAP_MED'}, {'CARD_WITHDRAWAL_B_GAP_LONG'}, {'CARD_WITHDRAWAL_A_GAP_SHORT'}, {'CARD_WITHDRAWAL_C_GAP_LONG'}, {'CARD_WITHDRAWAL_B_GAP_MED'}, {'CARD_WITHDRAWAL_D_GAP_MED'}, {'CARD_WITHDRAWAL_C_GAP_MED'}]",0.09925630831255705,111,0.9142857142857143,0.9694829047753603,3600
"[{'PROFILE_REGION_HIGH_EDU'}, {'CARD_WITHDRAWAL_C_GAP_MED'}, {'CARD_WITHDRAWAL_A_GAP_SHORT'}, {'CARD_WITHDRAWAL_A_GAP_SHORT'}, {'CARD_WITHDRAWAL_D_GAP_MED'}, {'CARD_WITHDRAWAL_D_GAP_SHORT'}, {'CARD_WITHDRAWAL_A_GAP_SHORT'}, {'CARD_WITHDRAWAL_D_GAP_MED'}, {'CARD_WITHDRAWAL_A_GAP_SHORT'}]",0.09906485690979772,197,0.904407200496586,0.9694829047753603,3600
"[{'CARD_WITHDRAWAL_D_GAP_LONG'}, {'CARD_WITHDRAWAL_D_GAP_LONG'}, {'CARD_WITHDRAWAL_D_GAP_LONG'}, {'CARD_WITHDRAWAL_B_GAP_SHORT'}, {'CARD_WITHDRAWAL_D_GAP_SHORT'}, {'CARD_WITHDRAWAL_D_GAP_MED'}, {'CARD_WITHDRAWAL_D_GAP_MED'}, {'CARD_WITHDRAWAL_D_GAP_MED'}, {'CARD_WITHDRAWAL_C_GAP_MED'}]",0.098879638203476,149,0.8997668997668997,0.9694829047753603,3600
"[{'PROFILE_REGION_HIGH_INCOME'}, {'CARD_WITHDRAWAL_A_GAP_SHORT'}, {'CARD_WITHDRAWAL_C_GAP_SHORT'}, {'CARD_WITHDRAWAL_C_GAP_LONG'}, {'CARD_WITHDRAWAL_C_GAP_MED'}, {'CARD_WITHDRAWAL_B_GAP_MED'}, {'CARD_WITHDRAWAL_C_GAP_SHORT'}, {'CARD_WITHDRAWAL_C_GAP_MED'}, {'CARD_WITHDRAWAL_D_GAP_LONG'}]",0.09865731627454533,22,0.8571428571428572,0.9694829047753603,3600
"[{'DEPOSIT_A_GAP_SHORT'}, {'DEPOSIT_D_GAP_LONG'}, {'DEPOSIT_D_GAP_LONG'}, {'CARD_WITHDRAWAL_D_GAP_MED'}, {'CARD_WITHDRAWAL_D_GAP_LONG'}, {'DEPOSIT_D_GAP_LONG'}, {'CARD_WITHDRAWAL_D_GAP_LONG'}, {'DEPOSIT_D_GAP_MED'}, {'CARD_WITHDRAWAL_D_GAP_LONG'}]",0.09858376078608799,203,0.9050505050505051,0.9694829047753603,3600
"[{'DEPOSIT_D_GAP_MED'}, {'DEPOSIT_D_GAP_LONG'}, {'CARD_WITHDRAWAL_C_GAP_SHORT'}, {'DEPOSIT_D_GAP_LONG'}, {'CARD_WITHDRAWAL_D_GAP_MED'}, {'CARD_WITHDRAWAL_B_GAP_MED'}, {'CARD_WITHDRAWAL_A_GAP_SHORT'}, {'CARD_WITHDRAWAL_A_GAP_SHORT'}, {'DEPOSIT_D_GAP_MED'}]",0.09748393391055843,131,0.8979963570127505,0.9694829047753603,3600
"[{'PROFILE_REGION_HIGH_EDU'}, {'DEPOSIT_A_GAP_SHORT'}, {'DEPOSIT_D_GAP_SHORT'}, {'CARD_WITHDRAWAL_D_GAP_MED'}, {'CARD_WITHDRAWAL_D_GAP_MED'}, {'CARD_WITHDRAWAL_A_GAP_SHORT'}, {'CARD_WITHDRAWAL_C_GAP_MED'}, {'CARD_WITHDRAWAL_C_GAP_MED'}, {'CARD_WITHDRAWAL_C_GAP_MED'}]",0.09744311225672786,124,0.8970233306516493,0.9694829047753603,3600
"[{'CARD_WITHDRAWAL_C_GAP_MED'}, {'CARD_WITHDRAWAL_D_GAP_MED'}, {'CARD_WITHDRAWAL_D_GAP_MED'}, {'CARD_WITHDRAWAL_D_GAP_MED'}, {'CARD_WITHDRAWAL_D_GAP_SHORT'}, {'CARD_WITHDRAWAL_D_GAP_SHORT'}, {'CARD_WITHDRAWAL_A_GAP_SHORT'}, {'CARD_WITHDRAWAL_D_GAP_MED'}, {'CARD_WITHDRAWAL_A_GAP_SHORT'}]",0.09743837920452281,282,0.9104793233082707,0.9694829047753603,3600
"[{'PROFILE_REGION_LOW_INCOME'}, {'DEPOSIT_C_GAP_LONG'}, {'DEPOSIT_D_GAP_MED'}, {'CARD_WITHDRAWAL_A_GAP_SHORT'}, {'CARD_WITHDRAWAL_B_GAP_SHORT'}, {'CARD_WITHDRAWAL_C_GAP_MED'}, {'CARD_WITHDRAWAL_C_GAP_LONG'}, {'CARD_WITHDRAWAL_A_GAP_SHORT'}]",0.09727995286631896,41,0.9,0.9694829047753603,3600
"[{'CARD_WITHDRAWAL_D_GAP_MED'}, {'CARD_WITHDRAWAL_D_GAP_SHORT'}, {'CARD_WITHDRAWAL_D_GAP_SHORT'}, {'CARD_WITHDRAWAL_D_GAP_SHORT'}, {'CARD_WITHDRAWAL_D_GAP_SHORT'}, {'CARD_WITHDRAWAL_C_GAP_SHORT'}, {'CARD_WITHDRAWAL_C_GAP_MED'}, {'CARD_WITHDRAWAL_D_GAP_SHORT'}]",0.09709823491808889,137,0.9181818181818182,0.9694829047753603,3600
"[{'DEPOSIT_A_GAP_SHORT'}, {'CARD_WITHDRAWAL_C_GAP_MED'}, {'CARD_WITHDRAWAL_B_GAP_MED'}, {'CARD_WITHDRAWAL_C_GAP_MED'}, {'CARD_WITHDRAWAL_C_GAP_MED'}, {'CARD_WITHDRAWAL_B_GAP_MED'}, {'CARD_WITHDRAWAL_B_GAP_SHORT'}, {'CARD_WITHDRAWAL_A_GAP_SHORT'}, {'CARD_WITHDRAWAL_B_GAP_MED'}]",0.09700834562034111,220,0.9068396226415094,0.9694829047753603,3600
"[{'PROFILE_REGION_LOW_EDU'}, {'CARD_WITHDRAWAL_D_GAP_MED'}, {'CARD_WITHDRAWAL_D_GAP_MED'}, {'CARD_WITHDRAWAL_D_GAP_SHORT'}, {'CARD_WITHDRAWAL_D_GAP_MED'}, {'CARD_WITHDRAWAL_D_GAP_MED'}, {'CARD_WITHDRAWAL_D_GAP_MED'}, {'CARD_WITHDRAWAL_D_GAP_MED'}, {'CARD_WITHDRAWAL_D_GAP_MED'}, {'CARD_WITHDRAWAL_A_GAP_SHORT'}]",0.09684274774881241,222,0.8948728996122362,0.9694829047753603,3600
"[{'CARD_WITHDRAWAL_C_GAP_MED'}, {'CARD_WITHDRAWAL_D_GAP_MED'}, {'CARD_WITHDRAWAL_C_GAP_MED'}, {'CARD_WITHDRAWAL_C_GAP_MED'}, {'CARD_WITHDRAWAL_D_GAP_SHORT'}, {'CARD_WITHDRAWAL_A_GAP_SHORT'}, {'CARD_WITHDRAWAL_D_GAP_MED'}, {'CARD_WITHDRAWAL_C_GAP_LONG'}, {'CARD_WITHDRAWAL_D_GAP_SHORT'}]",0.09680370208667122,67,0.8852459016393444,0.9694829047753603,3600
"[{'PROFILE_REGION_HIGH_EDU'}, {'CARD_WITHDRAWAL_D_GAP_MED'}, {'CARD_WITHDRAWAL_C_GAP_MED'}, {'CARD_WITHDRAWAL_C_GAP_MED'}, {'CARD_WITHDRAWAL_C_GAP_MED'}, {'CARD_WITHDRAWAL_C_GAP_MED'}, {'CARD_WITHDRAWAL_C_GAP_MED'}, {'CARD_WITHDRAWAL_C_GAP_MED'}, {'CARD_WITHDRAWAL_C_GAP_SHORT'}]",0.09679266198554204,111,0.8952380952380952,0.9694829047753603,3600
"[{'CARD_WITHDRAWAL_C_GAP_MED'}, {'CARD_WITHDRAWAL_D_GAP_MED'}, {'CARD_WITHDRAWAL_D_GAP_MED'}, {'CARD_WITHDRAWAL_D_GAP_MED'}, {'CARD_WITHDRAWAL_D_GAP_MED'}, {'CARD_WITHDRAWAL_D_GAP_MED'}, {'CARD_WITHDRAWAL_D_GAP_SHORT'}, {'CARD_WITHDRAWAL_D_GAP_SHORT'}, {'CARD_WITHDRAWAL_A_GAP_SHORT'}]",0.0966842016533247,302,0.9117063492063492,0.9694829047753603,3600
"[{'PROFILE_REGION_HIGH_CRIME'}, {'DEPOSIT_D_GAP_LONG'}, {'CARD_WITHDRAWAL_A_GAP_SHORT'}, {'CARD_WITHDRAWAL_A_GAP_SHORT'}, {'DEPOSIT_D_GAP_LONG'}, {'CARD_WITHDRAWAL_A_GAP_SHORT'}, {'CARD_WITHDRAWAL_A_GAP_SHORT'}, {'DEPOSIT_C_GAP_LONG'}, {'CARD_WITHDRAWAL_C_GAP_MED'}, {'CARD_WITHDRAWAL_A_GAP_SHORT'}]",0.09622010163366879,67,0.8690476190476191,0.9694829047753603,3600
"[{'DEPOSIT_A_GAP_SHORT'}, {'CARD_WITHDRAWAL_D_GAP_LONG'}, {'CARD_WITHDRAWAL_D_GAP_MED'}, {'CARD_WITHDRAWAL_D_GAP_MED'}, {'CARD_WITHDRAWAL_B_GAP_MED'}, {'CARD_WITHDRAWAL_A_GAP_SHORT'}, {'CARD_WITHDRAWAL_C_GAP_MED'}, {'CARD_WITHDRAWAL_D_GAP_MED'}, {'CARD_WITHDRAWAL_D_GAP_MED'}]",0.09599247489670681,322,0.9128289473684211,0.9694829047753603,3600
"[{'PROFILE_REGION_LOW_EDU'}, {'DEPOSIT_A_GAP_SHORT'}, {'CARD_WITHDRAWAL_B_GAP_LONG'}, {'CARD_WITHDRAWAL_C_GAP_MED'}, {'CARD_WITHDRAWAL_C_GAP_MED'}, {'CARD_WITHDRAWAL_C_GAP_SHORT'}, {'CARD_WITHDRAWAL_D_GAP_MED'}, {'CARD_WITHDRAWAL_A_GAP_SHORT'}]",0.09593014117537613,104,0.915151515151515,0.9694829047753603,3600
"[{'CARD_WITHDRAWAL_D_GAP_LONG'}, {'CARD_WITHDRAWAL_D_GAP_LONG'}, {'CARD_WITHDRAWAL_D_GAP_SHORT'}, {'CARD_WITHDRAWAL_D_GAP_SHORT'}, {'CARD_WITHDRAWAL_D_GAP_SHORT'}, {'CARD_WITHDRAWAL_D_GAP_MED'}, {'CARD_WITHDRAWAL_D_GAP_MED'}, {'CARD_WITHDRAWAL_C_GAP_LONG'}]",0.09484005538559837,136,0.9192307692307693,0.9694829047753603,3600
"[{'DEPOSIT_A_GAP_SHORT'}, {'CARD_WITHDRAWAL_C_GAP_MED'}, {'CARD_WITHDRAWAL_B_GAP_MED'}, {'CARD_WITHDRAWAL_C_GAP_MED'}, {'CARD_WITHDRAWAL_C_GAP_SHORT'}, {'CARD_WITHDRAWAL_B_GAP_LONG'}, {'CARD_WITHDRAWAL_B_GAP_MED'}, {'CARD_WITHDRAWAL_B_GAP_LONG'}]",0.0946218755987791,123,0.9180672268907563,0.9694829047753603,3600
"[{'PROFILE_REGION_LOW_EDU'}, {'DEPOSIT_A_GAP_SHORT'}, {'CARD_WITHDRAWAL_A_GAP_SHORT'}, {'CARD_WITHDRAWAL_B_GAP_LONG'}, {'CARD_WITHDRAWAL_B_GAP_MED'}, {'CARD_WITHDRAWAL_C_GAP_LONG'}, {'CARD_WITHDRAWAL_B_GAP_LONG'}, {'CARD_WITHDRAWAL_D_GAP_SHORT'}]",0.09430776396906249,42,0.9024390243902439,0.9694829047753603,3600
"[{'DEPOSIT_D_GAP_SHORT'}, {'CARD_WITHDRAWAL_A_GAP_SHORT'}, {'CARD_WITHDRAWAL_C_GAP_MED'}, {'CARD_WITHDRAWAL_A_GAP_SHORT'}, {'DEPOSIT_C_GAP_MED'}, {'DEPOSIT_C_GAP_MED'}, {'CARD_WITHDRAWAL_A_GAP_SHORT'}, {'CARD_WITHDRAWAL_A_GAP_SHORT'}]",0.09420033410267048,114,0.9173076923076924,0.9694829047753603,3600
"[{'PROFILE_REGION_LOW_CRIME', 'PROFILE_OLD_MALE', 'PROFILE_REGION_LOW_EDU'}, {'CARD_WITHDRAWAL_B_GAP_LONG'}, {'CARD_WITHDRAWAL_A_GAP_SHORT'}, {'CARD_WITHDRAWAL_A_GAP_SHORT'}, {'CARD_WITHDRAWAL_A_GAP_SHORT'}, {'CARD_WITHDRAWAL_D_GAP_SHORT'}, {'CARD_WITHDRAWAL_B_GAP_LONG'}, {'CARD_WITHDRAWAL_B_GAP_MED'}, {'CARD_WITHDRAWAL_B_GAP_MED'}, {'CARD_WITHDRAWAL_A_GAP_SHORT'}]",0.09358420675016788,24,0.8409090909090908,0.9694829047753603,3600
"[{'PROFILE_OLD_MALE'}, {'CARD_WITHDRAWAL_C_GAP_LONG'}, {'CARD_WITHDRAWAL_A_GAP_SHORT'}, {'CARD_WITHDRAWAL_B_GAP_MED'}, {'CARD_WITHDRAWAL_C_GAP_SHORT'}, {'CARD_WITHDRAWAL_C_GAP_MED'}, {'CARD_WITHDRAWAL_C_GAP_MED'}, {'CARD_WITHDRAWAL_B_GAP_MED'}]",0.09344060680841015,86,0.9139393939393938,0.9694829047753603,3600
"[{'PROFILE_REGION_LOW_INCOME'}, {'CARD_WITHDRAWAL_B_GAP_MED'}, {'CARD_WITHDRAWAL_D_GAP_MED'}, {'CARD_WITHDRAWAL_C_GAP_MED'}, {'CARD_WITHDRAWAL_C_GAP_MED'}, {'CARD_WITHDRAWAL_C_GAP_MED'}, {'CARD_WITHDRAWAL_D_GAP_MED'}, {'TRANSFER_B_GAP_MED'}]",0.09300176796963167,62,0.9094827586206897,0.9694829047753603,3600
"[{'CARD_WITHDRAWAL_B_GAP_LONG'}, {'CARD_WITHDRAWAL_D_GAP_SHORT'}, {'CARD_WITHDRAWAL_D_GAP_MED'}, {'CARD_WITHDRAWAL_A_GAP_SHORT'}, {'CARD_WITHDRAWAL_B_GAP_SHORT'}, {'CARD_WITHDRAWAL_A_GAP_SHORT'}, {'CARD_WITHDRAWAL_A_GAP_SHORT'}, {'CARD_WITHDRAWAL_A_GAP_SHORT'}, {'CARD_WITHDRAWAL_A_GAP_SHORT'}]",0.09295525990296838,198,0.9065255731922399,0.9694829047753603,3600
"[{'PROFILE_REGION_HIGH_EDU'}, {'DEPOSIT_D_GAP_LONG'}, {'CARD_WITHDRAWAL_C_GAP_MED'}, {'CARD_WITHDRAWAL_A_GAP_MED'}, {'CARD_WITHDRAWAL_D_GAP_LONG'}, {'DEPOSIT_D_GAP_LONG'}, {'CARD_WITHDRAWAL_D_GAP_MED'}, {'CARD_WITHDRAWAL_D_GAP_MED'}]",0.09287046659327058,72,0.9117647058823529,0.9694829047753603,3600
"[{'CARD_WITHDRAWAL_D_GAP_MED'}, {'CARD_WITHDRAWAL_A_GAP_SHORT'}, {'CARD_WITHDRAWAL_B_GAP_MED'}, {'CARD_WITHDRAWAL_B_GAP_MED'}, {'CARD_WITHDRAWAL_A_GAP_SHORT'}, {'CARD_WITHDRAWAL_C_GAP_MED'}, {'CARD_WITHDRAWAL_C_GAP_MED'}, {'CARD_WITHDRAWAL_A_GAP_SHORT'}, {'CARD_WITHDRAWAL_A_GAP_SHORT'}]",0.09208797365305854,423,0.917651617903507,0.9694829047753603,3600
"[{'CARD_WITHDRAWAL_B_GAP_MED'}, {'CARD_WITHDRAWAL_C_GAP_MED'}, {'CARD_WITHDRAWAL_B_GAP_MED'}, {'CARD_WITHDRAWAL_C_GAP_MED'}, {'CARD_WITHDRAWAL_B_GAP_SHORT'}, {'CARD_WITHDRAWAL_B_GAP_LONG'}, {'CARD_WITHDRAWAL_A_GAP_SHORT'}, {'CARD_WITHDRAWAL_B_GAP_MED'}, {'CARD_WITHDRAWAL_B_GAP_MED'}]",0.09206744843277748,148,0.9020979020979021,0.9694829047753603,3600
"[{'DEPOSIT_D_GAP_LONG'}, {'DEPOSIT_D_GAP_LONG'}, {'DEPOSIT_D_GAP_LONG'}, {'CARD_WITHDRAWAL_A_GAP_SHORT'}, {'CARD_WITHDRAWAL_C_GAP_MED'}, {'CARD_WITHDRAWAL_A_GAP_SHORT'}, {'CARD_WITHDRAWAL_C_GAP_MED'}, {'CARD_WITHDRAWAL_C_GAP_MED'}, {'DEPOSIT_D_GAP_SHORT'}]",0.09191338812259076,224,0.9087809036658141,0.9694829047753603,3600
"[{'CARD_WITHDRAWAL_D_GAP_MED'}, {'CARD_WITHDRAWAL_D_GAP_SHORT'}, {'CARD_WITHDRAWAL_D_GAP_SHORT'}, {'CARD_WITHDRAWAL_A_GAP_SHORT'}, {'CARD_WITHDRAWAL_D_GAP_MED'}, {'CARD_WITHDRAWAL_B_GAP_MED'}, {'CARD_WITHDRAWAL_C_GAP_LONG'}, {'CARD_WITHDRAWAL_A_GAP_SHORT'}, {'CARD_WITHDRAWAL_A_GAP_SHORT'}, {'CARD_WITHDRAWAL_B_GAP_MED'}]",0.09168346137245653,80,0.875,0.9694829047753603,3600
"[{'CARD_WITHDRAWAL_D_GAP_MED'}, {'CARD_WITHDRAWAL_D_GAP_MED'}, {'CARD_WITHDRAWAL_D_GAP_MED'}, {'CARD_WITHDRAWAL_D_GAP_SHORT'}, {'CARD_WITHDRAWAL_D_GAP_SHORT'}, {'CARD_WITHDRAWAL_D_GAP_MED'}, {'CARD_WITHDRAWAL_D_GAP_SHORT'}, {'CARD_WITHDRAWAL_C_GAP_MED'}, {'CARD_WITHDRAWAL_B_GAP_MED'}]",0.09131438409324544,213,0.9082125603864735,0.9694829047753603,3600
"[{'PROFILE_REGION_LOW_INCOME'}, {'CARD_WITHDRAWAL_C_GAP_MED'}, {'CARD_WITHDRAWAL_A_GAP_SHORT'}, {'CARD_WITHDRAWAL_A_GAP_SHORT'}, {'CARD_WITHDRAWAL_C_GAP_MED'}, {'CARD_WITHDRAWAL_A_GAP_SHORT'}, {'CARD_WITHDRAWAL_B_GAP_SHORT'}, {'CARD_WITHDRAWAL_A_GAP_SHORT'}, {'CARD_WITHDRAWAL_A_GAP_SHORT'}]",0.09123612897749045,261,0.9112727272727272,0.9694829047753603,3600
"[{'PROFILE_REGION_HIGH_INCOME'}, {'CARD_WITHDRAWAL_D_GAP_LONG'}, {'CARD_WITHDRAWAL_D_GAP_MED'}, {'CARD_WITHDRAWAL_D_GAP_LONG'}, {'CARD_WITHDRAWAL_C_GAP_MED'}, {'CARD_WITHDRAWAL_B_GAP_MED'}, {'CARD_WITHDRAWAL_A_GAP_SHORT'}, {'CARD_WITHDRAWAL_D_GAP_MED'}, {'CARD_WITHDRAWAL_D_GAP_SHORT'}, {'CARD_WITHDRAWAL_D_GAP_LONG'}]",0.0909857470197456,62,0.8690476190476191,0.9694829047753603,3600
"[{'DEPOSIT_D_GAP_LONG'}, {'CARD_WITHDRAWAL_A_GAP_SHORT'}, {'CARD_WITHDRAWAL_A_GAP_SHORT'}, {'CARD_WITHDRAWAL_A_GAP_SHORT'}, {'DEPOSIT_C_GAP_MED'}, {'CARD_WITHDRAWAL_C_GAP_MED'}, {'TRANSFER_B_GAP_MED'}, {'CARD_WITHDRAWAL_A_GAP_SHORT'}]",0.09068036998978768,60,0.9104938271604939,0.9694829047753603,3600
"[{'PROFILE_REGION_LOW_CRIME', 'PROFILE_REGION_LOW_INCOME'}, {'CARD_WITHDRAWAL_D_GAP_LONG'}, {'CARD_WITHDRAWAL_A_GAP_MED'}, {'CARD_WITHDRAWAL_A_GAP_SHORT'}, {'CARD_WITHDRAWAL_A_GAP_MED'}, {'CARD_WITHDRAWAL_A_GAP_LONG'}, {'CARD_WITHDRAWAL_C_GAP_MED'}, {'CARD_WITHDRAWAL_B_GAP_MED'}, {'CARD_WITHDRAWAL_B_GAP_MED'}]",0.08955008635536243,23,0.8636363636363636,0.9694829047753603,3600
"[{'PROFILE_REGION_HIGH_EDU'}, {'CARD_WITHDRAWAL_D_GAP_MED'}, {'CARD_WITHDRAWAL_D_GAP_MED'}, {'CARD_WITHDRAWAL_C_GAP_MED'}, {'CARD_WITHDRAWAL_A_GAP_SHORT'}, {'CARD_WITHDRAWAL_D_GAP_MED'}, {'CARD_WITHDRAWAL_B_GAP_SHORT'}, {'CARD_WITHDRAWAL_D_GAP_SHORT'}, {'CARD_WITHDRAWAL_C_GAP_MED'}]",0.08896826589150153,105,0.8973063973063974,0.9694829047753603,3600
"[{'PROFILE_OLD_FEMALE', 'PROFILE_REGION_HIGH_CRIME'}, {'CARD_WITHDRAWAL_D_GAP_MED'}, {'CARD_WITHDRAWAL_C_GAP_MED'}, {'CARD_WITHDRAWAL_C_GAP_MED'}, {'CARD_WITHDRAWAL_D_GAP_MED'}, {'CARD_WITHDRAWAL_B_GAP_SHORT'}, {'CARD_WITHDRAWAL_B_GAP_MED'}, {'CARD_WITHDRAWAL_A_GAP_SHORT'}]",0.0888729387539533,86,0.9166666666666666,0.9694829047753603,3600
"[{'CARD_WITHDRAWAL_C_GAP_MED'}, {'CARD_WITHDRAWAL_D_GAP_MED'}, {'CARD_WITHDRAWAL_A_GAP_SHORT'}, {'CARD_WITHDRAWAL_C_GAP_SHORT'}, {'CARD_WITHDRAWAL_D_GAP_MED'}, {'CARD_WITHDRAWAL_A_GAP_SHORT'}, {'DEPOSIT_C_GAP_MED'}, {'CARD_WITHDRAWAL_A_GAP_SHORT'}]",0.08876817579512508,87,0.9168831168831169,0.9694829047753603,3600
"[{'CARD_WITHDRAWAL_C_GAP_LONG'}, {'CARD_WITHDRAWAL_A_GAP_SHORT'}, {'CARD_WITHDRAWAL_B_GAP_SHORT'}, {'CARD_WITHDRAWAL_A_GAP_SHORT'}, {'CARD_WITHDRAWAL_A_GAP_SHORT'}, {'CARD_WITHDRAWAL_C_GAP_MED'}, {'CARD_WITHDRAWAL_C_GAP_MED'}, {'CARD_WITHDRAWAL_B_GAP_MED'}, {'CARD_WITHDRAWAL_C_GAP_MED'}]",0.08860107153692687,155,0.9041379310344828,0.9694829047753603,3600
"[{'DEPOSIT_A_GAP_SHORT'}, {'DEPOSIT_D_GAP_LONG'}, {'CARD_WITHDRAWAL_D_GAP_MED'}, {'DEPOSIT_D_GAP_LONG'}, {'CARD_WITHDRAWAL_C_GAP_MED'}, {'DEPOSIT_D_GAP_SHORT'}, {'CARD_WITHDRAWAL_B_GAP_SHORT'}, {'CARD_WITHDRAWAL_C_GAP_MED'}, {'CARD_WITHDRAWAL_D_GAP_MED'}]",0.08856084721199231,129,0.9010840108401085,0.9694829047753603,3600
"[{'PROFILE_REGION_LOW_CRIME'}, {'DEPOSIT_C_GAP_LONG'}, {'DEPOSIT_D_GAP_LONG'}, {'CARD_WITHDRAWAL_C_GAP_LONG'}, {'CARD_WITHDRAWAL_C_GAP_SHORT'}, {'DEPOSIT_D_GAP_LONG'}, {'DEPOSIT_D_GAP_SHORT'}, {'CARD_WITHDRAWAL_C_GAP_SHORT'}]",0.08842870844783712,21,0.894736842105263,0.9694829047753603,3600
"[{'CARD_WITHDRAWAL_D_GAP_LONG'}, {'CARD_WITHDRAWAL_D_GAP_MED'}, {'CARD_WITHDRAWAL_D_GAP_SHORT'}, {'CARD_WITHDRAWAL_B_GAP_MED'}, {'CARD_WITHDRAWAL_D_GAP_MED'}, {'CARD_WITHDRAWAL_B_GAP_LONG'}, {'CARD_WITHDRAWAL_D_GAP_MED'}, {'CARD_WITHDRAWAL_A_GAP_SHORT'}, {'CARD_WITHDRAWAL_D_GAP_SHORT'}, {'TRANSFER_B_GAP_MED'}]",0.0882951005151622,23,0.8421052631578947,0.9694829047753603,3600
"[{'DEPOSIT_D_GAP_MED'}, {'DEPOSIT_D_GAP_LONG'}, {'CARD_WITHDRAWAL_C_GAP_SHORT'}, {'DEPOSIT_D_GAP_LONG'}, {'CARD_WITHDRAWAL_D_GAP_MED'}, {'CARD_WITHDRAWAL_B_GAP_MED'}, {'CARD_WITHDRAWAL_A_GAP_SHORT'}, {'CARD_WITHDRAWAL_A_GAP_SHORT'}, {'CARD_WITHDRAWAL_A_GAP_SHORT'}, {'DEPOSIT_D_GAP_MED'}]",0.08823429274415706,97,0.88061797752809,0.9694829047753603,3600
"[{'DEPOSIT_D_GAP_LONG'}, {'CARD_WITHDRAWAL_D_GAP_MED'}, {'CARD_WITHDRAWAL_D_GAP_SHORT'}, {'CARD_WITHDRAWAL_D_GAP_MED'}, {'DEPOSIT_D_GAP_MED'}, {'DEPOSIT_D_GAP_LONG'}, {'CARD_WITHDRAWAL_D_GAP_SHORT'}, {'CARD_WITHDRAWAL_C_GAP_MED'}, {'DEPOSIT_D_GAP_MED'}, {'DEPOSIT_D_GAP_MED'}]",0.08816155765238298,149,0.8896825396825396,0.9694829047753603,3600
"[{'CARD_WITHDRAWAL_D_GAP_LONG'}, {'CARD_WITHDRAWAL_D_GAP_MED'}, {'CARD_WITHDRAWAL_C_GAP_SHORT'}, {'CARD_WITHDRAWAL_A_GAP_SHORT'}, {'CARD_WITHDRAWAL_C_GAP_MED'}, {'CARD_WITHDRAWAL_A_GAP_SHORT'}, {'CARD_WITHDRAWAL_C_GAP_MED'}, {'CARD_WITHDRAWAL_D_GAP_MED'}, {'CARD_WITHDRAWAL_D_GAP_MED'}]",0.08763454413496641,167,0.9056956115779646,0.9694829047753603,3600
"[{'DEPOSIT_A_GAP_SHORT'}, {'DEPOSIT_D_GAP_LONG'}, {'DEPOSIT_D_GAP_LONG'}, {'CARD_WITHDRAWAL_D_GAP_MED'}, {'DEPOSIT_D_GAP_MED'}, {'CARD_WITHDRAWAL_A_GAP_SHORT'}, {'CARD_WITHDRAWAL_D_GAP_MED'}, {'CARD_WITHDRAWAL_C_GAP_MED'}, {'DEPOSIT_D_GAP_MED'}]",0.08606700823550473,391,0.9183795055108729,0.9694829047753603,3600
"[{'PROFILE_REGION_HIGH_EDU', 'PROFILE_REGION_HIGH_CRIME'}, {'CARD_WITHDRAWAL_D_GAP_MED'}, {'CARD_WITHDRAWAL_D_GAP_MED'}, {'CARD_WITHDRAWAL_D_GAP_MED'}, {'CARD_WITHDRAWAL_D_GAP_SHORT'}, {'CARD_WITHDRAWAL_D_GAP_SHORT'}, {'CARD_WITHDRAWAL_D_GAP_MED'}, {'CARD_WITHDRAWAL_D_GAP_SHORT'}, {'CARD_WITHDRAWAL_D_GAP_SHORT'}]",0.0859516284615569,108,0.8990384615384615,0.9694829047753603,3600
"[{'DEPOSIT_D_GAP_LONG'}, {'DEPOSIT_D_GAP_LONG'}, {'DEPOSIT_D_GAP_SHORT'}, {'CARD_WITHDRAWAL_D_GAP_SHORT'}, {'CARD_WITHDRAWAL_D_GAP_MED'}, {'CARD_WITHDRAWAL_C_GAP_MED'}, {'DEPOSIT_D_GAP_MED'}, {'DEPOSIT_C_GAP_LONG'}]",0.0858881315621336,87,0.9186746987951807,0.9694829047753603,3600
"[{'CARD_WITHDRAWAL_D_GAP_LONG'}, {'CARD_WITHDRAWAL_D_GAP_LONG'}, {'CARD_WITHDRAWAL_D_GAP_MED'}, {'CARD_WITHDRAWAL_D_GAP_SHORT'}, {'CARD_WITHDRAWAL_B_GAP_MED'}, {'CARD_WITHDRAWAL_D_GAP_LONG'}, {'CARD_WITHDRAWAL_C_GAP_MED'}, {'CARD_WITHDRAWAL_D_GAP_LONG'}, {'CARD_WITHDRAWAL_C_GAP_MED'}]",0.08572671297067214,74,0.8921568627450981,0.9694829047753603,3600
"[{'DEPOSIT_A_GAP_SHORT'}, {'CARD_WITHDRAWAL_C_GAP_SHORT'}, {'CARD_WITHDRAWAL_B_GAP_MED'}, {'CARD_WITHDRAWAL_C_GAP_MED'}, {'CARD_WITHDRAWAL_B_GAP_LONG'}, {'CARD_WITHDRAWAL_B_GAP_LONG'}, {'CARD_WITHDRAWAL_C_GAP_MED'}, {'DEPOSIT_C_GAP_MED'}]",0.08508564140556762,30,0.9038461538461537,0.9694829047753603,3600
"[{'PROFILE_REGION_HIGH_EDU', 'PROFILE_REGION_LOW_CRIME', 'PROFILE_REGION_LOW_INCOME'}, {'DEPOSIT_A_GAP_SHORT'}, {'CARD_WITHDRAWAL_B_GAP_MED'}, {'CARD_WITHDRAWAL_D_GAP_SHORT'}, {'CARD_WITHDRAWAL_B_GAP_MED'}, {'CARD_WITHDRAWAL_A_GAP_SHORT'}, {'CARD_WITHDRAWAL_C_GAP_MED'}, {'CARD_WITHDRAWAL_A_GAP_SHORT'}]",0.08506284680379717,78,0.9178082191780822,0.9694829047753603,3600
"[{'PROFILE_REGION_LOW_EDU'}, {'CARD_WITHDRAWAL_B_GAP_SHORT'}, {'CARD_WITHDRAWAL_B_GAP_MED'}, {'CARD_WITHDRAWAL_C_GAP_MED'}, {'CARD_WITHDRAWAL_B_GAP_MED'}, {'CARD_WITHDRAWAL_B_GAP_LONG'}, {'CARD_WITHDRAWAL_B_GAP_MED'}, {'CARD_WITHDRAWAL_B_GAP_SHORT'}, {'CARD_WITHDRAWAL_B_GAP_LONG'}, {'CARD_WITHDRAWAL_B_GAP_MED'}]",0.08492877255331366,54,0.8679245283018868,0.9694829047753603,3600
"[{'CARD_WITHDRAWAL_D_GAP_MED'}, {'CARD_WITHDRAWAL_D_GAP_MED'}, {'CARD_WITHDRAWAL_B_GAP_MED'}, {'CARD_WITHDRAWAL_B_GAP_LONG'}, {'CARD_WITHDRAWAL_A_GAP_SHORT'}, {'CARD_WITHDRAWAL_C_GAP_MED'}, {'CARD_WITHDRAWAL_A_GAP_SHORT'}, {'CARD_WITHDRAWAL_D_GAP_MED'}, {'CARD_WITHDRAWAL_D_GAP_SHORT'}]",0.0843217742489607,158,0.9060402684563758,0.9694829047753603,3600
"[{'PROFILE_REGION_HIGH_EDU', 'PROFILE_REGION_HIGH_INCOME'}, {'DEPOSIT_A_GAP_SHORT'}, {'DEPOSIT_D_GAP_LONG'}, {'DEPOSIT_D_GAP_LONG'}, {'CARD_WITHDRAWAL_B_GAP_MED'}, {'DEPOSIT_D_GAP_SHORT'}, {'CARD_WITHDRAWAL_B_GAP_MED'}, {'CARD_WITHDRAWAL_D_GAP_SHORT'}]",0.08409625704822832,68,0.9166666666666666,0.9694829047753603,3600
"[{'DEPOSIT_D_GAP_LONG'}, {'CARD_WITHDRAWAL_D_GAP_LONG'}, {'CARD_WITHDRAWAL_A_GAP_SHORT'}, {'CARD_WITHDRAWAL_A_GAP_SHORT'}, {'CARD_WITHDRAWAL_A_GAP_SHORT'}, {'DEPOSIT_C_GAP_MED'}, {'CARD_WITHDRAWAL_C_GAP_MED'}, {'TRANSFER_B_GAP_MED'}, {'CARD_WITHDRAWAL_A_GAP_SHORT'}]",0.08403280812444147,39,0.8796296296296297,0.9694829047753603,3600
"[{'PROFILE_OLD_MALE'}, {'DEPOSIT_A_GAP_SHORT'}, {'CARD_WITHDRAWAL_C_GAP_MED'}, {'CARD_WITHDRAWAL_D_GAP_MED'}, {'CARD_WITHDRAWAL_A_GAP_SHORT'}, {'CARD_WITHDRAWAL_B_GAP_SHORT'}, {'CARD_WITHDRAWAL_C_GAP_MED'}, {'CARD_WITHDRAWAL_C_GAP_MED'}, {'CARD_WITHDRAWAL_D_GAP_MED'}, {'CARD_WITHDRAWAL_A_GAP_SHORT'}]",0.08360016831491779,88,0.8800705467372134,0.9694829047753603,3600
"[{'PROFILE_REGION_HIGH_EDU', 'PROFILE_REGION_HIGH_INCOME', 'PROFILE_REGION_HIGH_CRIME'}, {'DEPOSIT_A_GAP_SHORT'}, {'CARD_WITHDRAWAL_B_GAP_LONG'}, {'CARD_WITHDRAWAL_B_GAP_SHORT'}, {'CARD_WITHDRAWAL_A_GAP_SHORT'}, {'CARD_WITHDRAWAL_A_GAP_SHORT'}, {'CARD_WITHDRAWAL_B_GAP_LONG'}, {'CARD_WITHDRAWAL_B_GAP_MED'}, {'CARD_WITHDRAWAL_C_GAP_MED'}]",0.08355951212853274,65,0.890625,0.9694829047753603,3600
"[{'CARD_WITHDRAWAL_C_GAP_MED'}, {'CARD_WITHDRAWAL_B_GAP_MED'}, {'CARD_WITHDRAWAL_B_GAP_MED'}, {'CARD_WITHDRAWAL_A_GAP_SHORT'}, {'CARD_WITHDRAWAL_B_GAP_SHORT'}, {'CARD_WITHDRAWAL_D_GAP_MED'}, {'CARD_WITHDRAWAL_A_GAP_SHORT'}, {'CARD_WITHDRAWAL_A_GAP_SHORT'}, {'CARD_WITHDRAWAL_A_GAP_SHORT'}]",0.08346972758598903,305,0.9159322033898305,0.9694829047753603,3600
"[{'CARD_WITHDRAWAL_C_GAP_MED'}, {'CARD_WITHDRAWAL_B_GAP_MED'}, {'CARD_WITHDRAWAL_B_GAP_SHORT'}, {'CARD_WITHDRAWAL_B_GAP_MED'}, {'CARD_WITHDRAWAL_A_GAP_SHORT'}, {'CARD_WITHDRAWAL_C_GAP_SHORT'}, {'CARD_WITHDRAWAL_A_GAP_SHORT'}, {'CARD_WITHDRAWAL_A_GAP_SHORT'}, {'CARD_WITHDRAWAL_C_GAP_SHORT'}]",0.08303354651120232,139,0.9044776119402985,0.9694829047753603,3600
"[{'CARD_WITHDRAWAL_D_GAP_LONG'}, {'CARD_WITHDRAWAL_D_GAP_LONG'}, {'CARD_WITHDRAWAL_B_GAP_MED'}, {'CARD_WITHDRAWAL_B_GAP_SHORT'}, {'CARD_WITHDRAWAL_C_GAP_MED'}, {'CARD_WITHDRAWAL_B_GAP_SHORT'}, {'CARD_WITHDRAWAL_C_GAP_LONG'}, {'CARD_WITHDRAWAL_C_GAP_MED'}]",0.08290572247071082,76,0.918918918918919,0.9694829047753603,3600
"[{'PROFILE_OLD_FEMALE', 'PROFILE_REGION_HIGH_INCOME'}, {'DEPOSIT_A_GAP_SHORT'}, {'CARD_WITHDRAWAL_D_GAP_MED'}, {'CARD_WITHDRAWAL_B_GAP_MED'}, {'CARD_WITHDRAWAL_B_GAP_MED'}, {'CARD_WITHDRAWAL_B_GAP_MED'}, {'CARD_WITHDRAWAL_C_GAP_MED'}, {'CARD_WITHDRAWAL_B_GAP_MED'}, {'CARD_WITHDRAWAL_D_GAP_MED'}, {'CARD_WITHDRAWAL_C_GAP_MED'}]",0.08277004092434104,51,0.8673469387755102,0.9694829047753603,3600
"[{'PROFILE_OLD_MALE'}, {'DEPOSIT_A_GAP_SHORT'}, {'CARD_WITHDRAWAL_C_GAP_MED'}, {'CARD_WITHDRAWAL_C_GAP_LONG'}, {'CARD_WITHDRAWAL_B_GAP_MED'}, {'CARD_WITHDRAWAL_A_GAP_SHORT'}, {'CARD_WITHDRAWAL_D_GAP_MED'}, {'CARD_WITHDRAWAL_B_GAP_LONG'}]",0.0826605169401241,75,0.9189189189189189,0.9694829047753603,3600
"[{'PROFILE_REGION_HIGH_EDU'}, {'CARD_WITHDRAWAL_C_GAP_SHORT'}, {'CARD_WITHDRAWAL_A_GAP_SHORT'}, {'CARD_WITHDRAWAL_C_GAP_MED'}, {'CARD_WITHDRAWAL_A_GAP_SHORT'}, {'CARD_WITHDRAWAL_B_GAP_MED'}, {'CARD_WITHDRAWAL_D_GAP_MED'}, {'CARD_WITHDRAWAL_C_GAP_SHORT'}, {'CARD_WITHDRAWAL_A_GAP_SHORT'}, {'CARD_WITHDRAWAL_C_GAP_SHORT'}]",0.08240464200185793,40,0.8611111111111112,0.9694829047753603,3600
"[{'CARD_WITHDRAWAL_C_GAP_LONG'}, {'TRANSFER_B_GAP_SHORT'}, {'TRANSFER_B_GAP_SHORT'}, {'CARD_WITHDRAWAL_C_GAP_MED'}, {'TRANSFER_B_GAP_SHORT'}, {'CARD_WITHDRAWAL_C_GAP_SHORT'}, {'CARD_WITHDRAWAL_C_GAP_MED'}, {'TRANSFER_B_GAP_SHORT'}]",0.08206905726912639,54,0.9150326797385622,0.9694829047753603,3600
"[{'DEPOSIT_A_GAP_SHORT'}, {'CARD_WITHDRAWAL_D_GAP_MED'}, {'CARD_WITHDRAWAL_C_GAP_MED'}, {'CARD_WITHDRAWAL_D_GAP_MED'}, {'CARD_WITHDRAWAL_C_GAP_MED'}, {'CARD_WITHDRAWAL_A_GAP_SHORT'}, {'CARD_WITHDRAWAL_D_GAP_MED'}, {'CARD_WITHDRAWAL_D_GAP_MED'}, {'CARD_WITHDRAWAL_C_GAP_SHORT'}]",0.08206764921493848,190,0.9097142857142857,0.9694829047753603,3600
"[{'DEPOSIT_A_GAP_SHORT'}, {'CARD_WITHDRAWAL_D_GAP_LONG'}, {'CARD_WITHDRAWAL_C_GAP_MED'}, {'CARD_WITHDRAWAL_A_GAP_SHORT'}, {'CARD_WITHDRAWAL_A_GAP_SHORT'}, {'DEPOSIT_B_GAP_LONG'}, {'DEPOSIT_D_GAP_MED'}, {'DEPOSIT_D_GAP_MED'}, {'CARD_WITHDRAWAL_D_GAP_MED'}]",0.08110538887673424,35,0.8787878787878788,0.9694829047753603,3600
"[{'CARD_WITHDRAWAL_D_GAP_MED'}, {'CARD_WITHDRAWAL_D_GAP_SHORT'}, {'CARD_WITHDRAWAL_D_GAP_SHORT'}, {'CARD_WITHDRAWAL_D_GAP_SHORT'}, {'CARD_WITHDRAWAL_C_GAP_MED'}, {'CARD_WITHDRAWAL_C_GAP_MED'}, {'CARD_WITHDRAWAL_D_GAP_LONG'}, {'CARD_WITHDRAWAL_D_GAP_MED'}, {'CARD_WITHDRAWAL_C_GAP_MED'}]",0.08105366981587836,115,0.9021406727828746,0.9694829047753603,3600
"[{'PROFILE_REGION_HIGH_EDU'}, {'CARD_WITHDRAWAL_C_GAP_MED'}, {'CARD_WITHDRAWAL_D_GAP_SHORT'}, {'CARD_WITHDRAWAL_C_GAP_MED'}, {'CARD_WITHDRAWAL_B_GAP_SHORT'}, {'CARD_WITHDRAWAL_C_GAP_MED'}, {'CARD_WITHDRAWAL_C_GAP_MED'}, {'CARD_WITHDRAWAL_C_GAP_SHORT'}, {'CARD_WITHDRAWAL_A_GAP_SHORT'}]",0.0807749230207202,40,0.8819444444444444,0.9694829047753603,3600
"[{'CARD_WITHDRAWAL_C_GAP_MED'}, {'CARD_WITHDRAWAL_D_GAP_MED'}, {'CARD_WITHDRAWAL_D_GAP_MED'}, {'CARD_WITHDRAWAL_D_GAP_MED'}, {'CARD_WITHDRAWAL_D_GAP_SHORT'}, {'CARD_WITHDRAWAL_D_GAP_SHORT'}, {'CARD_WITHDRAWAL_A_GAP_SHORT'}, {'CARD_WITHDRAWAL_A_GAP_SHORT'}, {'CARD_WITHDRAWAL_D_GAP_MED'}, {'CARD_WITHDRAWAL_A_GAP_SHORT'}]",0.08052425842031041,217,0.8990147783251232,0.9694829047753603,3600
"[{'CARD_WITHDRAWAL_C_GAP_LONG'}, {'CARD_WITHDRAWAL_D_GAP_LONG'}, {'CARD_WITHDRAWAL_C_GAP_MED'}, {'CARD_WITHDRAWAL_C_GAP_SHORT'}, {'CARD_WITHDRAWAL_B_GAP_LONG'}, {'CARD_WITHDRAWAL_C_GAP_MED'}, {'CARD_WITHDRAWAL_D_GAP_MED'}, {'CARD_WITHDRAWAL_B_GAP_MED'}]",0.08001586839495523,61,0.9181818181818182,0.9694829047753603,3600
"[{'DEPOSIT_A_GAP_SHORT'}, {'CARD_WITHDRAWAL_D_GAP_MED'}, {'TRANSFER_IN_D_GAP_MED'}, {'CARD_WITHDRAWAL_C_GAP_SHORT'}, {'CARD_WITHDRAWAL_B_GAP_MED'}, {'CARD_WITHDRAWAL_A_GAP_SHORT'}, {'CARD_WITHDRAWAL_C_GAP_SHORT'}, {'CARD_WITHDRAWAL_C_GAP_MED'}, {'CARD_WITHDRAWAL_C_GAP_SHORT'}]",0.07993834402029987,34,0.8787878787878788,0.9694829047753603,3600
"[{'DEPOSIT_D_GAP_LONG'}, {'DEPOSIT_D_GAP_LONG'}, {'CARD_WITHDRAWAL_D_GAP_MED'}, {'CARD_WITHDRAWAL_D_GAP_SHORT'}, {'CARD_WITHDRAWAL_A_GAP_SHORT'}, {'DEPOSIT_D_GAP_LONG'}, {'CARD_WITHDRAWAL_A_GAP_SHORT'}, {'CARD_WITHDRAWAL_D_GAP_LONG'}, {'DEPOSIT_D_GAP_LONG'}]",0.0798201265122993,196,0.9109947643979057,0.9694829047753603,3600
"[{'CARD_WITHDRAWAL_D_GAP_MED'}, {'CARD_WITHDRAWAL_D_GAP_MED'}, {'CARD_WITHDRAWAL_D_GAP_MED'}, {'CARD_WITHDRAWAL_C_GAP_MED'}, {'CARD_WITHDRAWAL_C_GAP_MED'}, {'CARD_WITHDRAWAL_A_GAP_SHORT'}, {'CARD_WITHDRAWAL_D_GAP_MED'}, {'CARD_WITHDRAWAL_A_GAP_SHORT'}, {'CARD_WITHDRAWAL_A_GAP_SHORT'}, {'CARD_WITHDRAWAL_A_GAP_SHORT'}]",0.07972289039286873,390,0.9088219178082192,0.9694829047753603,3600
"[{'PROFILE_REGION_HIGH_EDU'}, {'CARD_WITHDRAWAL_D_GAP_MED'}, {'CARD_WITHDRAWAL_D_GAP_SHORT'}, {'CARD_WITHDRAWAL_D_GAP_SHORT'}, {'CARD_WITHDRAWAL_D_GAP_MED'}, {'CARD_WITHDRAWAL_D_GAP_MED'}, {'CARD_WITHDRAWAL_A_GAP_SHORT'}, {'CARD_WITHDRAWAL_D_GAP_MED'}, {'CARD_WITHDRAWAL_D_GAP_SHORT'}]",0.0796391061164815,160,0.9080206033848418,0.9694829047753603,3600
"[{'PROFILE_REGION_HIGH_EDU', 'PROFILE_OLD_FEMALE', 'PROFILE_REGION_LOW_CRIME', 'PROFILE_REGION_LOW_INCOME'}, {'CARD_WITHDRAWAL_C_GAP_MED'}, {'CARD_WITHDRAWAL_B_GAP_SHORT'}, {'CARD_WITHDRAWAL_C_GAP_MED'}, {'CARD_WITHDRAWAL_B_GAP_MED'}, {'CARD_WITHDRAWAL_C_GAP_MED'}, {'CARD_WITHDRAWAL_B_GAP_MED'}, {'CARD_WITHDRAWAL_C_GAP_MED'}, {'CARD_WITHDRAWAL_B_GAP_MED'}, {'CARD_WITHDRAWAL_A_GAP_SHORT'}]",0.07954179855224797,20,0.8421052631578947,0.9694829047753603,3600
"[{'PROFILE_REGION_HIGH_INCOME'}, {'DEPOSIT_D_GAP_LONG'}, {'DEPOSIT_D_GAP_MED'}, {'CARD_WITHDRAWAL_D_GAP_MED'}, {'DEPOSIT_D_GAP_LONG'}, {'CARD_WITHDRAWAL_D_GAP_LONG'}, {'CARD_WITHDRAWAL_A_GAP_SHORT'}, {'DEPOSIT_D_GAP_SHORT'}, {'CARD_WITHDRAWAL_D_GAP_SHORT'}, {'CARD_WITHDRAWAL_B_GAP_SHORT'}]",0.07936145980746068,64,0.8743169398907104,0.9694829047753603,3600
"[{'DEPOSIT_A_GAP_SHORT'}, {'CARD_WITHDRAWAL_D_GAP_LONG'}, {'CARD_WITHDRAWAL_D_GAP_LONG'}, {'CARD_WITHDRAWAL_C_GAP_MED'}, {'CARD_WITHDRAWAL_D_GAP_MED'}, {'CARD_WITHDRAWAL_C_GAP_MED'}, {'CARD_WITHDRAWAL_B_GAP_SHORT'}, {'CARD_WITHDRAWAL_D_GAP_SHORT'}, {'CARD_WITHDRAWAL_D_GAP_SHORT'}]",0.07924126146461674,114,0.9027522935779816,0.9694829047753603,3600
"[{'CARD_WITHDRAWAL_D_GAP_MED'}, {'CARD_WITHDRAWAL_D_GAP_SHORT'}, {'CARD_WITHDRAWAL_C_GAP_MED'}, {'CARD_WITHDRAWAL_D_GAP_MED'}, {'CARD_WITHDRAWAL_D_GAP_MED'}, {'CARD_WITHDRAWAL_D_GAP_SHORT'}, {'CARD_WITHDRAWAL_D_GAP_SHORT'}, {'CARD_WITHDRAWAL_D_GAP_SHORT'}, {'CARD_WITHDRAWAL_D_GAP_MED'}]",0.07865092308125743,203,0.9119318181818181,0.9694829047753603,3600
"[{'PROFILE_REGION_LOW_CRIME', 'PROFILE_REGION_LOW_INCOME'}, {'CARD_WITHDRAWAL_D_GAP_LONG'}, {'CARD_WITHDRAWAL_A_GAP_MED'}, {'CARD_WITHDRAWAL_A_GAP_SHORT'}, {'CARD_WITHDRAWAL_A_GAP_MED'}, {'CARD_WITHDRAWAL_A_GAP_LONG'}, {'CARD_WITHDRAWAL_C_GAP_MED'}, {'CARD_WITHDRAWAL_B_GAP_MED'}]",0.07860544370861733,35,0.9117647058823529,0.9694829047753603,3600
"[{'DEPOSIT_A_GAP_SHORT'}, {'CARD_WITHDRAWAL_C_GAP_LONG'}, {'CARD_WITHDRAWAL_A_GAP_SHORT'}, {'CARD_WITHDRAWAL_A_GAP_SHORT'}, {'CARD_WITHDRAWAL_C_GAP_SHORT'}, {'CARD_WITHDRAWAL_A_GAP_SHORT'}, {'CARD_WITHDRAWAL_C_GAP_MED'}, {'CARD_WITHDRAWAL_C_GAP_MED'}, {'CARD_WITHDRAWAL_C_GAP_MED'}]",0.07853627885168857,148,0.9072463768115943,0.9694829047753603,3600
"[{'PROFILE_REGION_HIGH_CRIME'}, {'CARD_WITHDRAWAL_D_GAP_MED'}, {'CARD_WITHDRAWAL_C_GAP_MED'}, {'CARD_WITHDRAWAL_C_GAP_MED'}, {'CARD_WITHDRAWAL_D_GAP_MED'}, {'CARD_WITHDRAWAL_D_GAP_MED'}, {'CARD_WITHDRAWAL_B_GAP_MED'}, {'CARD_WITHDRAWAL_D_GAP_LONG'}, {'CARD_WITHDRAWAL_D_GAP_MED'}]",0.07793377983620164,108,0.9024045261669025,0.9694829047753603,3600
"[{'CARD_WITHDRAWAL_C_GAP_MED'}, {'CARD_WITHDRAWAL_A_GAP_SHORT'}, {'CARD_WITHDRAWAL_B_GAP_MED'}, {'CARD_WITHDRAWAL_A_GAP_SHORT'}, {'CARD_WITHDRAWAL_B_GAP_SHORT'}, {'CARD_WITHDRAWAL_A_GAP_SHORT'}, {'CARD_WITHDRAWAL_A_GAP_SHORT'}, {'CARD_WITHDRAWAL_A_GAP_SHORT'}, {'CARD_WITHDRAWAL_C_GAP_MED'}, {'CARD_WITHDRAWAL_A_GAP_SHORT'}]",0.07768786407883099,393,0.9094488188976377,0.9694829047753603,3600
"[{'PROFILE_REGION_HIGH_EDU'}, {'TRANSFER_B_GAP_MED'}, {'TRANSFER_B_GAP_MED'}, {'CARD_WITHDRAWAL_C_GAP_MED'}, {'CARD_WITHDRAWAL_A_GAP_SHORT'}, {'CARD_WITHDRAWAL_B_GAP_MED'}, {'CARD_WITHDRAWAL_B_GAP_SHORT'}, {'TRANSFER_B_GAP_MED'}, {'TRANSFER_B_GAP_MED'}, {'TRANSFER_B_GAP_MED'}]",0.07734842897912741,96,0.8842105263157894,0.9694829047753603,3600
"[{'TRANSFER_C_GAP_LONG'}, {'CARD_WITHDRAWAL_C_GAP_MED'}, {'CARD_WITHDRAWAL_C_GAP_MED'}, {'TRANSFER_C_GAP_LONG'}, {'TRANSFER_C_GAP_LONG'}, {'TRANSFER_C_GAP_LONG'}, {'CARD_WITHDRAWAL_A_GAP_SHORT'}, {'TRANSFER_C_GAP_LONG'}]",0.07715944150913956,52,0.9183673469387755,0.9694829047753603,3600
"[{'PROFILE_REGION_LOW_EDU'}, {'CARD_WITHDRAWAL_B_GAP_LONG'}, {'CARD_WITHDRAWAL_C_GAP_LONG'}, {'CARD_WITHDRAWAL_B_GAP_SHORT'}, {'CARD_WITHDRAWAL_C_GAP_MED'}, {'CARD_WITHDRAWAL_D_GAP_SHORT'}, {'DEPOSIT_D_GAP_MED'}, {'CARD_WITHDRAWAL_B_GAP_MED'}]",0.07705966402121511,38,0.9142857142857143,0.9694829047753603,3600
"[{'DEPOSIT_D_GAP_LONG'}, {'CARD_WITHDRAWAL_A_GAP_SHORT'}, {'CARD_WITHDRAWAL_D_GAP_LONG'}, {'CARD_WITHDRAWAL_C_GAP_MED'}, {'CARD_WITHDRAWAL_D_GAP_MED'}, {'CARD_WITHDRAWAL_A_GAP_SHORT'}, {'CARD_WITHDRAWAL_D_GAP_MED'}, {'CARD_WITHDRAWAL_C_GAP_MED'}, {'CARD_WITHDRAWAL_A_GAP_SHORT'}]",0.07686432099715179,196,0.9120879120879122,0.9694829047753603,3600
"[{'PROFILE_REGION_HIGH_INCOME', 'PROFILE_REGION_HIGH_CRIME'}, {'DEPOSIT_A_GAP_SHORT'}, {'CARD_WITHDRAWAL_B_GAP_LONG'}, {'CARD_WITHDRAWAL_B_GAP_LONG'}, {'CARD_WITHDRAWAL_B_GAP_SHORT'}, {'CARD_WITHDRAWAL_A_GAP_SHORT'}, {'CARD_WITHDRAWAL_D_GAP_SHORT'}, {'CARD_WITHDRAWAL_B_GAP_LONG'}]",0.07685603390148688,51,0.9183673469387755,0.9694829047753603,3600
"[{'PROFILE_OLD_MALE'}, {'CARD_WITHDRAWAL_A_GAP_SHORT'}, {'CARD_WITHDRAWAL_D_GAP_MED'}, {'CARD_WITHDRAWAL_D_GAP_MED'}, {'CARD_WITHDRAWAL_D_GAP_MED'}, {'CARD_WITHDRAWAL_B_GAP_LONG'}, {'CARD_WITHDRAWAL_D_GAP_MED'}, {'CARD_WITHDRAWAL_A_GAP_SHORT'}, {'CARD_WITHDRAWAL_B_GAP_MED'}]",0.07685300186557553,133,0.90625,0.9694829047753603,3600
"[{'PROFILE_REGION_HIGH_CRIME'}, {'CARD_WITHDRAWAL_D_GAP_MED'}, {'CARD_WITHDRAWAL_A_GAP_SHORT'}, {'CARD_WITHDRAWAL_D_GAP_MED'}, {'CARD_WITHDRAWAL_C_GAP_MED'}, {'CARD_WITHDRAWAL_B_GAP_MED'}, {'CARD_WITHDRAWAL_D_GAP_SHORT'}, {'CARD_WITHDRAWAL_D_GAP_SHORT'}, {'CARD_WITHDRAWAL_D_GAP_MED'}, {'CARD_WITHDRAWAL_A_GAP_SHORT'}]",0.076756890057885,113,0.8878205128205129,0.9694829047753603,3600
"[{'DEPOSIT_A_GAP_SHORT'}, {'DEPOSIT_D_GAP_LONG'}, {'CARD_WITHDRAWAL_B_GAP_MED'}, {'DEPOSIT_D_GAP_MED'}, {'CARD_WITHDRAWAL_D_GAP_MED'}, {'CARD_WITHDRAWAL_C_GAP_MED'}, {'CARD_WITHDRAWAL_C_GAP_MED'}, {'CARD_WITHDRAWAL_C_GAP_MED'}, {'CARD_WITHDRAWAL_C_GAP_MED'}]",0.07663301938854783,194,0.9120271993200171,0.9694829047753603,3600
"[{'PROFILE_REGION_HIGH_EDU'}, {'DEPOSIT_A_GAP_SHORT'}, {'CARD_WITHDRAWAL_B_GAP_MED'}, {'CARD_WITHDRAWAL_C_GAP_MED'}, {'CARD_WITHDRAWAL_D_GAP_MED'}, {'CARD_WITHDRAWAL_D_GAP_MED'}, {'CARD_WITHDRAWAL_C_GAP_MED'}, {'CARD_WITHDRAWAL_B_GAP_SHORT'}, {'CARD_WITHDRAWAL_C_GAP_SHORT'}]",0.07651676023150611,74,0.8964285714285715,0.9694829047753603,3600
"[{'DEPOSIT_A_GAP_SHORT'}, {'CARD_WITHDRAWAL_C_GAP_MED'}, {'CARD_WITHDRAWAL_A_GAP_SHORT'}, {'CARD_WITHDRAWAL_A_GAP_SHORT'}, {'CARD_WITHDRAWAL_A_GAP_SHORT'}, {'CARD_WITHDRAWAL_C_GAP_SHORT'}, {'CARD_WITHDRAWAL_C_GAP_MED'}, {'CARD_WITHDRAWAL_C_GAP_SHORT'}, {'CARD_WITHDRAWAL_D_GAP_MED'}, {'CARD_WITHDRAWAL_A_GAP_SHORT'}]",0.07626282558643294,112,0.8878101402373246,0.9694829047753603,3600
"[{'PROFILE_REGION_LOW_CRIME'}, {'DEPOSIT_D_GAP_SHORT'}, {'CARD_WITHDRAWAL_A_GAP_SHORT'}, {'CARD_WITHDRAWAL_A_GAP_SHORT'}, {'CARD_WITHDRAWAL_C_GAP_SHORT'}, {'CARD_WITHDRAWAL_A_GAP_SHORT'}, {'CARD_WITHDRAWAL_D_GAP_MED'}, {'CARD_WITHDRAWAL_A_GAP_SHORT'}, {'CARD_WITHDRAWAL_A_GAP_SHORT'}]",0.07622475418626773,146,0.907960199004975,0.9694829047753603,3600
"[{'CARD_WITHDRAWAL_C_GAP_LONG'}, {'CARD_WITHDRAWAL_D_GAP_LONG'}, {'CARD_WITHDRAWAL_D_GAP_MED'}, {'CARD_WITHDRAWAL_D_GAP_MED'}, {'CARD_WITHDRAWAL_D_GAP_MED'}, {'CARD_WITHDRAWAL_D_GAP_MED'}, {'CARD_WITHDRAWAL_A_GAP_SHORT'}, {'CARD_WITHDRAWAL_D_GAP_MED'}, {'CARD_WITHDRAWAL_A_GAP_SHORT'}, {'CARD_WITHDRAWAL_D_GAP_SHORT'}]",0.0755489358837177,150,0.8937931034482758,0.9694829047753603,3600
"[{'CARD_WITHDRAWAL_D_GAP_MED'}, {'CARD_WITHDRAWAL_D_GAP_MED'}, {'CARD_WITHDRAWAL_D_GAP_MED'}, {'CARD_WITHDRAWAL_D_GAP_MED'}, {'CARD_WITHDRAWAL_D_GAP_SHORT'}, {'CARD_WITHDRAWAL_B_GAP_MED'}, {'CARD_WITHDRAWAL_C_GAP_MED'}, {'CARD_WITHDRAWAL_C_GAP_MED'}, {'CARD_WITHDRAWAL_D_GAP_MED'}, {'CARD_WITHDRAWAL_D_GAP_MED'}]",0.07447450576705328,198,0.8991935483870968,0.9694829047753603,3600
"[{'DEPOSIT_D_GAP_MED'}, {'DEPOSIT_D_GAP_MED'}, {'CARD_WITHDRAWAL_A_GAP_SHORT'}, {'DEPOSIT_D_GAP_SHORT'}, {'CARD_WITHDRAWAL_D_GAP_MED'}, {'DEPOSIT_D_GAP_MED'}, {'CARD_WITHDRAWAL_C_GAP_MED'}, {'DEPOSIT_D_GAP_SHORT'}, {'CARD_WITHDRAWAL_D_GAP_SHORT'}]",0.07446169057464647,206,0.9136904761904762,0.9694829047753603,3600
"[{'CARD_WITHDRAWAL_C_GAP_SHORT'}, {'CARD_WITHDRAWAL_C_GAP_MED'}, {'CARD_WITHDRAWAL_B_GAP_MED'}, {'CARD_WITHDRAWAL_C_GAP_MED'}, {'CARD_WITHDRAWAL_C_GAP_MED'}, {'CARD_WITHDRAWAL_B_GAP_MED'}, {'CARD_WITHDRAWAL_A_GAP_MED'}, {'TRANSFER_C_GAP_MED'}, {'CARD_WITHDRAWAL_A_GAP_MED'}]",0.07439182745658157,25,0.875,0.9694829047753603,3600
"[{'CARD_WITHDRAWAL_D_GAP_MED'}, {'CARD_WITHDRAWAL_C_GAP_MED'}, {'CARD_WITHDRAWAL_B_GAP_MED'}, {'CARD_WITHDRAWAL_A_GAP_SHORT'}, {'CARD_WITHDRAWAL_B_GAP_MED'}, {'CARD_WITHDRAWAL_C_GAP_LONG'}, {'CARD_WITHDRAWAL_B_GAP_MED'}, {'CARD_WITHDRAWAL_D_GAP_MED'}, {'CARD_WITHDRAWAL_A_GAP_SHORT'}]",0.0742127302497847,113,0.9047619047619048,0.9694829047753603,3600
"[{'DEPOSIT_D_GAP_LONG'}, {'CARD_WITHDRAWAL_D_GAP_MED'}, {'DEPOSIT_D_GAP_MED'}, {'DEPOSIT_D_GAP_SHORT'}, {'CARD_WITHDRAWAL_D_GAP_MED'}, {'CARD_WITHDRAWAL_D_GAP_MED'}, {'CARD_WITHDRAWAL_D_GAP_SHORT'}, {'CARD_WITHDRAWAL_D_GAP_SHORT'}, {'CARD_WITHDRAWAL_B_GAP_MED'}]",0.07391571924502438,243,0.9161442006269593,0.9694829047753603,3600
"[{'CARD_WITHDRAWAL_D_GAP_MED'}, {'CARD_WITHDRAWAL_A_GAP_SHORT'}, {'CARD_WITHDRAWAL_C_GAP_MED'}, {'CARD_WITHDRAWAL_A_GAP_SHORT'}, {'CARD_WITHDRAWAL_A_GAP_SHORT'}, {'CARD_WITHDRAWAL_A_GAP_SHORT'}, {'CARD_WITHDRAWAL_C_GAP_LONG'}, {'CARD_WITHDRAWAL_A_GAP_SHORT'}, {'CARD_WITHDRAWAL_A_GAP_SHORT'}, {'CARD_WITHDRAWAL_C_GAP_MED'}]",0.07291225441733928,250,0.9036226930963773,0.9694829047753603,3600
"[{'PROFILE_REGION_LOW_EDU'}, {'CARD_WITHDRAWAL_B_GAP_MED'}, {'CARD_WITHDRAWAL_B_GAP_MED'}, {'CARD_WITHDRAWAL_A_GAP_SHORT'}, {'CARD_WITHDRAWAL_A_GAP_SHORT'}, {'CARD_WITHDRAWAL_B_GAP_MED'}, {'CARD_WITHDRAWAL_A_GAP_SHORT'}, {'CARD_WITHDRAWAL_A_GAP_SHORT'}, {'CARD_WITHDRAWAL_C_GAP_LONG'}]",0.07279925476574478,291,0.9188811188811189,0.9694829047753603,3600
"[{'CARD_WITHDRAWAL_D_GAP_MED'}, {'CARD_WITHDRAWAL_D_GAP_MED'}, {'CARD_WITHDRAWAL_B_GAP_LONG'}, {'CARD_WITHDRAWAL_A_GAP_SHORT'}, {'CARD_WITHDRAWAL_D_GAP_MED'}, {'CARD_WITHDRAWAL_B_GAP_MED'}, {'CARD_WITHDRAWAL_D_GAP_MED'}, {'CARD_WITHDRAWAL_D_GAP_MED'}, {'CARD_WITHDRAWAL_D_GAP_MED'}]",0.0725872507381724,247,0.9168410041841004,0.9694829047753603,3600
"[{'PROFILE_REGION_HIGH_INCOME'}, {'DEPOSIT_D_GAP_SHORT'}, {'CARD_WITHDRAWAL_A_GAP_SHORT'}, {'DEPOSIT_D_GAP_SHORT'}, {'CARD_WITHDRAWAL_A_GAP_SHORT'}, {'CARD_WITHDRAWAL_D_GAP_MED'}, {'DEPOSIT_D_GAP_MED'}, {'CARD_WITHDRAWAL_A_GAP_SHORT'}, {'CARD_WITHDRAWAL_D_GAP_MED'}]",0.07222278395916804,222,0.9155536406721241,0.9694829047753603,3600
"[{'DEPOSIT_D_GAP_LONG'}, {'CARD_WITHDRAWAL_C_GAP_MED'}, {'CARD_WITHDRAWAL_D_GAP_MED'}, {'DEPOSIT_D_GAP_MED'}, {'CARD_WITHDRAWAL_C_GAP_SHORT'}, {'CARD_WITHDRAWAL_D_GAP_MED'}, {'CARD_WITHDRAWAL_C_GAP_MED'}, {'DEPOSIT_D_GAP_MED'}, {'CARD_WITHDRAWAL_C_GAP_MED'}]",0.07218003172420262,141,0.9090909090909091,0.9694829047753603,3600
"[{'PROFILE_REGION_HIGH_EDU'}, {'CARD_WITHDRAWAL_C_GAP_MED'}, {'CARD_WITHDRAWAL_D_GAP_MED'}, {'CARD_WITHDRAWAL_B_GAP_MED'}, {'CARD_WITHDRAWAL_C_GAP_SHORT'}, {'CARD_WITHDRAWAL_A_GAP_SHORT'}, {'CARD_WITHDRAWAL_C_GAP_MED'}, {'CARD_WITHDRAWAL_C_GAP_LONG'}, {'CARD_WITHDRAWAL_B_GAP_MED'}]",0.07212752270356493,60,0.8947368421052632,0.9694829047753603,3600
"[{'CARD_WITHDRAWAL_D_GAP_MED'}, {'CARD_WITHDRAWAL_C_GAP_SHORT'}, {'CARD_WITHDRAWAL_C_GAP_MED'}, {'CARD_WITHDRAWAL_C_GAP_MED'}, {'CARD_WITHDRAWAL_D_GAP_MED'}, {'CARD_WITHDRAWAL_D_GAP_MED'}, {'CARD_WITHDRAWAL_C_GAP_MED'}, {'CARD_WITHDRAWAL_D_GAP_MED'}, {'CARD_WITHDRAWAL_D_GAP_MED'}, {'CARD_WITHDRAWAL_D_GAP_MED'}]",0.07181918824696387,119,0.8905723905723906,0.9694829047753603,3600
"[{'PROFILE_OLD_MALE'}, {'DEPOSIT_A_GAP_SHORT'}, {'CARD_WITHDRAWAL_A_GAP_SHORT'}, {'CARD_WITHDRAWAL_D_GAP_MED'}, {'CARD_WITHDRAWAL_A_GAP_SHORT'}, {'CARD_WITHDRAWAL_A_GAP_SHORT'}, {'CARD_WITHDRAWAL_C_GAP_MED'}, {'CARD_WITHDRAWAL_A_GAP_SHORT'}, {'CARD_WITHDRAWAL_A_GAP_SHORT'}, {'CARD_WITHDRAWAL_A_GAP_SHORT'}]",0.0718002039013449,278,0.9056603773584906,0.9694829047753603,3600
"[{'CARD_WITHDRAWAL_D_GAP_MED'}, {'CARD_WITHDRAWAL_D_GAP_MED'}, {'CARD_WITHDRAWAL_A_GAP_SHORT'}, {'CARD_WITHDRAWAL_B_GAP_MED'}, {'CARD_WITHDRAWAL_D_GAP_MED'}, {'CARD_WITHDRAWAL_D_GAP_MED'}, {'CARD_WITHDRAWAL_D_GAP_LONG'}, {'CARD_WITHDRAWAL_D_GAP_MED'}, {'CARD_WITHDRAWAL_C_GAP_LONG'}, {'CARD_WITHDRAWAL_C_GAP_SHORT'}]",0.07152178326235237,44,0.868421052631579,0.9694829047753603,3600
"[{'DEPOSIT_B_GAP_SHORT'}, {'CARD_WITHDRAWAL_C_GAP_MED'}, {'TRANSFER_B_GAP_MED'}, {'TRANSFER_B_GAP_MED'}, {'TRANSFER_B_GAP_MED'}, {'TRANSFER_B_GAP_MED'}, {'CARD_WITHDRAWAL_C_GAP_MED'}, {'TRANSFER_B_GAP_MED'}, {'CARD_WITHDRAWAL_A_GAP_SHORT'}]",0.07115437601434615,72,0.8985507246376812,0.9694829047753603,3600
"[{'DEPOSIT_D_GAP_LONG'}, {'CARD_WITHDRAWAL_D_GAP_MED'}, {'DEPOSIT_D_GAP_LONG'}, {'CARD_WITHDRAWAL_D_GAP_MED'}, {'CARD_WITHDRAWAL_A_GAP_SHORT'}, {'CARD_WITHDRAWAL_C_GAP_SHORT'}, {'CARD_WITHDRAWAL_A_GAP_SHORT'}, {'CARD_WITHDRAWAL_D_GAP_SHORT'}, {'CARD_WITHDRAWAL_D_GAP_SHORT'}]",0.07112522035632463,194,0.9141304347826087,0.9694829047753603,3600
"[{'PROFILE_OLD_MALE'}, {'DEPOSIT_A_GAP_SHORT'}, {'CARD_WITHDRAWAL_C_GAP_MED'}, {'CARD_WITHDRAWAL_B_GAP_SHORT'}, {'CARD_WITHDRAWAL_C_GAP_MED'}, {'CARD_WITHDRAWAL_B_GAP_SHORT'}, {'CARD_WITHDRAWAL_A_GAP_SHORT'}, {'CARD_WITHDRAWAL_A_GAP_SHORT'}, {'CARD_WITHDRAWAL_A_GAP_SHORT'}]",0.07092909458773777,169,0.9122670807453417,0.9694829047753603,3600
"[{'PROFILE_REGION_HIGH_CRIME'}, {'CARD_WITHDRAWAL_D_GAP_MED'}, {'CARD_WITHDRAWAL_D_GAP_MED'}, {'CARD_WITHDRAWAL_D_GAP_MED'}, {'CARD_WITHDRAWAL_D_GAP_MED'}, {'CARD_WITHDRAWAL_C_GAP_MED'}, {'CARD_WITHDRAWAL_D_GAP_LONG'}, {'CARD_WITHDRAWAL_D_GAP_MED'}, {'CARD_WITHDRAWAL_D_GAP_MED'}, {'CARD_WITHDRAWAL_A_GAP_SHORT'}]",0.07077083662340888,146,0.8948529411764705,0.9694829047753603,3600
"[{'CARD_WITHDRAWAL_B_GAP_LONG'}, {'DEPOSIT_D_GAP_MED'}, {'CARD_WITHDRAWAL_A_GAP_SHORT'}, {'CARD_WITHDRAWAL_C_GAP_MED'}, {'CARD_WITHDRAWAL_C_GAP_MED'}, {'CARD_WITHDRAWAL_C_GAP_MED'}, {'CARD_WITHDRAWAL_A_GAP_SHORT'}, {'CARD_WITHDRAWAL_A_GAP_SHORT'}, {'CARD_WITHDRAWAL_C_GAP_LONG'}]",0.07038888967280876,98,0.9041666666666667,0.9694829047753603,3600
"[{'DEPOSIT_D_GAP_MED'}, {'CARD_WITHDRAWAL_B_GAP_MED'}, {'CARD_WITHDRAWAL_C_GAP_MED'}, {'CARD_WITHDRAWAL_B_GAP_MED'}, {'DEPOSIT_B_GAP_MED'}, {'CARD_WITHDRAWAL_C_GAP_MED'}, {'CARD_WITHDRAWAL_A_GAP_SHORT'}, {'CARD_WITHDRAWAL_C_GAP_MED'}, {'CARD_WITHDRAWAL_A_GAP_SHORT'}, {'CARD_WITHDRAWAL_C_GAP_MED'}]",0.0702092267051615,22,0.85,0.9694829047753603,3600
"[{'PROFILE_OLD_FEMALE'}, {'DEPOSIT_C_GAP_LONG'}, {'DEPOSIT_D_GAP_SHORT'}, {'CARD_WITHDRAWAL_B_GAP_MED'}, {'CARD_WITHDRAWAL_B_GAP_MED'}, {'CARD_WITHDRAWAL_A_GAP_SHORT'}, {'CARD_WITHDRAWAL_C_GAP_MED'}, {'CARD_WITHDRAWAL_C_GAP_MED'}, {'DEPOSIT_D_GAP_MED'}]",0.0700411125248972,37,0.8863636363636364,0.9694829047753603,3600
"[{'CARD_WITHDRAWAL_C_GAP_MED'}, {'CARD_WITHDRAWAL_C_GAP_MED'}, {'CARD_WITHDRAWAL_C_GAP_MED'}, {'CARD_WITHDRAWAL_D_GAP_SHORT'}, {'CARD_WITHDRAWAL_C_GAP_MED'}, {'DEPOSIT_D_GAP_MED'}, {'CARD_WITHDRAWAL_D_GAP_MED'}, {'CARD_WITHDRAWAL_C_GAP_MED'}, {'CARD_WITHDRAWAL_C_GAP_SHORT'}, {'CARD_WITHDRAWAL_C_GAP_SHORT'}]",0.06984879090432217,26,0.855072463768116,0.9694829047753603,3600
"[{'CARD_WITHDRAWAL_D_GAP_MED'}, {'CARD_WITHDRAWAL_D_GAP_SHORT'}, {'CARD_WITHDRAWAL_D_GAP_SHORT'}, {'CARD_WITHDRAWAL_D_GAP_SHORT'}, {'CARD_WITHDRAWAL_C_GAP_SHORT'}, {'CARD_WITHDRAWAL_B_GAP_MED'}, {'CARD_WITHDRAWAL_D_GAP_SHORT'}, {'CARD_WITHDRAWAL_D_GAP_SHORT'}, {'CARD_WITHDRAWAL_D_GAP_MED'}]",0.06979132031993751,92,0.9034090909090908,0.9694829047753603,3600
"[{'PROFILE_REGION_HIGH_EDU'}, {'DEPOSIT_A_GAP_SHORT'}, {'CARD_WITHDRAWAL_D_GAP_LONG'}, {'CARD_WITHDRAWAL_B_GAP_MED'}, {'CARD_WITHDRAWAL_C_GAP_MED'}, {'CARD_WITHDRAWAL_D_GAP_LONG'}, {'CARD_WITHDRAWAL_D_GAP_LONG'}, {'CARD_WITHDRAWAL_D_GAP_MED'}, {'CARD_WITHDRAWAL_D_GAP_LONG'}]",0.0696843596464446,75,0.9,0.9694829047753603,3600
"[{'DEPOSIT_A_GAP_SHORT'}, {'CARD_WITHDRAWAL_D_GAP_LONG'}, {'CARD_WITHDRAWAL_A_GAP_SHORT'}, {'CARD_WITHDRAWAL_C_GAP_MED'}, {'CARD_WITHDRAWAL_C_GAP_LONG'}, {'CARD_WITHDRAWAL_A_GAP_SHORT'}, {'CARD_WITHDRAWAL_A_GAP_SHORT'}, {'CARD_WITHDRAWAL_A_GAP_SHORT'}, {'CARD_WITHDRAWAL_A_GAP_SHORT'}, {'CARD_WITHDRAWAL_B_GAP_MED'}]",0.06924646338561802,212,0.9019607843137255,0.9694829047753603,3600
"[{'CARD_WITHDRAWAL_C_GAP_MED'}, {'CARD_WITHDRAWAL_D_GAP_MED'}, {'CARD_WITHDRAWAL_D_GAP_SHORT'}, {'CARD_WITHDRAWAL_B_GAP_MED'}, {'CARD_WITHDRAWAL_D_GAP_MED'}, {'TRANSFER_B_GAP_MED'}, {'CARD_WITHDRAWAL_D_GAP_SHORT'}, {'TRANSFER_B_GAP_MED'}, {'TRANSFER_B_GAP_MED'}]",0.06879634299899462,69,0.8989898989898989,0.9694829047753603,3600
"[{'DEPOSIT_D_GAP_LONG'}, {'DEPOSIT_D_GAP_MED'}, {'DEPOSIT_D_GAP_SHORT'}, {'DEPOSIT_D_GAP_MED'}, {'CARD_WITHDRAWAL_C_GAP_MED'}, {'CARD_WITHDRAWAL_D_GAP_MED'}, {'CARD_WITHDRAWAL_D_GAP_LONG'}, {'CARD_WITHDRAWAL_D_GAP_MED'}, {'CARD_WITHDRAWAL_A_GAP_SHORT'}]",0.06833315691113273,185,0.9145796064400715,0.9694829047753603,3600
"[{'CARD_WITHDRAWAL_C_GAP_MED'}, {'CARD_WITHDRAWAL_C_GAP_MED'}, {'CARD_WITHDRAWAL_C_GAP_MED'}, {'CARD_WITHDRAWAL_C_GAP_MED'}, {'CARD_WITHDRAWAL_C_GAP_SHORT'}, {'CARD_WITHDRAWAL_C_GAP_MED'}, {'CARD_WITHDRAWAL_A_GAP_SHORT'}, {'CARD_WITHDRAWAL_A_GAP_SHORT'}, {'DEPOSIT_D_GAP_MED'}]",0.06822275627847796,112,0.9072907290729073,0.9694829047753603,3600
"[{'PROFILE_REGION_HIGH_CRIME'}, {'DEPOSIT_C_GAP_LONG'}, {'DEPOSIT_D_GAP_LONG'}, {'CARD_WITHDRAWAL_D_GAP_LONG'}, {'DEPOSIT_D_GAP_MED'}, {'CARD_WITHDRAWAL_D_GAP_LONG'}, {'DEPOSIT_D_GAP_LONG'}, {'CARD_WITHDRAWAL_D_GAP_MED'}, {'CARD_WITHDRAWAL_D_GAP_LONG'}, {'DEPOSIT_D_GAP_MED'}]",0.06819999642976082,44,0.8699186991869918,0.9694829047753603,3600
"[{'PROFILE_OLD_FEMALE'}, {'DEPOSIT_A_GAP_SHORT'}, {'DEPOSIT_D_GAP_MED'}, {'CARD_WITHDRAWAL_C_GAP_LONG'}, {'CARD_WITHDRAWAL_B_GAP_LONG'}, {'DEPOSIT_D_GAP_MED'}, {'CARD_WITHDRAWAL_C_GAP_MED'}, {'DEPOSIT_C_GAP_MED'}, {'CARD_WITHDRAWAL_C_GAP_MED'}]",0.0680480321978123,26,0.88,0.9694829047753603,3600
"[{'PROFILE_OLD_FEMALE'}, {'TRANSFER_B_GAP_MED'}, {'TRANSFER_B_GAP_MED'}, {'CARD_WITHDRAWAL_B_GAP_MED'}, {'CARD_WITHDRAWAL_A_GAP_SHORT'}, {'TRANSFER_B_GAP_MED'}, {'CARD_WITHDRAWAL_C_GAP_MED'}, {'TRANSFER_B_GAP_MED'}, {'CARD_WITHDRAWAL_C_GAP_MED'}, {'TRANSFER_B_GAP_MED'}]",0.06798757301318403,69,0.8805970149253731,0.9694829047753603,3600
"[{'DEPOSIT_D_GAP_LONG'}, {'CARD_WITHDRAWAL_C_GAP_MED'}, {'CARD_WITHDRAWAL_C_GAP_MED'}, {'CARD_WITHDRAWAL_B_GAP_SHORT'}, {'CARD_WITHDRAWAL_B_GAP_SHORT'}, {'DEPOSIT_D_GAP_SHORT'}, {'CARD_WITHDRAWAL_B_GAP_MED'}, {'CARD_WITHDRAWAL_B_GAP_SHORT'}, {'CARD_WITHDRAWAL_B_GAP_SHORT'}, {'CARD_WITHDRAWAL_A_GAP_SHORT'}]",0.0679405258228507,54,0.875,0.9694829047753603,3600
"[{'PROFILE_OLD_MALE'}, {'CARD_WITHDRAWAL_D_GAP_MED'}, {'CARD_WITHDRAWAL_A_GAP_SHORT'}, {'CARD_WITHDRAWAL_A_GAP_SHORT'}, {'CARD_WITHDRAWAL_C_GAP_MED'}, {'CARD_WITHDRAWAL_C_GAP_MED'}, {'CARD_WITHDRAWAL_A_GAP_SHORT'}, {'CARD_WITHDRAWAL_A_GAP_SHORT'}, {'CARD_WITHDRAWAL_A_GAP_SHORT'}, {'CARD_WITHDRAWAL_A_GAP_SHORT'}]",0.06766577882606184,272,0.906494140625,0.9694829047753603,3600
"[{'PROFILE_OLD_FEMALE'}, {'CARD_WITHDRAWAL_C_GAP_MED'}, {'CARD_WITHDRAWAL_D_GAP_MED'}, {'CARD_WITHDRAWAL_B_GAP_LONG'}, {'CARD_WITHDRAWAL_D_GAP_MED'}, {'CARD_WITHDRAWAL_C_GAP_MED'}, {'CARD_WITHDRAWAL_D_GAP_SHORT'}, {'CARD_WITHDRAWAL_C_GAP_MED'}, {'CARD_WITHDRAWAL_C_GAP_SHORT'}, {'CARD_WITHDRAWAL_D_GAP_MED'}]",0.06764332252289607,21,0.85,0.9694829047753603,3600
"[{'DEPOSIT_D_GAP_LONG'}, {'CARD_WITHDRAWAL_A_GAP_SHORT'}, {'CARD_WITHDRAWAL_A_GAP_SHORT'}, {'CARD_WITHDRAWAL_D_GAP_MED'}, {'CARD_WITHDRAWAL_A_GAP_SHORT'}, {'CARD_WITHDRAWAL_A_GAP_SHORT'}, {'CARD_WITHDRAWAL_C_GAP_MED'}, {'CARD_WITHDRAWAL_C_GAP_MED'}, {'CARD_WITHDRAWAL_A_GAP_SHORT'}, {'CARD_WITHDRAWAL_C_GAP_MED'}]",0.06748186943518852,260,0.9058333333333333,0.9694829047753603,3600
"[{'PROFILE_REGION_LOW_EDU'}, {'CARD_WITHDRAWAL_D_GAP_MED'}, {'CARD_WITHDRAWAL_C_GAP_MED'}, {'CARD_WITHDRAWAL_C_GAP_MED'}, {'CARD_WITHDRAWAL_C_GAP_MED'}, {'CARD_WITHDRAWAL_B_GAP_MED'}, {'CARD_WITHDRAWAL_A_GAP_SHORT'}, {'CARD_WITHDRAWAL_A_GAP_SHORT'}, {'CARD_WITHDRAWAL_A_GAP_SHORT'}, {'CARD_WITHDRAWAL_B_GAP_MED'}]",0.06679146383807533,176,0.8995342648037258,0.9694829047753603,3600
"[{'CARD_WITHDRAWAL_D_GAP_LONG'}, {'DEPOSIT_D_GAP_MED'}, {'DEPOSIT_D_GAP_SHORT'}, {'CARD_WITHDRAWAL_A_GAP_SHORT'}, {'CARD_WITHDRAWAL_A_GAP_SHORT'}, {'DEPOSIT_D_GAP_SHORT'}, {'CARD_WITHDRAWAL_C_GAP_SHORT'}, {'CARD_WITHDRAWAL_A_GAP_SHORT'}, {'CARD_WITHDRAWAL_C_GAP_MED'}]",0.06677721729948516,116,0.9084905660377359,0.9694829047753603,3600
"[{'DEPOSIT_C_GAP_LONG'}, {'DEPOSIT_D_GAP_SHORT'}, {'DEPOSIT_D_GAP_SHORT'}, {'DEPOSIT_D_GAP_LONG'}, {'DEPOSIT_D_GAP_MED'}, {'CARD_WITHDRAWAL_C_GAP_LONG'}, {'CARD_WITHDRAWAL_A_GAP_SHORT'}, {'CARD_WITHDRAWAL_D_GAP_MED'}, {'DEPOSIT_D_GAP_LONG'}]",0.0667338438971532,38,0.888888888888889,0.9694829047753603,3600
"[{'PROFILE_REGION_HIGH_CRIME'}, {'CARD_WITHDRAWAL_D_GAP_MED'}, {'CARD_WITHDRAWAL_A_GAP_SHORT'}, {'CARD_WITHDRAWAL_B_GAP_MED'}, {'CARD_WITHDRAWAL_B_GAP_SHORT'}, {'CARD_WITHDRAWAL_D_GAP_MED'}, {'CARD_WITHDRAWAL_D_GAP_MED'}, {'CARD_WITHDRAWAL_A_GAP_SHORT'}, {'CARD_WITHDRAWAL_D_GAP_MED'}]",0.06614831726345394,216,0.9175166297117516,0.9694829047753603,3600
"[{'DEPOSIT_D_GAP_LONG'}, {'DEPOSIT_D_GAP_MED'}, {'DEPOSIT_D_GAP_MED'}, {'CARD_WITHDRAWAL_D_GAP_MED'}, {'DEPOSIT_D_GAP_MED'}, {'CARD_WITHDRAWAL_C_GAP_MED'}, {'DEPOSIT_D_GAP_SHORT'}, {'CARD_WITHDRAWAL_C_GAP_MED'}, {'CARD_WITHDRAWAL_D_GAP_MED'}, {'CARD_WITHDRAWAL_D_GAP_SHORT'}]",0.06600287018052342,187,0.9008379888268156,0.9694829047753603,3600
"[{'CARD_WITHDRAWAL_A_GAP_SHORT'}, {'CARD_WITHDRAWAL_C_GAP_MED'}, {'CARD_WITHDRAWAL_B_GAP_LONG'}, {'CARD_WITHDRAWAL_C_GAP_MED'}, {'CARD_WITHDRAWAL_C_GAP_MED'}, {'CARD_WITHDRAWAL_D_GAP_MED'}, {'CARD_WITHDRAWAL_D_GAP_MED'}, {'CARD_WITHDRAWAL_C_GAP_SHORT'}, {'CARD_WITHDRAWAL_C_GAP_MED'}, {'CARD_WITHDRAWAL_C_GAP_MED'}]",0.0658591250441054,26,0.8571428571428572,0.9694829047753603,3600
"[{'PROFILE_REGION_HIGH_INCOME', 'PROFILE_REGION_HIGH_CRIME'}, {'CARD_WITHDRAWAL_D_GAP_MED'}, {'CARD_WITHDRAWAL_D_GAP_MED'}, {'CARD_WITHDRAWAL_A_GAP_LONG'}, {'CARD_WITHDRAWAL_A_GAP_LONG'}, {'CARD_WITHDRAWAL_C_GAP_MED'}, {'CARD_WITHDRAWAL_A_GAP_LONG'}, {'CARD_WITHDRAWAL_A_GAP_MED'}, {'CARD_WITHDRAWAL_D_GAP_MED'}]",0.06563279243461417,97,0.90625,0.9694829047753603,3600
"[{'DEPOSIT_A_GAP_SHORT'}, {'CARD_WITHDRAWAL_C_GAP_MED'}, {'CARD_WITHDRAWAL_A_GAP_SHORT'}, {'CARD_WITHDRAWAL_A_GAP_SHORT'}, {'CARD_WITHDRAWAL_A_GAP_SHORT'}, {'CARD_WITHDRAWAL_A_GAP_SHORT'}, {'CARD_WITHDRAWAL_A_GAP_SHORT'}, {'CARD_WITHDRAWAL_D_GAP_SHORT'}, {'CARD_WITHDRAWAL_A_GAP_SHORT'}, {'CARD_WITHDRAWAL_A_GAP_SHORT'}]",0.06520393996189866,446,0.9144511149228131,0.9694829047753603,3600
"[{'DEPOSIT_D_GAP_MED'}, {'DEPOSIT_D_GAP_MED'}, {'DEPOSIT_D_GAP_SHORT'}, {'CARD_WITHDRAWAL_A_GAP_MED'}, {'CARD_WITHDRAWAL_C_GAP_MED'}, {'CARD_WITHDRAWAL_C_GAP_MED'}, {'CARD_WITHDRAWAL_C_GAP_SHORT'}, {'CARD_WITHDRAWAL_C_GAP_SHORT'}, {'CARD_WITHDRAWAL_C_GAP_MED'}]",0.06491195654975868,44,0.8928571428571429,0.9694829047753603,3600
"[{'PROFILE_REGION_HIGH_EDU'}, {'DEPOSIT_A_GAP_SHORT'}, {'CARD_WITHDRAWAL_D_GAP_LONG'}, {'DEPOSIT_D_GAP_MED'}, {'CARD_WITHDRAWAL_D_GAP_SHORT'}, {'CARD_WITHDRAWAL_A_GAP_SHORT'}, {'CARD_WITHDRAWAL_A_GAP_SHORT'}, {'CARD_WITHDRAWAL_A_GAP_SHORT'}, {'DEPOSIT_D_GAP_LONG'}, {'CARD_WITHDRAWAL_A_GAP_SHORT'}]",0.06405349584260112,111,0.8919902912621359,0.9694829047753603,3600
"[{'CARD_WITHDRAWAL_D_GAP_SHORT'}, {'CARD_WITHDRAWAL_D_GAP_SHORT'}, {'CARD_WITHDRAWAL_C_GAP_MED'}, {'CARD_WITHDRAWAL_D_GAP_MED'}, {'CARD_WITHDRAWAL_A_GAP_SHORT'}, {'CARD_WITHDRAWAL_D_GAP_MED'}, {'CARD_WITHDRAWAL_B_GAP_MED'}, {'CARD_WITHDRAWAL_A_GAP_SHORT'}, {'CARD_WITHDRAWAL_A_GAP_SHORT'}]",0.06405038875150759,221,0.918639053254438,0.9694829047753603,3600
"[{'TRANSFER_IN_D_GAP_LONG'}, {'TRANSFER_IN_D_GAP_LONG'}, {'TRANSFER_IN_D_GAP_LONG'}, {'TRANSFER_IN_D_GAP_LONG'}, {'TRANSFER_IN_D_GAP_LONG'}, {'CARD_WITHDRAWAL_D_GAP_MED'}, {'CARD_WITHDRAWAL_D_GAP_SHORT'}, {'TRANSFER_IN_D_GAP_MED'}, {'CARD_WITHDRAWAL_C_GAP_SHORT'}]",0.06392550976638611,50,0.8958333333333334,0.9694829047753603,3600
"[{'CARD_WITHDRAWAL_D_GAP_LONG'}, {'CARD_WITHDRAWAL_C_GAP_LONG'}, {'CARD_WITHDRAWAL_C_GAP_MED'}, {'CARD_WITHDRAWAL_D_GAP_MED'}, {'DEPOSIT_C_GAP_MED'}, {'CARD_WITHDRAWAL_D_GAP_MED'}, {'CARD_WITHDRAWAL_C_GAP_MED'}, {'CARD_WITHDRAWAL_A_GAP_SHORT'}, {'CARD_WITHDRAWAL_C_GAP_MED'}]",0.06388972453219932,38,0.890625,0.9694829047753603,3600
"[{'CARD_WITHDRAWAL_D_GAP_MED'}, {'CARD_WITHDRAWAL_C_GAP_MED'}, {'CARD_WITHDRAWAL_C_GAP_MED'}, {'CARD_WITHDRAWAL_C_GAP_MED'}, {'CARD_WITHDRAWAL_D_GAP_MED'}, {'CARD_WITHDRAWAL_A_GAP_SHORT'}, {'CARD_WITHDRAWAL_D_GAP_MED'}, {'CARD_WITHDRAWAL_D_GAP_MED'}, {'CARD_WITHDRAWAL_D_GAP_MED'}, {'CARD_WITHDRAWAL_C_GAP_SHORT'}]",0.063732680009287,120,0.8936017253774264,0.9694829047753603,3600
"[{'DEPOSIT_C_GAP_LONG'}, {'CARD_WITHDRAWAL_C_GAP_MED'}, {'CARD_WITHDRAWAL_A_GAP_SHORT'}, {'CARD_WITHDRAWAL_C_GAP_SHORT'}, {'CARD_WITHDRAWAL_A_GAP_SHORT'}, {'CARD_WITHDRAWAL_A_GAP_SHORT'}, {'CARD_WITHDRAWAL_A_GAP_SHORT'}, {'CARD_WITHDRAWAL_A_GAP_SHORT'}, {'CARD_WITHDRAWAL_A_GAP_SHORT'}]",0.06367831622419318,168,0.9151898734177216,0.9694829047753603,3600
"[{'DEPOSIT_A_GAP_SHORT'}, {'CARD_WITHDRAWAL_D_GAP_MED'}, {'CARD_WITHDRAWAL_D_GAP_MED'}, {'CARD_WITHDRAWAL_D_GAP_MED'}, {'CARD_WITHDRAWAL_D_GAP_MED'}, {'CARD_WITHDRAWAL_C_GAP_MED'}, {'CARD_WITHDRAWAL_C_GAP_MED'}, {'CARD_WITHDRAWAL_D_GAP_MED'}, {'CARD_WITHDRAWAL_B_GAP_MED'}, {'CARD_WITHDRAWAL_B_GAP_MED'}]",0.06358329989902711,239,0.9056534508076358,0.9694829047753603,3600
"[{'CARD_WITHDRAWAL_D_GAP_MED'}, {'CARD_WITHDRAWAL_D_GAP_MED'}, {'CARD_WITHDRAWAL_D_GAP_MED'}, {'CARD_WITHDRAWAL_D_GAP_SHORT'}, {'CARD_WITHDRAWAL_D_GAP_SHORT'}, {'CARD_WITHDRAWAL_D_GAP_MED'}, {'CARD_WITHDRAWAL_D_GAP_MED'}, {'CARD_WITHDRAWAL_D_GAP_MED'}, {'CARD_WITHDRAWAL_C_GAP_MED'}, {'CARD_WITHDRAWAL_D_GAP_MED'}]",0.06335089121017834,245,0.9061181434599157,0.9694829047753603,3600
"[{'DEPOSIT_D_GAP_MED'}, {'DEPOSIT_D_GAP_SHORT'}, {'CARD_WITHDRAWAL_D_GAP_MED'}, {'CARD_WITHDRAWAL_D_GAP_MED'}, {'DEPOSIT_D_GAP_SHORT'}, {'DEPOSIT_D_GAP_MED'}, {'CARD_WITHDRAWAL_C_GAP_MED'}, {'DEPOSIT_D_GAP_SHORT'}, {'CARD_WITHDRAWAL_D_GAP_MED'}, {'CARD_WITHDRAWAL_C_GAP_MED'}]",0.06322585560713523,132,0.8955672426746806,0.9694829047753603,3600
"[{'PROFILE_REGION_HIGH_CRIME'}, {'DEPOSIT_D_GAP_LONG'}, {'DEPOSIT_D_GAP_MED'}, {'DEPOSIT_D_GAP_MED'}, {'DEPOSIT_D_GAP_SHORT'}, {'CARD_WITHDRAWAL_C_GAP_MED'}, {'DEPOSIT_D_GAP_MED'}, {'CARD_WITHDRAWAL_A_GAP_LONG'}, {'DEPOSIT_D_GAP_MED'}, {'CARD_WITHDRAWAL_A_GAP_LONG'}]",0.06308294504580347,119,0.8936781609195402,0.9694829047753603,3600
"[{'DEPOSIT_D_GAP_LONG'}, {'DEPOSIT_D_GAP_LONG'}, {'CARD_WITHDRAWAL_C_GAP_LONG'}, {'DEPOSIT_D_GAP_MED'}, {'CARD_WITHDRAWAL_D_GAP_LONG'}, {'CARD_WITHDRAWAL_B_GAP_LONG'}, {'CARD_WITHDRAWAL_D_GAP_MED'}, {'CARD_WITHDRAWAL_C_GAP_MED'}, {'CARD_WITHDRAWAL_D_GAP_MED'}]",0.06290672513905371,78,0.9041095890410958,0.9694829047753603,3600
"[{'PROFILE_OLD_MALE'}, {'DEPOSIT_A_GAP_SHORT'}, {'CARD_WITHDRAWAL_C_GAP_SHORT'}, {'CARD_WITHDRAWAL_A_GAP_SHORT'}, {'CARD_WITHDRAWAL_A_GAP_SHORT'}, {'CARD_WITHDRAWAL_A_GAP_SHORT'}, {'CARD_WITHDRAWAL_B_GAP_MED'}, {'CARD_WITHDRAWAL_D_GAP_MED'}, {'CARD_WITHDRAWAL_A_GAP_SHORT'}]",0.0626152989036407,170,0.9158040027605245,0.9694829047753603,3600
"[{'CARD_WITHDRAWAL_D_GAP_MED'}, {'CARD_WITHDRAWAL_D_GAP_MED'}, {'CARD_WITHDRAWAL_C_GAP_MED'}, {'CARD_WITHDRAWAL_D_GAP_MED'}, {'DEPOSIT_D_GAP_MED'}, {'CARD_WITHDRAWAL_D_GAP_MED'}, {'DEPOSIT_D_GAP_MED'}, {'CARD_WITHDRAWAL_D_GAP_SHORT'}, {'CARD_WITHDRAWAL_C_GAP_LONG'}]",0.06249056150418453,162,0.9152073732718894,0.9694829047753603,3600
"[{'CARD_WITHDRAWAL_D_GAP_LONG'}, {'CARD_WITHDRAWAL_D_GAP_LONG'}, {'CARD_WITHDRAWAL_A_GAP_SHORT'}, {'CARD_WITHDRAWAL_D_GAP_MED'}, {'CARD_WITHDRAWAL_C_GAP_MED'}, {'CARD_WITHDRAWAL_C_GAP_MED'}, {'CARD_WITHDRAWAL_C_GAP_MED'}, {'CARD_WITHDRAWAL_C_GAP_SHORT'}, {'CARD_WITHDRAWAL_A_GAP_SHORT'}]",0.062367589379709765,175,0.9162971175166297,0.9694829047753603,3600
"[{'DEPOSIT_A_GAP_SHORT'}, {'DEPOSIT_D_GAP_SHORT'}, {'DEPOSIT_D_GAP_MED'}, {'CARD_WITHDRAWAL_A_GAP_SHORT'}, {'DEPOSIT_D_GAP_MED'}, {'CARD_WITHDRAWAL_C_GAP_LONG'}, {'CARD_WITHDRAWAL_A_GAP_SHORT'}, {'DEPOSIT_D_GAP_SHORT'}, {'CARD_WITHDRAWAL_B_GAP_MED'}]",0.0620645605774105,126,0.9118852459016393,0.9694829047753603,3600
"[{'PROFILE_REGION_HIGH_CRIME'}, {'CARD_WITHDRAWAL_D_GAP_SHORT'}, {'CARD_WITHDRAWAL_D_GAP_MED'}, {'CARD_WITHDRAWAL_D_GAP_SHORT'}, {'CARD_WITHDRAWAL_D_GAP_MED'}, {'CARD_WITHDRAWAL_D_GAP_SHORT'}, {'CARD_WITHDRAWAL_B_GAP_MED'}, {'CARD_WITHDRAWAL_D_GAP_SHORT'}, {'CARD_WITHDRAWAL_A_GAP_MED'}]",0.06179546454619389,62,0.9008620689655172,0.9694829047753603,3600
"[{'DEPOSIT_D_GAP_MED'}, {'CARD_WITHDRAWAL_D_GAP_SHORT'}, {'CARD_WITHDRAWAL_C_GAP_MED'}, {'CARD_WITHDRAWAL_C_GAP_MED'}, {'CARD_WITHDRAWAL_D_GAP_MED'}, {'DEPOSIT_D_GAP_SHORT'}, {'DEPOSIT_D_GAP_MED'}, {'CARD_WITHDRAWAL_D_GAP_MED'}, {'CARD_WITHDRAWAL_D_GAP_LONG'}, {'DEPOSIT_D_GAP_MED'}]",0.06171992198602927,89,0.8885017421602787,0.9694829047753603,3600
"[{'CARD_WITHDRAWAL_D_GAP_MED'}, {'DEPOSIT_D_GAP_SHORT'}, {'CARD_WITHDRAWAL_A_GAP_SHORT'}, {'DEPOSIT_D_GAP_SHORT'}, {'CARD_WITHDRAWAL_D_GAP_SHORT'}, {'DEPOSIT_D_GAP_SHORT'}, {'CARD_WITHDRAWAL_D_GAP_MED'}, {'CARD_WITHDRAWAL_A_GAP_SHORT'}, {'DEPOSIT_D_GAP_SHORT'}, {'CARD_WITHDRAWAL_B_GAP_MED'}]",0.06169153761635471,107,0.892156862745098,0.9694829047753603,3600
"[{'DEPOSIT_B_GAP_SHORT'}, {'CARD_WITHDRAWAL_D_GAP_MED'}, {'CARD_WITHDRAWAL_A_GAP_SHORT'}, {'CARD_WITHDRAWAL_D_GAP_MED'}, {'CARD_WITHDRAWAL_C_GAP_MED'}, {'CARD_WITHDRAWAL_C_GAP_MED'}, {'CARD_WITHDRAWAL_C_GAP_MED'}, {'CARD_WITHDRAWAL_D_GAP_MED'}, {'CARD_WITHDRAWAL_B_GAP_LONG'}]",0.06144558248217846,45,0.8953488372093023,0.9694829047753603,3600
"[{'PROFILE_REGION_HIGH_INCOME', 'PROFILE_REGION_HIGH_CRIME'}, {'DEPOSIT_A_GAP_SHORT'}, {'CARD_WITHDRAWAL_B_GAP_MED'}, {'CARD_WITHDRAWAL_C_GAP_MED'}, {'CARD_WITHDRAWAL_C_GAP_SHORT'}, {'CARD_WITHDRAWAL_C_GAP_MED'}, {'CARD_WITHDRAWAL_A_GAP_MED'}, {'CARD_WITHDRAWAL_C_GAP_MED'}, {'CARD_WITHDRAWAL_A_GAP_MED'}]",0.06144558248217824,45,0.8953488372093024,0.9694829047753603,3600
"[{'PROFILE_REGION_HIGH_INCOME'}, {'CARD_WITHDRAWAL_C_GAP_MED'}, {'CARD_WITHDRAWAL_D_GAP_MED'}, {'CARD_WITHDRAWAL_C_GAP_MED'}, {'TRANSFER_C_GAP_MED'}, {'CARD_WITHDRAWAL_C_GAP_MED'}, {'CARD_WITHDRAWAL_C_GAP_MED'}, {'TRANSFER_C_GAP_MED'}, {'CARD_WITHDRAWAL_D_GAP_MED'}]",0.060749416328839345,57,0.8999999999999999,0.9694829047753603,3600
"[{'PROFILE_REGION_LOW_CRIME'}, {'DEPOSIT_A_GAP_SHORT'}, {'DEPOSIT_D_GAP_MED'}, {'DEPOSIT_D_GAP_MED'}, {'CARD_WITHDRAWAL_C_GAP_MED'}, {'CARD_WITHDRAWAL_D_GAP_MED'}, {'CARD_WITHDRAWAL_C_GAP_MED'}, {'CARD_WITHDRAWAL_D_GAP_MED'}, {'CARD_WITHDRAWAL_D_GAP_MED'}]",0.06058075416923103,183,0.9176470588235295,0.9694829047753603,3600
"[{'CARD_WITHDRAWAL_D_GAP_MED'}, {'CARD_WITHDRAWAL_D_GAP_MED'}, {'CARD_WITHDRAWAL_D_GAP_SHORT'}, {'CARD_WITHDRAWAL_D_GAP_SHORT'}, {'CARD_WITHDRAWAL_A_GAP_SHORT'}, {'CARD_WITHDRAWAL_D_GAP_SHORT'}, {'CARD_WITHDRAWAL_C_GAP_LONG'}, {'CARD_WITHDRAWAL_D_GAP_SHORT'}, {'CARD_WITHDRAWAL_C_GAP_SHORT'}]",0.060441993303083086,70,0.9036458333333333,0.9694829047753603,3600
"[{'DEPOSIT_D_GAP_LONG'}, {'CARD_WITHDRAWAL_C_GAP_MED'}, {'CARD_WITHDRAWAL_D_GAP_MED'}, {'CARD_WITHDRAWAL_C_GAP_MED'}, {'CARD_WITHDRAWAL_C_GAP_MED'}, {'CARD_WITHDRAWAL_A_GAP_SHORT'}, {'DEPOSIT_D_GAP_MED'}, {'CARD_WITHDRAWAL_C_GAP_MED'}, {'CARD_WITHDRAWAL_D_GAP_MED'}, {'DEPOSIT_D_GAP_MED'}]",0.06011375953253273,143,0.8981173864894796,0.9694829047753603,3600
"[{'PROFILE_OLD_MALE'}, {'CARD_WITHDRAWAL_B_GAP_LONG'}, {'CARD_WITHDRAWAL_B_GAP_MED'}, {'CARD_WITHDRAWAL_B_GAP_SHORT'}, {'CARD_WITHDRAWAL_A_GAP_SHORT'}, {'CARD_WITHDRAWAL_B_GAP_MED'}, {'CARD_WITHDRAWAL_C_GAP_MED'}, {'CARD_WITHDRAWAL_B_GAP_SHORT'}, {'CARD_WITHDRAWAL_A_GAP_SHORT'}]",0.060097141658495,119,0.9119897959183674,0.9694829047753603,3600
"[{'CARD_WITHDRAWAL_C_GAP_MED'}, {'CARD_WITHDRAWAL_D_GAP_MED'}, {'CARD_WITHDRAWAL_D_GAP_MED'}, {'CARD_WITHDRAWAL_C_GAP_MED'}, {'CARD_WITHDRAWAL_C_GAP_MED'}, {'CARD_WITHDRAWAL_D_GAP_MED'}, {'CARD_WITHDRAWAL_D_GAP_MED'}, {'CARD_WITHDRAWAL_B_GAP_MED'}, {'CARD_WITHDRAWAL_A_GAP_SHORT'}]",0.05990132031277573,189,0.9183526011560694,0.9694829047753603,3600
"[{'DEPOSIT_A_GAP_SHORT'}, {'CARD_WITHDRAWAL_B_GAP_MED'}, {'CARD_WITHDRAWAL_A_GAP_SHORT'}, {'CARD_WITHDRAWAL_D_GAP_MED'}, {'CARD_WITHDRAWAL_B_GAP_MED'}, {'CARD_WITHDRAWAL_A_GAP_SHORT'}, {'CARD_WITHDRAWAL_D_GAP_LONG'}, {'CARD_WITHDRAWAL_A_GAP_SHORT'}, {'CARD_WITHDRAWAL_A_GAP_SHORT'}, {'CARD_WITHDRAWAL_A_GAP_SHORT'}]",0.059320714727778556,280,0.9093890938909389,0.9694829047753603,3600
"[{'TRANSFER_IN_D_GAP_LONG'}, {'TRANSFER_IN_D_GAP_MED'}, {'TRANSFER_IN_D_GAP_MED'}, {'TRANSFER_IN_D_GAP_MED'}, {'TRANSFER_IN_D_GAP_MED'}, {'TRANSFER_IN_D_GAP_MED'}, {'CARD_WITHDRAWAL_C_GAP_LONG'}, {'TRANSFER_IN_D_GAP_MED'}, {'CARD_WITHDRAWAL_D_GAP_MED'}]",0.059210486350115166,85,0.9074074074074073,0.9694829047753603,3600
"[{'PROFILE_OLD_FEMALE'}, {'CARD_WITHDRAWAL_D_GAP_MED'}, {'DEPOSIT_D_GAP_LONG'}, {'CARD_WITHDRAWAL_D_GAP_MED'}, {'DEPOSIT_D_GAP_MED'}, {'CARD_WITHDRAWAL_C_GAP_MED'}, {'CARD_WITHDRAWAL_C_GAP_MED'}, {'CARD_WITHDRAWAL_A_GAP_SHORT'}, {'CARD_WITHDRAWAL_C_GAP_LONG'}]",0.059165108529051436,60,0.9017857142857143,0.9694829047753603,3600
"[{'DEPOSIT_D_GAP_MED'}, {'DEPOSIT_D_GAP_MED'}, {'CARD_WITHDRAWAL_D_GAP_MED'}, {'DEPOSIT_D_GAP_MED'}, {'CARD_WITHDRAWAL_C_GAP_MED'}, {'CARD_WITHDRAWAL_B_GAP_LONG'}, {'CARD_WITHDRAWAL_B_GAP_SHORT'}, {'CARD_WITHDRAWAL_B_GAP_MED'}, {'CARD_WITHDRAWAL_B_GAP_MED'}, {'CARD_WITHDRAWAL_B_GAP_SHORT'}]",0.058463348385541236,115,0.8947368421052632,0.9694829047753603,3600
"[{'PROFILE_OLD_MALE', 'PROFILE_REGION_LOW_INCOME'}, {'DEPOSIT_A_GAP_SHORT'}, {'CARD_WITHDRAWAL_A_GAP_SHORT'}, {'CARD_WITHDRAWAL_A_GAP_SHORT'}, {'CARD_WITHDRAWAL_B_GAP_MED'}, {'CARD_WITHDRAWAL_A_GAP_SHORT'}, {'CARD_WITHDRAWAL_A_GAP_SHORT'}, {'CARD_WITHDRAWAL_A_GAP_SHORT'}, {'CARD_WITHDRAWAL_A_GAP_SHORT'}, {'CARD_WITHDRAWAL_B_GAP_MED'}]",0.05841255330598338,192,0.9037433155080214,0.9694829047753603,3600
"[{'DEPOSIT_D_GAP_MED'}, {'CARD_WITHDRAWAL_C_GAP_MED'}, {'CARD_WITHDRAWAL_C_GAP_MED'}, {'CARD_WITHDRAWAL_A_GAP_SHORT'}, {'CARD_WITHDRAWAL_D_GAP_SHORT'}, {'CARD_WITHDRAWAL_A_GAP_SHORT'}, {'DEPOSIT_D_GAP_SHORT'}, {'CARD_WITHDRAWAL_D_GAP_SHORT'}, {'CARD_WITHDRAWAL_A_GAP_SHORT'}]",0.058342479898691346,158,0.9167108753315649,0.9694829047753603,3600
"[{'CARD_WITHDRAWAL_D_GAP_MED'}, {'CARD_WITHDRAWAL_D_GAP_MED'}, {'CARD_WITHDRAWAL_C_GAP_MED'}, {'CARD_WITHDRAWAL_D_GAP_MED'}, {'CARD_WITHDRAWAL_C_GAP_SHORT'}, {'CARD_WITHDRAWAL_D_GAP_SHORT'}, {'CARD_WITHDRAWAL_D_GAP_MED'}, {'CARD_WITHDRAWAL_D_GAP_LONG'}, {'CARD_WITHDRAWAL_D_GAP_MED'}]",0.05804619504901165,119,0.9129793510324484,0.9694829047753603,3600
"[{'CARD_WITHDRAWAL_D_GAP_MED'}, {'CARD_WITHDRAWAL_D_GAP_MED'}, {'CARD_WITHDRAWAL_C_GAP_MED'}, {'CARD_WITHDRAWAL_D_GAP_MED'}, {'CARD_WITHDRAWAL_C_GAP_SHORT'}, {'CARD_WITHDRAWAL_D_GAP_SHORT'}, {'CARD_WITHDRAWAL_D_GAP_SHORT'}, {'CARD_WITHDRAWAL_C_GAP_MED'}, {'CARD_WITHDRAWAL_C_GAP_MED'}]",0.05796789624685739,109,0.9117647058823529,0.9694829047753603,3600
"[{'PROFILE_REGION_HIGH_INCOME'}, {'CARD_WITHDRAWAL_C_GAP_LONG'}, {'CARD_WITHDRAWAL_A_GAP_SHORT'}, {'CARD_WITHDRAWAL_B_GAP_SHORT'}, {'CARD_WITHDRAWAL_B_GAP_SHORT'}, {'CARD_WITHDRAWAL_A_GAP_SHORT'}, {'CARD_WITHDRAWAL_C_GAP_SHORT'}, {'CARD_WITHDRAWAL_A_GAP_SHORT'}, {'CARD_WITHDRAWAL_B_GAP_MED'}, {'CARD_WITHDRAWAL_A_GAP_SHORT'}]",0.057845247868302696,72,0.8857142857142858,0.9694829047753603,3600
"[{'PROFILE_REGION_HIGH_INCOME'}, {'CARD_WITHDRAWAL_D_GAP_SHORT'}, {'CARD_WITHDRAWAL_D_GAP_MED'}, {'CARD_WITHDRAWAL_A_GAP_SHORT'}, {'CARD_WITHDRAWAL_D_GAP_MED'}, {'CARD_WITHDRAWAL_A_GAP_SHORT'}, {'CARD_WITHDRAWAL_A_GAP_SHORT'}, {'CARD_WITHDRAWAL_D_GAP_MED'}, {'DEPOSIT_D_GAP_MED'}, {'CARD_WITHDRAWAL_D_GAP_LONG'}]",0.05774436248484138,135,0.8979328165374676,0.9694829047753603,3600
"[{'CARD_WITHDRAWAL_C_GAP_SHORT'}, {'CARD_WITHDRAWAL_A_GAP_SHORT'}, {'CARD_WITHDRAWAL_A_GAP_SHORT'}, {'CARD_WITHDRAWAL_B_GAP_MED'}, {'CARD_WITHDRAWAL_C_GAP_MED'}, {'CARD_WITHDRAWAL_A_GAP_SHORT'}, {'CARD_WITHDRAWAL_B_GAP_SHORT'}, {'CARD_WITHDRAWAL_D_GAP_MED'}, {'CARD_WITHDRAWAL_A_GAP_SHORT'}]",0.05761236959557081,136,0.9150390625,0.9694829047753603,3600
"[{'CARD_WITHDRAWAL_D_GAP_LONG'}, {'CARD_WITHDRAWAL_D_GAP_LONG'}, {'CARD_WITHDRAWAL_B_GAP_MED'}, {'CARD_WITHDRAWAL_C_GAP_MED'}, {'CARD_WITHDRAWAL_C_GAP_MED'}, {'CARD_WITHDRAWAL_C_GAP_MED'}, {'CARD_WITHDRAWAL_B_GAP_MED'}, {'CARD_WITHDRAWAL_B_GAP_MED'}, {'CARD_WITHDRAWAL_A_GAP_SHORT'}]",0.057538234871541194,188,0.9193047796399751,0.9694829047753603,3600
"[{'CARD_WITHDRAWAL_D_GAP_MED'}, {'CARD_WITHDRAWAL_C_GAP_SHORT'}, {'CARD_WITHDRAWAL_D_GAP_MED'}, {'CARD_WITHDRAWAL_D_GAP_MED'}, {'CARD_WITHDRAWAL_C_GAP_MED'}, {'CARD_WITHDRAWAL_D_GAP_MED'}, {'CARD_WITHDRAWAL_D_GAP_MED'}, {'CARD_WITHDRAWAL_C_GAP_MED'}, {'CARD_WITHDRAWAL_D_GAP_MED'}]",0.05739873802675477,163,0.9175455417066155,0.9694829047753603,3600
"[{'PROFILE_REGION_LOW_CRIME', 'PROFILE_REGION_LOW_INCOME'}, {'DEPOSIT_D_GAP_LONG'}, {'CARD_WITHDRAWAL_A_GAP_SHORT'}, {'CARD_WITHDRAWAL_A_GAP_SHORT'}, {'CARD_WITHDRAWAL_A_GAP_SHORT'}, {'CARD_WITHDRAWAL_C_GAP_MED'}, {'CARD_WITHDRAWAL_B_GAP_MED'}, {'CARD_WITHDRAWAL_B_GAP_MED'}, {'CARD_WITHDRAWAL_C_GAP_LONG'}]",0.056980396237608866,80,0.9076576576576576,0.9694829047753603,3600
"[{'CARD_WITHDRAWAL_D_GAP_MED'}, {'CARD_WITHDRAWAL_D_GAP_MED'}, {'CARD_WITHDRAWAL_D_GAP_MED'}, {'CARD_WITHDRAWAL_D_GAP_MED'}, {'CARD_WITHDRAWAL_B_GAP_LONG'}, {'CARD_WITHDRAWAL_D_GAP_MED'}, {'CARD_WITHDRAWAL_D_GAP_MED'}, {'CARD_WITHDRAWAL_D_GAP_MED'}, {'CARD_WITHDRAWAL_D_GAP_MED'}, {'CARD_WITHDRAWAL_D_GAP_MED'}]",0.05660909546161552,281,0.9102564102564102,0.9694829047753603,3600
"[{'CARD_WITHDRAWAL_D_GAP_MED'}, {'CARD_WITHDRAWAL_D_GAP_MED'}, {'CARD_WITHDRAWAL_D_GAP_MED'}, {'CARD_WITHDRAWAL_C_GAP_MED'}, {'CARD_WITHDRAWAL_B_GAP_MED'}, {'CARD_WITHDRAWAL_B_GAP_SHORT'}, {'CARD_WITHDRAWAL_B_GAP_MED'}, {'CARD_WITHDRAWAL_C_GAP_MED'}, {'CARD_WITHDRAWAL_D_GAP_LONG'}, {'CARD_WITHDRAWAL_A_GAP_SHORT'}]",0.05652365068462495,122,0.896551724137931,0.9694829047753603,3600
"[{'PROFILE_REGION_HIGH_INCOME', 'PROFILE_REGION_HIGH_CRIME'}, {'CARD_WITHDRAWAL_C_GAP_LONG'}, {'CARD_WITHDRAWAL_C_GAP_SHORT'}, {'CARD_WITHDRAWAL_A_GAP_SHORT'}, {'CARD_WITHDRAWAL_A_GAP_SHORT'}, {'CARD_WITHDRAWAL_A_GAP_SHORT'}, {'CARD_WITHDRAWAL_C_GAP_MED'}, {'CARD_WITHDRAWAL_A_GAP_SHORT'}, {'CARD_WITHDRAWAL_A_GAP_SHORT'}]",0.056306198589606504,164,0.9181208053691275,0.9694829047753603,3600
"[{'CARD_WITHDRAWAL_B_GAP_SHORT'}, {'CARD_WITHDRAWAL_B_GAP_MED'}, {'CARD_WITHDRAWAL_A_GAP_SHORT'}, {'CARD_WITHDRAWAL_B_GAP_MED'}, {'CARD_WITHDRAWAL_B_GAP_MED'}, {'DEPOSIT_D_GAP_LONG'}, {'CARD_WITHDRAWAL_B_GAP_MED'}, {'TRANSFER_B_GAP_SHORT'}, {'TRANSFER_B_GAP_SHORT'}]",0.05627002405670245,35,0.8939393939393939,0.9694829047753603,3600
"[{'DEPOSIT_A_GAP_SHORT'}, {'CARD_WITHDRAWAL_C_GAP_SHORT'}, {'CARD_WITHDRAWAL_A_GAP_SHORT'}, {'CARD_WITHDRAWAL_A_GAP_SHORT'}, {'CARD_WITHDRAWAL_A_GAP_SHORT'}, {'CARD_WITHDRAWAL_A_GAP_SHORT'}, {'CARD_WITHDRAWAL_A_GAP_SHORT'}, {'CARD_WITHDRAWAL_C_GAP_MED'}, {'CARD_WITHDRAWAL_A_GAP_SHORT'}, {'CARD_WITHDRAWAL_A_GAP_SHORT'}]",0.05624551828746949,407,0.9155955441302486,0.9694829047753603,3600
"[{'DEPOSIT_A_GAP_SHORT'}, {'CARD_WITHDRAWAL_B_GAP_MED'}, {'CARD_WITHDRAWAL_C_GAP_MED'}, {'CARD_WITHDRAWAL_C_GAP_MED'}, {'CARD_WITHDRAWAL_A_GAP_SHORT'}, {'CARD_WITHDRAWAL_B_GAP_SHORT'}, {'CARD_WITHDRAWAL_D_GAP_MED'}, {'CARD_WITHDRAWAL_A_GAP_SHORT'}, {'CARD_WITHDRAWAL_D_GAP_MED'}]",0.05621798292935587,165,0.9182389937106918,0.9694829047753603,3600
"[{'PROFILE_OLD_MALE'}, {'DEPOSIT_A_GAP_SHORT'}, {'CARD_WITHDRAWAL_C_GAP_MED'}, {'CARD_WITHDRAWAL_C_GAP_LONG'}, {'CARD_WITHDRAWAL_B_GAP_MED'}, {'CARD_WITHDRAWAL_A_GAP_SHORT'}, {'CARD_WITHDRAWAL_D_GAP_MED'}, {'CARD_WITHDRAWAL_A_GAP_SHORT'}, {'CARD_WITHDRAWAL_B_GAP_LONG'}]",0.05585077123655602,64,0.9047619047619048,0.9694829047753603,3600
"[{'PROFILE_REGION_HIGH_INCOME'}, {'CARD_WITHDRAWAL_B_GAP_MED'}, {'CARD_WITHDRAWAL_D_GAP_SHORT'}, {'CARD_WITHDRAWAL_D_GAP_MED'}, {'CARD_WITHDRAWAL_A_GAP_SHORT'}, {'CARD_WITHDRAWAL_A_GAP_SHORT'}, {'CARD_WITHDRAWAL_C_GAP_MED'}, {'CARD_WITHDRAWAL_A_GAP_SHORT'}, {'CARD_WITHDRAWAL_D_GAP_LONG'}]",0.055356617171336664,128,0.9153005464480874,0.9694829047753603,3600
"[{'DEPOSIT_A_GAP_SHORT'}, {'CARD_WITHDRAWAL_D_GAP_LONG'}, {'CARD_WITHDRAWAL_B_GAP_MED'}, {'CARD_WITHDRAWAL_A_GAP_SHORT'}, {'CARD_WITHDRAWAL_D_GAP_MED'}, {'CARD_WITHDRAWAL_A_GAP_SHORT'}, {'CARD_WITHDRAWAL_D_GAP_MED'}, {'CARD_WITHDRAWAL_C_GAP_SHORT'}, {'CARD_WITHDRAWAL_C_GAP_SHORT'}]",0.05525535492559319,109,0.9131313131313132,0.9694829047753603,3600
"[{'CARD_WITHDRAWAL_A_GAP_SHORT'}, {'CARD_WITHDRAWAL_B_GAP_MED'}, {'CARD_WITHDRAWAL_C_GAP_MED'}, {'CARD_WITHDRAWAL_D_GAP_MED'}, {'CARD_WITHDRAWAL_D_GAP_MED'}, {'CARD_WITHDRAWAL_A_GAP_SHORT'}, {'CARD_WITHDRAWAL_C_GAP_MED'}, {'CARD_WITHDRAWAL_D_GAP_MED'}, {'CARD_WITHDRAWAL_D_GAP_MED'}, {'CARD_WITHDRAWAL_A_GAP_SHORT'}]",0.05484082210754693,193,0.9050141242937854,0.9694829047753603,3600
"[{'CARD_WITHDRAWAL_D_GAP_LONG'}, {'CARD_WITHDRAWAL_D_GAP_MED'}, {'CARD_WITHDRAWAL_A_GAP_SHORT'}, {'CARD_WITHDRAWAL_D_GAP_MED'}, {'CARD_WITHDRAWAL_D_GAP_MED'}, {'CARD_WITHDRAWAL_C_GAP_MED'}, {'CARD_WITHDRAWAL_D_GAP_SHORT'}, {'CARD_WITHDRAWAL_D_GAP_MED'}, {'CARD_WITHDRAWAL_D_GAP_MED'}, {'CARD_WITHDRAWAL_D_GAP_MED'}]",0.05441646795748911,192,0.9050728277247615,0.9694829047753603,3600
"[{'CARD_WITHDRAWAL_C_GAP_MED'}, {'CARD_WITHDRAWAL_A_GAP_SHORT'}, {'CARD_WITHDRAWAL_A_GAP_SHORT'}, {'CARD_WITHDRAWAL_A_GAP_SHORT'}, {'CARD_WITHDRAWAL_C_GAP_SHORT'}, {'CARD_WITHDRAWAL_A_GAP_SHORT'}, {'CARD_WITHDRAWAL_A_GAP_SHORT'}, {'CARD_WITHDRAWAL_C_GAP_SHORT'}, {'CARD_WITHDRAWAL_A_GAP_SHORT'}, {'CARD_WITHDRAWAL_C_GAP_MED'}]",0.05413342090531292,165,0.9026845637583892,0.9694829047753603,3600
"[{'PROFILE_REGION_LOW_INCOME'}, {'CARD_WITHDRAWAL_D_GAP_MED'}, {'CARD_WITHDRAWAL_D_GAP_MED'}, {'CARD_WITHDRAWAL_B_GAP_LONG'}, {'CARD_WITHDRAWAL_D_GAP_MED'}, {'CARD_WITHDRAWAL_C_GAP_SHORT'}, {'CARD_WITHDRAWAL_C_GAP_MED'}, {'CARD_WITHDRAWAL_C_GAP_SHORT'}, {'CARD_WITHDRAWAL_D_GAP_MED'}, {'CARD_WITHDRAWAL_A_GAP_SHORT'}]",0.05386518156874365,37,0.8725490196078431,0.9694829047753603,3600
"[{'DEPOSIT_D_GAP_LONG'}, {'CARD_WITHDRAWAL_D_GAP_MED'}, {'CARD_WITHDRAWAL_D_GAP_MED'}, {'DEPOSIT_D_GAP_MED'}, {'CARD_WITHDRAWAL_D_GAP_MED'}, {'CARD_WITHDRAWAL_B_GAP_MED'}, {'DEPOSIT_D_GAP_SHORT'}, {'CARD_WITHDRAWAL_D_GAP_MED'}, {'CARD_WITHDRAWAL_D_GAP_MED'}, {'CARD_WITHDRAWAL_D_GAP_LONG'}]",0.05339645123837178,166,0.9030431705590942,0.9694829047753603,3600
"[{'PROFILE_REGION_HIGH_EDU'}, {'CARD_WITHDRAWAL_D_GAP_LONG'}, {'CARD_WITHDRAWAL_D_GAP_MED'}, {'CARD_WITHDRAWAL_D_GAP_SHORT'}, {'CARD_WITHDRAWAL_D_GAP_SHORT'}, {'CARD_WITHDRAWAL_D_GAP_MED'}, {'CARD_WITHDRAWAL_D_GAP_MED'}, {'CARD_WITHDRAWAL_D_GAP_SHORT'}, {'CARD_WITHDRAWAL_D_GAP_MED'}, {'CARD_WITHDRAWAL_D_GAP_SHORT'}]",0.053028054817371384,104,0.8949494949494948,0.9694829047753603,3600
"[{'CARD_WITHDRAWAL_C_GAP_MED'}, {'CARD_WITHDRAWAL_C_GAP_MED'}, {'CARD_WITHDRAWAL_A_GAP_SHORT'}, {'CARD_WITHDRAWAL_C_GAP_MED'}, {'CARD_WITHDRAWAL_A_GAP_SHORT'}, {'CARD_WITHDRAWAL_A_GAP_SHORT'}, {'CARD_WITHDRAWAL_B_GAP_MED'}, {'CARD_WITHDRAWAL_A_GAP_SHORT'}, {'CARD_WITHDRAWAL_A_GAP_SHORT'}, {'CARD_WITHDRAWAL_A_GAP_SHORT'}]",0.052811560091722054,453,0.9179497996203333,0.9694829047753603,3600
"[{'PROFILE_REGION_LOW_INCOME', 'PROFILE_OLD_MALE', 'PROFILE_REGION_LOW_EDU'}, {'CARD_WITHDRAWAL_C_GAP_MED'}, {'CARD_WITHDRAWAL_B_GAP_MED'}, {'CARD_WITHDRAWAL_B_GAP_SHORT'}, {'CARD_WITHDRAWAL_A_GAP_SHORT'}, {'CARD_WITHDRAWAL_A_GAP_SHORT'}, {'CARD_WITHDRAWAL_B_GAP_MED'}, {'CARD_WITHDRAWAL_B_GAP_SHORT'}, {'CARD_WITHDRAWAL_B_GAP_SHORT'}]",0.05269839159836742,29,0.8928571428571429,0.9694829047753603,3600
"[{'CARD_WITHDRAWAL_D_GAP_SHORT'}, {'CARD_WITHDRAWAL_B_GAP_MED'}, {'CARD_WITHDRAWAL_B_GAP_MED'}, {'CARD_WITHDRAWAL_A_GAP_SHORT'}, {'CARD_WITHDRAWAL_A_GAP_SHORT'}, {'CARD_WITHDRAWAL_B_GAP_SHORT'}, {'CARD_WITHDRAWAL_C_GAP_SHORT'}, {'CARD_WITHDRAWAL_A_GAP_SHORT'}, {'CARD_WITHDRAWAL_D_GAP_MED'}]",0.052612534347590945,103,0.9137115839243498,0.9694829047753603,3600
"[{'DEPOSIT_D_GAP_LONG'}, {'CARD_WITHDRAWAL_D_GAP_MED'}, {'CARD_WITHDRAWAL_C_GAP_MED'}, {'CARD_WITHDRAWAL_D_GAP_SHORT'}, {'CARD_WITHDRAWAL_C_GAP_MED'}, {'DEPOSIT_D_GAP_MED'}, {'CARD_WITHDRAWAL_D_GAP_MED'}, {'CARD_WITHDRAWAL_C_GAP_MED'}, {'DEPOSIT_D_GAP_SHORT'}]",0.052337967072437985,152,0.9190140845070423,0.9694829047753603,3600
"[{'DEPOSIT_A_GAP_SHORT'}, {'CARD_WITHDRAWAL_B_GAP_LONG'}, {'CARD_WITHDRAWAL_A_GAP_SHORT'}, {'CARD_WITHDRAWAL_A_GAP_SHORT'}, {'CARD_WITHDRAWAL_C_GAP_SHORT'}, {'CARD_WITHDRAWAL_B_GAP_SHORT'}, {'CARD_WITHDRAWAL_A_GAP_SHORT'}, {'CARD_WITHDRAWAL_A_GAP_SHORT'}, {'CARD_WITHDRAWAL_A_GAP_SHORT'}, {'CARD_WITHDRAWAL_A_GAP_SHORT'}]",0.05222105968419555,242,0.9093943729136862,0.9694829047753603,3600
"[{'PROFILE_REGION_LOW_EDU', 'PROFILE_REGION_HIGH_CRIME'}, {'CARD_WITHDRAWAL_C_GAP_MED'}, {'CARD_WITHDRAWAL_C_GAP_MED'}, {'CARD_WITHDRAWAL_A_GAP_SHORT'}, {'CARD_WITHDRAWAL_C_GAP_MED'}, {'DEPOSIT_C_GAP_MED'}, {'CARD_WITHDRAWAL_C_GAP_MED'}, {'CARD_WITHDRAWAL_C_GAP_MED'}, {'CARD_WITHDRAWAL_C_GAP_MED'}]",0.05093238972225633,25,0.891304347826087,0.9694829047753603,3600
"[{'PROFILE_REGION_HIGH_EDU'}, {'CARD_WITHDRAWAL_C_GAP_MED'}, {'CARD_WITHDRAWAL_D_GAP_MED'}, {'CARD_WITHDRAWAL_B_GAP_MED'}, {'CARD_WITHDRAWAL_C_GAP_MED'}, {'CARD_WITHDRAWAL_C_GAP_SHORT'}, {'CARD_WITHDRAWAL_B_GAP_SHORT'}, {'CARD_WITHDRAWAL_C_GAP_MED'}, {'CARD_WITHDRAWAL_C_GAP_MED'}]",0.05035214508122421,67,0.9087301587301588,0.9694829047753603,3600
"[{'DEPOSIT_A_GAP_SHORT'}, {'CARD_WITHDRAWAL_A_GAP_LONG'}, {'CARD_WITHDRAWAL_B_GAP_MED'}, {'CARD_WITHDRAWAL_C_GAP_MED'}, {'CARD_WITHDRAWAL_C_GAP_MED'}, {'CARD_WITHDRAWAL_C_GAP_MED'}, {'CARD_WITHDRAWAL_C_GAP_MED'}, {'CARD_WITHDRAWAL_D_GAP_MED'}, {'CARD_WITHDRAWAL_D_GAP_SHORT'}, {'CARD_WITHDRAWAL_A_GAP_LONG'}]",0.049976467418071824,43,0.8780487804878049,0.9694829047753603,3600
"[{'DEPOSIT_D_GAP_LONG'}, {'DEPOSIT_D_GAP_LONG'}, {'DEPOSIT_D_GAP_MED'}, {'CARD_WITHDRAWAL_D_GAP_LONG'}, {'DEPOSIT_D_GAP_LONG'}, {'CARD_WITHDRAWAL_D_GAP_MED'}, {'CARD_WITHDRAWAL_C_GAP_MED'}, {'CARD_WITHDRAWAL_D_GAP_MED'}, {'CARD_WITHDRAWAL_C_GAP_MED'}, {'CARD_WITHDRAWAL_B_GAP_MED'}]",0.049831271560559776,119,0.8986486486486486,0.9694829047753603,3600
"[{'PROFILE_REGION_LOW_INCOME'}, {'DEPOSIT_D_GAP_LONG'}, {'CARD_WITHDRAWAL_B_GAP_LONG'}, {'CARD_WITHDRAWAL_B_GAP_MED'}, {'CARD_WITHDRAWAL_D_GAP_MED'}, {'CARD_WITHDRAWAL_A_GAP_MED'}, {'CARD_WITHDRAWAL_A_GAP_LONG'}, {'CARD_WITHDRAWAL_C_GAP_MED'}, {'CARD_WITHDRAWAL_C_GAP_MED'}]",0.049692789098736645,44,0.9024390243902438,0.9694829047753603,3600
"[{'PROFILE_REGION_LOW_CRIME', 'PROFILE_REGION_LOW_INCOME'}, {'CARD_WITHDRAWAL_B_GAP_MED'}, {'CARD_WITHDRAWAL_B_GAP_MED'}, {'CARD_WITHDRAWAL_B_GAP_MED'}, {'CARD_WITHDRAWAL_B_GAP_MED'}, {'CARD_WITHDRAWAL_C_GAP_MED'}, {'CARD_WITHDRAWAL_C_GAP_MED'}, {'CARD_WITHDRAWAL_B_GAP_MED'}, {'CARD_WITHDRAWAL_A_GAP_SHORT'}, {'CARD_WITHDRAWAL_A_GAP_SHORT'}]",0.04968328910293507,122,0.8991452991452992,0.9694829047753603,3600
"[{'DEPOSIT_A_GAP_SHORT'}, {'CARD_WITHDRAWAL_B_GAP_MED'}, {'CARD_WITHDRAWAL_C_GAP_MED'}, {'CARD_WITHDRAWAL_B_GAP_MED'}, {'CARD_WITHDRAWAL_B_GAP_MED'}, {'CARD_WITHDRAWAL_B_GAP_MED'}, {'CARD_WITHDRAWAL_B_GAP_MED'}, {'CARD_WITHDRAWAL_A_GAP_SHORT'}, {'CARD_WITHDRAWAL_B_GAP_MED'}, {'TRANSFER_B_GAP_SHORT'}]",0.049422086558595923,144,0.9020979020979021,0.9694829047753603,3600
"[{'CARD_WITHDRAWAL_D_GAP_MED'}, {'CARD_WITHDRAWAL_D_GAP_MED'}, {'CARD_WITHDRAWAL_D_GAP_MED'}, {'CARD_WITHDRAWAL_B_GAP_SHORT'}, {'CARD_WITHDRAWAL_C_GAP_MED'}, {'CARD_WITHDRAWAL_B_GAP_MED'}, {'CARD_WITHDRAWAL_D_GAP_MED'}, {'CARD_WITHDRAWAL_D_GAP_MED'}, {'CARD_WITHDRAWAL_B_GAP_LONG'}, {'CARD_WITHDRAWAL_D_GAP_MED'}]",0.04938489100642207,80,0.8914473684210527,0.9694829047753603,3600
"[{'DEPOSIT_C_GAP_LONG'}, {'CARD_WITHDRAWAL_C_GAP_MED'}, {'CARD_WITHDRAWAL_C_GAP_MED'}, {'CARD_WITHDRAWAL_A_GAP_SHORT'}, {'CARD_WITHDRAWAL_A_GAP_SHORT'}, {'CARD_WITHDRAWAL_B_GAP_MED'}, {'CARD_WITHDRAWAL_A_GAP_SHORT'}, {'CARD_WITHDRAWAL_B_GAP_MED'}, {'CARD_WITHDRAWAL_A_GAP_SHORT'}, {'CARD_WITHDRAWAL_A_GAP_SHORT'}]",0.04920614072968754,151,0.9029720279720279,0.9694829047753603,3600
"[{'PROFILE_REGION_HIGH_EDU'}, {'DEPOSIT_A_GAP_SHORT'}, {'DEPOSIT_D_GAP_LONG'}, {'DEPOSIT_C_GAP_LONG'}, {'DEPOSIT_D_GAP_LONG'}, {'DEPOSIT_D_GAP_LONG'}, {'DEPOSIT_D_GAP_MED'}, {'CARD_WITHDRAWAL_D_GAP_LONG'}, {'CARD_WITHDRAWAL_B_GAP_LONG'}]",0.0489446856816137,37,0.8999999999999999,0.9694829047753603,3600
"[{'CARD_WITHDRAWAL_D_GAP_MED'}, {'CARD_WITHDRAWAL_A_GAP_LONG'}, {'CARD_WITHDRAWAL_D_GAP_MED'}, {'CARD_WITHDRAWAL_C_GAP_SHORT'}, {'CARD_WITHDRAWAL_D_GAP_MED'}, {'CARD_WITHDRAWAL_A_GAP_LONG'}, {'CARD_WITHDRAWAL_A_GAP_LONG'}, {'CARD_WITHDRAWAL_D_GAP_MED'}, {'CARD_WITHDRAWAL_B_GAP_LONG'}]",0.04870577154956668,81,0.9125,0.9694829047753603,3600
"[{'PROFILE_OLD_MALE'}, {'DEPOSIT_A_GAP_SHORT'}, {'DEPOSIT_C_GAP_MED'}, {'DEPOSIT_D_GAP_MED'}, {'CARD_WITHDRAWAL_C_GAP_MED'}, {'CARD_WITHDRAWAL_B_GAP_MED'}, {'CARD_WITHDRAWAL_B_GAP_MED'}, {'CARD_WITHDRAWAL_A_GAP_SHORT'}, {'CARD_WITHDRAWAL_A_GAP_SHORT'}]",0.04866767711679665,88,0.9136904761904763,0.9694829047753603,3600
"[{'DEPOSIT_D_GAP_LONG'}, {'DEPOSIT_D_GAP_LONG'}, {'DEPOSIT_D_GAP_LONG'}, {'CARD_WITHDRAWAL_C_GAP_MED'}, {'CARD_WITHDRAWAL_D_GAP_MED'}, {'CARD_WITHDRAWAL_C_GAP_MED'}, {'DEPOSIT_D_GAP_LONG'}, {'CARD_WITHDRAWAL_D_GAP_MED'}, {'DEPOSIT_D_GAP_LONG'}, {'CARD_WITHDRAWAL_C_GAP_MED'}]",0.04745194806859143,111,0.8983516483516484,0.9694829047753603,3600
"[{'CARD_WITHDRAWAL_D_GAP_MED'}, {'CARD_WITHDRAWAL_D_GAP_MED'}, {'CARD_WITHDRAWAL_D_GAP_MED'}, {'CARD_WITHDRAWAL_C_GAP_MED'}, {'CARD_WITHDRAWAL_A_GAP_SHORT'}, {'CARD_WITHDRAWAL_C_GAP_MED'}, {'CARD_WITHDRAWAL_C_GAP_MED'}, {'CARD_WITHDRAWAL_B_GAP_MED'}, {'CARD_WITHDRAWAL_A_GAP_SHORT'}, {'CARD_WITHDRAWAL_C_GAP_MED'}]",0.04719660506163237,211,0.9089912280701755,0.9694829047753603,3600
"[{'PROFILE_REGION_LOW_CRIME'}, {'DEPOSIT_A_GAP_SHORT'}, {'CARD_WITHDRAWAL_B_GAP_LONG'}, {'CARD_WITHDRAWAL_B_GAP_SHORT'}, {'CARD_WITHDRAWAL_C_GAP_SHORT'}, {'CARD_WITHDRAWAL_A_GAP_SHORT'}, {'CARD_WITHDRAWAL_B_GAP_MED'}, {'CARD_WITHDRAWAL_B_GAP_SHORT'}, {'CARD_WITHDRAWAL_A_GAP_SHORT'}]",0.047129114553313034,96,0.9157608695652173,0.9694829047753603,3600
"[{'PROFILE_REGION_LOW_CRIME'}, {'CARD_WITHDRAWAL_D_GAP_MED'}, {'CARD_WITHDRAWAL_D_GAP_MED'}, {'CARD_WITHDRAWAL_D_GAP_MED'}, {'CARD_WITHDRAWAL_A_GAP_SHORT'}, {'CARD_WITHDRAWAL_D_GAP_MED'}, {'CARD_WITHDRAWAL_D_GAP_SHORT'}, {'CARD_WITHDRAWAL_C_GAP_MED'}, {'CARD_WITHDRAWAL_C_GAP_MED'}, {'CARD_WITHDRAWAL_B_GAP_MED'}]",0.046988306947863046,118,0.8996138996138997,0.9694829047753603,3600
"[{'CARD_WITHDRAWAL_D_GAP_MED'}, {'CARD_WITHDRAWAL_D_GAP_MED'}, {'CARD_WITHDRAWAL_D_GAP_MED'}, {'CARD_WITHDRAWAL_D_GAP_MED'}, {'CARD_WITHDRAWAL_C_GAP_MED'}, {'CARD_WITHDRAWAL_D_GAP_MED'}, {'CARD_WITHDRAWAL_D_GAP_MED'}, {'CARD_WITHDRAWAL_D_GAP_MED'}, {'CARD_WITHDRAWAL_D_GAP_MED'}, {'CARD_WITHDRAWAL_D_GAP_MED'}]",0.046815593675648026,413,0.9184508816120907,0.9694829047753603,3600
"[{'PROFILE_REGION_LOW_EDU'}, {'CARD_WITHDRAWAL_D_GAP_MED'}, {'CARD_WITHDRAWAL_D_GAP_MED'}, {'CARD_WITHDRAWAL_D_GAP_MED'}, {'CARD_WITHDRAWAL_C_GAP_MED'}, {'CARD_WITHDRAWAL_C_GAP_SHORT'}, {'CARD_WITHDRAWAL_C_GAP_SHORT'}, {'CARD_WITHDRAWAL_B_GAP_MED'}, {'CARD_WITHDRAWAL_D_GAP_SHORT'}]",0.04649258346590368,100,0.9166666666666666,0.9694829047753603,3600
"[{'DEPOSIT_A_GAP_SHORT'}, {'DEPOSIT_D_GAP_LONG'}, {'CARD_WITHDRAWAL_D_GAP_MED'}, {'CARD_WITHDRAWAL_B_GAP_MED'}, {'CARD_WITHDRAWAL_A_GAP_SHORT'}, {'CARD_WITHDRAWAL_B_GAP_MED'}, {'CARD_WITHDRAWAL_A_GAP_SHORT'}, {'CARD_WITHDRAWAL_A_GAP_SHORT'}, {'CARD_WITHDRAWAL_C_GAP_MED'}, {'CARD_WITHDRAWAL_C_GAP_LONG'}]",0.046185969287117046,147,0.9036496350364964,0.9694829047753603,3600
"[{'DEPOSIT_D_GAP_MED'}, {'CARD_WITHDRAWAL_C_GAP_LONG'}, {'CARD_WITHDRAWAL_C_GAP_LONG'}, {'DEPOSIT_C_GAP_MED'}, {'DEPOSIT_D_GAP_MED'}, {'CARD_WITHDRAWAL_D_GAP_MED'}, {'CARD_WITHDRAWAL_B_GAP_MED'}, {'CARD_WITHDRAWAL_C_GAP_MED'}, {'CARD_WITHDRAWAL_B_GAP_MED'}, {'CARD_WITHDRAWAL_A_GAP_SHORT'}]",0.04614524436943923,20,0.8611111111111112,0.9694829047753603,3600
"[{'PROFILE_REGION_LOW_CRIME', 'PROFILE_REGION_LOW_INCOME'}, {'DEPOSIT_D_GAP_LONG'}, {'CARD_WITHDRAWAL_B_GAP_LONG'}, {'CARD_WITHDRAWAL_B_GAP_MED'}, {'CARD_WITHDRAWAL_D_GAP_MED'}, {'CARD_WITHDRAWAL_A_GAP_MED'}, {'CARD_WITHDRAWAL_A_GAP_LONG'}, {'CARD_WITHDRAWAL_C_GAP_MED'}, {'CARD_WITHDRAWAL_C_GAP_MED'}]",0.04551763311636803,32,0.9,0.9694829047753603,3600
"[{'CARD_WITHDRAWAL_D_GAP_LONG'}, {'CARD_WITHDRAWAL_C_GAP_SHORT'}, {'CARD_WITHDRAWAL_D_GAP_LONG'}, {'CARD_WITHDRAWAL_D_GAP_MED'}, {'CARD_WITHDRAWAL_C_GAP_MED'}, {'CARD_WITHDRAWAL_D_GAP_MED'}, {'CARD_WITHDRAWAL_D_GAP_MED'}, {'CARD_WITHDRAWAL_C_GAP_SHORT'}, {'CARD_WITHDRAWAL_D_GAP_MED'}]",0.04536989506824052,76,0.9136029411764706,0.9694829047753603,3600
"[{'PROFILE_REGION_LOW_EDU', 'PROFILE_REGION_HIGH_CRIME'}, {'DEPOSIT_A_GAP_SHORT'}, {'CARD_WITHDRAWAL_D_GAP_MED'}, {'CARD_WITHDRAWAL_C_GAP_MED'}, {'CARD_WITHDRAWAL_B_GAP_MED'}, {'CARD_WITHDRAWAL_C_GAP_MED'}, {'CARD_WITHDRAWAL_C_GAP_MED'}, {'CARD_WITHDRAWAL_C_GAP_MED'}, {'CARD_WITHDRAWAL_D_GAP_MED'}, {'CARD_WITHDRAWAL_A_GAP_LONG'}]",0.04499681530111155,39,0.8783783783783784,0.9694829047753603,3600
"[{'CARD_WITHDRAWAL_D_GAP_SHORT'}, {'CARD_WITHDRAWAL_D_GAP_MED'}, {'CARD_WITHDRAWAL_C_GAP_MED'}, {'CARD_WITHDRAWAL_C_GAP_MED'}, {'CARD_WITHDRAWAL_B_GAP_MED'}, {'CARD_WITHDRAWAL_C_GAP_MED'}, {'CARD_WITHDRAWAL_C_GAP_MED'}, {'CARD_WITHDRAWAL_C_GAP_MED'}, {'CARD_WITHDRAWAL_D_GAP_SHORT'}]",0.044874549766656946,114,0.9192660550458716,0.9694829047753603,3600
"[{'DEPOSIT_D_GAP_LONG'}, {'DEPOSIT_D_GAP_LONG'}, {'CARD_WITHDRAWAL_C_GAP_MED'}, {'DEPOSIT_D_GAP_MED'}, {'CARD_WITHDRAWAL_C_GAP_MED'}, {'DEPOSIT_D_GAP_MED'}, {'CARD_WITHDRAWAL_D_GAP_MED'}, {'DEPOSIT_D_GAP_MED'}, {'CARD_WITHDRAWAL_D_GAP_SHORT'}, {'DEPOSIT_D_GAP_MED'}]",0.04393197042939445,218,0.910598705501618,0.9694829047753603,3600
"[{'PROFILE_REGION_HIGH_EDU'}, {'DEPOSIT_A_GAP_SHORT'}, {'CARD_WITHDRAWAL_B_GAP_MED'}, {'CARD_WITHDRAWAL_A_GAP_SHORT'}, {'CARD_WITHDRAWAL_C_GAP_MED'}, {'CARD_WITHDRAWAL_C_GAP_SHORT'}, {'CARD_WITHDRAWAL_A_GAP_SHORT'}, {'CARD_WITHDRAWAL_A_GAP_SHORT'}, {'CARD_WITHDRAWAL_A_GAP_SHORT'}, {'CARD_WITHDRAWAL_A_GAP_SHORT'}]",0.043579246811599415,183,0.9080924855491329,0.9694829047753603,3600
"[{'PROFILE_REGION_LOW_CRIME'}, {'DEPOSIT_A_GAP_SHORT'}, {'CARD_WITHDRAWAL_D_GAP_MED'}, {'CARD_WITHDRAWAL_D_GAP_MED'}, {'CARD_WITHDRAWAL_D_GAP_MED'}, {'CARD_WITHDRAWAL_D_GAP_MED'}, {'CARD_WITHDRAWAL_B_GAP_SHORT'}, {'CARD_WITHDRAWAL_A_GAP_SHORT'}, {'CARD_WITHDRAWAL_B_GAP_LONG'}, {'CARD_WITHDRAWAL_A_GAP_SHORT'}]",0.04332332263495897,138,0.9037037037037038,0.9694829047753603,3600
"[{'CARD_WITHDRAWAL_C_GAP_MED'}, {'CARD_WITHDRAWAL_D_GAP_SHORT'}, {'CARD_WITHDRAWAL_D_GAP_SHORT'}, {'CARD_WITHDRAWAL_B_GAP_MED'}, {'CARD_WITHDRAWAL_A_GAP_SHORT'}, {'CARD_WITHDRAWAL_B_GAP_MED'}, {'CARD_WITHDRAWAL_A_GAP_SHORT'}, {'CARD_WITHDRAWAL_A_GAP_SHORT'}, {'CARD_WITHDRAWAL_A_GAP_SHORT'}, {'CARD_WITHDRAWAL_A_GAP_SHORT'}]",0.04321506589247959,195,0.9091891891891891,0.9694829047753603,3600
"[{'DEPOSIT_A_GAP_SHORT'}, {'CARD_WITHDRAWAL_D_GAP_MED'}, {'CARD_WITHDRAWAL_A_GAP_SHORT'}, {'CARD_WITHDRAWAL_B_GAP_MED'}, {'CARD_WITHDRAWAL_A_GAP_SHORT'}, {'CARD_WITHDRAWAL_A_GAP_SHORT'}, {'CARD_WITHDRAWAL_C_GAP_MED'}, {'CARD_WITHDRAWAL_A_GAP_SHORT'}, {'CARD_WITHDRAWAL_A_GAP_SHORT'}, {'CARD_WITHDRAWAL_B_GAP_LONG'}]",0.043203417874113414,291,0.9149350649350649,0.9694829047753603,3600
"[{'DEPOSIT_D_GAP_MED'}, {'CARD_WITHDRAWAL_B_GAP_MED'}, {'CARD_WITHDRAWAL_C_GAP_SHORT'}, {'CARD_WITHDRAWAL_C_GAP_MED'}, {'DEPOSIT_D_GAP_SHORT'}, {'CARD_WITHDRAWAL_A_GAP_SHORT'}, {'DEPOSIT_C_GAP_MED'}, {'CARD_WITHDRAWAL_C_GAP_MED'}, {'CARD_WITHDRAWAL_C_GAP_MED'}]",0.0418106157878666,27,0.9000000000000001,0.9694829047753603,3600
"[{'PROFILE_REGION_HIGH_EDU'}, {'DEPOSIT_D_GAP_LONG'}, {'DEPOSIT_D_GAP_MED'}, {'CARD_WITHDRAWAL_D_GAP_LONG'}, {'CARD_WITHDRAWAL_D_GAP_LONG'}, {'DEPOSIT_D_GAP_MED'}, {'CARD_WITHDRAWAL_C_GAP_SHORT'}, {'CARD_WITHDRAWAL_D_GAP_MED'}, {'CARD_WITHDRAWAL_C_GAP_MED'}, {'CARD_WITHDRAWAL_C_GAP_MED'}]",0.04173422704899177,66,0.8911290322580645,0.9694829047753603,3600
"[{'CARD_WITHDRAWAL_C_GAP_LONG'}, {'CARD_WITHDRAWAL_A_GAP_SHORT'}, {'CARD_WITHDRAWAL_A_GAP_SHORT'}, {'DEPOSIT_C_GAP_MED'}, {'CARD_WITHDRAWAL_A_GAP_SHORT'}, {'DEPOSIT_C_GAP_MED'}, {'CARD_WITHDRAWAL_A_GAP_SHORT'}, {'CARD_WITHDRAWAL_B_GAP_LONG'}, {'CARD_WITHDRAWAL_A_GAP_SHORT'}]",0.041553130246198,98,0.9192982456140351,0.9694829047753603,3600
"[{'CARD_WITHDRAWAL_A_GAP_SHORT'}, {'CARD_WITHDRAWAL_D_GAP_SHORT'}, {'DEPOSIT_D_GAP_MED'}, {'DEPOSIT_D_GAP_SHORT'}, {'CARD_WITHDRAWAL_D_GAP_LONG'}, {'CARD_WITHDRAWAL_A_GAP_SHORT'}, {'DEPOSIT_D_GAP_SHORT'}, {'CARD_WITHDRAWAL_C_GAP_MED'}, {'CARD_WITHDRAWAL_C_GAP_SHORT'}]",0.04146306385295995,55,0.9115646258503401,0.9694829047753603,3600
"[{'CARD_WITHDRAWAL_D_GAP_MED'}, {'CARD_WITHDRAWAL_D_GAP_MED'}, {'CARD_WITHDRAWAL_D_GAP_MED'}, {'CARD_WITHDRAWAL_D_GAP_MED'}, {'CARD_WITHDRAWAL_C_GAP_MED'}, {'CARD_WITHDRAWAL_D_GAP_MED'}, {'CARD_WITHDRAWAL_A_GAP_SHORT'}, {'CARD_WITHDRAWAL_D_GAP_MED'}, {'CARD_WITHDRAWAL_D_GAP_MED'}, {'CARD_WITHDRAWAL_D_GAP_MED'}]",0.0413596212399463,373,0.9187793427230047,0.9694829047753603,3600
"[{'DEPOSIT_D_GAP_LONG'}, {'DEPOSIT_D_GAP_LONG'}, {'CARD_WITHDRAWAL_D_GAP_MED'}, {'CARD_WITHDRAWAL_D_GAP_MED'}, {'CARD_WITHDRAWAL_C_GAP_MED'}, {'DEPOSIT_D_GAP_SHORT'}, {'DEPOSIT_D_GAP_MED'}, {'CARD_WITHDRAWAL_C_GAP_MED'}, {'CARD_WITHDRAWAL_C_GAP_SHORT'}, {'DEPOSIT_D_GAP_MED'}]",0.04046478084634453,126,0.9033356024506467,0.9694829047753603,3600
"[{'PROFILE_REGION_HIGH_INCOME'}, {'CARD_WITHDRAWAL_B_GAP_MED'}, {'CARD_WITHDRAWAL_C_GAP_MED'}, {'CARD_WITHDRAWAL_C_GAP_MED'}, {'CARD_WITHDRAWAL_C_GAP_MED'}, {'CARD_WITHDRAWAL_B_GAP_MED'}, {'CARD_WITHDRAWAL_C_GAP_MED'}, {'CARD_WITHDRAWAL_D_GAP_MED'}, {'CARD_WITHDRAWAL_B_GAP_MED'}, {'CARD_WITHDRAWAL_C_GAP_SHORT'}]",0.04005816091105552,40,0.8815789473684211,0.9694829047753603,3600
"[{'PROFILE_REGION_HIGH_EDU'}, {'DEPOSIT_A_GAP_SHORT'}, {'CARD_WITHDRAWAL_D_GAP_MED'}, {'CARD_WITHDRAWAL_D_GAP_MED'}, {'CARD_WITHDRAWAL_D_GAP_MED'}, {'CARD_WITHDRAWAL_B_GAP_MED'}, {'CARD_WITHDRAWAL_C_GAP_MED'}, {'CARD_WITHDRAWAL_C_GAP_MED'}, {'CARD_WITHDRAWAL_D_GAP_MED'}, {'CARD_WITHDRAWAL_B_GAP_MED'}]",0.03994623974900724,151,0.9064625850340136,0.9694829047753603,3600
"[{'PROFILE_REGION_HIGH_INCOME', 'PROFILE_OLD_MALE', 'PROFILE_REGION_HIGH_CRIME'}, {'CARD_WITHDRAWAL_B_GAP_MED'}, {'CARD_WITHDRAWAL_B_GAP_SHORT'}, {'CARD_WITHDRAWAL_B_GAP_MED'}, {'CARD_WITHDRAWAL_A_GAP_SHORT'}, {'CARD_WITHDRAWAL_B_GAP_MED'}, {'CARD_WITHDRAWAL_B_GAP_MED'}, {'CARD_WITHDRAWAL_C_GAP_MED'}, {'CARD_WITHDRAWAL_A_GAP_SHORT'}, {'CARD_WITHDRAWAL_C_GAP_MED'}]",0.0399211847812333,44,0.8837209302325582,0.9694829047753603,3600
"[{'DEPOSIT_D_GAP_LONG'}, {'DEPOSIT_D_GAP_SHORT'}, {'CARD_WITHDRAWAL_D_GAP_LONG'}, {'CARD_WITHDRAWAL_C_GAP_LONG'}, {'DEPOSIT_D_GAP_MED'}, {'CARD_WITHDRAWAL_D_GAP_LONG'}, {'CARD_WITHDRAWAL_C_GAP_MED'}, {'DEPOSIT_D_GAP_LONG'}, {'CARD_WITHDRAWAL_B_GAP_MED'}]",0.03980681925884322,52,0.9119318181818181,0.9694829047753603,3600
"[{'DEPOSIT_D_GAP_LONG'}, {'CARD_WITHDRAWAL_C_GAP_MED'}, {'CARD_WITHDRAWAL_A_GAP_SHORT'}, {'CARD_WITHDRAWAL_A_GAP_SHORT'}, {'DEPOSIT_D_GAP_MED'}, {'CARD_WITHDRAWAL_A_GAP_SHORT'}, {'DEPOSIT_C_GAP_MED'}, {'CARD_WITHDRAWAL_C_GAP_MED'}, {'CARD_WITHDRAWAL_B_GAP_MED'}, {'CARD_WITHDRAWAL_A_GAP_SHORT'}]",0.039374498545877046,81,0.8961038961038962,0.9694829047753603,3600
"[{'DEPOSIT_D_GAP_MED'}, {'DEPOSIT_D_GAP_LONG'}, {'CARD_WITHDRAWAL_D_GAP_SHORT'}, {'CARD_WITHDRAWAL_A_GAP_SHORT'}, {'CARD_WITHDRAWAL_C_GAP_MED'}, {'CARD_WITHDRAWAL_D_GAP_SHORT'}, {'DEPOSIT_D_GAP_MED'}, {'CARD_WITHDRAWAL_D_GAP_SHORT'}, {'CARD_WITHDRAWAL_A_GAP_SHORT'}, {'CARD_WITHDRAWAL_D_GAP_MED'}]",0.03937174267436383,145,0.9060457516339869,0.9694829047753603,3600
"[{'DEPOSIT_D_GAP_MED'}, {'CARD_WITHDRAWAL_D_GAP_MED'}, {'CARD_WITHDRAWAL_D_GAP_MED'}, {'DEPOSIT_D_GAP_SHORT'}, {'CARD_WITHDRAWAL_C_GAP_MED'}, {'CARD_WITHDRAWAL_C_GAP_MED'}, {'DEPOSIT_D_GAP_SHORT'}, {'DEPOSIT_D_GAP_SHORT'}, {'CARD_WITHDRAWAL_A_GAP_SHORT'}, {'CARD_WITHDRAWAL_C_GAP_MED'}]",0.039283391993725214,108,0.9012345679012346,0.9694829047753603,3600
"[{'PROFILE_OLD_MALE'}, {'CARD_WITHDRAWAL_D_GAP_LONG'}, {'CARD_WITHDRAWAL_D_GAP_MED'}, {'CARD_WITHDRAWAL_A_GAP_LONG'}, {'CARD_WITHDRAWAL_C_GAP_MED'}, {'CARD_WITHDRAWAL_A_GAP_LONG'}, {'CARD_WITHDRAWAL_A_GAP_LONG'}, {'CARD_WITHDRAWAL_C_GAP_MED'}, {'CARD_WITHDRAWAL_D_GAP_MED'}, {'CARD_WITHDRAWAL_D_GAP_MED'}]",0.03895683143878803,73,0.8943661971830985,0.9694829047753603,3600
"[{'DEPOSIT_A_GAP_SHORT'}, {'DEPOSIT_D_GAP_LONG'}, {'CARD_WITHDRAWAL_D_GAP_SHORT'}, {'CARD_WITHDRAWAL_D_GAP_MED'}, {'CARD_WITHDRAWAL_D_GAP_SHORT'}, {'CARD_WITHDRAWAL_D_GAP_MED'}, {'CARD_WITHDRAWAL_D_GAP_SHORT'}, {'DEPOSIT_D_GAP_MED'}, {'CARD_WITHDRAWAL_D_GAP_SHORT'}, {'CARD_WITHDRAWAL_D_GAP_SHORT'}]",0.038768218203957705,177,0.9093567251461988,0.9694829047753603,3600
"[{'CARD_WITHDRAWAL_B_GAP_LONG'}, {'CARD_WITHDRAWAL_B_GAP_MED'}, {'CARD_WITHDRAWAL_D_GAP_MED'}, {'CARD_WITHDRAWAL_C_GAP_SHORT'}, {'CARD_WITHDRAWAL_A_GAP_SHORT'}, {'DEPOSIT_D_GAP_MED'}, {'CARD_WITHDRAWAL_D_GAP_MED'}, {'CARD_WITHDRAWAL_B_GAP_MED'}, {'CARD_WITHDRAWAL_A_GAP_SHORT'}]",0.038677270642305195,82,0.9188596491228069,0.9694829047753603,3600
"[{'PROFILE_REGION_LOW_CRIME', 'PROFILE_REGION_LOW_INCOME'}, {'DEPOSIT_A_GAP_SHORT'}, {'CARD_WITHDRAWAL_B_GAP_MED'}, {'CARD_WITHDRAWAL_A_GAP_SHORT'}, {'CARD_WITHDRAWAL_B_GAP_SHORT'}, {'CARD_WITHDRAWAL_B_GAP_LONG'}, {'CARD_WITHDRAWAL_A_GAP_SHORT'}, {'CARD_WITHDRAWAL_C_GAP_LONG'}, {'CARD_WITHDRAWAL_B_GAP_LONG'}]",0.03833876648755308,68,0.9166666666666667,0.9694829047753603,3600
"[{'DEPOSIT_A_GAP_SHORT'}, {'CARD_WITHDRAWAL_D_GAP_MED'}, {'CARD_WITHDRAWAL_B_GAP_LONG'}, {'CARD_WITHDRAWAL_D_GAP_MED'}, {'CARD_WITHDRAWAL_D_GAP_MED'}, {'CARD_WITHDRAWAL_C_GAP_MED'}, {'CARD_WITHDRAWAL_C_GAP_SHORT'}, {'CARD_WITHDRAWAL_B_GAP_MED'}, {'CARD_WITHDRAWAL_B_GAP_LONG'}]",0.038055819694414406,67,0.9166666666666667,0.9694829047753603,3600
"[{'DEPOSIT_D_GAP_LONG'}, {'CARD_WITHDRAWAL_D_GAP_MED'}, {'CARD_WITHDRAWAL_A_GAP_SHORT'}, {'DEPOSIT_D_GAP_MED'}, {'DEPOSIT_D_GAP_SHORT'}, {'CARD_WITHDRAWAL_D_GAP_MED'}, {'CARD_WITHDRAWAL_D_GAP_MED'}, {'DEPOSIT_D_GAP_MED'}, {'CARD_WITHDRAWAL_D_GAP_MED'}, {'DEPOSIT_D_GAP_MED'}]",0.037874540565235204,318,0.91783940397351,0.9694829047753603,3600
"[{'PROFILE_REGION_HIGH_INCOME'}, {'CARD_WITHDRAWAL_D_GAP_MED'}, {'CARD_WITHDRAWAL_D_GAP_MED'}, {'CARD_WITHDRAWAL_C_GAP_MED'}, {'CARD_WITHDRAWAL_C_GAP_MED'}, {'CARD_WITHDRAWAL_C_GAP_MED'}, {'CARD_WITHDRAWAL_A_GAP_SHORT'}, {'CARD_WITHDRAWAL_D_GAP_MED'}, {'CARD_WITHDRAWAL_D_GAP_MED'}, {'CARD_WITHDRAWAL_D_GAP_MED'}]",0.03694575419138535,173,0.9097035040431267,0.9694829047753603,3600
"[{'PROFILE_REGION_HIGH_EDU'}, {'DEPOSIT_A_GAP_SHORT'}, {'DEPOSIT_D_GAP_LONG'}, {'CARD_WITHDRAWAL_A_GAP_LONG'}, {'DEPOSIT_D_GAP_MED'}, {'CARD_WITHDRAWAL_B_GAP_MED'}, {'TRANSFER_B_GAP_SHORT'}, {'DEPOSIT_D_GAP_MED'}, {'TRANSFER_B_GAP_SHORT'}]",0.03678193331702173,48,0.9130434782608695,0.9694829047753603,3600
"[{'PROFILE_REGION_HIGH_EDU'}, {'DEPOSIT_A_GAP_SHORT'}, {'CARD_WITHDRAWAL_D_GAP_MED'}, {'CARD_WITHDRAWAL_B_GAP_MED'}, {'CARD_WITHDRAWAL_D_GAP_SHORT'}, {'CARD_WITHDRAWAL_C_GAP_SHORT'}, {'CARD_WITHDRAWAL_C_GAP_SHORT'}, {'CARD_WITHDRAWAL_B_GAP_SHORT'}, {'CARD_WITHDRAWAL_C_GAP_SHORT'}]",0.0367235289858483,47,0.9127906976744186,0.9694829047753603,3600
"[{'DEPOSIT_A_GAP_SHORT'}, {'CARD_WITHDRAWAL_D_GAP_MED'}, {'CARD_WITHDRAWAL_C_GAP_MED'}, {'CARD_WITHDRAWAL_D_GAP_MED'}, {'CARD_WITHDRAWAL_D_GAP_MED'}, {'CARD_WITHDRAWAL_D_GAP_MED'}, {'CARD_WITHDRAWAL_D_GAP_MED'}, {'CARD_WITHDRAWAL_D_GAP_MED'}, {'CARD_WITHDRAWAL_D_GAP_MED'}, {'CARD_WITHDRAWAL_D_GAP_SHORT'}]",0.036648334298593155,301,0.9175317185697809,0.9694829047753603,3600
"[{'PROFILE_REGION_HIGH_EDU', 'PROFILE_REGION_HIGH_CRIME'}, {'DEPOSIT_A_GAP_SHORT'}, {'CARD_WITHDRAWAL_C_GAP_MED'}, {'CARD_WITHDRAWAL_A_GAP_SHORT'}, {'CARD_WITHDRAWAL_D_GAP_LONG'}, {'CARD_WITHDRAWAL_A_GAP_SHORT'}, {'CARD_WITHDRAWAL_B_GAP_MED'}, {'CARD_WITHDRAWAL_A_GAP_SHORT'}, {'CARD_WITHDRAWAL_A_GAP_SHORT'}, {'CARD_WITHDRAWAL_D_GAP_LONG'}]",0.03630227772328054,65,0.8934426229508197,0.9694829047753603,3600
"[{'DEPOSIT_D_GAP_MED'}, {'CARD_WITHDRAWAL_D_GAP_SHORT'}, {'CARD_WITHDRAWAL_D_GAP_LONG'}, {'CARD_WITHDRAWAL_B_GAP_MED'}, {'CARD_WITHDRAWAL_B_GAP_MED'}, {'CARD_WITHDRAWAL_B_GAP_SHORT'}, {'DEPOSIT_D_GAP_MED'}, {'CARD_WITHDRAWAL_C_GAP_MED'}, {'CARD_WITHDRAWAL_B_GAP_SHORT'}]",0.03571163097965513,59,0.9166666666666667,0.9694829047753603,3600
"[{'PROFILE_REGION_HIGH_INCOME', 'PROFILE_REGION_HIGH_CRIME'}, {'DEPOSIT_C_GAP_MED'}, {'CARD_WITHDRAWAL_C_GAP_MED'}, {'CARD_WITHDRAWAL_C_GAP_MED'}, {'DEPOSIT_D_GAP_MED'}, {'CARD_WITHDRAWAL_B_GAP_MED'}, {'CARD_WITHDRAWAL_C_GAP_MED'}, {'DEPOSIT_D_GAP_MED'}, {'DEPOSIT_C_GAP_MED'}]",0.03544434627764903,34,0.9090909090909091,0.9694829047753603,3600
"[{'DEPOSIT_A_GAP_SHORT'}, {'CARD_WITHDRAWAL_D_GAP_LONG'}, {'CARD_WITHDRAWAL_D_GAP_LONG'}, {'CARD_WITHDRAWAL_D_GAP_MED'}, {'CARD_WITHDRAWAL_D_GAP_MED'}, {'CARD_WITHDRAWAL_C_GAP_MED'}, {'CARD_WITHDRAWAL_B_GAP_MED'}, {'CARD_WITHDRAWAL_D_GAP_MED'}, {'CARD_WITHDRAWAL_C_GAP_MED'}, {'CARD_WITHDRAWAL_D_GAP_MED'}]",0.03538576023819806,213,0.9133004926108375,0.9694829047753603,3600
"[{'PROFILE_REGION_HIGH_EDU', 'PROFILE_OLD_MALE'}, {'DEPOSIT_A_GAP_SHORT'}, {'DEPOSIT_D_GAP_MED'}, {'CARD_WITHDRAWAL_D_GAP_SHORT'}, {'CARD_WITHDRAWAL_B_GAP_MED'}, {'CARD_WITHDRAWAL_D_GAP_SHORT'}, {'CARD_WITHDRAWAL_D_GAP_SHORT'}, {'CARD_WITHDRAWAL_D_GAP_MED'}, {'CARD_WITHDRAWAL_D_GAP_MED'}]",0.03537202234845249,70,0.9191176470588236,0.9694829047753603,3600
"[{'PROFILE_REGION_LOW_CRIME'}, {'DEPOSIT_D_GAP_LONG'}, {'CARD_WITHDRAWAL_B_GAP_LONG'}, {'DEPOSIT_D_GAP_LONG'}, {'CARD_WITHDRAWAL_C_GAP_MED'}, {'CARD_WITHDRAWAL_C_GAP_MED'}, {'DEPOSIT_D_GAP_LONG'}, {'CARD_WITHDRAWAL_D_GAP_MED'}, {'DEPOSIT_D_GAP_MED'}, {'CARD_WITHDRAWAL_D_GAP_SHORT'}]",0.035156283700119584,50,0.888888888888889,0.9694829047753603,3600
"[{'PROFILE_REGION_HIGH_EDU', 'PROFILE_REGION_HIGH_INCOME'}, {'CARD_WITHDRAWAL_D_GAP_LONG'}, {'CARD_WITHDRAWAL_D_GAP_LONG'}, {'CARD_WITHDRAWAL_D_GAP_MED'}, {'CARD_WITHDRAWAL_B_GAP_LONG'}, {'CARD_WITHDRAWAL_A_GAP_SHORT'}, {'CARD_WITHDRAWAL_C_GAP_MED'}, {'CARD_WITHDRAWAL_B_GAP_MED'}, {'CARD_WITHDRAWAL_C_GAP_MED'}, {'CARD_WITHDRAWAL_B_GAP_MED'}]",0.03406064199654857,31,0.8793103448275863,0.9694829047753603,3600
"[{'CARD_WITHDRAWAL_D_GAP_LONG'}, {'CARD_WITHDRAWAL_B_GAP_MED'}, {'CARD_WITHDRAWAL_B_GAP_LONG'}, {'CARD_WITHDRAWAL_A_GAP_SHORT'}, {'CARD_WITHDRAWAL_D_GAP_MED'}, {'CARD_WITHDRAWAL_A_GAP_SHORT'}, {'CARD_WITHDRAWAL_C_GAP_MED'}, {'TRANSFER_C_GAP_MED'}, {'CARD_WITHDRAWAL_D_GAP_MED'}]",0.03287884705168698,43,0.9146341463414633,0.9694829047753603,3600
"[{'PROFILE_REGION_HIGH_INCOME'}, {'CARD_WITHDRAWAL_D_GAP_LONG'}, {'CARD_WITHDRAWAL_C_GAP_MED'}, {'CARD_WITHDRAWAL_B_GAP_MED'}, {'CARD_WITHDRAWAL_A_GAP_SHORT'}, {'CARD_WITHDRAWAL_B_GAP_MED'}, {'CARD_WITHDRAWAL_D_GAP_SHORT'}, {'CARD_WITHDRAWAL_A_GAP_MED'}, {'CARD_WITHDRAWAL_B_GAP_MED'}]",0.0328479531479422,35,0.9117647058823529,0.9694829047753603,3600
"[{'PROFILE_REGION_HIGH_EDU', 'PROFILE_OLD_FEMALE'}, {'CARD_WITHDRAWAL_A_GAP_LONG'}, {'CARD_WITHDRAWAL_A_GAP_LONG'}, {'CARD_WITHDRAWAL_B_GAP_MED'}, {'CARD_WITHDRAWAL_C_GAP_MED'}, {'CARD_WITHDRAWAL_B_GAP_MED'}, {'CARD_WITHDRAWAL_A_GAP_SHORT'}, {'CARD_WITHDRAWAL_B_GAP_MED'}, {'CARD_WITHDRAWAL_A_GAP_SHORT'}]",0.0328479531479422,35,0.9117647058823529,0.9694829047753603,3600
"[{'PROFILE_REGION_HIGH_INCOME'}, {'CARD_WITHDRAWAL_B_GAP_LONG'}, {'CARD_WITHDRAWAL_B_GAP_LONG'}, {'CARD_WITHDRAWAL_A_GAP_SHORT'}, {'CARD_WITHDRAWAL_C_GAP_MED'}, {'CARD_WITHDRAWAL_C_GAP_MED'}, {'CARD_WITHDRAWAL_C_GAP_MED'}, {'CARD_WITHDRAWAL_A_GAP_SHORT'}, {'CARD_WITHDRAWAL_C_GAP_MED'}, {'CARD_WITHDRAWAL_C_GAP_MED'}]",0.032063051931979114,52,0.891304347826087,0.9694829047753603,3600
"[{'CARD_WITHDRAWAL_D_GAP_MED'}, {'CARD_WITHDRAWAL_D_GAP_MED'}, {'CARD_WITHDRAWAL_D_GAP_SHORT'}, {'CARD_WITHDRAWAL_D_GAP_MED'}, {'CARD_WITHDRAWAL_D_GAP_MED'}, {'CARD_WITHDRAWAL_B_GAP_SHORT'}, {'CARD_WITHDRAWAL_D_GAP_MED'}, {'CARD_WITHDRAWAL_D_GAP_MED'}, {'CARD_WITHDRAWAL_D_GAP_MED'}, {'CARD_WITHDRAWAL_D_GAP_MED'}]",0.031997718698889455,183,0.9124293785310734,0.9694829047753603,3600
"[{'CARD_WITHDRAWAL_D_GAP_MED'}, {'CARD_WITHDRAWAL_D_GAP_MED'}, {'CARD_WITHDRAWAL_C_GAP_MED'}, {'CARD_WITHDRAWAL_D_GAP_MED'}, {'DEPOSIT_D_GAP_MED'}, {'CARD_WITHDRAWAL_D_GAP_MED'}, {'DEPOSIT_D_GAP_MED'}, {'CARD_WITHDRAWAL_D_GAP_SHORT'}, {'CARD_WITHDRAWAL_C_GAP_LONG'}, {'CARD_WITHDRAWAL_C_GAP_MED'}]",0.031914024701542365,83,0.9,0.9694829047753603,3600
"[{'CARD_WITHDRAWAL_C_GAP_LONG'}, {'CARD_WITHDRAWAL_D_GAP_MED'}, {'CARD_WITHDRAWAL_C_GAP_MED'}, {'CARD_WITHDRAWAL_B_GAP_MED'}, {'CARD_WITHDRAWAL_A_GAP_SHORT'}, {'CARD_WITHDRAWAL_A_GAP_SHORT'}, {'CARD_WITHDRAWAL_A_GAP_SHORT'}, {'CARD_WITHDRAWAL_A_GAP_SHORT'}, {'CARD_WITHDRAWAL_A_GAP_SHORT'}, {'CARD_WITHDRAWAL_C_GAP_MED'}]",0.03156974625161402,228,0.9156383782422565,0.9694829047753603,3600
"[{'DEPOSIT_D_GAP_MED'}, {'CARD_WITHDRAWAL_C_GAP_SHORT'}, {'CARD_WITHDRAWAL_C_GAP_MED'}, {'CARD_WITHDRAWAL_A_GAP_SHORT'}, {'DEPOSIT_D_GAP_SHORT'}, {'CARD_WITHDRAWAL_C_GAP_MED'}, {'CARD_WITHDRAWAL_D_GAP_MED'}, {'CARD_WITHDRAWAL_C_GAP_LONG'}, {'CARD_WITHDRAWAL_D_GAP_MED'}]",0.031348104694679746,48,0.9173789173789173,0.9694829047753603,3600
"[{'DEPOSIT_A_GAP_SHORT'}, {'DEPOSIT_D_GAP_LONG'}, {'DEPOSIT_C_GAP_LONG'}, {'DEPOSIT_D_GAP_LONG'}, {'CARD_WITHDRAWAL_D_GAP_MED'}, {'CARD_WITHDRAWAL_D_GAP_LONG'}, {'DEPOSIT_D_GAP_LONG'}, {'CARD_WITHDRAWAL_D_GAP_MED'}, {'CARD_WITHDRAWAL_A_GAP_LONG'}, {'DEPOSIT_D_GAP_MED'}]",0.03120453623561814,42,0.8875000000000001,0.9694829047753603,3600
"[{'PROFILE_REGION_LOW_EDU'}, {'CARD_WITHDRAWAL_B_GAP_SHORT'}, {'CARD_WITHDRAWAL_D_GAP_SHORT'}, {'CARD_WITHDRAWAL_B_GAP_LONG'}, {'CARD_WITHDRAWAL_A_GAP_SHORT'}, {'CARD_WITHDRAWAL_A_GAP_LONG'}, {'CARD_WITHDRAWAL_A_GAP_SHORT'}, {'CARD_WITHDRAWAL_B_GAP_MED'}, {'CARD_WITHDRAWAL_B_GAP_MED'}]",0.029152206409356896,23,0.9090909090909091,0.9694829047753603,3600
"[{'PROFILE_REGION_HIGH_INCOME'}, {'CARD_WITHDRAWAL_C_GAP_LONG'}, {'DEPOSIT_D_GAP_SHORT'}, {'CARD_WITHDRAWAL_A_GAP_SHORT'}, {'DEPOSIT_D_GAP_SHORT'}, {'CARD_WITHDRAWAL_A_GAP_SHORT'}, {'CARD_WITHDRAWAL_D_GAP_MED'}, {'DEPOSIT_D_GAP_MED'}, {'CARD_WITHDRAWAL_A_GAP_SHORT'}, {'CARD_WITHDRAWAL_D_GAP_MED'}]",0.029074689472852522,105,0.9052478134110786,0.9694829047753603,3600
"[{'PROFILE_OLD_MALE', 'PROFILE_REGION_LOW_EDU'}, {'DEPOSIT_A_GAP_SHORT'}, {'DEPOSIT_C_GAP_SHORT'}, {'CARD_WITHDRAWAL_B_GAP_SHORT'}, {'CARD_WITHDRAWAL_B_GAP_SHORT'}, {'CARD_WITHDRAWAL_A_GAP_SHORT'}, {'CARD_WITHDRAWAL_A_GAP_SHORT'}, {'CARD_WITHDRAWAL_A_GAP_SHORT'}, {'CARD_WITHDRAWAL_B_GAP_SHORT'}]",0.028779346868314182,31,0.9137931034482758,0.9694829047753603,3600
"[{'PROFILE_REGION_HIGH_INCOME', 'PROFILE_REGION_HIGH_CRIME'}, {'DEPOSIT_A_GAP_SHORT'}, {'CARD_WITHDRAWAL_B_GAP_LONG'}, {'CARD_WITHDRAWAL_B_GAP_LONG'}, {'CARD_WITHDRAWAL_B_GAP_SHORT'}, {'CARD_WITHDRAWAL_B_GAP_MED'}, {'CARD_WITHDRAWAL_A_GAP_SHORT'}, {'CARD_WITHDRAWAL_D_GAP_SHORT'}, {'CARD_WITHDRAWAL_B_GAP_LONG'}]",0.028280334464316104,37,0.9166666666666666,0.9694829047753603,3600
"[{'CARD_WITHDRAWAL_D_GAP_SHORT'}, {'CARD_WITHDRAWAL_C_GAP_LONG'}, {'CARD_WITHDRAWAL_A_GAP_SHORT'}, {'CARD_WITHDRAWAL_C_GAP_MED'}, {'CARD_WITHDRAWAL_C_GAP_LONG'}, {'CARD_WITHDRAWAL_C_GAP_MED'}, {'CARD_WITHDRAWAL_C_GAP_MED'}, {'CARD_WITHDRAWAL_C_GAP_MED'}, {'CARD_WITHDRAWAL_C_GAP_MED'}, {'CARD_WITHDRAWAL_A_GAP_SHORT'}]",0.027074794031684335,40,0.8888888888888888,0.9694829047753603,3600
"[{'PROFILE_OLD_FEMALE'}, {'CARD_WITHDRAWAL_C_GAP_MED'}, {'CARD_WITHDRAWAL_B_GAP_MED'}, {'CARD_WITHDRAWAL_A_GAP_SHORT'}, {'CARD_WITHDRAWAL_A_GAP_MED'}, {'CARD_WITHDRAWAL_A_GAP_SHORT'}, {'DEPOSIT_D_GAP_LONG'}, {'CARD_WITHDRAWAL_A_GAP_SHORT'}, {'CARD_WITHDRAWAL_D_GAP_MED'}, {'CARD_WITHDRAWAL_A_GAP_SHORT'}]",0.026655347039587385,26,0.88,0.9694829047753603,3600
"[{'PROFILE_REGION_HIGH_EDU'}, {'DEPOSIT_D_GAP_LONG'}, {'CARD_WITHDRAWAL_A_GAP_LONG'}, {'DEPOSIT_D_GAP_LONG'}, {'DEPOSIT_D_GAP_LONG'}, {'DEPOSIT_D_GAP_MED'}, {'CARD_WITHDRAWAL_D_GAP_LONG'}, {'CARD_WITHDRAWAL_D_GAP_LONG'}, {'CARD_WITHDRAWAL_B_GAP_LONG'}]",0.026300176834897493,32,0.9166666666666667,0.9694829047753603,3600
"[{'DEPOSIT_D_GAP_MED'}, {'DEPOSIT_D_GAP_MED'}, {'DEPOSIT_D_GAP_MED'}, {'DEPOSIT_D_GAP_MED'}, {'CARD_WITHDRAWAL_D_GAP_MED'}, {'CARD_WITHDRAWAL_D_GAP_MED'}, {'CARD_WITHDRAWAL_D_GAP_MED'}, {'CARD_WITHDRAWAL_C_GAP_MED'}, {'CARD_WITHDRAWAL_B_GAP_MED'}, {'CARD_WITHDRAWAL_B_GAP_SHORT'}]",0.026290949925468543,237,0.918122270742358,0.9694829047753603,3600
"[{'DEPOSIT_D_GAP_LONG'}, {'CARD_WITHDRAWAL_C_GAP_MED'}, {'CARD_WITHDRAWAL_D_GAP_MED'}, {'CARD_WITHDRAWAL_D_GAP_MED'}, {'CARD_WITHDRAWAL_A_GAP_SHORT'}, {'CARD_WITHDRAWAL_D_GAP_MED'}, {'CARD_WITHDRAWAL_D_GAP_MED'}, {'CARD_WITHDRAWAL_C_GAP_SHORT'}, {'CARD_WITHDRAWAL_C_GAP_MED'}, {'CARD_WITHDRAWAL_D_GAP_MED'}]",0.025981479577176336,101,0.906060606060606,0.9694829047753603,3600
"[{'CARD_WITHDRAWAL_C_GAP_MED'}, {'CARD_WITHDRAWAL_B_GAP_MED'}, {'CARD_WITHDRAWAL_C_GAP_SHORT'}, {'CARD_WITHDRAWAL_A_GAP_SHORT'}, {'CARD_WITHDRAWAL_A_GAP_SHORT'}, {'CARD_WITHDRAWAL_A_GAP_SHORT'}, {'CARD_WITHDRAWAL_B_GAP_LONG'}, {'CARD_WITHDRAWAL_A_GAP_SHORT'}, {'CARD_WITHDRAWAL_A_GAP_SHORT'}, {'CARD_WITHDRAWAL_A_GAP_SHORT'}]",0.02564235405610582,241,0.9185823754789272,0.9694829047753603,3600
"[{'CARD_WITHDRAWAL_C_GAP_MED'}, {'DEPOSIT_D_GAP_MED'}, {'CARD_WITHDRAWAL_A_GAP_SHORT'}, {'CARD_WITHDRAWAL_B_GAP_MED'}, {'CARD_WITHDRAWAL_A_GAP_SHORT'}, {'CARD_WITHDRAWAL_A_GAP_SHORT'}, {'CARD_WITHDRAWAL_C_GAP_SHORT'}, {'CARD_WITHDRAWAL_C_GAP_MED'}, {'CARD_WITHDRAWAL_A_GAP_SHORT'}, {'CARD_WITHDRAWAL_C_GAP_LONG'}]",0.025446204576630826,69,0.9000000000000001,0.9694829047753603,3600
"[{'PROFILE_OLD_FEMALE', 'PROFILE_REGION_HIGH_CRIME'}, {'DEPOSIT_B_GAP_SHORT'}, {'CARD_WITHDRAWAL_B_GAP_LONG'}, {'CARD_WITHDRAWAL_A_GAP_SHORT'}, {'CARD_WITHDRAWAL_B_GAP_MED'}, {'CARD_WITHDRAWAL_B_GAP_MED'}, {'CARD_WITHDRAWAL_C_GAP_MED'}, {'CARD_WITHDRAWAL_A_GAP_SHORT'}, {'CARD_WITHDRAWAL_C_GAP_MED'}]",0.025291832309538798,36,0.9191919191919191,0.9694829047753603,3600
"[{'PROFILE_REGION_LOW_EDU'}, {'DEPOSIT_A_GAP_SHORT'}, {'CARD_WITHDRAWAL_D_GAP_MED'}, {'CARD_WITHDRAWAL_A_GAP_SHORT'}, {'CARD_WITHDRAWAL_B_GAP_MED'}, {'CARD_WITHDRAWAL_B_GAP_MED'}, {'CARD_WITHDRAWAL_B_GAP_SHORT'}, {'CARD_WITHDRAWAL_C_GAP_LONG'}, {'CARD_WITHDRAWAL_D_GAP_MED'}, {'CARD_WITHDRAWAL_D_GAP_MED'}]",0.02509388961711878,62,0.8983050847457626,0.9694829047753603,3600
"[{'PROFILE_REGION_LOW_INCOME'}, {'DEPOSIT_A_GAP_SHORT'}, {'DEPOSIT_C_GAP_LONG'}, {'CARD_WITHDRAWAL_B_GAP_LONG'}, {'CARD_WITHDRAWAL_B_GAP_MED'}, {'CARD_WITHDRAWAL_B_GAP_MED'}, {'CARD_WITHDRAWAL_A_GAP_SHORT'}, {'CARD_WITHDRAWAL_B_GAP_MED'}, {'CARD_WITHDRAWAL_B_GAP_SHORT'}, {'CARD_WITHDRAWAL_C_GAP_MED'}]",0.024939194293397637,55,0.8962264150943396,0.9694829047753603,3600
"[{'DEPOSIT_A_GAP_SHORT'}, {'DEPOSIT_D_GAP_LONG'}, {'CARD_WITHDRAWAL_D_GAP_MED'}, {'CARD_WITHDRAWAL_C_GAP_MED'}, {'CARD_WITHDRAWAL_D_GAP_SHORT'}, {'CARD_WITHDRAWAL_D_GAP_MED'}, {'CARD_WITHDRAWAL_D_GAP_MED'}, {'DEPOSIT_D_GAP_MED'}, {'DEPOSIT_D_GAP_MED'}, {'CARD_WITHDRAWAL_D_GAP_MED'}]",0.024429793779041864,243,0.9191489361702129,0.9694829047753603,3600
"[{'DEPOSIT_D_GAP_LONG'}, {'CARD_WITHDRAWAL_D_GAP_LONG'}, {'DEPOSIT_D_GAP_MED'}, {'CARD_WITHDRAWAL_D_GAP_MED'}, {'CARD_WITHDRAWAL_D_GAP_MED'}, {'CARD_WITHDRAWAL_D_GAP_MED'}, {'CARD_WITHDRAWAL_D_GAP_MED'}, {'CARD_WITHDRAWAL_B_GAP_LONG'}, {'CARD_WITHDRAWAL_A_GAP_SHORT'}, {'CARD_WITHDRAWAL_A_GAP_SHORT'}]",0.02316739594534667,190,0.916471506635441,0.9694829047753603,3600
"[{'CARD_WITHDRAWAL_D_GAP_LONG'}, {'CARD_WITHDRAWAL_D_GAP_LONG'}, {'CARD_WITHDRAWAL_A_GAP_SHORT'}, {'CARD_WITHDRAWAL_D_GAP_MED'}, {'CARD_WITHDRAWAL_C_GAP_MED'}, {'CARD_WITHDRAWAL_C_GAP_MED'}, {'CARD_WITHDRAWAL_C_GAP_MED'}, {'CARD_WITHDRAWAL_C_GAP_SHORT'}, {'CARD_WITHDRAWAL_A_GAP_SHORT'}, {'CARD_WITHDRAWAL_A_GAP_SHORT'}]",0.022482148724672912,151,0.9136363636363637,0.9694829047753603,3600
"[{'PROFILE_REGION_LOW_EDU'}, {'CARD_WITHDRAWAL_A_GAP_SHORT'}, {'CARD_WITHDRAWAL_A_GAP_MED'}, {'CARD_WITHDRAWAL_A_GAP_SHORT'}, {'CARD_WITHDRAWAL_B_GAP_LONG'}, {'CARD_WITHDRAWAL_B_GAP_MED'}, {'CARD_WITHDRAWAL_B_GAP_MED'}, {'CARD_WITHDRAWAL_A_GAP_SHORT'}, {'CARD_WITHDRAWAL_B_GAP_SHORT'}, {'CARD_WITHDRAWAL_C_GAP_MED'}]",0.020460688236378477,38,0.8918918918918919,0.9694829047753603,3600
"[{'DEPOSIT_D_GAP_MED'}, {'DEPOSIT_D_GAP_MED'}, {'CARD_WITHDRAWAL_D_GAP_LONG'}, {'DEPOSIT_D_GAP_MED'}, {'DEPOSIT_D_GAP_SHORT'}, {'CARD_WITHDRAWAL_A_GAP_SHORT'}, {'CARD_WITHDRAWAL_A_GAP_SHORT'}, {'CARD_WITHDRAWAL_C_GAP_MED'}, {'DEPOSIT_D_GAP_SHORT'}, {'CARD_WITHDRAWAL_D_GAP_MED'}]",0.020074562968792176,171,0.9163763066202091,0.9694829047753603,3600
"[{'PROFILE_OLD_MALE'}, {'CARD_WITHDRAWAL_C_GAP_MED'}, {'CARD_WITHDRAWAL_C_GAP_MED'}, {'CARD_WITHDRAWAL_A_GAP_SHORT'}, {'CARD_WITHDRAWAL_A_GAP_SHORT'}, {'CARD_WITHDRAWAL_B_GAP_SHORT'}, {'CARD_WITHDRAWAL_A_GAP_SHORT'}, {'CARD_WITHDRAWAL_A_GAP_SHORT'}, {'CARD_WITHDRAWAL_A_GAP_SHORT'}, {'CARD_WITHDRAWAL_B_GAP_MED'}]",0.019739808630965694,192,0.9180327868852458,0.9694829047753603,3600
"[{'PROFILE_REGION_HIGH_EDU', 'PROFILE_REGION_HIGH_CRIME'}, {'DEPOSIT_D_GAP_LONG'}, {'CARD_WITHDRAWAL_D_GAP_LONG'}, {'CARD_WITHDRAWAL_A_GAP_SHORT'}, {'CARD_WITHDRAWAL_B_GAP_SHORT'}, {'CARD_WITHDRAWAL_A_GAP_SHORT'}, {'CARD_WITHDRAWAL_D_GAP_MED'}, {'CARD_WITHDRAWAL_A_GAP_SHORT'}, {'CARD_WITHDRAWAL_A_GAP_SHORT'}, {'CARD_WITHDRAWAL_A_GAP_SHORT'}]",0.01971249269363118,89,0.9071428571428573,0.9694829047753603,3600
"[{'PROFILE_REGION_HIGH_EDU', 'PROFILE_REGION_HIGH_INCOME'}, {'DEPOSIT_A_GAP_SHORT'}, {'CARD_WITHDRAWAL_A_GAP_SHORT'}, {'CARD_WITHDRAWAL_A_GAP_SHORT'}, {'CARD_WITHDRAWAL_A_GAP_SHORT'}, {'CARD_WITHDRAWAL_C_GAP_MED'}, {'CARD_WITHDRAWAL_A_GAP_SHORT'}, {'CARD_WITHDRAWAL_A_GAP_SHORT'}, {'CARD_WITHDRAWAL_A_GAP_SHORT'}, {'CARD_WITHDRAWAL_B_GAP_MED'}]",0.018795464989697197,174,0.9171597633136095,0.9694829047753603,3600
"[{'CARD_WITHDRAWAL_D_GAP_MED'}, {'CARD_WITHDRAWAL_C_GAP_MED'}, {'CARD_WITHDRAWAL_C_GAP_MED'}, {'CARD_WITHDRAWAL_D_GAP_MED'}, {'CARD_WITHDRAWAL_D_GAP_MED'}, {'CARD_WITHDRAWAL_D_GAP_SHORT'}, {'CARD_WITHDRAWAL_D_GAP_MED'}, {'CARD_WITHDRAWAL_D_GAP_SHORT'}, {'CARD_WITHDRAWAL_D_GAP_MED'}, {'CARD_WITHDRAWAL_D_GAP_MED'}]",0.018645769508784826,153,0.9155172413793105,0.9694829047753603,3600
"[{'CARD_WITHDRAWAL_D_GAP_MED'}, {'CARD_WITHDRAWAL_D_GAP_SHORT'}, {'CARD_WITHDRAWAL_D_GAP_MED'}, {'CARD_WITHDRAWAL_C_GAP_SHORT'}, {'CARD_WITHDRAWAL_C_GAP_MED'}, {'CARD_WITHDRAWAL_C_GAP_MED'}, {'CARD_WITHDRAWAL_C_GAP_MED'}, {'CARD_WITHDRAWAL_D_GAP_MED'}, {'CARD_WITHDRAWAL_C_GAP_MED'}, {'CARD_WITHDRAWAL_C_GAP_SHORT'}]",0.017598531366426085,56,0.900709219858156,0.9694829047753603,3600
"[{'PROFILE_OLD_MALE'}, {'DEPOSIT_A_GAP_SHORT'}, {'CARD_WITHDRAWAL_D_GAP_MED'}, {'CARD_WITHDRAWAL_B_GAP_SHORT'}, {'CARD_WITHDRAWAL_A_GAP_SHORT'}, {'CARD_WITHDRAWAL_B_GAP_MED'}, {'CARD_WITHDRAWAL_A_GAP_SHORT'}, {'CARD_WITHDRAWAL_A_GAP_SHORT'}, {'CARD_WITHDRAWAL_C_GAP_MED'}, {'CARD_WITHDRAWAL_A_GAP_SHORT'}]",0.01627574130925702,175,0.9183400267737618,0.9694829047753603,3600
"[{'PROFILE_REGION_LOW_INCOME'}, {'CARD_WITHDRAWAL_B_GAP_MED'}, {'CARD_WITHDRAWAL_B_GAP_MED'}, {'CARD_WITHDRAWAL_A_GAP_SHORT'}, {'CARD_WITHDRAWAL_B_GAP_MED'}, {'CARD_WITHDRAWAL_B_GAP_MED'}, {'CARD_WITHDRAWAL_B_GAP_MED'}, {'CARD_WITHDRAWAL_C_GAP_MED'}, {'CARD_WITHDRAWAL_B_GAP_MED'}, {'CARD_WITHDRAWAL_C_GAP_MED'}]",0.015784401546867888,123,0.9138655462184875,0.9694829047753603,3600
"[{'PROFILE_REGION_LOW_INCOME'}, {'CARD_WITHDRAWAL_C_GAP_MED'}, {'CARD_WITHDRAWAL_A_GAP_SHORT'}, {'CARD_WITHDRAWAL_B_GAP_LONG'}, {'CARD_WITHDRAWAL_B_GAP_MED'}, {'CARD_WITHDRAWAL_B_GAP_MED'}, {'CARD_WITHDRAWAL_A_GAP_SHORT'}, {'CARD_WITHDRAWAL_C_GAP_MED'}, {'CARD_WITHDRAWAL_B_GAP_MED'}, {'CARD_WITHDRAWAL_B_GAP_MED'}]",0.015038713113761037,105,0.912,0.9694829047753603,3600
"[{'PROFILE_REGION_HIGH_INCOME'}, {'CARD_WITHDRAWAL_A_GAP_SHORT'}, {'CARD_WITHDRAWAL_B_GAP_MED'}, {'CARD_WITHDRAWAL_B_GAP_MED'}, {'CARD_WITHDRAWAL_D_GAP_MED'}, {'CARD_WITHDRAWAL_B_GAP_LONG'}, {'CARD_WITHDRAWAL_C_GAP_MED'}, {'CARD_WITHDRAWAL_D_GAP_MED'}, {'CARD_WITHDRAWAL_B_GAP_MED'}, {'CARD_WITHDRAWAL_B_GAP_MED'}]",0.014932512162028955,49,0.9000000000000001,0.9694829047753603,3600
"[{'DEPOSIT_A_GAP_SHORT'}, {'CARD_WITHDRAWAL_B_GAP_MED'}, {'CARD_WITHDRAWAL_C_GAP_MED'}, {'CARD_WITHDRAWAL_A_GAP_SHORT'}, {'CARD_WITHDRAWAL_C_GAP_LONG'}, {'CARD_WITHDRAWAL_B_GAP_LONG'}, {'CARD_WITHDRAWAL_A_GAP_SHORT'}, {'CARD_WITHDRAWAL_B_GAP_MED'}, {'CARD_WITHDRAWAL_D_GAP_LONG'}, {'CARD_WITHDRAWAL_D_GAP_LONG'}]",0.014877338898477532,35,0.8939393939393939,0.9694829047753603,3600
"[{'PROFILE_REGION_HIGH_EDU'}, {'CARD_WITHDRAWAL_D_GAP_LONG'}, {'CARD_WITHDRAWAL_B_GAP_LONG'}, {'CARD_WITHDRAWAL_B_GAP_MED'}, {'CARD_WITHDRAWAL_B_GAP_SHORT'}, {'CARD_WITHDRAWAL_C_GAP_MED'}, {'CARD_WITHDRAWAL_B_GAP_MED'}, {'CARD_WITHDRAWAL_B_GAP_MED'}, {'CARD_WITHDRAWAL_B_GAP_MED'}, {'CARD_WITHDRAWAL_B_GAP_SHORT'}]",0.013771043145646034,47,0.9,0.9694829047753603,3600
"[{'PROFILE_OLD_FEMALE'}, {'DEPOSIT_D_GAP_LONG'}, {'CARD_WITHDRAWAL_B_GAP_LONG'}, {'CARD_WITHDRAWAL_A_GAP_SHORT'}, {'CARD_WITHDRAWAL_A_GAP_SHORT'}, {'CARD_WITHDRAWAL_A_GAP_SHORT'}, {'CARD_WITHDRAWAL_D_GAP_MED'}, {'CARD_WITHDRAWAL_C_GAP_MED'}, {'CARD_WITHDRAWAL_A_GAP_SHORT'}, {'CARD_WITHDRAWAL_A_GAP_SHORT'}]",0.01370413759778899,147,0.9172661870503598,0.9694829047753603,3600
"[{'CARD_WITHDRAWAL_B_GAP_MED'}, {'DEPOSIT_B_GAP_MED'}, {'CARD_WITHDRAWAL_A_GAP_SHORT'}, {'CARD_WITHDRAWAL_A_GAP_SHORT'}, {'CARD_WITHDRAWAL_A_GAP_SHORT'}, {'CARD_WITHDRAWAL_C_GAP_LONG'}, {'CARD_WITHDRAWAL_A_GAP_SHORT'}, {'CARD_WITHDRAWAL_A_GAP_SHORT'}, {'CARD_WITHDRAWAL_A_GAP_SHORT'}, {'CARD_WITHDRAWAL_A_GAP_SHORT'}]",0.013392197535639916,118,0.9144736842105263,0.9694829047753603,3600
"[{'CARD_WITHDRAWAL_C_GAP_SHORT'}, {'CARD_WITHDRAWAL_C_GAP_MED'}, {'CARD_WITHDRAWAL_C_GAP_MED'}, {'CARD_WITHDRAWAL_C_GAP_SHORT'}, {'CARD_WITHDRAWAL_C_GAP_MED'}, {'CARD_WITHDRAWAL_C_GAP_MED'}, {'CARD_WITHDRAWAL_C_GAP_MED'}, {'CARD_WITHDRAWAL_D_GAP_MED'}, {'CARD_WITHDRAWAL_D_GAP_MED'}, {'CARD_WITHDRAWAL_D_GAP_MED'}]",0.01305715277576669,52,0.9021739130434783,0.9694829047753603,3600
"[{'CARD_WITHDRAWAL_A_GAP_SHORT'}, {'CARD_WITHDRAWAL_A_GAP_SHORT'}, {'CARD_WITHDRAWAL_C_GAP_SHORT'}, {'CARD_WITHDRAWAL_D_GAP_MED'}, {'CARD_WITHDRAWAL_D_GAP_MED'}, {'CARD_WITHDRAWAL_A_GAP_SHORT'}, {'CARD_WITHDRAWAL_B_GAP_SHORT'}, {'CARD_WITHDRAWAL_B_GAP_MED'}, {'CARD_WITHDRAWAL_A_GAP_SHORT'}, {'CARD_WITHDRAWAL_A_GAP_SHORT'}]",0.012261617944252956,118,0.9150442477876106,0.9694829047753603,3600
"[{'DEPOSIT_A_GAP_SHORT'}, {'DEPOSIT_D_GAP_MED'}, {'CARD_WITHDRAWAL_D_GAP_SHORT'}, {'CARD_WITHDRAWAL_D_GAP_LONG'}, {'CARD_WITHDRAWAL_A_GAP_SHORT'}, {'CARD_WITHDRAWAL_B_GAP_MED'}, {'CARD_WITHDRAWAL_C_GAP_MED'}, {'CARD_WITHDRAWAL_A_GAP_SHORT'}, {'CARD_WITHDRAWAL_C_GAP_MED'}, {'CARD_WITHDRAWAL_A_GAP_SHORT'}]",0.01223550453647515,134,0.9167604049493814,0.9694829047753603,3600
"[{'PROFILE_REGION_HIGH_EDU', 'PROFILE_REGION_HIGH_CRIME'}, {'CARD_WITHDRAWAL_C_GAP_MED'}, {'CARD_WITHDRAWAL_D_GAP_MED'}, {'CARD_WITHDRAWAL_A_GAP_SHORT'}, {'CARD_WITHDRAWAL_C_GAP_MED'}, {'CARD_WITHDRAWAL_A_GAP_SHORT'}, {'CARD_WITHDRAWAL_A_GAP_SHORT'}, {'CARD_WITHDRAWAL_A_GAP_SHORT'}, {'CARD_WITHDRAWAL_A_GAP_SHORT'}, {'CARD_WITHDRAWAL_A_GAP_SHORT'}]",0.011998869202638263,149,0.9182539682539683,0.9694829047753603,3600
"[{'CARD_WITHDRAWAL_D_GAP_MED'}, {'CARD_WITHDRAWAL_D_GAP_MED'}, {'CARD_WITHDRAWAL_D_GAP_MED'}, {'CARD_WITHDRAWAL_C_GAP_SHORT'}, {'CARD_WITHDRAWAL_D_GAP_MED'}, {'CARD_WITHDRAWAL_D_GAP_MED'}, {'CARD_WITHDRAWAL_D_GAP_MED'}, {'CARD_WITHDRAWAL_D_GAP_SHORT'}, {'CARD_WITHDRAWAL_D_GAP_LONG'}, {'CARD_WITHDRAWAL_C_GAP_MED'}]",0.011719354148167493,117,0.915204678362573,0.9694829047753603,3600
"[{'TRANSFER_IN_D_GAP_LONG'}, {'TRANSFER_IN_D_GAP_MED'}, {'CARD_WITHDRAWAL_C_GAP_MED'}, {'CARD_WITHDRAWAL_C_GAP_MED'}, {'CARD_WITHDRAWAL_C_GAP_SHORT'}, {'CARD_WITHDRAWAL_D_GAP_MED'}, {'CARD_WITHDRAWAL_D_GAP_SHORT'}, {'CARD_WITHDRAWAL_D_GAP_MED'}, {'CARD_WITHDRAWAL_D_GAP_MED'}, {'CARD_WITHDRAWAL_D_GAP_MED'}]",0.011571637293753545,39,0.8981481481481481,0.9694829047753603,3600
"[{'PROFILE_OLD_MALE'}, {'CARD_WITHDRAWAL_D_GAP_MED'}, {'CARD_WITHDRAWAL_D_GAP_SHORT'}, {'CARD_WITHDRAWAL_B_GAP_MED'}, {'CARD_WITHDRAWAL_D_GAP_SHORT'}, {'CARD_WITHDRAWAL_D_GAP_SHORT'}, {'CARD_WITHDRAWAL_D_GAP_SHORT'}, {'CARD_WITHDRAWAL_C_GAP_MED'}, {'CARD_WITHDRAWAL_D_GAP_LONG'}, {'CARD_WITHDRAWAL_D_GAP_MED'}]",0.010880725160523186,53,0.9038461538461539,0.9694829047753603,3600
"[{'PROFILE_OLD_FEMALE'}, {'DEPOSIT_D_GAP_LONG'}, {'CARD_WITHDRAWAL_C_GAP_SHORT'}, {'DEPOSIT_D_GAP_MED'}, {'DEPOSIT_D_GAP_MED'}, {'CARD_WITHDRAWAL_D_GAP_MED'}, {'CARD_WITHDRAWAL_B_GAP_MED'}, {'CARD_WITHDRAWAL_A_GAP_SHORT'}, {'CARD_WITHDRAWAL_A_GAP_SHORT'}, {'CARD_WITHDRAWAL_B_GAP_LONG'}]",0.010685534070203673,48,0.9023255813953488,0.9694829047753603,3600
"[{'CARD_WITHDRAWAL_D_GAP_MED'}, {'CARD_WITHDRAWAL_D_GAP_MED'}, {'CARD_WITHDRAWAL_A_GAP_SHORT'}, {'CARD_WITHDRAWAL_C_GAP_MED'}, {'CARD_WITHDRAWAL_C_GAP_MED'}, {'CARD_WITHDRAWAL_C_GAP_SHORT'}, {'CARD_WITHDRAWAL_C_GAP_LONG'}, {'CARD_WITHDRAWAL_C_GAP_MED'}, {'CARD_WITHDRAWAL_C_GAP_SHORT'}, {'CARD_WITHDRAWAL_C_GAP_SHORT'}]",0.010302135754533315,30,0.8942307692307693,0.9694829047753603,3600
"[{'CARD_WITHDRAWAL_C_GAP_LONG'}, {'CARD_WITHDRAWAL_A_GAP_SHORT'}, {'CARD_WITHDRAWAL_A_GAP_SHORT'}, {'CARD_WITHDRAWAL_A_GAP_SHORT'}, {'CARD_WITHDRAWAL_B_GAP_SHORT'}, {'CARD_WITHDRAWAL_A_GAP_SHORT'}, {'CARD_WITHDRAWAL_C_GAP_LONG'}, {'CARD_WITHDRAWAL_C_GAP_LONG'}, {'CARD_WITHDRAWAL_A_GAP_SHORT'}, {'CARD_WITHDRAWAL_A_GAP_SHORT'}]",0.0102742096918792,142,0.9184782608695652,0.9694829047753603,3600
"[{'CARD_WITHDRAWAL_D_GAP_MED'}, {'CARD_WITHDRAWAL_D_GAP_MED'}, {'CARD_WITHDRAWAL_C_GAP_MED'}, {'CARD_WITHDRAWAL_B_GAP_MED'}, {'CARD_WITHDRAWAL_C_GAP_MED'}, {'CARD_WITHDRAWAL_B_GAP_SHORT'}, {'CARD_WITHDRAWAL_D_GAP_MED'}, {'CARD_WITHDRAWAL_C_GAP_MED'}, {'CARD_WITHDRAWAL_D_GAP_MED'}, {'CARD_WITHDRAWAL_A_GAP_SHORT'}]",0.010080044727037052,109,0.9150943396226415,0.9694829047753603,3600
"[{'PROFILE_REGION_HIGH_EDU'}, {'CARD_WITHDRAWAL_D_GAP_SHORT'}, {'DEPOSIT_D_GAP_MED'}, {'CARD_WITHDRAWAL_A_GAP_SHORT'}, {'CARD_WITHDRAWAL_C_GAP_LONG'}, {'CARD_WITHDRAWAL_A_GAP_SHORT'}, {'CARD_WITHDRAWAL_B_GAP_LONG'}, {'CARD_WITHDRAWAL_A_GAP_SHORT'}, {'CARD_WITHDRAWAL_A_GAP_SHORT'}, {'DEPOSIT_D_GAP_MED'}]",0.009826974295974678,71,0.9090909090909091,0.9694829047753603,3600
"[{'DEPOSIT_B_GAP_MED'}, {'CARD_WITHDRAWAL_A_GAP_SHORT'}, {'CARD_WITHDRAWAL_A_GAP_SHORT'}, {'CARD_WITHDRAWAL_A_GAP_SHORT'}, {'CARD_WITHDRAWAL_B_GAP_MED'}, {'CARD_WITHDRAWAL_A_GAP_SHORT'}, {'CARD_WITHDRAWAL_B_GAP_MED'}, {'CARD_WITHDRAWAL_A_GAP_SHORT'}, {'CARD_WITHDRAWAL_D_GAP_SHORT'}, {'CARD_WITHDRAWAL_A_GAP_SHORT'}]",0.009744973846058214,110,0.9153952843273232,0.9694829047753603,3600
"[{'DEPOSIT_A_GAP_SHORT'}, {'DEPOSIT_D_GAP_MED'}, {'DEPOSIT_D_GAP_MED'}, {'DEPOSIT_D_GAP_LONG'}, {'CARD_WITHDRAWAL_C_GAP_MED'}, {'CARD_WITHDRAWAL_A_GAP_SHORT'}, {'CARD_WITHDRAWAL_B_GAP_LONG'}, {'CARD_WITHDRAWAL_A_GAP_SHORT'}, {'CARD_WITHDRAWAL_A_GAP_SHORT'}, {'DEPOSIT_D_GAP_MED'}]",0.009722578578867602,114,0.9158878504672897,0.9694829047753603,3600
"[{'PROFILE_REGION_HIGH_CRIME'}, {'CARD_WITHDRAWAL_C_GAP_MED'}, {'CARD_WITHDRAWAL_A_GAP_SHORT'}, {'CARD_WITHDRAWAL_A_GAP_SHORT'}, {'CARD_WITHDRAWAL_A_GAP_SHORT'}, {'CARD_WITHDRAWAL_D_GAP_MED'}, {'CARD_WITHDRAWAL_A_GAP_SHORT'}, {'CARD_WITHDRAWAL_D_GAP_SHORT'}, {'CARD_WITHDRAWAL_B_GAP_MED'}, {'CARD_WITHDRAWAL_B_GAP_MED'}]",0.009020579001528639,139,0.9188311688311688,0.9694829047753603,3600
"[{'PROFILE_REGION_HIGH_INCOME', 'PROFILE_REGION_HIGH_CRIME'}, {'CARD_WITHDRAWAL_D_GAP_MED'}, {'CARD_WITHDRAWAL_D_GAP_MED'}, {'CARD_WITHDRAWAL_D_GAP_SHORT'}, {'CARD_WITHDRAWAL_A_GAP_SHORT'}, {'CARD_WITHDRAWAL_D_GAP_MED'}, {'CARD_WITHDRAWAL_C_GAP_SHORT'}, {'CARD_WITHDRAWAL_B_GAP_MED'}, {'CARD_WITHDRAWAL_C_GAP_MED'}, {'CARD_WITHDRAWAL_D_GAP_MED'}]",0.00891109580533811,75,0.9104477611940299,0.9694829047753603,3600
"[{'CARD_WITHDRAWAL_D_GAP_MED'}, {'CARD_WITHDRAWAL_D_GAP_MED'}, {'CARD_WITHDRAWAL_C_GAP_MED'}, {'CARD_WITHDRAWAL_D_GAP_MED'}, {'CARD_WITHDRAWAL_C_GAP_SHORT'}, {'CARD_WITHDRAWAL_D_GAP_SHORT'}, {'CARD_WITHDRAWAL_D_GAP_MED'}, {'CARD_WITHDRAWAL_D_GAP_MED'}, {'CARD_WITHDRAWAL_D_GAP_LONG'}, {'CARD_WITHDRAWAL_D_GAP_MED'}]",0.007632096053751147,91,0.913953488372093,0.9694829047753603,3600
"[{'PROFILE_OLD_FEMALE'}, {'CARD_WITHDRAWAL_C_GAP_MED'}, {'CARD_WITHDRAWAL_B_GAP_MED'}, {'CARD_WITHDRAWAL_B_GAP_MED'}, {'CARD_WITHDRAWAL_C_GAP_MED'}, {'CARD_WITHDRAWAL_C_GAP_MED'}, {'CARD_WITHDRAWAL_B_GAP_MED'}, {'CARD_WITHDRAWAL_C_GAP_MED'}, {'CARD_WITHDRAWAL_C_GAP_MED'}, {'CARD_WITHDRAWAL_B_GAP_MED'}]",0.007205384288494154,70,0.9104477611940298,0.9694829047753603,3600
"[{'PROFILE_REGION_HIGH_EDU'}, {'DEPOSIT_A_GAP_SHORT'}, {'DEPOSIT_C_GAP_MED'}, {'CARD_WITHDRAWAL_A_GAP_SHORT'}, {'CARD_WITHDRAWAL_A_GAP_SHORT'}, {'DEPOSIT_C_GAP_MED'}, {'CARD_WITHDRAWAL_D_GAP_MED'}, {'CARD_WITHDRAWAL_A_GAP_SHORT'}, {'CARD_WITHDRAWAL_B_GAP_MED'}, {'CARD_WITHDRAWAL_A_GAP_SHORT'}]",0.007162528026683601,30,0.896551724137931,0.9694829047753603,3600
"[{'CARD_WITHDRAWAL_D_GAP_MED'}, {'CARD_WITHDRAWAL_D_GAP_SHORT'}, {'CARD_WITHDRAWAL_D_GAP_MED'}, {'CARD_WITHDRAWAL_D_GAP_MED'}, {'CARD_WITHDRAWAL_D_GAP_SHORT'}, {'CARD_WITHDRAWAL_D_GAP_SHORT'}, {'CARD_WITHDRAWAL_D_GAP_MED'}, {'CARD_WITHDRAWAL_B_GAP_MED'}, {'CARD_WITHDRAWAL_C_GAP_MED'}, {'CARD_WITHDRAWAL_A_GAP_MED'}]",0.00709445765517247,57,0.9074074074074074,0.9694829047753603,3600
"[{'PROFILE_REGION_HIGH_CRIME'}, {'CARD_WITHDRAWAL_D_GAP_LONG'}, {'CARD_WITHDRAWAL_C_GAP_MED'}, {'CARD_WITHDRAWAL_D_GAP_MED'}, {'CARD_WITHDRAWAL_C_GAP_MED'}, {'CARD_WITHDRAWAL_D_GAP_MED'}, {'CARD_WITHDRAWAL_C_GAP_MED'}, {'CARD_WITHDRAWAL_D_GAP_MED'}, {'CARD_WITHDRAWAL_C_GAP_MED'}, {'CARD_WITHDRAWAL_D_GAP_MED'}]",0.007085072131500669,98,0.9152777777777777,0.9694829047753603,3600
"[{'DEPOSIT_B_GAP_SHORT'}, {'CARD_WITHDRAWAL_D_GAP_MED'}, {'CARD_WITHDRAWAL_C_GAP_MED'}, {'CARD_WITHDRAWAL_A_GAP_SHORT'}, {'CARD_WITHDRAWAL_B_GAP_SHORT'}, {'CARD_WITHDRAWAL_A_GAP_SHORT'}, {'CARD_WITHDRAWAL_A_GAP_SHORT'}, {'CARD_WITHDRAWAL_A_GAP_SHORT'}, {'CARD_WITHDRAWAL_A_GAP_SHORT'}, {'CARD_WITHDRAWAL_A_GAP_SHORT'}]",0.006693546574836118,123,0.9184782608695652,0.9694829047753603,3600
"[{'CARD_WITHDRAWAL_B_GAP_MED'}, {'CARD_WITHDRAWAL_C_GAP_MED'}, {'CARD_WITHDRAWAL_C_GAP_MED'}, {'CARD_WITHDRAWAL_C_GAP_MED'}, {'CARD_WITHDRAWAL_B_GAP_MED'}, {'CARD_WITHDRAWAL_B_GAP_MED'}, {'CARD_WITHDRAWAL_B_GAP_MED'}, {'CARD_WITHDRAWAL_B_GAP_MED'}, {'CARD_WITHDRAWAL_C_GAP_MED'}, {'CARD_WITHDRAWAL_B_GAP_MED'}]",0.006375533966361924,124,0.91875,0.9694829047753603,3600
"[{'DEPOSIT_A_GAP_SHORT'}, {'DEPOSIT_D_GAP_LONG'}, {'DEPOSIT_D_GAP_LONG'}, {'CARD_WITHDRAWAL_B_GAP_LONG'}, {'CARD_WITHDRAWAL_B_GAP_LONG'}, {'DEPOSIT_D_GAP_MED'}, {'CARD_WITHDRAWAL_C_GAP_MED'}, {'CARD_WITHDRAWAL_A_GAP_SHORT'}, {'CARD_WITHDRAWAL_C_GAP_MED'}, {'CARD_WITHDRAWAL_B_GAP_MED'}]",0.0050469344285610784,93,0.9157303370786517,0.9694829047753603,3600
"[{'CARD_WITHDRAWAL_B_GAP_SHORT'}, {'CARD_WITHDRAWAL_A_GAP_SHORT'}, {'CARD_WITHDRAWAL_A_GAP_SHORT'}, {'CARD_WITHDRAWAL_A_GAP_SHORT'}, {'CARD_WITHDRAWAL_B_GAP_SHORT'}, {'CARD_WITHDRAWAL_B_GAP_MED'}, {'CARD_WITHDRAWAL_D_GAP_MED'}, {'CARD_WITHDRAWAL_A_GAP_SHORT'}, {'CARD_WITHDRAWAL_C_GAP_SHORT'}, {'CARD_WITHDRAWAL_A_GAP_SHORT'}]",0.0043918030976117794,92,0.9159663865546217,0.9694829047753603,3600
"[{'CARD_WITHDRAWAL_C_GAP_LONG'}, {'DEPOSIT_D_GAP_MED'}, {'CARD_WITHDRAWAL_D_GAP_MED'}, {'CARD_WITHDRAWAL_D_GAP_MED'}, {'CARD_WITHDRAWAL_D_GAP_MED'}, {'CARD_WITHDRAWAL_A_GAP_MED'}, {'CARD_WITHDRAWAL_D_GAP_SHORT'}, {'CARD_WITHDRAWAL_D_GAP_SHORT'}, {'CARD_WITHDRAWAL_D_GAP_SHORT'}, {'CARD_WITHDRAWAL_C_GAP_MED'}]",0.00412494795814311,32,0.9,0.9694829047753603,3600
"[{'CARD_WITHDRAWAL_C_GAP_MED'}, {'CARD_WITHDRAWAL_A_GAP_SHORT'}, {'CARD_WITHDRAWAL_C_GAP_MED'}, {'CARD_WITHDRAWAL_C_GAP_SHORT'}, {'CARD_WITHDRAWAL_B_GAP_MED'}, {'DEPOSIT_D_GAP_SHORT'}, {'CARD_WITHDRAWAL_C_GAP_MED'}, {'DEPOSIT_D_GAP_MED'}, {'CARD_WITHDRAWAL_C_GAP_MED'}, {'DEPOSIT_D_GAP_MED'}]",0.0028112927709099678,44,0.90625,0.9694829047753603,3600
"[{'PROFILE_REGION_HIGH_INCOME'}, {'CARD_WITHDRAWAL_C_GAP_LONG'}, {'CARD_WITHDRAWAL_D_GAP_MED'}, {'CARD_WITHDRAWAL_A_GAP_LONG'}, {'CARD_WITHDRAWAL_D_GAP_MED'}, {'CARD_WITHDRAWAL_A_GAP_LONG'}, {'CARD_WITHDRAWAL_A_GAP_LONG'}, {'CARD_WITHDRAWAL_C_GAP_MED'}, {'CARD_WITHDRAWAL_B_GAP_MED'}, {'CARD_WITHDRAWAL_B_GAP_MED'}]",0.0020660566878238917,57,0.9107142857142857,0.9694829047753603,3600
"[{'PROFILE_OLD_MALE'}, {'DEPOSIT_A_GAP_SHORT'}, {'CARD_WITHDRAWAL_B_GAP_LONG'}, {'CARD_WITHDRAWAL_A_GAP_LONG'}, {'CARD_WITHDRAWAL_D_GAP_MED'}, {'CARD_WITHDRAWAL_A_GAP_MED'}, {'CARD_WITHDRAWAL_B_GAP_MED'}, {'CARD_WITHDRAWAL_A_GAP_LONG'}, {'CARD_WITHDRAWAL_D_GAP_MED'}, {'CARD_WITHDRAWAL_D_GAP_MED'}]",0.0018010473704627161,44,0.9069767441860466,0.9694829047753603,3600
"[{'CARD_WITHDRAWAL_D_GAP_SHORT'}, {'CARD_WITHDRAWAL_A_GAP_SHORT'}, {'CARD_WITHDRAWAL_C_GAP_MED'}, {'DEPOSIT_D_GAP_MED'}, {'CARD_WITHDRAWAL_D_GAP_SHORT'}, {'DEPOSIT_D_GAP_MED'}, {'CARD_WITHDRAWAL_C_GAP_SHORT'}, {'CARD_WITHDRAWAL_C_GAP_MED'}, {'CARD_WITHDRAWAL_C_GAP_SHORT'}, {'CARD_WITHDRAWAL_A_GAP_SHORT'}]",0.0016280200716537463,53,0.9099378881987578,0.9694829047753603,3600
"[{'PROFILE_REGION_HIGH_CRIME'}, {'CARD_WITHDRAWAL_D_GAP_LONG'}, {'CARD_WITHDRAWAL_D_GAP_LONG'}, {'CARD_WITHDRAWAL_D_GAP_LONG'}, {'DEPOSIT_D_GAP_LONG'}, {'CARD_WITHDRAWAL_D_GAP_SHORT'}, {'CARD_WITHDRAWAL_B_GAP_MED'}, {'DEPOSIT_C_GAP_LONG'}, {'CARD_WITHDRAWAL_A_GAP_SHORT'}, {'DEPOSIT_D_GAP_MED'}]",0.0013657733740034539,26,0.8985507246376812,0.9694829047753603,3600
"[{'PROFILE_REGION_HIGH_EDU'}, {'DEPOSIT_A_GAP_SHORT'}, {'CARD_WITHDRAWAL_D_GAP_MED'}, {'CARD_WITHDRAWAL_B_GAP_SHORT'}, {'CARD_WITHDRAWAL_D_GAP_MED'}, {'CARD_WITHDRAWAL_D_GAP_MED'}, {'CARD_WITHDRAWAL_C_GAP_MED'}, {'CARD_WITHDRAWAL_C_GAP_SHORT'}, {'CARD_WITHDRAWAL_D_GAP_SHORT'}, {'CARD_WITHDRAWAL_B_GAP_MED'}]",0.001131378406109551,52,0.91,0.9694829047753603,3600
"[{'PROFILE_OLD_FEMALE', 'PROFILE_REGION_LOW_EDU', 'PROFILE_REGION_HIGH_INCOME'}, {'CARD_WITHDRAWAL_B_GAP_MED'}, {'CARD_WITHDRAWAL_A_GAP_SHORT'}, {'CARD_WITHDRAWAL_B_GAP_MED'}, {'CARD_WITHDRAWAL_B_GAP_MED'}, {'CARD_WITHDRAWAL_B_GAP_MED'}, {'CARD_WITHDRAWAL_A_GAP_SHORT'}, {'CARD_WITHDRAWAL_B_GAP_MED'}, {'CARD_WITHDRAWAL_D_GAP_LONG'}, {'CARD_WITHDRAWAL_B_GAP_MED'}]",0.0006383943445914531,33,0.903225806451613,0.9694829047753603,3600
"[{'PROFILE_REGION_HIGH_EDU'}, {'DEPOSIT_A_GAP_SHORT'}, {'CARD_WITHDRAWAL_B_GAP_LONG'}, {'CARD_WITHDRAWAL_C_GAP_LONG'}, {'CARD_WITHDRAWAL_C_GAP_MED'}, {'CARD_WITHDRAWAL_B_GAP_MED'}, {'CARD_WITHDRAWAL_A_GAP_SHORT'}, {'CARD_WITHDRAWAL_B_GAP_MED'}, {'DEPOSIT_D_GAP_MED'}, {'CARD_WITHDRAWAL_B_GAP_LONG'}]",-3.33921044437524e-06,32,0.9032258064516129,0.9694829047753603,3600
"[{'PROFILE_REGION_LOW_CRIME'}, {'DEPOSIT_D_GAP_LONG'}, {'CARD_WITHDRAWAL_D_GAP_MED'}, {'CARD_WITHDRAWAL_C_GAP_MED'}, {'DEPOSIT_D_GAP_MED'}, {'CARD_WITHDRAWAL_A_GAP_MED'}, {'CARD_WITHDRAWAL_C_GAP_SHORT'}, {'DEPOSIT_D_GAP_MED'}, {'CARD_WITHDRAWAL_A_GAP_SHORT'}, {'CARD_WITHDRAWAL_C_GAP_MED'}]",-3.33921044437524e-06,32,0.9032258064516129,0.9694829047753603,3600
"[{'PROFILE_REGION_HIGH_INCOME', 'PROFILE_REGION_HIGH_CRIME'}, {'DEPOSIT_A_GAP_SHORT'}, {'CARD_WITHDRAWAL_B_GAP_MED'}, {'CARD_WITHDRAWAL_A_GAP_SHORT'}, {'CARD_WITHDRAWAL_C_GAP_MED'}, {'CARD_WITHDRAWAL_B_GAP_MED'}, {'CARD_WITHDRAWAL_B_GAP_SHORT'}, {'CARD_WITHDRAWAL_B_GAP_MED'}, {'CARD_WITHDRAWAL_C_GAP_MED'}, {'CARD_WITHDRAWAL_B_GAP_LONG'}]",-0.0016894320357048187,59,0.9137931034482758,0.9694829047753603,3600
"[{'PROFILE_REGION_LOW_INCOME'}, {'CARD_WITHDRAWAL_B_GAP_SHORT'}, {'CARD_WITHDRAWAL_B_GAP_LONG'}, {'CARD_WITHDRAWAL_B_GAP_MED'}, {'CARD_WITHDRAWAL_B_GAP_MED'}, {'CARD_WITHDRAWAL_B_GAP_MED'}, {'DEPOSIT_C_GAP_MED'}, {'CARD_WITHDRAWAL_A_GAP_SHORT'}, {'CARD_WITHDRAWAL_B_GAP_LONG'}, {'CARD_WITHDRAWAL_B_GAP_LONG'}]",-0.0031109173232675147,33,0.90625,0.9694829047753603,3600
"[{'PROFILE_REGION_LOW_INCOME'}, {'DEPOSIT_A_GAP_SHORT'}, {'CARD_WITHDRAWAL_B_GAP_MED'}, {'CARD_WITHDRAWAL_B_GAP_MED'}, {'CARD_WITHDRAWAL_B_GAP_MED'}, {'CARD_WITHDRAWAL_D_GAP_SHORT'}, {'CARD_WITHDRAWAL_B_GAP_MED'}, {'CARD_WITHDRAWAL_A_GAP_SHORT'}, {'CARD_WITHDRAWAL_B_GAP_LONG'}, {'CARD_WITHDRAWAL_B_GAP_MED'}]",-0.005170124298548906,73,0.9190476190476191,0.9694829047753603,3600
"[{'PROFILE_OLD_FEMALE', 'PROFILE_REGION_LOW_CRIME', 'PROFILE_REGION_LOW_INCOME'}, {'TRANSFER_B_GAP_MED'}, {'TRANSFER_B_GAP_MED'}, {'CARD_WITHDRAWAL_A_GAP_SHORT'}, {'CARD_WITHDRAWAL_B_GAP_MED'}, {'TRANSFER_B_GAP_MED'}, {'TRANSFER_B_GAP_MED'}, {'CARD_WITHDRAWAL_C_GAP_MED'}, {'TRANSFER_B_GAP_MED'}, {'CARD_WITHDRAWAL_B_GAP_MED'}]",-0.0059483388805758874,34,0.9090909090909091,0.9694829047753603,3600
"[{'CARD_WITHDRAWAL_C_GAP_LONG'}, {'CARD_WITHDRAWAL_D_GAP_SHORT'}, {'CARD_WITHDRAWAL_D_GAP_SHORT'}, {'CARD_WITHDRAWAL_D_GAP_SHORT'}, {'CARD_WITHDRAWAL_D_GAP_MED'}, {'CARD_WITHDRAWAL_C_GAP_MED'}, {'CARD_WITHDRAWAL_D_GAP_LONG'}, {'CARD_WITHDRAWAL_D_GAP_SHORT'}, {'CARD_WITHDRAWAL_D_GAP_MED'}, {'CARD_WITHDRAWAL_D_GAP_MED'}]",-0.008513838106538163,43,0.9146341463414634,0.9694829047753603,3600
"[{'DEPOSIT_A_GAP_SHORT'}, {'DEPOSIT_D_GAP_LONG'}, {'CARD_WITHDRAWAL_B_GAP_MED'}, {'CARD_WITHDRAWAL_C_GAP_MED'}, {'CARD_WITHDRAWAL_D_GAP_MED'}, {'CARD_WITHDRAWAL_D_GAP_MED'}, {'CARD_WITHDRAWAL_A_GAP_SHORT'}, {'CARD_WITHDRAWAL_A_GAP_SHORT'}, {'CARD_WITHDRAWAL_A_GAP_SHORT'}, {'DEPOSIT_C_GAP_SHORT'}]",-0.0090951604694951,51,0.9173913043478261,0.9694829047753603,3600
"[{'PROFILE_REGION_HIGH_CRIME'}, {'CARD_WITHDRAWAL_C_GAP_MED'}, {'CARD_WITHDRAWAL_C_GAP_MED'}, {'CARD_WITHDRAWAL_B_GAP_MED'}, {'CARD_WITHDRAWAL_A_GAP_LONG'}, {'CARD_WITHDRAWAL_A_GAP_LONG'}, {'CARD_WITHDRAWAL_C_GAP_MED'}, {'CARD_WITHDRAWAL_A_GAP_LONG'}, {'CARD_WITHDRAWAL_B_GAP_SHORT'}, {'CARD_WITHDRAWAL_A_GAP_SHORT'}]",-0.010294141817413172,51,0.9183673469387755,0.9694829047753603,3600
"[{'DEPOSIT_A_GAP_SHORT'}, {'TRANSFER_C_GAP_LONG'}, {'CARD_WITHDRAWAL_C_GAP_MED'}, {'CARD_WITHDRAWAL_C_GAP_MED'}, {'TRANSFER_C_GAP_LONG'}, {'TRANSFER_C_GAP_LONG'}, {'TRANSFER_C_GAP_LONG'}, {'TRANSFER_C_GAP_LONG'}, {'CARD_WITHDRAWAL_A_GAP_SHORT'}, {'TRANSFER_C_GAP_LONG'}]",-0.010505128327849222,37,0.9142857142857143,0.9694829047753603,3600
"[{'CARD_WITHDRAWAL_D_GAP_MED'}, {'CARD_WITHDRAWAL_D_GAP_SHORT'}, {'CARD_WITHDRAWAL_D_GAP_SHORT'}, {'CARD_WITHDRAWAL_D_GAP_SHORT'}, {'CARD_WITHDRAWAL_C_GAP_SHORT'}, {'CARD_WITHDRAWAL_B_GAP_MED'}, {'CARD_WITHDRAWAL_B_GAP_SHORT'}, {'CARD_WITHDRAWAL_D_GAP_SHORT'}, {'CARD_WITHDRAWAL_D_GAP_SHORT'}, {'CARD_WITHDRAWAL_D_GAP_MED'}]",-0.015124918465548198,38,0.9189189189189189,0.9694829047753603,3600
"[{'PROFILE_OLD_MALE'}, {'DEPOSIT_B_GAP_SHORT'}, {'CARD_WITHDRAWAL_B_GAP_MED'}, {'CARD_WITHDRAWAL_B_GAP_LONG'}, {'CARD_WITHDRAWAL_A_GAP_SHORT'}, {'CARD_WITHDRAWAL_C_GAP_MED'}, {'CARD_WITHDRAWAL_B_GAP_SHORT'}, {'CARD_WITHDRAWAL_B_GAP_MED'}, {'CARD_WITHDRAWAL_B_GAP_MED'}, {'CARD_WITHDRAWAL_B_GAP_LONG'}]",-0.018146393425273022,25,0.9166666666666666,0.9694829047753603,3600
"[{'PROFILE_REGION_HIGH_EDU'}, {'CARD_WITHDRAWAL_B_GAP_MED'}, {'CARD_WITHDRAWAL_B_GAP_SHORT'}, {'TRANSFER_B_GAP_SHORT'}, {'CARD_WITHDRAWAL_B_GAP_SHORT'}, {'CARD_WITHDRAWAL_B_GAP_SHORT'}, {'CARD_WITHDRAWAL_A_GAP_SHORT'}, {'CARD_WITHDRAWAL_B_GAP_MED'}, {'CARD_WITHDRAWAL_C_GAP_MED'}, {'TRANSFER_B_GAP_SHORT'}]",-0.020600569742356356,20,0.9166666666666667,0.9694829047753603,3600
