sequence,y_true,confidence
1 1 -1 4 -1 6 -1 9 -1 13 -1 14 -1 13 -1 12 -1 13 -1 16 -1 15 -1 16 -1 17 -1 15 -1 16 -1 15 -1 16 -1 15 -1 16 -1 18 -1 23 -1 21 -1 22 -1 21 -1 27 -1 28 -1 29 -1 28 -1 -2,1,"[0.9066764712333679, 0.015926800668239594, 0.02184893935918808, 0.009481742046773434, 0.04418717697262764, 0.0018788347952067852]"
1 1 -1 4 -1 8 -1 7 -1 6 -1 13 -1 12 -1 13 -1 16 -1 17 -1 15 -1 16 -1 18 -1 23 -1 22 -1 21 -1 22 -1 21 -1 23 -1 22 -1 27 -1 28 -1 27 -1 28 -1 33 -1 38 -1 36 -1 -2,1,"[0.31786176562309265, 0.15978991985321045, 0.01770208403468132, 0.052371345460414886, 0.41235071420669556, 0.03992415592074394]"
1 1 -1 11 -1 13 -1 12 -1 13 -1 12 -1 13 -1 16 -1 15 -1 16 -1 15 -1 18 -1 22 -1 23 -1 22 -1 21 -1 27 -1 28 -1 29 -1 28 -1 -2,1,"[0.7856045961380005, 0.03364061936736107, 0.04309516400098801, 0.012944644317030907, 0.11933444440364838, 0.005380557384341955]"
1 1 -1 5 -1 8 -1 7 -1 6 -1 9 -1 13 -1 12 -1 13 -1 15 -1 16 -1 15 -1 18 -1 21 -1 22 -1 22 -1 21 -1 22 -1 27 -1 28 -1 38 -1 36 -1 -2,1,"[0.6176106929779053, 0.1029239147901535, 0.02123439684510231, 0.052543360739946365, 0.18794474005699158, 0.017742909491062164]"
1 1 -1 8 -1 7 -1 6 -1 9 -1 13 -1 15 -1 16 -1 15 -1 16 -1 15 -1 18 -1 19 -1 18 -1 22 -1 23 -1 22 -1 21 -1 22 -1 21 -1 22 -1 21 -1 27 -1 28 -1 29 -1 28 -1 38 -1 36 -1 41 -1 -2,1,"[0.7199272513389587, 0.061680227518081665, 0.028634440153837204, 0.01748421974480152, 0.16090576350688934, 0.011368145234882832]"
1 1 -1 6 -1 9 -1 13 -1 12 -1 13 -1 15 -1 16 -1 15 -1 16 -1 15 -1 16 -1 15 -1 18 -1 23 -1 22 -1 21 -1 23 -1 22 -1 21 -1 22 -1 21 -1 27 -1 28 -1 36 -1 41 -1 -2,1,"[0.8734472990036011, 0.027519116178154945, 0.025157654657959938, 0.01483971904963255, 0.05558948963880539, 0.0034466595388948917]"
1 1 -1 4 -1 11 -1 13 -1 12 -1 13 -1 15 -1 16 -1 15 -1 16 -1 15 -1 18 -1 21 -1 22 -1 21 -1 27 -1 28 -1 -2,1,"[0.8473601341247559, 0.02969481237232685, 0.02483753301203251, 0.028087424114346504, 0.06565328687429428, 0.004366772249341011]"
1 1 -1 4 -1 5 -1 6 -1 11 -1 10 -1 9 -1 13 -1 16 -1 15 -1 18 -1 23 -1 21 -1 22 -1 23 -1 27 -1 28 -1 38 -1 36 -1 -2,1,"[0.6257520914077759, 0.0984618067741394, 0.016061896458268166, 0.04742666706442833, 0.19489280879497528, 0.01740473136305809]"
1 1 -1 5 -1 4 -1 8 -1 13 -1 12 -1 13 -1 12 -1 13 -1 12 -1 13 -1 15 -1 16 -1 15 -1 18 -1 23 -1 27 -1 28 -1 38 -1 36 -1 41 -1 -2,1,"[0.6021918058395386, 0.09176383167505264, 0.031843073666095734, 0.02788919396698475, 0.22448450326919556, 0.021827522665262222]"
1 1 -1 4 -1 5 -1 6 -1 9 -1 13 -1 12 -1 13 -1 12 -1 13 -1 15 -1 16 -1 15 -1 16 -1 15 -1 16 -1 15 -1 16 -1 15 -1 16 -1 18 -1 19 -1 20 -1 22 -1 22 -1 27 -1 28 -1 33 -1 38 -1 36 -1 -2,1,"[0.4541352689266205, 0.13663120567798615, 0.020292488858103752, 0.05336710438132286, 0.30561748147010803, 0.02995639480650425]"
1 1 -1 5 -1 8 -1 11 -1 13 -1 12 -1 13 -1 17 -1 16 -1 15 -1 18 -1 27 -1 28 -1 32 -1 39 -1 -2,1,"[0.5735591650009155, 0.09483745694160461, 0.022626129910349846, 0.06487737596035004, 0.2330392301082611, 0.011060651391744614]"
1 1 -1 9 -1 13 -1 12 -1 13 -1 12 -1 13 -1 15 -1 16 -1 15 -1 16 -1 15 -1 18 -1 27 -1 28 -1 29 -1 28 -1 -2,1,"[0.8674397468566895, 0.02227671630680561, 0.024886395782232285, 0.009485200047492981, 0.07301057875156403, 0.0029013529419898987]"
1 1 -1 4 -1 8 -1 11 -1 13 -1 12 -1 13 -1 17 -1 16 -1 15 -1 16 -1 15 -1 16 -1 15 -1 18 -1 22 -1 21 -1 27 -1 28 -1 38 -1 40 -1 -2,1,"[0.4811357259750366, 0.10287615656852722, 0.03140255808830261, 0.020986374467611313, 0.34222379326820374, 0.021375443786382675]"
1 1 -1 4 -1 5 -1 11 -1 13 -1 12 -1 13 -1 15 -1 16 -1 15 -1 16 -1 15 -1 16 -1 15 -1 18 -1 21 -1 27 -1 28 -1 -2,1,"[0.8593947291374207, 0.02861199900507927, 0.01782243140041828, 0.021381398662924767, 0.06914757192134857, 0.003641789313405752]"
1 1 -1 5 -1 13 -1 12 -1 13 -1 16 -1 15 -1 16 -1 15 -1 16 -1 15 -1 16 -1 17 -1 18 -1 21 -1 22 -1 27 -1 28 -1 -2,1,"[0.8659190535545349, 0.02626814879477024, 0.02150801755487919, 0.02207137644290924, 0.06083614006638527, 0.00339735159650445]"
1 1 -1 4 -1 13 -1 12 -1 13 -1 15 -1 16 -1 15 -1 18 -1 21 -1 22 -1 21 -1 23 -1 27 -1 28 -1 -2,1,"[0.7884304523468018, 0.041966211050748825, 0.033186689019203186, 0.026656802743673325, 0.10192201286554337, 0.007837912999093533]"
1 1 -1 4 -1 5 -1 4 -1 8 -1 11 -1 13 -1 15 -1 18 -1 23 -1 21 -1 27 -1 28 -1 29 -1 28 -1 33 -1 36 -1 -2,1,"[0.6365005373954773, 0.0804574117064476, 0.02242567017674446, 0.02982933260500431, 0.22066733241081238, 0.010119703598320484]"
1 1 -1 4 -1 6 -1 11 -1 13 -1 17 -1 15 -1 16 -1 15 -1 16 -1 15 -1 16 -1 18 -1 19 -1 20 -1 23 -1 21 -1 22 -1 21 -1 27 -1 28 -1 -2,1,"[0.8425235152244568, 0.03123517893254757, 0.02494710497558117, 0.026510944589972496, 0.0701092779636383, 0.00467395456507802]"
1 1 -1 6 -1 9 -1 13 -1 17 -1 16 -1 15 -1 18 -1 21 -1 22 -1 23 -1 22 -1 21 -1 22 -1 27 -1 28 -1 -2,1,"[0.75067538022995, 0.0454847477376461, 0.04538465291261673, 0.03782344236969948, 0.11104904115200043, 0.009582786820828915]"
1 1 -1 13 -1 17 -1 15 -1 18 -1 19 -1 20 -1 22 -1 21 -1 23 -1 21 -1 27 -1 28 -1 27 -1 28 -1 29 -1 28 -1 30 -1 -2,1,"[0.8139487504959106, 0.031634919345378876, 0.025790514424443245, 0.009230546653270721, 0.11593790352344513, 0.003457240294665098]"
1 1 -1 9 -1 13 -1 14 -1 13 -1 12 -1 13 -1 15 -1 16 -1 15 -1 16 -1 15 -1 16 -1 18 -1 19 -1 20 -1 21 -1 22 -1 21 -1 22 -1 21 -1 27 -1 28 -1 32 -1 41 -1 40 -1 39 -1 -2,1,"[0.40053853392601013, 0.10384608805179596, 0.03849100321531296, 0.015177762135863304, 0.4271951913833618, 0.014751472510397434]"
1 1 -1 6 -1 9 -1 13 -1 12 -1 13 -1 16 -1 15 -1 16 -1 18 -1 23 -1 22 -1 27 -1 28 -1 29 -1 28 -1 -2,1,"[0.840409517288208, 0.026232752948999405, 0.027194183319807053, 0.009486122988164425, 0.09286775439977646, 0.0038096888456493616]"
1 1 -1 8 -1 7 -1 6 -1 9 -1 13 -1 12 -1 13 -1 16 -1 15 -1 16 -1 18 -1 22 -1 21 -1 27 -1 28 -1 29 -1 28 -1 38 -1 -2,1,"[0.7425423860549927, 0.049496281892061234, 0.027718693017959595, 0.010701004415750504, 0.16012006998062134, 0.009421546012163162]"
1 1 -1 11 -1 10 -1 9 -1 13 -1 15 -1 16 -1 15 -1 16 -1 15 -1 18 -1 23 -1 27 -1 28 -1 29 -1 28 -1 -2,1,"[0.8840150237083435, 0.020186718553304672, 0.02059207670390606, 0.00897530373185873, 0.06371326744556427, 0.00251752114854753]"
1 1 -1 11 -1 13 -1 15 -1 16 -1 15 -1 18 -1 22 -1 27 -1 28 -1 -2,1,"[0.8113527894020081, 0.037764862179756165, 0.02121898904442787, 0.02034699358046055, 0.10309983044862747, 0.00621654000133276]"
1 1 -1 5 -1 6 -1 13 -1 15 -1 16 -1 15 -1 16 -1 17 -1 18 -1 21 -1 22 -1 21 -1 22 -1 21 -1 27 -1 28 -1 -2,1,"[0.8425116539001465, 0.028881967067718506, 0.03055347502231598, 0.033661261200904846, 0.06009629741311073, 0.0042953030206263065]"
1 1 -1 8 -1 11 -1 13 -1 15 -1 16 -1 15 -1 16 -1 15 -1 16 -1 18 -1 21 -1 22 -1 21 -1 23 -1 27 -1 28 -1 30 -1 41 -1 40 -1 -2,1,"[0.786004900932312, 0.03569166734814644, 0.04041801765561104, 0.006112562492489815, 0.12837527692317963, 0.0033976398408412933]"
1 1 -1 8 -1 7 -1 6 -1 11 -1 10 -1 9 -1 13 -1 15 -1 18 -1 21 -1 22 -1 22 -1 21 -1 22 -1 27 -1 28 -1 29 -1 28 -1 38 -1 -2,1,"[0.675131618976593, 0.06029563769698143, 0.03235182166099548, 0.011159980669617653, 0.20832201838493347, 0.01273895613849163]"
1 1 -1 5 -1 4 -1 8 -1 11 -1 10 -1 9 -1 13 -1 15 -1 16 -1 15 -1 18 -1 21 -1 22 -1 21 -1 27 -1 28 -1 30 -1 39 -1 -2,1,"[0.7699036598205566, 0.04745764657855034, 0.020024379715323448, 0.01800823211669922, 0.1391097605228424, 0.0054963030852377415]"
1 1 -1 11 -1 10 -1 9 -1 13 -1 12 -1 13 -1 15 -1 16 -1 17 -1 16 -1 15 -1 16 -1 17 -1 18 -1 22 -1 21 -1 27 -1 28 -1 29 -1 28 -1 30 -1 38 -1 40 -1 39 -1 -2,1,"[0.19577613472938538, 0.1194181814789772, 0.01961693912744522, 0.013407555408775806, 0.6247881054878235, 0.026993142440915108]"
1 1 -1 13 -1 15 -1 16 -1 18 -1 23 -1 22 -1 21 -1 27 -1 28 -1 -2,1,"[0.7960957288742065, 0.041202276945114136, 0.02596396394073963, 0.026722261682152748, 0.10295186936855316, 0.007063935045152903]"
1 1 -1 5 -1 11 -1 10 -1 9 -1 13 -1 16 -1 15 -1 16 -1 15 -1 16 -1 15 -1 18 -1 21 -1 27 -1 28 -1 29 -1 28 -1 -2,1,"[0.905365526676178, 0.016531409695744514, 0.020077835768461227, 0.009628769010305405, 0.046488385647535324, 0.0019080659840255976]"
1 1 -1 13 -1 12 -1 13 -1 15 -1 16 -1 15 -1 16 -1 17 -1 18 -1 21 -1 22 -1 23 -1 27 -1 28 -1 29 -1 28 -1 30 -1 -2,1,"[0.9072467088699341, 0.015572698786854744, 0.02298651821911335, 0.006459562573581934, 0.04622397571802139, 0.001510522561147809]"
1 1 -1 11 -1 13 -1 15 -1 16 -1 18 -1 22 -1 21 -1 27 -1 28 -1 -2,1,"[0.8199224472045898, 0.03647366911172867, 0.02392786368727684, 0.026708249002695084, 0.08736483007669449, 0.005602909252047539]"
1 1 -1 6 -1 13 -1 12 -1 13 -1 12 -1 13 -1 15 -1 18 -1 19 -1 18 -1 23 -1 22 -1 21 -1 27 -1 28 -1 -2,1,"[0.44756370782852173, 0.10852961987257004, 0.05858534574508667, 0.05009185150265694, 0.30105218291282654, 0.03417722135782242]"
1 1 -1 9 -1 13 -1 15 -1 16 -1 15 -1 16 -1 17 -1 18 -1 19 -1 20 -1 23 -1 22 -1 21 -1 22 -1 27 -1 28 -1 -2,1,"[0.8062351942062378, 0.03730294480919838, 0.03121059387922287, 0.02625603787600994, 0.09225139021873474, 0.006743777077645063]"
1 1 -1 2 -1 1 -1 6 -1 7 -1 6 -1 9 -1 13 -1 12 -1 13 -1 12 -1 13 -1 12 -1 13 -1 15 -1 16 -1 15 -1 16 -1 15 -1 16 -1 15 -1 16 -1 15 -1 16 -1 18 -1 19 -1 18 -1 19 -1 20 -1 23 -1 22 -1 21 -1 22 -1 21 -1 22 -1 23 -1 27 -1 28 -1 29 -1 27 -1 28 -1 30 -1 31 -1 32 -1 41 -1 -2,1,"[0.7877944707870483, 0.04845038428902626, 0.032415907829999924, 0.04275253042578697, 0.08260441571474075, 0.0059822313487529755]"
1 1 -1 5 -1 4 -1 13 -1 15 -1 16 -1 18 -1 19 -1 20 -1 21 -1 23 -1 21 -1 27 -1 28 -1 -2,1,"[0.8346051573753357, 0.034097883850336075, 0.023840738460421562, 0.02380538545548916, 0.07856111228466034, 0.005089771933853626]"
1 1 -1 6 -1 9 -1 13 -1 12 -1 13 -1 15 -1 16 -1 15 -1 16 -1 15 -1 18 -1 19 -1 20 -1 21 -1 27 -1 28 -1 29 -1 28 -1 30 -1 -2,1,"[0.9166489243507385, 0.014123830012977123, 0.022172819823026657, 0.0066029345616698265, 0.039116401225328445, 0.001335191773250699]"
1 1 -1 5 -1 13 -1 15 -1 16 -1 18 -1 21 -1 22 -1 27 -1 28 -1 29 -1 28 -1 -2,1,"[0.8762505650520325, 0.020793600007891655, 0.02638982981443405, 0.01014652382582426, 0.0637139230966568, 0.002705504884943366]"
1 1 -1 5 -1 8 -1 9 -1 13 -1 12 -1 13 -1 16 -1 15 -1 16 -1 15 -1 18 -1 22 -1 27 -1 28 -1 36 -1 -2,1,"[0.7959123253822327, 0.050672102719545364, 0.0155252143740654, 0.03879186883568764, 0.09318174421787262, 0.00591664994135499]"
1 1 -1 6 -1 11 -1 10 -1 9 -1 13 -1 15 -1 16 -1 15 -1 16 -1 15 -1 16 -1 15 -1 16 -1 18 -1 19 -1 20 -1 22 -1 21 -1 22 -1 21 -1 22 -1 27 -1 28 -1 30 -1 31 -1 32 -1 40 -1 -2,1,"[0.7245228290557861, 0.06277401000261307, 0.04335253685712814, 0.05297213792800903, 0.11133276671171188, 0.005045684054493904]"
1 1 -1 4 -1 5 -1 4 -1 6 -1 11 -1 10 -1 9 -1 13 -1 12 -1 13 -1 16 -1 15 -1 18 -1 19 -1 20 -1 21 -1 22 -1 27 -1 28 -1 33 -1 38 -1 36 -1 -2,1,"[0.42602190375328064, 0.14583073556423187, 0.02189917303621769, 0.05775665491819382, 0.3152674734592438, 0.033224038779735565]"
1 1 -1 13 -1 15 -1 18 -1 21 -1 23 -1 22 -1 21 -1 27 -1 28 -1 30 -1 36 -1 -2,1,"[0.84602952003479, 0.039889972656965256, 0.01769229583442211, 0.028178898617625237, 0.06459768116474152, 0.0036116470582783222]"
1 1 -1 13 -1 15 -1 18 -1 21 -1 22 -1 21 -1 27 -1 28 -1 29 -1 28 -1 30 -1 31 -1 32 -1 -2,1,"[0.7661410570144653, 0.05168069526553154, 0.02793247252702713, 0.06615249067544937, 0.08453290164470673, 0.0035604138392955065]"
1 1 -1 11 -1 13 -1 15 -1 16 -1 18 -1 19 -1 20 -1 21 -1 27 -1 28 -1 32 -1 -2,1,"[0.8425241708755493, 0.029834670946002007, 0.03144454583525658, 0.04785287752747536, 0.04630041867494583, 0.0020433543249964714]"
1 1 -1 11 -1 13 -1 14 -1 13 -1 16 -1 15 -1 16 -1 15 -1 18 -1 19 -1 20 -1 21 -1 22 -1 27 -1 28 -1 -2,1,"[0.8295716047286987, 0.03326066583395004, 0.028438253328204155, 0.02528778463602066, 0.07801883667707443, 0.00542280450463295]"
1 1 -1 13 -1 15 -1 16 -1 15 -1 18 -1 19 -1 20 -1 21 -1 27 -1 28 -1 30 -1 -2,1,"[0.9003440141677856, 0.019864479079842567, 0.02258017286658287, 0.012705103494226933, 0.0424969382584095, 0.0020092453341931105]"
1 1 -1 6 -1 9 -1 13 -1 12 -1 13 -1 12 -1 13 -1 15 -1 16 -1 15 -1 16 -1 18 -1 19 -1 20 -1 23 -1 21 -1 22 -1 27 -1 28 -1 36 -1 -2,1,"[0.7671220898628235, 0.05861668288707733, 0.018284054473042488, 0.043172094970941544, 0.10584515333175659, 0.006959970574826002]"
1 1 -1 13 -1 15 -1 16 -1 15 -1 16 -1 15 -1 16 -1 18 -1 22 -1 21 -1 27 -1 28 -1 29 -1 28 -1 30 -1 36 -1 -2,1,"[0.9107794165611267, 0.02044478990137577, 0.014188120141625404, 0.011585434898734093, 0.04139856994152069, 0.0016036382876336575]"
1 1 -1 13 -1 16 -1 15 -1 16 -1 18 -1 21 -1 27 -1 28 -1 -2,1,"[0.8424476981163025, 0.032592520117759705, 0.019818078726530075, 0.02372596226632595, 0.07702659070491791, 0.004389187786728144]"
1 1 -1 6 -1 9 -1 13 -1 12 -1 13 -1 12 -1 13 -1 15 -1 16 -1 18 -1 23 -1 21 -1 22 -1 21 -1 22 -1 26 -1 27 -1 28 -1 30 -1 31 -1 32 -1 36 -1 -2,1,"[0.4329889714717865, 0.12099356949329376, 0.0297841876745224, 0.2821010947227478, 0.1209857240319252, 0.013146449811756611]"
1 1 -1 9 -1 13 -1 15 -1 16 -1 15 -1 18 -1 22 -1 23 -1 22 -1 21 -1 27 -1 28 -1 29 -1 28 -1 -2,1,"[0.8741958141326904, 0.021044960245490074, 0.026079891249537468, 0.009736115112900734, 0.06615257263183594, 0.0027907127514481544]"
1 1 -1 6 -1 13 -1 17 -1 15 -1 16 -1 15 -1 16 -1 18 -1 19 -1 18 -1 21 -1 22 -1 21 -1 27 -1 28 -1 32 -1 -2,1,"[0.8451790809631348, 0.02810998074710369, 0.032900288701057434, 0.04906436428427696, 0.042753152549266815, 0.0019931429997086525]"
1 1 -1 13 -1 16 -1 15 -1 16 -1 15 -1 18 -1 22 -1 21 -1 22 -1 23 -1 21 -1 27 -1 28 -1 -2,1,"[0.8371272683143616, 0.03245677426457405, 0.025302190333604813, 0.023836087435483932, 0.07604644447565079, 0.0052312216721475124]"
1 1 -1 6 -1 13 -1 15 -1 16 -1 15 -1 18 -1 19 -1 20 -1 21 -1 22 -1 21 -1 27 -1 28 -1 29 -1 28 -1 32 -1 36 -1 -2,1,"[0.8497952222824097, 0.03482939302921295, 0.01915360428392887, 0.03667781129479408, 0.057175129652023315, 0.0023689032532274723]"
1 1 -1 4 -1 6 -1 9 -1 13 -1 15 -1 16 -1 15 -1 18 -1 22 -1 21 -1 27 -1 28 -1 33 -1 -2,1,"[0.7013673186302185, 0.054946888238191605, 0.04537021368741989, 0.021294698119163513, 0.16788576543331146, 0.009135078638792038]"
1 1 -1 4 -1 6 -1 9 -1 13 -1 12 -1 13 -1 15 -1 16 -1 15 -1 16 -1 15 -1 18 -1 19 -1 21 -1 27 -1 28 -1 29 -1 28 -1 32 -1 -2,1,"[0.876075804233551, 0.021991338580846786, 0.02853456698358059, 0.02263830043375492, 0.049315791577100754, 0.0014442463871091604]"
1 1 -1 4 -1 9 -1 13 -1 17 -1 15 -1 16 -1 15 -1 19 -1 18 -1 23 -1 22 -1 21 -1 26 -1 27 -1 28 -1 29 -1 28 -1 -2,1,"[0.8409610390663147, 0.02663666382431984, 0.024275289848446846, 0.009568143635988235, 0.0948864221572876, 0.0036725273821502924]"
1 1 -1 11 -1 13 -1 15 -1 16 -1 15 -1 16 -1 18 -1 21 -1 22 -1 27 -1 28 -1 41 -1 -2,1,"[0.8877988457679749, 0.02025938406586647, 0.027541156858205795, 0.008508899249136448, 0.05319248139858246, 0.0026991665363311768]"
1 1 -1 13 -1 17 -1 16 -1 15 -1 16 -1 15 -1 18 -1 23 -1 22 -1 21 -1 22 -1 24 -1 25 -1 24 -1 27 -1 28 -1 29 -1 28 -1 30 -1 -2,1,"[0.8225676417350769, 0.030911441892385483, 0.02577710524201393, 0.010012947954237461, 0.10716411471366882, 0.003566704224795103]"
1 1 -1 5 -1 4 -1 13 -1 12 -1 13 -1 15 -1 18 -1 21 -1 27 -1 28 -1 29 -1 28 -1 30 -1 31 -1 32 -1 -2,1,"[0.7104170918464661, 0.06514820456504822, 0.02858807146549225, 0.0848333016037941, 0.10621658712625504, 0.004796696826815605]"
1 1 -1 6 -1 11 -1 13 -1 12 -1 13 -1 15 -1 16 -1 15 -1 16 -1 17 -1 15 -1 16 -1 18 -1 21 -1 27 -1 28 -1 30 -1 -2,1,"[0.9120452404022217, 0.01757228560745716, 0.01844082586467266, 0.012839042581617832, 0.037445854395627975, 0.0016568254213780165]"
1 1 -1 11 -1 13 -1 16 -1 15 -1 16 -1 15 -1 18 -1 23 -1 22 -1 21 -1 27 -1 28 -1 32 -1 31 -1 30 -1 31 -1 32 -1 -2,1,"[0.5924603939056396, 0.062234941869974136, 0.03779587894678116, 0.23454327881336212, 0.06661191582679749, 0.006353562697768211]"
1 1 -1 13 -1 15 -1 16 -1 18 -1 21 -1 22 -1 26 -1 27 -1 28 -1 29 -1 28 -1 30 -1 -2,1,"[0.8829420208930969, 0.019953742623329163, 0.024506930261850357, 0.007483864668756723, 0.06308409571647644, 0.0020293407142162323]"
1 1 -1 4 -1 6 -1 11 -1 10 -1 9 -1 13 -1 12 -1 13 -1 16 -1 15 -1 18 -1 22 -1 23 -1 21 -1 22 -1 27 -1 28 -1 30 -1 39 -1 -2,1,"[0.5821011662483215, 0.07783504575490952, 0.0267832912504673, 0.019641662016510963, 0.2823486328125, 0.011290215887129307]"
1 1 -1 6 -1 9 -1 13 -1 15 -1 16 -1 18 -1 19 -1 22 -1 21 -1 27 -1 28 -1 29 -1 28 -1 33 -1 -2,1,"[0.6392192244529724, 0.05493644252419472, 0.05379189923405647, 0.010796246118843555, 0.23292644321918488, 0.008329804986715317]"
1 1 -1 13 -1 16 -1 15 -1 19 -1 18 -1 19 -1 20 -1 23 -1 22 -1 21 -1 27 -1 28 -1 29 -1 28 -1 -2,1,"[0.8413806557655334, 0.026368113234639168, 0.02945464290678501, 0.010695592500269413, 0.08834616839885712, 0.00375486072152853]"
1 1 -1 11 -1 13 -1 12 -1 13 -1 12 -1 13 -1 17 -1 15 -1 16 -1 15 -1 16 -1 15 -1 18 -1 21 -1 27 -1 28 -1 30 -1 -2,1,"[0.889775276184082, 0.020897872745990753, 0.02986922487616539, 0.014615236781537533, 0.04283904284238815, 0.002003378001973033]"
1 1 -1 13 -1 17 -1 16 -1 15 -1 16 -1 18 -1 19 -1 20 -1 21 -1 27 -1 28 -1 30 -1 31 -1 32 -1 -2,1,"[0.7960394620895386, 0.04141957312822342, 0.0284541267901659, 0.07473274320363998, 0.056520357728004456, 0.002833716804161668]"
1 1 -1 6 -1 9 -1 13 -1 12 -1 13 -1 12 -1 13 -1 16 -1 15 -1 18 -1 21 -1 27 -1 28 -1 30 -1 -2,1,"[0.8084816932678223, 0.0370122529566288, 0.0488305538892746, 0.024814259260892868, 0.0763811245560646, 0.0044801016338169575]"
1 1 -1 6 -1 9 -1 13 -1 14 -1 13 -1 12 -1 13 -1 15 -1 16 -1 15 -1 16 -1 18 -1 21 -1 27 -1 28 -1 29 -1 28 -1 -2,1,"[0.8975294232368469, 0.017567971721291542, 0.022497937083244324, 0.009717052802443504, 0.050579991191625595, 0.0021077364217489958]"
1 1 -1 13 -1 15 -1 16 -1 15 -1 16 -1 15 -1 18 -1 21 -1 22 -1 21 -1 27 -1 28 -1 29 -1 30 -1 31 -1 32 -1 -2,1,"[0.43486669659614563, 0.0797920823097229, 0.0377972237765789, 0.3478342592716217, 0.08734412491321564, 0.012365588918328285]"
1 1 -1 6 -1 9 -1 13 -1 12 -1 13 -1 15 -1 16 -1 15 -1 16 -1 15 -1 16 -1 18 -1 19 -1 18 -1 23 -1 22 -1 21 -1 27 -1 28 -1 29 -1 28 -1 -2,1,"[0.8645707368850708, 0.022958815097808838, 0.02472076565027237, 0.009840486571192741, 0.07482672482728958, 0.0030824746936559677]"
1 1 -1 6 -1 9 -1 13 -1 16 -1 15 -1 18 -1 21 -1 27 -1 28 -1 29 -1 28 -1 30 -1 -2,1,"[0.913151741027832, 0.014932702295482159, 0.022278644144535065, 0.007020161021500826, 0.04118340462446213, 0.0014333096332848072]"
1 1 -1 13 -1 15 -1 18 -1 21 -1 22 -1 21 -1 27 -1 28 -1 -2,1,"[0.7018060684204102, 0.05988232046365738, 0.0390230268239975, 0.05138241872191429, 0.13678058981895447, 0.011125527322292328]"
1 1 -1 11 -1 10 -1 9 -1 13 -1 12 -1 13 -1 15 -1 17 -1 15 -1 16 -1 18 -1 19 -1 20 -1 23 -1 21 -1 22 -1 26 -1 27 -1 28 -1 29 -1 28 -1 30 -1 40 -1 -2,1,"[0.6439839005470276, 0.05556296184659004, 0.04149179905653, 0.009099365212023258, 0.24425840377807617, 0.005603529512882233]"
1 1 -1 11 -1 13 -1 15 -1 16 -1 15 -1 18 -1 21 -1 24 -1 25 -1 26 -1 27 -1 28 -1 29 -1 28 -1 30 -1 -2,1,"[0.8307638168334961, 0.029607241973280907, 0.024237176403403282, 0.009770859032869339, 0.10229367762804031, 0.0033271568827331066]"
1 1 -1 13 -1 15 -1 16 -1 15 -1 16 -1 15 -1 16 -1 18 -1 21 -1 22 -1 27 -1 28 -1 29 -1 28 -1 30 -1 31 -1 32 -1 -2,1,"[0.8243246674537659, 0.03749340400099754, 0.024439368396997452, 0.048853009939193726, 0.06249783933162689, 0.002391768852248788]"
1 1 -1 6 -1 9 -1 13 -1 16 -1 15 -1 17 -1 15 -1 16 -1 15 -1 16 -1 18 -1 19 -1 20 -1 22 -1 21 -1 22 -1 23 -1 27 -1 28 -1 39 -1 -2,1,"[0.5447143316268921, 0.08310021460056305, 0.02158244699239731, 0.02155781351029873, 0.3131888806819916, 0.01585637405514717]"
1 1 -1 11 -1 13 -1 15 -1 18 -1 21 -1 23 -1 22 -1 21 -1 26 -1 27 -1 28 -1 29 -1 28 -1 32 -1 -2,1,"[0.8535122871398926, 0.02656981348991394, 0.029474414885044098, 0.02460993267595768, 0.06403475999832153, 0.0017987994942814112]"
1 1 -1 6 -1 11 -1 10 -1 9 -1 13 -1 17 -1 15 -1 18 -1 19 -1 21 -1 22 -1 21 -1 27 -1 28 -1 29 -1 28 -1 32 -1 -2,1,"[0.8753615617752075, 0.021593092009425163, 0.0325680710375309, 0.022612491622567177, 0.04644140228629112, 0.0014233250403776765]"
1 1 -1 6 -1 9 -1 13 -1 12 -1 13 -1 12 -1 15 -1 16 -1 15 -1 19 -1 18 -1 19 -1 18 -1 19 -1 21 -1 27 -1 28 -1 29 -1 28 -1 32 -1 -2,1,"[0.7865892648696899, 0.04087270796298981, 0.03342225402593613, 0.036376435309648514, 0.09967911243438721, 0.0030602733604609966]"
1 1 -1 12 -1 13 -1 15 -1 16 -1 15 -1 19 -1 18 -1 22 -1 21 -1 27 -1 28 -1 -2,1,"[0.7446986436843872, 0.050272513180971146, 0.0329265333712101, 0.02994045801460743, 0.1320827156305313, 0.010079087689518929]"
1 1 -1 11 -1 13 -1 15 -1 18 -1 21 -1 22 -1 27 -1 28 -1 30 -1 31 -1 32 -1 -2,1,"[0.6792265772819519, 0.06504014134407043, 0.029926404356956482, 0.13383440673351288, 0.08652947843074799, 0.005443008150905371]"
1 1 -1 6 -1 13 -1 15 -1 16 -1 15 -1 16 -1 18 -1 19 -1 22 -1 21 -1 22 -1 21 -1 26 -1 27 -1 28 -1 29 -1 28 -1 32 -1 -2,1,"[0.8562958240509033, 0.025777872651815414, 0.029865028336644173, 0.023562882095575333, 0.06276123225688934, 0.00173710728995502]"
1 1 -1 6 -1 13 -1 16 -1 15 -1 16 -1 15 -1 16 -1 15 -1 19 -1 18 -1 19 -1 20 -1 21 -1 22 -1 27 -1 28 -1 29 -1 28 -1 32 -1 -2,1,"[0.8703191876411438, 0.022726669907569885, 0.03156932070851326, 0.022625170648097992, 0.05125102028250694, 0.0015086316270753741]"
1 1 -1 6 -1 11 -1 10 -1 9 -1 13 -1 15 -1 16 -1 15 -1 18 -1 22 -1 23 -1 21 -1 22 -1 27 -1 28 -1 29 -1 28 -1 30 -1 -2,1,"[0.9076368808746338, 0.015483074821531773, 0.02387368679046631, 0.006653261836618185, 0.04483550786972046, 0.0015175353037193418]"
1 1 -1 13 -1 15 -1 16 -1 15 -1 18 -1 22 -1 23 -1 22 -1 21 -1 27 -1 28 -1 29 -1 28 -1 -2,1,"[0.8707667589187622, 0.021568939089775085, 0.02665485069155693, 0.009848188608884811, 0.06827032566070557, 0.0028909817337989807]"
1 1 -1 13 -1 12 -1 13 -1 15 -1 16 -1 15 -1 18 -1 21 -1 27 -1 28 -1 29 -1 28 -1 -2,1,"[0.8773185610771179, 0.020840393379330635, 0.025967130437493324, 0.010446173138916492, 0.06272616237401962, 0.0027016664389520884]"
1 1 -1 6 -1 9 -1 13 -1 17 -1 15 -1 18 -1 21 -1 23 -1 22 -1 21 -1 27 -1 28 -1 30 -1 31 -1 32 -1 39 -1 -2,1,"[0.6128162145614624, 0.09071708470582962, 0.020459407940506935, 0.09371650218963623, 0.17252188920974731, 0.009768950752913952]"
1 1 -1 6 -1 9 -1 13 -1 14 -1 13 -1 15 -1 18 -1 19 -1 18 -1 21 -1 26 -1 27 -1 28 -1 29 -1 28 -1 30 -1 -2,1,"[0.8597413301467896, 0.02457387000322342, 0.02494967356324196, 0.008822358213365078, 0.0792880430817604, 0.002624739892780781]"
1 1 -1 13 -1 17 -1 15 -1 18 -1 22 -1 23 -1 22 -1 21 -1 27 -1 28 -1 -2,1,"[0.690937340259552, 0.06029152870178223, 0.04278218373656273, 0.04358699172735214, 0.14923164248466492, 0.013170289807021618]"
1 1 -1 11 -1 13 -1 12 -1 13 -1 17 -1 16 -1 15 -1 18 -1 19 -1 20 -1 21 -1 27 -1 28 -1 29 -1 28 -1 -2,1,"[0.8446189165115356, 0.02543204464018345, 0.03257664665579796, 0.010894027538597584, 0.08298042416572571, 0.0034978725016117096]"
1 1 -1 13 -1 17 -1 15 -1 16 -1 15 -1 16 -1 15 -1 18 -1 21 -1 26 -1 27 -1 28 -1 32 -1 -2,1,"[0.8664363622665405, 0.02645053155720234, 0.020327651873230934, 0.03472178056836128, 0.05035582184791565, 0.0017078007804229856]"
2 1 -1 2 -1 1 -1 5 -1 8 -1 11 -1 10 -1 11 -1 13 -1 12 -1 13 -1 12 -1 13 -1 12 -1 13 -1 12 -1 13 -1 16 -1 15 -1 17 -1 16 -1 17 -1 15 -1 17 -1 15 -1 16 -1 15 -1 18 -1 19 -1 18 -1 19 -1 20 -1 22 -1 23 -1 22 -1 23 -1 22 -1 27 -1 28 -1 29 -1 28 -1 27 -1 28 -1 30 -1 35 -1 36 -1 41 -1 40 -1 39 -1 -2,2,"[0.04277675598859787, 0.1686389446258545, 0.02008642442524433, 0.03253316506743431, 0.6486262679100037, 0.08733844757080078]"
2 1 -1 2 -1 1 -1 8 -1 11 -1 13 -1 12 -1 13 -1 12 -1 13 -1 12 -1 13 -1 12 -1 13 -1 12 -1 13 -1 12 -1 13 -1 15 -1 16 -1 15 -1 16 -1 18 -1 19 -1 18 -1 19 -1 20 -1 19 -1 18 -1 19 -1 22 -1 27 -1 28 -1 27 -1 28 -1 29 -1 39 -1 -2,2,"[0.03861667960882187, 0.15030479431152344, 0.010868397541344166, 0.03241567686200142, 0.6685498356819153, 0.09924457222223282]"
2 1 -1 2 -1 1 -1 3 -1 8 -1 9 -1 13 -1 12 -1 13 -1 12 -1 13 -1 12 -1 13 -1 12 -1 13 -1 12 -1 13 -1 12 -1 13 -1 16 -1 15 -1 16 -1 17 -1 16 -1 15 -1 18 -1 19 -1 20 -1 19 -1 18 -1 19 -1 18 -1 19 -1 21 -1 22 -1 21 -1 23 -1 22 -1 21 -1 22 -1 22 -1 21 -1 22 -1 21 -1 22 -1 27 -1 28 -1 27 -1 28 -1 29 -1 30 -1 35 -1 36 -1 -2,2,"[0.014745094813406467, 0.14302535355091095, 0.11923668533563614, 0.6139877438545227, 0.05633204057812691, 0.05267312005162239]"
2 1 -1 2 -1 1 -1 2 -1 5 -1 4 -1 3 -1 8 -1 11 -1 10 -1 9 -1 13 -1 12 -1 13 -1 12 -1 13 -1 12 -1 13 -1 15 -1 16 -1 17 -1 16 -1 15 -1 16 -1 15 -1 16 -1 15 -1 16 -1 15 -1 16 -1 18 -1 19 -1 18 -1 19 -1 18 -1 19 -1 20 -1 19 -1 18 -1 22 -1 21 -1 23 -1 21 -1 22 -1 23 -1 21 -1 23 -1 22 -1 26 -1 27 -1 28 -1 29 -1 28 -1 27 -1 32 -1 35 -1 40 -1 41 -1 -2,2,"[0.34045371413230896, 0.14595456421375275, 0.036080438643693924, 0.07246889919042587, 0.3590087890625, 0.0460335947573185]"
2 1 -1 3 -1 6 -1 13 -1 12 -1 13 -1 12 -1 13 -1 12 -1 13 -1 15 -1 17 -1 15 -1 17 -1 15 -1 17 -1 16 -1 15 -1 18 -1 19 -1 20 -1 19 -1 23 -1 22 -1 21 -1 22 -1 21 -1 22 -1 23 -1 22 -1 21 -1 22 -1 21 -1 22 -1 23 -1 22 -1 27 -1 28 -1 29 -1 32 -1 31 -1 32 -1 33 -1 36 -1 37 -1 38 -1 41 -1 -2,2,"[0.0817195326089859, 0.1660744696855545, 0.4199094772338867, 0.07770378142595291, 0.14297892153263092, 0.11161378771066666]"
2 1 -1 5 -1 6 -1 13 -1 12 -1 13 -1 12 -1 13 -1 18 -1 19 -1 23 -1 21 -1 22 -1 21 -1 22 -1 27 -1 30 -1 35 -1 33 -1 38 -1 36 -1 -2,2,"[0.12208092212677002, 0.21537604928016663, 0.07991916686296463, 0.23939290642738342, 0.21754369139671326, 0.12568725645542145]"
2 1 -1 2 -1 1 -1 3 -1 6 -1 7 -1 8 -1 11 -1 10 -1 9 -1 10 -1 9 -1 13 -1 12 -1 13 -1 12 -1 13 -1 12 -1 13 -1 12 -1 13 -1 16 -1 15 -1 18 -1 19 -1 18 -1 19 -1 20 -1 19 -1 22 -1 21 -1 23 -1 22 -1 21 -1 22 -1 23 -1 27 -1 28 -1 27 -1 37 -1 41 -1 -2,2,"[0.02904440462589264, 0.20626915991306305, 0.046752411872148514, 0.060161441564559937, 0.32164862751960754, 0.3361239731311798]"
2 1 -1 2 -1 1 -1 5 -1 4 -1 3 -1 6 -1 7 -1 6 -1 7 -1 6 -1 9 -1 10 -1 9 -1 13 -1 12 -1 13 -1 14 -1 13 -1 12 -1 13 -1 12 -1 13 -1 17 -1 15 -1 17 -1 15 -1 16 -1 15 -1 16 -1 18 -1 19 -1 20 -1 19 -1 18 -1 19 -1 23 -1 22 -1 21 -1 22 -1 23 -1 21 -1 22 -1 21 -1 22 -1 23 -1 22 -1 26 -1 27 -1 28 -1 29 -1 28 -1 27 -1 35 -1 34 -1 33 -1 -2,2,"[0.04530284181237221, 0.1575472205877304, 0.021588191390037537, 0.05492045730352402, 0.6108858585357666, 0.10975535959005356]"
2 1 -1 5 -1 11 -1 10 -1 9 -1 13 -1 12 -1 13 -1 17 -1 15 -1 18 -1 27 -1 28 -1 30 -1 39 -1 -2,2,"[0.4720999598503113, 0.09841945767402649, 0.023831870406866074, 0.024731703102588654, 0.36505088210105896, 0.015866151079535484]"
2 1 -1 2 -1 1 -1 5 -1 4 -1 5 -1 11 -1 13 -1 12 -1 13 -1 12 -1 13 -1 12 -1 13 -1 12 -1 13 -1 12 -1 13 -1 12 -1 13 -1 15 -1 16 -1 15 -1 18 -1 19 -1 18 -1 19 -1 20 -1 21 -1 22 -1 21 -1 22 -1 21 -1 22 -1 23 -1 27 -1 28 -1 27 -1 28 -1 29 -1 28 -1 -2,2,"[0.18854357302188873, 0.14327207207679749, 0.2711470127105713, 0.03443075343966484, 0.335323691368103, 0.02728292904794216]"
2 1 -1 2 -1 1 -1 6 -1 11 -1 13 -1 14 -1 13 -1 12 -1 13 -1 12 -1 13 -1 12 -1 13 -1 15 -1 16 -1 15 -1 16 -1 18 -1 19 -1 18 -1 22 -1 21 -1 22 -1 22 -1 21 -1 23 -1 27 -1 28 -1 27 -1 28 -1 30 -1 31 -1 32 -1 33 -1 34 -1 -2,2,"[0.21636907756328583, 0.17783112823963165, 0.03721196949481964, 0.1479271650314331, 0.3786167502403259, 0.04204389080405235]"
2 1 -1 2 -1 1 -1 3 -1 6 -1 7 -1 6 -1 9 -1 10 -1 9 -1 13 -1 12 -1 13 -1 12 -1 13 -1 12 -1 13 -1 14 -1 13 -1 12 -1 13 -1 12 -1 13 -1 12 -1 13 -1 17 -1 15 -1 16 -1 17 -1 16 -1 15 -1 16 -1 18 -1 19 -1 18 -1 21 -1 22 -1 21 -1 22 -1 27 -1 28 -1 27 -1 28 -1 39 -1 -2,2,"[0.027877893298864365, 0.2127617746591568, 0.1255500465631485, 0.02199055813252926, 0.551731526851654, 0.06008812412619591]"
2 1 -1 2 -1 1 -1 6 -1 9 -1 13 -1 12 -1 13 -1 12 -1 13 -1 12 -1 13 -1 12 -1 13 -1 12 -1 13 -1 12 -1 13 -1 16 -1 15 -1 18 -1 19 -1 20 -1 19 -1 18 -1 19 -1 20 -1 22 -1 21 -1 22 -1 21 -1 22 -1 22 -1 21 -1 22 -1 26 -1 27 -1 28 -1 29 -1 28 -1 27 -1 28 -1 29 -1 28 -1 37 -1 41 -1 40 -1 39 -1 -2,2,"[0.012956088408827782, 0.17837084829807281, 0.019379470497369766, 0.032454073429107666, 0.5551758408546448, 0.20166371762752533]"
2 1 -1 2 -1 1 -1 3 -1 6 -1 9 -1 10 -1 9 -1 13 -1 14 -1 13 -1 12 -1 13 -1 12 -1 13 -1 12 -1 13 -1 12 -1 13 -1 12 -1 13 -1 17 -1 15 -1 16 -1 15 -1 16 -1 15 -1 16 -1 15 -1 16 -1 15 -1 18 -1 19 -1 18 -1 21 -1 22 -1 21 -1 22 -1 23 -1 27 -1 28 -1 27 -1 28 -1 29 -1 28 -1 29 -1 28 -1 32 -1 36 -1 40 -1 -2,2,"[0.4620564579963684, 0.13312648236751556, 0.021861577406525612, 0.07489440590143204, 0.2921876907348633, 0.015873458236455917]"
2 1 -1 6 -1 13 -1 12 -1 13 -1 12 -1 13 -1 17 -1 15 -1 16 -1 15 -1 18 -1 19 -1 20 -1 22 -1 23 -1 27 -1 28 -1 29 -1 28 -1 41 -1 -2,2,"[0.7345240116119385, 0.03988228365778923, 0.04487623646855354, 0.0063935089856386185, 0.1682276427745819, 0.006096314638853073]"
2 1 -1 2 -1 1 -1 5 -1 4 -1 5 -1 4 -1 3 -1 4 -1 3 -1 6 -1 7 -1 6 -1 11 -1 10 -1 9 -1 13 -1 12 -1 13 -1 12 -1 13 -1 12 -1 13 -1 12 -1 13 -1 12 -1 13 -1 12 -1 13 -1 12 -1 13 -1 12 -1 13 -1 17 -1 15 -1 16 -1 15 -1 16 -1 15 -1 16 -1 17 -1 15 -1 16 -1 15 -1 16 -1 15 -1 16 -1 18 -1 19 -1 18 -1 19 -1 18 -1 19 -1 18 -1 21 -1 22 -1 23 -1 22 -1 21 -1 22 -1 23 -1 22 -1 21 -1 22 -1 21 -1 22 -1 27 -1 28 -1 27 -1 28 -1 27 -1 28 -1 29 -1 28 -1 32 -1 36 -1 37 -1 36 -1 40 -1 -2,2,"[0.05093468725681305, 0.2063419669866562, 0.030795378610491753, 0.33152827620506287, 0.2529502213001251, 0.12744949758052826]"
2 9 -1 13 -1 12 -1 13 -1 12 -1 13 -1 15 -1 16 -1 15 -1 16 -1 18 -1 19 -1 22 -1 21 -1 22 -1 23 -1 27 -1 32 -1 -2,2,"[0.02960365079343319, 0.12709921598434448, 0.029462626203894615, 0.629866361618042, 0.12336523085832596, 0.06060288846492767]"
2 1 -1 2 -1 1 -1 3 -1 13 -1 12 -1 13 -1 12 -1 13 -1 12 -1 13 -1 12 -1 13 -1 12 -1 13 -1 12 -1 13 -1 15 -1 16 -1 15 -1 18 -1 19 -1 18 -1 19 -1 18 -1 19 -1 22 -1 23 -1 21 -1 22 -1 21 -1 22 -1 21 -1 22 -1 27 -1 28 -1 27 -1 34 -1 -2,2,"[0.00846130307763815, 0.2609008252620697, 0.0727594792842865, 0.1131894662976265, 0.32134371995925903, 0.22334520518779755]"
2 1 -1 2 -1 1 -1 2 -1 1 -1 5 -1 6 -1 11 -1 10 -1 9 -1 10 -1 11 -1 10 -1 9 -1 10 -1 9 -1 13 -1 12 -1 13 -1 12 -1 13 -1 12 -1 13 -1 12 -1 13 -1 12 -1 13 -1 12 -1 13 -1 15 -1 16 -1 15 -1 16 -1 15 -1 16 -1 17 -1 15 -1 16 -1 15 -1 16 -1 15 -1 18 -1 19 -1 18 -1 19 -1 18 -1 19 -1 22 -1 22 -1 21 -1 22 -1 21 -1 22 -1 21 -1 23 -1 22 -1 26 -1 27 -1 28 -1 29 -1 28 -1 27 -1 28 -1 29 -1 28 -1 27 -1 30 -1 31 -1 30 -1 36 -1 41 -1 40 -1 -2,2,"[0.4651252329349518, 0.1275586485862732, 0.03999492526054382, 0.045637451112270355, 0.29226672649383545, 0.029417017474770546]"
2 1 -1 13 -1 12 -1 13 -1 12 -1 13 -1 15 -1 18 -1 19 -1 22 -1 21 -1 22 -1 27 -1 -2,2,"[0.00450185127556324, 0.18670424818992615, 0.022560741752386093, 0.17931871116161346, 0.24851858615875244, 0.35839593410491943]"
2 1 -1 2 -1 6 -1 13 -1 12 -1 13 -1 12 -1 13 -1 15 -1 16 -1 15 -1 16 -1 15 -1 16 -1 18 -1 19 -1 18 -1 19 -1 22 -1 23 -1 27 -1 28 -1 29 -1 30 -1 31 -1 32 -1 36 -1 -2,2,"[0.40478551387786865, 0.10896486043930054, 0.025441287085413933, 0.3351333737373352, 0.10816109925508499, 0.01751379854977131]"
2 3 -1 4 -1 6 -1 11 -1 10 -1 9 -1 13 -1 12 -1 13 -1 15 -1 16 -1 18 -1 19 -1 22 -1 27 -1 36 -1 -2,2,"[0.11328577995300293, 0.20628684759140015, 0.01511759590357542, 0.22753790020942688, 0.31863147020339966, 0.11914041638374329]"
2 1 -1 6 -1 11 -1 10 -1 9 -1 13 -1 12 -1 13 -1 12 -1 13 -1 15 -1 18 -1 19 -1 22 -1 21 -1 22 -1 21 -1 22 -1 21 -1 22 -1 27 -1 36 -1 40 -1 -2,2,"[0.010705842636525631, 0.1612219661474228, 0.0690930038690567, 0.4569687843322754, 0.112935371696949, 0.18907497823238373]"
2 1 -1 2 -1 9 -1 13 -1 12 -1 13 -1 12 -1 13 -1 15 -1 18 -1 22 -1 21 -1 22 -1 23 -1 27 -1 39 -1 -2,2,"[0.00970448274165392, 0.18113522231578827, 0.013956158421933651, 0.13127022981643677, 0.3689729571342468, 0.29496097564697266]"
2 1 -1 2 -1 1 -1 11 -1 13 -1 12 -1 13 -1 12 -1 13 -1 12 -1 13 -1 12 -1 13 -1 12 -1 13 -1 12 -1 13 -1 15 -1 16 -1 15 -1 16 -1 15 -1 16 -1 18 -1 19 -1 18 -1 19 -1 22 -1 21 -1 23 -1 22 -1 21 -1 22 -1 21 -1 22 -1 27 -1 28 -1 27 -1 30 -1 36 -1 -2,2,"[0.04262867942452431, 0.21543332934379578, 0.03542438521981239, 0.43939483165740967, 0.169393390417099, 0.09772537648677826]"
2 1 -1 2 -1 3 -1 7 -1 6 -1 9 -1 13 -1 12 -1 13 -1 12 -1 13 -1 12 -1 13 -1 12 -1 13 -1 12 -1 13 -1 15 -1 16 -1 15 -1 16 -1 17 -1 16 -1 15 -1 17 -1 16 -1 15 -1 16 -1 15 -1 18 -1 19 -1 18 -1 19 -1 23 -1 22 -1 21 -1 23 -1 22 -1 21 -1 22 -1 23 -1 27 -1 28 -1 29 -1 28 -1 27 -1 -2,2,"[0.2202555537223816, 0.12346483767032623, 0.02101893164217472, 0.020413676276803017, 0.5830492377281189, 0.03179781511425972]"
2 1 -1 2 -1 13 -1 12 -1 13 -1 12 -1 13 -1 16 -1 17 -1 16 -1 15 -1 16 -1 18 -1 22 -1 21 -1 22 -1 27 -1 28 -1 -2,2,"[0.22704772651195526, 0.10407380014657974, 0.30891937017440796, 0.21160785853862762, 0.12230338901281357, 0.026047851890325546]"
2 1 -1 2 -1 9 -1 13 -1 12 -1 13 -1 12 -1 13 -1 14 -1 13 -1 12 -1 13 -1 16 -1 15 -1 16 -1 15 -1 18 -1 22 -1 23 -1 21 -1 22 -1 29 -1 28 -1 27 -1 28 -1 29 -1 32 -1 -2,2,"[0.23950648307800293, 0.17125914990901947, 0.030458595603704453, 0.18413951992988586, 0.3513905107975006, 0.023245736956596375]"
2 1 -1 2 -1 1 -1 3 -1 6 -1 11 -1 13 -1 12 -1 13 -1 12 -1 13 -1 12 -1 13 -1 12 -1 13 -1 12 -1 13 -1 12 -1 13 -1 15 -1 16 -1 15 -1 16 -1 15 -1 16 -1 17 -1 16 -1 15 -1 17 -1 15 -1 18 -1 19 -1 18 -1 19 -1 20 -1 19 -1 18 -1 22 -1 21 -1 22 -1 21 -1 22 -1 21 -1 22 -1 27 -1 28 -1 29 -1 28 -1 27 -1 28 -1 32 -1 36 -1 -2,2,"[0.38584840297698975, 0.15514257550239563, 0.023205704987049103, 0.12188994884490967, 0.2984227240085602, 0.015490596182644367]"
2 1 -1 2 -1 1 -1 9 -1 13 -1 12 -1 13 -1 12 -1 13 -1 12 -1 13 -1 12 -1 13 -1 12 -1 13 -1 12 -1 13 -1 17 -1 15 -1 16 -1 17 -1 15 -1 18 -1 19 -1 18 -1 22 -1 23 -1 21 -1 22 -1 21 -1 22 -1 23 -1 27 -1 28 -1 29 -1 28 -1 27 -1 28 -1 33 -1 34 -1 36 -1 39 -1 -2,2,"[0.025368280708789825, 0.21681828796863556, 0.018249064683914185, 0.09121288359165192, 0.5471864342689514, 0.10116500407457352]"
2 1 -1 2 -1 13 -1 12 -1 13 -1 12 -1 13 -1 12 -1 15 -1 18 -1 19 -1 18 -1 21 -1 22 -1 27 -1 -2,2,"[0.004336442332714796, 0.19526155292987823, 0.031559497117996216, 0.17720027267932892, 0.20750072598457336, 0.3841415345668793]"
2 1 -1 2 -1 11 -1 10 -1 9 -1 12 -1 13 -1 12 -1 13 -1 12 -1 15 -1 17 -1 16 -1 17 -1 16 -1 15 -1 16 -1 18 -1 22 -1 21 -1 22 -1 27 -1 39 -1 -2,2,"[0.011676334775984287, 0.23121745884418488, 0.13573825359344482, 0.2224286049604416, 0.21760602295398712, 0.18133334815502167]"
2 1 -1 2 -1 1 -1 2 -1 1 -1 5 -1 4 -1 3 -1 4 -1 9 -1 10 -1 9 -1 10 -1 9 -1 12 -1 13 -1 12 -1 13 -1 12 -1 13 -1 12 -1 13 -1 12 -1 13 -1 12 -1 13 -1 12 -1 13 -1 12 -1 13 -1 12 -1 13 -1 12 -1 13 -1 16 -1 15 -1 16 -1 15 -1 17 -1 16 -1 15 -1 16 -1 17 -1 15 -1 16 -1 15 -1 18 -1 19 -1 18 -1 19 -1 18 -1 19 -1 18 -1 22 -1 21 -1 22 -1 21 -1 22 -1 23 -1 22 -1 21 -1 23 -1 21 -1 22 -1 27 -1 28 -1 29 -1 28 -1 29 -1 28 -1 27 -1 28 -1 27 -1 28 -1 32 -1 31 -1 30 -1 31 -1 30 -1 -2,2,"[0.10903285443782806, 0.1296791434288025, 0.08022946864366531, 0.5171261429786682, 0.11287777870893478, 0.05105455592274666]"
2 1 -1 9 -1 13 -1 12 -1 13 -1 12 -1 13 -1 12 -1 13 -1 17 -1 15 -1 18 -1 19 -1 18 -1 22 -1 21 -1 22 -1 27 -1 28 -1 -2,2,"[0.044982247054576874, 0.10970965027809143, 0.6334275007247925, 0.043852727860212326, 0.09456974267959595, 0.07345815002918243]"
2 1 -1 2 -1 1 -1 2 -1 5 -1 4 -1 3 -1 11 -1 13 -1 12 -1 13 -1 12 -1 13 -1 12 -1 13 -1 12 -1 13 -1 15 -1 17 -1 16 -1 15 -1 18 -1 19 -1 18 -1 19 -1 18 -1 22 -1 23 -1 22 -1 21 -1 22 -1 21 -1 22 -1 27 -1 28 -1 29 -1 28 -1 27 -1 28 -1 30 -1 31 -1 30 -1 -2,2,"[0.08153260499238968, 0.25605902075767517, 0.23491990566253662, 0.10359037667512894, 0.2707875072956085, 0.053110573440790176]"
2 1 -1 2 -1 1 -1 2 -1 1 -1 2 -1 6 -1 13 -1 12 -1 13 -1 12 -1 13 -1 12 -1 13 -1 12 -1 13 -1 12 -1 13 -1 12 -1 13 -1 12 -1 13 -1 12 -1 13 -1 12 -1 13 -1 12 -1 15 -1 17 -1 16 -1 15 -1 16 -1 15 -1 16 -1 15 -1 16 -1 15 -1 16 -1 17 -1 15 -1 16 -1 18 -1 19 -1 18 -1 19 -1 18 -1 19 -1 18 -1 19 -1 18 -1 22 -1 23 -1 21 -1 22 -1 21 -1 22 -1 21 -1 22 -1 23 -1 21 -1 22 -1 21 -1 22 -1 28 -1 27 -1 28 -1 27 -1 28 -1 27 -1 32 -1 -2,2,"[0.02365727722644806, 0.26523327827453613, 0.04446708783507347, 0.26597338914871216, 0.3452295958995819, 0.05543939024209976]"
2 1 -1 6 -1 11 -1 10 -1 9 -1 12 -1 13 -1 12 -1 13 -1 12 -1 13 -1 16 -1 17 -1 15 -1 16 -1 15 -1 18 -1 19 -1 18 -1 23 -1 21 -1 27 -1 28 -1 32 -1 -2,2,"[0.5733678340911865, 0.08884863555431366, 0.050787683576345444, 0.11858095973730087, 0.16048209369182587, 0.007932743057608604]"
2 1 -1 2 -1 6 -1 13 -1 17 -1 16 -1 15 -1 18 -1 21 -1 22 -1 21 -1 27 -1 -2,2,"[0.10185873508453369, 0.16044533252716064, 0.013647225685417652, 0.4093572199344635, 0.2513212263584137, 0.06337029486894608]"
2 1 -1 13 -1 12 -1 13 -1 12 -1 13 -1 15 -1 16 -1 15 -1 18 -1 22 -1 21 -1 23 -1 27 -1 28 -1 -2,2,"[0.6414361000061035, 0.06944585591554642, 0.060041144490242004, 0.04173258692026138, 0.17108142375946045, 0.01626291312277317]"
2 1 -1 13 -1 12 -1 13 -1 12 -1 13 -1 15 -1 16 -1 17 -1 16 -1 15 -1 16 -1 18 -1 19 -1 22 -1 21 -1 22 -1 27 -1 30 -1 -2,2,"[0.03760847821831703, 0.184348464012146, 0.04138016328215599, 0.38193297386169434, 0.21199461817741394, 0.1427353322505951]"
2 1 -1 6 -1 13 -1 12 -1 13 -1 12 -1 13 -1 16 -1 15 -1 16 -1 15 -1 16 -1 18 -1 19 -1 20 -1 19 -1 22 -1 23 -1 22 -1 21 -1 22 -1 23 -1 27 -1 28 -1 29 -1 -2,2,"[0.11476274579763412, 0.18335694074630737, 0.029064888134598732, 0.0986124575138092, 0.5013365745544434, 0.07286638021469116]"
2 1 -1 2 -1 1 -1 7 -1 13 -1 12 -1 13 -1 12 -1 13 -1 12 -1 13 -1 12 -1 13 -1 12 -1 13 -1 15 -1 17 -1 15 -1 16 -1 15 -1 18 -1 19 -1 18 -1 19 -1 18 -1 19 -1 22 -1 21 -1 23 -1 21 -1 22 -1 23 -1 21 -1 22 -1 27 -1 28 -1 29 -1 28 -1 27 -1 30 -1 36 -1 -2,2,"[0.09863275289535522, 0.254324346780777, 0.03489801660180092, 0.22970710694789886, 0.3153504729270935, 0.06708734482526779]"
2 1 -1 9 -1 13 -1 12 -1 13 -1 12 -1 13 -1 12 -1 13 -1 15 -1 16 -1 15 -1 16 -1 18 -1 19 -1 22 -1 21 -1 22 -1 27 -1 28 -1 29 -1 -2,2,"[0.04241050407290459, 0.1984672248363495, 0.04341203719377518, 0.18526673316955566, 0.4250440299510956, 0.10539936274290085]"
2 1 -1 3 -1 7 -1 6 -1 11 -1 13 -1 12 -1 13 -1 12 -1 13 -1 12 -1 13 -1 16 -1 15 -1 18 -1 19 -1 18 -1 19 -1 22 -1 21 -1 22 -1 27 -1 -2,2,"[0.006058142054826021, 0.19097332656383514, 0.016455406323075294, 0.1273864507675171, 0.3386293053627014, 0.3204973340034485]"
2 1 -1 2 -1 1 -1 2 -1 1 -1 2 -1 3 -1 4 -1 6 -1 7 -1 6 -1 9 -1 13 -1 12 -1 13 -1 12 -1 13 -1 12 -1 13 -1 12 -1 13 -1 12 -1 13 -1 12 -1 13 -1 12 -1 13 -1 12 -1 13 -1 15 -1 16 -1 15 -1 17 -1 16 -1 15 -1 17 -1 16 -1 15 -1 16 -1 15 -1 18 -1 19 -1 18 -1 19 -1 18 -1 19 -1 18 -1 19 -1 18 -1 19 -1 22 -1 21 -1 22 -1 23 -1 21 -1 23 -1 21 -1 22 -1 21 -1 22 -1 23 -1 27 -1 28 -1 27 -1 28 -1 27 -1 30 -1 37 -1 36 -1 40 -1 41 -1 40 -1 39 -1 -2,2,"[0.028007199987769127, 0.15971457958221436, 0.019121835008263588, 0.024684736505150795, 0.6090197563171387, 0.15945185720920563]"
2 1 -1 13 -1 12 -1 13 -1 12 -1 13 -1 12 -1 13 -1 16 -1 15 -1 18 -1 19 -1 22 -1 21 -1 23 -1 22 -1 27 -1 32 -1 -2,2,"[0.00792359933257103, 0.10788888484239578, 0.07165700197219849, 0.6712600588798523, 0.05899793654680252, 0.08227258175611496]"
2 1 -1 2 -1 1 -1 2 -1 1 -1 2 -1 1 -1 3 -1 13 -1 12 -1 13 -1 12 -1 13 -1 12 -1 13 -1 12 -1 13 -1 12 -1 13 -1 12 -1 13 -1 12 -1 13 -1 12 -1 13 -1 12 -1 13 -1 12 -1 13 -1 12 -1 13 -1 12 -1 13 -1 15 -1 16 -1 15 -1 17 -1 16 -1 15 -1 16 -1 15 -1 16 -1 17 -1 16 -1 15 -1 16 -1 15 -1 17 -1 16 -1 15 -1 16 -1 15 -1 18 -1 19 -1 18 -1 19 -1 18 -1 19 -1 18 -1 19 -1 18 -1 19 -1 18 -1 19 -1 18 -1 19 -1 18 -1 19 -1 22 -1 21 -1 23 -1 22 -1 21 -1 22 -1 21 -1 22 -1 23 -1 22 -1 21 -1 22 -1 21 -1 22 -1 21 -1 22 -1 21 -1 22 -1 27 -1 28 -1 27 -1 28 -1 27 -1 28 -1 27 -1 -2,2,"[0.013826776295900345, 0.21822288632392883, 0.04492015764117241, 0.025889603421092033, 0.6069753170013428, 0.09016527235507965]"
2 1 -1 2 -1 13 -1 12 -1 13 -1 14 -1 13 -1 12 -1 13 -1 15 -1 16 -1 15 -1 18 -1 19 -1 18 -1 19 -1 22 -1 23 -1 22 -1 21 -1 22 -1 23 -1 27 -1 -2,2,"[0.019046789035201073, 0.20402047038078308, 0.011495663784444332, 0.12557128071784973, 0.4181555211544037, 0.2217101901769638]"
2 9 -1 13 -1 12 -1 13 -1 14 -1 13 -1 15 -1 18 -1 19 -1 22 -1 21 -1 22 -1 23 -1 22 -1 27 -1 28 -1 29 -1 -2,2,"[0.04323850944638252, 0.2000356763601303, 0.0386793352663517, 0.1314609795808792, 0.46819955110549927, 0.1183859184384346]"
2 1 -1 2 -1 1 -1 2 -1 11 -1 13 -1 12 -1 13 -1 12 -1 13 -1 12 -1 13 -1 12 -1 13 -1 12 -1 13 -1 12 -1 13 -1 15 -1 16 -1 15 -1 16 -1 15 -1 18 -1 19 -1 18 -1 19 -1 18 -1 22 -1 21 -1 22 -1 23 -1 21 -1 22 -1 23 -1 22 -1 21 -1 22 -1 23 -1 22 -1 27 -1 28 -1 29 -1 28 -1 27 -1 41 -1 40 -1 -2,2,"[0.023218609392642975, 0.212985098361969, 0.0655382052063942, 0.022939782589673996, 0.5369904637336731, 0.13832791149616241]"
2 1 -1 2 -1 1 -1 2 -1 1 -1 2 -1 3 -1 4 -1 7 -1 6 -1 13 -1 12 -1 13 -1 12 -1 13 -1 12 -1 13 -1 12 -1 13 -1 12 -1 13 -1 12 -1 13 -1 12 -1 13 -1 12 -1 13 -1 15 -1 16 -1 17 -1 16 -1 15 -1 16 -1 15 -1 16 -1 15 -1 16 -1 15 -1 18 -1 19 -1 18 -1 19 -1 20 -1 19 -1 18 -1 19 -1 20 -1 19 -1 18 -1 19 -1 18 -1 19 -1 20 -1 19 -1 18 -1 22 -1 21 -1 22 -1 23 -1 21 -1 22 -1 21 -1 22 -1 21 -1 22 -1 21 -1 22 -1 27 -1 28 -1 29 -1 28 -1 27 -1 28 -1 29 -1 28 -1 27 -1 28 -1 29 -1 -2,2,"[0.06776844710111618, 0.1701185256242752, 0.018449854105710983, 0.04202791303396225, 0.6445220112800598, 0.057113341987133026]"
2 1 -1 2 -1 1 -1 2 -1 9 -1 13 -1 12 -1 13 -1 12 -1 13 -1 12 -1 13 -1 12 -1 13 -1 12 -1 13 -1 15 -1 16 -1 15 -1 16 -1 17 -1 15 -1 16 -1 18 -1 19 -1 18 -1 19 -1 18 -1 19 -1 18 -1 22 -1 21 -1 22 -1 21 -1 22 -1 21 -1 23 -1 22 -1 27 -1 28 -1 27 -1 -2,2,"[0.01403743214905262, 0.25304949283599854, 0.09548995643854141, 0.09288275241851807, 0.3606775104999542, 0.18386290967464447]"
2 1 -1 2 -1 13 -1 12 -1 13 -1 12 -1 13 -1 16 -1 15 -1 16 -1 15 -1 16 -1 18 -1 19 -1 18 -1 19 -1 23 -1 22 -1 21 -1 22 -1 27 -1 28 -1 29 -1 -2,2,"[0.10350509732961655, 0.18466408550739288, 0.02790849283337593, 0.1200018897652626, 0.48755285143852234, 0.07636758685112]"
2 2 -1 1 -1 9 -1 13 -1 12 -1 13 -1 12 -1 13 -1 12 -1 13 -1 12 -1 13 -1 12 -1 13 -1 15 -1 16 -1 15 -1 16 -1 17 -1 15 -1 16 -1 18 -1 19 -1 18 -1 19 -1 18 -1 19 -1 22 -1 23 -1 22 -1 21 -1 23 -1 22 -1 21 -1 22 -1 27 -1 28 -1 29 -1 28 -1 27 -1 32 -1 -2,2,"[0.10254999250173569, 0.21092377603054047, 0.037051018327474594, 0.20359313488006592, 0.41156885027885437, 0.03431315720081329]"
2 1 -1 2 -1 1 -1 2 -1 6 -1 13 -1 12 -1 13 -1 12 -1 13 -1 12 -1 13 -1 12 -1 13 -1 12 -1 13 -1 15 -1 16 -1 15 -1 17 -1 15 -1 16 -1 15 -1 18 -1 19 -1 18 -1 19 -1 18 -1 19 -1 18 -1 22 -1 21 -1 22 -1 27 -1 28 -1 27 -1 32 -1 -2,2,"[0.03085189312696457, 0.19356921315193176, 0.03191237524151802, 0.44220656156539917, 0.23761311173439026, 0.06384692341089249]"
2 1 -1 2 -1 1 -1 2 -1 6 -1 11 -1 13 -1 12 -1 13 -1 12 -1 13 -1 12 -1 13 -1 12 -1 13 -1 12 -1 13 -1 15 -1 16 -1 15 -1 17 -1 15 -1 16 -1 15 -1 16 -1 18 -1 19 -1 20 -1 19 -1 18 -1 19 -1 18 -1 22 -1 21 -1 22 -1 23 -1 22 -1 21 -1 22 -1 21 -1 27 -1 28 -1 29 -1 28 -1 27 -1 30 -1 -2,2,"[0.1642013043165207, 0.16747362911701202, 0.028535345569252968, 0.05108841136097908, 0.5441059470176697, 0.04459526389837265]"
2 1 -1 2 -1 13 -1 12 -1 13 -1 12 -1 13 -1 16 -1 15 -1 16 -1 15 -1 16 -1 18 -1 19 -1 18 -1 23 -1 22 -1 21 -1 22 -1 21 -1 23 -1 22 -1 27 -1 28 -1 29 -1 -2,2,"[0.1241399496793747, 0.18298682570457458, 0.035005833953619, 0.13825906813144684, 0.4498389661312103, 0.06976927071809769]"
2 1 -1 2 -1 13 -1 12 -1 13 -1 12 -1 13 -1 15 -1 16 -1 18 -1 19 -1 18 -1 22 -1 21 -1 27 -1 -2,2,"[0.0133250392973423, 0.19428324699401855, 0.015260878950357437, 0.24434462189674377, 0.32663992047309875, 0.2061462551355362]"
2 1 -1 2 -1 13 -1 12 -1 13 -1 12 -1 13 -1 16 -1 15 -1 16 -1 15 -1 18 -1 21 -1 22 -1 21 -1 27 -1 -2,2,"[0.027203086763620377, 0.1252145767211914, 0.017443308606743813, 0.6260756850242615, 0.13516202569007874, 0.06890133768320084]"
2 1 -1 2 -1 11 -1 10 -1 11 -1 13 -1 12 -1 13 -1 12 -1 13 -1 12 -1 13 -1 12 -1 13 -1 15 -1 16 -1 15 -1 16 -1 15 -1 16 -1 15 -1 18 -1 19 -1 18 -1 19 -1 22 -1 21 -1 22 -1 21 -1 22 -1 27 -1 28 -1 27 -1 -2,2,"[0.08005650341510773, 0.1903068870306015, 0.02224591188132763, 0.07312245666980743, 0.5564090609550476, 0.07785917073488235]"
2 2 -1 1 -1 13 -1 12 -1 13 -1 12 -1 13 -1 12 -1 13 -1 12 -1 13 -1 12 -1 13 -1 15 -1 16 -1 15 -1 16 -1 15 -1 18 -1 19 -1 18 -1 19 -1 22 -1 23 -1 22 -1 21 -1 22 -1 23 -1 21 -1 22 -1 21 -1 22 -1 27 -1 28 -1 29 -1 28 -1 27 -1 -2,2,"[0.06109839677810669, 0.18705371022224426, 0.05728193745017052, 0.04090793803334236, 0.592930793762207, 0.06072715297341347]"
2 1 -1 6 -1 13 -1 12 -1 13 -1 12 -1 13 -1 15 -1 16 -1 15 -1 17 -1 18 -1 19 -1 22 -1 21 -1 22 -1 23 -1 27 -1 28 -1 29 -1 -2,2,"[0.08164534717798233, 0.18823286890983582, 0.033836208283901215, 0.10982319712638855, 0.504583477973938, 0.0818789154291153]"
2 1 -1 3 -1 13 -1 12 -1 13 -1 12 -1 13 -1 15 -1 16 -1 15 -1 16 -1 18 -1 19 -1 22 -1 21 -1 22 -1 27 -1 28 -1 29 -1 30 -1 40 -1 -2,2,"[0.0994102880358696, 0.19239433109760284, 0.04420001432299614, 0.08073625713586807, 0.48133957386016846, 0.10191947966814041]"
2 1 -1 13 -1 12 -1 13 -1 12 -1 13 -1 15 -1 16 -1 15 -1 16 -1 18 -1 19 -1 22 -1 21 -1 22 -1 27 -1 -2,2,"[0.015651104971766472, 0.18493789434432983, 0.017340034246444702, 0.28421807289123535, 0.30918440222740173, 0.18866856396198273]"
2 1 -1 2 -1 1 -1 9 -1 13 -1 12 -1 13 -1 12 -1 13 -1 15 -1 16 -1 15 -1 16 -1 18 -1 19 -1 22 -1 21 -1 22 -1 23 -1 27 -1 -2,2,"[0.04252956062555313, 0.2048269510269165, 0.014698933809995651, 0.17994602024555206, 0.4025549590587616, 0.155443474650383]"
2 1 -1 13 -1 12 -1 13 -1 15 -1 16 -1 15 -1 16 -1 18 -1 19 -1 22 -1 27 -1 -2,2,"[0.08284410089254379, 0.19502213597297668, 0.015004178509116173, 0.15018528699874878, 0.4255799353122711, 0.13136443495750427]"
2 1 -1 2 -1 6 -1 13 -1 12 -1 13 -1 12 -1 13 -1 12 -1 13 -1 16 -1 15 -1 18 -1 22 -1 27 -1 30 -1 -2,2,"[0.020130746066570282, 0.18661807477474213, 0.06339693814516068, 0.379859060049057, 0.1490108221769333, 0.20098435878753662]"
2 1 -1 2 -1 4 -1 4 -1 13 -1 16 -1 15 -1 16 -1 15 -1 18 -1 22 -1 21 -1 23 -1 27 -1 32 -1 -2,2,"[0.22412382066249847, 0.12713734805583954, 0.022996701300144196, 0.4482700824737549, 0.14957477152347565, 0.027897300198674202]"
2 1 -1 2 -1 1 -1 2 -1 1 -1 2 -1 1 -1 2 -1 4 -1 4 -1 7 -1 7 -1 6 -1 9 -1 13 -1 12 -1 13 -1 12 -1 13 -1 12 -1 13 -1 12 -1 13 -1 12 -1 13 -1 12 -1 13 -1 12 -1 13 -1 12 -1 13 -1 12 -1 13 -1 12 -1 13 -1 12 -1 13 -1 15 -1 16 -1 17 -1 16 -1 15 -1 16 -1 15 -1 17 -1 16 -1 15 -1 16 -1 15 -1 16 -1 15 -1 16 -1 15 -1 17 -1 15 -1 16 -1 18 -1 19 -1 18 -1 19 -1 18 -1 19 -1 18 -1 19 -1 18 -1 22 -1 21 -1 22 -1 23 -1 22 -1 21 -1 22 -1 21 -1 22 -1 21 -1 23 -1 22 -1 21 -1 22 -1 21 -1 22 -1 21 -1 22 -1 27 -1 28 -1 27 -1 28 -1 29 -1 28 -1 27 -1 28 -1 29 -1 28 -1 27 -1 28 -1 29 -1 -2,2,"[0.04614550620317459, 0.18898378312587738, 0.020809805020689964, 0.06173075735569, 0.6122105121612549, 0.0701196938753128]"
2 1 -1 2 -1 13 -1 12 -1 13 -1 12 -1 13 -1 16 -1 15 -1 16 -1 17 -1 18 -1 22 -1 21 -1 22 -1 23 -1 27 -1 -2,2,"[0.01696447841823101, 0.17362019419670105, 0.031811635941267014, 0.49741727113723755, 0.15443509817123413, 0.12575136125087738]"
2 1 -1 2 -1 1 -1 2 -1 1 -1 13 -1 12 -1 13 -1 12 -1 13 -1 12 -1 13 -1 14 -1 13 -1 12 -1 13 -1 15 -1 16 -1 15 -1 16 -1 15 -1 16 -1 18 -1 19 -1 18 -1 19 -1 20 -1 22 -1 23 -1 21 -1 22 -1 21 -1 22 -1 23 -1 27 -1 28 -1 27 -1 28 -1 29 -1 -2,2,"[0.1258275806903839, 0.1697853058576584, 0.021452724933624268, 0.04802104830741882, 0.5870556831359863, 0.04785770922899246]"
3 1 -1 4 -1 5 -1 12 -1 13 -1 14 -1 13 -1 12 -1 13 -1 12 -1 13 -1 16 -1 17 -1 18 -1 21 -1 22 -1 23 -1 22 -1 21 -1 22 -1 21 -1 22 -1 21 -1 23 -1 22 -1 27 -1 28 -1 32 -1 31 -1 32 -1 35 -1 34 -1 33 -1 41 -1 -2,3,"[0.03363143280148506, 0.045198675245046616, 0.855665385723114, 0.025616465136408806, 0.029719622805714607, 0.010168373584747314]"
3 1 -1 13 -1 12 -1 13 -1 12 -1 13 -1 16 -1 15 -1 18 -1 19 -1 22 -1 21 -1 22 -1 21 -1 22 -1 27 -1 -2,3,"[0.0050683170557022095, 0.1689097136259079, 0.037922799587249756, 0.384891152381897, 0.1564028263092041, 0.24680522084236145]"
3 1 -1 2 -1 1 -1 4 -1 5 -1 4 -1 5 -1 11 -1 10 -1 11 -1 10 -1 9 -1 13 -1 12 -1 13 -1 14 -1 13 -1 12 -1 13 -1 12 -1 13 -1 14 -1 13 -1 12 -1 13 -1 12 -1 13 -1 17 -1 15 -1 16 -1 15 -1 17 -1 15 -1 18 -1 19 -1 18 -1 19 -1 22 -1 21 -1 22 -1 21 -1 22 -1 23 -1 21 -1 22 -1 23 -1 27 -1 28 -1 27 -1 30 -1 31 -1 30 -1 31 -1 30 -1 31 -1 32 -1 35 -1 34 -1 33 -1 34 -1 35 -1 41 -1 40 -1 39 -1 -2,3,"[0.042277880012989044, 0.1944008618593216, 0.4271621108055115, 0.025707054883241653, 0.2695436477661133, 0.04090842604637146]"
3 1 -1 2 -1 1 -1 11 -1 13 -1 12 -1 13 -1 12 -1 13 -1 12 -1 13 -1 12 -1 13 -1 12 -1 13 -1 12 -1 13 -1 12 -1 13 -1 15 -1 17 -1 15 -1 18 -1 19 -1 18 -1 22 -1 21 -1 22 -1 21 -1 22 -1 21 -1 22 -1 27 -1 28 -1 27 -1 28 -1 30 -1 31 -1 32 -1 35 -1 34 -1 33 -1 34 -1 35 -1 41 -1 40 -1 -2,3,"[0.038342103362083435, 0.13927896320819855, 0.6109898686408997, 0.028138572350144386, 0.15222573280334473, 0.031024791300296783]"
3 1 -1 2 -1 1 -1 5 -1 4 -1 11 -1 10 -1 9 -1 13 -1 12 -1 13 -1 12 -1 13 -1 12 -1 13 -1 12 -1 13 -1 12 -1 13 -1 12 -1 13 -1 12 -1 13 -1 12 -1 13 -1 17 -1 15 -1 16 -1 17 -1 18 -1 19 -1 20 -1 19 -1 18 -1 22 -1 21 -1 22 -1 21 -1 22 -1 21 -1 22 -1 23 -1 22 -1 27 -1 28 -1 29 -1 28 -1 27 -1 28 -1 29 -1 28 -1 30 -1 31 -1 32 -1 35 -1 34 -1 35 -1 41 -1 40 -1 41 -1 40 -1 -2,3,"[0.06463637948036194, 0.128631129860878, 0.5802245140075684, 0.019661152735352516, 0.18234895169734955, 0.024497849866747856]"
3 1 -1 11 -1 10 -1 9 -1 13 -1 12 -1 13 -1 14 -1 13 -1 12 -1 13 -1 12 -1 17 -1 16 -1 18 -1 23 -1 21 -1 27 -1 28 -1 29 -1 28 -1 40 -1 -2,3,"[0.3343110978603363, 0.09245340526103973, 0.20601046085357666, 0.016664454713463783, 0.33755114674568176, 0.013009434565901756]"
3 1 -1 3 -1 11 -1 12 -1 13 -1 12 -1 13 -1 12 -1 13 -1 12 -1 13 -1 12 -1 13 -1 17 -1 15 -1 16 -1 18 -1 21 -1 22 -1 21 -1 22 -1 21 -1 22 -1 26 -1 27 -1 28 -1 30 -1 33 -1 -2,3,"[0.031031042337417603, 0.04304755851626396, 0.8674774765968323, 0.01656915992498398, 0.03466297686100006, 0.007211736403405666]"
3 1 -1 12 -1 13 -1 12 -1 13 -1 12 -1 13 -1 12 -1 13 -1 12 -1 13 -1 12 -1 13 -1 16 -1 17 -1 16 -1 15 -1 18 -1 22 -1 21 -1 22 -1 23 -1 27 -1 28 -1 -2,3,"[0.04135259985923767, 0.049083445221185684, 0.8340229392051697, 0.0290863998234272, 0.03421136736869812, 0.01224315445870161]"
3 1 -1 2 -1 1 -1 2 -1 1 -1 9 -1 10 -1 9 -1 13 -1 12 -1 13 -1 12 -1 13 -1 12 -1 13 -1 12 -1 13 -1 12 -1 13 -1 12 -1 13 -1 12 -1 13 -1 12 -1 13 -1 12 -1 13 -1 12 -1 13 -1 12 -1 13 -1 17 -1 15 -1 16 -1 15 -1 17 -1 15 -1 16 -1 17 -1 16 -1 15 -1 18 -1 19 -1 18 -1 19 -1 18 -1 19 -1 18 -1 19 -1 21 -1 22 -1 21 -1 22 -1 21 -1 22 -1 21 -1 22 -1 21 -1 22 -1 21 -1 22 -1 21 -1 22 -1 27 -1 28 -1 27 -1 28 -1 27 -1 30 -1 31 -1 30 -1 31 -1 32 -1 35 -1 34 -1 35 -1 34 -1 35 -1 34 -1 33 -1 39 -1 -2,3,"[0.02436499483883381, 0.13069401681423187, 0.6141283512115479, 0.05427829921245575, 0.12767212092876434, 0.048862162977457047]"
3 1 -1 13 -1 12 -1 13 -1 12 -1 13 -1 12 -1 17 -1 15 -1 16 -1 15 -1 18 -1 19 -1 20 -1 22 -1 27 -1 28 -1 30 -1 33 -1 41 -1 40 -1 39 -1 -2,3,"[0.04778984561562538, 0.18498942255973816, 0.10986843705177307, 0.01399154495447874, 0.5943818688392639, 0.048978857696056366]"
3 1 -1 9 -1 13 -1 12 -1 13 -1 12 -1 13 -1 12 -1 13 -1 12 -1 17 -1 15 -1 16 -1 18 -1 22 -1 21 -1 27 -1 28 -1 29 -1 28 -1 -2,3,"[0.08788808435201645, 0.05204080045223236, 0.7556725144386292, 0.048550449311733246, 0.045001644641160965, 0.010846533812582493]"
3 1 -1 5 -1 9 -1 12 -1 13 -1 12 -1 13 -1 12 -1 13 -1 12 -1 13 -1 16 -1 17 -1 18 -1 19 -1 18 -1 21 -1 22 -1 21 -1 27 -1 28 -1 32 -1 -2,3,"[0.04649149999022484, 0.04684382677078247, 0.6856904625892639, 0.19434165954589844, 0.018225345760583878, 0.008407201617956161]"
3 1 -1 5 -1 4 -1 13 -1 12 -1 13 -1 12 -1 13 -1 12 -1 13 -1 12 -1 13 -1 16 -1 17 -1 15 -1 18 -1 21 -1 22 -1 21 -1 22 -1 23 -1 27 -1 28 -1 32 -1 -2,3,"[0.03987829387187958, 0.035959772765636444, 0.8143981695175171, 0.08990682661533356, 0.014258143492043018, 0.005598776508122683]"
3 1 -1 4 -1 5 -1 4 -1 13 -1 12 -1 13 -1 12 -1 13 -1 12 -1 13 -1 12 -1 17 -1 18 -1 19 -1 20 -1 19 -1 20 -1 22 -1 21 -1 22 -1 23 -1 22 -1 27 -1 28 -1 35 -1 41 -1 -2,3,"[0.039783407002687454, 0.05359650403261185, 0.8371021151542664, 0.016151059418916702, 0.0421733632683754, 0.011193504557013512]"
3 1 -1 4 -1 12 -1 13 -1 12 -1 13 -1 12 -1 13 -1 12 -1 13 -1 12 -1 13 -1 16 -1 17 -1 15 -1 19 -1 18 -1 22 -1 21 -1 22 -1 27 -1 28 -1 30 -1 35 -1 41 -1 -2,3,"[0.04652385413646698, 0.04146323353052139, 0.8594858646392822, 0.01526512298732996, 0.030479736626148224, 0.006782254204154015]"
3 1 -1 11 -1 10 -1 9 -1 13 -1 12 -1 13 -1 12 -1 13 -1 12 -1 13 -1 17 -1 16 -1 18 -1 22 -1 21 -1 22 -1 23 -1 27 -1 28 -1 29 -1 28 -1 35 -1 34 -1 33 -1 -2,3,"[0.0420699268579483, 0.16653785109519958, 0.44246864318847656, 0.038169216364622116, 0.2734798491001129, 0.03727453947067261]"
3 1 -1 11 -1 10 -1 9 -1 13 -1 12 -1 13 -1 12 -1 13 -1 12 -1 13 -1 12 -1 13 -1 12 -1 13 -1 12 -1 13 -1 16 -1 17 -1 16 -1 18 -1 27 -1 28 -1 32 -1 -2,3,"[0.06428830325603485, 0.05162280425429344, 0.6356334090232849, 0.21983274817466736, 0.02082223631441593, 0.007800541818141937]"
3 1 -1 11 -1 13 -1 12 -1 13 -1 12 -1 13 -1 12 -1 17 -1 18 -1 23 -1 22 -1 21 -1 27 -1 28 -1 -2,3,"[0.09775277972221375, 0.13481655716896057, 0.4365735650062561, 0.1323334127664566, 0.14100635051727295, 0.057517338544130325]"
3 1 -1 12 -1 13 -1 12 -1 13 -1 12 -1 13 -1 12 -1 13 -1 12 -1 17 -1 15 -1 16 -1 18 -1 21 -1 22 -1 21 -1 22 -1 27 -1 28 -1 29 -1 28 -1 30 -1 35 -1 41 -1 -2,3,"[0.0681513324379921, 0.052055466920137405, 0.8103641867637634, 0.0173012837767601, 0.04525536298751831, 0.00687233405187726]"
3 1 -1 5 -1 4 -1 9 -1 12 -1 13 -1 12 -1 13 -1 12 -1 13 -1 12 -1 13 -1 17 -1 15 -1 18 -1 22 -1 21 -1 22 -1 27 -1 28 -1 32 -1 33 -1 -2,3,"[0.01957172341644764, 0.038067370653152466, 0.8578987121582031, 0.0538984015583992, 0.021461447700858116, 0.009102347306907177]"
3 1 -1 13 -1 12 -1 13 -1 12 -1 13 -1 12 -1 13 -1 14 -1 15 -1 16 -1 18 -1 22 -1 21 -1 27 -1 28 -1 30 -1 31 -1 35 -1 34 -1 33 -1 -2,3,"[0.05216200649738312, 0.14340905845165253, 0.511054515838623, 0.06365764886140823, 0.184198260307312, 0.04551852494478226]"
3 1 -1 12 -1 13 -1 12 -1 13 -1 12 -1 13 -1 12 -1 13 -1 12 -1 13 -1 12 -1 13 -1 12 -1 13 -1 12 -1 13 -1 17 -1 15 -1 18 -1 19 -1 22 -1 21 -1 22 -1 21 -1 22 -1 23 -1 27 -1 31 -1 32 -1 35 -1 -2,3,"[0.0068169874139130116, 0.04789859056472778, 0.32221007347106934, 0.5819040536880493, 0.014670726843178272, 0.026499561965465546]"
3 1 -1 4 -1 5 -1 4 -1 9 -1 13 -1 12 -1 13 -1 12 -1 13 -1 12 -1 13 -1 17 -1 15 -1 18 -1 19 -1 20 -1 21 -1 22 -1 21 -1 22 -1 23 -1 27 -1 28 -1 29 -1 28 -1 32 -1 -2,3,"[0.09650251269340515, 0.05017377436161041, 0.7491211295127869, 0.06382698565721512, 0.035284996032714844, 0.005090594291687012]"
3 1 -1 4 -1 5 -1 11 -1 10 -1 9 -1 13 -1 12 -1 13 -1 12 -1 13 -1 12 -1 13 -1 12 -1 13 -1 17 -1 18 -1 23 -1 22 -1 21 -1 27 -1 28 -1 30 -1 31 -1 32 -1 35 -1 -2,3,"[0.027183229103684425, 0.049746524542570114, 0.7243462800979614, 0.1676255762577057, 0.020778216421604156, 0.010320170782506466]"
3 1 -1 5 -1 13 -1 12 -1 13 -1 12 -1 13 -1 12 -1 13 -1 12 -1 13 -1 16 -1 17 -1 16 -1 18 -1 21 -1 22 -1 21 -1 22 -1 21 -1 22 -1 27 -1 28 -1 30 -1 41 -1 -2,3,"[0.06889499723911285, 0.03882785513997078, 0.8333379626274109, 0.026751020923256874, 0.025617210194468498, 0.006570979952812195]"
3 1 -1 2 -1 1 -1 3 -1 4 -1 9 -1 12 -1 13 -1 12 -1 13 -1 12 -1 13 -1 12 -1 13 -1 12 -1 13 -1 12 -1 13 -1 12 -1 13 -1 12 -1 13 -1 12 -1 17 -1 15 -1 17 -1 18 -1 19 -1 20 -1 19 -1 18 -1 19 -1 20 -1 19 -1 21 -1 22 -1 21 -1 22 -1 21 -1 22 -1 21 -1 22 -1 27 -1 28 -1 27 -1 28 -1 30 -1 31 -1 30 -1 -2,3,"[0.06058892980217934, 0.1370299607515335, 0.6415367722511292, 0.04463028162717819, 0.09644707292318344, 0.019766919314861298]"
3 1 -1 2 -1 1 -1 4 -1 3 -1 4 -1 11 -1 12 -1 13 -1 12 -1 13 -1 12 -1 13 -1 12 -1 13 -1 12 -1 13 -1 12 -1 13 -1 12 -1 13 -1 12 -1 13 -1 12 -1 17 -1 15 -1 16 -1 17 -1 18 -1 19 -1 18 -1 21 -1 22 -1 21 -1 22 -1 21 -1 22 -1 21 -1 22 -1 23 -1 27 -1 28 -1 29 -1 28 -1 27 -1 28 -1 30 -1 31 -1 32 -1 35 -1 41 -1 -2,3,"[0.07721313089132309, 0.12091495096683502, 0.49193018674850464, 0.2123701423406601, 0.07179498672485352, 0.025776537135243416]"
3 1 -1 4 -1 11 -1 12 -1 13 -1 12 -1 13 -1 12 -1 17 -1 18 -1 19 -1 20 -1 21 -1 22 -1 21 -1 22 -1 23 -1 22 -1 27 -1 28 -1 32 -1 41 -1 -2,3,"[0.05448111519217491, 0.03876841813325882, 0.8475314974784851, 0.02896251529455185, 0.023833440616726875, 0.006422958802431822]"
3 1 -1 4 -1 9 -1 12 -1 13 -1 12 -1 13 -1 12 -1 16 -1 17 -1 15 -1 18 -1 22 -1 21 -1 22 -1 27 -1 28 -1 29 -1 28 -1 32 -1 -2,3,"[0.05999285727739334, 0.03547859564423561, 0.8213922381401062, 0.05992176756262779, 0.018838586285710335, 0.004375860560685396]"
3 1 -1 9 -1 12 -1 13 -1 12 -1 13 -1 12 -1 17 -1 18 -1 22 -1 21 -1 22 -1 27 -1 28 -1 35 -1 41 -1 -2,3,"[0.04330054298043251, 0.049779683351516724, 0.8336789011955261, 0.024267004802823067, 0.0379515178501606, 0.011022385209798813]"
3 1 -1 5 -1 4 -1 9 -1 12 -1 13 -1 12 -1 13 -1 12 -1 13 -1 12 -1 13 -1 12 -1 13 -1 17 -1 18 -1 22 -1 23 -1 22 -1 21 -1 22 -1 27 -1 28 -1 35 -1 -2,3,"[0.012630329467356205, 0.038501519709825516, 0.8799003958702087, 0.029451433569192886, 0.025612177327275276, 0.013904199004173279]"
3 1 -1 11 -1 13 -1 12 -1 13 -1 12 -1 13 -1 12 -1 16 -1 17 -1 16 -1 18 -1 22 -1 21 -1 22 -1 23 -1 27 -1 28 -1 -2,3,"[0.06394889205694199, 0.06865725666284561, 0.7277531027793884, 0.07086526602506638, 0.049927569925785065, 0.018847890198230743]"
3 1 -1 5 -1 12 -1 13 -1 12 -1 13 -1 12 -1 13 -1 12 -1 13 -1 12 -1 16 -1 17 -1 18 -1 22 -1 21 -1 22 -1 23 -1 27 -1 28 -1 29 -1 28 -1 -2,3,"[0.05616699904203415, 0.0566987507045269, 0.8025131225585938, 0.02196694351732731, 0.05039025843143463, 0.012263862416148186]"
3 1 -1 2 -1 1 -1 5 -1 11 -1 10 -1 9 -1 12 -1 13 -1 12 -1 13 -1 12 -1 13 -1 12 -1 13 -1 12 -1 13 -1 12 -1 13 -1 12 -1 16 -1 17 -1 15 -1 17 -1 15 -1 18 -1 19 -1 18 -1 22 -1 21 -1 22 -1 21 -1 22 -1 21 -1 27 -1 28 -1 29 -1 28 -1 27 -1 28 -1 29 -1 28 -1 30 -1 31 -1 30 -1 35 -1 34 -1 34 -1 33 -1 41 -1 -2,3,"[0.16564667224884033, 0.16242903470993042, 0.29976168274879456, 0.03793084993958473, 0.26993629336357117, 0.06429542601108551]"
3 1 -1 5 -1 11 -1 10 -1 9 -1 12 -1 13 -1 12 -1 13 -1 12 -1 13 -1 12 -1 17 -1 18 -1 21 -1 22 -1 21 -1 22 -1 23 -1 22 -1 27 -1 28 -1 29 -1 28 -1 32 -1 -2,3,"[0.04311894252896309, 0.03511561453342438, 0.8626283407211304, 0.0352192223072052, 0.019509069621562958, 0.004408744629472494]"
3 1 -1 9 -1 12 -1 13 -1 12 -1 13 -1 12 -1 13 -1 12 -1 13 -1 14 -1 17 -1 15 -1 18 -1 19 -1 20 -1 22 -1 21 -1 22 -1 23 -1 27 -1 28 -1 29 -1 28 -1 30 -1 33 -1 -2,3,"[0.053201813250780106, 0.0766930878162384, 0.7571895718574524, 0.016069775447249413, 0.0860530436038971, 0.01079277042299509]"
3 1 -1 12 -1 13 -1 12 -1 13 -1 12 -1 13 -1 12 -1 13 -1 12 -1 13 -1 16 -1 17 -1 18 -1 19 -1 20 -1 21 -1 22 -1 21 -1 22 -1 23 -1 22 -1 27 -1 28 -1 29 -1 28 -1 -2,3,"[0.04890240728855133, 0.055822212249040604, 0.8163803219795227, 0.01853933371603489, 0.04800846427679062, 0.012347287498414516]"
3 1 -1 5 -1 4 -1 13 -1 12 -1 13 -1 12 -1 13 -1 12 -1 13 -1 12 -1 13 -1 16 -1 17 -1 18 -1 19 -1 20 -1 22 -1 21 -1 22 -1 27 -1 28 -1 41 -1 -2,3,"[0.06299559772014618, 0.05313334986567497, 0.8015425205230713, 0.02428595721721649, 0.04478200897574425, 0.013260586187243462]"
3 1 -1 4 -1 5 -1 13 -1 12 -1 13 -1 12 -1 13 -1 17 -1 18 -1 22 -1 21 -1 27 -1 28 -1 30 -1 31 -1 32 -1 35 -1 -2,3,"[0.033927250653505325, 0.058710984885692596, 0.5591351389884949, 0.3119710087776184, 0.024039939045906067, 0.012215626426041126]"
3 1 -1 2 -1 1 -1 4 -1 3 -1 4 -1 11 -1 10 -1 9 -1 12 -1 13 -1 12 -1 13 -1 12 -1 13 -1 12 -1 13 -1 14 -1 13 -1 12 -1 13 -1 12 -1 13 -1 12 -1 13 -1 12 -1 16 -1 17 -1 15 -1 16 -1 17 -1 16 -1 15 -1 16 -1 15 -1 18 -1 19 -1 18 -1 19 -1 20 -1 19 -1 18 -1 22 -1 21 -1 22 -1 23 -1 22 -1 21 -1 22 -1 21 -1 27 -1 28 -1 29 -1 28 -1 27 -1 28 -1 30 -1 -2,3,"[0.10900329798460007, 0.13425177335739136, 0.5359708666801453, 0.021115263924002647, 0.18361665308475494, 0.016042158007621765]"
3 1 -1 11 -1 10 -1 9 -1 12 -1 13 -1 12 -1 13 -1 12 -1 13 -1 17 -1 15 -1 18 -1 19 -1 20 -1 21 -1 22 -1 21 -1 27 -1 28 -1 29 -1 28 -1 40 -1 -2,3,"[0.19216471910476685, 0.09478767961263657, 0.4635925889015198, 0.02266838401556015, 0.21303829550743103, 0.013748257420957088]"
3 1 -1 9 -1 13 -1 12 -1 13 -1 12 -1 13 -1 12 -1 13 -1 12 -1 13 -1 17 -1 15 -1 18 -1 21 -1 22 -1 21 -1 27 -1 28 -1 29 -1 28 -1 35 -1 -2,3,"[0.044151660054922104, 0.045910418033599854, 0.8217492699623108, 0.03610750287771225, 0.04480971395969391, 0.007271509617567062]"
3 1 -1 4 -1 9 -1 13 -1 12 -1 13 -1 12 -1 13 -1 12 -1 13 -1 18 -1 21 -1 22 -1 21 -1 22 -1 27 -1 28 -1 -2,3,"[0.07782260328531265, 0.12888965010643005, 0.4618397653102875, 0.14433230459690094, 0.13054773211479187, 0.05656794458627701]"
3 1 -1 4 -1 5 -1 4 -1 13 -1 12 -1 13 -1 12 -1 13 -1 12 -1 17 -1 16 -1 15 -1 18 -1 22 -1 21 -1 27 -1 28 -1 -2,3,"[0.0700768530368805, 0.0625314861536026, 0.6384004950523376, 0.1711723506450653, 0.039770446717739105, 0.018048379570245743]"
3 1 -1 12 -1 13 -1 12 -1 13 -1 12 -1 13 -1 12 -1 13 -1 17 -1 18 -1 21 -1 22 -1 21 -1 22 -1 23 -1 22 -1 27 -1 28 -1 33 -1 -2,3,"[0.018025588244199753, 0.04621876776218414, 0.8598735928535461, 0.02150079607963562, 0.03922128304839134, 0.015159948728978634]"
3 1 -1 5 -1 11 -1 12 -1 13 -1 12 -1 13 -1 12 -1 13 -1 12 -1 13 -1 16 -1 17 -1 18 -1 19 -1 20 -1 22 -1 21 -1 22 -1 23 -1 27 -1 28 -1 29 -1 28 -1 -2,3,"[0.07464902102947235, 0.06987332552671432, 0.7455018758773804, 0.02355477586388588, 0.07056378573179245, 0.01585714891552925]"
3 1 -1 5 -1 4 -1 11 -1 13 -1 12 -1 13 -1 12 -1 13 -1 12 -1 17 -1 16 -1 15 -1 16 -1 18 -1 19 -1 20 -1 22 -1 21 -1 22 -1 23 -1 27 -1 28 -1 29 -1 28 -1 40 -1 -2,3,"[0.06038998067378998, 0.10438219457864761, 0.6375476717948914, 0.016142696142196655, 0.16541916131973267, 0.016118299216032028]"
3 1 -1 9 -1 12 -1 13 -1 12 -1 13 -1 12 -1 17 -1 15 -1 18 -1 19 -1 18 -1 22 -1 21 -1 22 -1 23 -1 27 -1 28 -1 29 -1 28 -1 35 -1 -2,3,"[0.04569288715720177, 0.08890742063522339, 0.699779748916626, 0.02372431941330433, 0.1277078539133072, 0.01418780442327261]"
3 1 -1 5 -1 12 -1 13 -1 12 -1 13 -1 12 -1 13 -1 12 -1 17 -1 15 -1 18 -1 22 -1 21 -1 27 -1 28 -1 29 -1 28 -1 -2,3,"[0.06958986073732376, 0.05158017575740814, 0.7874935865402222, 0.035227831453084946, 0.04422455653548241, 0.01188396755605936]"
3 1 -1 9 -1 12 -1 13 -1 12 -1 13 -1 12 -1 13 -1 17 -1 16 -1 18 -1 21 -1 22 -1 21 -1 27 -1 28 -1 30 -1 31 -1 32 -1 41 -1 -2,3,"[0.08171189576387405, 0.04787643626332283, 0.75540691614151, 0.08312743902206421, 0.02394118532538414, 0.007936117239296436]"
3 1 -1 5 -1 11 -1 13 -1 12 -1 13 -1 12 -1 13 -1 17 -1 16 -1 15 -1 16 -1 15 -1 16 -1 18 -1 21 -1 22 -1 21 -1 27 -1 28 -1 29 -1 28 -1 32 -1 40 -1 -2,3,"[0.6346405744552612, 0.06342073529958725, 0.10663751512765884, 0.024427015334367752, 0.1660156100988388, 0.004858524538576603]"
3 1 -1 5 -1 11 -1 13 -1 12 -1 13 -1 12 -1 15 -1 16 -1 15 -1 18 -1 21 -1 22 -1 23 -1 22 -1 21 -1 22 -1 21 -1 22 -1 26 -1 27 -1 28 -1 30 -1 31 -1 32 -1 -2,3,"[0.16252918541431427, 0.12402622401714325, 0.11707985401153564, 0.47079434990882874, 0.10995414108037949, 0.015616183169186115]"
3 1 -1 12 -1 13 -1 12 -1 13 -1 12 -1 13 -1 12 -1 17 -1 15 -1 16 -1 15 -1 16 -1 15 -1 16 -1 15 -1 18 -1 19 -1 20 -1 22 -1 23 -1 22 -1 21 -1 22 -1 27 -1 28 -1 29 -1 28 -1 41 -1 40 -1 -2,3,"[0.06727120280265808, 0.1377837210893631, 0.5247868895530701, 0.01534164696931839, 0.23342005908489227, 0.021396534517407417]"
3 1 -1 4 -1 12 -1 13 -1 12 -1 13 -1 12 -1 13 -1 12 -1 13 -1 17 -1 15 -1 16 -1 15 -1 18 -1 21 -1 23 -1 21 -1 22 -1 27 -1 28 -1 30 -1 35 -1 -2,3,"[0.031920596957206726, 0.03784382715821266, 0.8694956302642822, 0.030435314401984215, 0.0246529933065176, 0.005651643965393305]"
3 1 -1 4 -1 5 -1 4 -1 12 -1 13 -1 12 -1 13 -1 12 -1 13 -1 12 -1 13 -1 17 -1 18 -1 19 -1 20 -1 19 -1 22 -1 21 -1 22 -1 27 -1 28 -1 29 -1 -2,3,"[0.008380888029932976, 0.20024847984313965, 0.3151205778121948, 0.13919559121131897, 0.12482484430074692, 0.21222960948944092]"
3 1 -1 9 -1 13 -1 12 -1 13 -1 12 -1 13 -1 12 -1 13 -1 16 -1 17 -1 15 -1 18 -1 19 -1 20 -1 19 -1 22 -1 21 -1 22 -1 23 -1 22 -1 27 -1 28 -1 29 -1 32 -1 -2,3,"[0.009971155785024166, 0.09446202963590622, 0.2682046890258789, 0.5468575358390808, 0.03733200952410698, 0.043172553181648254]"
3 1 -1 9 -1 13 -1 12 -1 13 -1 12 -1 13 -1 12 -1 13 -1 17 -1 15 -1 18 -1 19 -1 20 -1 22 -1 21 -1 22 -1 23 -1 27 -1 28 -1 29 -1 28 -1 32 -1 -2,3,"[0.10871566087007523, 0.05691196024417877, 0.7208192944526672, 0.062476612627506256, 0.045500993728637695, 0.0055754538625478745]"
3 1 -1 4 -1 5 -1 11 -1 13 -1 12 -1 13 -1 12 -1 13 -1 17 -1 15 -1 16 -1 15 -1 18 -1 19 -1 18 -1 19 -1 22 -1 21 -1 22 -1 23 -1 22 -1 27 -1 32 -1 35 -1 40 -1 -2,3,"[0.014116916805505753, 0.14377868175506592, 0.10800112038850784, 0.5058088302612305, 0.11944042891263962, 0.1088540330529213]"
3 1 -1 5 -1 11 -1 13 -1 12 -1 13 -1 17 -1 18 -1 19 -1 18 -1 19 -1 22 -1 21 -1 22 -1 23 -1 22 -1 27 -1 33 -1 -2,3,"[0.0084193404763937, 0.16316553950309753, 0.042302876710891724, 0.06936488300561905, 0.2752515375614166, 0.4414958357810974]"
3 1 -1 13 -1 12 -1 13 -1 12 -1 13 -1 12 -1 13 -1 17 -1 15 -1 18 -1 22 -1 21 -1 22 -1 23 -1 22 -1 27 -1 28 -1 30 -1 -2,3,"[0.033660054206848145, 0.040605414658784866, 0.872256875038147, 0.021097587421536446, 0.022964298725128174, 0.009415675885975361]"
3 1 -1 5 -1 4 -1 13 -1 12 -1 13 -1 12 -1 13 -1 17 -1 15 -1 16 -1 18 -1 19 -1 18 -1 19 -1 22 -1 21 -1 23 -1 22 -1 27 -1 32 -1 -2,3,"[0.010739197954535484, 0.13625723123550415, 0.050770051777362823, 0.6049337387084961, 0.09737582504749298, 0.09992390871047974]"
3 1 -1 13 -1 12 -1 13 -1 12 -1 13 -1 12 -1 15 -1 16 -1 18 -1 22 -1 21 -1 22 -1 27 -1 28 -1 29 -1 28 -1 33 -1 -2,3,"[0.09013067185878754, 0.07335399836301804, 0.6778792142868042, 0.02392488718032837, 0.11958092451095581, 0.015130304731428623]"
3 1 -1 5 -1 4 -1 9 -1 12 -1 13 -1 12 -1 13 -1 12 -1 13 -1 12 -1 15 -1 16 -1 18 -1 22 -1 21 -1 27 -1 28 -1 29 -1 28 -1 32 -1 -2,3,"[0.17399579286575317, 0.05036868900060654, 0.6366576552391052, 0.09645604342222214, 0.037947025150060654, 0.004574765916913748]"
3 1 -1 2 -1 1 -1 4 -1 3 -1 9 -1 10 -1 9 -1 12 -1 13 -1 12 -1 13 -1 12 -1 13 -1 12 -1 13 -1 12 -1 13 -1 14 -1 13 -1 12 -1 13 -1 12 -1 13 -1 16 -1 17 -1 15 -1 17 -1 15 -1 18 -1 19 -1 18 -1 19 -1 20 -1 19 -1 18 -1 19 -1 21 -1 22 -1 21 -1 22 -1 23 -1 22 -1 21 -1 22 -1 21 -1 22 -1 27 -1 28 -1 27 -1 35 -1 -2,3,"[0.0072355568408966064, 0.15691284835338593, 0.45576003193855286, 0.13378676772117615, 0.10749107599258423, 0.13881371915340424]"
3 1 -1 13 -1 12 -1 13 -1 12 -1 13 -1 17 -1 15 -1 16 -1 15 -1 16 -1 18 -1 22 -1 21 -1 22 -1 27 -1 28 -1 -2,3,"[0.34003686904907227, 0.10317007452249527, 0.19757097959518433, 0.17760172486305237, 0.1562889963388443, 0.025331392884254456]"
3 1 -1 9 -1 13 -1 12 -1 13 -1 12 -1 13 -1 16 -1 15 -1 16 -1 18 -1 22 -1 21 -1 22 -1 23 -1 22 -1 27 -1 28 -1 29 -1 28 -1 32 -1 -2,3,"[0.6197627782821655, 0.06015978753566742, 0.11859597265720367, 0.06337588280439377, 0.13319380581378937, 0.00491176825016737]"
3 1 -1 11 -1 10 -1 9 -1 13 -1 12 -1 13 -1 12 -1 13 -1 12 -1 16 -1 15 -1 18 -1 19 -1 18 -1 22 -1 21 -1 22 -1 23 -1 27 -1 28 -1 30 -1 31 -1 30 -1 31 -1 32 -1 -2,3,"[0.13950659334659576, 0.08823921531438828, 0.07692506164312363, 0.6071956157684326, 0.07210136204957962, 0.016032112762331963]"
3 1 -1 11 -1 12 -1 13 -1 12 -1 13 -1 17 -1 18 -1 19 -1 20 -1 21 -1 22 -1 21 -1 27 -1 28 -1 29 -1 28 -1 30 -1 -2,3,"[0.5830258131027222, 0.044098708778619766, 0.26603013277053833, 0.021110842004418373, 0.08103140443563461, 0.00470319576561451]"
3 1 -1 4 -1 5 -1 11 -1 12 -1 13 -1 12 -1 13 -1 12 -1 13 -1 12 -1 13 -1 17 -1 15 -1 18 -1 19 -1 21 -1 22 -1 21 -1 22 -1 27 -1 28 -1 30 -1 35 -1 -2,3,"[0.022674353793263435, 0.034350909292697906, 0.8925135135650635, 0.0230032317340374, 0.02135218121111393, 0.0061058043502271175]"
3 1 -1 11 -1 13 -1 12 -1 13 -1 12 -1 17 -1 15 -1 16 -1 18 -1 19 -1 18 -1 22 -1 21 -1 27 -1 28 -1 30 -1 31 -1 30 -1 -2,3,"[0.38063156604766846, 0.14668019115924835, 0.10695434361696243, 0.11694207042455673, 0.22045902907848358, 0.02833285555243492]"
3 1 -1 12 -1 13 -1 12 -1 13 -1 12 -1 13 -1 12 -1 17 -1 15 -1 18 -1 21 -1 22 -1 21 -1 22 -1 27 -1 28 -1 -2,3,"[0.03983345255255699, 0.050472915172576904, 0.7446810007095337, 0.11971932649612427, 0.028900684788823128, 0.01639264076948166]"
3 1 -1 12 -1 13 -1 12 -1 13 -1 12 -1 13 -1 17 -1 15 -1 16 -1 15 -1 18 -1 19 -1 22 -1 21 -1 22 -1 27 -1 -2,3,"[0.003697586478665471, 0.16725367307662964, 0.08972571045160294, 0.3123718202114105, 0.11800137907266617, 0.30894985795021057]"
3 1 -1 9 -1 12 -1 13 -1 12 -1 13 -1 12 -1 17 -1 15 -1 16 -1 15 -1 18 -1 22 -1 21 -1 22 -1 23 -1 24 -1 27 -1 28 -1 -2,3,"[0.07394599914550781, 0.08750999718904495, 0.6962481737136841, 0.035103365778923035, 0.08344313502311707, 0.023749368265271187]"
3 1 -1 12 -1 13 -1 12 -1 13 -1 12 -1 13 -1 12 -1 13 -1 17 -1 15 -1 16 -1 15 -1 18 -1 19 -1 22 -1 21 -1 22 -1 23 -1 22 -1 27 -1 28 -1 29 -1 40 -1 -2,3,"[0.005270511843264103, 0.19138473272323608, 0.2805486023426056, 0.07772275805473328, 0.13348989188671112, 0.3115834593772888]"
3 1 -1 4 -1 11 -1 13 -1 12 -1 13 -1 12 -1 13 -1 12 -1 17 -1 15 -1 16 -1 15 -1 18 -1 19 -1 22 -1 21 -1 22 -1 27 -1 -2,3,"[0.0037752094212919474, 0.1685369312763214, 0.09182584285736084, 0.31536635756492615, 0.11898117512464523, 0.3015144467353821]"
3 1 -1 12 -1 13 -1 12 -1 13 -1 12 -1 13 -1 17 -1 15 -1 18 -1 19 -1 22 -1 21 -1 22 -1 27 -1 32 -1 -2,3,"[0.004868040792644024, 0.07192596793174744, 0.1582617610692978, 0.6817560791969299, 0.024465050548315048, 0.05872304365038872]"
3 1 -1 13 -1 12 -1 13 -1 12 -1 13 -1 12 -1 13 -1 17 -1 16 -1 15 -1 18 -1 19 -1 20 -1 19 -1 22 -1 21 -1 27 -1 -2,3,"[0.0043092514388263226, 0.19525811076164246, 0.05964602157473564, 0.244650200009346, 0.16162081062793732, 0.3345155417919159]"
3 1 -1 13 -1 12 -1 13 -1 12 -1 17 -1 15 -1 18 -1 21 -1 22 -1 21 -1 27 -1 28 -1 29 -1 28 -1 -2,3,"[0.31018000841140747, 0.07321060448884964, 0.4227195084095001, 0.07089406251907349, 0.10888856649398804, 0.014107291586697102]"
3 1 -1 12 -1 13 -1 12 -1 13 -1 12 -1 13 -1 12 -1 17 -1 15 -1 18 -1 19 -1 18 -1 21 -1 22 -1 21 -1 22 -1 27 -1 28 -1 30 -1 -2,3,"[0.030283745378255844, 0.03542616590857506, 0.8842252492904663, 0.023563327267766, 0.017796438187360764, 0.0087050199508667]"
3 1 -1 12 -1 13 -1 12 -1 13 -1 12 -1 13 -1 12 -1 15 -1 18 -1 22 -1 21 -1 22 -1 27 -1 28 -1 30 -1 31 -1 32 -1 -2,3,"[0.030961843207478523, 0.043851014226675034, 0.7947846055030823, 0.1075143963098526, 0.015048040077090263, 0.007840192876756191]"
3 1 -1 5 -1 9 -1 12 -1 13 -1 12 -1 13 -1 12 -1 13 -1 17 -1 15 -1 18 -1 19 -1 18 -1 22 -1 21 -1 22 -1 23 -1 26 -1 27 -1 28 -1 29 -1 28 -1 -2,3,"[0.1799418181180954, 0.1359492689371109, 0.3516177833080292, 0.026768846437335014, 0.2672141492366791, 0.038508083671331406]"
3 1 -1 11 -1 10 -1 9 -1 13 -1 12 -1 13 -1 12 -1 13 -1 12 -1 13 -1 15 -1 16 -1 15 -1 16 -1 18 -1 21 -1 22 -1 21 -1 27 -1 28 -1 29 -1 28 -1 32 -1 -2,3,"[0.8163299560546875, 0.028135662898421288, 0.06928807497024536, 0.03355836868286133, 0.05080529674887657, 0.0018827900057658553]"
3 1 -1 2 -1 1 -1 5 -1 11 -1 10 -1 9 -1 13 -1 12 -1 13 -1 12 -1 13 -1 12 -1 13 -1 12 -1 13 -1 12 -1 13 -1 17 -1 16 -1 15 -1 17 -1 15 -1 17 -1 15 -1 16 -1 18 -1 19 -1 20 -1 19 -1 18 -1 19 -1 21 -1 22 -1 21 -1 22 -1 21 -1 22 -1 21 -1 22 -1 27 -1 28 -1 27 -1 28 -1 29 -1 30 -1 41 -1 -2,3,"[0.06360894441604614, 0.17730814218521118, 0.48641929030418396, 0.0683208629488945, 0.1408427655696869, 0.06350000947713852]"
3 1 -1 13 -1 12 -1 13 -1 12 -1 13 -1 12 -1 13 -1 16 -1 15 -1 18 -1 22 -1 23 -1 22 -1 21 -1 27 -1 28 -1 -2,3,"[0.1443197876214981, 0.13672418892383575, 0.3605025112628937, 0.12790809571743011, 0.17646372318267822, 0.0540817491710186]"
3 1 -1 9 -1 13 -1 12 -1 13 -1 12 -1 13 -1 12 -1 13 -1 17 -1 16 -1 15 -1 18 -1 21 -1 22 -1 21 -1 27 -1 28 -1 40 -1 -2,3,"[0.04432109743356705, 0.07013257592916489, 0.7319320440292358, 0.07877157628536224, 0.058542054146528244, 0.01630070060491562]"
3 1 -1 13 -1 12 -1 13 -1 12 -1 13 -1 12 -1 15 -1 18 -1 21 -1 22 -1 21 -1 22 -1 27 -1 28 -1 32 -1 -2,3,"[0.05039413645863533, 0.05434475839138031, 0.6180578470230103, 0.24564315378665924, 0.021946987137198448, 0.009613130241632462]"
3 1 -1 4 -1 12 -1 13 -1 12 -1 13 -1 12 -1 17 -1 15 -1 18 -1 19 -1 18 -1 22 -1 21 -1 22 -1 23 -1 22 -1 27 -1 28 -1 29 -1 28 -1 -2,3,"[0.052649978548288345, 0.0669582337141037, 0.7925581932067871, 0.014540365897119045, 0.05119521915912628, 0.02209804579615593]"
3 1 -1 12 -1 13 -1 12 -1 13 -1 12 -1 13 -1 12 -1 13 -1 15 -1 16 -1 15 -1 18 -1 19 -1 20 -1 22 -1 21 -1 27 -1 28 -1 -2,3,"[0.2607043385505676, 0.12162516266107559, 0.25979772210121155, 0.14243432879447937, 0.18078039586544037, 0.034658096730709076]"
3 1 -1 13 -1 12 -1 13 -1 12 -1 13 -1 12 -1 17 -1 18 -1 21 -1 22 -1 21 -1 26 -1 27 -1 28 -1 -2,3,"[0.08891991525888443, 0.09698010236024857, 0.5985345840454102, 0.0965312123298645, 0.08929536491632462, 0.02973891794681549]"
3 1 -1 9 -1 12 -1 13 -1 12 -1 13 -1 12 -1 17 -1 15 -1 18 -1 21 -1 22 -1 21 -1 22 -1 27 -1 28 -1 30 -1 31 -1 32 -1 -2,3,"[0.029865866526961327, 0.04089090973138809, 0.7322062849998474, 0.1771547794342041, 0.01209412980824709, 0.007787968497723341]"
3 1 -1 12 -1 13 -1 12 -1 13 -1 12 -1 13 -1 12 -1 13 -1 17 -1 15 -1 18 -1 22 -1 21 -1 27 -1 28 -1 29 -1 28 -1 30 -1 -2,3,"[0.09279295802116394, 0.04166672006249428, 0.8067060112953186, 0.020445197820663452, 0.032627835869789124, 0.005761307664215565]"
3 1 -1 13 -1 12 -1 13 -1 12 -1 13 -1 17 -1 15 -1 16 -1 18 -1 19 -1 21 -1 22 -1 21 -1 22 -1 27 -1 30 -1 -2,3,"[0.013088550418615341, 0.14585724472999573, 0.09762349724769592, 0.5206204056739807, 0.08632305264472961, 0.13648724555969238]"
3 1 -1 13 -1 12 -1 16 -1 15 -1 18 -1 19 -1 18 -1 22 -1 21 -1 27 -1 28 -1 30 -1 -2,3,"[0.778851330280304, 0.044371504336595535, 0.040992166846990585, 0.02194930613040924, 0.10793799161911011, 0.005897631403058767]"
3 1 -1 12 -1 13 -1 12 -1 13 -1 12 -1 13 -1 12 -1 13 -1 17 -1 15 -1 18 -1 19 -1 21 -1 22 -1 21 -1 22 -1 23 -1 22 -1 27 -1 28 -1 29 -1 28 -1 -2,3,"[0.04834194853901863, 0.059186894446611404, 0.8110818862915039, 0.01733008399605751, 0.04771396517753601, 0.01634511910378933]"
3 1 -1 13 -1 12 -1 13 -1 12 -1 13 -1 16 -1 15 -1 18 -1 22 -1 21 -1 22 -1 23 -1 27 -1 28 -1 30 -1 -2,3,"[0.4533590078353882, 0.09446981549263, 0.21370145678520203, 0.04552982375025749, 0.1772393435239792, 0.01570054329931736]"
3 1 -1 13 -1 12 -1 13 -1 12 -1 13 -1 12 -1 13 -1 17 -1 15 -1 16 -1 15 -1 18 -1 19 -1 21 -1 22 -1 21 -1 22 -1 27 -1 32 -1 -2,3,"[0.00523654418066144, 0.046300556510686874, 0.09295935928821564, 0.8121501803398132, 0.016157669946551323, 0.02719576098024845]"
3 1 -1 11 -1 13 -1 12 -1 13 -1 12 -1 13 -1 17 -1 15 -1 18 -1 19 -1 22 -1 21 -1 22 -1 27 -1 40 -1 -2,3,"[0.0034078543540090322, 0.16168072819709778, 0.03368835896253586, 0.09370585530996323, 0.1996454894542694, 0.5078717470169067]"
3 1 -1 13 -1 12 -1 13 -1 17 -1 15 -1 16 -1 18 -1 19 -1 22 -1 21 -1 22 -1 27 -1 28 -1 29 -1 32 -1 -2,3,"[0.061568353325128555, 0.11147254705429077, 0.06782429665327072, 0.6173390746116638, 0.11301793158054352, 0.02877783216536045]"
3 1 -1 13 -1 12 -1 13 -1 12 -1 13 -1 17 -1 16 -1 15 -1 16 -1 15 -1 18 -1 22 -1 21 -1 22 -1 27 -1 28 -1 29 -1 28 -1 32 -1 -2,3,"[0.5151355266571045, 0.0582575760781765, 0.2477526217699051, 0.0897456705570221, 0.08467502146959305, 0.004433623980730772]"
3 1 -1 11 -1 13 -1 12 -1 13 -1 12 -1 13 -1 12 -1 13 -1 15 -1 18 -1 19 -1 22 -1 21 -1 22 -1 27 -1 28 -1 29 -1 -2,3,"[0.016178790479898453, 0.2303350418806076, 0.08667188137769699, 0.1764565110206604, 0.3018640875816345, 0.18849365413188934]"
3 1 -1 5 -1 4 -1 13 -1 12 -1 13 -1 12 -1 13 -1 12 -1 13 -1 14 -1 13 -1 17 -1 15 -1 16 -1 18 -1 19 -1 22 -1 21 -1 22 -1 27 -1 -2,3,"[0.003374397289007902, 0.15241801738739014, 0.12981431186199188, 0.3518190383911133, 0.08763622492551804, 0.2749379873275757]"
3 1 -1 4 -1 9 -1 13 -1 12 -1 13 -1 12 -1 13 -1 12 -1 13 -1 16 -1 15 -1 16 -1 15 -1 18 -1 19 -1 18 -1 19 -1 22 -1 21 -1 22 -1 27 -1 30 -1 -2,3,"[0.02322591282427311, 0.21109160780906677, 0.03345133364200592, 0.20767511427402496, 0.27743327617645264, 0.24712279438972473]"
3 1 -1 13 -1 12 -1 13 -1 12 -1 13 -1 12 -1 13 -1 17 -1 15 -1 18 -1 19 -1 22 -1 21 -1 22 -1 27 -1 28 -1 29 -1 -2,3,"[0.00924938265234232, 0.2150699943304062, 0.24358609318733215, 0.1673310250043869, 0.1565057933330536, 0.20825769007205963]"
3 1 -1 5 -1 13 -1 12 -1 13 -1 12 -1 13 -1 12 -1 17 -1 16 -1 15 -1 18 -1 22 -1 21 -1 27 -1 28 -1 29 -1 28 -1 32 -1 -2,3,"[0.08401871472597122, 0.039296235889196396, 0.7724412083625793, 0.07799478620290756, 0.021834172308444977, 0.004414890892803669]"
3 1 -1 12 -1 13 -1 12 -1 13 -1 12 -1 13 -1 17 -1 16 -1 18 -1 21 -1 22 -1 21 -1 22 -1 27 -1 28 -1 30 -1 -2,3,"[0.05345866084098816, 0.045210741460323334, 0.7942312955856323, 0.07730404287576675, 0.021150343120098114, 0.008644956164062023]"
3 1 -1 13 -1 12 -1 13 -1 12 -1 13 -1 17 -1 15 -1 16 -1 15 -1 18 -1 19 -1 22 -1 21 -1 22 -1 23 -1 27 -1 28 -1 29 -1 -2,3,"[0.0366438552737236, 0.20894935727119446, 0.04445016011595726, 0.1360652595758438, 0.45586925745010376, 0.11802211403846741]"
3 1 -1 9 -1 13 -1 12 -1 13 -1 12 -1 13 -1 17 -1 15 -1 18 -1 19 -1 20 -1 22 -1 21 -1 22 -1 23 -1 27 -1 28 -1 29 -1 28 -1 32 -1 -2,3,"[0.48019933700561523, 0.06746556609869003, 0.24935176968574524, 0.07991915941238403, 0.11772019416093826, 0.005343950353562832]"
3 1 -1 4 -1 5 -1 13 -1 12 -1 13 -1 12 -1 17 -1 16 -1 15 -1 16 -1 15 -1 18 -1 19 -1 20 -1 21 -1 22 -1 21 -1 22 -1 27 -1 28 -1 30 -1 -2,3,"[0.22287829220294952, 0.09477400779724121, 0.4828176498413086, 0.0966576635837555, 0.08688303828239441, 0.015989311039447784]"
3 1 -1 5 -1 12 -1 13 -1 12 -1 13 -1 12 -1 13 -1 12 -1 13 -1 18 -1 19 -1 22 -1 21 -1 22 -1 23 -1 22 -1 27 -1 28 -1 -2,3,"[0.03248041868209839, 0.09864798933267593, 0.6946697235107422, 0.027641428634524345, 0.06632356345653534, 0.08023682236671448]"
3 1 -1 9 -1 13 -1 12 -1 13 -1 17 -1 16 -1 15 -1 16 -1 18 -1 19 -1 20 -1 22 -1 21 -1 22 -1 23 -1 27 -1 28 -1 30 -1 -2,3,"[0.7355436682701111, 0.048047203570604324, 0.06079801544547081, 0.019340582191944122, 0.12997595965862274, 0.006294591818004847]"
3 1 -1 9 -1 13 -1 12 -1 13 -1 12 -1 16 -1 15 -1 18 -1 21 -1 22 -1 21 -1 22 -1 23 -1 22 -1 27 -1 28 -1 29 -1 28 -1 32 -1 -2,3,"[0.47452858090400696, 0.06789679080247879, 0.24911999702453613, 0.09094352275133133, 0.1119990274310112, 0.005512113217264414]"
4 1 -1 2 -1 1 -1 2 -1 3 -1 4 -1 3 -1 4 -1 5 -1 4 -1 3 -1 6 -1 7 -1 8 -1 7 -1 6 -1 13 -1 12 -1 13 -1 14 -1 13 -1 14 -1 13 -1 12 -1 13 -1 12 -1 13 -1 17 -1 16 -1 15 -1 17 -1 15 -1 19 -1 18 -1 19 -1 20 -1 19 -1 18 -1 22 -1 21 -1 22 -1 21 -1 22 -1 21 -1 22 -1 21 -1 22 -1 22 -1 21 -1 22 -1 21 -1 22 -1 21 -1 26 -1 27 -1 28 -1 27 -1 28 -1 29 -1 34 -1 35 -1 38 -1 36 -1 -2,4,"[0.03706980124115944, 0.19329306483268738, 0.0365247018635273, 0.40742090344429016, 0.1683245152235031, 0.1573670357465744]"
4 1 -1 2 -1 6 -1 13 -1 12 -1 13 -1 17 -1 15 -1 18 -1 19 -1 20 -1 21 -1 22 -1 23 -1 22 -1 21 -1 22 -1 21 -1 22 -1 27 -1 28 -1 29 -1 -2,4,"[0.025031084194779396, 0.1895482987165451, 0.0698847621679306, 0.3675040602684021, 0.2518133223056793, 0.09621850401163101]"
4 1 -1 2 -1 5 -1 8 -1 7 -1 6 -1 13 -1 12 -1 13 -1 15 -1 18 -1 19 -1 20 -1 23 -1 22 -1 21 -1 22 -1 23 -1 27 -1 35 -1 36 -1 -2,4,"[0.08040929585695267, 0.1599610596895218, 0.02138913981616497, 0.46052947640419006, 0.19060800969600677, 0.08710302412509918]"
4 1 -1 2 -1 5 -1 8 -1 13 -1 12 -1 13 -1 14 -1 13 -1 12 -1 13 -1 17 -1 15 -1 18 -1 22 -1 23 -1 21 -1 22 -1 21 -1 22 -1 27 -1 -2,4,"[0.006400606594979763, 0.14933916926383972, 0.03457630053162575, 0.5144250988960266, 0.12141259014606476, 0.1738462746143341]"
4 1 -1 2 -1 1 -1 2 -1 1 -1 3 -1 4 -1 4 -1 3 -1 8 -1 7 -1 6 -1 13 -1 12 -1 13 -1 12 -1 13 -1 12 -1 13 -1 12 -1 13 -1 12 -1 13 -1 16 -1 15 -1 16 -1 17 -1 16 -1 15 -1 16 -1 17 -1 15 -1 18 -1 19 -1 18 -1 19 -1 18 -1 19 -1 20 -1 19 -1 23 -1 22 -1 21 -1 22 -1 21 -1 22 -1 21 -1 23 -1 22 -1 21 -1 22 -1 21 -1 22 -1 21 -1 22 -1 23 -1 21 -1 22 -1 23 -1 22 -1 27 -1 28 -1 27 -1 28 -1 27 -1 28 -1 29 -1 32 -1 -2,4,"[0.015984056517481804, 0.18443138897418976, 0.0504877083003521, 0.5541873574256897, 0.1521342396736145, 0.04277517646551132]"
4 1 -1 2 -1 6 -1 13 -1 12 -1 13 -1 15 -1 18 -1 22 -1 21 -1 22 -1 23 -1 22 -1 27 -1 28 -1 27 -1 35 -1 36 -1 -2,4,"[0.0501847080886364, 0.21215631067752838, 0.017589274793863297, 0.27566301822662354, 0.33972445130348206, 0.10468227416276932]"
4 1 -1 6 -1 13 -1 12 -1 13 -1 15 -1 18 -1 19 -1 22 -1 21 -1 27 -1 31 -1 -2,4,"[0.019839229062199593, 0.16981616616249084, 0.014841936528682709, 0.30589303374290466, 0.28394386172294617, 0.2056657373905182]"
4 1 -1 2 -1 5 -1 8 -1 13 -1 15 -1 18 -1 21 -1 22 -1 21 -1 27 -1 31 -1 32 -1 33 -1 -2,4,"[0.1169968768954277, 0.11420740932226181, 0.08162279427051544, 0.5237262845039368, 0.1178639680147171, 0.04558262974023819]"
4 1 -1 2 -1 1 -1 2 -1 5 -1 8 -1 13 -1 12 -1 13 -1 12 -1 13 -1 12 -1 13 -1 14 -1 13 -1 16 -1 15 -1 16 -1 17 -1 16 -1 15 -1 16 -1 15 -1 16 -1 17 -1 16 -1 15 -1 18 -1 19 -1 20 -1 19 -1 18 -1 21 -1 22 -1 21 -1 22 -1 21 -1 22 -1 21 -1 27 -1 28 -1 27 -1 30 -1 31 -1 30 -1 33 -1 36 -1 -2,4,"[0.43019822239875793, 0.14221085608005524, 0.03256978467106819, 0.1711703985929489, 0.19004443287849426, 0.03380630910396576]"
4 1 -1 2 -1 13 -1 12 -1 13 -1 15 -1 18 -1 19 -1 20 -1 21 -1 22 -1 21 -1 22 -1 21 -1 22 -1 27 -1 34 -1 -2,4,"[0.012097562663257122, 0.14394153654575348, 0.03687797859311104, 0.5577120780944824, 0.13230185210704803, 0.11706902086734772]"
4 1 -1 2 -1 4 -1 5 -1 4 -1 6 -1 13 -1 12 -1 13 -1 15 -1 18 -1 22 -1 21 -1 27 -1 28 -1 29 -1 -2,4,"[0.1208312138915062, 0.18630698323249817, 0.03405293449759483, 0.19111180305480957, 0.40067511796951294, 0.06702198088169098]"
4 1 -1 2 -1 4 -1 5 -1 4 -1 8 -1 13 -1 16 -1 15 -1 16 -1 17 -1 16 -1 15 -1 18 -1 19 -1 20 -1 21 -1 22 -1 21 -1 22 -1 23 -1 27 -1 32 -1 -2,4,"[0.13881602883338928, 0.1117168441414833, 0.029851078987121582, 0.572405219078064, 0.11724229902029037, 0.029968570917844772]"
4 1 -1 5 -1 8 -1 13 -1 14 -1 13 -1 15 -1 16 -1 18 -1 19 -1 21 -1 23 -1 22 -1 21 -1 22 -1 26 -1 27 -1 35 -1 36 -1 -2,4,"[0.10388616472482681, 0.16340801119804382, 0.02029012329876423, 0.41535046696662903, 0.21671617031097412, 0.08034910261631012]"
4 1 -1 2 -1 5 -1 4 -1 3 -1 4 -1 8 -1 13 -1 12 -1 13 -1 16 -1 15 -1 18 -1 22 -1 21 -1 22 -1 27 -1 35 -1 36 -1 -2,4,"[0.04965706169605255, 0.11930239200592041, 0.023619310930371284, 0.6302131414413452, 0.11419638246297836, 0.06301166862249374]"
4 1 -1 2 -1 1 -1 2 -1 4 -1 6 -1 13 -1 12 -1 13 -1 12 -1 13 -1 12 -1 13 -1 15 -1 16 -1 17 -1 15 -1 16 -1 18 -1 19 -1 18 -1 23 -1 22 -1 21 -1 22 -1 21 -1 23 -1 22 -1 21 -1 26 -1 27 -1 28 -1 29 -1 28 -1 27 -1 -2,4,"[0.11415885388851166, 0.1391230821609497, 0.025354484096169472, 0.023666460067033768, 0.6576929688453674, 0.04000420123338699]"
4 1 -1 8 -1 13 -1 12 -1 13 -1 12 -1 13 -1 12 -1 13 -1 17 -1 15 -1 16 -1 18 -1 19 -1 21 -1 22 -1 21 -1 22 -1 27 -1 -2,4,"[0.004870053380727768, 0.140611931681633, 0.06216122955083847, 0.5073790550231934, 0.0942947193980217, 0.1906830221414566]"
4 1 -1 2 -1 1 -1 2 -1 3 -1 6 -1 13 -1 12 -1 13 -1 15 -1 16 -1 18 -1 19 -1 20 -1 22 -1 22 -1 21 -1 22 -1 23 -1 22 -1 27 -1 -2,4,"[0.012499024160206318, 0.19705556333065033, 0.021565303206443787, 0.2807435691356659, 0.28001680970191956, 0.2081196904182434]"
4 1 -1 5 -1 4 -1 3 -1 6 -1 13 -1 12 -1 13 -1 16 -1 15 -1 16 -1 18 -1 19 -1 22 -1 23 -1 21 -1 22 -1 21 -1 22 -1 27 -1 32 -1 -2,4,"[0.033702459186315536, 0.08313829451799393, 0.029046189039945602, 0.7465344071388245, 0.07419203221797943, 0.033386606723070145]"
4 1 -1 2 -1 13 -1 12 -1 13 -1 12 -1 13 -1 15 -1 16 -1 15 -1 16 -1 15 -1 18 -1 22 -1 21 -1 26 -1 27 -1 28 -1 29 -1 -2,4,"[0.2857397198677063, 0.15937833487987518, 0.02682277001440525, 0.10810326039791107, 0.3826645016670227, 0.03729146346449852]"
4 1 -1 8 -1 13 -1 12 -1 13 -1 12 -1 13 -1 17 -1 16 -1 15 -1 18 -1 19 -1 20 -1 21 -1 22 -1 21 -1 22 -1 27 -1 28 -1 32 -1 35 -1 -2,4,"[0.06513941287994385, 0.08049227297306061, 0.417695015668869, 0.3698764145374298, 0.05437641590833664, 0.012420504353940487]"
4 1 -1 2 -1 1 -1 2 -1 1 -1 6 -1 7 -1 6 -1 13 -1 12 -1 13 -1 12 -1 13 -1 12 -1 13 -1 12 -1 13 -1 16 -1 15 -1 17 -1 15 -1 16 -1 17 -1 15 -1 16 -1 18 -1 19 -1 20 -1 19 -1 20 -1 19 -1 18 -1 19 -1 18 -1 19 -1 20 -1 19 -1 22 -1 21 -1 22 -1 21 -1 22 -1 21 -1 22 -1 21 -1 22 -1 21 -1 22 -1 21 -1 22 -1 26 -1 27 -1 28 -1 27 -1 28 -1 27 -1 32 -1 36 -1 37 -1 36 -1 -2,4,"[0.014058479107916355, 0.13777557015419006, 0.023599674925208092, 0.6512842774391174, 0.09051493555307388, 0.08276712149381638]"
4 1 -1 2 -1 1 -1 2 -1 3 -1 4 -1 8 -1 7 -1 6 -1 7 -1 6 -1 13 -1 12 -1 13 -1 12 -1 13 -1 12 -1 13 -1 12 -1 13 -1 16 -1 15 -1 16 -1 17 -1 16 -1 15 -1 16 -1 18 -1 19 -1 18 -1 19 -1 20 -1 22 -1 21 -1 22 -1 21 -1 22 -1 21 -1 22 -1 23 -1 27 -1 28 -1 27 -1 30 -1 36 -1 -2,4,"[0.039516061544418335, 0.23110820353031158, 0.042188651859760284, 0.4235374331474304, 0.1697378009557724, 0.09391182661056519]"
4 1 -1 2 -1 6 -1 13 -1 12 -1 13 -1 15 -1 18 -1 22 -1 21 -1 22 -1 23 -1 27 -1 28 -1 29 -1 32 -1 -2,4,"[0.16723260283470154, 0.13389186561107635, 0.050592195242643356, 0.4451579451560974, 0.17645815014839172, 0.02666725218296051]"
4 1 -1 2 -1 1 -1 6 -1 13 -1 12 -1 13 -1 12 -1 13 -1 15 -1 16 -1 15 -1 16 -1 18 -1 19 -1 21 -1 22 -1 21 -1 22 -1 23 -1 27 -1 28 -1 29 -1 32 -1 -2,4,"[0.2955230474472046, 0.13000552356243134, 0.04248300939798355, 0.32630497217178345, 0.18516531586647034, 0.02051815390586853]"
4 1 -1 13 -1 12 -1 13 -1 15 -1 16 -1 18 -1 19 -1 20 -1 19 -1 22 -1 21 -1 27 -1 28 -1 32 -1 -2,4,"[0.5773169994354248, 0.07986389845609665, 0.07024479657411575, 0.1338132917881012, 0.13098089396953583, 0.007780148182064295]"
4 1 -1 2 -1 5 -1 13 -1 12 -1 13 -1 14 -1 13 -1 12 -1 15 -1 16 -1 19 -1 18 -1 21 -1 23 -1 22 -1 21 -1 22 -1 27 -1 -2,4,"[0.011669564992189407, 0.17739708721637726, 0.018001368269324303, 0.3733383119106293, 0.23331093788146973, 0.1862827092409134]"
4 1 -1 5 -1 12 -1 13 -1 12 -1 13 -1 12 -1 13 -1 16 -1 15 -1 16 -1 18 -1 19 -1 20 -1 22 -1 21 -1 27 -1 28 -1 34 -1 36 -1 -2,4,"[0.1758333146572113, 0.22336995601654053, 0.05906763672828674, 0.19687359035015106, 0.307320773601532, 0.03753480315208435]"
4 1 -1 2 -1 1 -1 2 -1 5 -1 8 -1 7 -1 8 -1 13 -1 12 -1 13 -1 12 -1 13 -1 12 -1 13 -1 15 -1 16 -1 15 -1 17 -1 15 -1 16 -1 18 -1 19 -1 18 -1 19 -1 20 -1 21 -1 22 -1 21 -1 22 -1 21 -1 22 -1 21 -1 22 -1 27 -1 28 -1 27 -1 28 -1 29 -1 32 -1 36 -1 -2,4,"[0.08399414271116257, 0.14029374718666077, 0.028866946697235107, 0.595839262008667, 0.12136036157608032, 0.029645590111613274]"
4 1 -1 2 -1 6 -1 13 -1 12 -1 13 -1 16 -1 15 -1 16 -1 15 -1 18 -1 19 -1 20 -1 22 -1 21 -1 27 -1 28 -1 29 -1 -2,4,"[0.31755030155181885, 0.15250232815742493, 0.030330516397953033, 0.15063194930553436, 0.31288257241249084, 0.03610241040587425]"
4 1 -1 2 -1 1 -1 2 -1 3 -1 4 -1 6 -1 13 -1 12 -1 13 -1 12 -1 13 -1 12 -1 13 -1 12 -1 13 -1 12 -1 15 -1 16 -1 15 -1 16 -1 17 -1 15 -1 18 -1 19 -1 18 -1 21 -1 22 -1 21 -1 22 -1 23 -1 21 -1 22 -1 21 -1 22 -1 27 -1 28 -1 27 -1 36 -1 -2,4,"[0.017453355714678764, 0.2526839077472687, 0.20288404822349548, 0.29493027925491333, 0.11085779964923859, 0.1211906224489212]"
4 1 -1 2 -1 4 -1 6 -1 12 -1 13 -1 12 -1 13 -1 15 -1 16 -1 18 -1 22 -1 21 -1 22 -1 23 -1 26 -1 27 -1 32 -1 -2,4,"[0.023408837616443634, 0.13771221041679382, 0.027561763301491737, 0.6150157451629639, 0.13146990537643433, 0.06483156234025955]"
4 1 -1 2 -1 4 -1 13 -1 12 -1 13 -1 14 -1 13 -1 15 -1 18 -1 21 -1 22 -1 21 -1 22 -1 27 -1 -2,4,"[0.014585490338504314, 0.15659020841121674, 0.01633453741669655, 0.49769094586372375, 0.18460945785045624, 0.13018934428691864]"
4 1 -1 2 -1 5 -1 4 -1 13 -1 15 -1 16 -1 18 -1 22 -1 21 -1 22 -1 23 -1 27 -1 32 -1 -2,4,"[0.09376708418130875, 0.11704850196838379, 0.027155067771673203, 0.5981901288032532, 0.12660738825798035, 0.03723180294036865]"
4 1 -1 2 -1 13 -1 12 -1 13 -1 14 -1 13 -1 15 -1 16 -1 18 -1 22 -1 21 -1 22 -1 27 -1 32 -1 -2,4,"[0.025244703516364098, 0.07314050942659378, 0.028977250680327415, 0.7855850458145142, 0.057550959289073944, 0.02950156107544899]"
4 1 -1 2 -1 6 -1 13 -1 12 -1 13 -1 16 -1 15 -1 18 -1 22 -1 21 -1 22 -1 27 -1 -2,4,"[0.023393386974930763, 0.16909511387348175, 0.015344589948654175, 0.4147625267505646, 0.24325023591518402, 0.13415412604808807]"
4 1 -1 2 -1 6 -1 13 -1 12 -1 13 -1 12 -1 15 -1 18 -1 22 -1 21 -1 22 -1 27 -1 -2,4,"[0.006774960085749626, 0.1765553057193756, 0.022229274734854698, 0.3704368770122528, 0.19372621178627014, 0.2302773892879486]"
4 1 -1 2 -1 8 -1 12 -1 13 -1 12 -1 13 -1 15 -1 18 -1 22 -1 21 -1 27 -1 28 -1 29 -1 -2,4,"[0.06249639391899109, 0.1942935734987259, 0.041181351989507675, 0.2307620793581009, 0.38325035572052, 0.0880163162946701]"
4 1 -1 2 -1 8 -1 13 -1 12 -1 13 -1 15 -1 18 -1 21 -1 22 -1 21 -1 26 -1 27 -1 28 -1 -2,4,"[0.6209190487861633, 0.0740981176495552, 0.053729474544525146, 0.0463952012360096, 0.187918022274971, 0.016940105706453323]"
4 1 -1 2 -1 13 -1 12 -1 13 -1 12 -1 13 -1 17 -1 16 -1 15 -1 18 -1 21 -1 22 -1 21 -1 22 -1 28 -1 27 -1 32 -1 -2,4,"[0.026104480028152466, 0.0993521511554718, 0.2548043429851532, 0.5555011630058289, 0.04068024456501007, 0.023557595908641815]"
4 1 -1 2 -1 6 -1 13 -1 12 -1 13 -1 15 -1 16 -1 18 -1 22 -1 21 -1 27 -1 32 -1 -2,4,"[0.04659843444824219, 0.08904750645160675, 0.025447765365242958, 0.7247016429901123, 0.0835132747888565, 0.030691329389810562]"
4 1 -1 2 -1 13 -1 12 -1 13 -1 12 -1 13 -1 15 -1 18 -1 21 -1 22 -1 21 -1 22 -1 21 -1 22 -1 23 -1 22 -1 27 -1 -2,4,"[0.005041196476668119, 0.15650674700737, 0.11196470260620117, 0.42902815341949463, 0.08705505728721619, 0.2104041576385498]"
4 1 -1 2 -1 13 -1 12 -1 13 -1 12 -1 13 -1 16 -1 15 -1 18 -1 22 -1 21 -1 22 -1 27 -1 32 -1 -2,4,"[0.00952638778835535, 0.06219230219721794, 0.04404744878411293, 0.8193133473396301, 0.033404573798179626, 0.031515855342149734]"
4 1 -1 2 -1 13 -1 12 -1 13 -1 16 -1 15 -1 18 -1 22 -1 21 -1 22 -1 27 -1 28 -1 29 -1 32 -1 -2,4,"[0.09672566503286362, 0.10298050194978714, 0.06257013231515884, 0.6095712184906006, 0.10501640290021896, 0.023136017844080925]"
4 1 -1 2 -1 13 -1 12 -1 13 -1 16 -1 15 -1 16 -1 18 -1 19 -1 20 -1 22 -1 21 -1 22 -1 23 -1 27 -1 32 -1 -2,4,"[0.0445040799677372, 0.11048158258199692, 0.029877644032239914, 0.6710453629493713, 0.10252849757671356, 0.04156273975968361]"
4 1 -1 2 -1 4 -1 6 -1 13 -1 12 -1 13 -1 16 -1 15 -1 16 -1 15 -1 18 -1 21 -1 22 -1 21 -1 27 -1 28 -1 29 -1 32 -1 -2,4,"[0.4392363131046295, 0.08728969842195511, 0.040061574429273605, 0.32336196303367615, 0.09860877692699432, 0.011441608890891075]"
4 1 -1 2 -1 4 -1 13 -1 12 -1 13 -1 12 -1 13 -1 17 -1 15 -1 16 -1 18 -1 19 -1 20 -1 19 -1 20 -1 21 -1 22 -1 21 -1 22 -1 27 -1 32 -1 -2,4,"[0.007055007852613926, 0.050699423998594284, 0.058008283376693726, 0.836740255355835, 0.021865492686629295, 0.025631532073020935]"
4 1 -1 2 -1 13 -1 12 -1 13 -1 12 -1 15 -1 16 -1 15 -1 16 -1 18 -1 22 -1 21 -1 27 -1 -2,4,"[0.03759026899933815, 0.14084772765636444, 0.01852857507765293, 0.5611289739608765, 0.16869527101516724, 0.0732092410326004]"
4 1 -1 2 -1 1 -1 2 -1 5 -1 4 -1 3 -1 6 -1 12 -1 13 -1 12 -1 13 -1 12 -1 13 -1 12 -1 13 -1 12 -1 13 -1 12 -1 13 -1 12 -1 16 -1 15 -1 17 -1 15 -1 18 -1 19 -1 18 -1 21 -1 22 -1 21 -1 22 -1 23 -1 21 -1 22 -1 21 -1 27 -1 28 -1 27 -1 28 -1 29 -1 32 -1 31 -1 32 -1 -2,4,"[0.006119810044765472, 0.03411787375807762, 0.09670824557542801, 0.8389203548431396, 0.010860017500817776, 0.013273711316287518]"
4 1 -1 2 -1 13 -1 12 -1 13 -1 15 -1 16 -1 18 -1 22 -1 21 -1 22 -1 27 -1 -2,4,"[0.018804850056767464, 0.1620924472808838, 0.016275053843855858, 0.4623962640762329, 0.20956674218177795, 0.13086462020874023]"
4 1 -1 2 -1 13 -1 12 -1 13 -1 15 -1 16 -1 15 -1 16 -1 18 -1 22 -1 21 -1 22 -1 27 -1 -2,4,"[0.06550031900405884, 0.16300462186336517, 0.017094537615776062, 0.4120502471923828, 0.2558371424674988, 0.08651307225227356]"
4 1 -1 2 -1 6 -1 13 -1 12 -1 13 -1 12 -1 13 -1 12 -1 15 -1 16 -1 18 -1 22 -1 21 -1 27 -1 30 -1 -2,4,"[0.02294590324163437, 0.12546642124652863, 0.07266077399253845, 0.6148160696029663, 0.07960544526576996, 0.08450531214475632]"
4 1 -1 12 -1 13 -1 12 -1 13 -1 12 -1 13 -1 16 -1 15 -1 16 -1 18 -1 21 -1 22 -1 21 -1 22 -1 27 -1 28 -1 32 -1 -2,4,"[0.08191240578889847, 0.0609879344701767, 0.4965912401676178, 0.32389864325523376, 0.02780122496187687, 0.008808537386357784]"
4 1 -1 2 -1 13 -1 16 -1 15 -1 16 -1 18 -1 22 -1 21 -1 27 -1 -2,4,"[0.13568851351737976, 0.1707175225019455, 0.013418926857411861, 0.3320681154727936, 0.28518420457839966, 0.06292271614074707]"
4 1 -1 13 -1 12 -1 13 -1 16 -1 15 -1 18 -1 19 -1 21 -1 22 -1 21 -1 22 -1 27 -1 -2,4,"[0.01575717143714428, 0.1703491359949112, 0.017216648906469345, 0.4055730104446411, 0.2341873198747635, 0.15691673755645752]"
4 1 -1 2 -1 13 -1 14 -1 13 -1 12 -1 13 -1 16 -1 15 -1 16 -1 18 -1 22 -1 21 -1 22 -1 27 -1 28 -1 29 -1 31 -1 32 -1 -2,4,"[0.08813337236642838, 0.07842166721820831, 0.04791050776839256, 0.6884978413581848, 0.07327130436897278, 0.02376529574394226]"
4 1 -1 2 -1 13 -1 12 -1 13 -1 12 -1 13 -1 16 -1 15 -1 16 -1 18 -1 22 -1 21 -1 22 -1 23 -1 27 -1 32 -1 -2,4,"[0.018266944214701653, 0.08580432832241058, 0.036614831537008286, 0.7662332057952881, 0.056751154363155365, 0.0363294817507267]"
4 1 -1 2 -1 13 -1 12 -1 13 -1 12 -1 15 -1 18 -1 22 -1 21 -1 22 -1 23 -1 27 -1 -2,4,"[0.006909285672008991, 0.2072734832763672, 0.029522811993956566, 0.2666304111480713, 0.20049169659614563, 0.28917229175567627]"
4 1 -1 12 -1 13 -1 12 -1 13 -1 15 -1 16 -1 18 -1 19 -1 22 -1 21 -1 22 -1 27 -1 32 -1 -2,4,"[0.010749341920018196, 0.09260319173336029, 0.043962568044662476, 0.732479989528656, 0.06357325613498688, 0.05663155019283295]"
4 1 -1 2 -1 13 -1 12 -1 13 -1 16 -1 15 -1 16 -1 15 -1 16 -1 18 -1 22 -1 21 -1 22 -1 27 -1 -2,4,"[0.08838188648223877, 0.16340371966362, 0.017517896369099617, 0.3978102505207062, 0.25633350014686584, 0.07655275613069534]"
4 1 -1 2 -1 1 -1 2 -1 1 -1 2 -1 13 -1 12 -1 13 -1 12 -1 13 -1 12 -1 13 -1 12 -1 13 -1 12 -1 13 -1 12 -1 13 -1 12 -1 13 -1 16 -1 15 -1 17 -1 15 -1 16 -1 17 -1 15 -1 16 -1 15 -1 16 -1 18 -1 19 -1 18 -1 19 -1 18 -1 19 -1 20 -1 19 -1 18 -1 22 -1 21 -1 22 -1 21 -1 22 -1 21 -1 22 -1 21 -1 22 -1 21 -1 22 -1 27 -1 28 -1 29 -1 28 -1 27 -1 28 -1 27 -1 32 -1 31 -1 32 -1 -2,4,"[0.008331038057804108, 0.07105676829814911, 0.04958391934633255, 0.8132014274597168, 0.036038853228092194, 0.021787971258163452]"
4 1 -1 2 -1 1 -1 2 -1 13 -1 12 -1 13 -1 12 -1 13 -1 12 -1 13 -1 15 -1 16 -1 17 -1 16 -1 15 -1 16 -1 18 -1 19 -1 18 -1 22 -1 21 -1 22 -1 21 -1 22 -1 21 -1 22 -1 21 -1 22 -1 27 -1 28 -1 29 -1 28 -1 27 -1 32 -1 31 -1 32 -1 -2,4,"[0.007664502132683992, 0.04213304817676544, 0.09047917276620865, 0.8291287422180176, 0.015456952154636383, 0.015137597918510437]"
4 1 -1 2 -1 13 -1 12 -1 13 -1 12 -1 13 -1 15 -1 18 -1 19 -1 20 -1 22 -1 21 -1 22 -1 23 -1 22 -1 27 -1 32 -1 -2,4,"[0.007538153324276209, 0.08489220589399338, 0.06811220943927765, 0.7404855489730835, 0.04256555438041687, 0.05640631914138794]"
4 1 -1 2 -1 6 -1 13 -1 16 -1 15 -1 16 -1 18 -1 22 -1 21 -1 22 -1 27 -1 32 -1 -2,4,"[0.10510730743408203, 0.09361973404884338, 0.028618860989809036, 0.6466003656387329, 0.09827712178230286, 0.02777656354010105]"
4 1 -1 2 -1 13 -1 12 -1 15 -1 16 -1 18 -1 19 -1 20 -1 22 -1 21 -1 27 -1 28 -1 29 -1 -2,4,"[0.1806952804327011, 0.17573070526123047, 0.03734219819307327, 0.18371841311454773, 0.3701527714729309, 0.052360549569129944]"
4 1 -1 2 -1 4 -1 12 -1 13 -1 12 -1 13 -1 15 -1 18 -1 21 -1 22 -1 21 -1 27 -1 28 -1 30 -1 -2,4,"[0.47595542669296265, 0.0863633006811142, 0.22526304423809052, 0.0858551561832428, 0.11319573223590851, 0.013367295265197754]"
4 1 -1 2 -1 13 -1 12 -1 13 -1 12 -1 13 -1 16 -1 15 -1 16 -1 18 -1 19 -1 18 -1 19 -1 20 -1 21 -1 22 -1 21 -1 28 -1 27 -1 28 -1 29 -1 -2,4,"[0.1826980710029602, 0.17135246098041534, 0.02859044261276722, 0.06166943162679672, 0.5189131498336792, 0.036776427179574966]"
4 1 -1 2 -1 1 -1 2 -1 1 -1 2 -1 1 -1 2 -1 1 -1 2 -1 6 -1 13 -1 12 -1 13 -1 12 -1 13 -1 12 -1 13 -1 12 -1 13 -1 12 -1 13 -1 12 -1 13 -1 12 -1 13 -1 12 -1 13 -1 16 -1 15 -1 16 -1 17 -1 16 -1 15 -1 16 -1 17 -1 15 -1 17 -1 16 -1 15 -1 16 -1 17 -1 18 -1 19 -1 18 -1 19 -1 18 -1 19 -1 18 -1 19 -1 18 -1 21 -1 22 -1 21 -1 22 -1 21 -1 22 -1 21 -1 22 -1 21 -1 22 -1 21 -1 22 -1 21 -1 22 -1 21 -1 22 -1 21 -1 22 -1 21 -1 22 -1 21 -1 27 -1 28 -1 27 -1 28 -1 27 -1 28 -1 29 -1 28 -1 27 -1 28 -1 27 -1 30 -1 31 -1 32 -1 31 -1 32 -1 31 -1 32 -1 37 -1 37 -1 -2,4,"[0.00660089822486043, 0.08731869608163834, 0.05333758890628815, 0.7113109827041626, 0.055154282599687576, 0.086277537047863]"
4 1 -1 2 -1 13 -1 12 -1 13 -1 12 -1 17 -1 16 -1 15 -1 18 -1 21 -1 22 -1 21 -1 22 -1 23 -1 27 -1 28 -1 29 -1 30 -1 31 -1 32 -1 -2,4,"[0.013074375689029694, 0.044451337307691574, 0.17954383790493011, 0.7310101985931396, 0.014886689372360706, 0.01703360676765442]"
4 1 -1 2 -1 13 -1 12 -1 13 -1 17 -1 15 -1 18 -1 21 -1 22 -1 21 -1 27 -1 -2,4,"[0.014843369834125042, 0.13740868866443634, 0.01605246774852276, 0.590049147605896, 0.14198432862758636, 0.09966204315423965]"
4 1 -1 2 -1 3 -1 13 -1 12 -1 13 -1 17 -1 16 -1 15 -1 18 -1 19 -1 18 -1 21 -1 22 -1 21 -1 27 -1 28 -1 29 -1 30 -1 31 -1 32 -1 -2,4,"[0.10868847370147705, 0.07426843047142029, 0.05950862169265747, 0.6760982871055603, 0.06216314807534218, 0.019273007288575172]"
4 1 -1 2 -1 1 -1 2 -1 1 -1 2 -1 1 -1 2 -1 6 -1 13 -1 12 -1 13 -1 12 -1 13 -1 12 -1 13 -1 12 -1 13 -1 12 -1 13 -1 12 -1 13 -1 17 -1 15 -1 16 -1 17 -1 15 -1 16 -1 15 -1 16 -1 17 -1 16 -1 15 -1 16 -1 15 -1 16 -1 17 -1 15 -1 18 -1 19 -1 18 -1 19 -1 18 -1 19 -1 18 -1 21 -1 22 -1 21 -1 22 -1 21 -1 22 -1 21 -1 22 -1 21 -1 22 -1 21 -1 22 -1 21 -1 22 -1 21 -1 27 -1 28 -1 27 -1 28 -1 27 -1 28 -1 27 -1 32 -1 37 -1 -2,4,"[0.007569191977381706, 0.20928455889225006, 0.03099883534014225, 0.3223177492618561, 0.28150859475135803, 0.14832116663455963]"
4 1 -1 2 -1 1 -1 2 -1 13 -1 12 -1 13 -1 12 -1 13 -1 12 -1 13 -1 12 -1 13 -1 17 -1 15 -1 16 -1 15 -1 16 -1 17 -1 15 -1 18 -1 19 -1 18 -1 21 -1 22 -1 21 -1 22 -1 21 -1 22 -1 21 -1 27 -1 28 -1 29 -1 28 -1 27 -1 32 -1 31 -1 32 -1 37 -1 -2,4,"[0.005715205334126949, 0.07188763469457626, 0.08532879501581192, 0.754878580570221, 0.0335288867354393, 0.04866078495979309]"
4 1 -1 2 -1 13 -1 12 -1 13 -1 17 -1 18 -1 21 -1 22 -1 21 -1 27 -1 28 -1 30 -1 -2,4,"[0.36805564165115356, 0.10057252645492554, 0.28629904985427856, 0.11911365389823914, 0.10933428257703781, 0.01662478968501091]"
4 1 -1 2 -1 13 -1 12 -1 13 -1 16 -1 17 -1 16 -1 15 -1 18 -1 21 -1 22 -1 21 -1 22 -1 28 -1 27 -1 -2,4,"[0.17889967560768127, 0.18409307301044464, 0.08858190476894379, 0.22065645456314087, 0.2846781313419342, 0.04309074953198433]"
4 1 -1 2 -1 13 -1 17 -1 15 -1 18 -1 22 -1 21 -1 27 -1 32 -1 -2,4,"[0.06146623566746712, 0.10223683714866638, 0.023677388206124306, 0.6759474873542786, 0.10480300337076187, 0.03186911344528198]"
4 1 -1 2 -1 13 -1 12 -1 13 -1 17 -1 15 -1 18 -1 21 -1 22 -1 21 -1 27 -1 30 -1 -2,4,"[0.04116907715797424, 0.13035142421722412, 0.041695114225149155, 0.6010134816169739, 0.11168960481882095, 0.07408137619495392]"
4 1 -1 2 -1 13 -1 12 -1 13 -1 12 -1 13 -1 16 -1 17 -1 15 -1 18 -1 21 -1 22 -1 21 -1 27 -1 28 -1 29 -1 30 -1 31 -1 32 -1 -2,4,"[0.027623381465673447, 0.04646178334951401, 0.11153805255889893, 0.7785033583641052, 0.022219371050596237, 0.013653988018631935]"
4 1 -1 2 -1 13 -1 12 -1 15 -1 16 -1 18 -1 19 -1 20 -1 21 -1 22 -1 21 -1 22 -1 23 -1 27 -1 32 -1 -2,4,"[0.03532424569129944, 0.09279871731996536, 0.030636556446552277, 0.7300846576690674, 0.07647174596786499, 0.03468408063054085]"
4 1 -1 2 -1 12 -1 13 -1 12 -1 13 -1 16 -1 15 -1 16 -1 18 -1 21 -1 22 -1 21 -1 22 -1 27 -1 32 -1 -2,4,"[0.011347795836627483, 0.05127904191613197, 0.040524423122406006, 0.8496513962745667, 0.026829639449715614, 0.020367780700325966]"
4 1 -1 2 -1 13 -1 12 -1 13 -1 12 -1 13 -1 15 -1 18 -1 22 -1 21 -1 22 -1 21 -1 27 -1 -2,4,"[0.0073970225639641285, 0.1443844735622406, 0.026648830622434616, 0.5444592833518982, 0.1259204000234604, 0.15119005739688873]"
5 1 -1 7 -1 7 -1 6 -1 11 -1 12 -1 13 -1 12 -1 13 -1 17 -1 15 -1 18 -1 22 -1 27 -1 28 -1 29 -1 39 -1 -2,5,"[0.04973766952753067, 0.1591002494096756, 0.0151789840310812, 0.06503385305404663, 0.5956339240074158, 0.11531537771224976]"
5 1 -1 4 -1 5 -1 8 -1 11 -1 10 -1 9 -1 13 -1 12 -1 13 -1 12 -1 13 -1 17 -1 15 -1 16 -1 15 -1 16 -1 18 -1 22 -1 23 -1 22 -1 27 -1 28 -1 35 -1 34 -1 33 -1 -2,5,"[0.10513325035572052, 0.1469791829586029, 0.03298677131533623, 0.03743261471390724, 0.6240414977073669, 0.053426649421453476]"
5 1 -1 2 -1 1 -1 3 -1 4 -1 3 -1 4 -1 5 -1 7 -1 8 -1 11 -1 10 -1 9 -1 10 -1 11 -1 13 -1 12 -1 13 -1 12 -1 13 -1 12 -1 13 -1 17 -1 15 -1 16 -1 17 -1 15 -1 18 -1 19 -1 18 -1 23 -1 22 -1 21 -1 22 -1 23 -1 22 -1 21 -1 23 -1 26 -1 27 -1 28 -1 27 -1 28 -1 33 -1 34 -1 35 -1 -2,5,"[0.04338977485895157, 0.16318963468074799, 0.019687257707118988, 0.05269455164670944, 0.6708400845527649, 0.05019865185022354]"
5 1 -1 6 -1 13 -1 12 -1 13 -1 12 -1 13 -1 12 -1 17 -1 18 -1 19 -1 26 -1 27 -1 28 -1 -2,5,"[0.08736161887645721, 0.1906873732805252, 0.11775121837854385, 0.03028637170791626, 0.4332512319087982, 0.14066216349601746]"
5 1 -1 3 -1 6 -1 12 -1 13 -1 12 -1 17 -1 15 -1 16 -1 15 -1 18 -1 19 -1 20 -1 19 -1 22 -1 21 -1 22 -1 21 -1 22 -1 27 -1 28 -1 27 -1 36 -1 -2,5,"[0.01852382905781269, 0.24636156857013702, 0.023804763332009315, 0.29370301961898804, 0.2567199766635895, 0.1608867645263672]"
5 1 -1 3 -1 11 -1 10 -1 9 -1 12 -1 13 -1 12 -1 13 -1 12 -1 13 -1 17 -1 15 -1 18 -1 19 -1 22 -1 27 -1 28 -1 27 -1 35 -1 41 -1 40 -1 39 -1 -2,5,"[0.01335094589740038, 0.1673101782798767, 0.018245534971356392, 0.03184644505381584, 0.5434507131576538, 0.2257961630821228]"
5 1 -1 11 -1 10 -1 9 -1 13 -1 15 -1 16 -1 15 -1 16 -1 18 -1 19 -1 23 -1 21 -1 22 -1 21 -1 23 -1 27 -1 28 -1 29 -1 41 -1 40 -1 39 -1 40 -1 -2,5,"[0.05982351675629616, 0.1489177793264389, 0.012777800671756268, 0.02081165835261345, 0.6814999580383301, 0.07616932690143585]"
5 1 -1 4 -1 5 -1 6 -1 11 -1 10 -1 9 -1 13 -1 12 -1 13 -1 15 -1 18 -1 19 -1 22 -1 23 -1 27 -1 28 -1 35 -1 34 -1 36 -1 -2,5,"[0.2590508759021759, 0.18276527523994446, 0.016294049099087715, 0.11318876594305038, 0.3870297074317932, 0.04167132452130318]"
5 1 -1 13 -1 18 -1 19 -1 18 -1 23 -1 27 -1 28 -1 39 -1 -2,5,"[0.1658102124929428, 0.1258930116891861, 0.014928042888641357, 0.018828976899385452, 0.6340746283531189, 0.04046514257788658]"
5 1 -1 3 -1 13 -1 12 -1 13 -1 17 -1 15 -1 16 -1 15 -1 18 -1 19 -1 22 -1 27 -1 28 -1 27 -1 28 -1 29 -1 -2,5,"[0.09501189738512039, 0.16859658062458038, 0.018628563731908798, 0.04293806850910187, 0.6187077164649963, 0.0561172291636467]"
5 1 -1 5 -1 6 -1 11 -1 10 -1 9 -1 13 -1 15 -1 18 -1 19 -1 22 -1 23 -1 21 -1 22 -1 27 -1 35 -1 34 -1 33 -1 41 -1 -2,5,"[0.3104599416255951, 0.15087968111038208, 0.09129801392555237, 0.06280946731567383, 0.3011423349380493, 0.0834105983376503]"
5 1 -1 8 -1 13 -1 12 -1 16 -1 15 -1 16 -1 15 -1 18 -1 22 -1 27 -1 28 -1 29 -1 28 -1 39 -1 -2,5,"[0.5494049787521362, 0.07105790078639984, 0.023722248151898384, 0.014690399169921875, 0.32981663942337036, 0.0113078523427248]"
5 1 -1 6 -1 9 -1 12 -1 13 -1 12 -1 13 -1 17 -1 15 -1 18 -1 22 -1 23 -1 21 -1 22 -1 21 -1 22 -1 27 -1 28 -1 35 -1 34 -1 33 -1 36 -1 41 -1 40 -1 -2,5,"[0.10737121850252151, 0.2006015181541443, 0.2142333984375, 0.03646385669708252, 0.3758460581302643, 0.06548397988080978]"
5 1 -1 2 -1 1 -1 5 -1 4 -1 5 -1 6 -1 11 -1 10 -1 9 -1 10 -1 9 -1 13 -1 12 -1 13 -1 12 -1 13 -1 12 -1 13 -1 12 -1 13 -1 12 -1 13 -1 15 -1 17 -1 18 -1 19 -1 18 -1 22 -1 21 -1 22 -1 21 -1 22 -1 23 -1 21 -1 23 -1 22 -1 22 -1 23 -1 21 -1 27 -1 28 -1 27 -1 28 -1 35 -1 34 -1 35 -1 39 -1 -2,5,"[0.009390763938426971, 0.21435226500034332, 0.02878303825855255, 0.1525103598833084, 0.45308050513267517, 0.1418829709291458]"
5 1 -1 7 -1 8 -1 13 -1 17 -1 18 -1 19 -1 20 -1 21 -1 23 -1 22 -1 21 -1 22 -1 22 -1 21 -1 22 -1 27 -1 28 -1 29 -1 28 -1 39 -1 -2,5,"[0.2691066563129425, 0.10480087250471115, 0.043655332177877426, 0.01769963838160038, 0.5444925427436829, 0.02024497091770172]"
5 1 -1 7 -1 11 -1 10 -1 9 -1 13 -1 12 -1 13 -1 17 -1 15 -1 16 -1 18 -1 22 -1 26 -1 27 -1 28 -1 27 -1 28 -1 30 -1 31 -1 32 -1 37 -1 37 -1 41 -1 40 -1 39 -1 -2,5,"[0.053459469228982925, 0.15984483063220978, 0.017689261585474014, 0.03392097353935242, 0.6275584697723389, 0.1075269803404808]"
5 1 -1 5 -1 6 -1 13 -1 12 -1 13 -1 18 -1 23 -1 27 -1 28 -1 35 -1 34 -1 33 -1 41 -1 40 -1 39 -1 -2,5,"[0.051195334643125534, 0.14326123893260956, 0.014833861030638218, 0.021255644038319588, 0.6969553828239441, 0.07249857485294342]"
5 1 -1 13 -1 12 -1 13 -1 17 -1 18 -1 22 -1 21 -1 22 -1 27 -1 28 -1 33 -1 -2,5,"[0.0658157467842102, 0.156144917011261, 0.3365412950515747, 0.07081294804811478, 0.29512009024620056, 0.07556500285863876]"
5 1 -1 3 -1 13 -1 12 -1 13 -1 17 -1 16 -1 15 -1 18 -1 23 -1 22 -1 22 -1 21 -1 23 -1 22 -1 26 -1 27 -1 28 -1 27 -1 28 -1 29 -1 28 -1 30 -1 41 -1 -2,5,"[0.7268378138542175, 0.04648106172680855, 0.04169498756527901, 0.00860732700675726, 0.16981475055217743, 0.006564090494066477]"
5 1 -1 5 -1 6 -1 13 -1 12 -1 13 -1 17 -1 15 -1 16 -1 15 -1 18 -1 19 -1 20 -1 19 -1 22 -1 27 -1 -2,5,"[0.03917749598622322, 0.19538719952106476, 0.016051867976784706, 0.09800907224416733, 0.4845433235168457, 0.16683103144168854]"
5 1 -1 3 -1 4 -1 6 -1 13 -1 12 -1 13 -1 17 -1 15 -1 18 -1 27 -1 28 -1 32 -1 35 -1 -2,5,"[0.3920011520385742, 0.11492060869932175, 0.06351779401302338, 0.204481303691864, 0.21350035071372986, 0.011578763835132122]"
5 1 -1 11 -1 13 -1 12 -1 13 -1 18 -1 19 -1 22 -1 27 -1 -2,5,"[0.007271695416420698, 0.18866807222366333, 0.010997239500284195, 0.06704997271299362, 0.43229541182518005, 0.293717622756958]"
5 1 -1 5 -1 4 -1 3 -1 6 -1 11 -1 10 -1 9 -1 13 -1 17 -1 15 -1 18 -1 22 -1 26 -1 27 -1 28 -1 29 -1 28 -1 32 -1 -2,5,"[0.8494760394096375, 0.02785012498497963, 0.02665874920785427, 0.025574179366230965, 0.0685526579618454, 0.001888261758722365]"
5 1 -1 5 -1 6 -1 13 -1 18 -1 23 -1 22 -1 27 -1 28 -1 35 -1 -2,5,"[0.25103938579559326, 0.130609393119812, 0.030801935121417046, 0.04674184322357178, 0.5148974657058716, 0.025910010561347008]"
5 1 -1 13 -1 12 -1 13 -1 17 -1 16 -1 15 -1 18 -1 23 -1 27 -1 28 -1 29 -1 28 -1 30 -1 31 -1 -2,5,"[0.5777729749679565, 0.086325503885746, 0.02860519103705883, 0.02919020690023899, 0.2663460969924927, 0.011760039255023003]"
5 1 -1 9 -1 13 -1 12 -1 13 -1 12 -1 13 -1 17 -1 15 -1 17 -1 15 -1 16 -1 15 -1 18 -1 22 -1 27 -1 28 -1 -2,5,"[0.5229536294937134, 0.07885386794805527, 0.1446893811225891, 0.07983323931694031, 0.15630407631397247, 0.01736580580472946]"
5 1 -1 5 -1 4 -1 3 -1 6 -1 9 -1 13 -1 12 -1 13 -1 17 -1 15 -1 18 -1 22 -1 21 -1 22 -1 27 -1 28 -1 27 -1 28 -1 35 -1 34 -1 33 -1 39 -1 -2,5,"[0.042840179055929184, 0.14552491903305054, 0.014216934330761433, 0.03175528347492218, 0.6865614056587219, 0.07910121977329254]"
5 1 -1 11 -1 10 -1 9 -1 13 -1 12 -1 13 -1 16 -1 15 -1 16 -1 18 -1 22 -1 23 -1 21 -1 22 -1 27 -1 28 -1 39 -1 -2,5,"[0.46821486949920654, 0.09793879091739655, 0.02372717671096325, 0.02796773985028267, 0.36179378628730774, 0.02035754732787609]"
5 1 -1 11 -1 10 -1 9 -1 13 -1 17 -1 15 -1 18 -1 19 -1 18 -1 27 -1 28 -1 27 -1 28 -1 29 -1 28 -1 40 -1 39 -1 -2,5,"[0.13166020810604095, 0.11914196610450745, 0.013697425834834576, 0.014863219112157822, 0.687303364276886, 0.03333387151360512]"
5 1 -1 9 -1 13 -1 12 -1 13 -1 12 -1 13 -1 15 -1 18 -1 27 -1 28 -1 29 -1 28 -1 31 -1 32 -1 39 -1 -2,5,"[0.30863088369369507, 0.15609358251094818, 0.01895204745233059, 0.1272248774766922, 0.3618330657482147, 0.02726556360721588]"
5 1 -1 5 -1 9 -1 13 -1 12 -1 13 -1 12 -1 13 -1 12 -1 13 -1 12 -1 13 -1 17 -1 15 -1 16 -1 18 -1 21 -1 22 -1 23 -1 22 -1 27 -1 28 -1 27 -1 28 -1 35 -1 -2,5,"[0.04224648326635361, 0.16031360626220703, 0.4651723802089691, 0.031089279800653458, 0.2784952223300934, 0.022682996466755867]"
5 1 -1 11 -1 13 -1 12 -1 13 -1 15 -1 18 -1 19 -1 22 -1 23 -1 27 -1 35 -1 34 -1 33 -1 41 -1 40 -1 39 -1 -2,5,"[0.04538652300834656, 0.14729703962802887, 0.01713421940803528, 0.020770255476236343, 0.6775794625282288, 0.09183245897293091]"
5 1 -1 2 -1 1 -1 2 -1 1 -1 6 -1 9 -1 13 -1 12 -1 13 -1 12 -1 13 -1 12 -1 13 -1 12 -1 13 -1 12 -1 13 -1 12 -1 13 -1 12 -1 13 -1 17 -1 15 -1 17 -1 15 -1 17 -1 15 -1 16 -1 18 -1 19 -1 18 -1 19 -1 20 -1 19 -1 18 -1 22 -1 23 -1 22 -1 21 -1 23 -1 22 -1 21 -1 22 -1 21 -1 22 -1 26 -1 27 -1 28 -1 27 -1 28 -1 27 -1 28 -1 29 -1 28 -1 27 -1 28 -1 27 -1 28 -1 30 -1 31 -1 30 -1 33 -1 36 -1 41 -1 40 -1 39 -1 -2,5,"[0.10592611879110336, 0.14864633977413177, 0.018581507727503777, 0.025479963049292564, 0.6430453062057495, 0.05832076817750931]"
5 1 -1 2 -1 1 -1 5 -1 4 -1 5 -1 6 -1 7 -1 6 -1 11 -1 10 -1 9 -1 13 -1 12 -1 13 -1 12 -1 13 -1 15 -1 17 -1 16 -1 15 -1 18 -1 19 -1 18 -1 19 -1 18 -1 22 -1 21 -1 22 -1 26 -1 27 -1 28 -1 29 -1 28 -1 27 -1 28 -1 30 -1 33 -1 34 -1 35 -1 41 -1 40 -1 41 -1 -2,5,"[0.26294541358947754, 0.1383383572101593, 0.045100726187229156, 0.023267237469553947, 0.4818893373012543, 0.048458900302648544]"
5 1 -1 2 -1 1 -1 3 -1 4 -1 5 -1 4 -1 3 -1 8 -1 9 -1 13 -1 12 -1 13 -1 12 -1 13 -1 12 -1 13 -1 14 -1 13 -1 17 -1 15 -1 17 -1 15 -1 16 -1 18 -1 19 -1 20 -1 19 -1 18 -1 19 -1 18 -1 22 -1 23 -1 22 -1 21 -1 22 -1 23 -1 22 -1 21 -1 22 -1 21 -1 22 -1 27 -1 28 -1 27 -1 28 -1 30 -1 31 -1 32 -1 31 -1 30 -1 37 -1 -2,5,"[0.02013007365167141, 0.18584315478801727, 0.25505954027175903, 0.31863126158714294, 0.11406949162483215, 0.10626647621393204]"
5 1 -1 2 -1 1 -1 5 -1 4 -1 3 -1 4 -1 4 -1 5 -1 8 -1 7 -1 6 -1 7 -1 6 -1 11 -1 13 -1 12 -1 13 -1 12 -1 13 -1 17 -1 15 -1 16 -1 17 -1 15 -1 18 -1 19 -1 18 -1 19 -1 18 -1 21 -1 23 -1 21 -1 22 -1 21 -1 22 -1 21 -1 22 -1 26 -1 25 -1 26 -1 27 -1 28 -1 27 -1 28 -1 27 -1 28 -1 29 -1 28 -1 35 -1 34 -1 35 -1 -2,5,"[0.13223104178905487, 0.16457702219486237, 0.017764082178473473, 0.07677895575761795, 0.5737494230270386, 0.03489953279495239]"
5 1 -1 8 -1 7 -1 6 -1 13 -1 12 -1 13 -1 14 -1 13 -1 15 -1 18 -1 22 -1 27 -1 28 -1 27 -1 28 -1 29 -1 28 -1 35 -1 -2,5,"[0.41418173909187317, 0.08789756894111633, 0.031213736161589622, 0.022124188020825386, 0.4324195981025696, 0.012163166888058186]"
5 1 -1 6 -1 13 -1 12 -1 13 -1 17 -1 16 -1 15 -1 16 -1 15 -1 17 -1 15 -1 16 -1 18 -1 22 -1 23 -1 22 -1 21 -1 22 -1 27 -1 28 -1 29 -1 28 -1 30 -1 31 -1 -2,5,"[0.7291826009750366, 0.05615077167749405, 0.02743474580347538, 0.021319802850484848, 0.1594352275133133, 0.006476787384599447]"
5 1 -1 11 -1 13 -1 12 -1 15 -1 18 -1 22 -1 23 -1 21 -1 22 -1 21 -1 22 -1 23 -1 27 -1 28 -1 -2,5,"[0.5551602840423584, 0.08538869023323059, 0.07359674572944641, 0.050279296934604645, 0.21203204989433289, 0.023542916402220726]"
5 1 -1 4 -1 5 -1 12 -1 13 -1 15 -1 18 -1 22 -1 23 -1 22 -1 21 -1 27 -1 28 -1 35 -1 34 -1 39 -1 -2,5,"[0.06244547292590141, 0.1645369678735733, 0.01666862517595291, 0.05339866876602173, 0.6351802945137024, 0.06776994466781616]"
5 1 -1 6 -1 11 -1 13 -1 12 -1 13 -1 12 -1 17 -1 15 -1 16 -1 18 -1 21 -1 22 -1 23 -1 21 -1 22 -1 21 -1 22 -1 27 -1 28 -1 27 -1 28 -1 39 -1 -2,5,"[0.047223132103681564, 0.1697850525379181, 0.039265986531972885, 0.02718937397003174, 0.6685007810592651, 0.048035651445388794]"
5 1 -1 5 -1 11 -1 12 -1 13 -1 16 -1 15 -1 18 -1 27 -1 28 -1 -2,5,"[0.7513477206230164, 0.05059424415230751, 0.024290449917316437, 0.022823700681328773, 0.14211060106754303, 0.008833224885165691]"
5 1 -1 3 -1 11 -1 10 -1 9 -1 13 -1 12 -1 15 -1 18 -1 19 -1 20 -1 22 -1 21 -1 27 -1 28 -1 27 -1 28 -1 29 -1 28 -1 -2,5,"[0.7267904281616211, 0.04261113330721855, 0.028710173442959785, 0.009917926043272018, 0.18551693856716156, 0.006453348323702812]"
5 1 -1 6 -1 11 -1 10 -1 9 -1 12 -1 13 -1 17 -1 18 -1 21 -1 23 -1 21 -1 22 -1 21 -1 27 -1 28 -1 27 -1 28 -1 27 -1 28 -1 29 -1 30 -1 -2,5,"[0.22684398293495178, 0.16589510440826416, 0.02101043611764908, 0.06328938156366348, 0.47682392597198486, 0.04613712802529335]"
5 1 -1 6 -1 13 -1 12 -1 13 -1 12 -1 17 -1 15 -1 18 -1 21 -1 22 -1 27 -1 28 -1 -2,5,"[0.20597125589847565, 0.13670815527439117, 0.22826795279979706, 0.18524423241615295, 0.19654901325702667, 0.047259390354156494]"
5 1 -1 9 -1 12 -1 13 -1 12 -1 17 -1 15 -1 18 -1 22 -1 21 -1 27 -1 28 -1 30 -1 31 -1 33 -1 -2,5,"[0.07676568627357483, 0.14023666083812714, 0.4873495399951935, 0.08040075749158859, 0.16752253472805023, 0.047724880278110504]"
5 1 -1 12 -1 13 -1 12 -1 13 -1 12 -1 13 -1 12 -1 13 -1 12 -1 13 -1 12 -1 13 -1 16 -1 15 -1 18 -1 21 -1 22 -1 23 -1 27 -1 28 -1 27 -1 28 -1 29 -1 28 -1 -2,5,"[0.2355966567993164, 0.13305683434009552, 0.19320036470890045, 0.030954163521528244, 0.38077032566070557, 0.02642161212861538]"
5 1 -1 6 -1 13 -1 12 -1 13 -1 16 -1 15 -1 18 -1 22 -1 23 -1 21 -1 27 -1 28 -1 -2,5,"[0.7048075199127197, 0.05869417265057564, 0.03891259804368019, 0.036624401807785034, 0.14815032482147217, 0.012810954824090004]"
5 1 -1 9 -1 17 -1 15 -1 18 -1 21 -1 22 -1 21 -1 23 -1 22 -1 21 -1 22 -1 27 -1 28 -1 30 -1 -2,5,"[0.8672484159469604, 0.02417820133268833, 0.03891128674149513, 0.016307512298226357, 0.05059710144996643, 0.002757457084953785]"
5 1 -1 6 -1 11 -1 12 -1 13 -1 12 -1 13 -1 12 -1 13 -1 17 -1 15 -1 16 -1 15 -1 16 -1 18 -1 19 -1 18 -1 23 -1 27 -1 28 -1 27 -1 28 -1 39 -1 -2,5,"[0.1342385858297348, 0.11472155898809433, 0.014498313888907433, 0.013197522610425949, 0.6913514137268066, 0.03199265897274017]"
5 1 -1 2 -1 1 -1 5 -1 8 -1 7 -1 6 -1 11 -1 10 -1 11 -1 10 -1 9 -1 13 -1 12 -1 13 -1 12 -1 13 -1 12 -1 13 -1 12 -1 13 -1 15 -1 17 -1 16 -1 15 -1 18 -1 19 -1 18 -1 21 -1 22 -1 21 -1 22 -1 26 -1 27 -1 28 -1 27 -1 28 -1 29 -1 28 -1 41 -1 40 -1 39 -1 -2,5,"[0.058578964322805405, 0.12362047284841537, 0.021439312025904655, 0.010919020511209965, 0.7468541860580444, 0.0385880321264267]"
5 1 -1 3 -1 4 -1 6 -1 13 -1 12 -1 13 -1 12 -1 17 -1 18 -1 23 -1 21 -1 22 -1 21 -1 27 -1 28 -1 -2,5,"[0.18345531821250916, 0.13052967190742493, 0.25902384519577026, 0.22254493832588196, 0.16183927655220032, 0.042607009410858154]"
5 1 -1 11 -1 10 -1 9 -1 12 -1 13 -1 12 -1 13 -1 16 -1 15 -1 18 -1 22 -1 21 -1 22 -1 27 -1 28 -1 27 -1 28 -1 40 -1 39 -1 -2,5,"[0.046292562037706375, 0.12793955206871033, 0.014938616193830967, 0.014756692573428154, 0.7517327070236206, 0.04433990269899368]"
5 1 -1 11 -1 10 -1 9 -1 13 -1 14 -1 13 -1 12 -1 17 -1 15 -1 18 -1 23 -1 22 -1 21 -1 22 -1 23 -1 27 -1 28 -1 27 -1 28 -1 -2,5,"[0.6041659116744995, 0.059708185493946075, 0.031134899705648422, 0.009673353284597397, 0.2846533954143524, 0.010664318688213825]"
5 1 -1 12 -1 13 -1 14 -1 13 -1 12 -1 15 -1 18 -1 22 -1 27 -1 28 -1 27 -1 28 -1 34 -1 -2,5,"[0.09152927994728088, 0.14953236281871796, 0.028665579855442047, 0.022186588495969772, 0.6721222996711731, 0.03596384823322296]"
5 1 -1 2 -1 5 -1 11 -1 12 -1 13 -1 12 -1 13 -1 16 -1 17 -1 16 -1 15 -1 16 -1 17 -1 18 -1 19 -1 18 -1 19 -1 20 -1 22 -1 23 -1 22 -1 21 -1 23 -1 27 -1 28 -1 27 -1 28 -1 29 -1 -2,5,"[0.06738603860139847, 0.17984117567539215, 0.022151680663228035, 0.05621715262532234, 0.6111114025115967, 0.06329245865345001]"
5 1 -1 11 -1 13 -1 12 -1 15 -1 16 -1 18 -1 19 -1 22 -1 21 -1 22 -1 27 -1 -2,5,"[0.028828084468841553, 0.1850903034210205, 0.014478536322712898, 0.2634775638580322, 0.35589268803596497, 0.15223278105258942]"
5 1 -1 2 -1 1 -1 2 -1 1 -1 3 -1 11 -1 10 -1 9 -1 10 -1 9 -1 12 -1 13 -1 12 -1 13 -1 12 -1 13 -1 12 -1 13 -1 12 -1 13 -1 12 -1 15 -1 17 -1 15 -1 17 -1 15 -1 16 -1 18 -1 19 -1 18 -1 19 -1 18 -1 22 -1 21 -1 22 -1 21 -1 22 -1 23 -1 22 -1 21 -1 23 -1 21 -1 23 -1 22 -1 22 -1 27 -1 28 -1 27 -1 28 -1 27 -1 28 -1 27 -1 28 -1 27 -1 28 -1 27 -1 28 -1 40 -1 39 -1 -2,5,"[0.02549688331782818, 0.1528477519750595, 0.011685289442539215, 0.02471095882356167, 0.7115307450294495, 0.07372839003801346]"
5 1 -1 12 -1 13 -1 12 -1 13 -1 12 -1 13 -1 15 -1 16 -1 18 -1 19 -1 20 -1 19 -1 23 -1 22 -1 21 -1 22 -1 23 -1 27 -1 28 -1 27 -1 28 -1 29 -1 -2,5,"[0.058067791163921356, 0.17994727194309235, 0.021037990227341652, 0.05410310998558998, 0.6167611479759216, 0.0700826644897461]"
5 1 -1 13 -1 12 -1 15 -1 18 -1 19 -1 18 -1 22 -1 21 -1 27 -1 28 -1 -2,5,"[0.47161582112312317, 0.10494168102741241, 0.056600265204906464, 0.054743919521570206, 0.28178244829177856, 0.030315838754177094]"
5 1 -1 2 -1 1 -1 11 -1 10 -1 9 -1 12 -1 13 -1 12 -1 13 -1 12 -1 13 -1 12 -1 13 -1 15 -1 17 -1 16 -1 15 -1 18 -1 19 -1 18 -1 19 -1 21 -1 22 -1 21 -1 22 -1 21 -1 22 -1 27 -1 28 -1 27 -1 28 -1 27 -1 28 -1 27 -1 -2,5,"[0.011672905646264553, 0.20476506650447845, 0.02368936873972416, 0.02953237295150757, 0.6249464154243469, 0.10539380460977554]"
5 1 -1 13 -1 16 -1 15 -1 16 -1 18 -1 22 -1 27 -1 28 -1 29 -1 28 -1 -2,5,"[0.8706207871437073, 0.02182743139564991, 0.024701030924916267, 0.009607198648154736, 0.07035963237285614, 0.002883999142795801]"
5 1 -1 4 -1 5 -1 11 -1 13 -1 12 -1 15 -1 16 -1 18 -1 22 -1 21 -1 22 -1 21 -1 22 -1 21 -1 22 -1 23 -1 22 -1 21 -1 27 -1 28 -1 27 -1 28 -1 27 -1 28 -1 34 -1 33 -1 -2,5,"[0.05483553558588028, 0.14510303735733032, 0.026370925828814507, 0.022001931443810463, 0.6986936926841736, 0.05299481377005577]"
5 1 -1 12 -1 13 -1 12 -1 17 -1 16 -1 15 -1 16 -1 18 -1 21 -1 22 -1 27 -1 28 -1 27 -1 28 -1 39 -1 -2,5,"[0.05698871612548828, 0.17266005277633667, 0.05162523686885834, 0.027100982144474983, 0.6489443182945251, 0.04268069937825203]"
5 1 -1 11 -1 10 -1 9 -1 12 -1 13 -1 12 -1 15 -1 16 -1 18 -1 19 -1 23 -1 22 -1 21 -1 22 -1 27 -1 28 -1 27 -1 28 -1 29 -1 28 -1 29 -1 39 -1 -2,5,"[0.1030556708574295, 0.14728835225105286, 0.012177271768450737, 0.032267868518829346, 0.6376252770423889, 0.06758562475442886]"
5 1 -1 11 -1 12 -1 13 -1 15 -1 18 -1 19 -1 22 -1 21 -1 22 -1 27 -1 -2,5,"[0.014438674785196781, 0.1900327205657959, 0.012371852993965149, 0.19876593351364136, 0.38414329290390015, 0.20024746656417847]"
5 1 -1 11 -1 13 -1 12 -1 13 -1 12 -1 13 -1 15 -1 18 -1 19 -1 20 -1 19 -1 22 -1 21 -1 22 -1 27 -1 31 -1 30 -1 -2,5,"[0.024096380919218063, 0.17288081347942352, 0.07544204592704773, 0.35933220386505127, 0.133628249168396, 0.2346203476190567]"
5 1 -1 13 -1 12 -1 13 -1 15 -1 16 -1 18 -1 19 -1 21 -1 22 -1 21 -1 22 -1 27 -1 28 -1 29 -1 -2,5,"[0.07736513018608093, 0.18759091198444366, 0.04463117569684982, 0.22608621418476105, 0.3847316801548004, 0.07959482818841934]"
5 1 -1 13 -1 12 -1 13 -1 12 -1 13 -1 12 -1 13 -1 15 -1 16 -1 18 -1 19 -1 22 -1 23 -1 22 -1 21 -1 22 -1 27 -1 -2,5,"[0.0029922297690063715, 0.18324418365955353, 0.03766787424683571, 0.15906547009944916, 0.18081136047840118, 0.43621888756752014]"
5 1 -1 2 -1 1 -1 2 -1 1 -1 2 -1 1 -1 2 -1 5 -1 4 -1 3 -1 6 -1 7 -1 6 -1 7 -1 6 -1 7 -1 6 -1 11 -1 10 -1 11 -1 10 -1 9 -1 13 -1 12 -1 13 -1 12 -1 13 -1 12 -1 13 -1 12 -1 13 -1 12 -1 13 -1 12 -1 13 -1 12 -1 13 -1 12 -1 13 -1 12 -1 13 -1 12 -1 13 -1 15 -1 16 -1 17 -1 16 -1 15 -1 16 -1 17 -1 15 -1 16 -1 17 -1 15 -1 16 -1 18 -1 19 -1 18 -1 19 -1 18 -1 19 -1 18 -1 19 -1 18 -1 19 -1 20 -1 22 -1 21 -1 22 -1 21 -1 22 -1 23 -1 22 -1 21 -1 23 -1 21 -1 22 -1 21 -1 23 -1 21 -1 22 -1 21 -1 22 -1 27 -1 28 -1 27 -1 28 -1 27 -1 28 -1 29 -1 28 -1 27 -1 28 -1 27 -1 28 -1 27 -1 28 -1 29 -1 41 -1 40 -1 39 -1 40 -1 -2,5,"[0.028325531631708145, 0.1520601511001587, 0.011884314939379692, 0.020726384595036507, 0.6641494631767273, 0.12285411357879639]"
5 1 -1 2 -1 1 -1 6 -1 9 -1 13 -1 12 -1 13 -1 12 -1 13 -1 12 -1 13 -1 15 -1 16 -1 17 -1 15 -1 18 -1 19 -1 18 -1 19 -1 22 -1 23 -1 22 -1 21 -1 22 -1 21 -1 22 -1 21 -1 22 -1 26 -1 27 -1 28 -1 27 -1 34 -1 -2,5,"[0.008527747355401516, 0.23359090089797974, 0.02695934660732746, 0.08745414018630981, 0.42537060379981995, 0.2180972546339035]"
5 1 -1 4 -1 11 -1 13 -1 12 -1 13 -1 17 -1 15 -1 18 -1 19 -1 20 -1 19 -1 22 -1 21 -1 22 -1 27 -1 -2,5,"[0.00990329124033451, 0.18986868858337402, 0.017077455297112465, 0.2202221006155014, 0.3304781913757324, 0.23245026171207428]"
5 1 -1 8 -1 13 -1 12 -1 13 -1 15 -1 16 -1 18 -1 19 -1 22 -1 21 -1 22 -1 23 -1 27 -1 28 -1 29 -1 37 -1 -2,5,"[0.03582901880145073, 0.1794363558292389, 0.01842113398015499, 0.11320324242115021, 0.4883846938610077, 0.16472549736499786]"
5 1 -1 2 -1 1 -1 5 -1 4 -1 5 -1 4 -1 8 -1 9 -1 10 -1 11 -1 10 -1 9 -1 13 -1 12 -1 13 -1 12 -1 13 -1 15 -1 17 -1 16 -1 15 -1 18 -1 19 -1 18 -1 19 -1 23 -1 21 -1 22 -1 21 -1 22 -1 23 -1 22 -1 21 -1 22 -1 21 -1 22 -1 27 -1 28 -1 27 -1 28 -1 27 -1 28 -1 27 -1 37 -1 40 -1 39 -1 40 -1 39 -1 -2,5,"[0.01727786846458912, 0.1436041295528412, 0.009911938570439816, 0.027175098657608032, 0.5835291743278503, 0.21850185096263885]"
5 1 -1 6 -1 7 -1 8 -1 13 -1 12 -1 13 -1 12 -1 13 -1 15 -1 16 -1 18 -1 19 -1 23 -1 22 -1 21 -1 22 -1 27 -1 28 -1 29 -1 37 -1 -2,5,"[0.02697954885661602, 0.17862094938755035, 0.019741905853152275, 0.13558220863342285, 0.4492122232913971, 0.1898631751537323]"
5 1 -1 2 -1 11 -1 10 -1 9 -1 13 -1 15 -1 16 -1 18 -1 21 -1 22 -1 21 -1 22 -1 27 -1 37 -1 39 -1 -2,5,"[0.039294883608818054, 0.16620691120624542, 0.014171882532536983, 0.2055509388446808, 0.400505006313324, 0.1742704063653946]"
5 1 -1 6 -1 13 -1 12 -1 13 -1 15 -1 16 -1 18 -1 19 -1 20 -1 19 -1 22 -1 23 -1 21 -1 22 -1 21 -1 23 -1 22 -1 27 -1 -2,5,"[0.024580229073762894, 0.19446243345737457, 0.01463943812996149, 0.2607457637786865, 0.33252546191215515, 0.17304661870002747]"
5 1 -1 13 -1 12 -1 15 -1 16 -1 15 -1 16 -1 18 -1 19 -1 22 -1 21 -1 22 -1 27 -1 -2,5,"[0.06854131817817688, 0.18195022642612457, 0.015852555632591248, 0.2845020890235901, 0.3401203155517578, 0.10903345793485641]"
5 1 -1 9 -1 12 -1 13 -1 16 -1 15 -1 18 -1 19 -1 20 -1 19 -1 22 -1 21 -1 22 -1 23 -1 27 -1 39 -1 -2,5,"[0.026944953948259354, 0.17515894770622253, 0.010929003357887268, 0.09419843554496765, 0.5012723207473755, 0.1914963573217392]"
5 1 -1 13 -1 15 -1 16 -1 18 -1 19 -1 22 -1 21 -1 22 -1 27 -1 -2,5,"[0.03930274397134781, 0.18700642883777618, 0.013281038962304592, 0.24745076894760132, 0.38058820366859436, 0.13237078487873077]"
5 1 -1 11 -1 13 -1 12 -1 13 -1 15 -1 16 -1 18 -1 19 -1 22 -1 21 -1 22 -1 27 -1 -2,5,"[0.021899370476603508, 0.18533673882484436, 0.014488893561065197, 0.2618415355682373, 0.3447466492652893, 0.1716867834329605]"
5 1 -1 13 -1 12 -1 13 -1 12 -1 15 -1 16 -1 18 -1 19 -1 22 -1 21 -1 22 -1 27 -1 28 -1 29 -1 -2,5,"[0.025759292766451836, 0.2102242261171341, 0.05438367277383804, 0.20539405941963196, 0.3698199391365051, 0.13441874086856842]"
5 1 -1 11 -1 10 -1 9 -1 12 -1 13 -1 12 -1 15 -1 16 -1 18 -1 19 -1 22 -1 23 -1 22 -1 21 -1 27 -1 28 -1 29 -1 32 -1 39 -1 -2,5,"[0.11607778072357178, 0.17193371057510376, 0.024440759792923927, 0.24692153930664062, 0.3817164897918701, 0.05890973284840584]"
5 1 -1 12 -1 13 -1 12 -1 13 -1 15 -1 16 -1 15 -1 16 -1 18 -1 19 -1 21 -1 22 -1 21 -1 22 -1 27 -1 28 -1 29 -1 -2,5,"[0.0812065601348877, 0.18629953265190125, 0.04536440595984459, 0.22318251430988312, 0.38727861642837524, 0.07666837424039841]"
5 1 -1 9 -1 13 -1 12 -1 13 -1 12 -1 13 -1 15 -1 16 -1 18 -1 19 -1 22 -1 27 -1 -2,5,"[0.010031523182988167, 0.19329607486724854, 0.015881771221756935, 0.11657731980085373, 0.37151649594306946, 0.2926967442035675]"
5 1 -1 11 -1 13 -1 12 -1 15 -1 16 -1 18 -1 19 -1 22 -1 23 -1 22 -1 21 -1 22 -1 27 -1 32 -1 -2,5,"[0.03338286653161049, 0.10291306674480438, 0.028098588809370995, 0.6853259205818176, 0.10332009941339493, 0.04695943370461464]"
5 1 -1 12 -1 13 -1 12 -1 13 -1 16 -1 15 -1 16 -1 18 -1 19 -1 22 -1 21 -1 22 -1 27 -1 32 -1 -2,5,"[0.012000663205981255, 0.09040667861700058, 0.04114431142807007, 0.7408318519592285, 0.06417720764875412, 0.05143929645419121]"
5 1 -1 2 -1 1 -1 4 -1 5 -1 11 -1 13 -1 12 -1 13 -1 12 -1 15 -1 17 -1 15 -1 16 -1 18 -1 19 -1 20 -1 19 -1 18 -1 19 -1 23 -1 22 -1 21 -1 22 -1 21 -1 22 -1 21 -1 23 -1 27 -1 28 -1 27 -1 28 -1 27 -1 28 -1 29 -1 39 -1 40 -1 -2,5,"[0.043425410985946655, 0.151802659034729, 0.010947179980576038, 0.023309925571084023, 0.6746395230293274, 0.09587522596120834]"
5 1 -1 12 -1 13 -1 12 -1 13 -1 15 -1 16 -1 18 -1 19 -1 18 -1 19 -1 22 -1 23 -1 22 -1 21 -1 22 -1 23 -1 27 -1 -2,5,"[0.011312602087855339, 0.2079046666622162, 0.013377933762967587, 0.11293435096740723, 0.3663811981678009, 0.2880892753601074]"
5 1 -1 2 -1 1 -1 3 -1 5 -1 4 -1 12 -1 13 -1 12 -1 13 -1 12 -1 13 -1 12 -1 13 -1 12 -1 15 -1 16 -1 17 -1 15 -1 16 -1 18 -1 19 -1 18 -1 19 -1 22 -1 23 -1 22 -1 21 -1 22 -1 23 -1 22 -1 21 -1 22 -1 21 -1 22 -1 27 -1 28 -1 29 -1 28 -1 27 -1 28 -1 27 -1 40 -1 -2,5,"[0.009573813527822495, 0.23222249746322632, 0.045585110783576965, 0.030271759256720543, 0.5502363443374634, 0.13211050629615784]"
5 1 -1 11 -1 10 -1 9 -1 12 -1 13 -1 12 -1 13 -1 15 -1 18 -1 19 -1 22 -1 27 -1 40 -1 39 -1 40 -1 -2,5,"[0.011136461049318314, 0.1475277841091156, 0.013782685622572899, 0.025502799078822136, 0.47646865248680115, 0.32558169960975647]"
5 1 -1 13 -1 12 -1 13 -1 12 -1 15 -1 16 -1 18 -1 19 -1 20 -1 19 -1 22 -1 23 -1 22 -1 21 -1 22 -1 26 -1 27 -1 28 -1 29 -1 -2,5,"[0.029796363785862923, 0.20613135397434235, 0.0358595997095108, 0.12986086308956146, 0.46420449018478394, 0.1341473013162613]"
5 1 -1 11 -1 12 -1 13 -1 12 -1 13 -1 15 -1 16 -1 18 -1 19 -1 20 -1 19 -1 22 -1 21 -1 22 -1 27 -1 -2,5,"[0.008362359367311, 0.19043368101119995, 0.01819906383752823, 0.21526576578617096, 0.31814274191856384, 0.2495964616537094]"
5 1 -1 13 -1 12 -1 13 -1 15 -1 16 -1 15 -1 16 -1 18 -1 19 -1 22 -1 22 -1 21 -1 27 -1 28 -1 27 -1 28 -1 29 -1 -2,5,"[0.1996183842420578, 0.16481103003025055, 0.021723033860325813, 0.05303841084241867, 0.5206730961799622, 0.04013604298233986]"
6 1 -1 8 -1 7 -1 6 -1 11 -1 13 -1 12 -1 13 -1 12 -1 13 -1 12 -1 13 -1 15 -1 16 -1 15 -1 18 -1 19 -1 23 -1 27 -1 36 -1 37 -1 38 -1 40 -1 39 -1 -2,6,"[0.035155635327100754, 0.15569975972175598, 0.014591160230338573, 0.03703542426228523, 0.5504194498062134, 0.20709851384162903]"
6 1 -1 6 -1 9 -1 13 -1 14 -1 13 -1 12 -1 13 -1 15 -1 16 -1 15 -1 18 -1 19 -1 22 -1 27 -1 -2,6,"[0.06661056727170944, 0.19347509741783142, 0.013265405781567097, 0.11880484968423843, 0.4633031189441681, 0.144540935754776]"
6 1 -1 6 -1 9 -1 13 -1 12 -1 13 -1 12 -1 13 -1 12 -1 13 -1 15 -1 18 -1 19 -1 22 -1 21 -1 23 -1 22 -1 21 -1 22 -1 26 -1 27 -1 30 -1 38 -1 -2,6,"[0.017428165301680565, 0.15942181646823883, 0.04592622444033623, 0.108259417116642, 0.18122245371341705, 0.4877418577671051]"
6 1 -1 6 -1 9 -1 13 -1 14 -1 13 -1 12 -1 13 -1 17 -1 15 -1 18 -1 19 -1 22 -1 21 -1 22 -1 27 -1 36 -1 37 -1 38 -1 41 -1 -2,6,"[0.12334542721509933, 0.18510687351226807, 0.09345842897891998, 0.06412070989608765, 0.26138269901275635, 0.2725858688354492]"
6 1 -1 6 -1 9 -1 13 -1 14 -1 13 -1 18 -1 19 -1 22 -1 21 -1 22 -1 27 -1 28 -1 29 -1 30 -1 38 -1 41 -1 -2,6,"[0.4484740197658539, 0.12507089972496033, 0.052736323326826096, 0.03671758621931076, 0.2760009467601776, 0.061000168323516846]"
6 1 -1 8 -1 11 -1 10 -1 9 -1 13 -1 12 -1 13 -1 14 -1 12 -1 13 -1 12 -1 13 -1 16 -1 15 -1 17 -1 15 -1 18 -1 19 -1 23 -1 21 -1 22 -1 27 -1 30 -1 -2,6,"[0.047009170055389404, 0.20321208238601685, 0.03147143870592117, 0.26672184467315674, 0.2869035303592682, 0.16468201577663422]"
6 1 -1 9 -1 13 -1 12 -1 13 -1 12 -1 13 -1 12 -1 13 -1 16 -1 17 -1 18 -1 19 -1 22 -1 23 -1 22 -1 23 -1 22 -1 21 -1 22 -1 21 -1 22 -1 27 -1 36 -1 41 -1 40 -1 -2,6,"[0.013974369503557682, 0.11585274338722229, 0.6656237244606018, 0.04271690547466278, 0.0651722103357315, 0.0966600701212883]"
6 1 -1 2 -1 1 -1 8 -1 7 -1 8 -1 11 -1 10 -1 11 -1 13 -1 14 -1 13 -1 12 -1 13 -1 12 -1 13 -1 12 -1 13 -1 12 -1 13 -1 12 -1 13 -1 16 -1 17 -1 15 -1 17 -1 16 -1 15 -1 18 -1 19 -1 18 -1 19 -1 18 -1 19 -1 22 -1 23 -1 21 -1 22 -1 21 -1 22 -1 21 -1 22 -1 27 -1 28 -1 27 -1 36 -1 37 -1 36 -1 37 -1 38 -1 -2,6,"[0.010512666776776314, 0.14128243923187256, 0.031397368758916855, 0.15517409145832062, 0.13218754529953003, 0.5294458866119385]"
6 1 -1 4 -1 5 -1 11 -1 13 -1 14 -1 13 -1 12 -1 13 -1 12 -1 13 -1 12 -1 13 -1 16 -1 15 -1 18 -1 19 -1 22 -1 23 -1 22 -1 21 -1 22 -1 23 -1 22 -1 21 -1 23 -1 22 -1 27 -1 28 -1 29 -1 39 -1 -2,6,"[0.005849083885550499, 0.20912404358386993, 0.05261041224002838, 0.06092684715986252, 0.2951560616493225, 0.3763335347175598]"
6 1 -1 5 -1 4 -1 8 -1 11 -1 13 -1 12 -1 13 -1 12 -1 13 -1 16 -1 17 -1 15 -1 16 -1 15 -1 18 -1 19 -1 18 -1 19 -1 22 -1 21 -1 22 -1 27 -1 38 -1 -2,6,"[0.02715095318853855, 0.1586725413799286, 0.015275753103196621, 0.11096766591072083, 0.3440660536289215, 0.3438670337200165]"
6 1 -1 13 -1 12 -1 13 -1 17 -1 18 -1 19 -1 22 -1 21 -1 22 -1 21 -1 22 -1 27 -1 38 -1 -2,6,"[0.008692201226949692, 0.14808455109596252, 0.0362611822783947, 0.22297200560569763, 0.15148316323757172, 0.4325069487094879]"
6 1 -1 5 -1 8 -1 11 -1 13 -1 14 -1 13 -1 12 -1 13 -1 12 -1 13 -1 14 -1 17 -1 16 -1 15 -1 18 -1 19 -1 22 -1 21 -1 22 -1 27 -1 36 -1 -2,6,"[0.01354849524796009, 0.17118197679519653, 0.022294849157333374, 0.4763075113296509, 0.14761419594287872, 0.16905291378498077]"
6 1 -1 6 -1 13 -1 12 -1 13 -1 14 -1 12 -1 13 -1 12 -1 13 -1 16 -1 15 -1 18 -1 19 -1 22 -1 23 -1 27 -1 28 -1 29 -1 -2,6,"[0.04653431847691536, 0.19424283504486084, 0.03202888369560242, 0.06688293814659119, 0.543428361415863, 0.11688264459371567]"
6 1 -1 4 -1 5 -1 4 -1 9 -1 13 -1 12 -1 13 -1 14 -1 13 -1 12 -1 13 -1 12 -1 13 -1 12 -1 13 -1 17 -1 16 -1 15 -1 18 -1 19 -1 20 -1 19 -1 22 -1 23 -1 27 -1 34 -1 -2,6,"[0.003532599424943328, 0.20204997062683105, 0.0495464950799942, 0.05725928768515587, 0.1760423183441162, 0.5115693211555481]"
6 1 -1 2 -1 1 -1 4 -1 5 -1 4 -1 3 -1 4 -1 6 -1 13 -1 14 -1 12 -1 13 -1 12 -1 13 -1 12 -1 13 -1 12 -1 13 -1 17 -1 15 -1 17 -1 16 -1 15 -1 18 -1 19 -1 18 -1 19 -1 20 -1 19 -1 20 -1 19 -1 22 -1 21 -1 22 -1 22 -1 21 -1 23 -1 22 -1 27 -1 28 -1 29 -1 28 -1 27 -1 30 -1 -2,6,"[0.02707587741315365, 0.28519272804260254, 0.2431350201368332, 0.06223078817129135, 0.2788020968437195, 0.10356342792510986]"
6 1 -1 5 -1 6 -1 11 -1 10 -1 9 -1 13 -1 12 -1 13 -1 14 -1 13 -1 12 -1 13 -1 12 -1 13 -1 17 -1 15 -1 16 -1 18 -1 19 -1 22 -1 21 -1 22 -1 21 -1 22 -1 27 -1 30 -1 37 -1 -2,6,"[0.005188389215618372, 0.15279997885227203, 0.07392120361328125, 0.37687814235687256, 0.10615101456642151, 0.2850612699985504]"
6 1 -1 6 -1 13 -1 12 -1 13 -1 12 -1 13 -1 16 -1 15 -1 18 -1 19 -1 22 -1 21 -1 22 -1 27 -1 28 -1 29 -1 38 -1 -2,6,"[0.04921310767531395, 0.17020292580127716, 0.026783492416143417, 0.08794562518596649, 0.39268139004707336, 0.2731734812259674]"
6 1 -1 13 -1 12 -1 13 -1 12 -1 13 -1 17 -1 15 -1 18 -1 19 -1 22 -1 21 -1 22 -1 21 -1 22 -1 27 -1 -2,6,"[0.0035755662247538567, 0.14943215250968933, 0.0851774513721466, 0.4066000282764435, 0.09109807014465332, 0.2641167938709259]"
6 1 -1 2 -1 1 -1 3 -1 6 -1 11 -1 13 -1 12 -1 13 -1 12 -1 13 -1 12 -1 13 -1 12 -1 13 -1 12 -1 13 -1 12 -1 13 -1 12 -1 13 -1 12 -1 13 -1 12 -1 13 -1 12 -1 17 -1 15 -1 16 -1 17 -1 16 -1 15 -1 18 -1 19 -1 18 -1 19 -1 20 -1 19 -1 22 -1 21 -1 22 -1 21 -1 22 -1 27 -1 28 -1 27 -1 -2,6,"[0.011711043305695057, 0.2128797471523285, 0.3607742190361023, 0.08291701972484589, 0.16981737315654755, 0.16190063953399658]"
6 1 -1 6 -1 12 -1 13 -1 12 -1 13 -1 12 -1 13 -1 15 -1 18 -1 19 -1 22 -1 27 -1 30 -1 33 -1 -2,6,"[0.021076295524835587, 0.18072034418582916, 0.10631453990936279, 0.0749262198805809, 0.2502743899822235, 0.36668816208839417]"
6 1 -1 6 -1 13 -1 12 -1 13 -1 12 -1 13 -1 12 -1 13 -1 12 -1 13 -1 17 -1 15 -1 18 -1 19 -1 20 -1 19 -1 23 -1 21 -1 23 -1 22 -1 21 -1 22 -1 23 -1 27 -1 30 -1 -2,6,"[0.012105821631848812, 0.217158704996109, 0.08492644876241684, 0.24095647037029266, 0.1355600506067276, 0.30929261445999146]"
6 1 -1 6 -1 9 -1 13 -1 12 -1 13 -1 12 -1 13 -1 12 -1 13 -1 15 -1 18 -1 19 -1 18 -1 19 -1 22 -1 23 -1 21 -1 22 -1 27 -1 28 -1 29 -1 30 -1 -2,6,"[0.1308249980211258, 0.20205314457416534, 0.052356187254190445, 0.15157395601272583, 0.3664487302303314, 0.09674300253391266]"
6 1 -1 9 -1 13 -1 12 -1 13 -1 12 -1 13 -1 12 -1 13 -1 17 -1 16 -1 15 -1 18 -1 19 -1 22 -1 21 -1 22 -1 21 -1 23 -1 22 -1 27 -1 28 -1 29 -1 -2,6,"[0.009077658876776695, 0.19132861495018005, 0.3464501202106476, 0.18510010838508606, 0.12538690865039825, 0.14265650510787964]"
6 1 -1 6 -1 13 -1 12 -1 13 -1 12 -1 13 -1 12 -1 17 -1 18 -1 19 -1 22 -1 21 -1 22 -1 21 -1 22 -1 27 -1 30 -1 -2,6,"[0.007546783424913883, 0.12365922331809998, 0.33822110295295715, 0.34129977226257324, 0.04236530140042305, 0.1469077616930008]"
6 1 -1 6 -1 11 -1 12 -1 13 -1 12 -1 13 -1 12 -1 13 -1 17 -1 15 -1 18 -1 19 -1 22 -1 23 -1 21 -1 22 -1 27 -1 28 -1 29 -1 40 -1 -2,6,"[0.010982717387378216, 0.19750100374221802, 0.07556512206792831, 0.07676835358142853, 0.3033415675163269, 0.33584126830101013]"
6 1 -1 5 -1 11 -1 13 -1 12 -1 13 -1 12 -1 13 -1 12 -1 17 -1 16 -1 15 -1 16 -1 16 -1 15 -1 18 -1 19 -1 22 -1 21 -1 22 -1 27 -1 41 -1 40 -1 39 -1 -2,6,"[0.006392719689756632, 0.20540452003479004, 0.04213958606123924, 0.040086258202791214, 0.3887155055999756, 0.31726136803627014]"
6 1 -1 5 -1 6 -1 9 -1 12 -1 13 -1 12 -1 13 -1 12 -1 15 -1 18 -1 19 -1 22 -1 21 -1 22 -1 22 -1 27 -1 28 -1 29 -1 41 -1 -2,6,"[0.04839860275387764, 0.2059663087129593, 0.29183143377304077, 0.06165660545229912, 0.19171135127544403, 0.20043569803237915]"
6 1 -1 6 -1 12 -1 13 -1 14 -1 13 -1 12 -1 13 -1 17 -1 15 -1 18 -1 19 -1 18 -1 19 -1 22 -1 21 -1 22 -1 27 -1 -2,6,"[0.0043959300965070724, 0.18810126185417175, 0.02069258689880371, 0.1234038844704628, 0.2783050835132599, 0.38510116934776306]"
6 1 -1 5 -1 8 -1 13 -1 12 -1 13 -1 12 -1 13 -1 12 -1 13 -1 16 -1 18 -1 19 -1 22 -1 21 -1 22 -1 27 -1 -2,6,"[0.003255789401009679, 0.1790812909603119, 0.039816275238990784, 0.20541849732398987, 0.17314720153808594, 0.3992808759212494]"
6 1 -1 13 -1 12 -1 13 -1 14 -1 13 -1 12 -1 13 -1 12 -1 13 -1 12 -1 13 -1 12 -1 13 -1 17 -1 16 -1 15 -1 18 -1 19 -1 23 -1 21 -1 23 -1 22 -1 21 -1 22 -1 27 -1 -2,6,"[0.003034282010048628, 0.16949346661567688, 0.13439875841140747, 0.3205667734146118, 0.09198874235153198, 0.28051790595054626]"
6 1 -1 9 -1 13 -1 12 -1 13 -1 12 -1 13 -1 12 -1 13 -1 17 -1 15 -1 18 -1 19 -1 22 -1 22 -1 21 -1 22 -1 21 -1 22 -1 27 -1 40 -1 -2,6,"[0.0027961914893239737, 0.13053637742996216, 0.27424156665802, 0.14957530796527863, 0.06135524436831474, 0.38149526715278625]"
6 1 -1 5 -1 6 -1 11 -1 10 -1 9 -1 13 -1 12 -1 13 -1 12 -1 13 -1 12 -1 17 -1 15 -1 16 -1 18 -1 19 -1 27 -1 33 -1 40 -1 -2,6,"[0.008974099531769753, 0.16089646518230438, 0.049722690135240555, 0.049936406314373016, 0.3090779185295105, 0.42139241099357605]"
6 1 -1 5 -1 11 -1 10 -1 9 -1 12 -1 13 -1 12 -1 13 -1 12 -1 13 -1 15 -1 18 -1 19 -1 20 -1 19 -1 22 -1 21 -1 23 -1 22 -1 21 -1 22 -1 27 -1 -2,6,"[0.005174657795578241, 0.18508099019527435, 0.02817518264055252, 0.29547733068466187, 0.20426049828529358, 0.28183138370513916]"
6 1 -1 5 -1 6 -1 13 -1 12 -1 13 -1 12 -1 13 -1 15 -1 18 -1 19 -1 22 -1 21 -1 22 -1 27 -1 -2,6,"[0.005592804867774248, 0.18798328936100006, 0.019199900329113007, 0.18835221230983734, 0.27975618839263916, 0.31911563873291016]"
6 1 -1 5 -1 6 -1 11 -1 13 -1 12 -1 13 -1 12 -1 13 -1 12 -1 15 -1 16 -1 18 -1 19 -1 22 -1 23 -1 22 -1 21 -1 22 -1 27 -1 33 -1 -2,6,"[0.008296413347125053, 0.16886037588119507, 0.053371548652648926, 0.10231348127126694, 0.252482533454895, 0.4146757423877716]"
6 1 -1 9 -1 12 -1 13 -1 12 -1 13 -1 12 -1 13 -1 12 -1 13 -1 15 -1 18 -1 19 -1 27 -1 -2,6,"[0.00403128145262599, 0.17817063629627228, 0.019964033737778664, 0.06054556742310524, 0.22195938229560852, 0.5153290629386902]"
6 1 -1 2 -1 1 -1 2 -1 1 -1 6 -1 7 -1 6 -1 11 -1 13 -1 12 -1 13 -1 12 -1 13 -1 12 -1 13 -1 12 -1 13 -1 12 -1 13 -1 12 -1 13 -1 12 -1 13 -1 12 -1 13 -1 12 -1 13 -1 12 -1 13 -1 12 -1 16 -1 15 -1 16 -1 17 -1 15 -1 16 -1 18 -1 19 -1 18 -1 19 -1 18 -1 19 -1 22 -1 21 -1 22 -1 21 -1 22 -1 21 -1 22 -1 21 -1 23 -1 22 -1 21 -1 22 -1 23 -1 24 -1 27 -1 28 -1 27 -1 28 -1 27 -1 37 -1 40 -1 40 -1 39 -1 -2,6,"[0.0063299634493887424, 0.14906229078769684, 0.014693135395646095, 0.0335872620344162, 0.3945399820804596, 0.4017874002456665]"
6 1 -1 6 -1 11 -1 12 -1 13 -1 12 -1 13 -1 12 -1 13 -1 17 -1 16 -1 15 -1 16 -1 18 -1 19 -1 23 -1 21 -1 22 -1 27 -1 30 -1 40 -1 -2,6,"[0.019845642149448395, 0.20822398364543915, 0.057130150496959686, 0.1627642810344696, 0.2744564414024353, 0.27757951617240906]"
6 1 -1 11 -1 10 -1 9 -1 13 -1 12 -1 13 -1 12 -1 13 -1 15 -1 16 -1 18 -1 19 -1 22 -1 27 -1 40 -1 39 -1 -2,6,"[0.013452000916004181, 0.14881011843681335, 0.011543058790266514, 0.04009489342570305, 0.5054755806922913, 0.2806243598461151]"
6 1 -1 6 -1 11 -1 10 -1 9 -1 13 -1 12 -1 13 -1 12 -1 13 -1 12 -1 13 -1 17 -1 15 -1 18 -1 19 -1 22 -1 21 -1 22 -1 27 -1 -2,6,"[0.0031028836965560913, 0.17612171173095703, 0.049540337175130844, 0.20016811788082123, 0.15520526468753815, 0.4158616364002228]"
6 1 -1 6 -1 9 -1 13 -1 12 -1 13 -1 12 -1 13 -1 12 -1 13 -1 12 -1 13 -1 17 -1 15 -1 16 -1 18 -1 19 -1 22 -1 27 -1 28 -1 29 -1 -2,6,"[0.012099831365048885, 0.23917081952095032, 0.13861747086048126, 0.15212121605873108, 0.2598261833190918, 0.1981644481420517]"
6 1 -1 13 -1 12 -1 13 -1 12 -1 13 -1 12 -1 13 -1 16 -1 15 -1 17 -1 18 -1 19 -1 18 -1 19 -1 20 -1 19 -1 22 -1 21 -1 22 -1 27 -1 -2,6,"[0.0026454669423401356, 0.17761577665805817, 0.05321742966771126, 0.14007429778575897, 0.14981795847415924, 0.4766291379928589]"
6 1 -1 5 -1 13 -1 12 -1 13 -1 12 -1 13 -1 12 -1 13 -1 16 -1 15 -1 18 -1 19 -1 22 -1 21 -1 22 -1 27 -1 -2,6,"[0.003511059330776334, 0.1811324656009674, 0.04362679272890091, 0.20580507814884186, 0.17700085043907166, 0.3889237940311432]"
6 1 -1 5 -1 9 -1 13 -1 12 -1 13 -1 12 -1 13 -1 12 -1 16 -1 15 -1 18 -1 19 -1 22 -1 21 -1 22 -1 23 -1 21 -1 22 -1 21 -1 23 -1 22 -1 27 -1 28 -1 29 -1 -2,6,"[0.009986168704926968, 0.20084387063980103, 0.29159730672836304, 0.21548892557621002, 0.14032380282878876, 0.1417599320411682]"
6 1 -1 9 -1 12 -1 13 -1 12 -1 13 -1 12 -1 13 -1 12 -1 13 -1 15 -1 18 -1 19 -1 20 -1 19 -1 22 -1 21 -1 22 -1 23 -1 27 -1 28 -1 29 -1 33 -1 -2,6,"[0.016427215188741684, 0.1910797655582428, 0.16300255060195923, 0.07207339257001877, 0.26817378401756287, 0.28924331068992615]"
6 1 -1 5 -1 4 -1 9 -1 13 -1 12 -1 13 -1 12 -1 13 -1 12 -1 13 -1 17 -1 15 -1 18 -1 19 -1 22 -1 21 -1 22 -1 27 -1 33 -1 -2,6,"[0.005546309985220432, 0.149571493268013, 0.16607403755187988, 0.10948825627565384, 0.11495272815227509, 0.45436713099479675]"
6 1 -1 13 -1 12 -1 13 -1 12 -1 13 -1 12 -1 13 -1 15 -1 18 -1 19 -1 22 -1 23 -1 24 -1 27 -1 37 -1 -2,6,"[0.004661038983613253, 0.16260194778442383, 0.01619359478354454, 0.06386188417673111, 0.2480470836162567, 0.5046344995498657]"
6 1 -1 5 -1 13 -1 12 -1 13 -1 12 -1 13 -1 12 -1 13 -1 17 -1 15 -1 16 -1 18 -1 19 -1 20 -1 19 -1 22 -1 23 -1 21 -1 22 -1 21 -1 22 -1 24 -1 27 -1 -2,6,"[0.00328265898860991, 0.1766575425863266, 0.09741920232772827, 0.24068060517311096, 0.10276618599891663, 0.3791937232017517]"
6 1 -1 6 -1 13 -1 12 -1 13 -1 12 -1 13 -1 12 -1 16 -1 17 -1 15 -1 18 -1 19 -1 18 -1 19 -1 20 -1 19 -1 20 -1 19 -1 22 -1 23 -1 21 -1 23 -1 22 -1 21 -1 22 -1 24 -1 27 -1 -2,6,"[0.0040918937884271145, 0.19566333293914795, 0.033676739782094955, 0.18107907474040985, 0.18719059228897095, 0.3982984125614166]"
6 1 -1 5 -1 4 -1 11 -1 12 -1 13 -1 12 -1 13 -1 12 -1 13 -1 17 -1 15 -1 16 -1 15 -1 18 -1 19 -1 22 -1 21 -1 22 -1 27 -1 28 -1 -2,6,"[0.09901710599660873, 0.1493103951215744, 0.36953145265579224, 0.08833637088537216, 0.2194567173719406, 0.07434790581464767]"
6 1 -1 2 -1 1 -1 5 -1 6 -1 13 -1 12 -1 13 -1 12 -1 13 -1 12 -1 13 -1 12 -1 13 -1 12 -1 13 -1 15 -1 16 -1 15 -1 16 -1 17 -1 15 -1 16 -1 18 -1 19 -1 18 -1 19 -1 23 -1 22 -1 21 -1 22 -1 27 -1 28 -1 27 -1 28 -1 29 -1 -2,6,"[0.04547089710831642, 0.19314298033714294, 0.024253875017166138, 0.0794544517993927, 0.5753167867660522, 0.08236104249954224]"
6 1 -1 5 -1 13 -1 12 -1 13 -1 12 -1 13 -1 12 -1 13 -1 15 -1 16 -1 18 -1 19 -1 22 -1 21 -1 22 -1 21 -1 22 -1 27 -1 -2,6,"[0.0038701414596289396, 0.1529722809791565, 0.07323232293128967, 0.41445785760879517, 0.10177558660507202, 0.25369182229042053]"
6 1 -1 2 -1 1 -1 13 -1 12 -1 13 -1 12 -1 13 -1 12 -1 13 -1 12 -1 13 -1 12 -1 13 -1 12 -1 13 -1 12 -1 13 -1 15 -1 16 -1 17 -1 15 -1 18 -1 19 -1 20 -1 19 -1 18 -1 19 -1 22 -1 21 -1 22 -1 21 -1 22 -1 27 -1 28 -1 29 -1 28 -1 27 -1 -2,6,"[0.02292894572019577, 0.23327895998954773, 0.3329887390136719, 0.03268367424607277, 0.2846739590167999, 0.093445785343647]"
6 1 -1 6 -1 13 -1 12 -1 13 -1 12 -1 13 -1 12 -1 13 -1 15 -1 16 -1 18 -1 19 -1 22 -1 27 -1 -2,6,"[0.0055946530774235725, 0.19086626172065735, 0.021203627809882164, 0.11168812960386276, 0.2944358289241791, 0.3762115240097046]"
6 1 -1 2 -1 1 -1 2 -1 1 -1 2 -1 1 -1 2 -1 1 -1 5 -1 4 -1 7 -1 6 -1 9 -1 10 -1 9 -1 10 -1 9 -1 10 -1 9 -1 13 -1 12 -1 13 -1 12 -1 13 -1 12 -1 13 -1 12 -1 13 -1 12 -1 13 -1 12 -1 13 -1 12 -1 13 -1 12 -1 13 -1 12 -1 13 -1 12 -1 13 -1 12 -1 13 -1 12 -1 13 -1 12 -1 13 -1 12 -1 13 -1 12 -1 13 -1 12 -1 13 -1 12 -1 13 -1 12 -1 13 -1 15 -1 17 -1 15 -1 16 -1 17 -1 15 -1 16 -1 17 -1 15 -1 16 -1 17 -1 15 -1 18 -1 19 -1 18 -1 19 -1 18 -1 19 -1 18 -1 19 -1 18 -1 19 -1 22 -1 23 -1 21 -1 22 -1 21 -1 22 -1 21 -1 23 -1 22 -1 21 -1 22 -1 21 -1 22 -1 23 -1 22 -1 21 -1 22 -1 21 -1 23 -1 22 -1 21 -1 23 -1 22 -1 21 -1 22 -1 27 -1 28 -1 27 -1 28 -1 27 -1 28 -1 29 -1 28 -1 27 -1 28 -1 27 -1 37 -1 37 -1 37 -1 39 -1 40 -1 -2,6,"[0.005489956121891737, 0.14253485202789307, 0.019928978756070137, 0.04036896303296089, 0.27375614643096924, 0.5179210901260376]"
6 1 -1 9 -1 13 -1 12 -1 13 -1 12 -1 13 -1 12 -1 13 -1 12 -1 13 -1 15 -1 18 -1 19 -1 22 -1 21 -1 22 -1 21 -1 22 -1 27 -1 -2,6,"[0.0029609822668135166, 0.1466413289308548, 0.14311237633228302, 0.31379738450050354, 0.07215293496847153, 0.32133498787879944]"
6 1 -1 13 -1 12 -1 13 -1 12 -1 13 -1 15 -1 18 -1 19 -1 18 -1 19 -1 22 -1 21 -1 22 -1 27 -1 -2,6,"[0.005184561014175415, 0.19152256846427917, 0.018376894295215607, 0.12830670177936554, 0.3022528290748596, 0.3543563783168793]"
6 1 -1 6 -1 13 -1 12 -1 13 -1 12 -1 13 -1 15 -1 18 -1 19 -1 23 -1 21 -1 22 -1 27 -1 32 -1 -2,6,"[0.027303343638777733, 0.12221727520227432, 0.027304191142320633, 0.638279914855957, 0.12429498881101608, 0.06060025095939636]"
6 1 -1 6 -1 13 -1 12 -1 13 -1 12 -1 13 -1 12 -1 13 -1 15 -1 16 -1 18 -1 19 -1 20 -1 19 -1 22 -1 21 -1 22 -1 27 -1 37 -1 -2,6,"[0.003604668192565441, 0.15941698849201202, 0.021652599796652794, 0.16768138110637665, 0.2153596132993698, 0.43228474259376526]"
6 1 -1 5 -1 13 -1 12 -1 13 -1 12 -1 13 -1 12 -1 13 -1 16 -1 15 -1 18 -1 19 -1 22 -1 23 -1 22 -1 21 -1 23 -1 22 -1 27 -1 40 -1 39 -1 -2,6,"[0.0037711590994149446, 0.14425070583820343, 0.021174505352973938, 0.03440059721469879, 0.2624521255493164, 0.5339508652687073]"
6 1 -1 13 -1 12 -1 13 -1 12 -1 13 -1 12 -1 13 -1 15 -1 16 -1 18 -1 19 -1 18 -1 19 -1 22 -1 21 -1 22 -1 27 -1 28 -1 29 -1 -2,6,"[0.01977340690791607, 0.22649016976356506, 0.060196805745363235, 0.14514827728271484, 0.3689074218273163, 0.17948386073112488]"
6 1 -1 13 -1 12 -1 13 -1 12 -1 13 -1 16 -1 15 -1 18 -1 19 -1 22 -1 27 -1 -2,6,"[0.0069656106643378735, 0.1901712268590927, 0.01725122332572937, 0.10261979699134827, 0.33075150847435, 0.352240651845932]"
6 1 -1 5 -1 11 -1 13 -1 12 -1 13 -1 12 -1 13 -1 12 -1 13 -1 15 -1 16 -1 15 -1 16 -1 18 -1 19 -1 20 -1 19 -1 22 -1 23 -1 22 -1 21 -1 22 -1 27 -1 28 -1 29 -1 39 -1 -2,6,"[0.031445227563381195, 0.15972107648849487, 0.015322168357670307, 0.06440790742635727, 0.583503782749176, 0.1455998718738556]"
6 1 -1 13 -1 12 -1 13 -1 12 -1 13 -1 15 -1 18 -1 19 -1 27 -1 -2,6,"[0.009217201732099056, 0.1934308558702469, 0.013007071800529957, 0.07113832980394363, 0.3633894920349121, 0.34981703758239746]"
6 1 -1 13 -1 12 -1 13 -1 12 -1 13 -1 15 -1 16 -1 18 -1 19 -1 27 -1 -2,6,"[0.01734122447669506, 0.2041710466146469, 0.015572803094983101, 0.1347341686487198, 0.36644425988197327, 0.26173657178878784]"
6 1 -1 2 -1 1 -1 2 -1 1 -1 5 -1 4 -1 3 -1 5 -1 6 -1 9 -1 10 -1 9 -1 13 -1 12 -1 13 -1 12 -1 13 -1 12 -1 13 -1 12 -1 13 -1 12 -1 13 -1 12 -1 13 -1 12 -1 13 -1 15 -1 16 -1 17 -1 16 -1 15 -1 17 -1 15 -1 16 -1 18 -1 19 -1 18 -1 19 -1 18 -1 19 -1 18 -1 19 -1 22 -1 21 -1 22 -1 21 -1 22 -1 21 -1 22 -1 21 -1 22 -1 24 -1 27 -1 28 -1 29 -1 28 -1 27 -1 28 -1 27 -1 37 -1 39 -1 -2,6,"[0.0054276310838758945, 0.19370010495185852, 0.014375013299286366, 0.07167349010705948, 0.44024860858917236, 0.2745751738548279]"
6 1 -1 6 -1 13 -1 12 -1 13 -1 12 -1 13 -1 16 -1 15 -1 17 -1 18 -1 19 -1 22 -1 21 -1 22 -1 21 -1 22 -1 27 -1 -2,6,"[0.005293500144034624, 0.16158145666122437, 0.03928666561841965, 0.42997434735298157, 0.1424555629491806, 0.221408411860466]"
6 1 -1 2 -1 1 -1 13 -1 12 -1 13 -1 12 -1 13 -1 12 -1 13 -1 12 -1 13 -1 12 -1 13 -1 12 -1 13 -1 15 -1 17 -1 15 -1 17 -1 15 -1 18 -1 19 -1 18 -1 19 -1 18 -1 19 -1 22 -1 21 -1 22 -1 21 -1 22 -1 21 -1 22 -1 27 -1 28 -1 27 -1 28 -1 29 -1 37 -1 -2,6,"[0.004792171064764261, 0.21692639589309692, 0.051905520260334015, 0.11308320611715317, 0.26744377613067627, 0.3458489179611206]"
6 1 -1 9 -1 13 -1 12 -1 13 -1 12 -1 13 -1 17 -1 15 -1 18 -1 19 -1 23 -1 22 -1 21 -1 22 -1 21 -1 22 -1 27 -1 40 -1 39 -1 -2,6,"[0.00493683060631156, 0.15640932321548462, 0.021035585552453995, 0.08386427164077759, 0.2958054840564728, 0.4379485249519348]"
6 1 -1 9 -1 13 -1 12 -1 13 -1 12 -1 13 -1 17 -1 15 -1 18 -1 19 -1 20 -1 19 -1 23 -1 22 -1 21 -1 22 -1 27 -1 40 -1 40 -1 -2,6,"[0.00521562434732914, 0.14978037774562836, 0.025518568232655525, 0.04618237540125847, 0.2778356969356537, 0.49546727538108826]"
6 1 -1 9 -1 13 -1 12 -1 13 -1 12 -1 13 -1 12 -1 15 -1 18 -1 19 -1 23 -1 22 -1 21 -1 22 -1 26 -1 27 -1 28 -1 29 -1 40 -1 -2,6,"[0.016055362299084663, 0.18606415390968323, 0.03523235023021698, 0.060579001903533936, 0.43879202008247375, 0.2632771134376526]"
6 1 -1 2 -1 1 -1 5 -1 9 -1 12 -1 13 -1 12 -1 13 -1 12 -1 13 -1 12 -1 13 -1 12 -1 13 -1 15 -1 16 -1 15 -1 18 -1 19 -1 20 -1 19 -1 18 -1 19 -1 18 -1 19 -1 22 -1 21 -1 22 -1 21 -1 22 -1 27 -1 28 -1 27 -1 -2,6,"[0.012770606204867363, 0.23098430037498474, 0.03936018794775009, 0.08152416348457336, 0.44082844257354736, 0.1945323497056961]"
6 1 -1 13 -1 12 -1 13 -1 15 -1 18 -1 19 -1 23 -1 22 -1 21 -1 22 -1 27 -1 -2,6,"[0.014102124609053135, 0.19029073417186737, 0.012430058792233467, 0.20204474031925201, 0.371342271566391, 0.20979008078575134]"
6 1 -1 13 -1 12 -1 13 -1 17 -1 15 -1 18 -1 22 -1 21 -1 22 -1 27 -1 28 -1 -2,6,"[0.24472177028656006, 0.13938505947589874, 0.1606118232011795, 0.16570162773132324, 0.24021200835704803, 0.04936779662966728]"
6 1 -1 2 -1 1 -1 13 -1 12 -1 13 -1 12 -1 13 -1 12 -1 13 -1 15 -1 16 -1 17 -1 15 -1 18 -1 19 -1 18 -1 19 -1 18 -1 19 -1 23 -1 22 -1 27 -1 28 -1 27 -1 -2,6,"[0.03765999153256416, 0.15428291261196136, 0.012587156146764755, 0.020521963015198708, 0.6816987991333008, 0.09324906766414642]"
6 1 -1 2 -1 1 -1 13 -1 12 -1 13 -1 12 -1 13 -1 12 -1 13 -1 15 -1 16 -1 15 -1 18 -1 19 -1 18 -1 19 -1 22 -1 21 -1 22 -1 27 -1 28 -1 27 -1 34 -1 -2,6,"[0.021536432206630707, 0.19456641376018524, 0.013749021105468273, 0.053129181265830994, 0.57917320728302, 0.1378456950187683]"
6 1 -1 13 -1 12 -1 13 -1 12 -1 13 -1 15 -1 16 -1 18 -1 19 -1 22 -1 21 -1 22 -1 27 -1 28 -1 29 -1 -2,6,"[0.02840040810406208, 0.20838433504104614, 0.05152792111039162, 0.1989143192768097, 0.3823568522930145, 0.13041619956493378]"
6 1 -1 13 -1 12 -1 13 -1 12 -1 13 -1 15 -1 16 -1 18 -1 19 -1 20 -1 19 -1 22 -1 21 -1 22 -1 27 -1 -2,6,"[0.006204625125974417, 0.19097919762134552, 0.02130531147122383, 0.20942772924900055, 0.2869873344898224, 0.285095751285553]"
6 1 -1 4 -1 13 -1 12 -1 13 -1 12 -1 13 -1 15 -1 16 -1 18 -1 19 -1 20 -1 19 -1 22 -1 26 -1 27 -1 -2,6,"[0.010132513009011745, 0.1847691386938095, 0.012831822037696838, 0.04488517343997955, 0.5259810090065002, 0.2214004546403885]"
