pattern,quality,support,pattern_accuracy,global_accuracy,dataset_size
"[{'E_1_0'}, {'W_1_0'}, {'W_1_0'}, {'STAY_0_0'}, {'STAY_0_0'}, {'W_1_0'}]",1.1379735005339504,132,0.7196969696969697,0.9688331432915241,5262
"[{'NE_1_1'}, {'NE_1_1'}, {'E_1_0'}, {'N_0_1'}, {'N_0_1'}, {'N_0_1'}, {'STAY_0_0'}, {'W_1_0'}, {'W_1_0'}]",0.546682018969643,146,0.7876712328767124,0.9688331432915241,5262
"[{'NE_1_1'}, {'E_1_0'}, {'E_1_0'}, {'E_1_0'}, {'E_1_0'}, {'N_0_1'}, {'N_0_1'}, {'N_0_1'}, {'N_0_1'}, {'STAY_0_0'}, {'W_1_0'}, {'W_1_0'}]",0.545291358738978,121,0.7603305785123967,0.9688331432915241,5262
"[{'E_1_0'}, {'E_1_0'}, {'E_1_0'}, {'E_1_0'}, {'S_0_1'}, {'S_0_1'}, {'STAY_0_0'}, {'NE_1_1'}, {'N_0_1'}, {'N_0_1'}]",0.5072781692215572,170,0.7941176470588235,0.9688331432915241,5262
"[{'NE_1_1'}, {'E_1_0'}, {'E_1_0'}, {'NE_1_1'}, {'NE_1_1'}, {'N_0_1'}, {'N_0_1'}, {'STAY_0_0'}, {'W_1_0'}]",0.4573804384900897,104,0.7884615384615384,0.9688331432915241,5262
"[{'N_0_1'}, {'N_0_1'}, {'N_0_1'}, {'N_0_1'}, {'S_0_1'}, {'E_1_0'}, {'W_1_0'}]",0.43815368621423445,150,0.8266666666666667,0.9688331432915241,5262
"[{'NE_1_1'}, {'E_1_0'}, {'N_0_1'}, {'E_1_0'}, {'E_1_0'}, {'E_1_0'}, {'W_1_0'}, {'STAY_0_0'}]",0.423012010547968,207,0.8309178743961353,0.9688331432915241,5262
"[{'E_1_0'}, {'N_0_1'}, {'N_0_1'}, {'N_0_1'}, {'N_0_1'}, {'N_0_1'}, {'N_0_1'}, {'W_1_0'}, {'E_1_0'}, {'S_0_1'}, {'W_1_0'}]",0.4194550122994595,105,0.780952380952381,0.9688331432915241,5262
"[{'NE_1_1'}, {'S_0_1'}, {'S_0_1'}, {'S_0_1'}, {'STAY_0_0'}, {'NE_1_1'}]",0.4116720420476,233,0.8583690987124464,0.9688331432915241,5262
"[{'N_0_1'}, {'N_0_1'}, {'N_0_1'}, {'E_1_0'}, {'NE_1_1'}, {'E_1_0'}, {'W_1_0'}, {'STAY_0_0'}]",0.41080758950449114,104,0.8076923076923077,0.9688331432915241,5262
"[{'E_1_0'}, {'N_0_1'}, {'S_0_1'}, {'STAY_0_0'}, {'E_1_0'}]",0.40978508452132645,280,0.8785714285714286,0.9688331432915241,5262
"[{'NE_1_1'}, {'E_1_0'}, {'N_0_1'}, {'N_0_1'}, {'STAY_0_0'}, {'S_0_1'}, {'S_0_1'}, {'W_1_0'}]",0.3870436885748818,101,0.8118811881188119,0.9688331432915241,5262
"[{'N_0_1'}, {'N_0_1'}, {'E_1_0'}, {'N_0_1'}, {'E_1_0'}, {'W_1_0'}, {'STAY_0_0'}]",0.38487257705750766,212,0.8490566037735849,0.9688331432915241,5262
"[{'S_0_1'}, {'S_0_1'}, {'W_1_0'}, {'W_1_0'}, {'W_1_0'}, {'SW_1_1'}, {'STAY_0_0'}, {'E_1_0'}, {'NE_1_1'}, {'N_0_1'}, {'N_0_1'}]",0.3820147696451114,147,0.8027210884353742,0.9688331432915241,5262
"[{'E_1_0'}, {'E_1_0'}, {'E_1_0'}, {'E_1_0'}, {'SE_1_1'}, {'S_0_1'}, {'S_0_1'}, {'STAY_0_0'}, {'NE_1_1'}, {'N_0_1'}]",0.3759924828531902,135,0.8074074074074075,0.9688331432915241,5262
"[{'E_1_0'}, {'E_1_0'}, {'E_1_0'}, {'S_0_1'}, {'S_0_1'}, {'W_1_0'}, {'W_1_0'}, {'W_1_0'}, {'STAY_0_0'}, {'E_1_0'}, {'E_1_0'}, {'N_0_1'}, {'N_0_1'}, {'N_0_1'}]",0.3708676950712879,140,0.7857142857142857,0.9688331432915241,5262
"[{'NE_1_1'}, {'N_0_1'}, {'E_1_0'}, {'E_1_0'}, {'E_1_0'}, {'E_1_0'}, {'W_1_0'}, {'STAY_0_0'}]",0.3570262198590747,196,0.8418367346938775,0.9688331432915241,5262
"[{'NE_1_1'}, {'NE_1_1'}, {'NE_1_1'}, {'N_0_1'}, {'N_0_1'}, {'N_0_1'}, {'STAY_0_0'}]",0.34265044429522984,256,0.86328125,0.9688331432915241,5262
"[{'N_0_1'}, {'N_0_1'}, {'N_0_1'}, {'N_0_1'}, {'S_0_1'}]",0.34064207794485757,896,0.9151785714285714,0.9688331432915241,5262
"[{'NE_1_1'}, {'N_0_1'}, {'N_0_1'}, {'E_1_0'}, {'STAY_0_0'}]",0.33822798318330416,509,0.9076620825147348,0.9688331432915241,5262
"[{'NE_1_1'}, {'E_1_0'}, {'NE_1_1'}, {'W_1_0'}, {'SW_1_1'}, {'STAY_0_0'}, {'E_1_0'}]",0.33412864726998337,224,0.8616071428571429,0.9688331432915241,5262
"[{'N_0_1'}, {'N_0_1'}, {'E_1_0'}, {'N_0_1'}, {'E_1_0'}, {'W_1_0'}, {'SW_1_1'}, {'STAY_0_0'}]",0.3322840331211525,118,0.8305084745762712,0.9688331432915241,5262
"[{'NE_1_1'}, {'E_1_0'}, {'E_1_0'}, {'NE_1_1'}, {'E_1_0'}, {'N_0_1'}, {'N_0_1'}, {'N_0_1'}, {'STAY_0_0'}]",0.3310474655005693,190,0.8368421052631579,0.9688331432915241,5262
"[{'NE_1_1'}, {'E_1_0'}, {'N_0_1'}, {'S_0_1'}, {'S_0_1'}]",0.33027359426489455,577,0.9116117850953206,0.9688331432915241,5262
"[{'NE_1_1'}, {'E_1_0'}, {'N_0_1'}, {'S_0_1'}, {'S_0_1'}, {'S_0_1'}]",0.32393838711156253,436,0.8922018348623854,0.9688331432915241,5262
"[{'NE_1_1'}, {'E_1_0'}, {'N_0_1'}, {'NE_1_1'}, {'S_0_1'}]",0.32381915834729946,482,0.9107883817427386,0.9688331432915241,5262
"[{'E_1_0'}, {'E_1_0'}, {'N_0_1'}, {'W_1_0'}, {'S_0_1'}, {'STAY_0_0'}]",0.321044171060457,372,0.8897849462365591,0.9688331432915241,5262
"[{'NE_1_1'}, {'N_0_1'}, {'N_0_1'}, {'W_1_0'}, {'STAY_0_0'}]",0.32102603452818945,653,0.9157733537519143,0.9688331432915241,5262
"[{'N_0_1'}, {'N_0_1'}, {'S_0_1'}, {'E_1_0'}, {'W_1_0'}]",0.3207883369718775,434,0.9101382488479263,0.9688331432915241,5262
"[{'N_0_1'}, {'NE_1_1'}, {'E_1_0'}, {'W_1_0'}, {'STAY_0_0'}]",0.31791658577598203,439,0.9111617312072893,0.9688331432915241,5262
"[{'NE_1_1'}, {'N_0_1'}, {'N_0_1'}, {'N_0_1'}, {'N_0_1'}, {'S_0_1'}, {'S_0_1'}, {'S_0_1'}, {'S_0_1'}]",0.31612893591759117,156,0.8333333333333334,0.9688331432915241,5262
"[{'NE_1_1'}, {'E_1_0'}, {'N_0_1'}, {'E_1_0'}, {'E_1_0'}, {'E_1_0'}, {'STAY_0_0'}]",0.31237675384668373,341,0.8768328445747801,0.9688331432915241,5262
"[{'N_0_1'}, {'N_0_1'}, {'N_0_1'}, {'N_0_1'}, {'N_0_1'}, {'N_0_1'}, {'W_1_0'}, {'S_0_1'}, {'E_1_0'}]",0.30998992558752303,150,0.8333333333333334,0.9688331432915241,5262
"[{'NE_1_1'}, {'N_0_1'}, {'N_0_1'}, {'S_0_1'}, {'S_0_1'}, {'S_0_1'}, {'S_0_1'}]",0.30571026774238874,238,0.8697478991596639,0.9688331432915241,5262
"[{'NE_1_1'}, {'NE_1_1'}, {'E_1_0'}, {'E_1_0'}, {'S_0_1'}, {'W_1_0'}, {'W_1_0'}, {'STAY_0_0'}, {'NE_1_1'}]",0.30564537170442196,107,0.822429906542056,0.9688331432915241,5262
"[{'N_0_1'}, {'N_0_1'}, {'N_0_1'}, {'E_1_0'}, {'W_1_0'}, {'W_1_0'}, {'W_1_0'}, {'STAY_0_0'}]",0.3055194163969799,223,0.8565022421524664,0.9688331432915241,5262
"[{'E_1_0'}, {'E_1_0'}, {'E_1_0'}, {'STAY_0_0'}, {'W_1_0'}, {'W_1_0'}, {'STAY_0_0'}]",0.3053913453422915,113,0.8495575221238938,0.9688331432915241,5262
"[{'N_0_1'}, {'N_0_1'}, {'N_0_1'}, {'S_0_1'}, {'S_0_1'}, {'STAY_0_0'}]",0.299939725932416,248,0.8870967741935484,0.9688331432915241,5262
"[{'N_0_1'}, {'N_0_1'}, {'N_0_1'}, {'N_0_1'}, {'E_1_0'}, {'SE_1_1'}, {'S_0_1'}, {'S_0_1'}, {'W_1_0'}, {'W_1_0'}]",0.29989351285598176,101,0.8118811881188119,0.9688331432915241,5262
"[{'E_1_0'}, {'E_1_0'}, {'E_1_0'}, {'S_0_1'}, {'S_0_1'}, {'W_1_0'}, {'W_1_0'}, {'W_1_0'}, {'W_1_0'}, {'STAY_0_0'}, {'N_0_1'}, {'N_0_1'}, {'W_1_0'}]",0.2980101480117321,211,0.8199052132701422,0.9688331432915241,5262
"[{'N_0_1'}, {'N_0_1'}, {'E_1_0'}, {'NE_1_1'}, {'SE_1_1'}]",0.29777531983967653,310,0.9129032258064517,0.9688331432915241,5262
"[{'NE_1_1'}, {'E_1_0'}, {'NE_1_1'}, {'E_1_0'}, {'W_1_0'}, {'W_1_0'}, {'W_1_0'}, {'E_1_0'}, {'STAY_0_0'}]",0.29733189140840144,138,0.8333333333333334,0.9688331432915241,5262
"[{'N_0_1'}, {'E_1_0'}, {'N_0_1'}, {'S_0_1'}, {'S_0_1'}, {'S_0_1'}]",0.29420122680204885,449,0.8997772828507795,0.9688331432915241,5262
"[{'N_0_1'}, {'N_0_1'}, {'S_0_1'}, {'W_1_0'}, {'STAY_0_0'}]",0.2938333987180095,387,0.917312661498708,0.9688331432915241,5262
"[{'NE_1_1'}, {'N_0_1'}, {'N_0_1'}, {'E_1_0'}, {'E_1_0'}, {'STAY_0_0'}]",0.2926239626351693,356,0.8960674157303371,0.9688331432915241,5262
"[{'NE_1_1'}, {'E_1_0'}, {'N_0_1'}, {'N_0_1'}, {'STAY_0_0'}, {'W_1_0'}]",0.2923935703526386,525,0.9028571428571428,0.9688331432915241,5262
"[{'N_0_1'}, {'N_0_1'}, {'N_0_1'}, {'N_0_1'}, {'W_1_0'}, {'S_0_1'}]",0.29127607609633877,810,0.9098765432098765,0.9688331432915241,5262
"[{'N_0_1'}, {'E_1_0'}, {'N_0_1'}, {'NW_1_1'}, {'E_1_0'}, {'W_1_0'}]",0.2869586898793498,281,0.8932384341637011,0.9688331432915241,5262
"[{'NE_1_1'}, {'N_0_1'}, {'N_0_1'}, {'N_0_1'}, {'N_0_1'}, {'N_0_1'}, {'N_0_1'}, {'N_0_1'}, {'N_0_1'}, {'STAY_0_0'}]",0.2850688318956818,176,0.8352272727272727,0.9688331432915241,5262
"[{'NE_1_1'}, {'N_0_1'}, {'N_0_1'}, {'W_1_0'}, {'STAY_0_0'}, {'S_0_1'}]",0.28454748204840863,238,0.8907563025210085,0.9688331432915241,5262
"[{'NE_1_1'}, {'E_1_0'}, {'E_1_0'}, {'E_1_0'}, {'N_0_1'}, {'E_1_0'}, {'E_1_0'}, {'E_1_0'}, {'E_1_0'}, {'STAY_0_0'}]",0.28400484328100095,139,0.8273381294964028,0.9688331432915241,5262
"[{'E_1_0'}, {'N_0_1'}, {'N_0_1'}, {'W_1_0'}, {'W_1_0'}, {'E_1_0'}, {'S_0_1'}, {'W_1_0'}]",0.28110134258168884,207,0.8599033816425121,0.9688331432915241,5262
"[{'NE_1_1'}, {'N_0_1'}, {'E_1_0'}, {'E_1_0'}, {'E_1_0'}, {'E_1_0'}, {'W_1_0'}, {'W_1_0'}, {'STAY_0_0'}]",0.2798999561161104,182,0.8461538461538461,0.9688331432915241,5262
"[{'NE_1_1'}, {'E_1_0'}, {'E_1_0'}, {'N_0_1'}, {'E_1_0'}, {'E_1_0'}, {'STAY_0_0'}]",0.27907141894596876,336,0.8839285714285714,0.9688331432915241,5262
"[{'NE_1_1'}, {'W_1_0'}, {'E_1_0'}, {'W_1_0'}, {'E_1_0'}]",0.27529776127586325,176,0.9147727272727273,0.9688331432915241,5262
"[{'N_0_1'}, {'N_0_1'}, {'N_0_1'}, {'S_0_1'}, {'S_0_1'}, {'W_1_0'}]",0.2752466105768687,464,0.9051724137931034,0.9688331432915241,5262
"[{'N_0_1'}, {'NE_1_1'}, {'N_0_1'}, {'N_0_1'}, {'SE_1_1'}]",0.2733534938810006,207,0.9178743961352657,0.9688331432915241,5262
"[{'NE_1_1'}, {'S_0_1'}, {'E_1_0'}, {'N_0_1'}, {'N_0_1'}, {'N_0_1'}]",0.27333548973846,467,0.9057815845824411,0.9688331432915241,5262
"[{'E_1_0'}, {'E_1_0'}, {'E_1_0'}, {'S_0_1'}, {'S_0_1'}, {'STAY_0_0'}, {'NE_1_1'}, {'N_0_1'}, {'N_0_1'}]",0.2707779759528173,253,0.857707509881423,0.9688331432915241,5262
"[{'NE_1_1'}, {'E_1_0'}, {'N_0_1'}, {'E_1_0'}, {'S_0_1'}, {'S_0_1'}, {'S_0_1'}]",0.2692150564160669,388,0.8891752577319587,0.9688331432915241,5262
"[{'N_0_1'}, {'N_0_1'}, {'N_0_1'}, {'NW_1_1'}, {'W_1_0'}, {'W_1_0'}, {'W_1_0'}, {'S_0_1'}, {'E_1_0'}]",0.2659935075548314,146,0.8424657534246576,0.9688331432915241,5262
"[{'N_0_1'}, {'N_0_1'}, {'N_0_1'}, {'N_0_1'}, {'N_0_1'}, {'N_0_1'}, {'E_1_0'}, {'STAY_0_0'}, {'S_0_1'}]",0.2656504762857099,115,0.8347826086956521,0.9688331432915241,5262
"[{'E_1_0'}, {'N_0_1'}, {'E_1_0'}, {'E_1_0'}, {'W_1_0'}, {'W_1_0'}, {'STAY_0_0'}, {'E_1_0'}]",0.2653667182977192,270,0.8703703703703703,0.9688331432915241,5262
"[{'E_1_0'}, {'E_1_0'}, {'N_0_1'}, {'E_1_0'}, {'E_1_0'}, {'E_1_0'}, {'E_1_0'}, {'W_1_0'}, {'W_1_0'}, {'W_1_0'}, {'STAY_0_0'}, {'E_1_0'}]",0.26516167053445483,115,0.808695652173913,0.9688331432915241,5262
"[{'N_0_1'}, {'N_0_1'}, {'N_0_1'}, {'S_0_1'}, {'W_1_0'}, {'W_1_0'}]",0.2626618609079626,538,0.9107806691449815,0.9688331432915241,5262
"[{'E_1_0'}, {'NE_1_1'}, {'E_1_0'}, {'E_1_0'}, {'N_0_1'}, {'E_1_0'}, {'W_1_0'}, {'W_1_0'}, {'STAY_0_0'}]",0.26258364137258017,139,0.841726618705036,0.9688331432915241,5262
"[{'N_0_1'}, {'N_0_1'}, {'N_0_1'}, {'W_1_0'}, {'W_1_0'}, {'S_0_1'}]",0.2608010614884261,877,0.9179019384264538,0.9688331432915241,5262
"[{'N_0_1'}, {'N_0_1'}, {'N_0_1'}, {'N_0_1'}, {'N_0_1'}, {'N_0_1'}, {'N_0_1'}, {'N_0_1'}, {'N_0_1'}, {'W_1_0'}, {'STAY_0_0'}]",0.25909026377138145,158,0.8291139240506329,0.9688331432915241,5262
"[{'N_0_1'}, {'N_0_1'}, {'NE_1_1'}, {'SE_1_1'}, {'S_0_1'}, {'S_0_1'}, {'W_1_0'}]",0.25786252299063517,206,0.8786407766990292,0.9688331432915241,5262
"[{'NE_1_1'}, {'E_1_0'}, {'E_1_0'}, {'N_0_1'}, {'W_1_0'}, {'S_0_1'}, {'S_0_1'}, {'E_1_0'}]",0.25720765790110733,146,0.8561643835616438,0.9688331432915241,5262
"[{'NE_1_1'}, {'E_1_0'}, {'N_0_1'}, {'E_1_0'}, {'E_1_0'}, {'W_1_0'}]",0.25689583338626776,860,0.9186046511627907,0.9688331432915241,5262
"[{'N_0_1'}, {'N_0_1'}, {'E_1_0'}, {'N_0_1'}, {'E_1_0'}, {'SE_1_1'}]",0.2557740467342776,277,0.9025270758122743,0.9688331432915241,5262
"[{'N_0_1'}, {'N_0_1'}, {'N_0_1'}, {'N_0_1'}, {'N_0_1'}, {'S_0_1'}]",0.25573663231442034,820,0.9182926829268293,0.9688331432915241,5262
"[{'NE_1_1'}, {'S_0_1'}, {'S_0_1'}, {'SW_1_1'}, {'S_0_1'}, {'STAY_0_0'}, {'NE_1_1'}]",0.2540336098561382,188,0.8776595744680851,0.9688331432915241,5262
"[{'E_1_0'}, {'N_0_1'}, {'E_1_0'}, {'NE_1_1'}, {'S_0_1'}, {'E_1_0'}]",0.25403039247623427,368,0.907608695652174,0.9688331432915241,5262
"[{'N_0_1'}, {'NE_1_1'}, {'N_0_1'}, {'N_0_1'}, {'E_1_0'}, {'W_1_0'}, {'STAY_0_0'}]",0.253605886108611,102,0.8627450980392157,0.9688331432915241,5262
"[{'NE_1_1'}, {'E_1_0'}, {'N_0_1'}, {'N_0_1'}, {'W_1_0'}, {'W_1_0'}, {'STAY_0_0'}]",0.2534845817032094,348,0.8908045977011494,0.9688331432915241,5262
"[{'N_0_1'}, {'N_0_1'}, {'N_0_1'}, {'N_0_1'}, {'W_1_0'}, {'S_0_1'}, {'S_0_1'}, {'S_0_1'}]",0.2514667224295253,308,0.8766233766233766,0.9688331432915241,5262
"[{'N_0_1'}, {'N_0_1'}, {'E_1_0'}, {'NE_1_1'}, {'E_1_0'}, {'STAY_0_0'}]",0.2513154893225694,359,0.9080779944289693,0.9688331432915241,5262
"[{'NE_1_1'}, {'NE_1_1'}, {'W_1_0'}, {'W_1_0'}, {'SW_1_1'}, {'E_1_0'}]",0.24893140508242773,389,0.910025706940874,0.9688331432915241,5262
"[{'NE_1_1'}, {'E_1_0'}, {'E_1_0'}, {'N_0_1'}, {'N_0_1'}, {'N_0_1'}, {'W_1_0'}, {'W_1_0'}, {'STAY_0_0'}]",0.248583278319902,219,0.8584474885844748,0.9688331432915241,5262
"[{'NE_1_1'}, {'W_1_0'}, {'W_1_0'}, {'S_0_1'}, {'E_1_0'}, {'STAY_0_0'}]",0.24852825102219922,324,0.9074074074074074,0.9688331432915241,5262
"[{'NE_1_1'}, {'N_0_1'}, {'E_1_0'}, {'E_1_0'}, {'S_0_1'}, {'S_0_1'}]",0.24701179573697096,543,0.9152854511970534,0.9688331432915241,5262
"[{'N_0_1'}, {'N_0_1'}, {'E_1_0'}, {'S_0_1'}, {'S_0_1'}, {'W_1_0'}]",0.24689613751072648,614,0.9169381107491856,0.9688331432915241,5262
"[{'N_0_1'}, {'N_0_1'}, {'E_1_0'}, {'NE_1_1'}, {'S_0_1'}, {'S_0_1'}, {'SE_1_1'}]",0.24635823436854143,162,0.8765432098765432,0.9688331432915241,5262
"[{'N_0_1'}, {'E_1_0'}, {'NE_1_1'}, {'E_1_0'}, {'W_1_0'}, {'STAY_0_0'}]",0.24564649085867674,381,0.910761154855643,0.9688331432915241,5262
"[{'NE_1_1'}, {'E_1_0'}, {'NE_1_1'}, {'W_1_0'}, {'W_1_0'}, {'E_1_0'}]",0.24529294729074358,618,0.9174757281553398,0.9688331432915241,5262
"[{'NE_1_1'}, {'NE_1_1'}, {'E_1_0'}, {'E_1_0'}, {'E_1_0'}, {'W_1_0'}, {'W_1_0'}, {'SW_1_1'}, {'STAY_0_0'}, {'E_1_0'}]",0.24512899441519564,133,0.8345864661654135,0.9688331432915241,5262
"[{'NE_1_1'}, {'E_1_0'}, {'NE_1_1'}, {'E_1_0'}, {'W_1_0'}, {'NE_1_1'}, {'E_1_0'}]",0.24436834318193457,163,0.8773006134969326,0.9688331432915241,5262
"[{'E_1_0'}, {'E_1_0'}, {'N_0_1'}, {'E_1_0'}, {'W_1_0'}, {'S_0_1'}, {'STAY_0_0'}]",0.24348955916323245,324,0.8919753086419753,0.9688331432915241,5262
"[{'N_0_1'}, {'N_0_1'}, {'N_0_1'}, {'N_0_1'}, {'N_0_1'}, {'N_0_1'}, {'N_0_1'}, {'N_0_1'}, {'N_0_1'}, {'E_1_0'}, {'STAY_0_0'}]",0.243323618278532,111,0.8198198198198198,0.9688331432915241,5262
"[{'N_0_1'}, {'N_0_1'}, {'N_0_1'}, {'E_1_0'}, {'S_0_1'}, {'S_0_1'}]",0.2430041854882642,595,0.9176470588235294,0.9688331432915241,5262
"[{'N_0_1'}, {'N_0_1'}, {'W_1_0'}, {'S_0_1'}, {'E_1_0'}, {'S_0_1'}]",0.2426773792040201,359,0.9108635097493036,0.9688331432915241,5262
"[{'NE_1_1'}, {'E_1_0'}, {'E_1_0'}, {'S_0_1'}, {'N_0_1'}, {'N_0_1'}]",0.24062566964984022,601,0.9184692179700499,0.9688331432915241,5262
"[{'N_0_1'}, {'E_1_0'}, {'N_0_1'}, {'S_0_1'}, {'S_0_1'}, {'S_0_1'}, {'S_0_1'}]",0.23941446071767825,374,0.8957219251336899,0.9688331432915241,5262
"[{'NE_1_1'}, {'E_1_0'}, {'E_1_0'}, {'E_1_0'}, {'E_1_0'}, {'NE_1_1'}, {'N_0_1'}, {'N_0_1'}, {'N_0_1'}, {'STAY_0_0'}]",0.2385072709578855,182,0.8461538461538461,0.9688331432915241,5262
"[{'N_0_1'}, {'N_0_1'}, {'N_0_1'}, {'N_0_1'}, {'W_1_0'}, {'S_0_1'}, {'SE_1_1'}]",0.23725634559183506,177,0.8813559322033898,0.9688331432915241,5262
"[{'E_1_0'}, {'E_1_0'}, {'E_1_0'}, {'E_1_0'}, {'S_0_1'}, {'S_0_1'}, {'STAY_0_0'}, {'N_0_1'}, {'N_0_1'}, {'N_0_1'}, {'N_0_1'}, {'W_1_0'}]",0.23715162256318667,155,0.8258064516129032,0.9688331432915241,5262
"[{'NE_1_1'}, {'E_1_0'}, {'N_0_1'}, {'E_1_0'}, {'E_1_0'}, {'S_0_1'}, {'S_0_1'}]",0.23399422947234583,452,0.9004424778761062,0.9688331432915241,5262
"[{'N_0_1'}, {'N_0_1'}, {'E_1_0'}, {'N_0_1'}, {'E_1_0'}, {'S_0_1'}, {'S_0_1'}, {'S_0_1'}]",0.23390170865372528,290,0.8793103448275862,0.9688331432915241,5262
"[{'E_1_0'}, {'N_0_1'}, {'E_1_0'}, {'E_1_0'}, {'SW_1_1'}, {'W_1_0'}, {'STAY_0_0'}, {'E_1_0'}, {'E_1_0'}]",0.23258274128238243,107,0.8411214953271028,0.9688331432915241,5262
"[{'NE_1_1'}, {'E_1_0'}, {'NE_1_1'}, {'NE_1_1'}, {'E_1_0'}, {'S_0_1'}]",0.23049027717005544,352,0.9147727272727273,0.9688331432915241,5262
"[{'NE_1_1'}, {'N_0_1'}, {'N_0_1'}, {'N_0_1'}, {'N_0_1'}, {'N_0_1'}, {'N_0_1'}, {'W_1_0'}, {'STAY_0_0'}]",0.23034494859940646,264,0.8674242424242424,0.9688331432915241,5262
"[{'N_0_1'}, {'N_0_1'}, {'N_0_1'}, {'W_1_0'}, {'E_1_0'}, {'S_0_1'}, {'W_1_0'}]",0.23001559789213177,326,0.8957055214723927,0.9688331432915241,5262
"[{'N_0_1'}, {'N_0_1'}, {'N_0_1'}, {'NE_1_1'}, {'S_0_1'}, {'S_0_1'}, {'SE_1_1'}]",0.22987207173464363,120,0.875,0.9688331432915241,5262
"[{'N_0_1'}, {'N_0_1'}, {'E_1_0'}, {'N_0_1'}, {'E_1_0'}, {'S_0_1'}, {'SW_1_1'}, {'S_0_1'}, {'W_1_0'}]",0.22870448331317217,124,0.8467741935483871,0.9688331432915241,5262
"[{'NE_1_1'}, {'NE_1_1'}, {'E_1_0'}, {'E_1_0'}, {'SW_1_1'}, {'STAY_0_0'}, {'E_1_0'}, {'E_1_0'}]",0.22824779422544816,166,0.8674698795180723,0.9688331432915241,5262
"[{'NE_1_1'}, {'E_1_0'}, {'E_1_0'}, {'N_0_1'}, {'S_0_1'}, {'W_1_0'}, {'W_1_0'}, {'STAY_0_0'}]",0.22670501512482466,130,0.8615384615384616,0.9688331432915241,5262
"[{'N_0_1'}, {'N_0_1'}, {'N_0_1'}, {'N_0_1'}, {'E_1_0'}, {'E_1_0'}, {'S_0_1'}, {'S_0_1'}, {'W_1_0'}]",0.22652377291664494,229,0.8646288209606987,0.9688331432915241,5262
"[{'NE_1_1'}, {'E_1_0'}, {'S_0_1'}, {'W_1_0'}, {'N_0_1'}, {'N_0_1'}, {'N_0_1'}]",0.22620345059571023,513,0.9044834307992202,0.9688331432915241,5262
"[{'E_1_0'}, {'NE_1_1'}, {'S_0_1'}, {'S_0_1'}, {'S_0_1'}, {'S_0_1'}, {'STAY_0_0'}, {'NE_1_1'}]",0.223100701409219,197,0.8730964467005076,0.9688331432915241,5262
"[{'E_1_0'}, {'E_1_0'}, {'E_1_0'}, {'S_0_1'}, {'S_0_1'}, {'W_1_0'}, {'STAY_0_0'}, {'E_1_0'}, {'NE_1_1'}]",0.2222363243671528,278,0.8705035971223022,0.9688331432915241,5262
"[{'NE_1_1'}, {'E_1_0'}, {'E_1_0'}, {'E_1_0'}, {'N_0_1'}, {'N_0_1'}, {'N_0_1'}, {'STAY_0_0'}]",0.2212171793657174,429,0.8904428904428905,0.9688331432915241,5262
"[{'N_0_1'}, {'N_0_1'}, {'NE_1_1'}, {'NE_1_1'}, {'S_0_1'}, {'S_0_1'}, {'W_1_0'}]",0.22106923363755493,220,0.8909090909090909,0.9688331432915241,5262
"[{'N_0_1'}, {'N_0_1'}, {'N_0_1'}, {'N_0_1'}, {'N_0_1'}, {'W_1_0'}, {'S_0_1'}]",0.22078732953553426,732,0.9112021857923497,0.9688331432915241,5262
"[{'NE_1_1'}, {'N_0_1'}, {'E_1_0'}, {'N_0_1'}, {'E_1_0'}, {'E_1_0'}, {'E_1_0'}, {'E_1_0'}, {'STAY_0_0'}]",0.22061130388820682,118,0.847457627118644,0.9688331432915241,5262
"[{'NE_1_1'}, {'E_1_0'}, {'E_1_0'}, {'N_0_1'}, {'E_1_0'}, {'E_1_0'}, {'E_1_0'}, {'E_1_0'}, {'STAY_0_0'}]",0.21935694068798617,187,0.8609625668449198,0.9688331432915241,5262
"[{'N_0_1'}, {'E_1_0'}, {'NE_1_1'}, {'E_1_0'}, {'STAY_0_0'}, {'E_1_0'}]",0.2192994343452075,301,0.9169435215946844,0.9688331432915241,5262
"[{'E_1_0'}, {'N_0_1'}, {'N_0_1'}, {'N_0_1'}, {'N_0_1'}, {'N_0_1'}, {'NW_1_1'}, {'W_1_0'}, {'W_1_0'}, {'W_1_0'}, {'S_0_1'}, {'S_0_1'}, {'W_1_0'}]",0.21892206326557828,104,0.8076923076923077,0.9688331432915241,5262
"[{'N_0_1'}, {'N_0_1'}, {'E_1_0'}, {'N_0_1'}, {'S_0_1'}, {'W_1_0'}, {'W_1_0'}]",0.21873752725894569,387,0.9018087855297158,0.9688331432915241,5262
"[{'N_0_1'}, {'N_0_1'}, {'E_1_0'}, {'E_1_0'}, {'E_1_0'}, {'W_1_0'}, {'STAY_0_0'}]",0.2173074357814363,328,0.899390243902439,0.9688331432915241,5262
"[{'E_1_0'}, {'E_1_0'}, {'E_1_0'}, {'W_1_0'}, {'W_1_0'}, {'W_1_0'}, {'W_1_0'}, {'SW_1_1'}, {'STAY_0_0'}, {'E_1_0'}]",0.2161719070716427,323,0.8668730650154799,0.9688331432915241,5262
"[{'NE_1_1'}, {'NE_1_1'}, {'E_1_0'}, {'E_1_0'}, {'S_0_1'}, {'S_0_1'}, {'E_1_0'}, {'NE_1_1'}]",0.21585221282891076,191,0.8743455497382199,0.9688331432915241,5262
"[{'E_1_0'}, {'E_1_0'}, {'E_1_0'}, {'E_1_0'}, {'E_1_0'}, {'SE_1_1'}, {'S_0_1'}, {'S_0_1'}, {'STAY_0_0'}, {'NE_1_1'}, {'N_0_1'}]",0.2147719584833051,102,0.8235294117647058,0.9688331432915241,5262
"[{'E_1_0'}, {'E_1_0'}, {'E_1_0'}, {'S_0_1'}, {'S_0_1'}, {'S_0_1'}, {'STAY_0_0'}, {'E_1_0'}, {'NE_1_1'}]",0.2144825704018839,273,0.8717948717948718,0.9688331432915241,5262
"[{'NE_1_1'}, {'E_1_0'}, {'E_1_0'}, {'W_1_0'}, {'N_0_1'}, {'N_0_1'}, {'N_0_1'}]",0.21354150316799025,681,0.9118942731277533,0.9688331432915241,5262
"[{'E_1_0'}, {'E_1_0'}, {'E_1_0'}, {'N_0_1'}, {'E_1_0'}, {'E_1_0'}, {'W_1_0'}, {'W_1_0'}, {'W_1_0'}, {'STAY_0_0'}, {'W_1_0'}, {'W_1_0'}]",0.21284501051811577,146,0.8287671232876712,0.9688331432915241,5262
"[{'NE_1_1'}, {'E_1_0'}, {'E_1_0'}, {'S_0_1'}, {'S_0_1'}, {'E_1_0'}, {'NE_1_1'}]",0.21211277973814235,371,0.9029649595687331,0.9688331432915241,5262
"[{'E_1_0'}, {'E_1_0'}, {'N_0_1'}, {'E_1_0'}, {'SW_1_1'}, {'STAY_0_0'}, {'E_1_0'}, {'E_1_0'}]",0.21199317707329723,117,0.8632478632478633,0.9688331432915241,5262
"[{'N_0_1'}, {'N_0_1'}, {'N_0_1'}, {'N_0_1'}, {'E_1_0'}, {'S_0_1'}, {'S_0_1'}]",0.2117091359204134,460,0.9065217391304348,0.9688331432915241,5262
"[{'NE_1_1'}, {'N_0_1'}, {'E_1_0'}, {'W_1_0'}, {'N_0_1'}, {'N_0_1'}, {'W_1_0'}, {'W_1_0'}]",0.21146111586207073,164,0.8719512195121951,0.9688331432915241,5262
"[{'N_0_1'}, {'N_0_1'}, {'E_1_0'}, {'NE_1_1'}, {'SW_1_1'}, {'W_1_0'}, {'E_1_0'}]",0.2114298826740958,139,0.8848920863309353,0.9688331432915241,5262
"[{'N_0_1'}, {'N_0_1'}, {'N_0_1'}, {'N_0_1'}, {'E_1_0'}, {'S_0_1'}, {'W_1_0'}]",0.2110197929097869,474,0.9071729957805907,0.9688331432915241,5262
"[{'NE_1_1'}, {'E_1_0'}, {'N_0_1'}, {'NE_1_1'}, {'W_1_0'}, {'W_1_0'}, {'S_0_1'}]",0.2109717318140547,385,0.9038961038961039,0.9688331432915241,5262
"[{'N_0_1'}, {'N_0_1'}, {'N_0_1'}, {'N_0_1'}, {'W_1_0'}, {'S_0_1'}, {'W_1_0'}]",0.21084065264568708,566,0.9098939929328622,0.9688331432915241,5262
"[{'N_0_1'}, {'E_1_0'}, {'NE_1_1'}, {'W_1_0'}, {'S_0_1'}, {'SE_1_1'}]",0.21076630517453665,258,0.9186046511627907,0.9688331432915241,5262
"[{'E_1_0'}, {'NE_1_1'}, {'E_1_0'}, {'E_1_0'}, {'W_1_0'}, {'W_1_0'}, {'W_1_0'}, {'E_1_0'}, {'N_0_1'}, {'N_0_1'}, {'W_1_0'}, {'W_1_0'}, {'W_1_0'}]",0.21043450001843123,112,0.8125,0.9688331432915241,5262
"[{'E_1_0'}, {'NE_1_1'}, {'NE_1_1'}, {'E_1_0'}, {'S_0_1'}, {'S_0_1'}, {'S_0_1'}, {'SW_1_1'}, {'STAY_0_0'}, {'E_1_0'}]",0.21041057913271632,126,0.8412698412698413,0.9688331432915241,5262
"[{'N_0_1'}, {'N_0_1'}, {'NW_1_1'}, {'NE_1_1'}, {'S_0_1'}, {'W_1_0'}]",0.20989627012699597,188,0.9148936170212766,0.9688331432915241,5262
"[{'NE_1_1'}, {'N_0_1'}, {'N_0_1'}, {'N_0_1'}, {'NW_1_1'}, {'STAY_0_0'}, {'W_1_0'}]",0.20813920478651493,290,0.9,0.9688331432915241,5262
"[{'E_1_0'}, {'NE_1_1'}, {'W_1_0'}, {'S_0_1'}, {'STAY_0_0'}, {'E_1_0'}, {'W_1_0'}]",0.20810195415032162,278,0.8992805755395683,0.9688331432915241,5262
"[{'E_1_0'}, {'E_1_0'}, {'N_0_1'}, {'N_0_1'}, {'N_0_1'}, {'N_0_1'}, {'S_0_1'}]",0.20804407251797696,763,0.9148099606815203,0.9688331432915241,5262
"[{'N_0_1'}, {'N_0_1'}, {'N_0_1'}, {'S_0_1'}, {'S_0_1'}, {'S_0_1'}, {'W_1_0'}]",0.20798802719851894,364,0.9038461538461539,0.9688331432915241,5262
"[{'E_1_0'}, {'N_0_1'}, {'E_1_0'}, {'NE_1_1'}, {'E_1_0'}, {'W_1_0'}, {'STAY_0_0'}]",0.20561085046039007,305,0.9016393442622951,0.9688331432915241,5262
"[{'NE_1_1'}, {'NE_1_1'}, {'E_1_0'}, {'E_1_0'}, {'SW_1_1'}, {'W_1_0'}, {'STAY_0_0'}, {'E_1_0'}, {'E_1_0'}]",0.20507505324517217,157,0.8598726114649682,0.9688331432915241,5262
"[{'NE_1_1'}, {'N_0_1'}, {'E_1_0'}, {'N_0_1'}, {'STAY_0_0'}, {'E_1_0'}, {'W_1_0'}]",0.2046305078316618,132,0.8863636363636364,0.9688331432915241,5262
"[{'NE_1_1'}, {'N_0_1'}, {'NE_1_1'}, {'N_0_1'}, {'N_0_1'}, {'N_0_1'}, {'N_0_1'}, {'E_1_0'}, {'S_0_1'}]",0.20362028176723235,106,0.8490566037735849,0.9688331432915241,5262
"[{'NE_1_1'}, {'E_1_0'}, {'N_0_1'}, {'W_1_0'}, {'W_1_0'}, {'W_1_0'}, {'W_1_0'}, {'STAY_0_0'}]",0.20356216271114191,292,0.886986301369863,0.9688331432915241,5262
"[{'NE_1_1'}, {'E_1_0'}, {'N_0_1'}, {'E_1_0'}, {'E_1_0'}, {'W_1_0'}, {'W_1_0'}]",0.2028471433287522,791,0.9165613147914032,0.9688331432915241,5262
"[{'NE_1_1'}, {'N_0_1'}, {'N_0_1'}, {'N_0_1'}, {'N_0_1'}, {'N_0_1'}, {'N_0_1'}, {'S_0_1'}]",0.2017851813462127,510,0.8980392156862745,0.9688331432915241,5262
"[{'NE_1_1'}, {'E_1_0'}, {'W_1_0'}, {'W_1_0'}, {'N_0_1'}, {'N_0_1'}, {'N_0_1'}]",0.20144819021750937,724,0.9157458563535912,0.9688331432915241,5262
"[{'NE_1_1'}, {'E_1_0'}, {'NE_1_1'}, {'E_1_0'}, {'W_1_0'}, {'W_1_0'}, {'E_1_0'}]",0.20091592894207866,505,0.9108910891089109,0.9688331432915241,5262
"[{'E_1_0'}, {'E_1_0'}, {'E_1_0'}, {'S_0_1'}, {'S_0_1'}, {'S_0_1'}, {'W_1_0'}, {'STAY_0_0'}, {'E_1_0'}, {'NE_1_1'}]",0.2003765279016051,258,0.8643410852713178,0.9688331432915241,5262
"[{'NE_1_1'}, {'N_0_1'}, {'E_1_0'}, {'N_0_1'}, {'E_1_0'}, {'E_1_0'}, {'S_0_1'}, {'S_0_1'}]",0.19848495227576468,253,0.8853754940711462,0.9688331432915241,5262
"[{'E_1_0'}, {'N_0_1'}, {'N_0_1'}, {'N_0_1'}, {'N_0_1'}, {'N_0_1'}, {'N_0_1'}, {'N_0_1'}, {'N_0_1'}, {'W_1_0'}, {'STAY_0_0'}]",0.198219895658986,191,0.8481675392670157,0.9688331432915241,5262
"[{'N_0_1'}, {'N_0_1'}, {'N_0_1'}, {'W_1_0'}, {'W_1_0'}, {'W_1_0'}, {'E_1_0'}, {'S_0_1'}, {'S_0_1'}]",0.1974689275356203,206,0.8689320388349514,0.9688331432915241,5262
"[{'E_1_0'}, {'E_1_0'}, {'E_1_0'}, {'N_0_1'}, {'N_0_1'}, {'N_0_1'}, {'N_0_1'}, {'N_0_1'}, {'N_0_1'}, {'N_0_1'}, {'W_1_0'}, {'S_0_1'}, {'S_0_1'}, {'S_0_1'}]",0.19685656093220516,116,0.8103448275862069,0.9688331432915241,5262
"[{'N_0_1'}, {'N_0_1'}, {'N_0_1'}, {'E_1_0'}, {'S_0_1'}, {'W_1_0'}, {'W_1_0'}]",0.19624765960960477,460,0.9108695652173913,0.9688331432915241,5262
"[{'NE_1_1'}, {'E_1_0'}, {'E_1_0'}, {'N_0_1'}, {'E_1_0'}, {'S_0_1'}, {'S_0_1'}, {'S_0_1'}, {'W_1_0'}, {'W_1_0'}]",0.1957317787733025,163,0.852760736196319,0.9688331432915241,5262
"[{'E_1_0'}, {'N_0_1'}, {'N_0_1'}, {'N_0_1'}, {'N_0_1'}, {'N_0_1'}, {'S_0_1'}]",0.19454253478480388,757,0.9180977542932629,0.9688331432915241,5262
"[{'E_1_0'}, {'N_0_1'}, {'N_0_1'}, {'E_1_0'}, {'S_0_1'}, {'S_0_1'}, {'W_1_0'}]",0.19281699676578856,386,0.9093264248704663,0.9688331432915241,5262
"[{'N_0_1'}, {'E_1_0'}, {'N_0_1'}, {'E_1_0'}, {'E_1_0'}, {'S_0_1'}, {'W_1_0'}]",0.19257758444885065,494,0.9129554655870445,0.9688331432915241,5262
"[{'NE_1_1'}, {'E_1_0'}, {'N_0_1'}, {'N_0_1'}, {'N_0_1'}, {'N_0_1'}, {'N_0_1'}, {'W_1_0'}, {'E_1_0'}, {'W_1_0'}]",0.1913709097452494,156,0.8525641025641025,0.9688331432915241,5262
"[{'N_0_1'}, {'N_0_1'}, {'E_1_0'}, {'N_0_1'}, {'NE_1_1'}, {'S_0_1'}, {'S_0_1'}, {'S_0_1'}, {'W_1_0'}]",0.19088011882166311,118,0.8559322033898306,0.9688331432915241,5262
"[{'NE_1_1'}, {'E_1_0'}, {'NE_1_1'}, {'W_1_0'}, {'W_1_0'}, {'E_1_0'}, {'E_1_0'}]",0.19052217699744922,457,0.912472647702407,0.9688331432915241,5262
"[{'E_1_0'}, {'S_0_1'}, {'S_0_1'}, {'W_1_0'}, {'W_1_0'}, {'SW_1_1'}, {'STAY_0_0'}, {'E_1_0'}, {'N_0_1'}, {'N_0_1'}]",0.189588093779667,273,0.8681318681318682,0.9688331432915241,5262
"[{'E_1_0'}, {'NE_1_1'}, {'NE_1_1'}, {'N_0_1'}, {'N_0_1'}, {'N_0_1'}, {'STAY_0_0'}]",0.18948641681666356,528,0.9147727272727273,0.9688331432915241,5262
"[{'NE_1_1'}, {'E_1_0'}, {'N_0_1'}, {'N_0_1'}, {'N_0_1'}, {'N_0_1'}, {'STAY_0_0'}]",0.18914799300030494,642,0.9174454828660437,0.9688331432915241,5262
"[{'NE_1_1'}, {'E_1_0'}, {'NE_1_1'}, {'S_0_1'}, {'W_1_0'}, {'W_1_0'}, {'N_0_1'}, {'N_0_1'}, {'N_0_1'}]",0.18885815936487904,220,0.8727272727272727,0.9688331432915241,5262
"[{'E_1_0'}, {'NE_1_1'}, {'E_1_0'}, {'S_0_1'}, {'S_0_1'}, {'W_1_0'}, {'W_1_0'}, {'W_1_0'}, {'STAY_0_0'}, {'NE_1_1'}]",0.1880048575287192,183,0.8579234972677595,0.9688331432915241,5262
"[{'N_0_1'}, {'N_0_1'}, {'E_1_0'}, {'N_0_1'}, {'E_1_0'}, {'S_0_1'}, {'S_0_1'}, {'SE_1_1'}]",0.187114238308986,146,0.8767123287671232,0.9688331432915241,5262
"[{'N_0_1'}, {'N_0_1'}, {'N_0_1'}, {'E_1_0'}, {'E_1_0'}, {'SE_1_1'}, {'S_0_1'}]",0.1870969349064202,277,0.9061371841155235,0.9688331432915241,5262
"[{'N_0_1'}, {'E_1_0'}, {'N_0_1'}, {'S_0_1'}, {'S_0_1'}, {'S_0_1'}, {'S_0_1'}, {'S_0_1'}]",0.1852354498959219,331,0.8942598187311178,0.9688331432915241,5262
"[{'E_1_0'}, {'E_1_0'}, {'N_0_1'}, {'N_0_1'}, {'N_0_1'}, {'N_0_1'}, {'N_0_1'}, {'N_0_1'}, {'N_0_1'}, {'W_1_0'}, {'W_1_0'}, {'W_1_0'}, {'S_0_1'}, {'S_0_1'}, {'S_0_1'}]",0.18455213830945372,107,0.8037383177570093,0.9688331432915241,5262
"[{'E_1_0'}, {'E_1_0'}, {'E_1_0'}, {'S_0_1'}, {'W_1_0'}, {'STAY_0_0'}, {'NE_1_1'}]",0.1844578819110405,582,0.9175257731958762,0.9688331432915241,5262
"[{'N_0_1'}, {'N_0_1'}, {'N_0_1'}, {'E_1_0'}, {'SE_1_1'}, {'S_0_1'}, {'W_1_0'}, {'W_1_0'}]",0.18432121360410092,199,0.8844221105527639,0.9688331432915241,5262
"[{'N_0_1'}, {'N_0_1'}, {'N_0_1'}, {'N_0_1'}, {'E_1_0'}, {'S_0_1'}, {'W_1_0'}, {'W_1_0'}]",0.18425534219557438,332,0.8945783132530121,0.9688331432915241,5262
"[{'E_1_0'}, {'E_1_0'}, {'E_1_0'}, {'E_1_0'}, {'E_1_0'}, {'NE_1_1'}, {'NE_1_1'}, {'N_0_1'}, {'N_0_1'}, {'STAY_0_0'}, {'W_1_0'}]",0.18407654724008893,196,0.8520408163265306,0.9688331432915241,5262
"[{'NE_1_1'}, {'E_1_0'}, {'E_1_0'}, {'W_1_0'}, {'SW_1_1'}, {'STAY_0_0'}, {'E_1_0'}, {'E_1_0'}]",0.18332615519591056,310,0.8935483870967742,0.9688331432915241,5262
"[{'N_0_1'}, {'NE_1_1'}, {'NE_1_1'}, {'E_1_0'}, {'E_1_0'}, {'S_0_1'}, {'E_1_0'}, {'SW_1_1'}]",0.18289087709152052,138,0.8768115942028986,0.9688331432915241,5262
"[{'E_1_0'}, {'N_0_1'}, {'N_0_1'}, {'N_0_1'}, {'N_0_1'}, {'N_0_1'}, {'N_0_1'}, {'N_0_1'}, {'N_0_1'}, {'N_0_1'}, {'N_0_1'}, {'STAY_0_0'}]",0.18227478487944104,116,0.8275862068965517,0.9688331432915241,5262
"[{'N_0_1'}, {'N_0_1'}, {'E_1_0'}, {'E_1_0'}, {'S_0_1'}, {'S_0_1'}, {'S_0_1'}]",0.18226191518502244,573,0.9179755671902269,0.9688331432915241,5262
"[{'NE_1_1'}, {'E_1_0'}, {'E_1_0'}, {'NE_1_1'}, {'W_1_0'}, {'W_1_0'}, {'STAY_0_0'}, {'E_1_0'}]",0.1818860530411308,255,0.8901960784313725,0.9688331432915241,5262
"[{'N_0_1'}, {'N_0_1'}, {'N_0_1'}, {'W_1_0'}, {'W_1_0'}, {'S_0_1'}, {'S_0_1'}]",0.1806826272058517,548,0.9178832116788321,0.9688331432915241,5262
"[{'NE_1_1'}, {'NE_1_1'}, {'W_1_0'}, {'W_1_0'}, {'W_1_0'}, {'SW_1_1'}, {'W_1_0'}, {'E_1_0'}, {'E_1_0'}]",0.17894508041462132,177,0.8700564971751412,0.9688331432915241,5262
"[{'N_0_1'}, {'E_1_0'}, {'NE_1_1'}, {'E_1_0'}, {'E_1_0'}, {'STAY_0_0'}, {'E_1_0'}]",0.17891881429376544,210,0.9047619047619048,0.9688331432915241,5262
"[{'N_0_1'}, {'N_0_1'}, {'N_0_1'}, {'E_1_0'}, {'N_0_1'}, {'N_0_1'}, {'STAY_0_0'}]",0.17786403339104861,426,0.9154929577464789,0.9688331432915241,5262
"[{'NE_1_1'}, {'E_1_0'}, {'N_0_1'}, {'E_1_0'}, {'E_1_0'}, {'E_1_0'}, {'SW_1_1'}]",0.1777302149496891,483,0.917184265010352,0.9688331432915241,5262
"[{'NE_1_1'}, {'E_1_0'}, {'NE_1_1'}, {'NE_1_1'}, {'E_1_0'}, {'E_1_0'}, {'S_0_1'}]",0.17627488150906945,278,0.9100719424460432,0.9688331432915241,5262
"[{'NE_1_1'}, {'E_1_0'}, {'E_1_0'}, {'W_1_0'}, {'NE_1_1'}, {'N_0_1'}, {'N_0_1'}, {'N_0_1'}, {'W_1_0'}, {'W_1_0'}]",0.17613288694184692,170,0.8588235294117647,0.9688331432915241,5262
"[{'NE_1_1'}, {'E_1_0'}, {'E_1_0'}, {'W_1_0'}, {'SW_1_1'}, {'N_0_1'}, {'N_0_1'}, {'N_0_1'}]",0.17560673640908342,401,0.9002493765586035,0.9688331432915241,5262
"[{'E_1_0'}, {'E_1_0'}, {'N_0_1'}, {'E_1_0'}, {'E_1_0'}, {'E_1_0'}, {'STAY_0_0'}, {'W_1_0'}]",0.17560673640908342,401,0.9002493765586035,0.9688331432915241,5262
"[{'NE_1_1'}, {'E_1_0'}, {'E_1_0'}, {'N_0_1'}, {'E_1_0'}, {'E_1_0'}, {'S_0_1'}, {'W_1_0'}, {'W_1_0'}]",0.17488562518041761,238,0.8781512605042017,0.9688331432915241,5262
"[{'E_1_0'}, {'E_1_0'}, {'E_1_0'}, {'N_0_1'}, {'E_1_0'}, {'S_0_1'}, {'S_0_1'}, {'S_0_1'}]",0.17364526684472392,428,0.9018691588785047,0.9688331432915241,5262
"[{'NE_1_1'}, {'N_0_1'}, {'S_0_1'}, {'S_0_1'}, {'W_1_0'}, {'W_1_0'}, {'W_1_0'}]",0.17307045251950348,351,0.9145299145299145,0.9688331432915241,5262
"[{'E_1_0'}, {'E_1_0'}, {'N_0_1'}, {'E_1_0'}, {'N_0_1'}, {'NW_1_1'}, {'E_1_0'}]",0.17296488208987604,436,0.9174311926605505,0.9688331432915241,5262
"[{'E_1_0'}, {'NE_1_1'}, {'E_1_0'}, {'W_1_0'}, {'W_1_0'}, {'STAY_0_0'}, {'E_1_0'}, {'E_1_0'}, {'N_0_1'}]",0.1723675115566543,161,0.8695652173913043,0.9688331432915241,5262
"[{'NE_1_1'}, {'NE_1_1'}, {'E_1_0'}, {'E_1_0'}, {'STAY_0_0'}, {'W_1_0'}, {'W_1_0'}]",0.17131852142066484,454,0.9185022026431718,0.9688331432915241,5262
"[{'NE_1_1'}, {'E_1_0'}, {'E_1_0'}, {'NE_1_1'}, {'E_1_0'}, {'S_0_1'}, {'E_1_0'}]",0.1712018423043139,411,0.9172749391727494,0.9688331432915241,5262
"[{'NE_1_1'}, {'N_0_1'}, {'N_0_1'}, {'N_0_1'}, {'N_0_1'}, {'N_0_1'}, {'NW_1_1'}, {'STAY_0_0'}]",0.17017138050292413,231,0.8917748917748918,0.9688331432915241,5262
"[{'NE_1_1'}, {'E_1_0'}, {'N_0_1'}, {'E_1_0'}, {'E_1_0'}, {'E_1_0'}, {'S_0_1'}, {'S_0_1'}]",0.17007562216297412,396,0.9015151515151515,0.9688331432915241,5262
"[{'NE_1_1'}, {'N_0_1'}, {'SE_1_1'}, {'S_0_1'}, {'W_1_0'}, {'W_1_0'}, {'W_1_0'}]",0.16954731804418488,247,0.9109311740890689,0.9688331432915241,5262
"[{'E_1_0'}, {'NE_1_1'}, {'E_1_0'}, {'N_0_1'}, {'S_0_1'}, {'W_1_0'}, {'W_1_0'}]",0.16771298125780676,375,0.9173333333333333,0.9688331432915241,5262
"[{'NE_1_1'}, {'E_1_0'}, {'E_1_0'}, {'NE_1_1'}, {'E_1_0'}, {'W_1_0'}, {'W_1_0'}, {'STAY_0_0'}]",0.16711615592340212,351,0.9002849002849003,0.9688331432915241,5262
"[{'N_0_1'}, {'N_0_1'}, {'NW_1_1'}, {'W_1_0'}, {'W_1_0'}, {'S_0_1'}, {'S_0_1'}]",0.16669762020917922,377,0.9177718832891246,0.9688331432915241,5262
"[{'NE_1_1'}, {'E_1_0'}, {'NE_1_1'}, {'W_1_0'}, {'E_1_0'}, {'E_1_0'}, {'W_1_0'}]",0.16599366833049445,364,0.9175824175824175,0.9688331432915241,5262
"[{'NE_1_1'}, {'N_0_1'}, {'E_1_0'}, {'NE_1_1'}, {'S_0_1'}, {'S_0_1'}, {'S_0_1'}, {'W_1_0'}]",0.1656930509417348,168,0.8869047619047619,0.9688331432915241,5262
"[{'N_0_1'}, {'N_0_1'}, {'N_0_1'}, {'N_0_1'}, {'N_0_1'}, {'S_0_1'}, {'S_0_1'}, {'S_0_1'}, {'S_0_1'}, {'S_0_1'}, {'W_1_0'}]",0.16502708648395792,120,0.8416666666666667,0.9688331432915241,5262
"[{'N_0_1'}, {'N_0_1'}, {'N_0_1'}, {'N_0_1'}, {'N_0_1'}, {'W_1_0'}, {'W_1_0'}, {'S_0_1'}]",0.16462336716449122,703,0.9118065433854907,0.9688331432915241,5262
"[{'N_0_1'}, {'N_0_1'}, {'N_0_1'}, {'E_1_0'}, {'N_0_1'}, {'E_1_0'}, {'S_0_1'}, {'S_0_1'}, {'S_0_1'}]",0.16442298485618734,204,0.8774509803921569,0.9688331432915241,5262
"[{'NE_1_1'}, {'E_1_0'}, {'E_1_0'}, {'S_0_1'}, {'S_0_1'}, {'N_0_1'}, {'N_0_1'}, {'N_0_1'}]",0.164050734389251,480,0.90625,0.9688331432915241,5262
"[{'NE_1_1'}, {'N_0_1'}, {'N_0_1'}, {'N_0_1'}, {'N_0_1'}, {'NW_1_1'}, {'STAY_0_0'}, {'W_1_0'}]",0.16362864962370127,225,0.8933333333333333,0.9688331432915241,5262
"[{'NE_1_1'}, {'E_1_0'}, {'E_1_0'}, {'N_0_1'}, {'E_1_0'}, {'NE_1_1'}, {'E_1_0'}, {'W_1_0'}, {'S_0_1'}]",0.16329988993484768,118,0.864406779661017,0.9688331432915241,5262
"[{'NE_1_1'}, {'NE_1_1'}, {'NE_1_1'}, {'NE_1_1'}, {'E_1_0'}, {'W_1_0'}, {'W_1_0'}]",0.1626054810821177,313,0.9169329073482428,0.9688331432915241,5262
"[{'N_0_1'}, {'N_0_1'}, {'E_1_0'}, {'E_1_0'}, {'NE_1_1'}, {'W_1_0'}, {'S_0_1'}, {'SW_1_1'}]",0.161518348629614,204,0.8921568627450981,0.9688331432915241,5262
"[{'N_0_1'}, {'N_0_1'}, {'N_0_1'}, {'S_0_1'}, {'S_0_1'}, {'S_0_1'}, {'W_1_0'}, {'S_0_1'}]",0.16138274175547984,250,0.896,0.9688331432915241,5262
"[{'E_1_0'}, {'N_0_1'}, {'E_1_0'}, {'E_1_0'}, {'E_1_0'}, {'E_1_0'}, {'STAY_0_0'}, {'W_1_0'}]",0.16092364177318041,396,0.9040404040404041,0.9688331432915241,5262
"[{'NE_1_1'}, {'E_1_0'}, {'N_0_1'}, {'N_0_1'}, {'N_0_1'}, {'N_0_1'}, {'N_0_1'}, {'W_1_0'}, {'S_0_1'}]",0.1600489708443601,412,0.8932038834951457,0.9688331432915241,5262
"[{'E_1_0'}, {'E_1_0'}, {'E_1_0'}, {'W_1_0'}, {'W_1_0'}, {'S_0_1'}, {'STAY_0_0'}, {'E_1_0'}]",0.15985898858584413,513,0.9083820662768031,0.9688331432915241,5262
"[{'NE_1_1'}, {'E_1_0'}, {'E_1_0'}, {'NE_1_1'}, {'E_1_0'}, {'E_1_0'}, {'W_1_0'}, {'STAY_0_0'}]",0.159799662070094,299,0.8996655518394648,0.9688331432915241,5262
"[{'N_0_1'}, {'N_0_1'}, {'E_1_0'}, {'NE_1_1'}, {'N_0_1'}, {'N_0_1'}, {'STAY_0_0'}]",0.15912370665241649,262,0.916030534351145,0.9688331432915241,5262
"[{'E_1_0'}, {'E_1_0'}, {'E_1_0'}, {'N_0_1'}, {'N_0_1'}, {'N_0_1'}, {'N_0_1'}, {'S_0_1'}]",0.15907513548443353,716,0.9134078212290503,0.9688331432915241,5262
"[{'NE_1_1'}, {'E_1_0'}, {'E_1_0'}, {'E_1_0'}, {'E_1_0'}, {'NE_1_1'}, {'N_0_1'}, {'E_1_0'}, {'N_0_1'}, {'W_1_0'}, {'W_1_0'}]",0.15875915201804225,146,0.8493150684931506,0.9688331432915241,5262
"[{'E_1_0'}, {'NE_1_1'}, {'N_0_1'}, {'N_0_1'}, {'N_0_1'}, {'NW_1_1'}, {'W_1_0'}, {'W_1_0'}, {'E_1_0'}]",0.15827495542414705,249,0.8835341365461847,0.9688331432915241,5262
"[{'N_0_1'}, {'N_0_1'}, {'N_0_1'}, {'N_0_1'}, {'W_1_0'}, {'S_0_1'}, {'S_0_1'}, {'SE_1_1'}]",0.1580450834525674,151,0.8874172185430463,0.9688331432915241,5262
"[{'NE_1_1'}, {'E_1_0'}, {'E_1_0'}, {'E_1_0'}, {'E_1_0'}, {'S_0_1'}, {'N_0_1'}, {'W_1_0'}]",0.15772336230135564,338,0.9023668639053254,0.9688331432915241,5262
"[{'N_0_1'}, {'NE_1_1'}, {'N_0_1'}, {'N_0_1'}, {'N_0_1'}, {'W_1_0'}, {'W_1_0'}, {'W_1_0'}, {'E_1_0'}]",0.15712359684808153,188,0.8776595744680851,0.9688331432915241,5262
"[{'NE_1_1'}, {'E_1_0'}, {'N_0_1'}, {'E_1_0'}, {'E_1_0'}, {'E_1_0'}, {'E_1_0'}, {'W_1_0'}]",0.156928659233456,492,0.9085365853658537,0.9688331432915241,5262
"[{'NE_1_1'}, {'E_1_0'}, {'E_1_0'}, {'E_1_0'}, {'E_1_0'}, {'E_1_0'}, {'E_1_0'}, {'E_1_0'}, {'W_1_0'}, {'STAY_0_0'}]",0.15631409196413526,365,0.8821917808219178,0.9688331432915241,5262
"[{'E_1_0'}, {'E_1_0'}, {'E_1_0'}, {'S_0_1'}, {'S_0_1'}, {'S_0_1'}, {'S_0_1'}, {'STAY_0_0'}, {'NE_1_1'}, {'N_0_1'}, {'N_0_1'}]",0.15584655004323178,225,0.8622222222222222,0.9688331432915241,5262
"[{'NE_1_1'}, {'E_1_0'}, {'NE_1_1'}, {'E_1_0'}, {'NE_1_1'}, {'N_0_1'}, {'E_1_0'}, {'E_1_0'}]",0.1545623567198563,198,0.8939393939393939,0.9688331432915241,5262
"[{'NE_1_1'}, {'NE_1_1'}, {'W_1_0'}, {'STAY_0_0'}, {'E_1_0'}, {'E_1_0'}, {'E_1_0'}]",0.15416524264960163,199,0.914572864321608,0.9688331432915241,5262
"[{'N_0_1'}, {'N_0_1'}, {'N_0_1'}, {'W_1_0'}, {'W_1_0'}, {'S_0_1'}, {'S_0_1'}, {'W_1_0'}]",0.153880651087966,368,0.904891304347826,0.9688331432915241,5262
"[{'N_0_1'}, {'N_0_1'}, {'NE_1_1'}, {'E_1_0'}, {'SE_1_1'}, {'S_0_1'}, {'S_0_1'}, {'S_0_1'}, {'S_0_1'}]",0.15352648679972225,190,0.8789473684210526,0.9688331432915241,5262
"[{'NE_1_1'}, {'N_0_1'}, {'N_0_1'}, {'N_0_1'}, {'N_0_1'}, {'N_0_1'}, {'N_0_1'}, {'E_1_0'}, {'E_1_0'}, {'S_0_1'}]",0.15312600623957895,246,0.8739837398373984,0.9688331432915241,5262
"[{'E_1_0'}, {'N_0_1'}, {'E_1_0'}, {'N_0_1'}, {'S_0_1'}, {'S_0_1'}, {'S_0_1'}, {'S_0_1'}]",0.1527440470244108,307,0.9022801302931596,0.9688331432915241,5262
"[{'E_1_0'}, {'E_1_0'}, {'S_0_1'}, {'STAY_0_0'}, {'NE_1_1'}, {'N_0_1'}, {'N_0_1'}, {'N_0_1'}]",0.15223011482223514,320,0.903125,0.9688331432915241,5262
"[{'E_1_0'}, {'E_1_0'}, {'N_0_1'}, {'N_0_1'}, {'N_0_1'}, {'W_1_0'}, {'S_0_1'}, {'SW_1_1'}]",0.15213150097950023,271,0.9003690036900369,0.9688331432915241,5262
"[{'N_0_1'}, {'N_0_1'}, {'NE_1_1'}, {'NE_1_1'}, {'E_1_0'}, {'S_0_1'}, {'S_0_1'}, {'W_1_0'}]",0.1513791310357261,189,0.8941798941798942,0.9688331432915241,5262
"[{'N_0_1'}, {'NW_1_1'}, {'SW_1_1'}, {'E_1_0'}, {'S_0_1'}, {'S_0_1'}, {'W_1_0'}]",0.15096517734118065,108,0.9074074074074074,0.9688331432915241,5262
"[{'N_0_1'}, {'SW_1_1'}, {'W_1_0'}, {'W_1_0'}, {'STAY_0_0'}, {'E_1_0'}, {'E_1_0'}]",0.15068892667806622,218,0.9174311926605505,0.9688331432915241,5262
"[{'NE_1_1'}, {'E_1_0'}, {'E_1_0'}, {'E_1_0'}, {'E_1_0'}, {'N_0_1'}, {'N_0_1'}, {'N_0_1'}, {'E_1_0'}, {'W_1_0'}, {'W_1_0'}]",0.15057042373572105,157,0.8535031847133758,0.9688331432915241,5262
"[{'N_0_1'}, {'E_1_0'}, {'N_0_1'}, {'W_1_0'}, {'S_0_1'}, {'S_0_1'}, {'S_0_1'}, {'S_0_1'}]",0.15023197656034526,310,0.9032258064516129,0.9688331432915241,5262
"[{'E_1_0'}, {'E_1_0'}, {'N_0_1'}, {'E_1_0'}, {'E_1_0'}, {'W_1_0'}, {'W_1_0'}, {'STAY_0_0'}, {'W_1_0'}]",0.1495277850526907,299,0.8896321070234113,0.9688331432915241,5262
"[{'N_0_1'}, {'N_0_1'}, {'N_0_1'}, {'NE_1_1'}, {'E_1_0'}, {'E_1_0'}, {'S_0_1'}, {'S_0_1'}, {'W_1_0'}, {'SW_1_1'}]",0.14938896931654,101,0.8514851485148515,0.9688331432915241,5262
"[{'E_1_0'}, {'E_1_0'}, {'N_0_1'}, {'N_0_1'}, {'N_0_1'}, {'N_0_1'}, {'NW_1_1'}, {'S_0_1'}]",0.14920972341354355,533,0.9118198874296435,0.9688331432915241,5262
"[{'NE_1_1'}, {'E_1_0'}, {'E_1_0'}, {'SW_1_1'}, {'W_1_0'}, {'W_1_0'}, {'W_1_0'}, {'W_1_0'}, {'STAY_0_0'}, {'N_0_1'}, {'N_0_1'}, {'N_0_1'}]",0.14918740299540612,131,0.8396946564885496,0.9688331432915241,5262
"[{'NE_1_1'}, {'N_0_1'}, {'E_1_0'}, {'N_0_1'}, {'STAY_0_0'}, {'E_1_0'}, {'W_1_0'}, {'W_1_0'}]",0.14831467838971468,124,0.8870967741935484,0.9688331432915241,5262
"[{'N_0_1'}, {'N_0_1'}, {'N_0_1'}, {'N_0_1'}, {'NW_1_1'}, {'W_1_0'}, {'W_1_0'}, {'W_1_0'}, {'S_0_1'}, {'S_0_1'}, {'S_0_1'}]",0.147609929765127,158,0.8544303797468354,0.9688331432915241,5262
"[{'E_1_0'}, {'E_1_0'}, {'E_1_0'}, {'E_1_0'}, {'E_1_0'}, {'N_0_1'}, {'NE_1_1'}, {'N_0_1'}, {'NW_1_1'}, {'W_1_0'}, {'W_1_0'}, {'STAY_0_0'}]",0.14665803924081477,101,0.8316831683168316,0.9688331432915241,5262
"[{'E_1_0'}, {'E_1_0'}, {'N_0_1'}, {'N_0_1'}, {'N_0_1'}, {'N_0_1'}, {'NW_1_1'}, {'E_1_0'}, {'S_0_1'}]",0.1459995322455212,269,0.8884758364312267,0.9688331432915241,5262
"[{'NE_1_1'}, {'E_1_0'}, {'E_1_0'}, {'E_1_0'}, {'W_1_0'}, {'E_1_0'}, {'E_1_0'}, {'N_0_1'}]",0.14587312520145956,432,0.9097222222222222,0.9688331432915241,5262
"[{'NE_1_1'}, {'E_1_0'}, {'S_0_1'}, {'E_1_0'}, {'E_1_0'}, {'N_0_1'}, {'N_0_1'}, {'N_0_1'}]",0.14555014222571105,380,0.9078947368421053,0.9688331432915241,5262
"[{'NE_1_1'}, {'E_1_0'}, {'NE_1_1'}, {'E_1_0'}, {'NE_1_1'}, {'N_0_1'}, {'E_1_0'}, {'N_0_1'}, {'N_0_1'}, {'W_1_0'}, {'W_1_0'}]",0.1452379836008496,117,0.8461538461538461,0.9688331432915241,5262
"[{'E_1_0'}, {'E_1_0'}, {'E_1_0'}, {'N_0_1'}, {'E_1_0'}, {'N_0_1'}, {'W_1_0'}, {'E_1_0'}]",0.14501987485633594,407,0.9090909090909091,0.9688331432915241,5262
"[{'N_0_1'}, {'N_0_1'}, {'NE_1_1'}, {'NE_1_1'}, {'E_1_0'}, {'S_0_1'}, {'S_0_1'}, {'S_0_1'}]",0.1447833003995771,218,0.8990825688073395,0.9688331432915241,5262
"[{'N_0_1'}, {'N_0_1'}, {'N_0_1'}, {'N_0_1'}, {'E_1_0'}, {'W_1_0'}, {'W_1_0'}, {'E_1_0'}, {'E_1_0'}]",0.14451989720142522,125,0.872,0.9688331432915241,5262
"[{'NE_1_1'}, {'E_1_0'}, {'E_1_0'}, {'E_1_0'}, {'N_0_1'}, {'NW_1_1'}, {'N_0_1'}, {'N_0_1'}, {'N_0_1'}, {'W_1_0'}]",0.14398965233982608,111,0.8558558558558559,0.9688331432915241,5262
"[{'NE_1_1'}, {'NE_1_1'}, {'E_1_0'}, {'W_1_0'}, {'W_1_0'}, {'STAY_0_0'}, {'E_1_0'}, {'W_1_0'}, {'W_1_0'}]",0.14294472639545197,228,0.8859649122807017,0.9688331432915241,5262
"[{'NE_1_1'}, {'E_1_0'}, {'S_0_1'}, {'S_0_1'}, {'W_1_0'}, {'E_1_0'}, {'N_0_1'}, {'N_0_1'}]",0.14289856897283437,464,0.9116379310344828,0.9688331432915241,5262
"[{'NE_1_1'}, {'N_0_1'}, {'E_1_0'}, {'N_0_1'}, {'E_1_0'}, {'E_1_0'}, {'E_1_0'}, {'S_0_1'}, {'W_1_0'}, {'W_1_0'}]",0.14248594192910402,147,0.8639455782312925,0.9688331432915241,5262
"[{'E_1_0'}, {'E_1_0'}, {'N_0_1'}, {'E_1_0'}, {'NE_1_1'}, {'S_0_1'}, {'E_1_0'}, {'S_0_1'}, {'W_1_0'}]",0.14206838350953344,126,0.873015873015873,0.9688331432915241,5262
"[{'NE_1_1'}, {'E_1_0'}, {'NE_1_1'}, {'N_0_1'}, {'N_0_1'}, {'N_0_1'}, {'N_0_1'}, {'E_1_0'}, {'W_1_0'}, {'W_1_0'}]",0.141883809828089,194,0.8711340206185567,0.9688331432915241,5262
"[{'NE_1_1'}, {'NE_1_1'}, {'NE_1_1'}, {'E_1_0'}, {'NE_1_1'}, {'E_1_0'}, {'S_0_1'}, {'S_0_1'}, {'S_0_1'}]",0.14167151847229265,107,0.8691588785046729,0.9688331432915241,5262
"[{'S_0_1'}, {'W_1_0'}, {'W_1_0'}, {'W_1_0'}, {'SW_1_1'}, {'STAY_0_0'}, {'E_1_0'}, {'N_0_1'}, {'N_0_1'}]",0.1415081037192103,295,0.8915254237288136,0.9688331432915241,5262
"[{'NE_1_1'}, {'NE_1_1'}, {'E_1_0'}, {'S_0_1'}, {'W_1_0'}, {'W_1_0'}, {'N_0_1'}, {'N_0_1'}, {'N_0_1'}]",0.14110089934694803,262,0.8893129770992366,0.9688331432915241,5262
"[{'N_0_1'}, {'N_0_1'}, {'E_1_0'}, {'E_1_0'}, {'NE_1_1'}, {'E_1_0'}, {'S_0_1'}, {'W_1_0'}, {'W_1_0'}]",0.1410144454826393,208,0.8846153846153846,0.9688331432915241,5262
"[{'E_1_0'}, {'N_0_1'}, {'E_1_0'}, {'NE_1_1'}, {'E_1_0'}, {'W_1_0'}, {'W_1_0'}, {'STAY_0_0'}]",0.14062858992111116,284,0.9049295774647887,0.9688331432915241,5262
"[{'N_0_1'}, {'N_0_1'}, {'N_0_1'}, {'N_0_1'}, {'N_0_1'}, {'N_0_1'}, {'E_1_0'}, {'STAY_0_0'}]",0.14021086431720453,310,0.9064516129032258,0.9688331432915241,5262
"[{'E_1_0'}, {'NE_1_1'}, {'E_1_0'}, {'E_1_0'}, {'E_1_0'}, {'NE_1_1'}, {'N_0_1'}, {'N_0_1'}, {'N_0_1'}, {'STAY_0_0'}]",0.13987817178203588,195,0.8717948717948718,0.9688331432915241,5262
"[{'N_0_1'}, {'N_0_1'}, {'N_0_1'}, {'N_0_1'}, {'N_0_1'}, {'N_0_1'}, {'N_0_1'}, {'E_1_0'}, {'N_0_1'}, {'STAY_0_0'}]",0.13955483940592472,130,0.8615384615384616,0.9688331432915241,5262
"[{'N_0_1'}, {'N_0_1'}, {'NE_1_1'}, {'E_1_0'}, {'E_1_0'}, {'S_0_1'}, {'S_0_1'}, {'S_0_1'}]",0.13945292448218172,311,0.9067524115755627,0.9688331432915241,5262
"[{'NE_1_1'}, {'N_0_1'}, {'N_0_1'}, {'N_0_1'}, {'N_0_1'}, {'N_0_1'}, {'NW_1_1'}, {'SW_1_1'}, {'S_0_1'}, {'S_0_1'}]",0.1373000852947619,113,0.8584070796460177,0.9688331432915241,5262
"[{'N_0_1'}, {'N_0_1'}, {'N_0_1'}, {'E_1_0'}, {'N_0_1'}, {'E_1_0'}, {'S_0_1'}, {'W_1_0'}]",0.13729639311405384,340,0.9088235294117647,0.9688331432915241,5262
"[{'E_1_0'}, {'E_1_0'}, {'S_0_1'}, {'S_0_1'}, {'W_1_0'}, {'STAY_0_0'}, {'E_1_0'}, {'E_1_0'}, {'N_0_1'}, {'N_0_1'}, {'N_0_1'}, {'W_1_0'}]",0.13721529110605024,192,0.8541666666666666,0.9688331432915241,5262
"[{'E_1_0'}, {'E_1_0'}, {'E_1_0'}, {'W_1_0'}, {'W_1_0'}, {'SW_1_1'}, {'STAY_0_0'}, {'E_1_0'}]",0.13683424815196787,645,0.9178294573643411,0.9688331432915241,5262
"[{'E_1_0'}, {'W_1_0'}, {'W_1_0'}, {'W_1_0'}, {'W_1_0'}, {'W_1_0'}, {'E_1_0'}, {'STAY_0_0'}]",0.13652265066574032,546,0.9157509157509157,0.9688331432915241,5262
"[{'N_0_1'}, {'N_0_1'}, {'E_1_0'}, {'S_0_1'}, {'S_0_1'}, {'S_0_1'}, {'S_0_1'}, {'W_1_0'}]",0.13513725529942744,479,0.9144050104384134,0.9688331432915241,5262
"[{'E_1_0'}, {'E_1_0'}, {'E_1_0'}, {'E_1_0'}, {'E_1_0'}, {'NE_1_1'}, {'E_1_0'}, {'STAY_0_0'}]",0.1343686779126565,637,0.9183673469387755,0.9688331432915241,5262
"[{'NE_1_1'}, {'E_1_0'}, {'E_1_0'}, {'E_1_0'}, {'N_0_1'}, {'N_0_1'}, {'N_0_1'}, {'E_1_0'}]",0.13374093987785374,524,0.916030534351145,0.9688331432915241,5262
"[{'N_0_1'}, {'N_0_1'}, {'E_1_0'}, {'NE_1_1'}, {'W_1_0'}, {'W_1_0'}, {'S_0_1'}, {'E_1_0'}, {'E_1_0'}]",0.13354288516931567,110,0.8727272727272727,0.9688331432915241,5262
"[{'NE_1_1'}, {'E_1_0'}, {'NE_1_1'}, {'S_0_1'}, {'W_1_0'}, {'W_1_0'}, {'W_1_0'}, {'E_1_0'}, {'N_0_1'}, {'N_0_1'}, {'N_0_1'}]",0.13353905455915793,137,0.8540145985401459,0.9688331432915241,5262
"[{'E_1_0'}, {'N_0_1'}, {'N_0_1'}, {'E_1_0'}, {'N_0_1'}, {'N_0_1'}, {'N_0_1'}, {'STAY_0_0'}]",0.13325235112334555,400,0.9125,0.9688331432915241,5262
"[{'E_1_0'}, {'E_1_0'}, {'N_0_1'}, {'W_1_0'}, {'W_1_0'}, {'W_1_0'}, {'W_1_0'}, {'STAY_0_0'}, {'E_1_0'}]",0.13315468414580478,280,0.8928571428571429,0.9688331432915241,5262
"[{'N_0_1'}, {'N_0_1'}, {'N_0_1'}, {'NE_1_1'}, {'W_1_0'}, {'W_1_0'}, {'S_0_1'}, {'S_0_1'}]",0.13282404036998308,307,0.9087947882736156,0.9688331432915241,5262
"[{'E_1_0'}, {'E_1_0'}, {'E_1_0'}, {'W_1_0'}, {'W_1_0'}, {'W_1_0'}, {'SW_1_1'}, {'W_1_0'}, {'STAY_0_0'}, {'E_1_0'}]",0.13255962296258972,311,0.8842443729903537,0.9688331432915241,5262
"[{'E_1_0'}, {'N_0_1'}, {'E_1_0'}, {'NE_1_1'}, {'W_1_0'}, {'W_1_0'}, {'S_0_1'}, {'SE_1_1'}]",0.13213445680111524,169,0.8994082840236687,0.9688331432915241,5262
"[{'NE_1_1'}, {'E_1_0'}, {'E_1_0'}, {'S_0_1'}, {'W_1_0'}, {'W_1_0'}, {'N_0_1'}, {'N_0_1'}]",0.13208958151827999,585,0.9179487179487179,0.9688331432915241,5262
"[{'NE_1_1'}, {'E_1_0'}, {'NE_1_1'}, {'NE_1_1'}, {'E_1_0'}, {'S_0_1'}, {'E_1_0'}, {'E_1_0'}]",0.13143015325899576,100,0.89,0.9688331432915241,5262
"[{'NE_1_1'}, {'N_0_1'}, {'E_1_0'}, {'N_0_1'}, {'E_1_0'}, {'E_1_0'}, {'E_1_0'}, {'W_1_0'}]",0.13137485113129166,349,0.9111747851002865,0.9688331432915241,5262
"[{'E_1_0'}, {'E_1_0'}, {'E_1_0'}, {'N_0_1'}, {'E_1_0'}, {'N_0_1'}, {'N_0_1'}, {'N_0_1'}, {'W_1_0'}, {'STAY_0_0'}]",0.13131403373876638,312,0.8846153846153846,0.9688331432915241,5262
"[{'N_0_1'}, {'N_0_1'}, {'E_1_0'}, {'SE_1_1'}, {'S_0_1'}, {'S_0_1'}, {'E_1_0'}, {'S_0_1'}, {'W_1_0'}]",0.13129788838616363,151,0.8807947019867549,0.9688331432915241,5262
"[{'N_0_1'}, {'N_0_1'}, {'N_0_1'}, {'N_0_1'}, {'N_0_1'}, {'N_0_1'}, {'E_1_0'}, {'S_0_1'}, {'S_0_1'}, {'W_1_0'}]",0.13123612448854705,180,0.8722222222222222,0.9688331432915241,5262
"[{'N_0_1'}, {'N_0_1'}, {'N_0_1'}, {'E_1_0'}, {'NE_1_1'}, {'E_1_0'}, {'S_0_1'}, {'S_0_1'}]",0.1312262098543595,270,0.9074074074074074,0.9688331432915241,5262
"[{'E_1_0'}, {'E_1_0'}, {'E_1_0'}, {'S_0_1'}, {'SW_1_1'}, {'SW_1_1'}, {'SW_1_1'}, {'STAY_0_0'}, {'NE_1_1'}]",0.1309702232056007,172,0.8837209302325582,0.9688331432915241,5262
"[{'NE_1_1'}, {'E_1_0'}, {'S_0_1'}, {'S_0_1'}, {'S_0_1'}, {'SW_1_1'}, {'S_0_1'}, {'STAY_0_0'}, {'NE_1_1'}]",0.1309702232056007,172,0.8837209302325582,0.9688331432915241,5262
"[{'E_1_0'}, {'E_1_0'}, {'SE_1_1'}, {'S_0_1'}, {'S_0_1'}, {'S_0_1'}, {'W_1_0'}, {'W_1_0'}, {'W_1_0'}, {'SW_1_1'}, {'W_1_0'}, {'STAY_0_0'}, {'E_1_0'}, {'E_1_0'}]",0.13027401821199946,114,0.8245614035087719,0.9688331432915241,5262
"[{'NE_1_1'}, {'E_1_0'}, {'E_1_0'}, {'E_1_0'}, {'W_1_0'}, {'W_1_0'}, {'N_0_1'}, {'N_0_1'}, {'N_0_1'}]",0.13020948654786646,499,0.9038076152304609,0.9688331432915241,5262
"[{'N_0_1'}, {'N_0_1'}, {'E_1_0'}, {'E_1_0'}, {'E_1_0'}, {'S_0_1'}, {'S_0_1'}, {'W_1_0'}]",0.1298874388307244,490,0.9163265306122449,0.9688331432915241,5262
"[{'NE_1_1'}, {'NE_1_1'}, {'SE_1_1'}, {'S_0_1'}, {'S_0_1'}, {'S_0_1'}, {'S_0_1'}, {'NE_1_1'}]",0.12972415858525754,171,0.9005847953216374,0.9688331432915241,5262
"[{'N_0_1'}, {'N_0_1'}, {'N_0_1'}, {'E_1_0'}, {'E_1_0'}, {'E_1_0'}, {'S_0_1'}, {'S_0_1'}, {'W_1_0'}]",0.12834761369795933,296,0.8952702702702703,0.9688331432915241,5262
"[{'NE_1_1'}, {'NE_1_1'}, {'E_1_0'}, {'E_1_0'}, {'W_1_0'}, {'STAY_0_0'}, {'W_1_0'}, {'W_1_0'}]",0.12748506208000276,369,0.9132791327913279,0.9688331432915241,5262
"[{'W_1_0'}, {'W_1_0'}, {'SW_1_1'}, {'STAY_0_0'}, {'NE_1_1'}, {'N_0_1'}, {'N_0_1'}, {'N_0_1'}]",0.1272917911370306,342,0.9122807017543859,0.9688331432915241,5262
"[{'N_0_1'}, {'N_0_1'}, {'E_1_0'}, {'E_1_0'}, {'S_0_1'}, {'SW_1_1'}, {'W_1_0'}, {'W_1_0'}]",0.12633282011989289,371,0.9137466307277629,0.9688331432915241,5262
"[{'N_0_1'}, {'N_0_1'}, {'N_0_1'}, {'N_0_1'}, {'E_1_0'}, {'E_1_0'}, {'S_0_1'}, {'W_1_0'}, {'W_1_0'}]",0.12616085350887596,275,0.8945454545454545,0.9688331432915241,5262
"[{'E_1_0'}, {'E_1_0'}, {'E_1_0'}, {'N_0_1'}, {'N_0_1'}, {'N_0_1'}, {'E_1_0'}, {'N_0_1'}, {'N_0_1'}, {'STAY_0_0'}]",0.12530499763756364,233,0.8798283261802575,0.9688331432915241,5262
"[{'N_0_1'}, {'N_0_1'}, {'N_0_1'}, {'NE_1_1'}, {'S_0_1'}, {'W_1_0'}, {'W_1_0'}, {'W_1_0'}, {'W_1_0'}]",0.1248913648264025,144,0.8819444444444444,0.9688331432915241,5262
"[{'NE_1_1'}, {'E_1_0'}, {'N_0_1'}, {'N_0_1'}, {'N_0_1'}, {'N_0_1'}, {'N_0_1'}, {'N_0_1'}, {'N_0_1'}, {'W_1_0'}, {'S_0_1'}]",0.12392165350962503,280,0.875,0.9688331432915241,5262
"[{'NE_1_1'}, {'N_0_1'}, {'N_0_1'}, {'N_0_1'}, {'N_0_1'}, {'N_0_1'}, {'N_0_1'}, {'N_0_1'}, {'N_0_1'}, {'S_0_1'}, {'S_0_1'}, {'S_0_1'}]",0.12244242580820242,114,0.8421052631578947,0.9688331432915241,5262
"[{'E_1_0'}, {'E_1_0'}, {'E_1_0'}, {'W_1_0'}, {'W_1_0'}, {'W_1_0'}, {'W_1_0'}, {'W_1_0'}, {'W_1_0'}, {'SW_1_1'}, {'STAY_0_0'}, {'E_1_0'}]",0.1223422920367323,122,0.8442622950819673,0.9688331432915241,5262
"[{'S_0_1'}, {'S_0_1'}, {'W_1_0'}, {'W_1_0'}, {'SW_1_1'}, {'STAY_0_0'}, {'E_1_0'}, {'NE_1_1'}]",0.1218123596424946,436,0.9174311926605505,0.9688331432915241,5262
"[{'E_1_0'}, {'E_1_0'}, {'E_1_0'}, {'N_0_1'}, {'E_1_0'}, {'NE_1_1'}, {'E_1_0'}, {'S_0_1'}]",0.12143565365378794,394,0.916243654822335,0.9688331432915241,5262
"[{'E_1_0'}, {'E_1_0'}, {'E_1_0'}, {'N_0_1'}, {'N_0_1'}, {'E_1_0'}, {'STAY_0_0'}, {'E_1_0'}]",0.12126314377442504,297,0.9124579124579124,0.9688331432915241,5262
"[{'E_1_0'}, {'E_1_0'}, {'NE_1_1'}, {'E_1_0'}, {'NE_1_1'}, {'N_0_1'}, {'N_0_1'}, {'E_1_0'}, {'S_0_1'}]",0.12038397412323654,157,0.8853503184713376,0.9688331432915241,5262
"[{'N_0_1'}, {'N_0_1'}, {'NW_1_1'}, {'S_0_1'}, {'E_1_0'}, {'S_0_1'}, {'S_0_1'}, {'S_0_1'}]",0.12024602674554008,118,0.8983050847457628,0.9688331432915241,5262
"[{'N_0_1'}, {'N_0_1'}, {'E_1_0'}, {'E_1_0'}, {'S_0_1'}, {'E_1_0'}, {'S_0_1'}, {'SW_1_1'}, {'W_1_0'}]",0.11978142572483941,201,0.8905472636815921,0.9688331432915241,5262
"[{'E_1_0'}, {'NE_1_1'}, {'E_1_0'}, {'E_1_0'}, {'N_0_1'}, {'N_0_1'}, {'N_0_1'}, {'W_1_0'}, {'STAY_0_0'}]",0.11957038456076596,258,0.8953488372093024,0.9688331432915241,5262
"[{'N_0_1'}, {'N_0_1'}, {'N_0_1'}, {'S_0_1'}, {'SE_1_1'}, {'S_0_1'}, {'SW_1_1'}, {'W_1_0'}]",0.11917557781146848,143,0.9020979020979021,0.9688331432915241,5262
"[{'NE_1_1'}, {'N_0_1'}, {'S_0_1'}, {'S_0_1'}, {'W_1_0'}, {'S_0_1'}, {'W_1_0'}, {'W_1_0'}]",0.11910149895845945,273,0.9120879120879121,0.9688331432915241,5262
"[{'N_0_1'}, {'N_0_1'}, {'N_0_1'}, {'E_1_0'}, {'E_1_0'}, {'E_1_0'}, {'S_0_1'}, {'S_0_1'}]",0.11903072719677754,442,0.918552036199095,0.9688331432915241,5262
"[{'N_0_1'}, {'N_0_1'}, {'NE_1_1'}, {'E_1_0'}, {'S_0_1'}, {'W_1_0'}, {'SE_1_1'}, {'S_0_1'}]",0.11893705361044105,107,0.897196261682243,0.9688331432915241,5262
"[{'E_1_0'}, {'E_1_0'}, {'E_1_0'}, {'E_1_0'}, {'N_0_1'}, {'E_1_0'}, {'N_0_1'}, {'W_1_0'}, {'E_1_0'}]",0.11808009794336927,355,0.9014084507042254,0.9688331432915241,5262
"[{'E_1_0'}, {'NE_1_1'}, {'N_0_1'}, {'N_0_1'}, {'N_0_1'}, {'N_0_1'}, {'N_0_1'}, {'W_1_0'}, {'W_1_0'}, {'E_1_0'}]",0.11797590279717174,280,0.8857142857142857,0.9688331432915241,5262
"[{'E_1_0'}, {'E_1_0'}, {'NE_1_1'}, {'NE_1_1'}, {'E_1_0'}, {'N_0_1'}, {'NE_1_1'}, {'E_1_0'}, {'W_1_0'}]",0.11743551948246433,127,0.8818897637795275,0.9688331432915241,5262
"[{'NE_1_1'}, {'NE_1_1'}, {'E_1_0'}, {'E_1_0'}, {'E_1_0'}, {'NE_1_1'}, {'W_1_0'}, {'SW_1_1'}]",0.11732691870408019,235,0.9106382978723404,0.9688331432915241,5262
"[{'NE_1_1'}, {'E_1_0'}, {'NE_1_1'}, {'N_0_1'}, {'NE_1_1'}, {'N_0_1'}, {'N_0_1'}, {'W_1_0'}, {'S_0_1'}]",0.11699889332156443,159,0.8867924528301887,0.9688331432915241,5262
"[{'NE_1_1'}, {'E_1_0'}, {'E_1_0'}, {'E_1_0'}, {'E_1_0'}, {'E_1_0'}, {'NE_1_1'}, {'W_1_0'}, {'W_1_0'}, {'W_1_0'}, {'W_1_0'}]",0.11667300575501849,255,0.8745098039215686,0.9688331432915241,5262
"[{'E_1_0'}, {'E_1_0'}, {'E_1_0'}, {'W_1_0'}, {'STAY_0_0'}, {'E_1_0'}, {'NE_1_1'}, {'N_0_1'}, {'N_0_1'}, {'N_0_1'}, {'W_1_0'}, {'W_1_0'}]",0.11624933354289224,174,0.8563218390804598,0.9688331432915241,5262
"[{'N_0_1'}, {'E_1_0'}, {'N_0_1'}, {'NE_1_1'}, {'E_1_0'}, {'E_1_0'}, {'S_0_1'}, {'S_0_1'}]",0.11578017832206855,237,0.9113924050632911,0.9688331432915241,5262
"[{'N_0_1'}, {'N_0_1'}, {'E_1_0'}, {'NE_1_1'}, {'S_0_1'}, {'SW_1_1'}, {'S_0_1'}, {'SE_1_1'}]",0.11577931221025228,109,0.8990825688073395,0.9688331432915241,5262
"[{'E_1_0'}, {'E_1_0'}, {'E_1_0'}, {'N_0_1'}, {'E_1_0'}, {'E_1_0'}, {'W_1_0'}, {'S_0_1'}, {'S_0_1'}, {'E_1_0'}]",0.11573091168985661,188,0.8776595744680851,0.9688331432915241,5262
"[{'E_1_0'}, {'E_1_0'}, {'NE_1_1'}, {'E_1_0'}, {'SW_1_1'}, {'W_1_0'}, {'STAY_0_0'}, {'E_1_0'}]",0.11535879265115923,363,0.9173553719008265,0.9688331432915241,5262
"[{'E_1_0'}, {'E_1_0'}, {'N_0_1'}, {'N_0_1'}, {'W_1_0'}, {'W_1_0'}, {'W_1_0'}, {'W_1_0'}, {'E_1_0'}]",0.11525179970931987,334,0.9011976047904192,0.9688331432915241,5262
"[{'E_1_0'}, {'E_1_0'}, {'E_1_0'}, {'SW_1_1'}, {'W_1_0'}, {'S_0_1'}, {'STAY_0_0'}, {'E_1_0'}, {'E_1_0'}]",0.1151057342907198,274,0.8978102189781022,0.9688331432915241,5262
"[{'N_0_1'}, {'NE_1_1'}, {'N_0_1'}, {'E_1_0'}, {'E_1_0'}, {'S_0_1'}, {'S_0_1'}, {'W_1_0'}]",0.11499159730338793,198,0.9090909090909091,0.9688331432915241,5262
"[{'N_0_1'}, {'N_0_1'}, {'N_0_1'}, {'N_0_1'}, {'NW_1_1'}, {'W_1_0'}, {'W_1_0'}, {'S_0_1'}, {'S_0_1'}]",0.11496241030605703,298,0.8993288590604027,0.9688331432915241,5262
"[{'E_1_0'}, {'E_1_0'}, {'S_0_1'}, {'S_0_1'}, {'W_1_0'}, {'W_1_0'}, {'W_1_0'}, {'W_1_0'}, {'SW_1_1'}, {'STAY_0_0'}, {'E_1_0'}]",0.11487754978203046,296,0.8783783783783784,0.9688331432915241,5262
"[{'E_1_0'}, {'N_0_1'}, {'N_0_1'}, {'N_0_1'}, {'N_0_1'}, {'N_0_1'}, {'W_1_0'}, {'W_1_0'}, {'S_0_1'}]",0.11390568979173299,660,0.9121212121212121,0.9688331432915241,5262
"[{'NE_1_1'}, {'E_1_0'}, {'W_1_0'}, {'W_1_0'}, {'W_1_0'}, {'S_0_1'}, {'E_1_0'}, {'STAY_0_0'}]",0.11330393626609703,254,0.9133858267716536,0.9688331432915241,5262
"[{'N_0_1'}, {'N_0_1'}, {'E_1_0'}, {'N_0_1'}, {'NE_1_1'}, {'E_1_0'}, {'E_1_0'}, {'W_1_0'}]",0.11316937954525064,268,0.914179104477612,0.9688331432915241,5262
"[{'E_1_0'}, {'E_1_0'}, {'N_0_1'}, {'N_0_1'}, {'N_0_1'}, {'N_0_1'}, {'N_0_1'}, {'W_1_0'}, {'W_1_0'}, {'W_1_0'}, {'S_0_1'}, {'S_0_1'}, {'S_0_1'}]",0.11300896961951246,156,0.8461538461538461,0.9688331432915241,5262
"[{'E_1_0'}, {'SW_1_1'}, {'W_1_0'}, {'W_1_0'}, {'W_1_0'}, {'E_1_0'}, {'STAY_0_0'}, {'W_1_0'}]",0.11259770989108131,311,0.9163987138263665,0.9688331432915241,5262
"[{'E_1_0'}, {'E_1_0'}, {'E_1_0'}, {'E_1_0'}, {'E_1_0'}, {'NE_1_1'}, {'E_1_0'}, {'STAY_0_0'}, {'W_1_0'}]",0.11196388806926638,426,0.9061032863849765,0.9688331432915241,5262
"[{'E_1_0'}, {'E_1_0'}, {'E_1_0'}, {'W_1_0'}, {'W_1_0'}, {'W_1_0'}, {'W_1_0'}, {'W_1_0'}, {'E_1_0'}, {'STAY_0_0'}]",0.11102450089638771,444,0.8963963963963963,0.9688331432915241,5262
"[{'NE_1_1'}, {'E_1_0'}, {'E_1_0'}, {'W_1_0'}, {'W_1_0'}, {'SW_1_1'}, {'N_0_1'}, {'N_0_1'}, {'N_0_1'}]",0.11070590631870136,352,0.9034090909090909,0.9688331432915241,5262
"[{'N_0_1'}, {'N_0_1'}, {'N_0_1'}, {'N_0_1'}, {'N_0_1'}, {'N_0_1'}, {'W_1_0'}, {'W_1_0'}, {'E_1_0'}]",0.11048493858711683,390,0.9051282051282051,0.9688331432915241,5262
"[{'W_1_0'}, {'W_1_0'}, {'W_1_0'}, {'W_1_0'}, {'W_1_0'}, {'W_1_0'}, {'STAY_0_0'}, {'E_1_0'}, {'E_1_0'}, {'N_0_1'}, {'N_0_1'}, {'W_1_0'}, {'W_1_0'}]",0.10969213858794968,125,0.84,0.9688331432915241,5262
"[{'E_1_0'}, {'NE_1_1'}, {'N_0_1'}, {'E_1_0'}, {'N_0_1'}, {'N_0_1'}, {'N_0_1'}, {'E_1_0'}, {'S_0_1'}]",0.10962590059404154,186,0.8924731182795699,0.9688331432915241,5262
"[{'E_1_0'}, {'E_1_0'}, {'E_1_0'}, {'N_0_1'}, {'N_0_1'}, {'N_0_1'}, {'N_0_1'}, {'N_0_1'}, {'N_0_1'}, {'N_0_1'}, {'W_1_0'}, {'STAY_0_0'}]",0.10956071118528776,249,0.8674698795180723,0.9688331432915241,5262
"[{'N_0_1'}, {'N_0_1'}, {'NE_1_1'}, {'E_1_0'}, {'NE_1_1'}, {'E_1_0'}, {'S_0_1'}, {'W_1_0'}]",0.1082766207100343,206,0.912621359223301,0.9688331432915241,5262
"[{'NE_1_1'}, {'E_1_0'}, {'E_1_0'}, {'E_1_0'}, {'NE_1_1'}, {'E_1_0'}, {'W_1_0'}, {'W_1_0'}, {'STAY_0_0'}, {'E_1_0'}]",0.10819524850540407,123,0.8699186991869918,0.9688331432915241,5262
"[{'N_0_1'}, {'N_0_1'}, {'E_1_0'}, {'E_1_0'}, {'E_1_0'}, {'E_1_0'}, {'W_1_0'}, {'STAY_0_0'}, {'E_1_0'}]",0.10772049482360524,132,0.8863636363636364,0.9688331432915241,5262
"[{'NE_1_1'}, {'E_1_0'}, {'E_1_0'}, {'N_0_1'}, {'E_1_0'}, {'NE_1_1'}, {'E_1_0'}, {'W_1_0'}, {'W_1_0'}, {'S_0_1'}]",0.10701248214312775,114,0.868421052631579,0.9688331432915241,5262
"[{'E_1_0'}, {'E_1_0'}, {'E_1_0'}, {'E_1_0'}, {'W_1_0'}, {'W_1_0'}, {'STAY_0_0'}, {'E_1_0'}, {'N_0_1'}, {'N_0_1'}, {'N_0_1'}]",0.10665956345837468,333,0.8828828828828829,0.9688331432915241,5262
"[{'NE_1_1'}, {'E_1_0'}, {'E_1_0'}, {'N_0_1'}, {'N_0_1'}, {'N_0_1'}, {'N_0_1'}, {'N_0_1'}, {'N_0_1'}, {'E_1_0'}, {'W_1_0'}, {'W_1_0'}, {'W_1_0'}]",0.10645084258874771,158,0.8481012658227848,0.9688331432915241,5262
"[{'NE_1_1'}, {'E_1_0'}, {'NE_1_1'}, {'NE_1_1'}, {'E_1_0'}, {'E_1_0'}, {'E_1_0'}, {'S_0_1'}, {'W_1_0'}]",0.1060389342662893,166,0.891566265060241,0.9688331432915241,5262
"[{'NE_1_1'}, {'E_1_0'}, {'N_0_1'}, {'E_1_0'}, {'S_0_1'}, {'S_0_1'}, {'S_0_1'}, {'S_0_1'}, {'W_1_0'}, {'W_1_0'}]",0.10584844855440712,268,0.8880597014925373,0.9688331432915241,5262
"[{'NE_1_1'}, {'E_1_0'}, {'N_0_1'}, {'E_1_0'}, {'E_1_0'}, {'E_1_0'}, {'E_1_0'}, {'W_1_0'}, {'W_1_0'}]",0.10508142666893638,450,0.9088888888888889,0.9688331432915241,5262
"[{'N_0_1'}, {'N_0_1'}, {'N_0_1'}, {'E_1_0'}, {'SE_1_1'}, {'S_0_1'}, {'W_1_0'}, {'W_1_0'}, {'W_1_0'}]",0.10504796186822674,178,0.8932584269662921,0.9688331432915241,5262
"[{'N_0_1'}, {'N_0_1'}, {'E_1_0'}, {'E_1_0'}, {'E_1_0'}, {'E_1_0'}, {'S_0_1'}, {'S_0_1'}, {'W_1_0'}]",0.10498632354520243,411,0.9075425790754258,0.9688331432915241,5262
"[{'N_0_1'}, {'N_0_1'}, {'N_0_1'}, {'N_0_1'}, {'N_0_1'}, {'N_0_1'}, {'N_0_1'}, {'W_1_0'}, {'S_0_1'}]",0.1037604187899892,642,0.9143302180685359,0.9688331432915241,5262
"[{'E_1_0'}, {'E_1_0'}, {'E_1_0'}, {'E_1_0'}, {'N_0_1'}, {'N_0_1'}, {'N_0_1'}, {'N_0_1'}, {'E_1_0'}, {'STAY_0_0'}]",0.1033901891659379,281,0.8896797153024911,0.9688331432915241,5262
"[{'NE_1_1'}, {'N_0_1'}, {'N_0_1'}, {'N_0_1'}, {'N_0_1'}, {'N_0_1'}, {'N_0_1'}, {'N_0_1'}, {'W_1_0'}, {'W_1_0'}, {'S_0_1'}]",0.10320399331986252,400,0.8875,0.9688331432915241,5262
"[{'E_1_0'}, {'S_0_1'}, {'W_1_0'}, {'SW_1_1'}, {'STAY_0_0'}, {'E_1_0'}, {'E_1_0'}, {'N_0_1'}, {'N_0_1'}, {'N_0_1'}]",0.10258195911527546,238,0.8865546218487395,0.9688331432915241,5262
"[{'N_0_1'}, {'N_0_1'}, {'E_1_0'}, {'S_0_1'}, {'S_0_1'}, {'S_0_1'}, {'S_0_1'}, {'S_0_1'}, {'E_1_0'}, {'S_0_1'}, {'S_0_1'}, {'SW_1_1'}]",0.10198053939726948,136,0.8529411764705882,0.9688331432915241,5262
"[{'N_0_1'}, {'N_0_1'}, {'S_0_1'}, {'S_0_1'}, {'W_1_0'}, {'E_1_0'}, {'S_0_1'}, {'S_0_1'}]",0.10153480561807948,187,0.9144385026737968,0.9688331432915241,5262
"[{'NE_1_1'}, {'NE_1_1'}, {'N_0_1'}, {'E_1_0'}, {'N_0_1'}, {'E_1_0'}, {'W_1_0'}, {'S_0_1'}]",0.1007518007019278,188,0.9148936170212766,0.9688331432915241,5262
"[{'E_1_0'}, {'NE_1_1'}, {'E_1_0'}, {'N_0_1'}, {'E_1_0'}, {'S_0_1'}, {'S_0_1'}, {'W_1_0'}, {'W_1_0'}]",0.10026317289566833,205,0.8975609756097561,0.9688331432915241,5262
"[{'NE_1_1'}, {'N_0_1'}, {'N_0_1'}, {'N_0_1'}, {'N_0_1'}, {'N_0_1'}, {'N_0_1'}, {'N_0_1'}, {'N_0_1'}, {'W_1_0'}, {'S_0_1'}]",0.10014824220695784,349,0.8853868194842407,0.9688331432915241,5262
"[{'N_0_1'}, {'N_0_1'}, {'N_0_1'}, {'N_0_1'}, {'N_0_1'}, {'N_0_1'}, {'N_0_1'}, {'N_0_1'}, {'N_0_1'}, {'STAY_0_0'}]",0.0998823137746413,240,0.8875,0.9688331432915241,5262
"[{'NE_1_1'}, {'E_1_0'}, {'E_1_0'}, {'E_1_0'}, {'W_1_0'}, {'W_1_0'}, {'SW_1_1'}, {'STAY_0_0'}, {'E_1_0'}, {'W_1_0'}]",0.09974152762564226,251,0.8884462151394422,0.9688331432915241,5262
"[{'N_0_1'}, {'E_1_0'}, {'NE_1_1'}, {'W_1_0'}, {'SW_1_1'}, {'W_1_0'}, {'W_1_0'}, {'E_1_0'}]",0.09863726372348247,205,0.9170731707317074,0.9688331432915241,5262
"[{'N_0_1'}, {'N_0_1'}, {'N_0_1'}, {'S_0_1'}, {'SE_1_1'}, {'S_0_1'}, {'S_0_1'}, {'S_0_1'}, {'S_0_1'}]",0.09845104890361722,183,0.8961748633879781,0.9688331432915241,5262
"[{'NE_1_1'}, {'E_1_0'}, {'E_1_0'}, {'NE_1_1'}, {'E_1_0'}, {'E_1_0'}, {'W_1_0'}, {'W_1_0'}, {'STAY_0_0'}]",0.0982472843188833,280,0.9035714285714286,0.9688331432915241,5262
"[{'NE_1_1'}, {'E_1_0'}, {'N_0_1'}, {'W_1_0'}, {'W_1_0'}, {'W_1_0'}, {'W_1_0'}, {'W_1_0'}, {'W_1_0'}, {'STAY_0_0'}]",0.09660342678186495,168,0.8809523809523809,0.9688331432915241,5262
"[{'N_0_1'}, {'N_0_1'}, {'N_0_1'}, {'E_1_0'}, {'E_1_0'}, {'E_1_0'}, {'S_0_1'}, {'W_1_0'}, {'W_1_0'}]",0.09647084161229347,333,0.9069069069069069,0.9688331432915241,5262
"[{'E_1_0'}, {'E_1_0'}, {'E_1_0'}, {'E_1_0'}, {'E_1_0'}, {'N_0_1'}, {'NW_1_1'}, {'E_1_0'}, {'S_0_1'}, {'W_1_0'}]",0.0961302211531252,158,0.879746835443038,0.9688331432915241,5262
"[{'NE_1_1'}, {'E_1_0'}, {'E_1_0'}, {'E_1_0'}, {'E_1_0'}, {'W_1_0'}, {'W_1_0'}, {'N_0_1'}, {'N_0_1'}]",0.0960199963480809,507,0.9132149901380671,0.9688331432915241,5262
"[{'E_1_0'}, {'E_1_0'}, {'E_1_0'}, {'W_1_0'}, {'SW_1_1'}, {'W_1_0'}, {'W_1_0'}, {'STAY_0_0'}, {'E_1_0'}, {'E_1_0'}]",0.09573667248601103,345,0.8956521739130435,0.9688331432915241,5262
"[{'N_0_1'}, {'E_1_0'}, {'E_1_0'}, {'E_1_0'}, {'E_1_0'}, {'SE_1_1'}, {'S_0_1'}, {'STAY_0_0'}, {'E_1_0'}]",0.09573101659940275,139,0.8920863309352518,0.9688331432915241,5262
"[{'E_1_0'}, {'N_0_1'}, {'N_0_1'}, {'N_0_1'}, {'E_1_0'}, {'E_1_0'}, {'N_0_1'}, {'N_0_1'}, {'STAY_0_0'}]",0.09549009195265645,162,0.8950617283950617,0.9688331432915241,5262
"[{'N_0_1'}, {'N_0_1'}, {'N_0_1'}, {'N_0_1'}, {'N_0_1'}, {'N_0_1'}, {'N_0_1'}, {'S_0_1'}, {'S_0_1'}]",0.09543302235278794,400,0.91,0.9688331432915241,5262
"[{'NE_1_1'}, {'NE_1_1'}, {'S_0_1'}, {'S_0_1'}, {'S_0_1'}, {'W_1_0'}, {'W_1_0'}, {'N_0_1'}, {'N_0_1'}, {'N_0_1'}]",0.09489173805813034,266,0.8909774436090225,0.9688331432915241,5262
"[{'N_0_1'}, {'N_0_1'}, {'E_1_0'}, {'NE_1_1'}, {'SE_1_1'}, {'S_0_1'}, {'W_1_0'}, {'W_1_0'}, {'W_1_0'}]",0.09476319592691862,151,0.8940397350993378,0.9688331432915241,5262
"[{'N_0_1'}, {'N_0_1'}, {'N_0_1'}, {'SE_1_1'}, {'S_0_1'}, {'S_0_1'}, {'SW_1_1'}, {'W_1_0'}]",0.09388391993682332,183,0.9180327868852459,0.9688331432915241,5262
"[{'NE_1_1'}, {'NE_1_1'}, {'E_1_0'}, {'E_1_0'}, {'SE_1_1'}, {'S_0_1'}, {'S_0_1'}, {'SW_1_1'}, {'STAY_0_0'}, {'E_1_0'}]",0.09381674848651489,149,0.8791946308724832,0.9688331432915241,5262
"[{'E_1_0'}, {'E_1_0'}, {'E_1_0'}, {'W_1_0'}, {'W_1_0'}, {'W_1_0'}, {'E_1_0'}, {'N_0_1'}, {'STAY_0_0'}]",0.09354710973793989,430,0.9116279069767442,0.9688331432915241,5262
"[{'N_0_1'}, {'N_0_1'}, {'N_0_1'}, {'N_0_1'}, {'N_0_1'}, {'N_0_1'}, {'N_0_1'}, {'N_0_1'}, {'STAY_0_0'}]",0.09323442415754357,377,0.9098143236074271,0.9688331432915241,5262
"[{'E_1_0'}, {'E_1_0'}, {'E_1_0'}, {'E_1_0'}, {'N_0_1'}, {'E_1_0'}, {'N_0_1'}, {'N_0_1'}, {'STAY_0_0'}, {'W_1_0'}]",0.09242730093433793,396,0.898989898989899,0.9688331432915241,5262
"[{'NE_1_1'}, {'E_1_0'}, {'E_1_0'}, {'E_1_0'}, {'NE_1_1'}, {'STAY_0_0'}, {'S_0_1'}, {'W_1_0'}]",0.09210383043997428,171,0.9181286549707602,0.9688331432915241,5262
"[{'E_1_0'}, {'E_1_0'}, {'N_0_1'}, {'N_0_1'}, {'W_1_0'}, {'W_1_0'}, {'W_1_0'}, {'S_0_1'}, {'S_0_1'}]",0.0918480670836519,406,0.9113300492610837,0.9688331432915241,5262
"[{'E_1_0'}, {'E_1_0'}, {'NE_1_1'}, {'E_1_0'}, {'E_1_0'}, {'E_1_0'}, {'SW_1_1'}, {'STAY_0_0'}, {'E_1_0'}]",0.09182822266775581,275,0.9054545454545454,0.9688331432915241,5262
"[{'E_1_0'}, {'NE_1_1'}, {'E_1_0'}, {'W_1_0'}, {'W_1_0'}, {'W_1_0'}, {'N_0_1'}, {'W_1_0'}, {'W_1_0'}, {'W_1_0'}]",0.09112396279806367,258,0.8914728682170543,0.9688331432915241,5262
"[{'E_1_0'}, {'E_1_0'}, {'NE_1_1'}, {'E_1_0'}, {'E_1_0'}, {'W_1_0'}, {'SW_1_1'}, {'W_1_0'}, {'W_1_0'}, {'STAY_0_0'}, {'E_1_0'}, {'E_1_0'}]",0.0908504038149367,114,0.8508771929824561,0.9688331432915241,5262
"[{'E_1_0'}, {'E_1_0'}, {'E_1_0'}, {'S_0_1'}, {'S_0_1'}, {'S_0_1'}, {'STAY_0_0'}, {'E_1_0'}, {'N_0_1'}]",0.09079693523899701,490,0.9142857142857143,0.9688331432915241,5262
"[{'NE_1_1'}, {'SE_1_1'}, {'S_0_1'}, {'W_1_0'}, {'S_0_1'}, {'W_1_0'}, {'N_0_1'}, {'N_0_1'}, {'N_0_1'}]",0.09073324650850323,315,0.9079365079365079,0.9688331432915241,5262
"[{'NE_1_1'}, {'E_1_0'}, {'E_1_0'}, {'N_0_1'}, {'N_0_1'}, {'N_0_1'}, {'N_0_1'}, {'N_0_1'}, {'N_0_1'}, {'N_0_1'}, {'N_0_1'}, {'N_0_1'}, {'W_1_0'}, {'W_1_0'}, {'S_0_1'}]",0.0898332218750052,102,0.8235294117647058,0.9688331432915241,5262
"[{'NE_1_1'}, {'E_1_0'}, {'E_1_0'}, {'E_1_0'}, {'E_1_0'}, {'E_1_0'}, {'E_1_0'}, {'E_1_0'}, {'N_0_1'}, {'N_0_1'}, {'N_0_1'}]",0.08961864047892498,425,0.8917647058823529,0.9688331432915241,5262
"[{'E_1_0'}, {'N_0_1'}, {'NE_1_1'}, {'E_1_0'}, {'NE_1_1'}, {'SE_1_1'}, {'S_0_1'}, {'S_0_1'}]",0.0891251257508624,146,0.9178082191780822,0.9688331432915241,5262
"[{'E_1_0'}, {'E_1_0'}, {'S_0_1'}, {'S_0_1'}, {'S_0_1'}, {'S_0_1'}, {'SW_1_1'}, {'STAY_0_0'}, {'NE_1_1'}]",0.088887693919527,480,0.9145833333333333,0.9688331432915241,5262
"[{'NE_1_1'}, {'NE_1_1'}, {'E_1_0'}, {'N_0_1'}, {'E_1_0'}, {'NE_1_1'}, {'E_1_0'}, {'W_1_0'}, {'W_1_0'}]",0.08883880120727028,132,0.8939393939393939,0.9688331432915241,5262
"[{'NE_1_1'}, {'N_0_1'}, {'N_0_1'}, {'N_0_1'}, {'N_0_1'}, {'N_0_1'}, {'N_0_1'}, {'N_0_1'}, {'N_0_1'}, {'N_0_1'}, {'E_1_0'}, {'W_1_0'}]",0.08844837508323455,158,0.8607594936708861,0.9688331432915241,5262
"[{'E_1_0'}, {'N_0_1'}, {'N_0_1'}, {'N_0_1'}, {'N_0_1'}, {'N_0_1'}, {'W_1_0'}, {'W_1_0'}, {'E_1_0'}]",0.08844164819270572,467,0.9143468950749465,0.9688331432915241,5262
"[{'E_1_0'}, {'E_1_0'}, {'N_0_1'}, {'N_0_1'}, {'N_0_1'}, {'N_0_1'}, {'N_0_1'}, {'N_0_1'}, {'N_0_1'}, {'W_1_0'}, {'STAY_0_0'}, {'W_1_0'}, {'W_1_0'}]",0.0875722802543567,139,0.8489208633093526,0.9688331432915241,5262
"[{'NE_1_1'}, {'E_1_0'}, {'E_1_0'}, {'S_0_1'}, {'W_1_0'}, {'W_1_0'}, {'W_1_0'}, {'N_0_1'}, {'N_0_1'}]",0.0865795397070469,570,0.9175438596491228,0.9688331432915241,5262
"[{'E_1_0'}, {'E_1_0'}, {'E_1_0'}, {'N_0_1'}, {'E_1_0'}, {'E_1_0'}, {'S_0_1'}, {'E_1_0'}, {'E_1_0'}]",0.0854616654665662,219,0.9041095890410958,0.9688331432915241,5262
"[{'E_1_0'}, {'E_1_0'}, {'E_1_0'}, {'SE_1_1'}, {'S_0_1'}, {'E_1_0'}, {'NE_1_1'}, {'N_0_1'}, {'N_0_1'}, {'STAY_0_0'}, {'W_1_0'}]",0.08542094563477276,136,0.8676470588235294,0.9688331432915241,5262
"[{'E_1_0'}, {'NE_1_1'}, {'E_1_0'}, {'W_1_0'}, {'W_1_0'}, {'W_1_0'}, {'W_1_0'}, {'N_0_1'}, {'W_1_0'}, {'W_1_0'}, {'W_1_0'}]",0.08524173880856267,204,0.8774509803921569,0.9688331432915241,5262
"[{'N_0_1'}, {'N_0_1'}, {'N_0_1'}, {'N_0_1'}, {'N_0_1'}, {'N_0_1'}, {'N_0_1'}, {'W_1_0'}, {'S_0_1'}, {'S_0_1'}]",0.08508896495526086,345,0.8985507246376812,0.9688331432915241,5262
"[{'NE_1_1'}, {'E_1_0'}, {'E_1_0'}, {'S_0_1'}, {'S_0_1'}, {'W_1_0'}, {'W_1_0'}, {'N_0_1'}, {'N_0_1'}, {'N_0_1'}]",0.08389815127968703,469,0.9040511727078892,0.9688331432915241,5262
"[{'N_0_1'}, {'E_1_0'}, {'N_0_1'}, {'W_1_0'}, {'S_0_1'}, {'S_0_1'}, {'S_0_1'}, {'S_0_1'}, {'S_0_1'}]",0.08309482773050325,260,0.9076923076923077,0.9688331432915241,5262
"[{'E_1_0'}, {'E_1_0'}, {'S_0_1'}, {'S_0_1'}, {'W_1_0'}, {'W_1_0'}, {'STAY_0_0'}, {'N_0_1'}, {'N_0_1'}, {'W_1_0'}]",0.08292544644407407,396,0.9015151515151515,0.9688331432915241,5262
"[{'E_1_0'}, {'E_1_0'}, {'E_1_0'}, {'E_1_0'}, {'W_1_0'}, {'W_1_0'}, {'E_1_0'}, {'N_0_1'}, {'N_0_1'}, {'STAY_0_0'}, {'W_1_0'}]",0.08287673974641785,236,0.8813559322033898,0.9688331432915241,5262
"[{'E_1_0'}, {'E_1_0'}, {'NE_1_1'}, {'E_1_0'}, {'E_1_0'}, {'W_1_0'}, {'SW_1_1'}, {'W_1_0'}, {'W_1_0'}, {'STAY_0_0'}, {'E_1_0'}]",0.08226253929509164,166,0.8734939759036144,0.9688331432915241,5262
"[{'N_0_1'}, {'N_0_1'}, {'N_0_1'}, {'N_0_1'}, {'W_1_0'}, {'W_1_0'}, {'S_0_1'}, {'W_1_0'}, {'E_1_0'}, {'E_1_0'}]",0.08221591531597305,114,0.8771929824561403,0.9688331432915241,5262
"[{'NE_1_1'}, {'S_0_1'}, {'W_1_0'}, {'E_1_0'}, {'NE_1_1'}, {'NE_1_1'}, {'N_0_1'}, {'N_0_1'}, {'N_0_1'}]",0.08185528773652018,102,0.8921568627450981,0.9688331432915241,5262
"[{'E_1_0'}, {'E_1_0'}, {'E_1_0'}, {'E_1_0'}, {'E_1_0'}, {'W_1_0'}, {'W_1_0'}, {'N_0_1'}, {'S_0_1'}]",0.08174407338160994,288,0.9097222222222222,0.9688331432915241,5262
"[{'NE_1_1'}, {'NE_1_1'}, {'E_1_0'}, {'E_1_0'}, {'W_1_0'}, {'W_1_0'}, {'W_1_0'}, {'NE_1_1'}, {'N_0_1'}, {'N_0_1'}]",0.08159392306686686,145,0.8827586206896552,0.9688331432915241,5262
"[{'NE_1_1'}, {'E_1_0'}, {'E_1_0'}, {'S_0_1'}, {'W_1_0'}, {'N_0_1'}, {'N_0_1'}, {'N_0_1'}, {'N_0_1'}]",0.08151201977608513,397,0.9143576826196473,0.9688331432915241,5262
"[{'NE_1_1'}, {'S_0_1'}, {'S_0_1'}, {'W_1_0'}, {'S_0_1'}, {'W_1_0'}, {'N_0_1'}, {'N_0_1'}, {'N_0_1'}]",0.08146291933497785,425,0.9152941176470588,0.9688331432915241,5262
"[{'N_0_1'}, {'N_0_1'}, {'N_0_1'}, {'N_0_1'}, {'N_0_1'}, {'E_1_0'}, {'E_1_0'}, {'S_0_1'}, {'W_1_0'}]",0.0811806981653369,329,0.9118541033434651,0.9688331432915241,5262
"[{'E_1_0'}, {'E_1_0'}, {'E_1_0'}, {'E_1_0'}, {'NE_1_1'}, {'E_1_0'}, {'SW_1_1'}, {'W_1_0'}, {'STAY_0_0'}, {'E_1_0'}, {'E_1_0'}]",0.08082090120717111,110,0.8636363636363636,0.9688331432915241,5262
"[{'NE_1_1'}, {'N_0_1'}, {'E_1_0'}, {'N_0_1'}, {'N_0_1'}, {'N_0_1'}, {'N_0_1'}, {'E_1_0'}, {'NW_1_1'}]",0.08023581897103049,126,0.8968253968253969,0.9688331432915241,5262
"[{'E_1_0'}, {'E_1_0'}, {'E_1_0'}, {'E_1_0'}, {'E_1_0'}, {'N_0_1'}, {'N_0_1'}, {'N_0_1'}, {'N_0_1'}, {'N_0_1'}, {'N_0_1'}, {'N_0_1'}, {'N_0_1'}, {'STAY_0_0'}, {'W_1_0'}]",0.0799904770797859,126,0.8333333333333334,0.9688331432915241,5262
"[{'N_0_1'}, {'N_0_1'}, {'N_0_1'}, {'NW_1_1'}, {'W_1_0'}, {'W_1_0'}, {'W_1_0'}, {'S_0_1'}, {'S_0_1'}, {'E_1_0'}]",0.07988029195028523,115,0.8782608695652174,0.9688331432915241,5262
"[{'NE_1_1'}, {'E_1_0'}, {'E_1_0'}, {'E_1_0'}, {'W_1_0'}, {'S_0_1'}, {'N_0_1'}, {'N_0_1'}, {'N_0_1'}]",0.07944131752904438,373,0.9142091152815014,0.9688331432915241,5262
"[{'N_0_1'}, {'N_0_1'}, {'E_1_0'}, {'S_0_1'}, {'S_0_1'}, {'S_0_1'}, {'S_0_1'}, {'W_1_0'}, {'S_0_1'}]",0.0792859753195313,332,0.9126506024096386,0.9688331432915241,5262
"[{'NE_1_1'}, {'E_1_0'}, {'E_1_0'}, {'E_1_0'}, {'E_1_0'}, {'E_1_0'}, {'E_1_0'}, {'N_0_1'}, {'N_0_1'}, {'N_0_1'}, {'W_1_0'}, {'S_0_1'}]",0.0790936913938669,126,0.8571428571428571,0.9688331432915241,5262
"[{'E_1_0'}, {'NE_1_1'}, {'N_0_1'}, {'N_0_1'}, {'N_0_1'}, {'N_0_1'}, {'N_0_1'}, {'W_1_0'}, {'E_1_0'}]",0.07832613847225267,403,0.9156327543424317,0.9688331432915241,5262
"[{'E_1_0'}, {'SE_1_1'}, {'S_0_1'}, {'W_1_0'}, {'W_1_0'}, {'STAY_0_0'}, {'E_1_0'}, {'N_0_1'}, {'N_0_1'}, {'N_0_1'}]",0.07811892813376287,317,0.8990536277602523,0.9688331432915241,5262
"[{'N_0_1'}, {'N_0_1'}, {'N_0_1'}, {'NE_1_1'}, {'E_1_0'}, {'S_0_1'}, {'W_1_0'}, {'W_1_0'}, {'W_1_0'}, {'W_1_0'}]",0.07811545340537407,126,0.8809523809523809,0.9688331432915241,5262
"[{'E_1_0'}, {'E_1_0'}, {'N_0_1'}, {'N_0_1'}, {'N_0_1'}, {'N_0_1'}, {'N_0_1'}, {'W_1_0'}, {'W_1_0'}, {'S_0_1'}]",0.07788551043107117,635,0.9102362204724409,0.9688331432915241,5262
"[{'NE_1_1'}, {'E_1_0'}, {'E_1_0'}, {'E_1_0'}, {'S_0_1'}, {'W_1_0'}, {'W_1_0'}, {'N_0_1'}, {'N_0_1'}, {'N_0_1'}]",0.07772648428865703,428,0.9042056074766355,0.9688331432915241,5262
"[{'E_1_0'}, {'E_1_0'}, {'E_1_0'}, {'E_1_0'}, {'E_1_0'}, {'E_1_0'}, {'W_1_0'}, {'W_1_0'}, {'E_1_0'}, {'E_1_0'}, {'STAY_0_0'}, {'W_1_0'}, {'W_1_0'}]",0.07767335717399826,142,0.852112676056338,0.9688331432915241,5262
"[{'NE_1_1'}, {'E_1_0'}, {'N_0_1'}, {'E_1_0'}, {'E_1_0'}, {'S_0_1'}, {'S_0_1'}, {'S_0_1'}, {'S_0_1'}, {'E_1_0'}]",0.0768520722735686,191,0.8900523560209425,0.9688331432915241,5262
"[{'N_0_1'}, {'N_0_1'}, {'N_0_1'}, {'N_0_1'}, {'N_0_1'}, {'N_0_1'}, {'W_1_0'}, {'S_0_1'}, {'W_1_0'}]",0.0764201826131139,464,0.9181034482758621,0.9688331432915241,5262
"[{'N_0_1'}, {'N_0_1'}, {'N_0_1'}, {'N_0_1'}, {'N_0_1'}, {'N_0_1'}, {'E_1_0'}, {'SE_1_1'}, {'S_0_1'}, {'S_0_1'}]",0.07604283432423942,127,0.8818897637795275,0.9688331432915241,5262
"[{'E_1_0'}, {'NE_1_1'}, {'E_1_0'}, {'N_0_1'}, {'N_0_1'}, {'N_0_1'}, {'N_0_1'}, {'W_1_0'}, {'STAY_0_0'}, {'W_1_0'}]",0.07604077410743093,214,0.8925233644859814,0.9688331432915241,5262
"[{'NE_1_1'}, {'E_1_0'}, {'N_0_1'}, {'N_0_1'}, {'N_0_1'}, {'N_0_1'}, {'NW_1_1'}, {'N_0_1'}, {'E_1_0'}]",0.07594143231308725,256,0.91015625,0.9688331432915241,5262
"[{'NE_1_1'}, {'E_1_0'}, {'N_0_1'}, {'E_1_0'}, {'E_1_0'}, {'N_0_1'}, {'N_0_1'}, {'N_0_1'}, {'E_1_0'}]",0.07518565476071049,257,0.9105058365758755,0.9688331432915241,5262
"[{'E_1_0'}, {'E_1_0'}, {'S_0_1'}, {'STAY_0_0'}, {'NE_1_1'}, {'N_0_1'}, {'N_0_1'}, {'N_0_1'}, {'N_0_1'}, {'N_0_1'}]",0.07499351339527516,138,0.8840579710144928,0.9688331432915241,5262
"[{'NE_1_1'}, {'E_1_0'}, {'N_0_1'}, {'S_0_1'}, {'S_0_1'}, {'SW_1_1'}, {'W_1_0'}, {'W_1_0'}, {'W_1_0'}]",0.07495152818962802,244,0.9098360655737705,0.9688331432915241,5262
"[{'NE_1_1'}, {'NE_1_1'}, {'NE_1_1'}, {'E_1_0'}, {'E_1_0'}, {'S_0_1'}, {'STAY_0_0'}, {'W_1_0'}, {'W_1_0'}]",0.07448853618486495,118,0.8983050847457628,0.9688331432915241,5262
"[{'N_0_1'}, {'N_0_1'}, {'N_0_1'}, {'W_1_0'}, {'E_1_0'}, {'S_0_1'}, {'S_0_1'}, {'S_0_1'}, {'W_1_0'}, {'W_1_0'}]",0.07432792112135012,149,0.8859060402684564,0.9688331432915241,5262
"[{'NE_1_1'}, {'E_1_0'}, {'N_0_1'}, {'N_0_1'}, {'N_0_1'}, {'N_0_1'}, {'N_0_1'}, {'N_0_1'}, {'N_0_1'}, {'N_0_1'}, {'W_1_0'}, {'W_1_0'}, {'S_0_1'}]",0.07427876562567315,232,0.8663793103448276,0.9688331432915241,5262
"[{'E_1_0'}, {'E_1_0'}, {'E_1_0'}, {'N_0_1'}, {'NE_1_1'}, {'N_0_1'}, {'N_0_1'}, {'E_1_0'}, {'S_0_1'}]",0.0741708929022653,245,0.9102040816326531,0.9688331432915241,5262
"[{'NE_1_1'}, {'N_0_1'}, {'NE_1_1'}, {'N_0_1'}, {'N_0_1'}, {'N_0_1'}, {'N_0_1'}, {'S_0_1'}, {'S_0_1'}]",0.07405606978965318,180,0.9055555555555556,0.9688331432915241,5262
"[{'E_1_0'}, {'SE_1_1'}, {'S_0_1'}, {'S_0_1'}, {'SW_1_1'}, {'W_1_0'}, {'SW_1_1'}, {'E_1_0'}, {'N_0_1'}, {'N_0_1'}, {'W_1_0'}, {'W_1_0'}, {'W_1_0'}]",0.07396210160311845,110,0.8454545454545455,0.9688331432915241,5262
"[{'NE_1_1'}, {'N_0_1'}, {'E_1_0'}, {'E_1_0'}, {'S_0_1'}, {'S_0_1'}, {'W_1_0'}, {'S_0_1'}, {'SW_1_1'}]",0.07382848312746271,219,0.908675799086758,0.9688331432915241,5262
"[{'N_0_1'}, {'N_0_1'}, {'E_1_0'}, {'E_1_0'}, {'S_0_1'}, {'S_0_1'}, {'E_1_0'}, {'SE_1_1'}, {'SW_1_1'}]",0.07317956304976592,107,0.897196261682243,0.9688331432915241,5262
"[{'NE_1_1'}, {'E_1_0'}, {'NE_1_1'}, {'NE_1_1'}, {'E_1_0'}, {'W_1_0'}, {'W_1_0'}, {'W_1_0'}, {'W_1_0'}]",0.07300060984287604,385,0.9168831168831169,0.9688331432915241,5262
"[{'E_1_0'}, {'E_1_0'}, {'E_1_0'}, {'E_1_0'}, {'W_1_0'}, {'SW_1_1'}, {'W_1_0'}, {'W_1_0'}, {'STAY_0_0'}, {'E_1_0'}, {'E_1_0'}]",0.07265564952048198,297,0.8888888888888888,0.9688331432915241,5262
"[{'E_1_0'}, {'E_1_0'}, {'E_1_0'}, {'E_1_0'}, {'N_0_1'}, {'N_0_1'}, {'N_0_1'}, {'W_1_0'}, {'W_1_0'}, {'S_0_1'}]",0.07248723777761334,633,0.9115323854660348,0.9688331432915241,5262
"[{'E_1_0'}, {'E_1_0'}, {'S_0_1'}, {'W_1_0'}, {'STAY_0_0'}, {'NE_1_1'}, {'N_0_1'}, {'N_0_1'}, {'N_0_1'}, {'N_0_1'}, {'W_1_0'}]",0.0722077534430412,171,0.8771929824561403,0.9688331432915241,5262
"[{'NE_1_1'}, {'E_1_0'}, {'N_0_1'}, {'N_0_1'}, {'NE_1_1'}, {'E_1_0'}, {'E_1_0'}, {'E_1_0'}, {'S_0_1'}]",0.07218085536411656,144,0.9027777777777778,0.9688331432915241,5262
"[{'NE_1_1'}, {'N_0_1'}, {'N_0_1'}, {'N_0_1'}, {'N_0_1'}, {'N_0_1'}, {'N_0_1'}, {'N_0_1'}, {'N_0_1'}, {'N_0_1'}, {'S_0_1'}, {'S_0_1'}]",0.07161844788642568,174,0.867816091954023,0.9688331432915241,5262
"[{'NE_1_1'}, {'E_1_0'}, {'E_1_0'}, {'E_1_0'}, {'E_1_0'}, {'NE_1_1'}, {'E_1_0'}, {'W_1_0'}, {'W_1_0'}, {'W_1_0'}]",0.07138418453811568,337,0.9020771513353115,0.9688331432915241,5262
"[{'NE_1_1'}, {'E_1_0'}, {'E_1_0'}, {'E_1_0'}, {'N_0_1'}, {'N_0_1'}, {'N_0_1'}, {'N_0_1'}, {'E_1_0'}]",0.07098428383476496,389,0.9177377892030848,0.9688331432915241,5262
"[{'N_0_1'}, {'N_0_1'}, {'N_0_1'}, {'N_0_1'}, {'N_0_1'}, {'N_0_1'}, {'E_1_0'}, {'SW_1_1'}, {'S_0_1'}, {'S_0_1'}]",0.07089490773366736,151,0.8874172185430463,0.9688331432915241,5262
"[{'NE_1_1'}, {'E_1_0'}, {'E_1_0'}, {'E_1_0'}, {'N_0_1'}, {'N_0_1'}, {'N_0_1'}, {'N_0_1'}, {'N_0_1'}, {'N_0_1'}, {'E_1_0'}, {'E_1_0'}]",0.07089129486632939,165,0.8666666666666667,0.9688331432915241,5262
"[{'N_0_1'}, {'E_1_0'}, {'N_0_1'}, {'E_1_0'}, {'E_1_0'}, {'S_0_1'}, {'SE_1_1'}, {'S_0_1'}, {'W_1_0'}, {'W_1_0'}, {'W_1_0'}]",0.0693364862303506,133,0.8721804511278195,0.9688331432915241,5262
"[{'NE_1_1'}, {'NE_1_1'}, {'NE_1_1'}, {'N_0_1'}, {'E_1_0'}, {'N_0_1'}, {'N_0_1'}, {'W_1_0'}, {'W_1_0'}]",0.06921075809608257,293,0.9146757679180887,0.9688331432915241,5262
"[{'E_1_0'}, {'N_0_1'}, {'E_1_0'}, {'E_1_0'}, {'S_0_1'}, {'S_0_1'}, {'W_1_0'}, {'STAY_0_0'}, {'NE_1_1'}]",0.06919314334268944,134,0.9029850746268657,0.9688331432915241,5262
"[{'N_0_1'}, {'N_0_1'}, {'N_0_1'}, {'E_1_0'}, {'NE_1_1'}, {'E_1_0'}, {'E_1_0'}, {'E_1_0'}, {'SE_1_1'}]",0.06919314334268944,134,0.9029850746268657,0.9688331432915241,5262
"[{'E_1_0'}, {'E_1_0'}, {'SW_1_1'}, {'SW_1_1'}, {'W_1_0'}, {'S_0_1'}, {'W_1_0'}, {'STAY_0_0'}, {'E_1_0'}]",0.06917641805301744,172,0.9069767441860465,0.9688331432915241,5262
"[{'NE_1_1'}, {'E_1_0'}, {'E_1_0'}, {'E_1_0'}, {'E_1_0'}, {'S_0_1'}, {'W_1_0'}, {'STAY_0_0'}, {'N_0_1'}]",0.06878826849360076,379,0.9182058047493403,0.9688331432915241,5262
"[{'E_1_0'}, {'NE_1_1'}, {'N_0_1'}, {'N_0_1'}, {'N_0_1'}, {'N_0_1'}, {'N_0_1'}, {'N_0_1'}, {'N_0_1'}, {'W_1_0'}, {'S_0_1'}]",0.06841269391520555,357,0.8935574229691877,0.9688331432915241,5262
"[{'E_1_0'}, {'N_0_1'}, {'E_1_0'}, {'N_0_1'}, {'N_0_1'}, {'N_0_1'}, {'N_0_1'}, {'NW_1_1'}, {'E_1_0'}]",0.06800714944960151,309,0.9158576051779935,0.9688331432915241,5262
"[{'E_1_0'}, {'NE_1_1'}, {'E_1_0'}, {'W_1_0'}, {'W_1_0'}, {'W_1_0'}, {'W_1_0'}, {'W_1_0'}, {'STAY_0_0'}, {'E_1_0'}]",0.0677829385351818,354,0.903954802259887,0.9688331432915241,5262
"[{'NE_1_1'}, {'N_0_1'}, {'N_0_1'}, {'N_0_1'}, {'N_0_1'}, {'N_0_1'}, {'N_0_1'}, {'E_1_0'}, {'E_1_0'}, {'E_1_0'}, {'W_1_0'}]",0.0675572010508555,236,0.885593220338983,0.9688331432915241,5262
"[{'N_0_1'}, {'N_0_1'}, {'NE_1_1'}, {'NE_1_1'}, {'E_1_0'}, {'S_0_1'}, {'W_1_0'}, {'S_0_1'}, {'W_1_0'}]",0.06747049267850391,148,0.9054054054054054,0.9688331432915241,5262
"[{'NE_1_1'}, {'N_0_1'}, {'N_0_1'}, {'E_1_0'}, {'N_0_1'}, {'E_1_0'}, {'E_1_0'}, {'W_1_0'}, {'W_1_0'}]",0.06733111723561058,353,0.9178470254957507,0.9688331432915241,5262
"[{'S_0_1'}, {'S_0_1'}, {'W_1_0'}, {'W_1_0'}, {'SW_1_1'}, {'W_1_0'}, {'STAY_0_0'}, {'E_1_0'}, {'E_1_0'}, {'N_0_1'}, {'N_0_1'}, {'N_0_1'}, {'N_0_1'}]",0.06712261796288221,120,0.85,0.9688331432915241,5262
"[{'E_1_0'}, {'E_1_0'}, {'N_0_1'}, {'E_1_0'}, {'E_1_0'}, {'E_1_0'}, {'W_1_0'}, {'S_0_1'}, {'STAY_0_0'}, {'W_1_0'}, {'W_1_0'}]",0.06696581857439199,134,0.8731343283582089,0.9688331432915241,5262
"[{'NE_1_1'}, {'E_1_0'}, {'E_1_0'}, {'E_1_0'}, {'NE_1_1'}, {'E_1_0'}, {'W_1_0'}, {'W_1_0'}, {'W_1_0'}, {'STAY_0_0'}]",0.06687829356321984,187,0.893048128342246,0.9688331432915241,5262
"[{'NE_1_1'}, {'E_1_0'}, {'S_0_1'}, {'S_0_1'}, {'S_0_1'}, {'SW_1_1'}, {'W_1_0'}, {'N_0_1'}, {'N_0_1'}, {'N_0_1'}]",0.06671764350802323,432,0.9074074074074074,0.9688331432915241,5262
"[{'N_0_1'}, {'E_1_0'}, {'N_0_1'}, {'E_1_0'}, {'N_0_1'}, {'N_0_1'}, {'N_0_1'}, {'N_0_1'}, {'STAY_0_0'}]",0.06626510419787845,312,0.9166666666666666,0.9688331432915241,5262
"[{'N_0_1'}, {'N_0_1'}, {'E_1_0'}, {'NE_1_1'}, {'E_1_0'}, {'E_1_0'}, {'E_1_0'}, {'S_0_1'}, {'S_0_1'}, {'W_1_0'}]",0.06613963263888056,199,0.8944723618090452,0.9688331432915241,5262
"[{'E_1_0'}, {'E_1_0'}, {'S_0_1'}, {'S_0_1'}, {'SW_1_1'}, {'W_1_0'}, {'W_1_0'}, {'W_1_0'}, {'W_1_0'}, {'SW_1_1'}, {'STAY_0_0'}, {'E_1_0'}]",0.06543718069210769,158,0.8670886075949367,0.9688331432915241,5262
"[{'NE_1_1'}, {'E_1_0'}, {'E_1_0'}, {'NE_1_1'}, {'NE_1_1'}, {'N_0_1'}, {'N_0_1'}, {'N_0_1'}, {'N_0_1'}, {'N_0_1'}]",0.0650205263856346,235,0.8978723404255319,0.9688331432915241,5262
"[{'NE_1_1'}, {'E_1_0'}, {'NE_1_1'}, {'S_0_1'}, {'S_0_1'}, {'S_0_1'}, {'W_1_0'}, {'W_1_0'}, {'W_1_0'}, {'E_1_0'}, {'N_0_1'}, {'N_0_1'}, {'N_0_1'}]",0.0649938351967827,129,0.8527131782945736,0.9688331432915241,5262
"[{'E_1_0'}, {'E_1_0'}, {'E_1_0'}, {'E_1_0'}, {'E_1_0'}, {'E_1_0'}, {'N_0_1'}, {'E_1_0'}, {'N_0_1'}, {'N_0_1'}, {'STAY_0_0'}, {'W_1_0'}]",0.06455046739437098,297,0.8821548821548821,0.9688331432915241,5262
"[{'E_1_0'}, {'N_0_1'}, {'NE_1_1'}, {'N_0_1'}, {'N_0_1'}, {'N_0_1'}, {'STAY_0_0'}, {'W_1_0'}, {'W_1_0'}]",0.06415625202677366,259,0.915057915057915,0.9688331432915241,5262
"[{'E_1_0'}, {'E_1_0'}, {'E_1_0'}, {'E_1_0'}, {'N_0_1'}, {'E_1_0'}, {'E_1_0'}, {'W_1_0'}, {'N_0_1'}, {'N_0_1'}, {'N_0_1'}, {'W_1_0'}]",0.06413770984158329,131,0.8625954198473282,0.9688331432915241,5262
"[{'E_1_0'}, {'E_1_0'}, {'NE_1_1'}, {'E_1_0'}, {'E_1_0'}, {'W_1_0'}, {'SW_1_1'}, {'STAY_0_0'}, {'E_1_0'}, {'W_1_0'}, {'W_1_0'}]",0.06349252190420607,186,0.8817204301075269,0.9688331432915241,5262
"[{'E_1_0'}, {'E_1_0'}, {'E_1_0'}, {'S_0_1'}, {'W_1_0'}, {'W_1_0'}, {'STAY_0_0'}, {'N_0_1'}, {'E_1_0'}]",0.06325301144718587,303,0.9174917491749175,0.9688331432915241,5262
"[{'N_0_1'}, {'E_1_0'}, {'N_0_1'}, {'E_1_0'}, {'S_0_1'}, {'S_0_1'}, {'S_0_1'}, {'S_0_1'}, {'S_0_1'}, {'SW_1_1'}]",0.06209884539529098,214,0.897196261682243,0.9688331432915241,5262
"[{'NE_1_1'}, {'E_1_0'}, {'E_1_0'}, {'N_0_1'}, {'N_0_1'}, {'N_0_1'}, {'N_0_1'}, {'STAY_0_0'}, {'E_1_0'}]",0.062040124178139866,193,0.9119170984455959,0.9688331432915241,5262
"[{'NE_1_1'}, {'E_1_0'}, {'E_1_0'}, {'E_1_0'}, {'E_1_0'}, {'S_0_1'}, {'W_1_0'}, {'SW_1_1'}, {'W_1_0'}, {'N_0_1'}, {'N_0_1'}, {'N_0_1'}]",0.06176194809388258,268,0.8805970149253731,0.9688331432915241,5262
"[{'E_1_0'}, {'NE_1_1'}, {'N_0_1'}, {'E_1_0'}, {'E_1_0'}, {'E_1_0'}, {'S_0_1'}, {'S_0_1'}, {'S_0_1'}]",0.06148550792577345,235,0.9148936170212766,0.9688331432915241,5262
"[{'NE_1_1'}, {'E_1_0'}, {'E_1_0'}, {'NE_1_1'}, {'E_1_0'}, {'S_0_1'}, {'W_1_0'}, {'W_1_0'}, {'E_1_0'}]",0.061331097854011585,292,0.9178082191780822,0.9688331432915241,5262
"[{'NE_1_1'}, {'N_0_1'}, {'E_1_0'}, {'N_0_1'}, {'E_1_0'}, {'E_1_0'}, {'E_1_0'}, {'E_1_0'}, {'S_0_1'}, {'S_0_1'}]",0.061322365942217405,157,0.89171974522293,0.9688331432915241,5262
"[{'E_1_0'}, {'E_1_0'}, {'SE_1_1'}, {'S_0_1'}, {'S_0_1'}, {'STAY_0_0'}, {'E_1_0'}, {'E_1_0'}, {'E_1_0'}, {'NE_1_1'}]",0.0604964996370736,103,0.883495145631068,0.9688331432915241,5262
"[{'N_0_1'}, {'N_0_1'}, {'N_0_1'}, {'N_0_1'}, {'N_0_1'}, {'N_0_1'}, {'N_0_1'}, {'W_1_0'}, {'W_1_0'}, {'S_0_1'}]",0.06031347289074385,619,0.9143780290791599,0.9688331432915241,5262
"[{'N_0_1'}, {'N_0_1'}, {'N_0_1'}, {'E_1_0'}, {'S_0_1'}, {'S_0_1'}, {'S_0_1'}, {'W_1_0'}, {'W_1_0'}, {'W_1_0'}]",0.05976208254206039,228,0.8991228070175439,0.9688331432915241,5262
"[{'E_1_0'}, {'E_1_0'}, {'NE_1_1'}, {'NE_1_1'}, {'E_1_0'}, {'NE_1_1'}, {'E_1_0'}, {'W_1_0'}, {'W_1_0'}]",0.059362744165057046,281,0.9181494661921709,0.9688331432915241,5262
"[{'NE_1_1'}, {'E_1_0'}, {'NE_1_1'}, {'W_1_0'}, {'W_1_0'}, {'W_1_0'}, {'STAY_0_0'}, {'E_1_0'}, {'E_1_0'}, {'E_1_0'}]",0.059314050535613894,125,0.888,0.9688331432915241,5262
"[{'NE_1_1'}, {'NE_1_1'}, {'N_0_1'}, {'N_0_1'}, {'NW_1_1'}, {'N_0_1'}, {'W_1_0'}, {'W_1_0'}, {'W_1_0'}]",0.05878911452680691,282,0.9184397163120568,0.9688331432915241,5262
"[{'E_1_0'}, {'E_1_0'}, {'E_1_0'}, {'E_1_0'}, {'E_1_0'}, {'W_1_0'}, {'W_1_0'}, {'SW_1_1'}, {'W_1_0'}, {'W_1_0'}, {'STAY_0_0'}, {'E_1_0'}, {'E_1_0'}]",0.05869790362354932,166,0.8614457831325302,0.9688331432915241,5262
"[{'NE_1_1'}, {'N_0_1'}, {'N_0_1'}, {'N_0_1'}, {'N_0_1'}, {'W_1_0'}, {'W_1_0'}, {'SW_1_1'}, {'W_1_0'}, {'W_1_0'}]",0.058604432158190556,341,0.906158357771261,0.9688331432915241,5262
"[{'NE_1_1'}, {'E_1_0'}, {'E_1_0'}, {'E_1_0'}, {'E_1_0'}, {'E_1_0'}, {'E_1_0'}, {'E_1_0'}, {'E_1_0'}, {'N_0_1'}, {'N_0_1'}, {'N_0_1'}]",0.058320300540099845,323,0.8854489164086687,0.9688331432915241,5262
"[{'NE_1_1'}, {'NE_1_1'}, {'S_0_1'}, {'S_0_1'}, {'S_0_1'}, {'W_1_0'}, {'W_1_0'}, {'W_1_0'}, {'N_0_1'}, {'N_0_1'}, {'N_0_1'}]",0.058178008397975045,254,0.889763779527559,0.9688331432915241,5262
"[{'N_0_1'}, {'N_0_1'}, {'N_0_1'}, {'N_0_1'}, {'N_0_1'}, {'N_0_1'}, {'N_0_1'}, {'N_0_1'}, {'N_0_1'}, {'STAY_0_0'}, {'E_1_0'}]",0.05814137771918182,128,0.875,0.9688331432915241,5262
"[{'E_1_0'}, {'NE_1_1'}, {'E_1_0'}, {'N_0_1'}, {'N_0_1'}, {'N_0_1'}, {'N_0_1'}, {'N_0_1'}, {'STAY_0_0'}, {'W_1_0'}]",0.05812648063953141,291,0.9037800687285223,0.9688331432915241,5262
"[{'E_1_0'}, {'E_1_0'}, {'N_0_1'}, {'E_1_0'}, {'E_1_0'}, {'N_0_1'}, {'N_0_1'}, {'N_0_1'}, {'N_0_1'}, {'STAY_0_0'}, {'W_1_0'}, {'W_1_0'}]",0.05738371111089269,171,0.8713450292397661,0.9688331432915241,5262
"[{'NE_1_1'}, {'E_1_0'}, {'E_1_0'}, {'N_0_1'}, {'N_0_1'}, {'N_0_1'}, {'N_0_1'}, {'N_0_1'}, {'N_0_1'}, {'N_0_1'}, {'N_0_1'}, {'W_1_0'}, {'W_1_0'}]",0.05697486387901196,280,0.875,0.9688331432915241,5262
"[{'N_0_1'}, {'N_0_1'}, {'E_1_0'}, {'E_1_0'}, {'E_1_0'}, {'S_0_1'}, {'S_0_1'}, {'E_1_0'}, {'S_0_1'}, {'S_0_1'}, {'S_0_1'}]",0.05689248165837579,190,0.8842105263157894,0.9688331432915241,5262
"[{'NE_1_1'}, {'N_0_1'}, {'E_1_0'}, {'N_0_1'}, {'E_1_0'}, {'E_1_0'}, {'E_1_0'}, {'E_1_0'}, {'E_1_0'}, {'S_0_1'}, {'S_0_1'}]",0.05620671017817458,119,0.8739495798319328,0.9688331432915241,5262
"[{'E_1_0'}, {'E_1_0'}, {'E_1_0'}, {'E_1_0'}, {'E_1_0'}, {'E_1_0'}, {'W_1_0'}, {'NE_1_1'}, {'E_1_0'}, {'STAY_0_0'}, {'W_1_0'}]",0.05584419945892882,129,0.875968992248062,0.9688331432915241,5262
"[{'NE_1_1'}, {'S_0_1'}, {'W_1_0'}, {'E_1_0'}, {'NE_1_1'}, {'N_0_1'}, {'N_0_1'}, {'N_0_1'}, {'N_0_1'}]",0.05577731505740435,187,0.9144385026737968,0.9688331432915241,5262
"[{'E_1_0'}, {'SE_1_1'}, {'SE_1_1'}, {'W_1_0'}, {'SW_1_1'}, {'W_1_0'}, {'W_1_0'}, {'W_1_0'}, {'STAY_0_0'}, {'E_1_0'}, {'E_1_0'}]",0.055476020370766044,100,0.87,0.9688331432915241,5262
"[{'E_1_0'}, {'N_0_1'}, {'N_0_1'}, {'N_0_1'}, {'N_0_1'}, {'NE_1_1'}, {'E_1_0'}, {'S_0_1'}, {'S_0_1'}]",0.05445273129190342,217,0.9170506912442397,0.9688331432915241,5262
"[{'E_1_0'}, {'N_0_1'}, {'N_0_1'}, {'N_0_1'}, {'N_0_1'}, {'N_0_1'}, {'N_0_1'}, {'N_0_1'}, {'N_0_1'}, {'S_0_1'}]",0.05429426235131041,577,0.9150779896013865,0.9688331432915241,5262
"[{'E_1_0'}, {'N_0_1'}, {'N_0_1'}, {'N_0_1'}, {'N_0_1'}, {'NW_1_1'}, {'W_1_0'}, {'W_1_0'}, {'W_1_0'}, {'E_1_0'}, {'E_1_0'}]",0.054054349268624735,150,0.88,0.9688331432915241,5262
"[{'E_1_0'}, {'NE_1_1'}, {'N_0_1'}, {'N_0_1'}, {'N_0_1'}, {'N_0_1'}, {'N_0_1'}, {'N_0_1'}, {'E_1_0'}, {'S_0_1'}, {'S_0_1'}]",0.05370981079502557,140,0.8785714285714286,0.9688331432915241,5262
"[{'NE_1_1'}, {'N_0_1'}, {'N_0_1'}, {'N_0_1'}, {'N_0_1'}, {'N_0_1'}, {'N_0_1'}, {'E_1_0'}, {'E_1_0'}, {'W_1_0'}]",0.053632340760745856,348,0.9080459770114943,0.9688331432915241,5262
"[{'E_1_0'}, {'E_1_0'}, {'E_1_0'}, {'W_1_0'}, {'W_1_0'}, {'W_1_0'}, {'W_1_0'}, {'S_0_1'}, {'E_1_0'}, {'STAY_0_0'}]",0.05322856236129392,297,0.9057239057239057,0.9688331432915241,5262
"[{'NE_1_1'}, {'N_0_1'}, {'N_0_1'}, {'N_0_1'}, {'N_0_1'}, {'N_0_1'}, {'N_0_1'}, {'N_0_1'}, {'N_0_1'}, {'E_1_0'}]",0.05255606863896012,470,0.9127659574468086,0.9688331432915241,5262
"[{'E_1_0'}, {'E_1_0'}, {'N_0_1'}, {'E_1_0'}, {'N_0_1'}, {'N_0_1'}, {'N_0_1'}, {'N_0_1'}, {'N_0_1'}, {'W_1_0'}, {'W_1_0'}, {'STAY_0_0'}]",0.052359492458229684,193,0.8756476683937824,0.9688331432915241,5262
"[{'NE_1_1'}, {'N_0_1'}, {'E_1_0'}, {'N_0_1'}, {'E_1_0'}, {'NE_1_1'}, {'W_1_0'}, {'W_1_0'}, {'S_0_1'}]",0.05198262451926794,192,0.9166666666666666,0.9688331432915241,5262
"[{'NE_1_1'}, {'E_1_0'}, {'NE_1_1'}, {'E_1_0'}, {'SE_1_1'}, {'S_0_1'}, {'W_1_0'}, {'W_1_0'}, {'W_1_0'}, {'N_0_1'}, {'N_0_1'}, {'N_0_1'}]",0.05161764431446558,145,0.8689655172413793,0.9688331432915241,5262
"[{'E_1_0'}, {'E_1_0'}, {'E_1_0'}, {'W_1_0'}, {'SW_1_1'}, {'W_1_0'}, {'W_1_0'}, {'N_0_1'}, {'N_0_1'}, {'N_0_1'}]",0.05141486297481723,612,0.9166666666666666,0.9688331432915241,5262
"[{'E_1_0'}, {'E_1_0'}, {'N_0_1'}, {'N_0_1'}, {'N_0_1'}, {'N_0_1'}, {'N_0_1'}, {'N_0_1'}, {'W_1_0'}, {'W_1_0'}, {'STAY_0_0'}]",0.05138031753565531,317,0.8958990536277602,0.9688331432915241,5262
"[{'E_1_0'}, {'E_1_0'}, {'S_0_1'}, {'S_0_1'}, {'W_1_0'}, {'W_1_0'}, {'W_1_0'}, {'W_1_0'}, {'STAY_0_0'}, {'N_0_1'}, {'N_0_1'}, {'N_0_1'}, {'W_1_0'}, {'W_1_0'}, {'W_1_0'}]",0.05110940080062387,199,0.8542713567839196,0.9688331432915241,5262
"[{'N_0_1'}, {'N_0_1'}, {'N_0_1'}, {'E_1_0'}, {'E_1_0'}, {'S_0_1'}, {'S_0_1'}, {'S_0_1'}, {'S_0_1'}, {'S_0_1'}, {'S_0_1'}, {'SW_1_1'}]",0.050658839375560705,136,0.8676470588235294,0.9688331432915241,5262
"[{'E_1_0'}, {'E_1_0'}, {'W_1_0'}, {'W_1_0'}, {'W_1_0'}, {'W_1_0'}, {'W_1_0'}, {'N_0_1'}, {'N_0_1'}, {'W_1_0'}]",0.05041501789654124,586,0.9163822525597269,0.9688331432915241,5262
"[{'E_1_0'}, {'NE_1_1'}, {'E_1_0'}, {'E_1_0'}, {'NE_1_1'}, {'E_1_0'}, {'SW_1_1'}, {'W_1_0'}, {'W_1_0'}, {'STAY_0_0'}]",0.05005708777705342,165,0.896969696969697,0.9688331432915241,5262
"[{'E_1_0'}, {'E_1_0'}, {'E_1_0'}, {'S_0_1'}, {'S_0_1'}, {'E_1_0'}, {'NE_1_1'}, {'N_0_1'}, {'STAY_0_0'}, {'W_1_0'}]",0.04933009583320935,251,0.9043824701195219,0.9688331432915241,5262
"[{'E_1_0'}, {'E_1_0'}, {'E_1_0'}, {'N_0_1'}, {'N_0_1'}, {'W_1_0'}, {'W_1_0'}, {'W_1_0'}, {'W_1_0'}, {'S_0_1'}, {'S_0_1'}]",0.049166367650334664,296,0.8952702702702703,0.9688331432915241,5262
"[{'E_1_0'}, {'E_1_0'}, {'NE_1_1'}, {'NE_1_1'}, {'N_0_1'}, {'N_0_1'}, {'N_0_1'}, {'N_0_1'}, {'N_0_1'}, {'N_0_1'}, {'N_0_1'}, {'N_0_1'}, {'W_1_0'}, {'S_0_1'}]",0.048944601688116984,125,0.848,0.9688331432915241,5262
"[{'E_1_0'}, {'E_1_0'}, {'E_1_0'}, {'E_1_0'}, {'W_1_0'}, {'SW_1_1'}, {'W_1_0'}, {'W_1_0'}, {'STAY_0_0'}, {'E_1_0'}]",0.04868429688229714,450,0.9133333333333333,0.9688331432915241,5262
"[{'N_0_1'}, {'N_0_1'}, {'NW_1_1'}, {'W_1_0'}, {'S_0_1'}, {'W_1_0'}, {'S_0_1'}, {'S_0_1'}, {'S_0_1'}]",0.04853300334763255,140,0.9142857142857143,0.9688331432915241,5262
"[{'N_0_1'}, {'N_0_1'}, {'N_0_1'}, {'S_0_1'}, {'S_0_1'}, {'W_1_0'}, {'W_1_0'}, {'W_1_0'}, {'S_0_1'}, {'S_0_1'}]",0.04853067842271963,120,0.8916666666666667,0.9688331432915241,5262
"[{'E_1_0'}, {'E_1_0'}, {'N_0_1'}, {'N_0_1'}, {'N_0_1'}, {'N_0_1'}, {'N_0_1'}, {'W_1_0'}, {'W_1_0'}, {'S_0_1'}, {'S_0_1'}]",0.0483085300407744,332,0.8975903614457831,0.9688331432915241,5262
"[{'E_1_0'}, {'E_1_0'}, {'E_1_0'}, {'N_0_1'}, {'S_0_1'}, {'W_1_0'}, {'N_0_1'}, {'N_0_1'}, {'N_0_1'}]",0.048126429376148194,183,0.9180327868852459,0.9688331432915241,5262
"[{'E_1_0'}, {'E_1_0'}, {'E_1_0'}, {'W_1_0'}, {'SW_1_1'}, {'NE_1_1'}, {'N_0_1'}, {'N_0_1'}, {'N_0_1'}, {'W_1_0'}]",0.0479000847673986,317,0.9085173501577287,0.9688331432915241,5262
"[{'E_1_0'}, {'E_1_0'}, {'E_1_0'}, {'E_1_0'}, {'E_1_0'}, {'N_0_1'}, {'W_1_0'}, {'W_1_0'}, {'W_1_0'}, {'W_1_0'}, {'E_1_0'}]",0.04754758376722479,286,0.8951048951048951,0.9688331432915241,5262
"[{'N_0_1'}, {'N_0_1'}, {'E_1_0'}, {'E_1_0'}, {'S_0_1'}, {'S_0_1'}, {'S_0_1'}, {'S_0_1'}, {'S_0_1'}, {'W_1_0'}]",0.04725091400049242,398,0.9120603015075377,0.9688331432915241,5262
"[{'E_1_0'}, {'E_1_0'}, {'S_0_1'}, {'S_0_1'}, {'S_0_1'}, {'W_1_0'}, {'STAY_0_0'}, {'E_1_0'}, {'E_1_0'}, {'N_0_1'}, {'N_0_1'}, {'N_0_1'}]",0.047199556571790424,247,0.8825910931174089,0.9688331432915241,5262
"[{'E_1_0'}, {'E_1_0'}, {'N_0_1'}, {'N_0_1'}, {'N_0_1'}, {'W_1_0'}, {'N_0_1'}, {'N_0_1'}, {'N_0_1'}, {'S_0_1'}]",0.04712736086684843,305,0.9081967213114754,0.9688331432915241,5262
"[{'E_1_0'}, {'NE_1_1'}, {'E_1_0'}, {'NE_1_1'}, {'N_0_1'}, {'N_0_1'}, {'N_0_1'}, {'N_0_1'}, {'N_0_1'}, {'W_1_0'}]",0.046992308731137133,495,0.9151515151515152,0.9688331432915241,5262
"[{'E_1_0'}, {'NE_1_1'}, {'E_1_0'}, {'S_0_1'}, {'W_1_0'}, {'W_1_0'}, {'W_1_0'}, {'N_0_1'}, {'N_0_1'}, {'N_0_1'}]",0.04630277841262187,427,0.9133489461358314,0.9688331432915241,5262
"[{'E_1_0'}, {'N_0_1'}, {'E_1_0'}, {'E_1_0'}, {'NE_1_1'}, {'SE_1_1'}, {'E_1_0'}, {'E_1_0'}, {'S_0_1'}]",0.04601304834064435,115,0.9130434782608695,0.9688331432915241,5262
"[{'E_1_0'}, {'E_1_0'}, {'NE_1_1'}, {'E_1_0'}, {'E_1_0'}, {'W_1_0'}, {'W_1_0'}, {'N_0_1'}, {'N_0_1'}, {'N_0_1'}]",0.045144228264707764,443,0.9142212189616253,0.9688331432915241,5262
"[{'NE_1_1'}, {'E_1_0'}, {'E_1_0'}, {'E_1_0'}, {'N_0_1'}, {'N_0_1'}, {'N_0_1'}, {'N_0_1'}, {'W_1_0'}, {'W_1_0'}]",0.044533611055427746,615,0.9186991869918699,0.9688331432915241,5262
"[{'E_1_0'}, {'E_1_0'}, {'NE_1_1'}, {'E_1_0'}, {'E_1_0'}, {'E_1_0'}, {'W_1_0'}, {'W_1_0'}, {'STAY_0_0'}, {'E_1_0'}]",0.04441242008643187,322,0.9099378881987578,0.9688331432915241,5262
"[{'NE_1_1'}, {'E_1_0'}, {'E_1_0'}, {'E_1_0'}, {'E_1_0'}, {'E_1_0'}, {'W_1_0'}, {'W_1_0'}, {'STAY_0_0'}, {'E_1_0'}]",0.04423960573162711,376,0.9122340425531915,0.9688331432915241,5262
"[{'E_1_0'}, {'E_1_0'}, {'E_1_0'}, {'N_0_1'}, {'N_0_1'}, {'N_0_1'}, {'W_1_0'}, {'SW_1_1'}, {'W_1_0'}, {'W_1_0'}]",0.04409488165244135,459,0.9150326797385621,0.9688331432915241,5262
"[{'NE_1_1'}, {'E_1_0'}, {'NE_1_1'}, {'E_1_0'}, {'E_1_0'}, {'S_0_1'}, {'S_0_1'}, {'W_1_0'}, {'W_1_0'}, {'N_0_1'}]",0.04407603413545946,270,0.9074074074074074,0.9688331432915241,5262
"[{'E_1_0'}, {'E_1_0'}, {'N_0_1'}, {'N_0_1'}, {'N_0_1'}, {'NW_1_1'}, {'N_0_1'}, {'E_1_0'}, {'W_1_0'}, {'S_0_1'}]",0.04406898030834128,219,0.9041095890410958,0.9688331432915241,5262
"[{'NE_1_1'}, {'E_1_0'}, {'E_1_0'}, {'E_1_0'}, {'E_1_0'}, {'E_1_0'}, {'E_1_0'}, {'E_1_0'}, {'E_1_0'}, {'E_1_0'}, {'N_0_1'}]",0.04384450701299181,337,0.8991097922848664,0.9688331432915241,5262
"[{'E_1_0'}, {'NE_1_1'}, {'E_1_0'}, {'E_1_0'}, {'N_0_1'}, {'E_1_0'}, {'NE_1_1'}, {'E_1_0'}, {'W_1_0'}, {'W_1_0'}]",0.04376899935458356,170,0.9,0.9688331432915241,5262
"[{'E_1_0'}, {'S_0_1'}, {'W_1_0'}, {'W_1_0'}, {'STAY_0_0'}, {'E_1_0'}, {'NE_1_1'}, {'N_0_1'}, {'N_0_1'}, {'N_0_1'}, {'W_1_0'}, {'W_1_0'}]",0.04363066609560229,208,0.8798076923076923,0.9688331432915241,5262
"[{'E_1_0'}, {'N_0_1'}, {'E_1_0'}, {'E_1_0'}, {'E_1_0'}, {'E_1_0'}, {'W_1_0'}, {'W_1_0'}, {'STAY_0_0'}, {'W_1_0'}, {'W_1_0'}]",0.04347489660427517,210,0.8904761904761904,0.9688331432915241,5262
"[{'E_1_0'}, {'NE_1_1'}, {'E_1_0'}, {'N_0_1'}, {'N_0_1'}, {'N_0_1'}, {'N_0_1'}, {'N_0_1'}, {'W_1_0'}, {'E_1_0'}, {'W_1_0'}, {'W_1_0'}]",0.04320145967915012,139,0.8705035971223022,0.9688331432915241,5262
"[{'E_1_0'}, {'E_1_0'}, {'E_1_0'}, {'E_1_0'}, {'E_1_0'}, {'N_0_1'}, {'N_0_1'}, {'N_0_1'}, {'N_0_1'}, {'N_0_1'}, {'N_0_1'}, {'N_0_1'}, {'N_0_1'}, {'STAY_0_0'}]",0.043174713453906,196,0.8622448979591837,0.9688331432915241,5262
"[{'NE_1_1'}, {'E_1_0'}, {'E_1_0'}, {'E_1_0'}, {'E_1_0'}, {'N_0_1'}, {'N_0_1'}, {'N_0_1'}, {'N_0_1'}, {'N_0_1'}]",0.042563187483513176,591,0.9187817258883249,0.9688331432915241,5262
"[{'NE_1_1'}, {'E_1_0'}, {'NE_1_1'}, {'E_1_0'}, {'S_0_1'}, {'SW_1_1'}, {'W_1_0'}, {'W_1_0'}, {'W_1_0'}, {'N_0_1'}]",0.04250090641443882,272,0.9080882352941176,0.9688331432915241,5262
"[{'N_0_1'}, {'N_0_1'}, {'N_0_1'}, {'N_0_1'}, {'N_0_1'}, {'N_0_1'}, {'N_0_1'}, {'N_0_1'}, {'E_1_0'}, {'S_0_1'}, {'S_0_1'}]",0.042414828917009095,222,0.8918918918918919,0.9688331432915241,5262
"[{'E_1_0'}, {'E_1_0'}, {'N_0_1'}, {'E_1_0'}, {'W_1_0'}, {'W_1_0'}, {'W_1_0'}, {'W_1_0'}, {'W_1_0'}, {'W_1_0'}, {'E_1_0'}]",0.04205031588542707,245,0.8938775510204081,0.9688331432915241,5262
"[{'NE_1_1'}, {'E_1_0'}, {'E_1_0'}, {'N_0_1'}, {'E_1_0'}, {'E_1_0'}, {'E_1_0'}, {'E_1_0'}, {'E_1_0'}, {'NW_1_1'}]",0.04192527085605091,124,0.8951612903225806,0.9688331432915241,5262
"[{'NE_1_1'}, {'E_1_0'}, {'N_0_1'}, {'E_1_0'}, {'E_1_0'}, {'E_1_0'}, {'E_1_0'}, {'E_1_0'}, {'W_1_0'}, {'W_1_0'}, {'W_1_0'}]",0.04149251822935929,292,0.8972602739726028,0.9688331432915241,5262
"[{'NE_1_1'}, {'E_1_0'}, {'E_1_0'}, {'E_1_0'}, {'SE_1_1'}, {'S_0_1'}, {'STAY_0_0'}, {'E_1_0'}, {'E_1_0'}, {'E_1_0'}]",0.04142673826340337,136,0.8970588235294118,0.9688331432915241,5262
"[{'NE_1_1'}, {'E_1_0'}, {'N_0_1'}, {'E_1_0'}, {'W_1_0'}, {'N_0_1'}, {'N_0_1'}, {'N_0_1'}, {'N_0_1'}, {'N_0_1'}]",0.041226284371619015,160,0.9,0.9688331432915241,5262
"[{'NE_1_1'}, {'E_1_0'}, {'N_0_1'}, {'SW_1_1'}, {'S_0_1'}, {'S_0_1'}, {'SW_1_1'}, {'S_0_1'}, {'W_1_0'}]",0.04109587305855045,120,0.9166666666666666,0.9688331432915241,5262
"[{'NE_1_1'}, {'E_1_0'}, {'E_1_0'}, {'E_1_0'}, {'E_1_0'}, {'W_1_0'}, {'W_1_0'}, {'W_1_0'}, {'E_1_0'}, {'E_1_0'}, {'STAY_0_0'}]",0.04060017967721474,201,0.8905472636815921,0.9688331432915241,5262
"[{'E_1_0'}, {'E_1_0'}, {'E_1_0'}, {'W_1_0'}, {'W_1_0'}, {'SW_1_1'}, {'NE_1_1'}, {'N_0_1'}, {'N_0_1'}, {'N_0_1'}]",0.04033488636110272,369,0.9132791327913279,0.9688331432915241,5262
"[{'E_1_0'}, {'E_1_0'}, {'E_1_0'}, {'N_0_1'}, {'E_1_0'}, {'W_1_0'}, {'W_1_0'}, {'W_1_0'}, {'S_0_1'}, {'S_0_1'}]",0.040203667084048766,383,0.9138381201044387,0.9688331432915241,5262
"[{'NE_1_1'}, {'E_1_0'}, {'E_1_0'}, {'NE_1_1'}, {'N_0_1'}, {'N_0_1'}, {'N_0_1'}, {'N_0_1'}, {'N_0_1'}, {'N_0_1'}]",0.040119334617860214,397,0.9143576826196473,0.9688331432915241,5262
"[{'NE_1_1'}, {'N_0_1'}, {'N_0_1'}, {'N_0_1'}, {'N_0_1'}, {'N_0_1'}, {'N_0_1'}, {'N_0_1'}, {'W_1_0'}, {'S_0_1'}, {'W_1_0'}]",0.0397303522763931,282,0.8971631205673759,0.9688331432915241,5262
"[{'NE_1_1'}, {'E_1_0'}, {'S_0_1'}, {'S_0_1'}, {'W_1_0'}, {'SW_1_1'}, {'W_1_0'}, {'W_1_0'}, {'N_0_1'}, {'N_0_1'}, {'N_0_1'}]",0.03970855457099143,354,0.9011299435028248,0.9688331432915241,5262
"[{'NE_1_1'}, {'E_1_0'}, {'NE_1_1'}, {'E_1_0'}, {'NE_1_1'}, {'E_1_0'}, {'N_0_1'}, {'N_0_1'}, {'N_0_1'}, {'N_0_1'}]",0.0396570133071481,211,0.9052132701421801,0.9688331432915241,5262
"[{'NE_1_1'}, {'NE_1_1'}, {'E_1_0'}, {'E_1_0'}, {'E_1_0'}, {'E_1_0'}, {'W_1_0'}, {'W_1_0'}, {'W_1_0'}, {'N_0_1'}, {'N_0_1'}, {'N_0_1'}]",0.03958800848876709,160,0.875,0.9688331432915241,5262
"[{'S_0_1'}, {'S_0_1'}, {'S_0_1'}, {'W_1_0'}, {'W_1_0'}, {'W_1_0'}, {'W_1_0'}, {'SW_1_1'}, {'STAY_0_0'}, {'E_1_0'}]",0.03957843711763409,398,0.914572864321608,0.9688331432915241,5262
"[{'NE_1_1'}, {'E_1_0'}, {'S_0_1'}, {'W_1_0'}, {'W_1_0'}, {'W_1_0'}, {'N_0_1'}, {'N_0_1'}, {'N_0_1'}, {'N_0_1'}]",0.03957843711763409,398,0.914572864321608,0.9688331432915241,5262
"[{'E_1_0'}, {'E_1_0'}, {'E_1_0'}, {'NE_1_1'}, {'N_0_1'}, {'N_0_1'}, {'N_0_1'}, {'N_0_1'}, {'N_0_1'}, {'N_0_1'}, {'N_0_1'}, {'E_1_0'}, {'S_0_1'}]",0.03943376451502467,174,0.867816091954023,0.9688331432915241,5262
"[{'N_0_1'}, {'N_0_1'}, {'N_0_1'}, {'N_0_1'}, {'N_0_1'}, {'N_0_1'}, {'W_1_0'}, {'W_1_0'}, {'E_1_0'}, {'E_1_0'}]",0.03891586903444333,290,0.9103448275862069,0.9688331432915241,5262
"[{'NE_1_1'}, {'N_0_1'}, {'N_0_1'}, {'N_0_1'}, {'N_0_1'}, {'N_0_1'}, {'N_0_1'}, {'N_0_1'}, {'E_1_0'}, {'W_1_0'}, {'W_1_0'}]",0.0388988518957446,355,0.9014084507042254,0.9688331432915241,5262
"[{'E_1_0'}, {'E_1_0'}, {'E_1_0'}, {'NE_1_1'}, {'N_0_1'}, {'N_0_1'}, {'NW_1_1'}, {'N_0_1'}, {'N_0_1'}, {'STAY_0_0'}]",0.03878567550186973,162,0.9012345679012346,0.9688331432915241,5262
"[{'NE_1_1'}, {'N_0_1'}, {'NE_1_1'}, {'S_0_1'}, {'S_0_1'}, {'S_0_1'}, {'SW_1_1'}, {'SW_1_1'}, {'W_1_0'}, {'W_1_0'}]",0.038631800263955185,103,0.8932038834951457,0.9688331432915241,5262
"[{'NE_1_1'}, {'N_0_1'}, {'N_0_1'}, {'N_0_1'}, {'N_0_1'}, {'N_0_1'}, {'STAY_0_0'}, {'W_1_0'}, {'W_1_0'}, {'SW_1_1'}]",0.03860133415679701,138,0.8985507246376812,0.9688331432915241,5262
"[{'E_1_0'}, {'NE_1_1'}, {'E_1_0'}, {'N_0_1'}, {'E_1_0'}, {'S_0_1'}, {'S_0_1'}, {'W_1_0'}, {'W_1_0'}, {'W_1_0'}]",0.0379881330984172,175,0.9028571428571428,0.9688331432915241,5262
"[{'E_1_0'}, {'E_1_0'}, {'E_1_0'}, {'E_1_0'}, {'E_1_0'}, {'W_1_0'}, {'W_1_0'}, {'SW_1_1'}, {'W_1_0'}, {'STAY_0_0'}, {'E_1_0'}]",0.03790359700933732,344,0.9011627906976745,0.9688331432915241,5262
"[{'NE_1_1'}, {'E_1_0'}, {'N_0_1'}, {'N_0_1'}, {'N_0_1'}, {'N_0_1'}, {'W_1_0'}, {'N_0_1'}, {'W_1_0'}, {'N_0_1'}]",0.037639122156871485,226,0.9070796460176991,0.9688331432915241,5262
"[{'E_1_0'}, {'E_1_0'}, {'E_1_0'}, {'E_1_0'}, {'E_1_0'}, {'N_0_1'}, {'N_0_1'}, {'W_1_0'}, {'W_1_0'}, {'STAY_0_0'}]",0.037637974710564626,487,0.917864476386037,0.9688331432915241,5262
"[{'NE_1_1'}, {'E_1_0'}, {'E_1_0'}, {'E_1_0'}, {'E_1_0'}, {'E_1_0'}, {'N_0_1'}, {'N_0_1'}, {'N_0_1'}, {'N_0_1'}, {'W_1_0'}, {'W_1_0'}, {'W_1_0'}]",0.03746185868036589,283,0.8798586572438163,0.9688331432915241,5262
"[{'W_1_0'}, {'W_1_0'}, {'W_1_0'}, {'W_1_0'}, {'W_1_0'}, {'W_1_0'}, {'STAY_0_0'}, {'E_1_0'}, {'N_0_1'}, {'N_0_1'}, {'W_1_0'}, {'W_1_0'}]",0.037445647183829145,171,0.8771929824561403,0.9688331432915241,5262
"[{'N_0_1'}, {'N_0_1'}, {'N_0_1'}, {'W_1_0'}, {'W_1_0'}, {'SW_1_1'}, {'W_1_0'}, {'W_1_0'}, {'W_1_0'}, {'W_1_0'}]",0.037244945322196354,279,0.910394265232975,0.9688331432915241,5262
"[{'E_1_0'}, {'E_1_0'}, {'E_1_0'}, {'E_1_0'}, {'NE_1_1'}, {'W_1_0'}, {'S_0_1'}, {'STAY_0_0'}, {'W_1_0'}, {'W_1_0'}]",0.03640769491467055,189,0.9047619047619048,0.9688331432915241,5262
"[{'E_1_0'}, {'E_1_0'}, {'N_0_1'}, {'N_0_1'}, {'N_0_1'}, {'N_0_1'}, {'N_0_1'}, {'N_0_1'}, {'W_1_0'}, {'E_1_0'}]",0.036324467309147845,490,0.9183673469387755,0.9688331432915241,5262
"[{'E_1_0'}, {'NE_1_1'}, {'E_1_0'}, {'E_1_0'}, {'N_0_1'}, {'N_0_1'}, {'N_0_1'}, {'W_1_0'}, {'W_1_0'}, {'STAY_0_0'}, {'E_1_0'}]",0.03622649357482466,128,0.8828125,0.9688331432915241,5262
"[{'E_1_0'}, {'NE_1_1'}, {'E_1_0'}, {'N_0_1'}, {'N_0_1'}, {'N_0_1'}, {'N_0_1'}, {'N_0_1'}, {'E_1_0'}, {'W_1_0'}]",0.035857338163460706,363,0.9146005509641874,0.9688331432915241,5262
"[{'NE_1_1'}, {'E_1_0'}, {'E_1_0'}, {'E_1_0'}, {'E_1_0'}, {'W_1_0'}, {'W_1_0'}, {'W_1_0'}, {'STAY_0_0'}, {'E_1_0'}]",0.035763146995147266,448,0.9174107142857143,0.9688331432915241,5262
"[{'E_1_0'}, {'E_1_0'}, {'E_1_0'}, {'N_0_1'}, {'E_1_0'}, {'W_1_0'}, {'W_1_0'}, {'N_0_1'}, {'N_0_1'}, {'N_0_1'}, {'W_1_0'}]",0.03510265581284855,228,0.8947368421052632,0.9688331432915241,5262
"[{'NE_1_1'}, {'SE_1_1'}, {'E_1_0'}, {'S_0_1'}, {'S_0_1'}, {'W_1_0'}, {'N_0_1'}, {'N_0_1'}, {'N_0_1'}, {'N_0_1'}]",0.035052861357985576,216,0.9074074074074074,0.9688331432915241,5262
"[{'E_1_0'}, {'E_1_0'}, {'E_1_0'}, {'S_0_1'}, {'S_0_1'}, {'W_1_0'}, {'STAY_0_0'}, {'N_0_1'}, {'E_1_0'}, {'N_0_1'}, {'N_0_1'}]",0.034900256558120346,194,0.8917525773195877,0.9688331432915241,5262
"[{'E_1_0'}, {'E_1_0'}, {'E_1_0'}, {'W_1_0'}, {'SW_1_1'}, {'W_1_0'}, {'W_1_0'}, {'W_1_0'}, {'STAY_0_0'}, {'E_1_0'}, {'E_1_0'}]",0.03428933732931905,252,0.8968253968253969,0.9688331432915241,5262
"[{'E_1_0'}, {'E_1_0'}, {'E_1_0'}, {'E_1_0'}, {'N_0_1'}, {'N_0_1'}, {'N_0_1'}, {'N_0_1'}, {'N_0_1'}, {'E_1_0'}, {'S_0_1'}]",0.034102418945391455,424,0.9056603773584906,0.9688331432915241,5262
"[{'E_1_0'}, {'E_1_0'}, {'S_0_1'}, {'SW_1_1'}, {'W_1_0'}, {'W_1_0'}, {'W_1_0'}, {'SW_1_1'}, {'STAY_0_0'}, {'E_1_0'}]",0.034079979817676964,270,0.9111111111111111,0.9688331432915241,5262
"[{'E_1_0'}, {'E_1_0'}, {'N_0_1'}, {'E_1_0'}, {'N_0_1'}, {'N_0_1'}, {'N_0_1'}, {'N_0_1'}, {'NW_1_1'}, {'E_1_0'}]",0.03372072947150295,284,0.9119718309859155,0.9688331432915241,5262
"[{'N_0_1'}, {'N_0_1'}, {'N_0_1'}, {'E_1_0'}, {'NE_1_1'}, {'E_1_0'}, {'E_1_0'}, {'E_1_0'}, {'E_1_0'}, {'SE_1_1'}]",0.03342964770588441,106,0.8962264150943396,0.9688331432915241,5262
"[{'E_1_0'}, {'E_1_0'}, {'E_1_0'}, {'E_1_0'}, {'SE_1_1'}, {'S_0_1'}, {'W_1_0'}, {'STAY_0_0'}, {'N_0_1'}, {'N_0_1'}, {'N_0_1'}, {'N_0_1'}, {'N_0_1'}]",0.03256473477474908,113,0.8584070796460177,0.9688331432915241,5262
"[{'E_1_0'}, {'E_1_0'}, {'N_0_1'}, {'E_1_0'}, {'W_1_0'}, {'W_1_0'}, {'W_1_0'}, {'W_1_0'}, {'W_1_0'}, {'N_0_1'}]",0.03254308470873202,327,0.9143730886850153,0.9688331432915241,5262
"[{'E_1_0'}, {'E_1_0'}, {'NE_1_1'}, {'E_1_0'}, {'E_1_0'}, {'S_0_1'}, {'S_0_1'}, {'N_0_1'}, {'N_0_1'}, {'N_0_1'}]",0.03254308470873202,327,0.9143730886850153,0.9688331432915241,5262
"[{'NE_1_1'}, {'E_1_0'}, {'N_0_1'}, {'E_1_0'}, {'E_1_0'}, {'S_0_1'}, {'S_0_1'}, {'S_0_1'}, {'W_1_0'}, {'W_1_0'}, {'W_1_0'}]",0.03242066585500125,242,0.8966942148760331,0.9688331432915241,5262
"[{'NE_1_1'}, {'E_1_0'}, {'E_1_0'}, {'E_1_0'}, {'S_0_1'}, {'S_0_1'}, {'S_0_1'}, {'W_1_0'}, {'N_0_1'}, {'N_0_1'}, {'N_0_1'}]",0.032129459033294006,427,0.9063231850117096,0.9688331432915241,5262
"[{'E_1_0'}, {'E_1_0'}, {'NE_1_1'}, {'N_0_1'}, {'N_0_1'}, {'N_0_1'}, {'N_0_1'}, {'N_0_1'}, {'N_0_1'}, {'STAY_0_0'}]",0.03202089468566971,370,0.9162162162162162,0.9688331432915241,5262
"[{'E_1_0'}, {'NE_1_1'}, {'E_1_0'}, {'E_1_0'}, {'E_1_0'}, {'E_1_0'}, {'NE_1_1'}, {'N_0_1'}, {'N_0_1'}, {'N_0_1'}, {'N_0_1'}, {'W_1_0'}, {'W_1_0'}]",0.031887522158170256,187,0.8716577540106952,0.9688331432915241,5262
"[{'N_0_1'}, {'N_0_1'}, {'E_1_0'}, {'NE_1_1'}, {'S_0_1'}, {'S_0_1'}, {'S_0_1'}, {'S_0_1'}, {'S_0_1'}, {'S_0_1'}, {'S_0_1'}]",0.03182027588940717,185,0.8918918918918919,0.9688331432915241,5262
"[{'E_1_0'}, {'W_1_0'}, {'W_1_0'}, {'W_1_0'}, {'W_1_0'}, {'W_1_0'}, {'W_1_0'}, {'SW_1_1'}, {'E_1_0'}, {'NE_1_1'}]",0.031716000706636716,131,0.9007633587786259,0.9688331432915241,5262
"[{'NE_1_1'}, {'N_0_1'}, {'E_1_0'}, {'E_1_0'}, {'W_1_0'}, {'W_1_0'}, {'S_0_1'}, {'SW_1_1'}, {'W_1_0'}, {'W_1_0'}]",0.031649127090431106,181,0.9060773480662984,0.9688331432915241,5262
"[{'N_0_1'}, {'NE_1_1'}, {'S_0_1'}, {'S_0_1'}, {'S_0_1'}, {'SE_1_1'}, {'S_0_1'}, {'S_0_1'}, {'S_0_1'}, {'S_0_1'}, {'S_0_1'}]",0.031393235435823286,163,0.8895705521472392,0.9688331432915241,5262
"[{'N_0_1'}, {'E_1_0'}, {'N_0_1'}, {'E_1_0'}, {'E_1_0'}, {'S_0_1'}, {'S_0_1'}, {'S_0_1'}, {'S_0_1'}, {'S_0_1'}, {'W_1_0'}]",0.0313368023428342,243,0.897119341563786,0.9688331432915241,5262
"[{'E_1_0'}, {'S_0_1'}, {'S_0_1'}, {'S_0_1'}, {'W_1_0'}, {'W_1_0'}, {'W_1_0'}, {'W_1_0'}, {'STAY_0_0'}, {'E_1_0'}, {'E_1_0'}, {'N_0_1'}, {'W_1_0'}, {'W_1_0'}]",0.03125846688739109,183,0.8633879781420765,0.9688331432915241,5262
"[{'NE_1_1'}, {'E_1_0'}, {'E_1_0'}, {'E_1_0'}, {'S_0_1'}, {'S_0_1'}, {'W_1_0'}, {'W_1_0'}, {'NE_1_1'}, {'N_0_1'}]",0.031030021596072488,288,0.9131944444444444,0.9688331432915241,5262
"[{'E_1_0'}, {'E_1_0'}, {'E_1_0'}, {'E_1_0'}, {'W_1_0'}, {'W_1_0'}, {'S_0_1'}, {'W_1_0'}, {'E_1_0'}, {'STAY_0_0'}, {'W_1_0'}]",0.030915564033019982,220,0.8954545454545455,0.9688331432915241,5262
"[{'NE_1_1'}, {'E_1_0'}, {'E_1_0'}, {'S_0_1'}, {'S_0_1'}, {'W_1_0'}, {'W_1_0'}, {'SW_1_1'}, {'N_0_1'}, {'N_0_1'}, {'N_0_1'}]",0.030876527720626212,328,0.9024390243902439,0.9688331432915241,5262
"[{'NE_1_1'}, {'E_1_0'}, {'N_0_1'}, {'E_1_0'}, {'N_0_1'}, {'N_0_1'}, {'N_0_1'}, {'NW_1_1'}, {'S_0_1'}, {'S_0_1'}]",0.03078817020589164,144,0.9027777777777778,0.9688331432915241,5262
"[{'N_0_1'}, {'N_0_1'}, {'N_0_1'}, {'E_1_0'}, {'E_1_0'}, {'S_0_1'}, {'W_1_0'}, {'W_1_0'}, {'W_1_0'}, {'W_1_0'}]",0.030748339596790353,221,0.9095022624434389,0.9688331432915241,5262
"[{'E_1_0'}, {'E_1_0'}, {'W_1_0'}, {'W_1_0'}, {'W_1_0'}, {'W_1_0'}, {'STAY_0_0'}, {'E_1_0'}, {'E_1_0'}, {'W_1_0'}]",0.030727874362768137,430,0.9186046511627907,0.9688331432915241,5262
"[{'E_1_0'}, {'E_1_0'}, {'E_1_0'}, {'E_1_0'}, {'E_1_0'}, {'E_1_0'}, {'N_0_1'}, {'E_1_0'}, {'N_0_1'}, {'N_0_1'}, {'N_0_1'}, {'STAY_0_0'}, {'W_1_0'}]",0.03072286959953352,257,0.8793774319066148,0.9688331432915241,5262
"[{'NE_1_1'}, {'N_0_1'}, {'N_0_1'}, {'N_0_1'}, {'N_0_1'}, {'N_0_1'}, {'N_0_1'}, {'N_0_1'}, {'W_1_0'}, {'W_1_0'}, {'W_1_0'}, {'S_0_1'}]",0.030367580692677754,372,0.8951612903225806,0.9688331432915241,5262
"[{'E_1_0'}, {'E_1_0'}, {'N_0_1'}, {'N_0_1'}, {'N_0_1'}, {'N_0_1'}, {'E_1_0'}, {'STAY_0_0'}, {'E_1_0'}, {'E_1_0'}]",0.03018718740458448,108,0.8981481481481481,0.9688331432915241,5262
"[{'E_1_0'}, {'NE_1_1'}, {'E_1_0'}, {'E_1_0'}, {'NE_1_1'}, {'N_0_1'}, {'W_1_0'}, {'S_0_1'}, {'W_1_0'}, {'W_1_0'}]",0.029575397862708797,145,0.903448275862069,0.9688331432915241,5262
"[{'NE_1_1'}, {'E_1_0'}, {'E_1_0'}, {'E_1_0'}, {'E_1_0'}, {'E_1_0'}, {'W_1_0'}, {'W_1_0'}, {'W_1_0'}, {'W_1_0'}, {'W_1_0'}, {'STAY_0_0'}, {'E_1_0'}, {'E_1_0'}]",0.02952009338672168,148,0.8581081081081081,0.9688331432915241,5262
"[{'E_1_0'}, {'E_1_0'}, {'N_0_1'}, {'N_0_1'}, {'N_0_1'}, {'N_0_1'}, {'N_0_1'}, {'N_0_1'}, {'N_0_1'}, {'N_0_1'}, {'S_0_1'}]",0.02909557759520731,537,0.9106145251396648,0.9688331432915241,5262
"[{'NE_1_1'}, {'E_1_0'}, {'E_1_0'}, {'E_1_0'}, {'S_0_1'}, {'S_0_1'}, {'S_0_1'}, {'W_1_0'}, {'NE_1_1'}, {'N_0_1'}]",0.02908325744904039,291,0.9140893470790378,0.9688331432915241,5262
"[{'E_1_0'}, {'E_1_0'}, {'E_1_0'}, {'E_1_0'}, {'S_0_1'}, {'S_0_1'}, {'STAY_0_0'}, {'N_0_1'}, {'E_1_0'}, {'E_1_0'}]",0.029074016156576343,158,0.9050632911392406,0.9688331432915241,5262
"[{'E_1_0'}, {'E_1_0'}, {'N_0_1'}, {'N_0_1'}, {'N_0_1'}, {'N_0_1'}, {'N_0_1'}, {'W_1_0'}, {'STAY_0_0'}, {'SW_1_1'}]",0.02887899163275187,210,0.9095238095238095,0.9688331432915241,5262
"[{'E_1_0'}, {'E_1_0'}, {'E_1_0'}, {'E_1_0'}, {'E_1_0'}, {'E_1_0'}, {'W_1_0'}, {'W_1_0'}, {'W_1_0'}, {'STAY_0_0'}, {'E_1_0'}, {'NE_1_1'}]",0.028730415644994012,186,0.8817204301075269,0.9688331432915241,5262
"[{'NE_1_1'}, {'E_1_0'}, {'NE_1_1'}, {'E_1_0'}, {'E_1_0'}, {'S_0_1'}, {'S_0_1'}, {'W_1_0'}, {'W_1_0'}, {'W_1_0'}, {'W_1_0'}, {'N_0_1'}, {'N_0_1'}, {'N_0_1'}]",0.028722275592136803,175,0.8628571428571429,0.9688331432915241,5262
"[{'E_1_0'}, {'E_1_0'}, {'S_0_1'}, {'S_0_1'}, {'S_0_1'}, {'E_1_0'}, {'E_1_0'}, {'E_1_0'}, {'SW_1_1'}, {'STAY_0_0'}]",0.028629136491352236,109,0.8990825688073395,0.9688331432915241,5262
"[{'E_1_0'}, {'E_1_0'}, {'E_1_0'}, {'E_1_0'}, {'W_1_0'}, {'SW_1_1'}, {'W_1_0'}, {'W_1_0'}, {'STAY_0_0'}, {'N_0_1'}]",0.028367005229365194,406,0.9187192118226601,0.9688331432915241,5262
"[{'E_1_0'}, {'E_1_0'}, {'E_1_0'}, {'E_1_0'}, {'E_1_0'}, {'E_1_0'}, {'S_0_1'}, {'S_0_1'}, {'S_0_1'}, {'STAY_0_0'}, {'E_1_0'}, {'N_0_1'}]",0.02801175907758202,218,0.8853211009174312,0.9688331432915241,5262
"[{'E_1_0'}, {'N_0_1'}, {'N_0_1'}, {'N_0_1'}, {'N_0_1'}, {'N_0_1'}, {'N_0_1'}, {'N_0_1'}, {'N_0_1'}, {'W_1_0'}, {'S_0_1'}]",0.027863592805141835,526,0.9106463878326996,0.9688331432915241,5262
"[{'NE_1_1'}, {'NE_1_1'}, {'E_1_0'}, {'NE_1_1'}, {'N_0_1'}, {'N_0_1'}, {'N_0_1'}, {'N_0_1'}, {'W_1_0'}, {'W_1_0'}]",0.027818072937857652,293,0.9146757679180887,0.9688331432915241,5262
"[{'NE_1_1'}, {'E_1_0'}, {'E_1_0'}, {'E_1_0'}, {'S_0_1'}, {'SW_1_1'}, {'W_1_0'}, {'STAY_0_0'}, {'E_1_0'}, {'E_1_0'}]",0.027818072937857652,293,0.9146757679180887,0.9688331432915241,5262
"[{'E_1_0'}, {'N_0_1'}, {'NE_1_1'}, {'W_1_0'}, {'W_1_0'}, {'E_1_0'}, {'S_0_1'}, {'S_0_1'}, {'S_0_1'}, {'S_0_1'}]",0.027800458184464527,134,0.9029850746268657,0.9688331432915241,5262
"[{'E_1_0'}, {'E_1_0'}, {'N_0_1'}, {'NE_1_1'}, {'NW_1_1'}, {'W_1_0'}, {'NW_1_1'}, {'W_1_0'}, {'W_1_0'}, {'W_1_0'}]",0.02722080070150401,147,0.9047619047619048,0.9688331432915241,5262
"[{'E_1_0'}, {'E_1_0'}, {'E_1_0'}, {'S_0_1'}, {'SW_1_1'}, {'W_1_0'}, {'W_1_0'}, {'W_1_0'}, {'E_1_0'}, {'NE_1_1'}, {'N_0_1'}, {'N_0_1'}]",0.027190860477030454,251,0.8884462151394422,0.9688331432915241,5262
"[{'E_1_0'}, {'E_1_0'}, {'E_1_0'}, {'E_1_0'}, {'S_0_1'}, {'S_0_1'}, {'S_0_1'}, {'W_1_0'}, {'W_1_0'}, {'E_1_0'}, {'STAY_0_0'}, {'W_1_0'}, {'W_1_0'}]",0.027115167125055684,209,0.8755980861244019,0.9688331432915241,5262
"[{'NE_1_1'}, {'N_0_1'}, {'E_1_0'}, {'E_1_0'}, {'E_1_0'}, {'E_1_0'}, {'NE_1_1'}, {'N_0_1'}, {'N_0_1'}, {'W_1_0'}]",0.026813081223773128,186,0.9086021505376344,0.9688331432915241,5262
"[{'E_1_0'}, {'NE_1_1'}, {'E_1_0'}, {'E_1_0'}, {'E_1_0'}, {'E_1_0'}, {'N_0_1'}, {'N_0_1'}, {'N_0_1'}, {'N_0_1'}, {'N_0_1'}, {'STAY_0_0'}, {'W_1_0'}]",0.026127302159218657,124,0.8629032258064516,0.9688331432915241,5262
"[{'N_0_1'}, {'N_0_1'}, {'E_1_0'}, {'E_1_0'}, {'E_1_0'}, {'E_1_0'}, {'S_0_1'}, {'S_0_1'}, {'W_1_0'}, {'W_1_0'}]",0.025938432077385665,353,0.9178470254957507,0.9688331432915241,5262
"[{'E_1_0'}, {'E_1_0'}, {'E_1_0'}, {'E_1_0'}, {'NE_1_1'}, {'E_1_0'}, {'W_1_0'}, {'W_1_0'}, {'SW_1_1'}, {'STAY_0_0'}]",0.02517979249070279,228,0.9122807017543859,0.9688331432915241,5262
"[{'NE_1_1'}, {'E_1_0'}, {'NE_1_1'}, {'N_0_1'}, {'N_0_1'}, {'N_0_1'}, {'N_0_1'}, {'N_0_1'}, {'N_0_1'}, {'N_0_1'}, {'W_1_0'}, {'W_1_0'}, {'W_1_0'}, {'S_0_1'}]",0.025101205796833392,115,0.8521739130434782,0.9688331432915241,5262
"[{'N_0_1'}, {'N_0_1'}, {'N_0_1'}, {'E_1_0'}, {'E_1_0'}, {'E_1_0'}, {'NE_1_1'}, {'W_1_0'}, {'S_0_1'}, {'S_0_1'}]",0.024682781468641224,124,0.9032258064516129,0.9688331432915241,5262
"[{'NE_1_1'}, {'E_1_0'}, {'E_1_0'}, {'S_0_1'}, {'W_1_0'}, {'W_1_0'}, {'W_1_0'}, {'N_0_1'}, {'N_0_1'}, {'N_0_1'}, {'STAY_0_0'}]",0.02421004902973689,262,0.9007633587786259,0.9688331432915241,5262
"[{'NE_1_1'}, {'E_1_0'}, {'S_0_1'}, {'S_0_1'}, {'W_1_0'}, {'W_1_0'}, {'W_1_0'}, {'E_1_0'}, {'N_0_1'}, {'N_0_1'}, {'N_0_1'}]",0.024090183992844127,324,0.904320987654321,0.9688331432915241,5262
"[{'NE_1_1'}, {'E_1_0'}, {'E_1_0'}, {'N_0_1'}, {'N_0_1'}, {'N_0_1'}, {'N_0_1'}, {'N_0_1'}, {'N_0_1'}, {'N_0_1'}, {'N_0_1'}]",0.02408078826821025,493,0.9107505070993914,0.9688331432915241,5262
"[{'E_1_0'}, {'S_0_1'}, {'S_0_1'}, {'W_1_0'}, {'SW_1_1'}, {'STAY_0_0'}, {'E_1_0'}, {'N_0_1'}, {'N_0_1'}, {'N_0_1'}, {'N_0_1'}, {'W_1_0'}]",0.024073893427791537,210,0.8857142857142857,0.9688331432915241,5262
"[{'E_1_0'}, {'NE_1_1'}, {'N_0_1'}, {'N_0_1'}, {'N_0_1'}, {'N_0_1'}, {'N_0_1'}, {'W_1_0'}, {'W_1_0'}, {'STAY_0_0'}, {'E_1_0'}]",0.023869170909785575,191,0.8952879581151832,0.9688331432915241,5262
"[{'NE_1_1'}, {'E_1_0'}, {'E_1_0'}, {'E_1_0'}, {'E_1_0'}, {'E_1_0'}, {'N_0_1'}, {'N_0_1'}, {'N_0_1'}, {'N_0_1'}, {'N_0_1'}, {'N_0_1'}]",0.023778650342589303,356,0.8960674157303371,0.9688331432915241,5262
"[{'E_1_0'}, {'E_1_0'}, {'NE_1_1'}, {'N_0_1'}, {'N_0_1'}, {'N_0_1'}, {'N_0_1'}, {'N_0_1'}, {'W_1_0'}, {'STAY_0_0'}, {'W_1_0'}, {'W_1_0'}]",0.02374400284064726,189,0.8835978835978836,0.9688331432915241,5262
"[{'E_1_0'}, {'E_1_0'}, {'N_0_1'}, {'N_0_1'}, {'N_0_1'}, {'N_0_1'}, {'N_0_1'}, {'N_0_1'}, {'N_0_1'}, {'N_0_1'}, {'N_0_1'}, {'N_0_1'}, {'N_0_1'}, {'E_1_0'}]",0.02366292428441108,159,0.8616352201257862,0.9688331432915241,5262
"[{'N_0_1'}, {'N_0_1'}, {'E_1_0'}, {'E_1_0'}, {'S_0_1'}, {'S_0_1'}, {'S_0_1'}, {'E_1_0'}, {'W_1_0'}, {'W_1_0'}]",0.02281044346022565,245,0.9142857142857143,0.9688331432915241,5262
"[{'E_1_0'}, {'E_1_0'}, {'E_1_0'}, {'E_1_0'}, {'E_1_0'}, {'NE_1_1'}, {'N_0_1'}, {'N_0_1'}, {'N_0_1'}, {'N_0_1'}, {'E_1_0'}, {'W_1_0'}, {'S_0_1'}]",0.022448037055213477,182,0.8736263736263736,0.9688331432915241,5262
"[{'E_1_0'}, {'N_0_1'}, {'E_1_0'}, {'E_1_0'}, {'N_0_1'}, {'N_0_1'}, {'N_0_1'}, {'N_0_1'}, {'N_0_1'}, {'STAY_0_0'}, {'W_1_0'}]",0.0220479805236381,216,0.8981481481481481,0.9688331432915241,5262
"[{'E_1_0'}, {'E_1_0'}, {'E_1_0'}, {'NE_1_1'}, {'N_0_1'}, {'NE_1_1'}, {'NW_1_1'}, {'NW_1_1'}, {'W_1_0'}, {'W_1_0'}]",0.022026150768878483,178,0.9101123595505618,0.9688331432915241,5262
"[{'N_0_1'}, {'E_1_0'}, {'E_1_0'}, {'E_1_0'}, {'NE_1_1'}, {'N_0_1'}, {'N_0_1'}, {'N_0_1'}, {'N_0_1'}, {'W_1_0'}, {'STAY_0_0'}]",0.02189593932145517,114,0.8859649122807017,0.9688331432915241,5262
"[{'E_1_0'}, {'E_1_0'}, {'E_1_0'}, {'N_0_1'}, {'N_0_1'}, {'N_0_1'}, {'N_0_1'}, {'N_0_1'}, {'N_0_1'}, {'W_1_0'}, {'STAY_0_0'}]",0.02128353791574944,392,0.9081632653061225,0.9688331432915241,5262
"[{'E_1_0'}, {'E_1_0'}, {'E_1_0'}, {'E_1_0'}, {'W_1_0'}, {'STAY_0_0'}, {'N_0_1'}, {'N_0_1'}, {'N_0_1'}, {'W_1_0'}, {'W_1_0'}]",0.02127649437964063,379,0.9076517150395779,0.9688331432915241,5262
"[{'E_1_0'}, {'E_1_0'}, {'E_1_0'}, {'E_1_0'}, {'E_1_0'}, {'E_1_0'}, {'NE_1_1'}, {'NE_1_1'}, {'N_0_1'}, {'STAY_0_0'}, {'W_1_0'}, {'W_1_0'}]",0.021266081337903087,149,0.8791946308724832,0.9688331432915241,5262
"[{'E_1_0'}, {'N_0_1'}, {'E_1_0'}, {'N_0_1'}, {'N_0_1'}, {'N_0_1'}, {'NW_1_1'}, {'N_0_1'}, {'N_0_1'}, {'E_1_0'}]",0.020932292175283584,276,0.9166666666666666,0.9688331432915241,5262
"[{'NE_1_1'}, {'NE_1_1'}, {'E_1_0'}, {'E_1_0'}, {'SE_1_1'}, {'S_0_1'}, {'S_0_1'}, {'W_1_0'}, {'E_1_0'}, {'E_1_0'}]",0.020792053304824365,234,0.9145299145299145,0.9688331432915241,5262
"[{'NE_1_1'}, {'E_1_0'}, {'E_1_0'}, {'E_1_0'}, {'E_1_0'}, {'S_0_1'}, {'S_0_1'}, {'SW_1_1'}, {'W_1_0'}, {'N_0_1'}, {'N_0_1'}]",0.020703668554462595,406,0.9088669950738916,0.9688331432915241,5262
"[{'NE_1_1'}, {'NE_1_1'}, {'N_0_1'}, {'N_0_1'}, {'N_0_1'}, {'N_0_1'}, {'N_0_1'}, {'N_0_1'}, {'N_0_1'}, {'W_1_0'}, {'W_1_0'}]",0.020638188582522643,393,0.9083969465648855,0.9688331432915241,5262
"[{'N_0_1'}, {'N_0_1'}, {'NE_1_1'}, {'E_1_0'}, {'NE_1_1'}, {'E_1_0'}, {'S_0_1'}, {'S_0_1'}, {'S_0_1'}, {'W_1_0'}, {'W_1_0'}]",0.020531024598410275,104,0.8846153846153846,0.9688331432915241,5262
"[{'E_1_0'}, {'E_1_0'}, {'N_0_1'}, {'E_1_0'}, {'N_0_1'}, {'N_0_1'}, {'N_0_1'}, {'N_0_1'}, {'N_0_1'}, {'W_1_0'}, {'W_1_0'}, {'STAY_0_0'}, {'E_1_0'}]",0.020449982876997175,126,0.8650793650793651,0.9688331432915241,5262
"[{'E_1_0'}, {'E_1_0'}, {'E_1_0'}, {'SE_1_1'}, {'S_0_1'}, {'W_1_0'}, {'SW_1_1'}, {'W_1_0'}, {'STAY_0_0'}, {'E_1_0'}, {'E_1_0'}]",0.01993195389267466,279,0.9032258064516129,0.9688331432915241,5262
"[{'E_1_0'}, {'NE_1_1'}, {'NE_1_1'}, {'E_1_0'}, {'E_1_0'}, {'SE_1_1'}, {'S_0_1'}, {'S_0_1'}, {'S_0_1'}, {'STAY_0_0'}]",0.019894647030558987,167,0.9101796407185628,0.9688331432915241,5262
"[{'E_1_0'}, {'E_1_0'}, {'N_0_1'}, {'N_0_1'}, {'E_1_0'}, {'E_1_0'}, {'E_1_0'}, {'E_1_0'}, {'S_0_1'}, {'W_1_0'}]",0.019562345162314587,264,0.9166666666666666,0.9688331432915241,5262
"[{'E_1_0'}, {'N_0_1'}, {'E_1_0'}, {'E_1_0'}, {'E_1_0'}, {'E_1_0'}, {'E_1_0'}, {'W_1_0'}, {'STAY_0_0'}, {'W_1_0'}]",0.01944987522656605,250,0.916,0.9688331432915241,5262
"[{'NE_1_1'}, {'N_0_1'}, {'E_1_0'}, {'N_0_1'}, {'N_0_1'}, {'N_0_1'}, {'N_0_1'}, {'N_0_1'}, {'W_1_0'}, {'N_0_1'}]",0.01943451853206213,222,0.9144144144144144,0.9688331432915241,5262
"[{'E_1_0'}, {'E_1_0'}, {'NE_1_1'}, {'W_1_0'}, {'W_1_0'}, {'W_1_0'}, {'STAY_0_0'}, {'E_1_0'}, {'E_1_0'}, {'W_1_0'}]",0.01943451853206213,222,0.9144144144144144,0.9688331432915241,5262
"[{'E_1_0'}, {'N_0_1'}, {'E_1_0'}, {'NE_1_1'}, {'S_0_1'}, {'S_0_1'}, {'S_0_1'}, {'E_1_0'}, {'SE_1_1'}, {'S_0_1'}]",0.019404638959687692,103,0.9029126213592233,0.9688331432915241,5262
"[{'NE_1_1'}, {'E_1_0'}, {'S_0_1'}, {'S_0_1'}, {'S_0_1'}, {'S_0_1'}, {'W_1_0'}, {'W_1_0'}, {'N_0_1'}, {'N_0_1'}, {'N_0_1'}]",0.019307367223468264,475,0.911578947368421,0.9688331432915241,5262
"[{'E_1_0'}, {'E_1_0'}, {'E_1_0'}, {'E_1_0'}, {'NE_1_1'}, {'E_1_0'}, {'E_1_0'}, {'E_1_0'}, {'W_1_0'}, {'W_1_0'}, {'STAY_0_0'}, {'E_1_0'}]",0.018947704535813514,140,0.8785714285714286,0.9688331432915241,5262
"[{'E_1_0'}, {'E_1_0'}, {'SW_1_1'}, {'W_1_0'}, {'STAY_0_0'}, {'E_1_0'}, {'E_1_0'}, {'E_1_0'}, {'W_1_0'}, {'W_1_0'}]",0.018943622240988223,265,0.9169811320754717,0.9688331432915241,5262
"[{'NE_1_1'}, {'N_0_1'}, {'E_1_0'}, {'N_0_1'}, {'N_0_1'}, {'N_0_1'}, {'N_0_1'}, {'N_0_1'}, {'E_1_0'}, {'N_0_1'}]",0.018714488720631084,223,0.9147982062780269,0.9688331432915241,5262
"[{'NE_1_1'}, {'N_0_1'}, {'N_0_1'}, {'E_1_0'}, {'N_0_1'}, {'N_0_1'}, {'N_0_1'}, {'N_0_1'}, {'S_0_1'}, {'S_0_1'}, {'W_1_0'}]",0.018411684332021006,105,0.8857142857142857,0.9688331432915241,5262
"[{'N_0_1'}, {'N_0_1'}, {'N_0_1'}, {'N_0_1'}, {'N_0_1'}, {'N_0_1'}, {'NW_1_1'}, {'N_0_1'}, {'N_0_1'}, {'E_1_0'}, {'W_1_0'}]",0.017946414229587315,127,0.889763779527559,0.9688331432915241,5262
"[{'NE_1_1'}, {'E_1_0'}, {'NE_1_1'}, {'E_1_0'}, {'E_1_0'}, {'SE_1_1'}, {'S_0_1'}, {'W_1_0'}, {'STAY_0_0'}, {'E_1_0'}, {'W_1_0'}, {'W_1_0'}]",0.017883634488710887,101,0.8712871287128713,0.9688331432915241,5262
"[{'E_1_0'}, {'E_1_0'}, {'E_1_0'}, {'SE_1_1'}, {'S_0_1'}, {'E_1_0'}, {'N_0_1'}, {'N_0_1'}, {'STAY_0_0'}, {'W_1_0'}]",0.01772690484145767,267,0.9176029962546817,0.9688331432915241,5262
"[{'E_1_0'}, {'NE_1_1'}, {'N_0_1'}, {'N_0_1'}, {'N_0_1'}, {'N_0_1'}, {'N_0_1'}, {'N_0_1'}, {'STAY_0_0'}, {'E_1_0'}]",0.017305079561860892,211,0.9146919431279621,0.9688331432915241,5262
"[{'E_1_0'}, {'E_1_0'}, {'E_1_0'}, {'E_1_0'}, {'NE_1_1'}, {'E_1_0'}, {'E_1_0'}, {'N_0_1'}, {'NW_1_1'}, {'N_0_1'}, {'E_1_0'}]",0.017060152317324384,150,0.8933333333333333,0.9688331432915241,5262
"[{'E_1_0'}, {'E_1_0'}, {'E_1_0'}, {'E_1_0'}, {'E_1_0'}, {'NE_1_1'}, {'N_0_1'}, {'N_0_1'}, {'N_0_1'}, {'NW_1_1'}, {'W_1_0'}, {'W_1_0'}, {'W_1_0'}, {'E_1_0'}]",0.0169457846450225,126,0.8571428571428571,0.9688331432915241,5262
"[{'E_1_0'}, {'E_1_0'}, {'E_1_0'}, {'E_1_0'}, {'E_1_0'}, {'E_1_0'}, {'W_1_0'}, {'W_1_0'}, {'SW_1_1'}, {'STAY_0_0'}, {'E_1_0'}]",0.016725737710107325,386,0.9093264248704663,0.9688331432915241,5262
"[{'NE_1_1'}, {'E_1_0'}, {'E_1_0'}, {'E_1_0'}, {'E_1_0'}, {'S_0_1'}, {'S_0_1'}, {'S_0_1'}, {'W_1_0'}, {'N_0_1'}, {'N_0_1'}, {'N_0_1'}]",0.01671148216444751,364,0.8983516483516484,0.9688331432915241,5262
"[{'E_1_0'}, {'E_1_0'}, {'E_1_0'}, {'E_1_0'}, {'E_1_0'}, {'E_1_0'}, {'E_1_0'}, {'S_0_1'}, {'W_1_0'}, {'STAY_0_0'}, {'NE_1_1'}]",0.016562347209951533,209,0.8995215311004785,0.9688331432915241,5262
"[{'E_1_0'}, {'E_1_0'}, {'S_0_1'}, {'S_0_1'}, {'SW_1_1'}, {'S_0_1'}, {'STAY_0_0'}, {'E_1_0'}, {'N_0_1'}, {'N_0_1'}]",0.01653719291404332,269,0.9182156133828996,0.9688331432915241,5262
"[{'NE_1_1'}, {'E_1_0'}, {'W_1_0'}, {'S_0_1'}, {'W_1_0'}, {'W_1_0'}, {'W_1_0'}, {'E_1_0'}, {'E_1_0'}, {'N_0_1'}]",0.015952232923868048,270,0.9185185185185185,0.9688331432915241,5262
"[{'NE_1_1'}, {'E_1_0'}, {'N_0_1'}, {'E_1_0'}, {'N_0_1'}, {'N_0_1'}, {'N_0_1'}, {'N_0_1'}, {'N_0_1'}, {'W_1_0'}, {'N_0_1'}]",0.01555105423245029,186,0.8978494623655914,0.9688331432915241,5262
"[{'E_1_0'}, {'E_1_0'}, {'NE_1_1'}, {'E_1_0'}, {'E_1_0'}, {'W_1_0'}, {'W_1_0'}, {'W_1_0'}, {'W_1_0'}, {'STAY_0_0'}, {'E_1_0'}]",0.015272127708904737,310,0.9064516129032258,0.9688331432915241,5262
"[{'E_1_0'}, {'NE_1_1'}, {'E_1_0'}, {'NE_1_1'}, {'E_1_0'}, {'S_0_1'}, {'S_0_1'}, {'W_1_0'}, {'N_0_1'}, {'N_0_1'}, {'N_0_1'}]",0.014938615637706487,163,0.8957055214723927,0.9688331432915241,5262
"[{'S_0_1'}, {'W_1_0'}, {'W_1_0'}, {'W_1_0'}, {'STAY_0_0'}, {'E_1_0'}, {'NE_1_1'}, {'N_0_1'}, {'N_0_1'}, {'N_0_1'}, {'N_0_1'}, {'N_0_1'}]",0.014869778304620551,142,0.8802816901408451,0.9688331432915241,5262
"[{'N_0_1'}, {'N_0_1'}, {'E_1_0'}, {'N_0_1'}, {'E_1_0'}, {'S_0_1'}, {'S_0_1'}, {'S_0_1'}, {'S_0_1'}, {'W_1_0'}, {'W_1_0'}, {'W_1_0'}]",0.014869778304620551,142,0.8802816901408451,0.9688331432915241,5262
"[{'E_1_0'}, {'NE_1_1'}, {'E_1_0'}, {'E_1_0'}, {'E_1_0'}, {'E_1_0'}, {'W_1_0'}, {'SW_1_1'}, {'N_0_1'}, {'N_0_1'}, {'N_0_1'}]",0.01485203390482348,235,0.902127659574468,0.9688331432915241,5262
"[{'E_1_0'}, {'E_1_0'}, {'E_1_0'}, {'E_1_0'}, {'E_1_0'}, {'E_1_0'}, {'NE_1_1'}, {'N_0_1'}, {'NE_1_1'}, {'S_0_1'}]",0.014803856276636496,243,0.9176954732510288,0.9688331432915241,5262
"[{'E_1_0'}, {'E_1_0'}, {'E_1_0'}, {'W_1_0'}, {'W_1_0'}, {'N_0_1'}, {'N_0_1'}, {'N_0_1'}, {'STAY_0_0'}, {'W_1_0'}, {'W_1_0'}]",0.014651287692440507,298,0.9060402684563759,0.9688331432915241,5262
"[{'E_1_0'}, {'E_1_0'}, {'E_1_0'}, {'E_1_0'}, {'E_1_0'}, {'E_1_0'}, {'N_0_1'}, {'E_1_0'}, {'N_0_1'}, {'N_0_1'}, {'N_0_1'}, {'STAY_0_0'}, {'W_1_0'}, {'W_1_0'}]",0.014622939238144284,219,0.8721461187214612,0.9688331432915241,5262
"[{'N_0_1'}, {'NE_1_1'}, {'E_1_0'}, {'E_1_0'}, {'SE_1_1'}, {'E_1_0'}, {'E_1_0'}, {'S_0_1'}, {'S_0_1'}, {'W_1_0'}]",0.014384629899179435,187,0.9144385026737968,0.9688331432915241,5262
"[{'N_0_1'}, {'N_0_1'}, {'N_0_1'}, {'N_0_1'}, {'E_1_0'}, {'E_1_0'}, {'E_1_0'}, {'E_1_0'}, {'S_0_1'}, {'S_0_1'}, {'S_0_1'}]",0.01434904343428589,187,0.8983957219251337,0.9688331432915241,5262
"[{'NE_1_1'}, {'E_1_0'}, {'E_1_0'}, {'E_1_0'}, {'N_0_1'}, {'N_0_1'}, {'N_0_1'}, {'N_0_1'}, {'N_0_1'}, {'W_1_0'}, {'S_0_1'}, {'W_1_0'}, {'W_1_0'}]",0.013874111576558046,110,0.8636363636363636,0.9688331432915241,5262
"[{'NE_1_1'}, {'E_1_0'}, {'N_0_1'}, {'E_1_0'}, {'N_0_1'}, {'N_0_1'}, {'N_0_1'}, {'N_0_1'}, {'N_0_1'}, {'E_1_0'}, {'N_0_1'}, {'W_1_0'}, {'W_1_0'}]",0.013818151282709912,101,0.8613861386138614,0.9688331432915241,5262
"[{'NE_1_1'}, {'E_1_0'}, {'E_1_0'}, {'E_1_0'}, {'E_1_0'}, {'E_1_0'}, {'E_1_0'}, {'W_1_0'}, {'W_1_0'}, {'N_0_1'}, {'N_0_1'}, {'N_0_1'}]",0.013547997951885438,251,0.8924302788844621,0.9688331432915241,5262
"[{'N_0_1'}, {'N_0_1'}, {'E_1_0'}, {'NE_1_1'}, {'E_1_0'}, {'E_1_0'}, {'E_1_0'}, {'E_1_0'}, {'S_0_1'}, {'S_0_1'}, {'S_0_1'}]",0.013286831369289764,176,0.8977272727272727,0.9688331432915241,5262
"[{'N_0_1'}, {'N_0_1'}, {'E_1_0'}, {'E_1_0'}, {'E_1_0'}, {'E_1_0'}, {'S_0_1'}, {'SW_1_1'}, {'S_0_1'}, {'SW_1_1'}]",0.012830888782792704,189,0.9153439153439153,0.9688331432915241,5262
"[{'NE_1_1'}, {'E_1_0'}, {'N_0_1'}, {'N_0_1'}, {'N_0_1'}, {'N_0_1'}, {'N_0_1'}, {'N_0_1'}, {'N_0_1'}, {'W_1_0'}, {'W_1_0'}]",0.012507841086657479,558,0.9157706093189965,0.9688331432915241,5262
"[{'N_0_1'}, {'N_0_1'}, {'E_1_0'}, {'N_0_1'}, {'E_1_0'}, {'E_1_0'}, {'E_1_0'}, {'S_0_1'}, {'S_0_1'}, {'W_1_0'}, {'W_1_0'}, {'W_1_0'}]",0.012366192494810746,133,0.8796992481203008,0.9688331432915241,5262
"[{'NE_1_1'}, {'E_1_0'}, {'N_0_1'}, {'N_0_1'}, {'N_0_1'}, {'N_0_1'}, {'N_0_1'}, {'N_0_1'}, {'N_0_1'}, {'N_0_1'}, {'W_1_0'}]",0.012106873646774097,489,0.9141104294478528,0.9688331432915241,5262
"[{'NE_1_1'}, {'E_1_0'}, {'NE_1_1'}, {'SE_1_1'}, {'S_0_1'}, {'W_1_0'}, {'W_1_0'}, {'W_1_0'}, {'W_1_0'}, {'N_0_1'}, {'N_0_1'}]",0.011999207442564108,189,0.8994708994708994,0.9688331432915241,5262
"[{'E_1_0'}, {'E_1_0'}, {'E_1_0'}, {'E_1_0'}, {'NE_1_1'}, {'N_0_1'}, {'N_0_1'}, {'N_0_1'}, {'N_0_1'}, {'N_0_1'}, {'N_0_1'}, {'W_1_0'}, {'E_1_0'}]",0.01185001039637168,218,0.8807339449541285,0.9688331432915241,5262
"[{'E_1_0'}, {'E_1_0'}, {'N_0_1'}, {'N_0_1'}, {'N_0_1'}, {'N_0_1'}, {'N_0_1'}, {'N_0_1'}, {'N_0_1'}, {'W_1_0'}, {'W_1_0'}, {'S_0_1'}]",0.011413145577516937,545,0.9064220183486239,0.9688331432915241,5262
"[{'E_1_0'}, {'E_1_0'}, {'E_1_0'}, {'N_0_1'}, {'N_0_1'}, {'N_0_1'}, {'N_0_1'}, {'N_0_1'}, {'N_0_1'}, {'N_0_1'}, {'W_1_0'}, {'S_0_1'}]",0.010360337389927032,534,0.9063670411985019,0.9688331432915241,5262
"[{'E_1_0'}, {'E_1_0'}, {'E_1_0'}, {'W_1_0'}, {'W_1_0'}, {'W_1_0'}, {'W_1_0'}, {'W_1_0'}, {'STAY_0_0'}, {'E_1_0'}, {'E_1_0'}]",0.010159816015896439,493,0.9148073022312373,0.9688331432915241,5262
"[{'NE_1_1'}, {'NE_1_1'}, {'E_1_0'}, {'E_1_0'}, {'S_0_1'}, {'S_0_1'}, {'SW_1_1'}, {'W_1_0'}, {'W_1_0'}, {'STAY_0_0'}, {'E_1_0'}, {'E_1_0'}]",0.009849809764320927,124,0.8790322580645161,0.9688331432915241,5262
"[{'E_1_0'}, {'E_1_0'}, {'E_1_0'}, {'N_0_1'}, {'E_1_0'}, {'E_1_0'}, {'NE_1_1'}, {'E_1_0'}, {'E_1_0'}, {'E_1_0'}, {'W_1_0'}]",0.009688859931300975,167,0.8982035928143712,0.9688331432915241,5262
"[{'E_1_0'}, {'E_1_0'}, {'E_1_0'}, {'N_0_1'}, {'N_0_1'}, {'N_0_1'}, {'N_0_1'}, {'N_0_1'}, {'N_0_1'}, {'W_1_0'}, {'N_0_1'}, {'N_0_1'}, {'S_0_1'}]",0.009498146833799792,159,0.8742138364779874,0.9688331432915241,5262
"[{'NE_1_1'}, {'E_1_0'}, {'E_1_0'}, {'E_1_0'}, {'E_1_0'}, {'W_1_0'}, {'W_1_0'}, {'W_1_0'}, {'W_1_0'}, {'STAY_0_0'}, {'E_1_0'}]",0.009472200847427281,371,0.9110512129380054,0.9688331432915241,5262
"[{'NE_1_1'}, {'E_1_0'}, {'E_1_0'}, {'S_0_1'}, {'S_0_1'}, {'S_0_1'}, {'W_1_0'}, {'W_1_0'}, {'N_0_1'}, {'N_0_1'}, {'STAY_0_0'}]",0.009334660130541184,292,0.9075342465753424,0.9688331432915241,5262
"[{'E_1_0'}, {'S_0_1'}, {'S_0_1'}, {'SW_1_1'}, {'W_1_0'}, {'W_1_0'}, {'STAY_0_0'}, {'E_1_0'}, {'E_1_0'}, {'E_1_0'}, {'NE_1_1'}]",0.009032845173880366,121,0.8925619834710744,0.9688331432915241,5262
"[{'N_0_1'}, {'N_0_1'}, {'E_1_0'}, {'SE_1_1'}, {'E_1_0'}, {'S_0_1'}, {'S_0_1'}, {'S_0_1'}, {'S_0_1'}, {'W_1_0'}, {'STAY_0_0'}]",0.008612580806330317,110,0.8909090909090909,0.9688331432915241,5262
"[{'NE_1_1'}, {'E_1_0'}, {'E_1_0'}, {'NE_1_1'}, {'N_0_1'}, {'NE_1_1'}, {'N_0_1'}, {'W_1_0'}, {'W_1_0'}, {'W_1_0'}, {'W_1_0'}]",0.008604778066120478,192,0.9010416666666666,0.9688331432915241,5262
"[{'E_1_0'}, {'E_1_0'}, {'NE_1_1'}, {'E_1_0'}, {'E_1_0'}, {'E_1_0'}, {'W_1_0'}, {'W_1_0'}, {'W_1_0'}, {'STAY_0_0'}, {'E_1_0'}]",0.00857548357726623,293,0.9078498293515358,0.9688331432915241,5262
"[{'N_0_1'}, {'E_1_0'}, {'E_1_0'}, {'E_1_0'}, {'NE_1_1'}, {'N_0_1'}, {'N_0_1'}, {'N_0_1'}, {'N_0_1'}, {'STAY_0_0'}]",0.008451170795851448,195,0.9179487179487179,0.9688331432915241,5262
"[{'NE_1_1'}, {'E_1_0'}, {'NE_1_1'}, {'E_1_0'}, {'S_0_1'}, {'S_0_1'}, {'W_1_0'}, {'N_0_1'}, {'N_0_1'}, {'N_0_1'}, {'N_0_1'}]",0.008431709249013375,168,0.8988095238095238,0.9688331432915241,5262
"[{'NE_1_1'}, {'NE_1_1'}, {'NE_1_1'}, {'NE_1_1'}, {'E_1_0'}, {'W_1_0'}, {'W_1_0'}, {'SW_1_1'}, {'W_1_0'}, {'W_1_0'}]",0.008390529555227788,125,0.912,0.9688331432915241,5262
"[{'E_1_0'}, {'E_1_0'}, {'E_1_0'}, {'S_0_1'}, {'S_0_1'}, {'W_1_0'}, {'SW_1_1'}, {'W_1_0'}, {'N_0_1'}, {'N_0_1'}, {'N_0_1'}]",0.008296527529865316,640,0.91875,0.9688331432915241,5262
"[{'NE_1_1'}, {'E_1_0'}, {'E_1_0'}, {'E_1_0'}, {'E_1_0'}, {'W_1_0'}, {'SW_1_1'}, {'W_1_0'}, {'W_1_0'}, {'STAY_0_0'}, {'W_1_0'}, {'W_1_0'}]",0.00801343932970111,233,0.8927038626609443,0.9688331432915241,5262
"[{'E_1_0'}, {'E_1_0'}, {'E_1_0'}, {'E_1_0'}, {'N_0_1'}, {'N_0_1'}, {'N_0_1'}, {'N_0_1'}, {'N_0_1'}, {'NE_1_1'}, {'S_0_1'}]",0.0077132377558840615,347,0.9106628242074928,0.9688331432915241,5262
"[{'NE_1_1'}, {'N_0_1'}, {'N_0_1'}, {'N_0_1'}, {'N_0_1'}, {'N_0_1'}, {'N_0_1'}, {'W_1_0'}, {'N_0_1'}, {'E_1_0'}, {'E_1_0'}]",0.0075472710560073875,145,0.896551724137931,0.9688331432915241,5262
"[{'E_1_0'}, {'E_1_0'}, {'E_1_0'}, {'W_1_0'}, {'W_1_0'}, {'W_1_0'}, {'W_1_0'}, {'W_1_0'}, {'W_1_0'}, {'STAY_0_0'}, {'E_1_0'}, {'E_1_0'}]",0.0073491697767925634,339,0.8997050147492626,0.9688331432915241,5262
"[{'E_1_0'}, {'E_1_0'}, {'E_1_0'}, {'E_1_0'}, {'N_0_1'}, {'E_1_0'}, {'W_1_0'}, {'W_1_0'}, {'W_1_0'}, {'S_0_1'}, {'S_0_1'}]",0.007168856255897582,308,0.9090909090909091,0.9688331432915241,5262
"[{'E_1_0'}, {'E_1_0'}, {'E_1_0'}, {'E_1_0'}, {'E_1_0'}, {'E_1_0'}, {'E_1_0'}, {'W_1_0'}, {'SW_1_1'}, {'STAY_0_0'}, {'E_1_0'}]",0.00645104484222736,376,0.9122340425531915,0.9688331432915241,5262
"[{'N_0_1'}, {'N_0_1'}, {'N_0_1'}, {'N_0_1'}, {'N_0_1'}, {'N_0_1'}, {'N_0_1'}, {'W_1_0'}, {'W_1_0'}, {'W_1_0'}, {'S_0_1'}]",0.006170656129341201,573,0.9179755671902269,0.9688331432915241,5262
"[{'NE_1_1'}, {'E_1_0'}, {'N_0_1'}, {'E_1_0'}, {'E_1_0'}, {'E_1_0'}, {'E_1_0'}, {'E_1_0'}, {'E_1_0'}, {'E_1_0'}, {'W_1_0'}]",0.005980438465183813,170,0.9,0.9688331432915241,5262
"[{'E_1_0'}, {'NE_1_1'}, {'E_1_0'}, {'N_0_1'}, {'NE_1_1'}, {'E_1_0'}, {'E_1_0'}, {'E_1_0'}, {'S_0_1'}, {'S_0_1'}]",0.005681165227721774,114,0.9122807017543859,0.9688331432915241,5262
"[{'NE_1_1'}, {'E_1_0'}, {'E_1_0'}, {'E_1_0'}, {'N_0_1'}, {'N_0_1'}, {'N_0_1'}, {'N_0_1'}, {'N_0_1'}, {'N_0_1'}, {'W_1_0'}, {'W_1_0'}]",0.005644908657747361,341,0.9002932551319648,0.9688331432915241,5262
"[{'NE_1_1'}, {'E_1_0'}, {'E_1_0'}, {'N_0_1'}, {'E_1_0'}, {'S_0_1'}, {'W_1_0'}, {'W_1_0'}, {'W_1_0'}, {'W_1_0'}, {'W_1_0'}, {'W_1_0'}]",0.005564786256762266,126,0.8809523809523809,0.9688331432915241,5262
"[{'E_1_0'}, {'E_1_0'}, {'N_0_1'}, {'N_0_1'}, {'N_0_1'}, {'N_0_1'}, {'N_0_1'}, {'N_0_1'}, {'N_0_1'}, {'W_1_0'}, {'W_1_0'}, {'W_1_0'}, {'S_0_1'}, {'S_0_1'}]",0.005376144383764325,234,0.8760683760683761,0.9688331432915241,5262
"[{'E_1_0'}, {'E_1_0'}, {'E_1_0'}, {'E_1_0'}, {'E_1_0'}, {'E_1_0'}, {'E_1_0'}, {'E_1_0'}, {'E_1_0'}, {'STAY_0_0'}, {'W_1_0'}]",0.0053628841321858856,575,0.9182608695652174,0.9688331432915241,5262
"[{'NE_1_1'}, {'E_1_0'}, {'N_0_1'}, {'E_1_0'}, {'N_0_1'}, {'N_0_1'}, {'N_0_1'}, {'N_0_1'}, {'N_0_1'}, {'N_0_1'}, {'N_0_1'}, {'N_0_1'}, {'W_1_0'}, {'W_1_0'}]",0.005191766674392584,148,0.8648648648648649,0.9688331432915241,5262
"[{'N_0_1'}, {'N_0_1'}, {'N_0_1'}, {'N_0_1'}, {'N_0_1'}, {'N_0_1'}, {'N_0_1'}, {'N_0_1'}, {'W_1_0'}, {'W_1_0'}, {'S_0_1'}]",0.005179229816130726,561,0.9180035650623886,0.9688331432915241,5262
"[{'E_1_0'}, {'E_1_0'}, {'E_1_0'}, {'S_0_1'}, {'S_0_1'}, {'W_1_0'}, {'W_1_0'}, {'W_1_0'}, {'STAY_0_0'}, {'N_0_1'}, {'N_0_1'}, {'N_0_1'}, {'N_0_1'}]",0.004707447379606489,320,0.890625,0.9688331432915241,5262
"[{'NE_1_1'}, {'E_1_0'}, {'E_1_0'}, {'E_1_0'}, {'E_1_0'}, {'NE_1_1'}, {'W_1_0'}, {'W_1_0'}, {'W_1_0'}, {'W_1_0'}, {'W_1_0'}]",0.004694405460458628,379,0.9129287598944591,0.9688331432915241,5262
"[{'NE_1_1'}, {'E_1_0'}, {'NE_1_1'}, {'N_0_1'}, {'N_0_1'}, {'N_0_1'}, {'N_0_1'}, {'N_0_1'}, {'W_1_0'}, {'W_1_0'}, {'W_1_0'}, {'W_1_0'}]",0.00434570629653841,367,0.9019073569482289,0.9688331432915241,5262
"[{'NE_1_1'}, {'E_1_0'}, {'E_1_0'}, {'E_1_0'}, {'SW_1_1'}, {'W_1_0'}, {'W_1_0'}, {'W_1_0'}, {'STAY_0_0'}, {'E_1_0'}, {'E_1_0'}]",0.004119012712318626,234,0.905982905982906,0.9688331432915241,5262
"[{'E_1_0'}, {'N_0_1'}, {'N_0_1'}, {'N_0_1'}, {'N_0_1'}, {'N_0_1'}, {'N_0_1'}, {'W_1_0'}, {'W_1_0'}, {'W_1_0'}, {'W_1_0'}, {'W_1_0'}, {'S_0_1'}, {'S_0_1'}]",0.004093007337486965,167,0.8682634730538922,0.9688331432915241,5262
"[{'N_0_1'}, {'N_0_1'}, {'N_0_1'}, {'W_1_0'}, {'S_0_1'}, {'E_1_0'}, {'E_1_0'}, {'W_1_0'}, {'W_1_0'}, {'W_1_0'}]",0.003950980530247339,102,0.9117647058823529,0.9688331432915241,5262
"[{'E_1_0'}, {'E_1_0'}, {'S_0_1'}, {'S_0_1'}, {'W_1_0'}, {'STAY_0_0'}, {'E_1_0'}, {'N_0_1'}, {'N_0_1'}, {'N_0_1'}, {'N_0_1'}, {'W_1_0'}]",0.0039278067561894225,225,0.8933333333333333,0.9688331432915241,5262
"[{'NE_1_1'}, {'E_1_0'}, {'E_1_0'}, {'E_1_0'}, {'E_1_0'}, {'N_0_1'}, {'N_0_1'}, {'N_0_1'}, {'N_0_1'}, {'E_1_0'}, {'E_1_0'}, {'E_1_0'}]",0.003492167175627614,127,0.8818897637795275,0.9688331432915241,5262
"[{'NE_1_1'}, {'E_1_0'}, {'E_1_0'}, {'E_1_0'}, {'E_1_0'}, {'E_1_0'}, {'E_1_0'}, {'E_1_0'}, {'W_1_0'}, {'W_1_0'}, {'N_0_1'}]",0.003291110117642604,327,0.9113149847094801,0.9688331432915241,5262
"[{'E_1_0'}, {'E_1_0'}, {'E_1_0'}, {'E_1_0'}, {'E_1_0'}, {'E_1_0'}, {'E_1_0'}, {'E_1_0'}, {'E_1_0'}, {'E_1_0'}, {'W_1_0'}, {'STAY_0_0'}]",0.0031387079491302927,431,0.9048723897911833,0.9688331432915241,5262
"[{'E_1_0'}, {'E_1_0'}, {'E_1_0'}, {'E_1_0'}, {'E_1_0'}, {'N_0_1'}, {'N_0_1'}, {'N_0_1'}, {'N_0_1'}, {'N_0_1'}, {'W_1_0'}, {'S_0_1'}]",0.003002689236217826,521,0.9078694817658349,0.9688331432915241,5262
"[{'N_0_1'}, {'E_1_0'}, {'E_1_0'}, {'W_1_0'}, {'W_1_0'}, {'W_1_0'}, {'N_0_1'}, {'N_0_1'}, {'N_0_1'}, {'W_1_0'}, {'W_1_0'}]",0.002818644871114051,185,0.9027027027027027,0.9688331432915241,5262
"[{'E_1_0'}, {'E_1_0'}, {'E_1_0'}, {'NE_1_1'}, {'E_1_0'}, {'E_1_0'}, {'E_1_0'}, {'SW_1_1'}, {'W_1_0'}, {'W_1_0'}, {'W_1_0'}, {'STAY_0_0'}, {'E_1_0'}]",0.002389696599737534,133,0.8721804511278195,0.9688331432915241,5262
"[{'E_1_0'}, {'E_1_0'}, {'E_1_0'}, {'S_0_1'}, {'S_0_1'}, {'W_1_0'}, {'W_1_0'}, {'SW_1_1'}, {'STAY_0_0'}, {'E_1_0'}, {'W_1_0'}]",0.0017635747461755003,412,0.9150485436893204,0.9688331432915241,5262
"[{'E_1_0'}, {'N_0_1'}, {'NE_1_1'}, {'N_0_1'}, {'N_0_1'}, {'W_1_0'}, {'N_0_1'}, {'N_0_1'}, {'N_0_1'}, {'E_1_0'}]",0.001709030128860256,132,0.9166666666666666,0.9688331432915241,5262
"[{'E_1_0'}, {'E_1_0'}, {'NE_1_1'}, {'E_1_0'}, {'S_0_1'}, {'S_0_1'}, {'S_0_1'}, {'S_0_1'}, {'W_1_0'}, {'SW_1_1'}, {'NE_1_1'}]",0.001628423649513433,224,0.90625,0.9688331432915241,5262
"[{'NE_1_1'}, {'NE_1_1'}, {'N_0_1'}, {'N_0_1'}, {'N_0_1'}, {'N_0_1'}, {'NE_1_1'}, {'N_0_1'}, {'N_0_1'}, {'N_0_1'}, {'W_1_0'}]",0.001248240615520313,199,0.9045226130653267,0.9688331432915241,5262
"[{'N_0_1'}, {'E_1_0'}, {'NE_1_1'}, {'E_1_0'}, {'W_1_0'}, {'SW_1_1'}, {'W_1_0'}, {'W_1_0'}, {'W_1_0'}, {'E_1_0'}]",0.0011747523532235071,147,0.9183673469387755,0.9688331432915241,5262
"[{'NE_1_1'}, {'E_1_0'}, {'N_0_1'}, {'N_0_1'}, {'N_0_1'}, {'N_0_1'}, {'W_1_0'}, {'N_0_1'}, {'W_1_0'}, {'N_0_1'}, {'W_1_0'}]",0.0009971146124699848,162,0.9012345679012346,0.9688331432915241,5262
"[{'S_0_1'}, {'S_0_1'}, {'S_0_1'}, {'W_1_0'}, {'W_1_0'}, {'W_1_0'}, {'W_1_0'}, {'STAY_0_0'}, {'NE_1_1'}, {'NE_1_1'}, {'W_1_0'}]",0.0009224016666021795,212,0.9056603773584906,0.9688331432915241,5262
"[{'N_0_1'}, {'E_1_0'}, {'N_0_1'}, {'N_0_1'}, {'N_0_1'}, {'N_0_1'}, {'N_0_1'}, {'N_0_1'}, {'N_0_1'}, {'E_1_0'}, {'W_1_0'}]",0.0009185574553001175,277,0.9097472924187726,0.9688331432915241,5262
"[{'E_1_0'}, {'E_1_0'}, {'E_1_0'}, {'W_1_0'}, {'W_1_0'}, {'STAY_0_0'}, {'E_1_0'}, {'N_0_1'}, {'N_0_1'}, {'N_0_1'}, {'N_0_1'}, {'W_1_0'}]",0.0003405495536364933,228,0.8947368421052632,0.9688331432915241,5262
"[{'E_1_0'}, {'N_0_1'}, {'N_0_1'}, {'N_0_1'}, {'N_0_1'}, {'N_0_1'}, {'N_0_1'}, {'N_0_1'}, {'N_0_1'}, {'N_0_1'}, {'S_0_1'}]",3.899786171668307e-05,501,0.9181636726546906,0.9688331432915241,5262
"[{'N_0_1'}, {'N_0_1'}, {'N_0_1'}, {'N_0_1'}, {'NE_1_1'}, {'E_1_0'}, {'NE_1_1'}, {'E_1_0'}, {'E_1_0'}, {'S_0_1'}]",-1.1802861531684528e-05,134,0.917910447761194,0.9688331432915241,5262
"[{'N_0_1'}, {'N_0_1'}, {'N_0_1'}, {'N_0_1'}, {'N_0_1'}, {'N_0_1'}, {'N_0_1'}, {'N_0_1'}, {'N_0_1'}, {'W_1_0'}, {'S_0_1'}]",-0.000177131428540811,516,0.9186046511627907,0.9688331432915241,5262
"[{'E_1_0'}, {'E_1_0'}, {'E_1_0'}, {'E_1_0'}, {'E_1_0'}, {'E_1_0'}, {'W_1_0'}, {'SW_1_1'}, {'W_1_0'}, {'STAY_0_0'}, {'E_1_0'}, {'E_1_0'}]",-0.0006935487230304016,264,0.8977272727272727,0.9688331432915241,5262
"[{'N_0_1'}, {'N_0_1'}, {'N_0_1'}, {'W_1_0'}, {'W_1_0'}, {'SW_1_1'}, {'W_1_0'}, {'W_1_0'}, {'W_1_0'}, {'W_1_0'}, {'W_1_0'}]",-0.0007191533630486191,201,0.9054726368159204,0.9688331432915241,5262
"[{'N_0_1'}, {'N_0_1'}, {'N_0_1'}, {'N_0_1'}, {'N_0_1'}, {'N_0_1'}, {'W_1_0'}, {'SW_1_1'}, {'W_1_0'}, {'W_1_0'}, {'W_1_0'}]",-0.0007600848959454787,266,0.9097744360902256,0.9688331432915241,5262
"[{'N_0_1'}, {'N_0_1'}, {'E_1_0'}, {'N_0_1'}, {'W_1_0'}, {'W_1_0'}, {'W_1_0'}, {'W_1_0'}, {'S_0_1'}, {'W_1_0'}, {'W_1_0'}]",-0.0009314369185589033,214,0.9065420560747663,0.9688331432915241,5262
"[{'E_1_0'}, {'NE_1_1'}, {'E_1_0'}, {'NE_1_1'}, {'NE_1_1'}, {'NE_1_1'}, {'N_0_1'}, {'N_0_1'}, {'N_0_1'}, {'N_0_1'}, {'N_0_1'}]",-0.0009380568264898415,104,0.8942307692307693,0.9688331432915241,5262
"[{'E_1_0'}, {'E_1_0'}, {'N_0_1'}, {'N_0_1'}, {'N_0_1'}, {'N_0_1'}, {'N_0_1'}, {'N_0_1'}, {'N_0_1'}, {'N_0_1'}, {'W_1_0'}, {'S_0_1'}]",-0.0010137833511298933,502,0.9083665338645418,0.9688331432915241,5262
"[{'NE_1_1'}, {'E_1_0'}, {'E_1_0'}, {'E_1_0'}, {'E_1_0'}, {'S_0_1'}, {'W_1_0'}, {'STAY_0_0'}, {'E_1_0'}, {'E_1_0'}, {'W_1_0'}]",-0.0010213622287684743,227,0.9074889867841409,0.9688331432915241,5262
"[{'E_1_0'}, {'E_1_0'}, {'NE_1_1'}, {'E_1_0'}, {'E_1_0'}, {'E_1_0'}, {'W_1_0'}, {'W_1_0'}, {'W_1_0'}, {'W_1_0'}, {'STAY_0_0'}, {'E_1_0'}]",-0.0012447791599397018,241,0.8962655601659751,0.9688331432915241,5262
"[{'E_1_0'}, {'E_1_0'}, {'NE_1_1'}, {'E_1_0'}, {'E_1_0'}, {'E_1_0'}, {'SW_1_1'}, {'W_1_0'}, {'W_1_0'}, {'STAY_0_0'}, {'E_1_0'}, {'E_1_0'}]",-0.0012527430554509777,140,0.8857142857142857,0.9688331432915241,5262
"[{'E_1_0'}, {'NE_1_1'}, {'N_0_1'}, {'N_0_1'}, {'N_0_1'}, {'N_0_1'}, {'N_0_1'}, {'N_0_1'}, {'W_1_0'}, {'S_0_1'}, {'W_1_0'}, {'W_1_0'}]",-0.0015450988727825354,184,0.8913043478260869,0.9688331432915241,5262
"[{'NE_1_1'}, {'E_1_0'}, {'E_1_0'}, {'S_0_1'}, {'W_1_0'}, {'S_0_1'}, {'W_1_0'}, {'W_1_0'}, {'N_0_1'}, {'N_0_1'}, {'N_0_1'}]",-0.0019546871636215712,377,0.9151193633952255,0.9688331432915241,5262
"[{'E_1_0'}, {'E_1_0'}, {'E_1_0'}, {'E_1_0'}, {'S_0_1'}, {'W_1_0'}, {'W_1_0'}, {'W_1_0'}, {'W_1_0'}, {'SW_1_1'}, {'E_1_0'}, {'W_1_0'}]",-0.0022344652095689366,326,0.901840490797546,0.9688331432915241,5262
"[{'NE_1_1'}, {'E_1_0'}, {'S_0_1'}, {'W_1_0'}, {'W_1_0'}, {'W_1_0'}, {'W_1_0'}, {'E_1_0'}, {'E_1_0'}, {'N_0_1'}, {'N_0_1'}, {'N_0_1'}]",-0.002341440404210804,242,0.8966942148760331,0.9688331432915241,5262
"[{'SW_1_1'}, {'SW_1_1'}, {'W_1_0'}, {'STAY_0_0'}, {'E_1_0'}, {'NE_1_1'}, {'N_0_1'}, {'N_0_1'}, {'N_0_1'}, {'W_1_0'}, {'W_1_0'}, {'W_1_0'}]",-0.002461644629141224,130,0.8846153846153846,0.9688331432915241,5262
"[{'E_1_0'}, {'E_1_0'}, {'E_1_0'}, {'NE_1_1'}, {'N_0_1'}, {'N_0_1'}, {'N_0_1'}, {'NW_1_1'}, {'N_0_1'}, {'N_0_1'}, {'W_1_0'}, {'W_1_0'}, {'S_0_1'}]",-0.0025499011056768772,165,0.8787878787878788,0.9688331432915241,5262
"[{'E_1_0'}, {'E_1_0'}, {'E_1_0'}, {'E_1_0'}, {'E_1_0'}, {'E_1_0'}, {'N_0_1'}, {'N_0_1'}, {'N_0_1'}, {'W_1_0'}, {'W_1_0'}, {'W_1_0'}, {'W_1_0'}, {'E_1_0'}]",-0.002567556653574554,199,0.8743718592964824,0.9688331432915241,5262
"[{'E_1_0'}, {'E_1_0'}, {'E_1_0'}, {'NE_1_1'}, {'E_1_0'}, {'E_1_0'}, {'E_1_0'}, {'S_0_1'}, {'S_0_1'}, {'W_1_0'}, {'STAY_0_0'}, {'E_1_0'}, {'W_1_0'}]",-0.003114695141654966,116,0.8706896551724138,0.9688331432915241,5262
"[{'E_1_0'}, {'E_1_0'}, {'NE_1_1'}, {'E_1_0'}, {'NE_1_1'}, {'N_0_1'}, {'N_0_1'}, {'N_0_1'}, {'N_0_1'}, {'N_0_1'}, {'W_1_0'}]",-0.0031263769658052,436,0.9174311926605505,0.9688331432915241,5262
"[{'E_1_0'}, {'N_0_1'}, {'N_0_1'}, {'W_1_0'}, {'W_1_0'}, {'W_1_0'}, {'S_0_1'}, {'W_1_0'}, {'W_1_0'}, {'W_1_0'}, {'W_1_0'}]",-0.003386038332335417,191,0.9057591623036649,0.9688331432915241,5262
"[{'E_1_0'}, {'E_1_0'}, {'E_1_0'}, {'E_1_0'}, {'E_1_0'}, {'W_1_0'}, {'W_1_0'}, {'N_0_1'}, {'N_0_1'}, {'N_0_1'}, {'E_1_0'}, {'S_0_1'}]",-0.0035493446328087597,120,0.8833333333333333,0.9688331432915241,5262
"[{'E_1_0'}, {'E_1_0'}, {'E_1_0'}, {'S_0_1'}, {'S_0_1'}, {'SW_1_1'}, {'W_1_0'}, {'SW_1_1'}, {'W_1_0'}, {'STAY_0_0'}, {'E_1_0'}]",-0.003592928863312528,352,0.9147727272727273,0.9688331432915241,5262
"[{'E_1_0'}, {'E_1_0'}, {'E_1_0'}, {'E_1_0'}, {'S_0_1'}, {'S_0_1'}, {'N_0_1'}, {'N_0_1'}, {'N_0_1'}, {'W_1_0'}, {'W_1_0'}]",-0.0037622089439943718,423,0.91725768321513,0.9688331432915241,5262
"[{'N_0_1'}, {'N_0_1'}, {'E_1_0'}, {'E_1_0'}, {'E_1_0'}, {'E_1_0'}, {'S_0_1'}, {'S_0_1'}, {'S_0_1'}, {'S_0_1'}, {'W_1_0'}]",-0.004038658884418567,325,0.9138461538461539,0.9688331432915241,5262
"[{'N_0_1'}, {'E_1_0'}, {'NE_1_1'}, {'E_1_0'}, {'E_1_0'}, {'E_1_0'}, {'E_1_0'}, {'SE_1_1'}, {'S_0_1'}, {'S_0_1'}, {'S_0_1'}, {'STAY_0_0'}]",-0.004469907271134943,110,0.8818181818181818,0.9688331432915241,5262
"[{'NE_1_1'}, {'E_1_0'}, {'E_1_0'}, {'N_0_1'}, {'N_0_1'}, {'N_0_1'}, {'N_0_1'}, {'N_0_1'}, {'NE_1_1'}, {'N_0_1'}, {'N_0_1'}]",-0.004492051801520569,218,0.908256880733945,0.9688331432915241,5262
"[{'NE_1_1'}, {'E_1_0'}, {'N_0_1'}, {'E_1_0'}, {'N_0_1'}, {'N_0_1'}, {'N_0_1'}, {'N_0_1'}, {'N_0_1'}, {'N_0_1'}, {'W_1_0'}]",-0.005833880281515658,356,0.9157303370786517,0.9688331432915241,5262
"[{'E_1_0'}, {'E_1_0'}, {'S_0_1'}, {'S_0_1'}, {'W_1_0'}, {'STAY_0_0'}, {'N_0_1'}, {'N_0_1'}, {'N_0_1'}, {'W_1_0'}, {'W_1_0'}, {'W_1_0'}]",-0.006103675281849297,306,0.9019607843137255,0.9688331432915241,5262
"[{'NE_1_1'}, {'E_1_0'}, {'N_0_1'}, {'N_0_1'}, {'E_1_0'}, {'N_0_1'}, {'N_0_1'}, {'NW_1_1'}, {'W_1_0'}, {'W_1_0'}, {'S_0_1'}]",-0.006139433798968641,181,0.9060773480662984,0.9688331432915241,5262
"[{'E_1_0'}, {'E_1_0'}, {'E_1_0'}, {'S_0_1'}, {'S_0_1'}, {'S_0_1'}, {'S_0_1'}, {'SW_1_1'}, {'W_1_0'}, {'STAY_0_0'}, {'N_0_1'}, {'N_0_1'}, {'N_0_1'}, {'N_0_1'}]",-0.006282809535727463,201,0.8756218905472637,0.9688331432915241,5262
"[{'NE_1_1'}, {'E_1_0'}, {'E_1_0'}, {'E_1_0'}, {'E_1_0'}, {'S_0_1'}, {'S_0_1'}, {'W_1_0'}, {'W_1_0'}, {'STAY_0_0'}, {'E_1_0'}, {'E_1_0'}, {'E_1_0'}, {'W_1_0'}]",-0.006850606086796329,116,0.8620689655172413,0.9688331432915241,5262
"[{'E_1_0'}, {'E_1_0'}, {'E_1_0'}, {'E_1_0'}, {'W_1_0'}, {'W_1_0'}, {'W_1_0'}, {'N_0_1'}, {'N_0_1'}, {'N_0_1'}, {'STAY_0_0'}, {'W_1_0'}]",-0.006956795843100938,307,0.9022801302931596,0.9688331432915241,5262
"[{'N_0_1'}, {'E_1_0'}, {'N_0_1'}, {'N_0_1'}, {'N_0_1'}, {'N_0_1'}, {'NW_1_1'}, {'N_0_1'}, {'N_0_1'}, {'E_1_0'}, {'E_1_0'}]",-0.0071375864450382576,182,0.9065934065934066,0.9688331432915241,5262
"[{'S_0_1'}, {'SW_1_1'}, {'W_1_0'}, {'SW_1_1'}, {'STAY_0_0'}, {'E_1_0'}, {'E_1_0'}, {'E_1_0'}, {'N_0_1'}, {'N_0_1'}, {'N_0_1'}, {'W_1_0'}]",-0.00755735203809782,122,0.8852459016393442,0.9688331432915241,5262
"[{'NE_1_1'}, {'NE_1_1'}, {'E_1_0'}, {'E_1_0'}, {'S_0_1'}, {'S_0_1'}, {'S_0_1'}, {'S_0_1'}, {'S_0_1'}, {'E_1_0'}, {'NE_1_1'}]",-0.0079531373229067,170,0.9058823529411765,0.9688331432915241,5262
"[{'E_1_0'}, {'E_1_0'}, {'SE_1_1'}, {'S_0_1'}, {'S_0_1'}, {'S_0_1'}, {'S_0_1'}, {'W_1_0'}, {'W_1_0'}, {'STAY_0_0'}, {'N_0_1'}, {'N_0_1'}, {'W_1_0'}, {'W_1_0'}, {'W_1_0'}]",-0.008068884654509612,108,0.8518518518518519,0.9688331432915241,5262
"[{'NE_1_1'}, {'E_1_0'}, {'N_0_1'}, {'S_0_1'}, {'S_0_1'}, {'SW_1_1'}, {'S_0_1'}, {'W_1_0'}, {'W_1_0'}, {'W_1_0'}, {'W_1_0'}]",-0.008119956757625335,183,0.907103825136612,0.9688331432915241,5262
"[{'E_1_0'}, {'E_1_0'}, {'E_1_0'}, {'E_1_0'}, {'W_1_0'}, {'W_1_0'}, {'W_1_0'}, {'W_1_0'}, {'W_1_0'}, {'W_1_0'}, {'E_1_0'}, {'E_1_0'}, {'N_0_1'}, {'STAY_0_0'}]",-0.008203699989489222,163,0.8711656441717791,0.9688331432915241,5262
"[{'E_1_0'}, {'E_1_0'}, {'E_1_0'}, {'E_1_0'}, {'W_1_0'}, {'SW_1_1'}, {'W_1_0'}, {'W_1_0'}, {'STAY_0_0'}, {'E_1_0'}, {'E_1_0'}, {'E_1_0'}, {'E_1_0'}]",-0.00825741845047756,118,0.8728813559322034,0.9688331432915241,5262
"[{'NE_1_1'}, {'E_1_0'}, {'N_0_1'}, {'E_1_0'}, {'E_1_0'}, {'S_0_1'}, {'S_0_1'}, {'S_0_1'}, {'S_0_1'}, {'S_0_1'}, {'W_1_0'}, {'W_1_0'}]",-0.008600654192881585,236,0.8983050847457628,0.9688331432915241,5262
"[{'NE_1_1'}, {'E_1_0'}, {'N_0_1'}, {'NE_1_1'}, {'N_0_1'}, {'NE_1_1'}, {'N_0_1'}, {'N_0_1'}, {'N_0_1'}, {'W_1_0'}, {'W_1_0'}]",-0.009402088393784203,146,0.9041095890410958,0.9688331432915241,5262
"[{'E_1_0'}, {'E_1_0'}, {'E_1_0'}, {'E_1_0'}, {'NE_1_1'}, {'E_1_0'}, {'SW_1_1'}, {'W_1_0'}, {'W_1_0'}, {'W_1_0'}, {'STAY_0_0'}, {'E_1_0'}]",-0.009493496721807437,123,0.8861788617886179,0.9688331432915241,5262
"[{'NE_1_1'}, {'E_1_0'}, {'E_1_0'}, {'E_1_0'}, {'S_0_1'}, {'S_0_1'}, {'S_0_1'}, {'W_1_0'}, {'E_1_0'}, {'E_1_0'}, {'N_0_1'}]",-0.009579943957140458,363,0.9173553719008265,0.9688331432915241,5262
"[{'E_1_0'}, {'E_1_0'}, {'N_0_1'}, {'E_1_0'}, {'W_1_0'}, {'W_1_0'}, {'W_1_0'}, {'W_1_0'}, {'W_1_0'}, {'W_1_0'}, {'N_0_1'}]",-0.009893959218318038,279,0.9139784946236559,0.9688331432915241,5262
"[{'E_1_0'}, {'E_1_0'}, {'E_1_0'}, {'E_1_0'}, {'S_0_1'}, {'W_1_0'}, {'S_0_1'}, {'N_0_1'}, {'N_0_1'}, {'W_1_0'}, {'W_1_0'}, {'W_1_0'}, {'W_1_0'}]",-0.009931776426483685,169,0.8816568047337278,0.9688331432915241,5262
"[{'E_1_0'}, {'N_0_1'}, {'N_0_1'}, {'N_0_1'}, {'N_0_1'}, {'N_0_1'}, {'N_0_1'}, {'N_0_1'}, {'N_0_1'}, {'S_0_1'}, {'W_1_0'}]",-0.010097590725186789,364,0.9175824175824175,0.9688331432915241,5262
"[{'E_1_0'}, {'E_1_0'}, {'NE_1_1'}, {'E_1_0'}, {'N_0_1'}, {'N_0_1'}, {'N_0_1'}, {'N_0_1'}, {'N_0_1'}, {'W_1_0'}, {'W_1_0'}, {'STAY_0_0'}]",-0.010122178497437684,202,0.8960396039603961,0.9688331432915241,5262
"[{'NE_1_1'}, {'E_1_0'}, {'N_0_1'}, {'E_1_0'}, {'E_1_0'}, {'E_1_0'}, {'E_1_0'}, {'E_1_0'}, {'E_1_0'}, {'W_1_0'}, {'W_1_0'}, {'W_1_0'}]",-0.010122178497437684,202,0.8960396039603961,0.9688331432915241,5262
"[{'NE_1_1'}, {'E_1_0'}, {'E_1_0'}, {'E_1_0'}, {'N_0_1'}, {'N_0_1'}, {'N_0_1'}, {'N_0_1'}, {'N_0_1'}, {'N_0_1'}, {'N_0_1'}, {'N_0_1'}]",-0.010209512209642613,336,0.9047619047619048,0.9688331432915241,5262
"[{'E_1_0'}, {'E_1_0'}, {'N_0_1'}, {'N_0_1'}, {'W_1_0'}, {'W_1_0'}, {'W_1_0'}, {'W_1_0'}, {'S_0_1'}, {'W_1_0'}, {'S_0_1'}]",-0.010222693994556442,252,0.9126984126984127,0.9688331432915241,5262
"[{'NE_1_1'}, {'NE_1_1'}, {'S_0_1'}, {'S_0_1'}, {'E_1_0'}, {'E_1_0'}, {'E_1_0'}, {'N_0_1'}, {'N_0_1'}, {'N_0_1'}, {'N_0_1'}]",-0.010432800064202885,122,0.9016393442622951,0.9688331432915241,5262
"[{'E_1_0'}, {'NE_1_1'}, {'NE_1_1'}, {'N_0_1'}, {'N_0_1'}, {'N_0_1'}, {'W_1_0'}, {'W_1_0'}, {'SW_1_1'}, {'W_1_0'}, {'W_1_0'}]",-0.010932866149515386,253,0.9130434782608695,0.9688331432915241,5262
"[{'NE_1_1'}, {'E_1_0'}, {'N_0_1'}, {'N_0_1'}, {'N_0_1'}, {'N_0_1'}, {'N_0_1'}, {'NE_1_1'}, {'N_0_1'}, {'W_1_0'}, {'W_1_0'}]",-0.011189613773347595,281,0.9145907473309609,0.9688331432915241,5262
"[{'E_1_0'}, {'E_1_0'}, {'NE_1_1'}, {'N_0_1'}, {'NE_1_1'}, {'N_0_1'}, {'N_0_1'}, {'N_0_1'}, {'N_0_1'}, {'E_1_0'}, {'E_1_0'}]",-0.011238022985790685,135,0.9037037037037037,0.9688331432915241,5262
"[{'NE_1_1'}, {'E_1_0'}, {'S_0_1'}, {'S_0_1'}, {'W_1_0'}, {'W_1_0'}, {'W_1_0'}, {'E_1_0'}, {'E_1_0'}, {'N_0_1'}, {'N_0_1'}, {'N_0_1'}]",-0.011500176831222175,263,0.9011406844106464,0.9688331432915241,5262
"[{'N_0_1'}, {'E_1_0'}, {'N_0_1'}, {'E_1_0'}, {'E_1_0'}, {'N_0_1'}, {'N_0_1'}, {'N_0_1'}, {'N_0_1'}, {'N_0_1'}, {'STAY_0_0'}]",-0.012461549736470179,136,0.9044117647058824,0.9688331432915241,5262
"[{'E_1_0'}, {'E_1_0'}, {'N_0_1'}, {'E_1_0'}, {'W_1_0'}, {'W_1_0'}, {'W_1_0'}, {'W_1_0'}, {'E_1_0'}, {'E_1_0'}, {'W_1_0'}, {'W_1_0'}, {'W_1_0'}]",-0.01258515050892206,110,0.8727272727272727,0.9688331432915241,5262
"[{'E_1_0'}, {'E_1_0'}, {'N_0_1'}, {'N_0_1'}, {'N_0_1'}, {'N_0_1'}, {'E_1_0'}, {'E_1_0'}, {'E_1_0'}, {'S_0_1'}, {'S_0_1'}]",-0.012608768398696846,228,0.9122807017543859,0.9688331432915241,5262
"[{'E_1_0'}, {'E_1_0'}, {'NE_1_1'}, {'E_1_0'}, {'E_1_0'}, {'E_1_0'}, {'W_1_0'}, {'S_0_1'}, {'STAY_0_0'}, {'W_1_0'}, {'W_1_0'}]",-0.012608768398696846,228,0.9122807017543859,0.9688331432915241,5262
"[{'E_1_0'}, {'E_1_0'}, {'E_1_0'}, {'N_0_1'}, {'E_1_0'}, {'N_0_1'}, {'N_0_1'}, {'N_0_1'}, {'W_1_0'}, {'W_1_0'}, {'N_0_1'}]",-0.012623023200272199,369,0.9186991869918699,0.9688331432915241,5262
"[{'N_0_1'}, {'N_0_1'}, {'N_0_1'}, {'N_0_1'}, {'N_0_1'}, {'N_0_1'}, {'N_0_1'}, {'N_0_1'}, {'E_1_0'}, {'E_1_0'}, {'S_0_1'}, {'S_0_1'}]",-0.012915401888609512,181,0.8950276243093923,0.9688331432915241,5262
"[{'E_1_0'}, {'E_1_0'}, {'E_1_0'}, {'E_1_0'}, {'N_0_1'}, {'N_0_1'}, {'N_0_1'}, {'N_0_1'}, {'E_1_0'}, {'NE_1_1'}, {'S_0_1'}]",-0.013014428845500525,256,0.9140625,0.9688331432915241,5262
"[{'E_1_0'}, {'E_1_0'}, {'E_1_0'}, {'E_1_0'}, {'E_1_0'}, {'NE_1_1'}, {'E_1_0'}, {'W_1_0'}, {'STAY_0_0'}, {'E_1_0'}, {'N_0_1'}]",-0.013105779420758523,124,0.9032258064516129,0.9688331432915241,5262
"[{'E_1_0'}, {'E_1_0'}, {'E_1_0'}, {'S_0_1'}, {'S_0_1'}, {'SW_1_1'}, {'W_1_0'}, {'W_1_0'}, {'W_1_0'}, {'W_1_0'}, {'E_1_0'}, {'NE_1_1'}, {'N_0_1'}, {'N_0_1'}]",-0.013220859162894172,215,0.8790697674418605,0.9688331432915241,5262
"[{'E_1_0'}, {'E_1_0'}, {'E_1_0'}, {'S_0_1'}, {'S_0_1'}, {'S_0_1'}, {'W_1_0'}, {'STAY_0_0'}, {'N_0_1'}, {'N_0_1'}, {'N_0_1'}, {'N_0_1'}]",-0.013485611879571424,379,0.9076517150395779,0.9688331432915241,5262
"[{'NE_1_1'}, {'E_1_0'}, {'N_0_1'}, {'E_1_0'}, {'SE_1_1'}, {'S_0_1'}, {'S_0_1'}, {'S_0_1'}, {'S_0_1'}, {'S_0_1'}, {'W_1_0'}, {'W_1_0'}]",-0.013604204253415242,170,0.8941176470588236,0.9688331432915241,5262
"[{'S_0_1'}, {'S_0_1'}, {'W_1_0'}, {'W_1_0'}, {'W_1_0'}, {'W_1_0'}, {'W_1_0'}, {'E_1_0'}, {'NE_1_1'}, {'N_0_1'}, {'N_0_1'}, {'STAY_0_0'}]",-0.01368017941116828,205,0.8975609756097561,0.9688331432915241,5262
"[{'E_1_0'}, {'E_1_0'}, {'N_0_1'}, {'N_0_1'}, {'N_0_1'}, {'N_0_1'}, {'N_0_1'}, {'N_0_1'}, {'W_1_0'}, {'W_1_0'}, {'STAY_0_0'}, {'E_1_0'}]",-0.01368017941116828,205,0.8975609756097561,0.9688331432915241,5262
"[{'E_1_0'}, {'E_1_0'}, {'E_1_0'}, {'E_1_0'}, {'N_0_1'}, {'N_0_1'}, {'N_0_1'}, {'N_0_1'}, {'S_0_1'}, {'W_1_0'}, {'SW_1_1'}]",-0.013699825824452727,189,0.91005291005291,0.9688331432915241,5262
"[{'E_1_0'}, {'E_1_0'}, {'E_1_0'}, {'N_0_1'}, {'N_0_1'}, {'N_0_1'}, {'N_0_1'}, {'N_0_1'}, {'N_0_1'}, {'N_0_1'}, {'W_1_0'}, {'STAY_0_0'}, {'E_1_0'}]",-0.01420130123918173,161,0.8819875776397516,0.9688331432915241,5262
"[{'E_1_0'}, {'E_1_0'}, {'E_1_0'}, {'E_1_0'}, {'E_1_0'}, {'E_1_0'}, {'W_1_0'}, {'W_1_0'}, {'STAY_0_0'}, {'NE_1_1'}, {'N_0_1'}, {'N_0_1'}, {'N_0_1'}, {'W_1_0'}, {'W_1_0'}]",-0.01472613395361666,136,0.8602941176470589,0.9688331432915241,5262
"[{'NE_1_1'}, {'E_1_0'}, {'E_1_0'}, {'E_1_0'}, {'E_1_0'}, {'NE_1_1'}, {'E_1_0'}, {'N_0_1'}, {'E_1_0'}, {'N_0_1'}, {'N_0_1'}]",-0.014842218765432236,177,0.9096045197740112,0.9688331432915241,5262
"[{'E_1_0'}, {'E_1_0'}, {'E_1_0'}, {'E_1_0'}, {'E_1_0'}, {'E_1_0'}, {'E_1_0'}, {'W_1_0'}, {'W_1_0'}, {'W_1_0'}, {'W_1_0'}, {'SW_1_1'}, {'W_1_0'}, {'STAY_0_0'}]",-0.014872573401271127,216,0.8796296296296297,0.9688331432915241,5262
"[{'NE_1_1'}, {'E_1_0'}, {'E_1_0'}, {'E_1_0'}, {'S_0_1'}, {'W_1_0'}, {'SW_1_1'}, {'W_1_0'}, {'NE_1_1'}, {'E_1_0'}, {'N_0_1'}, {'N_0_1'}]",-0.015046068589405381,126,0.8888888888888888,0.9688331432915241,5262
"[{'E_1_0'}, {'NE_1_1'}, {'E_1_0'}, {'NE_1_1'}, {'E_1_0'}, {'NE_1_1'}, {'E_1_0'}, {'N_0_1'}, {'N_0_1'}, {'N_0_1'}, {'N_0_1'}, {'W_1_0'}, {'W_1_0'}]",-0.015161362155533764,111,0.8738738738738738,0.9688331432915241,5262
"[{'E_1_0'}, {'E_1_0'}, {'E_1_0'}, {'SE_1_1'}, {'S_0_1'}, {'S_0_1'}, {'W_1_0'}, {'W_1_0'}, {'W_1_0'}, {'W_1_0'}, {'E_1_0'}, {'N_0_1'}, {'N_0_1'}, {'STAY_0_0'}]",-0.015277176652234159,196,0.8775510204081632,0.9688331432915241,5262
"[{'NE_1_1'}, {'E_1_0'}, {'E_1_0'}, {'N_0_1'}, {'E_1_0'}, {'E_1_0'}, {'E_1_0'}, {'W_1_0'}, {'W_1_0'}, {'W_1_0'}, {'W_1_0'}, {'W_1_0'}, {'SW_1_1'}, {'W_1_0'}]",-0.01566008812758235,119,0.865546218487395,0.9688331432915241,5262
"[{'N_0_1'}, {'N_0_1'}, {'E_1_0'}, {'N_0_1'}, {'E_1_0'}, {'S_0_1'}, {'S_0_1'}, {'S_0_1'}, {'S_0_1'}, {'S_0_1'}, {'S_0_1'}, {'W_1_0'}, {'W_1_0'}, {'W_1_0'}]",-0.016089111800885236,110,0.8636363636363636,0.9688331432915241,5262
"[{'E_1_0'}, {'E_1_0'}, {'NE_1_1'}, {'E_1_0'}, {'E_1_0'}, {'E_1_0'}, {'E_1_0'}, {'E_1_0'}, {'E_1_0'}, {'E_1_0'}, {'W_1_0'}, {'W_1_0'}, {'STAY_0_0'}, {'W_1_0'}]",-0.016145072094733592,101,0.8613861386138614,0.9688331432915241,5262
"[{'E_1_0'}, {'N_0_1'}, {'N_0_1'}, {'N_0_1'}, {'N_0_1'}, {'N_0_1'}, {'NW_1_1'}, {'N_0_1'}, {'N_0_1'}, {'N_0_1'}, {'N_0_1'}, {'E_1_0'}]",-0.01619565727252037,149,0.8926174496644296,0.9688331432915241,5262
"[{'N_0_1'}, {'N_0_1'}, {'E_1_0'}, {'E_1_0'}, {'S_0_1'}, {'E_1_0'}, {'S_0_1'}, {'S_0_1'}, {'SW_1_1'}, {'SW_1_1'}, {'W_1_0'}]",-0.016371435722670524,114,0.9035087719298246,0.9688331432915241,5262
"[{'NE_1_1'}, {'E_1_0'}, {'E_1_0'}, {'N_0_1'}, {'E_1_0'}, {'E_1_0'}, {'E_1_0'}, {'W_1_0'}, {'S_0_1'}, {'W_1_0'}, {'W_1_0'}, {'W_1_0'}]",-0.016603609491944393,138,0.8913043478260869,0.9688331432915241,5262
"[{'E_1_0'}, {'E_1_0'}, {'E_1_0'}, {'SE_1_1'}, {'S_0_1'}, {'S_0_1'}, {'S_0_1'}, {'W_1_0'}, {'SW_1_1'}, {'W_1_0'}, {'W_1_0'}, {'STAY_0_0'}, {'E_1_0'}]",-0.017299866268276398,284,0.8943661971830986,0.9688331432915241,5262
"[{'E_1_0'}, {'E_1_0'}, {'E_1_0'}, {'E_1_0'}, {'SE_1_1'}, {'S_0_1'}, {'S_0_1'}, {'S_0_1'}, {'W_1_0'}, {'W_1_0'}, {'SW_1_1'}, {'W_1_0'}, {'W_1_0'}, {'STAY_0_0'}, {'E_1_0'}]",-0.017352732839702734,155,0.864516129032258,0.9688331432915241,5262
"[{'NE_1_1'}, {'E_1_0'}, {'N_0_1'}, {'S_0_1'}, {'S_0_1'}, {'S_0_1'}, {'S_0_1'}, {'S_0_1'}, {'W_1_0'}, {'W_1_0'}, {'W_1_0'}]",-0.01768259059695798,249,0.9156626506024096,0.9688331432915241,5262
"[{'N_0_1'}, {'N_0_1'}, {'E_1_0'}, {'E_1_0'}, {'S_0_1'}, {'S_0_1'}, {'S_0_1'}, {'S_0_1'}, {'E_1_0'}, {'S_0_1'}, {'W_1_0'}, {'W_1_0'}]",-0.0179905025894338,185,0.8972972972972973,0.9688331432915241,5262
"[{'E_1_0'}, {'E_1_0'}, {'E_1_0'}, {'E_1_0'}, {'SW_1_1'}, {'W_1_0'}, {'W_1_0'}, {'W_1_0'}, {'W_1_0'}, {'E_1_0'}, {'N_0_1'}, {'N_0_1'}]",-0.018140553544159,373,0.9088471849865952,0.9688331432915241,5262
"[{'E_1_0'}, {'E_1_0'}, {'E_1_0'}, {'E_1_0'}, {'E_1_0'}, {'E_1_0'}, {'E_1_0'}, {'NW_1_1'}, {'NW_1_1'}, {'E_1_0'}, {'E_1_0'}]",-0.01838619000799091,236,0.9152542372881356,0.9688331432915241,5262
"[{'N_0_1'}, {'N_0_1'}, {'N_0_1'}, {'E_1_0'}, {'N_0_1'}, {'E_1_0'}, {'E_1_0'}, {'E_1_0'}, {'E_1_0'}, {'S_0_1'}, {'S_0_1'}, {'W_1_0'}]",-0.01841415593745155,106,0.8867924528301887,0.9688331432915241,5262
"[{'NE_1_1'}, {'E_1_0'}, {'E_1_0'}, {'E_1_0'}, {'E_1_0'}, {'E_1_0'}, {'E_1_0'}, {'E_1_0'}, {'W_1_0'}, {'W_1_0'}, {'W_1_0'}, {'STAY_0_0'}, {'W_1_0'}, {'W_1_0'}]",-0.0189676622075996,188,0.8776595744680851,0.9688331432915241,5262
"[{'E_1_0'}, {'E_1_0'}, {'NE_1_1'}, {'E_1_0'}, {'E_1_0'}, {'E_1_0'}, {'E_1_0'}, {'W_1_0'}, {'W_1_0'}, {'STAY_0_0'}, {'E_1_0'}]",-0.01906799991290775,237,0.9156118143459916,0.9688331432915241,5262
"[{'NE_1_1'}, {'E_1_0'}, {'N_0_1'}, {'E_1_0'}, {'S_0_1'}, {'S_0_1'}, {'SE_1_1'}, {'S_0_1'}, {'S_0_1'}, {'W_1_0'}, {'W_1_0'}]",-0.019272710670899196,129,0.9069767441860465,0.9688331432915241,5262
"[{'E_1_0'}, {'NE_1_1'}, {'E_1_0'}, {'E_1_0'}, {'E_1_0'}, {'E_1_0'}, {'E_1_0'}, {'E_1_0'}, {'W_1_0'}, {'STAY_0_0'}, {'W_1_0'}]",-0.01945672005318988,266,0.9172932330827067,0.9688331432915241,5262
"[{'E_1_0'}, {'E_1_0'}, {'E_1_0'}, {'E_1_0'}, {'E_1_0'}, {'N_0_1'}, {'NE_1_1'}, {'N_0_1'}, {'N_0_1'}, {'N_0_1'}, {'STAY_0_0'}]",-0.019539001676873502,295,0.9186440677966101,0.9688331432915241,5262
"[{'E_1_0'}, {'E_1_0'}, {'NE_1_1'}, {'E_1_0'}, {'N_0_1'}, {'N_0_1'}, {'N_0_1'}, {'N_0_1'}, {'N_0_1'}, {'E_1_0'}, {'W_1_0'}, {'W_1_0'}]",-0.02011081856677155,298,0.9060402684563759,0.9688331432915241,5262
"[{'E_1_0'}, {'E_1_0'}, {'E_1_0'}, {'E_1_0'}, {'E_1_0'}, {'NE_1_1'}, {'E_1_0'}, {'N_0_1'}, {'N_0_1'}, {'N_0_1'}, {'N_0_1'}, {'STAY_0_0'}, {'W_1_0'}, {'W_1_0'}]",-0.0204650765436436,159,0.8742138364779874,0.9688331432915241,5262
"[{'E_1_0'}, {'E_1_0'}, {'E_1_0'}, {'E_1_0'}, {'W_1_0'}, {'W_1_0'}, {'W_1_0'}, {'W_1_0'}, {'W_1_0'}, {'STAY_0_0'}, {'E_1_0'}, {'W_1_0'}]",-0.020668027199884476,417,0.9112709832134293,0.9688331432915241,5262
"[{'E_1_0'}, {'E_1_0'}, {'E_1_0'}, {'E_1_0'}, {'SE_1_1'}, {'S_0_1'}, {'S_0_1'}, {'W_1_0'}, {'W_1_0'}, {'W_1_0'}, {'NE_1_1'}, {'N_0_1'}, {'N_0_1'}, {'W_1_0'}]",-0.02077937622062631,189,0.8783068783068783,0.9688331432915241,5262
"[{'E_1_0'}, {'E_1_0'}, {'E_1_0'}, {'E_1_0'}, {'S_0_1'}, {'S_0_1'}, {'W_1_0'}, {'SW_1_1'}, {'W_1_0'}, {'N_0_1'}, {'N_0_1'}, {'N_0_1'}]",-0.021833516555608945,543,0.9152854511970534,0.9688331432915241,5262
"[{'NE_1_1'}, {'E_1_0'}, {'E_1_0'}, {'NE_1_1'}, {'NE_1_1'}, {'N_0_1'}, {'N_0_1'}, {'N_0_1'}, {'W_1_0'}, {'W_1_0'}, {'SW_1_1'}]",-0.021938109270497108,213,0.9154929577464789,0.9688331432915241,5262
"[{'E_1_0'}, {'E_1_0'}, {'E_1_0'}, {'E_1_0'}, {'W_1_0'}, {'W_1_0'}, {'W_1_0'}, {'W_1_0'}, {'W_1_0'}, {'SW_1_1'}, {'E_1_0'}, {'SW_1_1'}]",-0.022382259228330037,108,0.8888888888888888,0.9688331432915241,5262
"[{'E_1_0'}, {'E_1_0'}, {'E_1_0'}, {'S_0_1'}, {'S_0_1'}, {'S_0_1'}, {'SW_1_1'}, {'SW_1_1'}, {'W_1_0'}, {'W_1_0'}, {'STAY_0_0'}, {'NE_1_1'}]",-0.02267566980382285,201,0.900497512437811,0.9688331432915241,5262
"[{'E_1_0'}, {'E_1_0'}, {'E_1_0'}, {'N_0_1'}, {'E_1_0'}, {'N_0_1'}, {'N_0_1'}, {'N_0_1'}, {'N_0_1'}, {'NW_1_1'}, {'STAY_0_0'}]",-0.022682468190009075,200,0.915,0.9688331432915241,5262
"[{'NE_1_1'}, {'E_1_0'}, {'N_0_1'}, {'E_1_0'}, {'E_1_0'}, {'E_1_0'}, {'E_1_0'}, {'E_1_0'}, {'W_1_0'}, {'SW_1_1'}, {'W_1_0'}, {'W_1_0'}]",-0.02271389963695647,177,0.8983050847457628,0.9688331432915241,5262
"[{'E_1_0'}, {'E_1_0'}, {'E_1_0'}, {'E_1_0'}, {'S_0_1'}, {'S_0_1'}, {'SW_1_1'}, {'W_1_0'}, {'SW_1_1'}, {'W_1_0'}, {'STAY_0_0'}, {'N_0_1'}]",-0.02294008410750048,276,0.9057971014492754,0.9688331432915241,5262
"[{'E_1_0'}, {'E_1_0'}, {'E_1_0'}, {'NE_1_1'}, {'E_1_0'}, {'E_1_0'}, {'W_1_0'}, {'W_1_0'}, {'W_1_0'}, {'W_1_0'}, {'STAY_0_0'}, {'E_1_0'}, {'E_1_0'}]",-0.02314142745314607,145,0.8827586206896552,0.9688331432915241,5262
"[{'E_1_0'}, {'N_0_1'}, {'N_0_1'}, {'N_0_1'}, {'N_0_1'}, {'N_0_1'}, {'N_0_1'}, {'N_0_1'}, {'N_0_1'}, {'N_0_1'}, {'W_1_0'}, {'S_0_1'}]",-0.02347308006714277,463,0.9136069114470843,0.9688331432915241,5262
"[{'E_1_0'}, {'E_1_0'}, {'E_1_0'}, {'NE_1_1'}, {'N_0_1'}, {'N_0_1'}, {'W_1_0'}, {'N_0_1'}, {'N_0_1'}, {'W_1_0'}, {'W_1_0'}, {'N_0_1'}]",-0.023517902415878256,131,0.8931297709923665,0.9688331432915241,5262
"[{'E_1_0'}, {'E_1_0'}, {'NE_1_1'}, {'E_1_0'}, {'E_1_0'}, {'S_0_1'}, {'W_1_0'}, {'W_1_0'}, {'W_1_0'}, {'W_1_0'}, {'STAY_0_0'}, {'E_1_0'}]",-0.023713314039490507,239,0.9037656903765691,0.9688331432915241,5262
"[{'E_1_0'}, {'NE_1_1'}, {'E_1_0'}, {'W_1_0'}, {'W_1_0'}, {'E_1_0'}, {'E_1_0'}, {'N_0_1'}, {'N_0_1'}, {'N_0_1'}, {'N_0_1'}, {'W_1_0'}]",-0.02379446710277522,166,0.8975903614457831,0.9688331432915241,5262
"[{'NE_1_1'}, {'E_1_0'}, {'SE_1_1'}, {'E_1_0'}, {'W_1_0'}, {'W_1_0'}, {'W_1_0'}, {'W_1_0'}, {'W_1_0'}, {'E_1_0'}, {'E_1_0'}]",-0.023856240410027096,230,0.9173913043478261,0.9688331432915241,5262
"[{'E_1_0'}, {'E_1_0'}, {'E_1_0'}, {'SE_1_1'}, {'SW_1_1'}, {'W_1_0'}, {'W_1_0'}, {'W_1_0'}, {'W_1_0'}, {'N_0_1'}, {'N_0_1'}, {'STAY_0_0'}]",-0.023941785092174817,303,0.9075907590759076,0.9688331432915241,5262
"[{'NE_1_1'}, {'NE_1_1'}, {'E_1_0'}, {'E_1_0'}, {'W_1_0'}, {'W_1_0'}, {'N_0_1'}, {'N_0_1'}, {'N_0_1'}, {'N_0_1'}, {'N_0_1'}]",-0.024093287128987617,174,0.9137931034482759,0.9688331432915241,5262
"[{'E_1_0'}, {'E_1_0'}, {'E_1_0'}, {'E_1_0'}, {'N_0_1'}, {'N_0_1'}, {'N_0_1'}, {'N_0_1'}, {'N_0_1'}, {'W_1_0'}, {'S_0_1'}, {'W_1_0'}]",-0.024133897660887138,396,0.9116161616161617,0.9688331432915241,5262
"[{'N_0_1'}, {'N_0_1'}, {'N_0_1'}, {'N_0_1'}, {'N_0_1'}, {'N_0_1'}, {'NW_1_1'}, {'N_0_1'}, {'N_0_1'}, {'N_0_1'}, {'E_1_0'}]",-0.024186935906371998,188,0.9148936170212766,0.9688331432915241,5262
"[{'NE_1_1'}, {'E_1_0'}, {'N_0_1'}, {'E_1_0'}, {'N_0_1'}, {'N_0_1'}, {'NE_1_1'}, {'N_0_1'}, {'N_0_1'}, {'W_1_0'}, {'W_1_0'}, {'S_0_1'}]",-0.024290160015533413,109,0.8899082568807339,0.9688331432915241,5262
"[{'NE_1_1'}, {'E_1_0'}, {'E_1_0'}, {'N_0_1'}, {'N_0_1'}, {'N_0_1'}, {'N_0_1'}, {'N_0_1'}, {'N_0_1'}, {'N_0_1'}, {'N_0_1'}, {'N_0_1'}]",-0.024428864845399634,343,0.9096209912536443,0.9688331432915241,5262
"[{'E_1_0'}, {'E_1_0'}, {'E_1_0'}, {'E_1_0'}, {'W_1_0'}, {'S_0_1'}, {'W_1_0'}, {'W_1_0'}, {'STAY_0_0'}, {'E_1_0'}, {'E_1_0'}, {'W_1_0'}]",-0.024983748259054472,253,0.9051383399209486,0.9688331432915241,5262
"[{'E_1_0'}, {'E_1_0'}, {'N_0_1'}, {'E_1_0'}, {'NE_1_1'}, {'E_1_0'}, {'E_1_0'}, {'E_1_0'}, {'E_1_0'}, {'S_0_1'}, {'S_0_1'}, {'SW_1_1'}]",-0.02572926108533169,121,0.8925619834710744,0.9688331432915241,5262
"[{'NE_1_1'}, {'E_1_0'}, {'E_1_0'}, {'E_1_0'}, {'E_1_0'}, {'S_0_1'}, {'S_0_1'}, {'S_0_1'}, {'S_0_1'}, {'W_1_0'}, {'SW_1_1'}, {'W_1_0'}, {'N_0_1'}, {'N_0_1'}, {'N_0_1'}]",-0.025981980315959552,236,0.8771186440677966,0.9688331432915241,5262
"[{'E_1_0'}, {'N_0_1'}, {'E_1_0'}, {'N_0_1'}, {'N_0_1'}, {'N_0_1'}, {'N_0_1'}, {'N_0_1'}, {'N_0_1'}, {'N_0_1'}, {'N_0_1'}, {'W_1_0'}, {'S_0_1'}]",-0.026043583992626962,246,0.8943089430894309,0.9688331432915241,5262
"[{'NE_1_1'}, {'E_1_0'}, {'E_1_0'}, {'E_1_0'}, {'E_1_0'}, {'NE_1_1'}, {'E_1_0'}, {'W_1_0'}, {'W_1_0'}, {'W_1_0'}, {'W_1_0'}, {'W_1_0'}]",-0.026047370395746672,267,0.9063670411985019,0.9688331432915241,5262
"[{'E_1_0'}, {'NE_1_1'}, {'E_1_0'}, {'E_1_0'}, {'E_1_0'}, {'E_1_0'}, {'E_1_0'}, {'E_1_0'}, {'E_1_0'}, {'E_1_0'}, {'W_1_0'}, {'N_0_1'}]",-0.026066998872916747,229,0.9039301310043668,0.9688331432915241,5262
"[{'E_1_0'}, {'E_1_0'}, {'E_1_0'}, {'E_1_0'}, {'S_0_1'}, {'SW_1_1'}, {'W_1_0'}, {'W_1_0'}, {'W_1_0'}, {'N_0_1'}, {'N_0_1'}, {'N_0_1'}]",-0.02628432235015854,625,0.9184,0.9688331432915241,5262
"[{'NE_1_1'}, {'E_1_0'}, {'N_0_1'}, {'E_1_0'}, {'E_1_0'}, {'E_1_0'}, {'E_1_0'}, {'E_1_0'}, {'W_1_0'}, {'SW_1_1'}, {'W_1_0'}, {'W_1_0'}, {'W_1_0'}, {'W_1_0'}]",-0.026503325392052135,123,0.8699186991869918,0.9688331432915241,5262
"[{'N_0_1'}, {'N_0_1'}, {'N_0_1'}, {'S_0_1'}, {'S_0_1'}, {'S_0_1'}, {'SW_1_1'}, {'S_0_1'}, {'W_1_0'}, {'W_1_0'}, {'W_1_0'}]",-0.02682289086505696,136,0.9117647058823529,0.9688331432915241,5262
"[{'E_1_0'}, {'E_1_0'}, {'S_0_1'}, {'S_0_1'}, {'SW_1_1'}, {'W_1_0'}, {'W_1_0'}, {'W_1_0'}, {'E_1_0'}, {'NE_1_1'}, {'N_0_1'}, {'N_0_1'}]",-0.026938297208839224,294,0.9081632653061225,0.9688331432915241,5262
"[{'E_1_0'}, {'E_1_0'}, {'E_1_0'}, {'SW_1_1'}, {'W_1_0'}, {'W_1_0'}, {'S_0_1'}, {'W_1_0'}, {'W_1_0'}, {'STAY_0_0'}, {'E_1_0'}]",-0.027198621528356615,192,0.9166666666666666,0.9688331432915241,5262
"[{'NE_1_1'}, {'E_1_0'}, {'NE_1_1'}, {'E_1_0'}, {'NE_1_1'}, {'E_1_0'}, {'E_1_0'}, {'W_1_0'}, {'W_1_0'}, {'SW_1_1'}, {'W_1_0'}, {'W_1_0'}]",-0.02739915084822897,122,0.8934426229508197,0.9688331432915241,5262
"[{'E_1_0'}, {'N_0_1'}, {'E_1_0'}, {'N_0_1'}, {'N_0_1'}, {'N_0_1'}, {'NW_1_1'}, {'E_1_0'}, {'W_1_0'}, {'W_1_0'}, {'W_1_0'}, {'W_1_0'}]",-0.027495685526112812,157,0.8980891719745223,0.9688331432915241,5262
"[{'E_1_0'}, {'E_1_0'}, {'E_1_0'}, {'E_1_0'}, {'STAY_0_0'}, {'E_1_0'}, {'NE_1_1'}, {'E_1_0'}, {'N_0_1'}, {'N_0_1'}, {'N_0_1'}]",-0.027676501782980534,207,0.9178743961352657,0.9688331432915241,5262
"[{'E_1_0'}, {'E_1_0'}, {'E_1_0'}, {'E_1_0'}, {'N_0_1'}, {'N_0_1'}, {'N_0_1'}, {'N_0_1'}, {'N_0_1'}, {'N_0_1'}, {'W_1_0'}, {'W_1_0'}, {'S_0_1'}]",-0.02804322773051826,519,0.9075144508670521,0.9688331432915241,5262
"[{'NE_1_1'}, {'E_1_0'}, {'E_1_0'}, {'E_1_0'}, {'E_1_0'}, {'E_1_0'}, {'N_0_1'}, {'N_0_1'}, {'N_0_1'}, {'N_0_1'}, {'N_0_1'}, {'N_0_1'}, {'N_0_1'}, {'N_0_1'}]",-0.028202633794573995,183,0.8797814207650273,0.9688331432915241,5262
"[{'E_1_0'}, {'E_1_0'}, {'E_1_0'}, {'W_1_0'}, {'W_1_0'}, {'W_1_0'}, {'W_1_0'}, {'W_1_0'}, {'W_1_0'}, {'STAY_0_0'}, {'E_1_0'}, {'E_1_0'}, {'E_1_0'}]",-0.02825687661521159,225,0.8933333333333333,0.9688331432915241,5262
"[{'E_1_0'}, {'S_0_1'}, {'S_0_1'}, {'S_0_1'}, {'W_1_0'}, {'W_1_0'}, {'STAY_0_0'}, {'E_1_0'}, {'E_1_0'}, {'N_0_1'}, {'W_1_0'}, {'W_1_0'}]",-0.028479965712092215,283,0.9081272084805654,0.9688331432915241,5262
"[{'N_0_1'}, {'N_0_1'}, {'E_1_0'}, {'N_0_1'}, {'N_0_1'}, {'E_1_0'}, {'E_1_0'}, {'E_1_0'}, {'E_1_0'}, {'S_0_1'}, {'W_1_0'}]",-0.02875470159820437,111,0.9099099099099099,0.9688331432915241,5262
"[{'E_1_0'}, {'E_1_0'}, {'E_1_0'}, {'E_1_0'}, {'S_0_1'}, {'W_1_0'}, {'S_0_1'}, {'N_0_1'}, {'N_0_1'}, {'W_1_0'}, {'W_1_0'}, {'W_1_0'}]",-0.028846833794326177,232,0.9051724137931034,0.9688331432915241,5262
"[{'NE_1_1'}, {'N_0_1'}, {'E_1_0'}, {'NE_1_1'}, {'E_1_0'}, {'S_0_1'}, {'S_0_1'}, {'S_0_1'}, {'S_0_1'}, {'S_0_1'}, {'W_1_0'}, {'W_1_0'}]",-0.029030822204872964,123,0.8943089430894309,0.9688331432915241,5262
"[{'NE_1_1'}, {'N_0_1'}, {'N_0_1'}, {'N_0_1'}, {'N_0_1'}, {'N_0_1'}, {'N_0_1'}, {'N_0_1'}, {'N_0_1'}, {'N_0_1'}, {'W_1_0'}, {'W_1_0'}, {'S_0_1'}]",-0.029194962011913184,284,0.897887323943662,0.9688331432915241,5262
"[{'NE_1_1'}, {'N_0_1'}, {'N_0_1'}, {'N_0_1'}, {'N_0_1'}, {'N_0_1'}, {'N_0_1'}, {'N_0_1'}, {'N_0_1'}, {'E_1_0'}, {'N_0_1'}, {'W_1_0'}]",-0.02943657436190872,220,0.9045454545454545,0.9688331432915241,5262
"[{'NE_1_1'}, {'E_1_0'}, {'N_0_1'}, {'E_1_0'}, {'N_0_1'}, {'N_0_1'}, {'N_0_1'}, {'W_1_0'}, {'N_0_1'}, {'W_1_0'}, {'W_1_0'}]",-0.030028603035730184,196,0.9183673469387755,0.9688331432915241,5262
"[{'E_1_0'}, {'NE_1_1'}, {'N_0_1'}, {'N_0_1'}, {'N_0_1'}, {'N_0_1'}, {'N_0_1'}, {'N_0_1'}, {'N_0_1'}, {'N_0_1'}, {'E_1_0'}, {'E_1_0'}]",-0.030038775137870122,259,0.9073359073359073,0.9688331432915241,5262
"[{'E_1_0'}, {'E_1_0'}, {'NE_1_1'}, {'E_1_0'}, {'W_1_0'}, {'W_1_0'}, {'W_1_0'}, {'E_1_0'}, {'NE_1_1'}, {'N_0_1'}, {'N_0_1'}, {'N_0_1'}]",-0.03007103653816423,159,0.89937106918239,0.9688331432915241,5262
"[{'E_1_0'}, {'E_1_0'}, {'E_1_0'}, {'SE_1_1'}, {'S_0_1'}, {'S_0_1'}, {'S_0_1'}, {'S_0_1'}, {'W_1_0'}, {'SW_1_1'}, {'W_1_0'}, {'W_1_0'}, {'STAY_0_0'}, {'E_1_0'}]",-0.03028753216493585,226,0.8849557522123894,0.9688331432915241,5262
"[{'E_1_0'}, {'E_1_0'}, {'NE_1_1'}, {'E_1_0'}, {'NE_1_1'}, {'N_0_1'}, {'N_0_1'}, {'N_0_1'}, {'N_0_1'}, {'N_0_1'}, {'W_1_0'}, {'W_1_0'}]",-0.030338742692429976,407,0.914004914004914,0.9688331432915241,5262
"[{'NE_1_1'}, {'NE_1_1'}, {'E_1_0'}, {'N_0_1'}, {'E_1_0'}, {'W_1_0'}, {'SW_1_1'}, {'W_1_0'}, {'W_1_0'}, {'W_1_0'}, {'W_1_0'}]",-0.031018829690963923,113,0.911504424778761,0.9688331432915241,5262
"[{'NE_1_1'}, {'E_1_0'}, {'NE_1_1'}, {'E_1_0'}, {'N_0_1'}, {'N_0_1'}, {'N_0_1'}, {'N_0_1'}, {'E_1_0'}, {'E_1_0'}, {'E_1_0'}]",-0.03146473487123069,100,0.91,0.9688331432915241,5262
"[{'NE_1_1'}, {'E_1_0'}, {'E_1_0'}, {'E_1_0'}, {'N_0_1'}, {'N_0_1'}, {'N_0_1'}, {'N_0_1'}, {'N_0_1'}, {'E_1_0'}, {'N_0_1'}, {'N_0_1'}]",-0.03148855957086849,197,0.9035532994923858,0.9688331432915241,5262
"[{'E_1_0'}, {'E_1_0'}, {'SE_1_1'}, {'S_0_1'}, {'S_0_1'}, {'S_0_1'}, {'W_1_0'}, {'W_1_0'}, {'W_1_0'}, {'NE_1_1'}, {'STAY_0_0'}, {'W_1_0'}]",-0.03148855957086849,197,0.9035532994923858,0.9688331432915241,5262
"[{'NE_1_1'}, {'E_1_0'}, {'SE_1_1'}, {'S_0_1'}, {'S_0_1'}, {'E_1_0'}, {'S_0_1'}, {'S_0_1'}, {'S_0_1'}, {'W_1_0'}, {'STAY_0_0'}]",-0.03155477640169968,141,0.9148936170212766,0.9688331432915241,5262
"[{'NE_1_1'}, {'E_1_0'}, {'N_0_1'}, {'E_1_0'}, {'N_0_1'}, {'N_0_1'}, {'N_0_1'}, {'N_0_1'}, {'N_0_1'}, {'N_0_1'}, {'N_0_1'}, {'W_1_0'}, {'W_1_0'}, {'S_0_1'}]",-0.03157136185425591,125,0.872,0.9688331432915241,5262
"[{'E_1_0'}, {'E_1_0'}, {'E_1_0'}, {'E_1_0'}, {'W_1_0'}, {'STAY_0_0'}, {'N_0_1'}, {'N_0_1'}, {'N_0_1'}, {'W_1_0'}, {'W_1_0'}, {'W_1_0'}]",-0.032409051730481364,342,0.9122807017543859,0.9688331432915241,5262
"[{'E_1_0'}, {'NE_1_1'}, {'N_0_1'}, {'N_0_1'}, {'N_0_1'}, {'N_0_1'}, {'NW_1_1'}, {'N_0_1'}, {'N_0_1'}, {'N_0_1'}, {'E_1_0'}, {'N_0_1'}]",-0.032555534388043705,161,0.9006211180124224,0.9688331432915241,5262
"[{'E_1_0'}, {'E_1_0'}, {'E_1_0'}, {'NE_1_1'}, {'E_1_0'}, {'NE_1_1'}, {'N_0_1'}, {'N_0_1'}, {'N_0_1'}, {'W_1_0'}, {'W_1_0'}, {'STAY_0_0'}]",-0.03265265239787363,149,0.8993288590604027,0.9688331432915241,5262
"[{'NE_1_1'}, {'E_1_0'}, {'E_1_0'}, {'E_1_0'}, {'S_0_1'}, {'S_0_1'}, {'SW_1_1'}, {'W_1_0'}, {'W_1_0'}, {'W_1_0'}, {'N_0_1'}, {'W_1_0'}]",-0.03269252695941938,302,0.9105960264900662,0.9688331432915241,5262
"[{'E_1_0'}, {'NE_1_1'}, {'E_1_0'}, {'NE_1_1'}, {'N_0_1'}, {'E_1_0'}, {'W_1_0'}, {'W_1_0'}, {'W_1_0'}, {'SW_1_1'}, {'W_1_0'}]",-0.03283490616832552,171,0.9181286549707602,0.9688331432915241,5262
"[{'NE_1_1'}, {'N_0_1'}, {'E_1_0'}, {'E_1_0'}, {'E_1_0'}, {'W_1_0'}, {'W_1_0'}, {'S_0_1'}, {'W_1_0'}, {'SW_1_1'}, {'W_1_0'}]",-0.033126500007600646,157,0.9171974522292994,0.9688331432915241,5262
"[{'NE_1_1'}, {'E_1_0'}, {'N_0_1'}, {'E_1_0'}, {'N_0_1'}, {'N_0_1'}, {'N_0_1'}, {'N_0_1'}, {'N_0_1'}, {'N_0_1'}, {'N_0_1'}, {'N_0_1'}]",-0.03325555313861872,237,0.9071729957805907,0.9688331432915241,5262
"[{'N_0_1'}, {'N_0_1'}, {'N_0_1'}, {'N_0_1'}, {'E_1_0'}, {'NE_1_1'}, {'E_1_0'}, {'E_1_0'}, {'W_1_0'}, {'S_0_1'}, {'W_1_0'}]",-0.033347475638809465,129,0.9147286821705426,0.9688331432915241,5262
"[{'E_1_0'}, {'E_1_0'}, {'E_1_0'}, {'SE_1_1'}, {'S_0_1'}, {'S_0_1'}, {'S_0_1'}, {'W_1_0'}, {'SW_1_1'}, {'N_0_1'}, {'N_0_1'}, {'N_0_1'}, {'N_0_1'}]",-0.03386660590742063,350,0.9028571428571428,0.9688331432915241,5262
"[{'NE_1_1'}, {'NE_1_1'}, {'SE_1_1'}, {'S_0_1'}, {'S_0_1'}, {'S_0_1'}, {'S_0_1'}, {'S_0_1'}, {'S_0_1'}, {'W_1_0'}, {'NE_1_1'}]",-0.03416297265855084,144,0.9166666666666666,0.9688331432915241,5262
"[{'E_1_0'}, {'E_1_0'}, {'E_1_0'}, {'E_1_0'}, {'E_1_0'}, {'NE_1_1'}, {'E_1_0'}, {'W_1_0'}, {'STAY_0_0'}, {'E_1_0'}, {'S_0_1'}]",-0.03420211594027056,116,0.9137931034482759,0.9688331432915241,5262
"[{'N_0_1'}, {'N_0_1'}, {'N_0_1'}, {'E_1_0'}, {'E_1_0'}, {'S_0_1'}, {'S_0_1'}, {'S_0_1'}, {'W_1_0'}, {'W_1_0'}, {'S_0_1'}, {'W_1_0'}, {'W_1_0'}]",-0.03442068802028064,109,0.8807339449541285,0.9688331432915241,5262
"[{'E_1_0'}, {'E_1_0'}, {'NE_1_1'}, {'E_1_0'}, {'E_1_0'}, {'E_1_0'}, {'S_0_1'}, {'S_0_1'}, {'W_1_0'}, {'STAY_0_0'}, {'E_1_0'}, {'W_1_0'}]",-0.03450466898797222,200,0.905,0.9688331432915241,5262
"[{'E_1_0'}, {'E_1_0'}, {'S_0_1'}, {'S_0_1'}, {'S_0_1'}, {'S_0_1'}, {'W_1_0'}, {'W_1_0'}, {'W_1_0'}, {'SW_1_1'}, {'STAY_0_0'}, {'E_1_0'}, {'W_1_0'}]",-0.03452612377561182,242,0.8966942148760331,0.9688331432915241,5262
"[{'NE_1_1'}, {'E_1_0'}, {'N_0_1'}, {'E_1_0'}, {'E_1_0'}, {'S_0_1'}, {'S_0_1'}, {'S_0_1'}, {'SW_1_1'}, {'SW_1_1'}, {'W_1_0'}, {'W_1_0'}]",-0.03456253405019449,175,0.9028571428571428,0.9688331432915241,5262
"[{'E_1_0'}, {'E_1_0'}, {'NE_1_1'}, {'E_1_0'}, {'E_1_0'}, {'E_1_0'}, {'SW_1_1'}, {'W_1_0'}, {'W_1_0'}, {'W_1_0'}, {'STAY_0_0'}, {'E_1_0'}, {'E_1_0'}]",-0.03464632800054224,130,0.8846153846153846,0.9688331432915241,5262
"[{'NE_1_1'}, {'N_0_1'}, {'E_1_0'}, {'N_0_1'}, {'N_0_1'}, {'N_0_1'}, {'N_0_1'}, {'N_0_1'}, {'N_0_1'}, {'N_0_1'}, {'N_0_1'}, {'W_1_0'}]",-0.034772927805046816,213,0.9061032863849765,0.9688331432915241,5262
"[{'N_0_1'}, {'NE_1_1'}, {'E_1_0'}, {'NE_1_1'}, {'SE_1_1'}, {'S_0_1'}, {'S_0_1'}, {'S_0_1'}, {'W_1_0'}, {'SW_1_1'}, {'W_1_0'}]",-0.035189521389035416,131,0.916030534351145,0.9688331432915241,5262
"[{'NE_1_1'}, {'E_1_0'}, {'E_1_0'}, {'S_0_1'}, {'S_0_1'}, {'W_1_0'}, {'W_1_0'}, {'SW_1_1'}, {'W_1_0'}, {'N_0_1'}, {'N_0_1'}, {'N_0_1'}, {'STAY_0_0'}]",-0.0355097314913857,152,0.8881578947368421,0.9688331432915241,5262
"[{'E_1_0'}, {'N_0_1'}, {'NE_1_1'}, {'W_1_0'}, {'W_1_0'}, {'S_0_1'}, {'S_0_1'}, {'E_1_0'}, {'S_0_1'}, {'S_0_1'}, {'S_0_1'}, {'S_0_1'}]",-0.0357001630857019,104,0.8942307692307693,0.9688331432915241,5262
"[{'E_1_0'}, {'E_1_0'}, {'E_1_0'}, {'E_1_0'}, {'SE_1_1'}, {'W_1_0'}, {'W_1_0'}, {'W_1_0'}, {'W_1_0'}, {'W_1_0'}, {'N_0_1'}, {'N_0_1'}, {'N_0_1'}]",-0.03600438229258951,507,0.9092702169625246,0.9688331432915241,5262
"[{'N_0_1'}, {'E_1_0'}, {'NE_1_1'}, {'E_1_0'}, {'S_0_1'}, {'S_0_1'}, {'S_0_1'}, {'E_1_0'}, {'E_1_0'}, {'S_0_1'}, {'S_0_1'}]",-0.03661380853617624,147,0.9183673469387755,0.9688331432915241,5262
"[{'E_1_0'}, {'E_1_0'}, {'E_1_0'}, {'E_1_0'}, {'E_1_0'}, {'E_1_0'}, {'E_1_0'}, {'W_1_0'}, {'SW_1_1'}, {'W_1_0'}, {'STAY_0_0'}, {'E_1_0'}, {'E_1_0'}]",-0.03670953005685562,209,0.8947368421052632,0.9688331432915241,5262
"[{'E_1_0'}, {'E_1_0'}, {'E_1_0'}, {'SE_1_1'}, {'S_0_1'}, {'SW_1_1'}, {'W_1_0'}, {'S_0_1'}, {'W_1_0'}, {'W_1_0'}, {'N_0_1'}, {'N_0_1'}, {'N_0_1'}]",-0.037427198225904235,305,0.9016393442622951,0.9688331432915241,5262
"[{'E_1_0'}, {'E_1_0'}, {'E_1_0'}, {'SE_1_1'}, {'S_0_1'}, {'SW_1_1'}, {'S_0_1'}, {'W_1_0'}, {'W_1_0'}, {'W_1_0'}, {'N_0_1'}, {'N_0_1'}, {'N_0_1'}]",-0.0377263143887947,393,0.905852417302799,0.9688331432915241,5262
"[{'N_0_1'}, {'N_0_1'}, {'E_1_0'}, {'SE_1_1'}, {'S_0_1'}, {'S_0_1'}, {'S_0_1'}, {'E_1_0'}, {'S_0_1'}, {'S_0_1'}, {'S_0_1'}, {'W_1_0'}, {'W_1_0'}]",-0.03776110453177717,121,0.8842975206611571,0.9688331432915241,5262
"[{'E_1_0'}, {'E_1_0'}, {'E_1_0'}, {'N_0_1'}, {'NE_1_1'}, {'NW_1_1'}, {'N_0_1'}, {'W_1_0'}, {'W_1_0'}, {'W_1_0'}, {'W_1_0'}, {'W_1_0'}]",-0.037809120617020575,178,0.9044943820224719,0.9688331432915241,5262
"[{'E_1_0'}, {'S_0_1'}, {'S_0_1'}, {'W_1_0'}, {'W_1_0'}, {'W_1_0'}, {'W_1_0'}, {'W_1_0'}, {'STAY_0_0'}, {'E_1_0'}, {'E_1_0'}, {'E_1_0'}, {'W_1_0'}]",-0.03785705695679309,187,0.893048128342246,0.9688331432915241,5262
"[{'E_1_0'}, {'E_1_0'}, {'E_1_0'}, {'N_0_1'}, {'E_1_0'}, {'E_1_0'}, {'W_1_0'}, {'W_1_0'}, {'W_1_0'}, {'W_1_0'}, {'S_0_1'}, {'S_0_1'}]",-0.038001919993749356,256,0.91015625,0.9688331432915241,5262
"[{'E_1_0'}, {'E_1_0'}, {'E_1_0'}, {'SE_1_1'}, {'S_0_1'}, {'SW_1_1'}, {'S_0_1'}, {'W_1_0'}, {'W_1_0'}, {'W_1_0'}, {'W_1_0'}, {'N_0_1'}, {'N_0_1'}, {'N_0_1'}]",-0.038369256406255214,356,0.8960674157303371,0.9688331432915241,5262
"[{'E_1_0'}, {'NE_1_1'}, {'E_1_0'}, {'N_0_1'}, {'N_0_1'}, {'N_0_1'}, {'N_0_1'}, {'N_0_1'}, {'N_0_1'}, {'E_1_0'}, {'E_1_0'}, {'E_1_0'}, {'W_1_0'}]",-0.038407540854632494,132,0.8863636363636364,0.9688331432915241,5262
"[{'E_1_0'}, {'E_1_0'}, {'E_1_0'}, {'E_1_0'}, {'N_0_1'}, {'N_0_1'}, {'N_0_1'}, {'N_0_1'}, {'N_0_1'}, {'N_0_1'}, {'N_0_1'}, {'W_1_0'}, {'W_1_0'}, {'S_0_1'}]",-0.0387598689079558,476,0.9012605042016807,0.9688331432915241,5262
"[{'E_1_0'}, {'E_1_0'}, {'E_1_0'}, {'E_1_0'}, {'E_1_0'}, {'W_1_0'}, {'W_1_0'}, {'W_1_0'}, {'W_1_0'}, {'W_1_0'}, {'N_0_1'}, {'N_0_1'}, {'W_1_0'}, {'W_1_0'}]",-0.0389252826352513,299,0.8929765886287625,0.9688331432915241,5262
"[{'E_1_0'}, {'SE_1_1'}, {'S_0_1'}, {'S_0_1'}, {'S_0_1'}, {'W_1_0'}, {'W_1_0'}, {'W_1_0'}, {'W_1_0'}, {'NE_1_1'}, {'STAY_0_0'}, {'W_1_0'}]",-0.039254158060732625,218,0.908256880733945,0.9688331432915241,5262
"[{'NE_1_1'}, {'E_1_0'}, {'E_1_0'}, {'E_1_0'}, {'E_1_0'}, {'E_1_0'}, {'E_1_0'}, {'W_1_0'}, {'W_1_0'}, {'W_1_0'}, {'STAY_0_0'}, {'W_1_0'}]",-0.03947081721079848,340,0.9147058823529411,0.9688331432915241,5262
"[{'E_1_0'}, {'E_1_0'}, {'SE_1_1'}, {'S_0_1'}, {'W_1_0'}, {'W_1_0'}, {'W_1_0'}, {'W_1_0'}, {'STAY_0_0'}, {'E_1_0'}, {'E_1_0'}, {'E_1_0'}]",-0.03989745630410191,272,0.9117647058823529,0.9688331432915241,5262
"[{'NE_1_1'}, {'E_1_0'}, {'NE_1_1'}, {'E_1_0'}, {'SE_1_1'}, {'S_0_1'}, {'W_1_0'}, {'W_1_0'}, {'W_1_0'}, {'W_1_0'}, {'W_1_0'}, {'N_0_1'}, {'N_0_1'}]",-0.040089101411948436,166,0.891566265060241,0.9688331432915241,5262
"[{'E_1_0'}, {'E_1_0'}, {'NE_1_1'}, {'E_1_0'}, {'S_0_1'}, {'S_0_1'}, {'SW_1_1'}, {'W_1_0'}, {'STAY_0_0'}, {'E_1_0'}, {'E_1_0'}, {'W_1_0'}]",-0.04052526505604326,143,0.9020979020979021,0.9688331432915241,5262
"[{'E_1_0'}, {'E_1_0'}, {'E_1_0'}, {'E_1_0'}, {'E_1_0'}, {'E_1_0'}, {'E_1_0'}, {'E_1_0'}, {'E_1_0'}, {'NE_1_1'}, {'E_1_0'}, {'W_1_0'}]",-0.04052977246294209,370,0.9162162162162162,0.9688331432915241,5262
"[{'N_0_1'}, {'N_0_1'}, {'N_0_1'}, {'N_0_1'}, {'E_1_0'}, {'E_1_0'}, {'E_1_0'}, {'E_1_0'}, {'E_1_0'}, {'S_0_1'}, {'S_0_1'}, {'S_0_1'}, {'S_0_1'}]",-0.04095709892402333,112,0.8839285714285714,0.9688331432915241,5262
"[{'E_1_0'}, {'E_1_0'}, {'NE_1_1'}, {'E_1_0'}, {'E_1_0'}, {'E_1_0'}, {'NE_1_1'}, {'E_1_0'}, {'N_0_1'}, {'N_0_1'}, {'N_0_1'}, {'N_0_1'}, {'N_0_1'}]",-0.041080073810011,178,0.8932584269662921,0.9688331432915241,5262
"[{'E_1_0'}, {'E_1_0'}, {'E_1_0'}, {'SE_1_1'}, {'S_0_1'}, {'S_0_1'}, {'W_1_0'}, {'W_1_0'}, {'W_1_0'}, {'W_1_0'}, {'N_0_1'}, {'N_0_1'}, {'N_0_1'}]",-0.04143011023525833,626,0.9137380191693291,0.9688331432915241,5262
"[{'E_1_0'}, {'E_1_0'}, {'E_1_0'}, {'NE_1_1'}, {'E_1_0'}, {'NE_1_1'}, {'NE_1_1'}, {'N_0_1'}, {'N_0_1'}, {'N_0_1'}, {'N_0_1'}, {'N_0_1'}, {'N_0_1'}, {'W_1_0'}]",-0.04143399263729042,100,0.87,0.9688331432915241,5262
"[{'NE_1_1'}, {'E_1_0'}, {'E_1_0'}, {'E_1_0'}, {'S_0_1'}, {'S_0_1'}, {'S_0_1'}, {'W_1_0'}, {'E_1_0'}, {'E_1_0'}, {'N_0_1'}, {'N_0_1'}]",-0.0417517488893242,316,0.9145569620253164,0.9688331432915241,5262
"[{'E_1_0'}, {'NE_1_1'}, {'E_1_0'}, {'N_0_1'}, {'N_0_1'}, {'N_0_1'}, {'N_0_1'}, {'N_0_1'}, {'E_1_0'}, {'E_1_0'}, {'W_1_0'}, {'W_1_0'}]",-0.04180232755182134,221,0.9095022624434389,0.9688331432915241,5262
"[{'N_0_1'}, {'E_1_0'}, {'N_0_1'}, {'E_1_0'}, {'E_1_0'}, {'E_1_0'}, {'S_0_1'}, {'W_1_0'}, {'S_0_1'}, {'S_0_1'}, {'SE_1_1'}]",-0.04208734202771125,110,0.9181818181818182,0.9688331432915241,5262
"[{'E_1_0'}, {'E_1_0'}, {'E_1_0'}, {'S_0_1'}, {'S_0_1'}, {'W_1_0'}, {'W_1_0'}, {'SW_1_1'}, {'STAY_0_0'}, {'E_1_0'}, {'W_1_0'}, {'W_1_0'}]",-0.04226956170693641,402,0.917910447761194,0.9688331432915241,5262
"[{'E_1_0'}, {'E_1_0'}, {'E_1_0'}, {'SE_1_1'}, {'W_1_0'}, {'W_1_0'}, {'W_1_0'}, {'W_1_0'}, {'W_1_0'}, {'STAY_0_0'}, {'E_1_0'}, {'E_1_0'}]",-0.0423566554064192,331,0.9154078549848943,0.9688331432915241,5262
"[{'E_1_0'}, {'NE_1_1'}, {'E_1_0'}, {'E_1_0'}, {'E_1_0'}, {'E_1_0'}, {'NE_1_1'}, {'E_1_0'}, {'E_1_0'}, {'E_1_0'}, {'E_1_0'}, {'W_1_0'}]",-0.04236347974402732,108,0.8981481481481481,0.9688331432915241,5262
"[{'N_0_1'}, {'E_1_0'}, {'N_0_1'}, {'E_1_0'}, {'N_0_1'}, {'E_1_0'}, {'W_1_0'}, {'S_0_1'}, {'W_1_0'}, {'W_1_0'}, {'W_1_0'}, {'W_1_0'}]",-0.04236347974402732,108,0.8981481481481481,0.9688331432915241,5262
"[{'NE_1_1'}, {'E_1_0'}, {'N_0_1'}, {'E_1_0'}, {'N_0_1'}, {'N_0_1'}, {'N_0_1'}, {'N_0_1'}, {'N_0_1'}, {'N_0_1'}, {'W_1_0'}, {'W_1_0'}, {'S_0_1'}]",-0.042441260078193155,179,0.8938547486033519,0.9688331432915241,5262
"[{'E_1_0'}, {'NE_1_1'}, {'E_1_0'}, {'NE_1_1'}, {'NE_1_1'}, {'N_0_1'}, {'N_0_1'}, {'N_0_1'}, {'W_1_0'}, {'W_1_0'}, {'W_1_0'}, {'W_1_0'}]",-0.042763212188026145,360,0.9166666666666666,0.9688331432915241,5262
"[{'E_1_0'}, {'E_1_0'}, {'N_0_1'}, {'E_1_0'}, {'N_0_1'}, {'N_0_1'}, {'N_0_1'}, {'N_0_1'}, {'N_0_1'}, {'N_0_1'}, {'N_0_1'}, {'W_1_0'}, {'S_0_1'}]",-0.043460185175722144,275,0.9018181818181819,0.9688331432915241,5262
"[{'N_0_1'}, {'N_0_1'}, {'N_0_1'}, {'N_0_1'}, {'N_0_1'}, {'N_0_1'}, {'NW_1_1'}, {'N_0_1'}, {'N_0_1'}, {'N_0_1'}, {'E_1_0'}, {'E_1_0'}]",-0.04347316596864892,133,0.9022556390977443,0.9688331432915241,5262
"[{'E_1_0'}, {'E_1_0'}, {'E_1_0'}, {'E_1_0'}, {'SE_1_1'}, {'S_0_1'}, {'S_0_1'}, {'S_0_1'}, {'W_1_0'}, {'W_1_0'}, {'N_0_1'}, {'N_0_1'}, {'N_0_1'}]",-0.04356138784954,562,0.9128113879003559,0.9688331432915241,5262
"[{'E_1_0'}, {'E_1_0'}, {'E_1_0'}, {'E_1_0'}, {'W_1_0'}, {'W_1_0'}, {'S_0_1'}, {'W_1_0'}, {'W_1_0'}, {'STAY_0_0'}, {'E_1_0'}, {'E_1_0'}, {'E_1_0'}]",-0.04368584050502289,146,0.8904109589041096,0.9688331432915241,5262
"[{'NE_1_1'}, {'E_1_0'}, {'S_0_1'}, {'S_0_1'}, {'S_0_1'}, {'S_0_1'}, {'S_0_1'}, {'W_1_0'}, {'S_0_1'}, {'N_0_1'}, {'E_1_0'}, {'E_1_0'}]",-0.043848965484417635,184,0.907608695652174,0.9688331432915241,5262
"[{'E_1_0'}, {'E_1_0'}, {'E_1_0'}, {'N_0_1'}, {'N_0_1'}, {'N_0_1'}, {'N_0_1'}, {'N_0_1'}, {'N_0_1'}, {'N_0_1'}, {'STAY_0_0'}, {'W_1_0'}, {'W_1_0'}]",-0.043920582405331476,239,0.899581589958159,0.9688331432915241,5262
"[{'E_1_0'}, {'E_1_0'}, {'SE_1_1'}, {'E_1_0'}, {'S_0_1'}, {'W_1_0'}, {'W_1_0'}, {'W_1_0'}, {'W_1_0'}, {'W_1_0'}, {'E_1_0'}, {'N_0_1'}, {'N_0_1'}, {'W_1_0'}, {'W_1_0'}]",-0.044173795694976814,101,0.8613861386138614,0.9688331432915241,5262
"[{'E_1_0'}, {'E_1_0'}, {'NE_1_1'}, {'E_1_0'}, {'NE_1_1'}, {'NE_1_1'}, {'N_0_1'}, {'N_0_1'}, {'N_0_1'}, {'N_0_1'}, {'N_0_1'}, {'N_0_1'}]",-0.04476693425381928,172,0.9069767441860465,0.9688331432915241,5262
"[{'NE_1_1'}, {'E_1_0'}, {'E_1_0'}, {'E_1_0'}, {'E_1_0'}, {'E_1_0'}, {'S_0_1'}, {'W_1_0'}, {'SW_1_1'}, {'W_1_0'}, {'SW_1_1'}, {'E_1_0'}, {'N_0_1'}]",-0.04505085030915801,114,0.8859649122807017,0.9688331432915241,5262
"[{'E_1_0'}, {'E_1_0'}, {'E_1_0'}, {'W_1_0'}, {'W_1_0'}, {'W_1_0'}, {'NE_1_1'}, {'N_0_1'}, {'N_0_1'}, {'N_0_1'}, {'W_1_0'}, {'W_1_0'}]",-0.04537310033870612,365,0.9178082191780822,0.9688331432915241,5262
"[{'E_1_0'}, {'E_1_0'}, {'E_1_0'}, {'E_1_0'}, {'E_1_0'}, {'E_1_0'}, {'E_1_0'}, {'E_1_0'}, {'N_0_1'}, {'N_0_1'}, {'STAY_0_0'}, {'W_1_0'}, {'W_1_0'}]",-0.045632196604602715,366,0.907103825136612,0.9688331432915241,5262
"[{'E_1_0'}, {'E_1_0'}, {'E_1_0'}, {'N_0_1'}, {'E_1_0'}, {'N_0_1'}, {'NW_1_1'}, {'N_0_1'}, {'N_0_1'}, {'N_0_1'}, {'N_0_1'}, {'N_0_1'}]",-0.04595172003255965,281,0.9145907473309609,0.9688331432915241,5262
"[{'N_0_1'}, {'N_0_1'}, {'E_1_0'}, {'E_1_0'}, {'E_1_0'}, {'S_0_1'}, {'S_0_1'}, {'S_0_1'}, {'E_1_0'}, {'S_0_1'}, {'S_0_1'}, {'S_0_1'}, {'W_1_0'}]",-0.04638002008781683,159,0.8930817610062893,0.9688331432915241,5262
"[{'E_1_0'}, {'E_1_0'}, {'E_1_0'}, {'E_1_0'}, {'E_1_0'}, {'E_1_0'}, {'E_1_0'}, {'E_1_0'}, {'W_1_0'}, {'W_1_0'}, {'W_1_0'}, {'W_1_0'}, {'SW_1_1'}, {'W_1_0'}, {'STAY_0_0'}]",-0.0467971531455913,168,0.875,0.9688331432915241,5262
"[{'E_1_0'}, {'N_0_1'}, {'E_1_0'}, {'E_1_0'}, {'E_1_0'}, {'E_1_0'}, {'W_1_0'}, {'W_1_0'}, {'W_1_0'}, {'W_1_0'}, {'W_1_0'}, {'STAY_0_0'}, {'W_1_0'}, {'W_1_0'}]",-0.04767107146093763,132,0.8787878787878788,0.9688331432915241,5262
"[{'E_1_0'}, {'E_1_0'}, {'E_1_0'}, {'SE_1_1'}, {'S_0_1'}, {'S_0_1'}, {'S_0_1'}, {'W_1_0'}, {'SW_1_1'}, {'W_1_0'}, {'W_1_0'}, {'E_1_0'}, {'E_1_0'}, {'N_0_1'}]",-0.04792512451789932,206,0.8883495145631068,0.9688331432915241,5262
"[{'E_1_0'}, {'NE_1_1'}, {'E_1_0'}, {'SE_1_1'}, {'E_1_0'}, {'S_0_1'}, {'S_0_1'}, {'S_0_1'}, {'W_1_0'}, {'N_0_1'}, {'N_0_1'}, {'N_0_1'}]",-0.04816423541013504,202,0.9108910891089109,0.9688331432915241,5262
"[{'NE_1_1'}, {'E_1_0'}, {'N_0_1'}, {'E_1_0'}, {'N_0_1'}, {'N_0_1'}, {'N_0_1'}, {'N_0_1'}, {'N_0_1'}, {'N_0_1'}, {'N_0_1'}, {'W_1_0'}, {'W_1_0'}]",-0.048182464427799054,219,0.8995433789954338,0.9688331432915241,5262
"[{'E_1_0'}, {'E_1_0'}, {'E_1_0'}, {'SE_1_1'}, {'S_0_1'}, {'S_0_1'}, {'S_0_1'}, {'W_1_0'}, {'W_1_0'}, {'W_1_0'}, {'N_0_1'}, {'N_0_1'}, {'N_0_1'}]",-0.048213582838826374,642,0.9158878504672897,0.9688331432915241,5262
"[{'E_1_0'}, {'NE_1_1'}, {'E_1_0'}, {'E_1_0'}, {'E_1_0'}, {'E_1_0'}, {'E_1_0'}, {'E_1_0'}, {'E_1_0'}, {'W_1_0'}, {'W_1_0'}, {'N_0_1'}]",-0.04833822046515901,243,0.9135802469135802,0.9688331432915241,5262
"[{'E_1_0'}, {'E_1_0'}, {'N_0_1'}, {'N_0_1'}, {'N_0_1'}, {'N_0_1'}, {'W_1_0'}, {'W_1_0'}, {'W_1_0'}, {'W_1_0'}, {'S_0_1'}, {'W_1_0'}]",-0.04865463050538321,357,0.9187675070028011,0.9688331432915241,5262
"[{'E_1_0'}, {'E_1_0'}, {'E_1_0'}, {'E_1_0'}, {'E_1_0'}, {'W_1_0'}, {'W_1_0'}, {'W_1_0'}, {'W_1_0'}, {'N_0_1'}, {'N_0_1'}, {'N_0_1'}, {'W_1_0'}, {'W_1_0'}]",-0.048797037873862914,356,0.898876404494382,0.9688331432915241,5262
"[{'NE_1_1'}, {'SE_1_1'}, {'SE_1_1'}, {'S_0_1'}, {'S_0_1'}, {'S_0_1'}, {'S_0_1'}, {'W_1_0'}, {'S_0_1'}, {'W_1_0'}, {'N_0_1'}, {'N_0_1'}, {'N_0_1'}]",-0.048948849659802285,116,0.8879310344827587,0.9688331432915241,5262
"[{'NE_1_1'}, {'E_1_0'}, {'S_0_1'}, {'S_0_1'}, {'W_1_0'}, {'W_1_0'}, {'W_1_0'}, {'NE_1_1'}, {'NE_1_1'}, {'N_0_1'}, {'N_0_1'}, {'N_0_1'}]",-0.04915846010405445,125,0.904,0.9688331432915241,5262
"[{'E_1_0'}, {'N_0_1'}, {'N_0_1'}, {'N_0_1'}, {'N_0_1'}, {'N_0_1'}, {'N_0_1'}, {'N_0_1'}, {'N_0_1'}, {'N_0_1'}, {'N_0_1'}, {'E_1_0'}, {'E_1_0'}]",-0.04927774952137054,208,0.8990384615384616,0.9688331432915241,5262
"[{'E_1_0'}, {'E_1_0'}, {'SE_1_1'}, {'S_0_1'}, {'S_0_1'}, {'W_1_0'}, {'W_1_0'}, {'W_1_0'}, {'E_1_0'}, {'E_1_0'}, {'N_0_1'}, {'N_0_1'}, {'W_1_0'}]",-0.04954125864077885,257,0.9027237354085603,0.9688331432915241,5262
"[{'NE_1_1'}, {'N_0_1'}, {'E_1_0'}, {'E_1_0'}, {'E_1_0'}, {'E_1_0'}, {'E_1_0'}, {'S_0_1'}, {'S_0_1'}, {'SW_1_1'}, {'W_1_0'}, {'W_1_0'}]",-0.04960432502464429,177,0.9096045197740112,0.9688331432915241,5262
"[{'NE_1_1'}, {'E_1_0'}, {'E_1_0'}, {'E_1_0'}, {'S_0_1'}, {'S_0_1'}, {'W_1_0'}, {'W_1_0'}, {'W_1_0'}, {'W_1_0'}, {'W_1_0'}, {'E_1_0'}, {'N_0_1'}, {'N_0_1'}]",-0.04976963414936453,252,0.8928571428571429,0.9688331432915241,5262
"[{'N_0_1'}, {'N_0_1'}, {'E_1_0'}, {'S_0_1'}, {'S_0_1'}, {'S_0_1'}, {'S_0_1'}, {'S_0_1'}, {'S_0_1'}, {'S_0_1'}, {'W_1_0'}, {'W_1_0'}]",-0.04992455880879465,316,0.9177215189873418,0.9688331432915241,5262
"[{'NE_1_1'}, {'NE_1_1'}, {'E_1_0'}, {'E_1_0'}, {'S_0_1'}, {'S_0_1'}, {'S_0_1'}, {'S_0_1'}, {'W_1_0'}, {'W_1_0'}, {'SW_1_1'}, {'W_1_0'}, {'STAY_0_0'}, {'W_1_0'}]",-0.050089752766453,113,0.8761061946902655,0.9688331432915241,5262
"[{'E_1_0'}, {'E_1_0'}, {'SE_1_1'}, {'S_0_1'}, {'S_0_1'}, {'S_0_1'}, {'W_1_0'}, {'SW_1_1'}, {'W_1_0'}, {'N_0_1'}, {'N_0_1'}, {'N_0_1'}, {'STAY_0_0'}]",-0.05012244298103763,233,0.9012875536480687,0.9688331432915241,5262
"[{'E_1_0'}, {'E_1_0'}, {'E_1_0'}, {'N_0_1'}, {'N_0_1'}, {'E_1_0'}, {'N_0_1'}, {'E_1_0'}, {'NE_1_1'}, {'N_0_1'}, {'E_1_0'}, {'E_1_0'}]",-0.05017636191698549,101,0.900990099009901,0.9688331432915241,5262
"[{'E_1_0'}, {'E_1_0'}, {'S_0_1'}, {'S_0_1'}, {'S_0_1'}, {'S_0_1'}, {'SW_1_1'}, {'W_1_0'}, {'STAY_0_0'}, {'N_0_1'}, {'N_0_1'}, {'N_0_1'}, {'N_0_1'}]",-0.05045424347977945,258,0.9031007751937985,0.9688331432915241,5262
"[{'N_0_1'}, {'N_0_1'}, {'N_0_1'}, {'N_0_1'}, {'N_0_1'}, {'N_0_1'}, {'W_1_0'}, {'N_0_1'}, {'N_0_1'}, {'N_0_1'}, {'N_0_1'}, {'E_1_0'}]",-0.05052451637973321,178,0.9101123595505618,0.9688331432915241,5262
"[{'NE_1_1'}, {'E_1_0'}, {'E_1_0'}, {'N_0_1'}, {'E_1_0'}, {'E_1_0'}, {'E_1_0'}, {'W_1_0'}, {'W_1_0'}, {'W_1_0'}, {'W_1_0'}, {'W_1_0'}, {'W_1_0'}]",-0.05134012154510703,222,0.9009009009009009,0.9688331432915241,5262
"[{'E_1_0'}, {'E_1_0'}, {'E_1_0'}, {'E_1_0'}, {'SE_1_1'}, {'S_0_1'}, {'W_1_0'}, {'W_1_0'}, {'NE_1_1'}, {'N_0_1'}, {'N_0_1'}, {'N_0_1'}]",-0.05155418829210401,319,0.9184952978056427,0.9688331432915241,5262
"[{'E_1_0'}, {'E_1_0'}, {'E_1_0'}, {'E_1_0'}, {'N_0_1'}, {'N_0_1'}, {'N_0_1'}, {'N_0_1'}, {'N_0_1'}, {'E_1_0'}, {'NE_1_1'}, {'S_0_1'}]",-0.05164688788163918,220,0.9136363636363637,0.9688331432915241,5262
"[{'E_1_0'}, {'E_1_0'}, {'N_0_1'}, {'E_1_0'}, {'N_0_1'}, {'E_1_0'}, {'W_1_0'}, {'W_1_0'}, {'W_1_0'}, {'W_1_0'}, {'S_0_1'}, {'S_0_1'}]",-0.051903228128696854,193,0.9119170984455959,0.9688331432915241,5262
"[{'E_1_0'}, {'E_1_0'}, {'NE_1_1'}, {'E_1_0'}, {'E_1_0'}, {'W_1_0'}, {'W_1_0'}, {'W_1_0'}, {'E_1_0'}, {'N_0_1'}, {'N_0_1'}, {'N_0_1'}]",-0.0523625597480577,263,0.9163498098859315,0.9688331432915241,5262
"[{'NE_1_1'}, {'SE_1_1'}, {'S_0_1'}, {'S_0_1'}, {'S_0_1'}, {'S_0_1'}, {'S_0_1'}, {'S_0_1'}, {'W_1_0'}, {'S_0_1'}, {'N_0_1'}, {'N_0_1'}]",-0.05244469685617004,249,0.9156626506024096,0.9688331432915241,5262
"[{'E_1_0'}, {'N_0_1'}, {'E_1_0'}, {'N_0_1'}, {'N_0_1'}, {'N_0_1'}, {'N_0_1'}, {'N_0_1'}, {'N_0_1'}, {'N_0_1'}, {'N_0_1'}, {'N_0_1'}, {'E_1_0'}]",-0.05259774619632718,187,0.8983957219251337,0.9688331432915241,5262
"[{'E_1_0'}, {'NE_1_1'}, {'E_1_0'}, {'E_1_0'}, {'N_0_1'}, {'NE_1_1'}, {'N_0_1'}, {'N_0_1'}, {'N_0_1'}, {'W_1_0'}, {'W_1_0'}, {'S_0_1'}]",-0.052884609411864014,154,0.9090909090909091,0.9688331432915241,5262
"[{'E_1_0'}, {'SE_1_1'}, {'S_0_1'}, {'S_0_1'}, {'SE_1_1'}, {'SE_1_1'}, {'S_0_1'}, {'S_0_1'}, {'S_0_1'}, {'N_0_1'}, {'N_0_1'}, {'N_0_1'}]",-0.053146028188924,103,0.9029126213592233,0.9688331432915241,5262
"[{'E_1_0'}, {'NE_1_1'}, {'E_1_0'}, {'E_1_0'}, {'S_0_1'}, {'S_0_1'}, {'S_0_1'}, {'W_1_0'}, {'W_1_0'}, {'N_0_1'}, {'N_0_1'}, {'STAY_0_0'}]",-0.05360704490762358,265,0.9169811320754717,0.9688331432915241,5262
"[{'N_0_1'}, {'E_1_0'}, {'E_1_0'}, {'SE_1_1'}, {'S_0_1'}, {'S_0_1'}, {'S_0_1'}, {'W_1_0'}, {'W_1_0'}, {'W_1_0'}, {'STAY_0_0'}, {'E_1_0'}]",-0.05404842338531801,142,0.9084507042253521,0.9688331432915241,5262
"[{'NE_1_1'}, {'E_1_0'}, {'E_1_0'}, {'N_0_1'}, {'N_0_1'}, {'N_0_1'}, {'N_0_1'}, {'N_0_1'}, {'NE_1_1'}, {'N_0_1'}, {'N_0_1'}, {'N_0_1'}, {'W_1_0'}]",-0.05408137243413269,130,0.8923076923076924,0.9688331432915241,5262
"[{'E_1_0'}, {'N_0_1'}, {'E_1_0'}, {'N_0_1'}, {'N_0_1'}, {'NW_1_1'}, {'N_0_1'}, {'N_0_1'}, {'E_1_0'}, {'E_1_0'}, {'E_1_0'}, {'N_0_1'}]",-0.05456965626341903,104,0.9038461538461539,0.9688331432915241,5262
"[{'E_1_0'}, {'E_1_0'}, {'E_1_0'}, {'NE_1_1'}, {'E_1_0'}, {'N_0_1'}, {'N_0_1'}, {'N_0_1'}, {'N_0_1'}, {'N_0_1'}, {'N_0_1'}, {'N_0_1'}, {'W_1_0'}, {'S_0_1'}]",-0.05476694824250172,211,0.8909952606635071,0.9688331432915241,5262
"[{'E_1_0'}, {'E_1_0'}, {'E_1_0'}, {'N_0_1'}, {'E_1_0'}, {'E_1_0'}, {'NE_1_1'}, {'E_1_0'}, {'E_1_0'}, {'E_1_0'}, {'W_1_0'}, {'W_1_0'}]",-0.054863803482505524,156,0.9102564102564102,0.9688331432915241,5262
"[{'E_1_0'}, {'E_1_0'}, {'S_0_1'}, {'S_0_1'}, {'SW_1_1'}, {'W_1_0'}, {'W_1_0'}, {'W_1_0'}, {'SW_1_1'}, {'W_1_0'}, {'N_0_1'}, {'N_0_1'}, {'N_0_1'}]",-0.05536485712020012,226,0.9026548672566371,0.9688331432915241,5262
"[{'E_1_0'}, {'E_1_0'}, {'N_0_1'}, {'N_0_1'}, {'N_0_1'}, {'N_0_1'}, {'N_0_1'}, {'N_0_1'}, {'N_0_1'}, {'N_0_1'}, {'E_1_0'}, {'E_1_0'}, {'W_1_0'}]",-0.055941113779873985,277,0.9061371841155235,0.9688331432915241,5262
"[{'E_1_0'}, {'E_1_0'}, {'E_1_0'}, {'E_1_0'}, {'E_1_0'}, {'NE_1_1'}, {'E_1_0'}, {'W_1_0'}, {'W_1_0'}, {'W_1_0'}, {'W_1_0'}, {'W_1_0'}, {'STAY_0_0'}]",-0.0560961009282237,190,0.9,0.9688331432915241,5262
"[{'E_1_0'}, {'E_1_0'}, {'N_0_1'}, {'E_1_0'}, {'W_1_0'}, {'W_1_0'}, {'W_1_0'}, {'W_1_0'}, {'W_1_0'}, {'W_1_0'}, {'W_1_0'}, {'W_1_0'}, {'E_1_0'}]",-0.05651722074432186,143,0.8951048951048951,0.9688331432915241,5262
"[{'E_1_0'}, {'E_1_0'}, {'E_1_0'}, {'E_1_0'}, {'E_1_0'}, {'E_1_0'}, {'W_1_0'}, {'W_1_0'}, {'W_1_0'}, {'E_1_0'}, {'E_1_0'}, {'E_1_0'}, {'STAY_0_0'}, {'W_1_0'}, {'W_1_0'}]",-0.05667294206494988,105,0.8666666666666667,0.9688331432915241,5262
"[{'N_0_1'}, {'N_0_1'}, {'N_0_1'}, {'E_1_0'}, {'E_1_0'}, {'E_1_0'}, {'E_1_0'}, {'S_0_1'}, {'S_0_1'}, {'W_1_0'}, {'W_1_0'}, {'W_1_0'}, {'W_1_0'}]",-0.057289234470967454,132,0.8939393939393939,0.9688331432915241,5262
"[{'E_1_0'}, {'E_1_0'}, {'E_1_0'}, {'E_1_0'}, {'W_1_0'}, {'W_1_0'}, {'W_1_0'}, {'W_1_0'}, {'STAY_0_0'}, {'E_1_0'}, {'E_1_0'}, {'W_1_0'}, {'W_1_0'}]",-0.057433029164467575,331,0.9093655589123867,0.9688331432915241,5262
"[{'E_1_0'}, {'NE_1_1'}, {'S_0_1'}, {'S_0_1'}, {'S_0_1'}, {'W_1_0'}, {'W_1_0'}, {'W_1_0'}, {'W_1_0'}, {'SW_1_1'}, {'STAY_0_0'}, {'W_1_0'}]",-0.05744457444922113,200,0.915,0.9688331432915241,5262
"[{'E_1_0'}, {'N_0_1'}, {'N_0_1'}, {'N_0_1'}, {'N_0_1'}, {'N_0_1'}, {'N_0_1'}, {'N_0_1'}, {'N_0_1'}, {'N_0_1'}, {'N_0_1'}, {'N_0_1'}, {'S_0_1'}]",-0.05754562311664513,318,0.9088050314465409,0.9688331432915241,5262
"[{'E_1_0'}, {'E_1_0'}, {'E_1_0'}, {'E_1_0'}, {'N_0_1'}, {'N_0_1'}, {'W_1_0'}, {'W_1_0'}, {'W_1_0'}, {'S_0_1'}, {'W_1_0'}, {'S_0_1'}]",-0.05837173839592724,244,0.9180327868852459,0.9688331432915241,5262
"[{'E_1_0'}, {'NE_1_1'}, {'E_1_0'}, {'E_1_0'}, {'E_1_0'}, {'E_1_0'}, {'NE_1_1'}, {'N_0_1'}, {'N_0_1'}, {'N_0_1'}, {'N_0_1'}, {'W_1_0'}, {'W_1_0'}, {'W_1_0'}, {'W_1_0'}]",-0.058467344942167765,144,0.875,0.9688331432915241,5262
"[{'S_0_1'}, {'S_0_1'}, {'E_1_0'}, {'NE_1_1'}, {'NE_1_1'}, {'N_0_1'}, {'N_0_1'}, {'N_0_1'}, {'N_0_1'}, {'N_0_1'}, {'W_1_0'}, {'STAY_0_0'}]",-0.058491217467961265,133,0.9097744360902256,0.9688331432915241,5262
"[{'N_0_1'}, {'E_1_0'}, {'N_0_1'}, {'W_1_0'}, {'W_1_0'}, {'S_0_1'}, {'S_0_1'}, {'S_0_1'}, {'S_0_1'}, {'S_0_1'}, {'S_0_1'}, {'W_1_0'}]",-0.058491217467961265,133,0.9097744360902256,0.9688331432915241,5262
"[{'E_1_0'}, {'E_1_0'}, {'N_0_1'}, {'E_1_0'}, {'N_0_1'}, {'E_1_0'}, {'E_1_0'}, {'E_1_0'}, {'S_0_1'}, {'S_0_1'}, {'S_0_1'}, {'S_0_1'}]",-0.058491217467961265,133,0.9097744360902256,0.9688331432915241,5262
"[{'N_0_1'}, {'NE_1_1'}, {'N_0_1'}, {'E_1_0'}, {'E_1_0'}, {'S_0_1'}, {'S_0_1'}, {'S_0_1'}, {'S_0_1'}, {'S_0_1'}, {'S_0_1'}, {'W_1_0'}]",-0.05861238164512117,107,0.9065420560747663,0.9688331432915241,5262
"[{'E_1_0'}, {'E_1_0'}, {'S_0_1'}, {'S_0_1'}, {'S_0_1'}, {'S_0_1'}, {'W_1_0'}, {'W_1_0'}, {'W_1_0'}, {'W_1_0'}, {'SW_1_1'}, {'NE_1_1'}, {'STAY_0_0'}]",-0.05884226384648383,133,0.8947368421052632,0.9688331432915241,5262
"[{'NE_1_1'}, {'N_0_1'}, {'N_0_1'}, {'N_0_1'}, {'N_0_1'}, {'N_0_1'}, {'N_0_1'}, {'E_1_0'}, {'E_1_0'}, {'NE_1_1'}, {'W_1_0'}, {'W_1_0'}]",-0.059126369708388804,147,0.9115646258503401,0.9688331432915241,5262
"[{'E_1_0'}, {'E_1_0'}, {'E_1_0'}, {'E_1_0'}, {'S_0_1'}, {'S_0_1'}, {'S_0_1'}, {'W_1_0'}, {'SW_1_1'}, {'W_1_0'}, {'W_1_0'}, {'STAY_0_0'}, {'E_1_0'}, {'W_1_0'}]",-0.059370215521975966,249,0.8955823293172691,0.9688331432915241,5262
"[{'E_1_0'}, {'E_1_0'}, {'E_1_0'}, {'E_1_0'}, {'SE_1_1'}, {'S_0_1'}, {'W_1_0'}, {'W_1_0'}, {'STAY_0_0'}, {'E_1_0'}, {'E_1_0'}, {'E_1_0'}]",-0.05959879091934783,246,0.9186991869918699,0.9688331432915241,5262
"[{'S_0_1'}, {'S_0_1'}, {'S_0_1'}, {'S_0_1'}, {'W_1_0'}, {'W_1_0'}, {'W_1_0'}, {'W_1_0'}, {'STAY_0_0'}, {'NE_1_1'}, {'NE_1_1'}, {'W_1_0'}]",-0.059647836396527376,203,0.916256157635468,0.9688331432915241,5262
"[{'E_1_0'}, {'E_1_0'}, {'NE_1_1'}, {'E_1_0'}, {'W_1_0'}, {'W_1_0'}, {'W_1_0'}, {'W_1_0'}, {'W_1_0'}, {'W_1_0'}, {'STAY_0_0'}, {'E_1_0'}]",-0.05971977836581921,189,0.9153439153439153,0.9688331432915241,5262
"[{'NE_1_1'}, {'E_1_0'}, {'NE_1_1'}, {'N_0_1'}, {'N_0_1'}, {'N_0_1'}, {'N_0_1'}, {'N_0_1'}, {'N_0_1'}, {'N_0_1'}, {'N_0_1'}, {'N_0_1'}]",-0.06036088940939566,204,0.9166666666666666,0.9688331432915241,5262
"[{'E_1_0'}, {'E_1_0'}, {'E_1_0'}, {'E_1_0'}, {'E_1_0'}, {'W_1_0'}, {'W_1_0'}, {'W_1_0'}, {'N_0_1'}, {'W_1_0'}, {'W_1_0'}, {'W_1_0'}, {'W_1_0'}]",-0.0604957447883856,376,0.9122340425531915,0.9688331432915241,5262
"[{'E_1_0'}, {'E_1_0'}, {'E_1_0'}, {'E_1_0'}, {'E_1_0'}, {'NE_1_1'}, {'N_0_1'}, {'N_0_1'}, {'N_0_1'}, {'N_0_1'}, {'N_0_1'}, {'W_1_0'}, {'STAY_0_0'}, {'W_1_0'}, {'W_1_0'}]",-0.06063571739207152,145,0.8758620689655172,0.9688331432915241,5262
"[{'E_1_0'}, {'E_1_0'}, {'E_1_0'}, {'NE_1_1'}, {'E_1_0'}, {'E_1_0'}, {'E_1_0'}, {'E_1_0'}, {'W_1_0'}, {'W_1_0'}, {'STAY_0_0'}, {'W_1_0'}, {'W_1_0'}]",-0.060966351165429256,170,0.9,0.9688331432915241,5262
"[{'SE_1_1'}, {'E_1_0'}, {'S_0_1'}, {'S_0_1'}, {'W_1_0'}, {'STAY_0_0'}, {'E_1_0'}, {'NE_1_1'}, {'N_0_1'}, {'N_0_1'}, {'N_0_1'}, {'W_1_0'}]",-0.06101889428886298,149,0.912751677852349,0.9688331432915241,5262
"[{'E_1_0'}, {'E_1_0'}, {'NE_1_1'}, {'E_1_0'}, {'W_1_0'}, {'W_1_0'}, {'W_1_0'}, {'W_1_0'}, {'S_0_1'}, {'W_1_0'}, {'E_1_0'}, {'W_1_0'}]",-0.061584997124269014,136,0.9117647058823529,0.9688331432915241,5262
"[{'NE_1_1'}, {'N_0_1'}, {'E_1_0'}, {'E_1_0'}, {'S_0_1'}, {'S_0_1'}, {'W_1_0'}, {'W_1_0'}, {'W_1_0'}, {'W_1_0'}, {'W_1_0'}, {'NW_1_1'}]",-0.061584997124269014,136,0.9117647058823529,0.9688331432915241,5262
"[{'E_1_0'}, {'E_1_0'}, {'E_1_0'}, {'SE_1_1'}, {'S_0_1'}, {'S_0_1'}, {'S_0_1'}, {'W_1_0'}, {'W_1_0'}, {'W_1_0'}, {'W_1_0'}, {'N_0_1'}, {'N_0_1'}, {'N_0_1'}]",-0.061851170041879344,592,0.910472972972973,0.9688331432915241,5262
"[{'E_1_0'}, {'E_1_0'}, {'E_1_0'}, {'NE_1_1'}, {'E_1_0'}, {'N_0_1'}, {'N_0_1'}, {'N_0_1'}, {'N_0_1'}, {'N_0_1'}, {'W_1_0'}, {'W_1_0'}, {'STAY_0_0'}]",-0.061928729043900343,183,0.9016393442622951,0.9688331432915241,5262
"[{'E_1_0'}, {'E_1_0'}, {'E_1_0'}, {'E_1_0'}, {'NE_1_1'}, {'E_1_0'}, {'E_1_0'}, {'E_1_0'}, {'W_1_0'}, {'W_1_0'}, {'W_1_0'}, {'W_1_0'}, {'STAY_0_0'}, {'E_1_0'}]",-0.06209243317546553,108,0.8796296296296297,0.9688331432915241,5262
"[{'E_1_0'}, {'E_1_0'}, {'E_1_0'}, {'E_1_0'}, {'E_1_0'}, {'E_1_0'}, {'E_1_0'}, {'N_0_1'}, {'NW_1_1'}, {'N_0_1'}, {'N_0_1'}, {'N_0_1'}, {'E_1_0'}, {'E_1_0'}, {'W_1_0'}]",-0.062448464183632035,107,0.8691588785046729,0.9688331432915241,5262
"[{'E_1_0'}, {'E_1_0'}, {'SE_1_1'}, {'S_0_1'}, {'S_0_1'}, {'SW_1_1'}, {'SW_1_1'}, {'W_1_0'}, {'SW_1_1'}, {'N_0_1'}, {'N_0_1'}, {'N_0_1'}, {'N_0_1'}, {'N_0_1'}]",-0.06266771862031262,129,0.8837209302325582,0.9688331432915241,5262
"[{'E_1_0'}, {'E_1_0'}, {'E_1_0'}, {'E_1_0'}, {'E_1_0'}, {'W_1_0'}, {'SW_1_1'}, {'W_1_0'}, {'W_1_0'}, {'W_1_0'}, {'STAY_0_0'}, {'E_1_0'}, {'E_1_0'}]",-0.0630370179781099,184,0.9021739130434783,0.9688331432915241,5262
"[{'E_1_0'}, {'E_1_0'}, {'S_0_1'}, {'S_0_1'}, {'SW_1_1'}, {'SW_1_1'}, {'W_1_0'}, {'W_1_0'}, {'W_1_0'}, {'E_1_0'}, {'NE_1_1'}, {'N_0_1'}, {'N_0_1'}]",-0.06350906614839369,160,0.9,0.9688331432915241,5262
"[{'E_1_0'}, {'NE_1_1'}, {'NE_1_1'}, {'N_0_1'}, {'N_0_1'}, {'N_0_1'}, {'N_0_1'}, {'N_0_1'}, {'N_0_1'}, {'N_0_1'}, {'NE_1_1'}, {'N_0_1'}]",-0.06351680785741642,111,0.9099099099099099,0.9688331432915241,5262
"[{'E_1_0'}, {'NE_1_1'}, {'E_1_0'}, {'E_1_0'}, {'E_1_0'}, {'E_1_0'}, {'E_1_0'}, {'E_1_0'}, {'W_1_0'}, {'W_1_0'}, {'SW_1_1'}, {'E_1_0'}]",-0.06377436077779541,209,0.9186602870813397,0.9688331432915241,5262
"[{'E_1_0'}, {'N_0_1'}, {'N_0_1'}, {'N_0_1'}, {'N_0_1'}, {'NW_1_1'}, {'N_0_1'}, {'N_0_1'}, {'N_0_1'}, {'N_0_1'}, {'N_0_1'}, {'N_0_1'}, {'W_1_0'}, {'S_0_1'}]",-0.06380366616378885,151,0.8874172185430463,0.9688331432915241,5262
"[{'E_1_0'}, {'NE_1_1'}, {'E_1_0'}, {'N_0_1'}, {'N_0_1'}, {'N_0_1'}, {'N_0_1'}, {'N_0_1'}, {'N_0_1'}, {'N_0_1'}, {'N_0_1'}, {'E_1_0'}, {'E_1_0'}]",-0.06449231458309157,173,0.9017341040462428,0.9688331432915241,5262
"[{'E_1_0'}, {'NE_1_1'}, {'NE_1_1'}, {'N_0_1'}, {'N_0_1'}, {'N_0_1'}, {'N_0_1'}, {'N_0_1'}, {'N_0_1'}, {'N_0_1'}, {'N_0_1'}, {'E_1_0'}]",-0.06458708259633239,153,0.9150326797385621,0.9688331432915241,5262
"[{'E_1_0'}, {'S_0_1'}, {'W_1_0'}, {'W_1_0'}, {'W_1_0'}, {'W_1_0'}, {'STAY_0_0'}, {'E_1_0'}, {'E_1_0'}, {'N_0_1'}, {'E_1_0'}, {'N_0_1'}, {'N_0_1'}]",-0.06473599040781286,137,0.8978102189781022,0.9688331432915241,5262
"[{'NE_1_1'}, {'E_1_0'}, {'E_1_0'}, {'SW_1_1'}, {'S_0_1'}, {'W_1_0'}, {'W_1_0'}, {'W_1_0'}, {'E_1_0'}, {'N_0_1'}, {'N_0_1'}, {'N_0_1'}]",-0.06479070929494224,196,0.9183673469387755,0.9688331432915241,5262
"[{'N_0_1'}, {'N_0_1'}, {'E_1_0'}, {'NE_1_1'}, {'E_1_0'}, {'E_1_0'}, {'S_0_1'}, {'S_0_1'}, {'S_0_1'}, {'S_0_1'}, {'S_0_1'}, {'S_0_1'}, {'W_1_0'}]",-0.06483733576927464,149,0.8993288590604027,0.9688331432915241,5262
"[{'E_1_0'}, {'E_1_0'}, {'E_1_0'}, {'S_0_1'}, {'S_0_1'}, {'S_0_1'}, {'SW_1_1'}, {'E_1_0'}, {'NE_1_1'}, {'N_0_1'}, {'N_0_1'}, {'N_0_1'}, {'W_1_0'}]",-0.06556539961433461,303,0.9108910891089109,0.9688331432915241,5262
"[{'N_0_1'}, {'N_0_1'}, {'E_1_0'}, {'S_0_1'}, {'S_0_1'}, {'S_0_1'}, {'S_0_1'}, {'S_0_1'}, {'W_1_0'}, {'SW_1_1'}, {'W_1_0'}, {'SW_1_1'}]",-0.06622684113044275,100,0.91,0.9688331432915241,5262
"[{'E_1_0'}, {'E_1_0'}, {'E_1_0'}, {'SE_1_1'}, {'S_0_1'}, {'SW_1_1'}, {'W_1_0'}, {'W_1_0'}, {'N_0_1'}, {'N_0_1'}, {'N_0_1'}, {'STAY_0_0'}, {'W_1_0'}]",-0.06668935235937323,200,0.905,0.9688331432915241,5262
"[{'E_1_0'}, {'NE_1_1'}, {'E_1_0'}, {'E_1_0'}, {'S_0_1'}, {'S_0_1'}, {'S_0_1'}, {'W_1_0'}, {'W_1_0'}, {'W_1_0'}, {'N_0_1'}, {'N_0_1'}, {'N_0_1'}]",-0.06674161662772304,387,0.9147286821705426,0.9688331432915241,5262
"[{'NE_1_1'}, {'E_1_0'}, {'E_1_0'}, {'E_1_0'}, {'N_0_1'}, {'E_1_0'}, {'N_0_1'}, {'N_0_1'}, {'N_0_1'}, {'N_0_1'}, {'N_0_1'}, {'W_1_0'}, {'W_1_0'}, {'W_1_0'}, {'W_1_0'}]",-0.06722813747777145,179,0.88268156424581,0.9688331432915241,5262
"[{'E_1_0'}, {'E_1_0'}, {'E_1_0'}, {'SE_1_1'}, {'S_0_1'}, {'SW_1_1'}, {'S_0_1'}, {'SW_1_1'}, {'SW_1_1'}, {'W_1_0'}, {'STAY_0_0'}, {'E_1_0'}]",-0.06743049268871637,101,0.9108910891089109,0.9688331432915241,5262
"[{'E_1_0'}, {'E_1_0'}, {'SE_1_1'}, {'E_1_0'}, {'N_0_1'}, {'E_1_0'}, {'E_1_0'}, {'E_1_0'}, {'E_1_0'}, {'E_1_0'}, {'W_1_0'}, {'W_1_0'}]",-0.06743049268871637,101,0.9108910891089109,0.9688331432915241,5262
"[{'E_1_0'}, {'E_1_0'}, {'E_1_0'}, {'E_1_0'}, {'E_1_0'}, {'E_1_0'}, {'E_1_0'}, {'N_0_1'}, {'E_1_0'}, {'E_1_0'}, {'E_1_0'}, {'E_1_0'}, {'W_1_0'}]",-0.06791915916279567,293,0.9112627986348123,0.9688331432915241,5262
"[{'E_1_0'}, {'NE_1_1'}, {'E_1_0'}, {'E_1_0'}, {'W_1_0'}, {'W_1_0'}, {'W_1_0'}, {'W_1_0'}, {'W_1_0'}, {'W_1_0'}, {'N_0_1'}, {'N_0_1'}, {'N_0_1'}, {'W_1_0'}, {'W_1_0'}]",-0.06793569490638496,109,0.8715596330275229,0.9688331432915241,5262
"[{'E_1_0'}, {'E_1_0'}, {'NE_1_1'}, {'E_1_0'}, {'E_1_0'}, {'E_1_0'}, {'W_1_0'}, {'W_1_0'}, {'STAY_0_0'}, {'W_1_0'}, {'W_1_0'}, {'SW_1_1'}]",-0.06833030546442065,172,0.9186046511627907,0.9688331432915241,5262
"[{'E_1_0'}, {'E_1_0'}, {'NE_1_1'}, {'E_1_0'}, {'E_1_0'}, {'E_1_0'}, {'E_1_0'}, {'W_1_0'}, {'S_0_1'}, {'STAY_0_0'}, {'W_1_0'}, {'W_1_0'}]",-0.06833030546442065,172,0.9186046511627907,0.9688331432915241,5262
"[{'E_1_0'}, {'NE_1_1'}, {'E_1_0'}, {'NE_1_1'}, {'E_1_0'}, {'S_0_1'}, {'S_0_1'}, {'W_1_0'}, {'W_1_0'}, {'W_1_0'}, {'W_1_0'}, {'N_0_1'}, {'N_0_1'}, {'N_0_1'}]",-0.06872080090768762,154,0.8896103896103896,0.9688331432915241,5262
"[{'E_1_0'}, {'E_1_0'}, {'E_1_0'}, {'N_0_1'}, {'E_1_0'}, {'N_0_1'}, {'N_0_1'}, {'N_0_1'}, {'N_0_1'}, {'W_1_0'}, {'N_0_1'}, {'N_0_1'}, {'N_0_1'}, {'E_1_0'}]",-0.06872080090768762,154,0.8896103896103896,0.9688331432915241,5262
"[{'E_1_0'}, {'E_1_0'}, {'E_1_0'}, {'W_1_0'}, {'W_1_0'}, {'W_1_0'}, {'W_1_0'}, {'W_1_0'}, {'W_1_0'}, {'W_1_0'}, {'W_1_0'}, {'N_0_1'}, {'STAY_0_0'}]",-0.06919723922586818,268,0.9104477611940298,0.9688331432915241,5262
"[{'E_1_0'}, {'E_1_0'}, {'E_1_0'}, {'S_0_1'}, {'S_0_1'}, {'W_1_0'}, {'W_1_0'}, {'W_1_0'}, {'W_1_0'}, {'W_1_0'}, {'STAY_0_0'}, {'E_1_0'}, {'W_1_0'}]",-0.06941045333858709,392,0.9158163265306123,0.9688331432915241,5262
"[{'E_1_0'}, {'NE_1_1'}, {'E_1_0'}, {'N_0_1'}, {'NE_1_1'}, {'N_0_1'}, {'N_0_1'}, {'N_0_1'}, {'N_0_1'}, {'N_0_1'}, {'N_0_1'}, {'W_1_0'}]",-0.06944706854703675,159,0.9182389937106918,0.9688331432915241,5262
"[{'E_1_0'}, {'E_1_0'}, {'E_1_0'}, {'NE_1_1'}, {'E_1_0'}, {'E_1_0'}, {'N_0_1'}, {'N_0_1'}, {'N_0_1'}, {'W_1_0'}, {'W_1_0'}, {'STAY_0_0'}, {'E_1_0'}]",-0.06961835065258604,105,0.8952380952380953,0.9688331432915241,5262
"[{'E_1_0'}, {'NE_1_1'}, {'NE_1_1'}, {'N_0_1'}, {'N_0_1'}, {'N_0_1'}, {'N_0_1'}, {'N_0_1'}, {'N_0_1'}, {'N_0_1'}, {'N_0_1'}, {'N_0_1'}, {'W_1_0'}]",-0.06968248916202735,216,0.9074074074074074,0.9688331432915241,5262
"[{'E_1_0'}, {'E_1_0'}, {'NE_1_1'}, {'E_1_0'}, {'E_1_0'}, {'E_1_0'}, {'E_1_0'}, {'N_0_1'}, {'E_1_0'}, {'N_0_1'}, {'N_0_1'}, {'N_0_1'}, {'N_0_1'}, {'W_1_0'}, {'W_1_0'}]",-0.0696942442637094,170,0.8823529411764706,0.9688331432915241,5262
"[{'E_1_0'}, {'E_1_0'}, {'E_1_0'}, {'N_0_1'}, {'E_1_0'}, {'N_0_1'}, {'N_0_1'}, {'NW_1_1'}, {'N_0_1'}, {'N_0_1'}, {'N_0_1'}, {'N_0_1'}, {'N_0_1'}, {'W_1_0'}]",-0.06981352360791826,200,0.895,0.9688331432915241,5262
"[{'E_1_0'}, {'N_0_1'}, {'E_1_0'}, {'E_1_0'}, {'E_1_0'}, {'E_1_0'}, {'E_1_0'}, {'W_1_0'}, {'W_1_0'}, {'W_1_0'}, {'STAY_0_0'}, {'W_1_0'}, {'W_1_0'}]",-0.06987386877290214,153,0.9019607843137255,0.9688331432915241,5262
"[{'NE_1_1'}, {'E_1_0'}, {'N_0_1'}, {'E_1_0'}, {'SE_1_1'}, {'S_0_1'}, {'S_0_1'}, {'S_0_1'}, {'S_0_1'}, {'W_1_0'}, {'W_1_0'}, {'W_1_0'}, {'W_1_0'}, {'W_1_0'}]",-0.07030077441481297,155,0.8903225806451613,0.9688331432915241,5262
"[{'E_1_0'}, {'E_1_0'}, {'E_1_0'}, {'E_1_0'}, {'N_0_1'}, {'NE_1_1'}, {'N_0_1'}, {'NW_1_1'}, {'N_0_1'}, {'N_0_1'}, {'NE_1_1'}, {'N_0_1'}]",-0.07083956119395318,104,0.9134615384615384,0.9688331432915241,5262
"[{'E_1_0'}, {'E_1_0'}, {'E_1_0'}, {'E_1_0'}, {'N_0_1'}, {'N_0_1'}, {'N_0_1'}, {'E_1_0'}, {'E_1_0'}, {'S_0_1'}, {'W_1_0'}, {'W_1_0'}, {'W_1_0'}]",-0.0713057028141284,106,0.8962264150943396,0.9688331432915241,5262
"[{'E_1_0'}, {'E_1_0'}, {'NE_1_1'}, {'E_1_0'}, {'N_0_1'}, {'N_0_1'}, {'N_0_1'}, {'N_0_1'}, {'N_0_1'}, {'S_0_1'}, {'W_1_0'}, {'S_0_1'}]",-0.0713759147953883,147,0.9183673469387755,0.9688331432915241,5262
"[{'N_0_1'}, {'E_1_0'}, {'N_0_1'}, {'E_1_0'}, {'N_0_1'}, {'N_0_1'}, {'N_0_1'}, {'NW_1_1'}, {'N_0_1'}, {'W_1_0'}, {'W_1_0'}, {'W_1_0'}, {'W_1_0'}]",-0.07165630293677538,130,0.9,0.9688331432915241,5262
"[{'E_1_0'}, {'E_1_0'}, {'E_1_0'}, {'SE_1_1'}, {'S_0_1'}, {'S_0_1'}, {'W_1_0'}, {'S_0_1'}, {'W_1_0'}, {'W_1_0'}, {'STAY_0_0'}, {'E_1_0'}, {'E_1_0'}]",-0.07168958993710328,258,0.9108527131782945,0.9688331432915241,5262
"[{'E_1_0'}, {'E_1_0'}, {'N_0_1'}, {'E_1_0'}, {'N_0_1'}, {'N_0_1'}, {'N_0_1'}, {'N_0_1'}, {'N_0_1'}, {'STAY_0_0'}, {'E_1_0'}, {'W_1_0'}]",-0.07171173497301964,133,0.9172932330827067,0.9688331432915241,5262
"[{'E_1_0'}, {'E_1_0'}, {'E_1_0'}, {'E_1_0'}, {'SE_1_1'}, {'S_0_1'}, {'S_0_1'}, {'S_0_1'}, {'W_1_0'}, {'W_1_0'}, {'W_1_0'}, {'N_0_1'}, {'N_0_1'}, {'N_0_1'}]",-0.07187219783296706,545,0.9119266055045872,0.9688331432915241,5262
"[{'E_1_0'}, {'NE_1_1'}, {'E_1_0'}, {'E_1_0'}, {'E_1_0'}, {'N_0_1'}, {'N_0_1'}, {'N_0_1'}, {'N_0_1'}, {'N_0_1'}, {'N_0_1'}, {'W_1_0'}, {'W_1_0'}]",-0.07193422457679866,299,0.9130434782608695,0.9688331432915241,5262
"[{'E_1_0'}, {'NE_1_1'}, {'E_1_0'}, {'NE_1_1'}, {'E_1_0'}, {'E_1_0'}, {'E_1_0'}, {'W_1_0'}, {'W_1_0'}, {'SW_1_1'}, {'W_1_0'}, {'SW_1_1'}, {'W_1_0'}]",-0.0722534181668919,155,0.9032258064516129,0.9688331432915241,5262
"[{'E_1_0'}, {'E_1_0'}, {'N_0_1'}, {'N_0_1'}, {'N_0_1'}, {'N_0_1'}, {'N_0_1'}, {'N_0_1'}, {'N_0_1'}, {'N_0_1'}, {'N_0_1'}, {'N_0_1'}, {'N_0_1'}, {'S_0_1'}]",-0.07281108382501245,299,0.903010033444816,0.9688331432915241,5262
"[{'NE_1_1'}, {'E_1_0'}, {'N_0_1'}, {'E_1_0'}, {'E_1_0'}, {'E_1_0'}, {'S_0_1'}, {'S_0_1'}, {'S_0_1'}, {'S_0_1'}, {'E_1_0'}, {'S_0_1'}]",-0.07284747924828627,120,0.9166666666666666,0.9688331432915241,5262
"[{'E_1_0'}, {'E_1_0'}, {'E_1_0'}, {'NE_1_1'}, {'E_1_0'}, {'E_1_0'}, {'E_1_0'}, {'S_0_1'}, {'W_1_0'}, {'W_1_0'}, {'NE_1_1'}, {'E_1_0'}]",-0.07295565704025542,106,0.9150943396226415,0.9688331432915241,5262
"[{'E_1_0'}, {'E_1_0'}, {'N_0_1'}, {'N_0_1'}, {'N_0_1'}, {'N_0_1'}, {'NW_1_1'}, {'N_0_1'}, {'N_0_1'}, {'N_0_1'}, {'N_0_1'}, {'N_0_1'}, {'W_1_0'}, {'S_0_1'}]",-0.07304084209827089,191,0.8952879581151832,0.9688331432915241,5262
"[{'NE_1_1'}, {'E_1_0'}, {'E_1_0'}, {'S_0_1'}, {'S_0_1'}, {'W_1_0'}, {'W_1_0'}, {'W_1_0'}, {'NE_1_1'}, {'NE_1_1'}, {'N_0_1'}, {'N_0_1'}, {'N_0_1'}]",-0.07312632159977572,119,0.8991596638655462,0.9688331432915241,5262
"[{'NE_1_1'}, {'NE_1_1'}, {'E_1_0'}, {'E_1_0'}, {'E_1_0'}, {'E_1_0'}, {'S_0_1'}, {'S_0_1'}, {'SW_1_1'}, {'W_1_0'}, {'W_1_0'}, {'W_1_0'}, {'N_0_1'}]",-0.07324105384088297,207,0.9082125603864735,0.9688331432915241,5262
"[{'E_1_0'}, {'E_1_0'}, {'E_1_0'}, {'E_1_0'}, {'S_0_1'}, {'S_0_1'}, {'S_0_1'}, {'S_0_1'}, {'SW_1_1'}, {'W_1_0'}, {'STAY_0_0'}, {'N_0_1'}, {'N_0_1'}]",-0.07363737434470652,386,0.917098445595855,0.9688331432915241,5262
"[{'E_1_0'}, {'E_1_0'}, {'E_1_0'}, {'E_1_0'}, {'E_1_0'}, {'E_1_0'}, {'N_0_1'}, {'NW_1_1'}, {'N_0_1'}, {'N_0_1'}, {'N_0_1'}, {'E_1_0'}, {'E_1_0'}, {'W_1_0'}]",-0.07364906388246628,146,0.8904109589041096,0.9688331432915241,5262
"[{'E_1_0'}, {'E_1_0'}, {'N_0_1'}, {'E_1_0'}, {'N_0_1'}, {'N_0_1'}, {'N_0_1'}, {'N_0_1'}, {'N_0_1'}, {'N_0_1'}, {'N_0_1'}, {'N_0_1'}, {'E_1_0'}]",-0.07388101182746531,261,0.9118773946360154,0.9688331432915241,5262
"[{'E_1_0'}, {'N_0_1'}, {'E_1_0'}, {'N_0_1'}, {'N_0_1'}, {'N_0_1'}, {'N_0_1'}, {'N_0_1'}, {'N_0_1'}, {'N_0_1'}, {'N_0_1'}, {'W_1_0'}, {'W_1_0'}, {'S_0_1'}]",-0.07388380578277487,239,0.899581589958159,0.9688331432915241,5262
"[{'E_1_0'}, {'E_1_0'}, {'E_1_0'}, {'E_1_0'}, {'E_1_0'}, {'E_1_0'}, {'S_0_1'}, {'W_1_0'}, {'W_1_0'}, {'W_1_0'}, {'SW_1_1'}, {'W_1_0'}, {'STAY_0_0'}]",-0.07393643226072522,316,0.9145569620253164,0.9688331432915241,5262
"[{'E_1_0'}, {'E_1_0'}, {'E_1_0'}, {'E_1_0'}, {'E_1_0'}, {'W_1_0'}, {'W_1_0'}, {'W_1_0'}, {'W_1_0'}, {'W_1_0'}, {'W_1_0'}, {'STAY_0_0'}, {'E_1_0'}]",-0.07396674207928111,401,0.9177057356608479,0.9688331432915241,5262
"[{'NE_1_1'}, {'E_1_0'}, {'E_1_0'}, {'E_1_0'}, {'E_1_0'}, {'NE_1_1'}, {'E_1_0'}, {'E_1_0'}, {'E_1_0'}, {'E_1_0'}, {'S_0_1'}, {'W_1_0'}]",-0.0739699443234425,107,0.9158878504672897,0.9688331432915241,5262
"[{'E_1_0'}, {'E_1_0'}, {'E_1_0'}, {'E_1_0'}, {'S_0_1'}, {'S_0_1'}, {'S_0_1'}, {'W_1_0'}, {'SW_1_1'}, {'W_1_0'}, {'W_1_0'}, {'N_0_1'}, {'N_0_1'}, {'N_0_1'}]",-0.07412085032473814,482,0.9107883817427386,0.9688331432915241,5262
"[{'NE_1_1'}, {'E_1_0'}, {'E_1_0'}, {'E_1_0'}, {'S_0_1'}, {'S_0_1'}, {'S_0_1'}, {'W_1_0'}, {'W_1_0'}, {'W_1_0'}, {'W_1_0'}, {'W_1_0'}, {'N_0_1'}, {'W_1_0'}, {'W_1_0'}]",-0.07452905735921833,205,0.8878048780487805,0.9688331432915241,5262
"[{'NE_1_1'}, {'E_1_0'}, {'N_0_1'}, {'N_0_1'}, {'N_0_1'}, {'N_0_1'}, {'N_0_1'}, {'N_0_1'}, {'N_0_1'}, {'N_0_1'}, {'N_0_1'}, {'N_0_1'}, {'N_0_1'}]",-0.07455860753483279,235,0.9106382978723404,0.9688331432915241,5262
"[{'E_1_0'}, {'E_1_0'}, {'E_1_0'}, {'E_1_0'}, {'E_1_0'}, {'S_0_1'}, {'W_1_0'}, {'W_1_0'}, {'W_1_0'}, {'W_1_0'}, {'SW_1_1'}, {'W_1_0'}, {'N_0_1'}, {'N_0_1'}, {'N_0_1'}]",-0.07460795382625962,227,0.8898678414096917,0.9688331432915241,5262
"[{'NE_1_1'}, {'N_0_1'}, {'N_0_1'}, {'N_0_1'}, {'N_0_1'}, {'N_0_1'}, {'N_0_1'}, {'N_0_1'}, {'N_0_1'}, {'N_0_1'}, {'N_0_1'}, {'N_0_1'}, {'W_1_0'}]",-0.07510297344083616,304,0.9144736842105263,0.9688331432915241,5262
"[{'E_1_0'}, {'E_1_0'}, {'E_1_0'}, {'E_1_0'}, {'S_0_1'}, {'S_0_1'}, {'S_0_1'}, {'S_0_1'}, {'S_0_1'}, {'W_1_0'}, {'W_1_0'}, {'STAY_0_0'}, {'NE_1_1'}]",-0.0751352649913688,318,0.9150943396226415,0.9688331432915241,5262
"[{'E_1_0'}, {'E_1_0'}, {'E_1_0'}, {'N_0_1'}, {'N_0_1'}, {'N_0_1'}, {'N_0_1'}, {'N_0_1'}, {'N_0_1'}, {'N_0_1'}, {'W_1_0'}, {'W_1_0'}, {'W_1_0'}, {'S_0_1'}]",-0.0752033061812587,484,0.9111570247933884,0.9688331432915241,5262
"[{'N_0_1'}, {'N_0_1'}, {'E_1_0'}, {'E_1_0'}, {'S_0_1'}, {'S_0_1'}, {'S_0_1'}, {'S_0_1'}, {'S_0_1'}, {'S_0_1'}, {'E_1_0'}, {'S_0_1'}, {'S_0_1'}, {'W_1_0'}]",-0.07543372254169123,136,0.8897058823529411,0.9688331432915241,5262
"[{'E_1_0'}, {'E_1_0'}, {'E_1_0'}, {'E_1_0'}, {'S_0_1'}, {'W_1_0'}, {'S_0_1'}, {'W_1_0'}, {'W_1_0'}, {'E_1_0'}, {'E_1_0'}, {'N_0_1'}, {'N_0_1'}, {'STAY_0_0'}]",-0.07553689435844602,193,0.8963730569948186,0.9688331432915241,5262
"[{'E_1_0'}, {'E_1_0'}, {'E_1_0'}, {'S_0_1'}, {'S_0_1'}, {'W_1_0'}, {'W_1_0'}, {'W_1_0'}, {'STAY_0_0'}, {'E_1_0'}, {'E_1_0'}, {'E_1_0'}, {'W_1_0'}, {'W_1_0'}]",-0.07599208497670662,229,0.8995633187772926,0.9688331432915241,5262
"[{'SW_1_1'}, {'W_1_0'}, {'W_1_0'}, {'SW_1_1'}, {'E_1_0'}, {'E_1_0'}, {'N_0_1'}, {'N_0_1'}, {'N_0_1'}, {'STAY_0_0'}, {'W_1_0'}, {'W_1_0'}, {'W_1_0'}]",-0.07599532453981306,121,0.9008264462809917,0.9688331432915241,5262
"[{'E_1_0'}, {'E_1_0'}, {'S_0_1'}, {'S_0_1'}, {'S_0_1'}, {'W_1_0'}, {'SW_1_1'}, {'W_1_0'}, {'W_1_0'}, {'STAY_0_0'}, {'E_1_0'}, {'NW_1_1'}, {'W_1_0'}]",-0.07599532453981306,121,0.9008264462809917,0.9688331432915241,5262
"[{'E_1_0'}, {'E_1_0'}, {'NE_1_1'}, {'E_1_0'}, {'N_0_1'}, {'N_0_1'}, {'N_0_1'}, {'N_0_1'}, {'N_0_1'}, {'N_0_1'}, {'N_0_1'}, {'N_0_1'}, {'E_1_0'}]",-0.07610534791684431,237,0.9113924050632911,0.9688331432915241,5262
"[{'S_0_1'}, {'S_0_1'}, {'W_1_0'}, {'W_1_0'}, {'W_1_0'}, {'W_1_0'}, {'SW_1_1'}, {'W_1_0'}, {'W_1_0'}, {'E_1_0'}, {'E_1_0'}, {'E_1_0'}, {'NE_1_1'}]",-0.07610621402866058,109,0.8990825688073395,0.9688331432915241,5262
"[{'E_1_0'}, {'E_1_0'}, {'E_1_0'}, {'E_1_0'}, {'E_1_0'}, {'E_1_0'}, {'E_1_0'}, {'W_1_0'}, {'S_0_1'}, {'E_1_0'}, {'E_1_0'}, {'STAY_0_0'}, {'W_1_0'}]",-0.07634887802439727,146,0.9041095890410958,0.9688331432915241,5262
"[{'E_1_0'}, {'E_1_0'}, {'E_1_0'}, {'S_0_1'}, {'S_0_1'}, {'W_1_0'}, {'W_1_0'}, {'W_1_0'}, {'W_1_0'}, {'W_1_0'}, {'W_1_0'}, {'STAY_0_0'}, {'E_1_0'}, {'E_1_0'}, {'E_1_0'}]",-0.07697407507829945,185,0.8864864864864865,0.9688331432915241,5262
"[{'E_1_0'}, {'N_0_1'}, {'E_1_0'}, {'E_1_0'}, {'E_1_0'}, {'S_0_1'}, {'S_0_1'}, {'S_0_1'}, {'S_0_1'}, {'SW_1_1'}, {'E_1_0'}, {'SW_1_1'}, {'W_1_0'}]",-0.07737958969481595,122,0.9016393442622951,0.9688331432915241,5262
"[{'E_1_0'}, {'E_1_0'}, {'E_1_0'}, {'E_1_0'}, {'SE_1_1'}, {'W_1_0'}, {'S_0_1'}, {'W_1_0'}, {'W_1_0'}, {'STAY_0_0'}, {'E_1_0'}, {'E_1_0'}, {'W_1_0'}]",-0.07783139951049534,160,0.90625,0.9688331432915241,5262
"[{'E_1_0'}, {'E_1_0'}, {'SE_1_1'}, {'S_0_1'}, {'S_0_1'}, {'SW_1_1'}, {'S_0_1'}, {'S_0_1'}, {'W_1_0'}, {'SW_1_1'}, {'W_1_0'}, {'N_0_1'}, {'N_0_1'}, {'N_0_1'}, {'N_0_1'}]",-0.07811847636669667,113,0.8761061946902655,0.9688331432915241,5262
"[{'E_1_0'}, {'E_1_0'}, {'N_0_1'}, {'N_0_1'}, {'N_0_1'}, {'N_0_1'}, {'N_0_1'}, {'N_0_1'}, {'N_0_1'}, {'N_0_1'}, {'N_0_1'}, {'N_0_1'}, {'E_1_0'}]",-0.07812088622863622,309,0.9158576051779935,0.9688331432915241,5262
"[{'E_1_0'}, {'E_1_0'}, {'N_0_1'}, {'E_1_0'}, {'N_0_1'}, {'N_0_1'}, {'N_0_1'}, {'N_0_1'}, {'W_1_0'}, {'N_0_1'}, {'N_0_1'}, {'N_0_1'}, {'W_1_0'}]",-0.07836471577428616,213,0.9107981220657277,0.9688331432915241,5262
"[{'N_0_1'}, {'N_0_1'}, {'N_0_1'}, {'N_0_1'}, {'N_0_1'}, {'N_0_1'}, {'N_0_1'}, {'N_0_1'}, {'N_0_1'}, {'N_0_1'}, {'N_0_1'}, {'N_0_1'}, {'E_1_0'}, {'E_1_0'}]",-0.07849832867603546,105,0.8857142857142857,0.9688331432915241,5262
"[{'N_0_1'}, {'N_0_1'}, {'N_0_1'}, {'N_0_1'}, {'N_0_1'}, {'N_0_1'}, {'N_0_1'}, {'NW_1_1'}, {'W_1_0'}, {'W_1_0'}, {'W_1_0'}, {'W_1_0'}, {'S_0_1'}]",-0.07876769172408293,296,0.9155405405405406,0.9688331432915241,5262
"[{'E_1_0'}, {'E_1_0'}, {'E_1_0'}, {'E_1_0'}, {'W_1_0'}, {'W_1_0'}, {'W_1_0'}, {'NE_1_1'}, {'N_0_1'}, {'N_0_1'}, {'W_1_0'}, {'W_1_0'}, {'W_1_0'}, {'W_1_0'}]",-0.07908118432854172,232,0.9008620689655172,0.9688331432915241,5262
"[{'E_1_0'}, {'E_1_0'}, {'E_1_0'}, {'E_1_0'}, {'W_1_0'}, {'W_1_0'}, {'W_1_0'}, {'W_1_0'}, {'W_1_0'}, {'W_1_0'}, {'STAY_0_0'}, {'E_1_0'}, {'E_1_0'}, {'E_1_0'}]",-0.07924097289881393,208,0.8990384615384616,0.9688331432915241,5262
"[{'E_1_0'}, {'E_1_0'}, {'N_0_1'}, {'N_0_1'}, {'N_0_1'}, {'N_0_1'}, {'N_0_1'}, {'N_0_1'}, {'N_0_1'}, {'N_0_1'}, {'NW_1_1'}, {'W_1_0'}, {'S_0_1'}]",-0.0793721799930156,297,0.9158249158249159,0.9688331432915241,5262
"[{'E_1_0'}, {'NE_1_1'}, {'E_1_0'}, {'SE_1_1'}, {'E_1_0'}, {'S_0_1'}, {'S_0_1'}, {'S_0_1'}, {'W_1_0'}, {'W_1_0'}, {'N_0_1'}, {'N_0_1'}, {'N_0_1'}]",-0.08034891878153605,202,0.9108910891089109,0.9688331432915241,5262
"[{'E_1_0'}, {'E_1_0'}, {'E_1_0'}, {'E_1_0'}, {'E_1_0'}, {'E_1_0'}, {'N_0_1'}, {'N_0_1'}, {'N_0_1'}, {'N_0_1'}, {'N_0_1'}, {'N_0_1'}, {'W_1_0'}, {'E_1_0'}]",-0.08099843765628445,322,0.906832298136646,0.9688331432915241,5262
"[{'E_1_0'}, {'E_1_0'}, {'E_1_0'}, {'NE_1_1'}, {'E_1_0'}, {'N_0_1'}, {'N_0_1'}, {'N_0_1'}, {'N_0_1'}, {'N_0_1'}, {'N_0_1'}, {'N_0_1'}, {'W_1_0'}, {'W_1_0'}, {'S_0_1'}]",-0.08146384000402462,210,0.8904761904761904,0.9688331432915241,5262
"[{'E_1_0'}, {'E_1_0'}, {'E_1_0'}, {'E_1_0'}, {'SE_1_1'}, {'S_0_1'}, {'SW_1_1'}, {'S_0_1'}, {'W_1_0'}, {'W_1_0'}, {'W_1_0'}, {'N_0_1'}, {'W_1_0'}, {'W_1_0'}]",-0.08146623943134035,198,0.898989898989899,0.9688331432915241,5262
"[{'NE_1_1'}, {'E_1_0'}, {'E_1_0'}, {'E_1_0'}, {'E_1_0'}, {'N_0_1'}, {'N_0_1'}, {'N_0_1'}, {'N_0_1'}, {'W_1_0'}, {'W_1_0'}, {'W_1_0'}, {'W_1_0'}, {'W_1_0'}, {'W_1_0'}]",-0.08156303399970377,199,0.8894472361809045,0.9688331432915241,5262
"[{'NE_1_1'}, {'E_1_0'}, {'SE_1_1'}, {'S_0_1'}, {'S_0_1'}, {'S_0_1'}, {'S_0_1'}, {'S_0_1'}, {'S_0_1'}, {'W_1_0'}, {'N_0_1'}, {'N_0_1'}, {'N_0_1'}]",-0.08173056131877354,301,0.9169435215946844,0.9688331432915241,5262
"[{'E_1_0'}, {'E_1_0'}, {'E_1_0'}, {'E_1_0'}, {'NE_1_1'}, {'E_1_0'}, {'W_1_0'}, {'W_1_0'}, {'W_1_0'}, {'STAY_0_0'}, {'E_1_0'}, {'E_1_0'}, {'E_1_0'}]",-0.08194877663780398,113,0.9026548672566371,0.9688331432915241,5262
"[{'NE_1_1'}, {'E_1_0'}, {'E_1_0'}, {'E_1_0'}, {'S_0_1'}, {'W_1_0'}, {'SW_1_1'}, {'W_1_0'}, {'W_1_0'}, {'SW_1_1'}, {'E_1_0'}, {'E_1_0'}, {'W_1_0'}]",-0.0823610452883865,101,0.900990099009901,0.9688331432915241,5262
"[{'NE_1_1'}, {'N_0_1'}, {'N_0_1'}, {'N_0_1'}, {'N_0_1'}, {'NE_1_1'}, {'N_0_1'}, {'N_0_1'}, {'N_0_1'}, {'N_0_1'}, {'N_0_1'}, {'W_1_0'}, {'S_0_1'}]",-0.0823610452883865,101,0.900990099009901,0.9688331432915241,5262
"[{'E_1_0'}, {'E_1_0'}, {'NE_1_1'}, {'E_1_0'}, {'NE_1_1'}, {'N_0_1'}, {'N_0_1'}, {'N_0_1'}, {'N_0_1'}, {'N_0_1'}, {'N_0_1'}, {'N_0_1'}, {'N_0_1'}, {'W_1_0'}]",-0.08236436399159563,175,0.8971428571428571,0.9688331432915241,5262
"[{'E_1_0'}, {'E_1_0'}, {'E_1_0'}, {'N_0_1'}, {'E_1_0'}, {'E_1_0'}, {'N_0_1'}, {'N_0_1'}, {'N_0_1'}, {'N_0_1'}, {'N_0_1'}, {'N_0_1'}, {'W_1_0'}, {'S_0_1'}]",-0.08251625137168928,211,0.9004739336492891,0.9688331432915241,5262
"[{'E_1_0'}, {'E_1_0'}, {'E_1_0'}, {'E_1_0'}, {'E_1_0'}, {'E_1_0'}, {'W_1_0'}, {'SW_1_1'}, {'W_1_0'}, {'W_1_0'}, {'W_1_0'}, {'STAY_0_0'}, {'E_1_0'}]",-0.08251793985667355,232,0.9137931034482759,0.9688331432915241,5262
"[{'E_1_0'}, {'NE_1_1'}, {'E_1_0'}, {'S_0_1'}, {'S_0_1'}, {'SW_1_1'}, {'W_1_0'}, {'W_1_0'}, {'W_1_0'}, {'STAY_0_0'}, {'E_1_0'}, {'E_1_0'}, {'W_1_0'}]",-0.08292748902543368,139,0.9064748201438849,0.9688331432915241,5262
"[{'E_1_0'}, {'E_1_0'}, {'E_1_0'}, {'E_1_0'}, {'E_1_0'}, {'E_1_0'}, {'E_1_0'}, {'N_0_1'}, {'N_0_1'}, {'N_0_1'}, {'N_0_1'}, {'W_1_0'}, {'S_0_1'}, {'W_1_0'}]",-0.08303980931925925,299,0.9063545150501672,0.9688331432915241,5262
"[{'E_1_0'}, {'E_1_0'}, {'NE_1_1'}, {'NE_1_1'}, {'N_0_1'}, {'N_0_1'}, {'N_0_1'}, {'N_0_1'}, {'NE_1_1'}, {'N_0_1'}, {'N_0_1'}, {'N_0_1'}, {'W_1_0'}, {'W_1_0'}]",-0.0836231816387667,176,0.8977272727272727,0.9688331432915241,5262
"[{'N_0_1'}, {'N_0_1'}, {'N_0_1'}, {'N_0_1'}, {'N_0_1'}, {'N_0_1'}, {'N_0_1'}, {'N_0_1'}, {'N_0_1'}, {'N_0_1'}, {'N_0_1'}, {'N_0_1'}, {'S_0_1'}]",-0.08440832960199551,277,0.9169675090252708,0.9688331432915241,5262
"[{'E_1_0'}, {'E_1_0'}, {'E_1_0'}, {'E_1_0'}, {'N_0_1'}, {'N_0_1'}, {'N_0_1'}, {'N_0_1'}, {'N_0_1'}, {'N_0_1'}, {'NW_1_1'}, {'E_1_0'}, {'E_1_0'}]",-0.08457112271308809,221,0.9140271493212669,0.9688331432915241,5262
"[{'E_1_0'}, {'E_1_0'}, {'E_1_0'}, {'E_1_0'}, {'NE_1_1'}, {'E_1_0'}, {'E_1_0'}, {'E_1_0'}, {'NE_1_1'}, {'E_1_0'}, {'W_1_0'}, {'W_1_0'}, {'W_1_0'}]",-0.08506929278326503,154,0.9090909090909091,0.9688331432915241,5262
"[{'E_1_0'}, {'E_1_0'}, {'E_1_0'}, {'E_1_0'}, {'W_1_0'}, {'S_0_1'}, {'W_1_0'}, {'W_1_0'}, {'W_1_0'}, {'N_0_1'}, {'N_0_1'}, {'N_0_1'}, {'W_1_0'}]",-0.08509727549547619,307,0.9185667752442996,0.9688331432915241,5262
"[{'NE_1_1'}, {'E_1_0'}, {'E_1_0'}, {'S_0_1'}, {'W_1_0'}, {'W_1_0'}, {'W_1_0'}, {'STAY_0_0'}, {'E_1_0'}, {'E_1_0'}, {'W_1_0'}, {'W_1_0'}, {'W_1_0'}]",-0.08530083198795069,222,0.9144144144144144,0.9688331432915241,5262
"[{'S_0_1'}, {'S_0_1'}, {'SW_1_1'}, {'SW_1_1'}, {'W_1_0'}, {'W_1_0'}, {'STAY_0_0'}, {'N_0_1'}, {'N_0_1'}, {'N_0_1'}, {'N_0_1'}, {'N_0_1'}, {'W_1_0'}]",-0.08533071156032501,103,0.9029126213592233,0.9688331432915241,5262
"[{'E_1_0'}, {'E_1_0'}, {'E_1_0'}, {'E_1_0'}, {'E_1_0'}, {'E_1_0'}, {'E_1_0'}, {'E_1_0'}, {'W_1_0'}, {'W_1_0'}, {'W_1_0'}, {'SW_1_1'}, {'SW_1_1'}, {'STAY_0_0'}]",-0.08643806676437782,109,0.8899082568807339,0.9688331432915241,5262
"[{'E_1_0'}, {'NE_1_1'}, {'E_1_0'}, {'NE_1_1'}, {'N_0_1'}, {'N_0_1'}, {'N_0_1'}, {'N_0_1'}, {'NE_1_1'}, {'N_0_1'}, {'N_0_1'}, {'N_0_1'}, {'W_1_0'}, {'W_1_0'}]",-0.08643806676437782,109,0.8899082568807339,0.9688331432915241,5262
"[{'E_1_0'}, {'E_1_0'}, {'E_1_0'}, {'E_1_0'}, {'E_1_0'}, {'E_1_0'}, {'E_1_0'}, {'W_1_0'}, {'SW_1_1'}, {'W_1_0'}, {'W_1_0'}, {'W_1_0'}, {'STAY_0_0'}, {'E_1_0'}, {'E_1_0'}]",-0.08668446317346024,127,0.8818897637795275,0.9688331432915241,5262
"[{'E_1_0'}, {'E_1_0'}, {'E_1_0'}, {'E_1_0'}, {'E_1_0'}, {'E_1_0'}, {'E_1_0'}, {'NE_1_1'}, {'NE_1_1'}, {'NE_1_1'}, {'N_0_1'}, {'W_1_0'}, {'W_1_0'}]",-0.08700844567855515,267,0.9176029962546817,0.9688331432915241,5262
"[{'NE_1_1'}, {'N_0_1'}, {'E_1_0'}, {'SE_1_1'}, {'S_0_1'}, {'S_0_1'}, {'S_0_1'}, {'S_0_1'}, {'W_1_0'}, {'W_1_0'}, {'SW_1_1'}, {'W_1_0'}, {'W_1_0'}]",-0.08722585783448777,117,0.905982905982906,0.9688331432915241,5262
"[{'E_1_0'}, {'S_0_1'}, {'SW_1_1'}, {'S_0_1'}, {'W_1_0'}, {'W_1_0'}, {'W_1_0'}, {'W_1_0'}, {'W_1_0'}, {'E_1_0'}, {'N_0_1'}, {'N_0_1'}, {'N_0_1'}, {'W_1_0'}]",-0.08725245784841085,132,0.8939393939393939,0.9688331432915241,5262
"[{'E_1_0'}, {'E_1_0'}, {'E_1_0'}, {'E_1_0'}, {'NE_1_1'}, {'N_0_1'}, {'N_0_1'}, {'N_0_1'}, {'N_0_1'}, {'NE_1_1'}, {'W_1_0'}, {'W_1_0'}, {'W_1_0'}, {'S_0_1'}]",-0.0872801218358299,179,0.8994413407821229,0.9688331432915241,5262
"[{'E_1_0'}, {'E_1_0'}, {'E_1_0'}, {'N_0_1'}, {'N_0_1'}, {'N_0_1'}, {'N_0_1'}, {'N_0_1'}, {'N_0_1'}, {'N_0_1'}, {'N_0_1'}, {'E_1_0'}, {'E_1_0'}, {'W_1_0'}]",-0.08736849396781676,266,0.9060150375939849,0.9688331432915241,5262
"[{'SE_1_1'}, {'E_1_0'}, {'S_0_1'}, {'S_0_1'}, {'S_0_1'}, {'W_1_0'}, {'W_1_0'}, {'STAY_0_0'}, {'E_1_0'}, {'E_1_0'}, {'E_1_0'}, {'E_1_0'}, {'E_1_0'}]",-0.08737111950847098,130,0.9076923076923077,0.9688331432915241,5262
"[{'E_1_0'}, {'E_1_0'}, {'N_0_1'}, {'E_1_0'}, {'N_0_1'}, {'N_0_1'}, {'N_0_1'}, {'N_0_1'}, {'N_0_1'}, {'W_1_0'}, {'W_1_0'}, {'N_0_1'}, {'N_0_1'}]",-0.08743027095815181,211,0.9146919431279621,0.9688331432915241,5262
"[{'E_1_0'}, {'NE_1_1'}, {'NE_1_1'}, {'N_0_1'}, {'NE_1_1'}, {'N_0_1'}, {'N_0_1'}, {'N_0_1'}, {'W_1_0'}, {'W_1_0'}, {'W_1_0'}, {'W_1_0'}, {'W_1_0'}]",-0.08783324586813257,254,0.9173228346456693,0.9688331432915241,5262
"[{'NE_1_1'}, {'N_0_1'}, {'N_0_1'}, {'N_0_1'}, {'N_0_1'}, {'N_0_1'}, {'N_0_1'}, {'N_0_1'}, {'N_0_1'}, {'E_1_0'}, {'N_0_1'}, {'N_0_1'}, {'W_1_0'}]",-0.08810499528231275,198,0.9141414141414141,0.9688331432915241,5262
"[{'NE_1_1'}, {'N_0_1'}, {'E_1_0'}, {'N_0_1'}, {'E_1_0'}, {'N_0_1'}, {'N_0_1'}, {'N_0_1'}, {'N_0_1'}, {'W_1_0'}, {'S_0_1'}, {'W_1_0'}, {'W_1_0'}]",-0.08813905617213291,105,0.9047619047619048,0.9688331432915241,5262
"[{'E_1_0'}, {'E_1_0'}, {'E_1_0'}, {'E_1_0'}, {'SE_1_1'}, {'S_0_1'}, {'S_0_1'}, {'S_0_1'}, {'W_1_0'}, {'W_1_0'}, {'W_1_0'}, {'W_1_0'}, {'N_0_1'}, {'N_0_1'}, {'N_0_1'}]",-0.08888610467534752,511,0.9080234833659491,0.9688331432915241,5262
"[{'E_1_0'}, {'NE_1_1'}, {'E_1_0'}, {'E_1_0'}, {'SE_1_1'}, {'S_0_1'}, {'SW_1_1'}, {'W_1_0'}, {'W_1_0'}, {'W_1_0'}, {'N_0_1'}, {'N_0_1'}, {'N_0_1'}]",-0.0890627102839674,256,0.91796875,0.9688331432915241,5262
"[{'E_1_0'}, {'N_0_1'}, {'N_0_1'}, {'E_1_0'}, {'N_0_1'}, {'N_0_1'}, {'N_0_1'}, {'N_0_1'}, {'N_0_1'}, {'N_0_1'}, {'E_1_0'}, {'W_1_0'}, {'W_1_0'}]",-0.08959862423922749,132,0.9090909090909091,0.9688331432915241,5262
"[{'E_1_0'}, {'E_1_0'}, {'E_1_0'}, {'E_1_0'}, {'E_1_0'}, {'E_1_0'}, {'STAY_0_0'}, {'NE_1_1'}, {'NE_1_1'}, {'N_0_1'}, {'N_0_1'}, {'N_0_1'}, {'W_1_0'}]",-0.08967393499570075,119,0.907563025210084,0.9688331432915241,5262
"[{'E_1_0'}, {'E_1_0'}, {'NE_1_1'}, {'E_1_0'}, {'E_1_0'}, {'N_0_1'}, {'N_0_1'}, {'N_0_1'}, {'N_0_1'}, {'N_0_1'}, {'N_0_1'}, {'N_0_1'}, {'W_1_0'}, {'W_1_0'}]",-0.09129714189716576,297,0.9090909090909091,0.9688331432915241,5262
"[{'E_1_0'}, {'E_1_0'}, {'E_1_0'}, {'N_0_1'}, {'E_1_0'}, {'N_0_1'}, {'N_0_1'}, {'N_0_1'}, {'N_0_1'}, {'N_0_1'}, {'N_0_1'}, {'W_1_0'}, {'W_1_0'}, {'S_0_1'}]",-0.09163735101337256,324,0.9104938271604939,0.9688331432915241,5262
"[{'E_1_0'}, {'NE_1_1'}, {'E_1_0'}, {'E_1_0'}, {'E_1_0'}, {'E_1_0'}, {'E_1_0'}, {'N_0_1'}, {'E_1_0'}, {'N_0_1'}, {'N_0_1'}, {'N_0_1'}, {'W_1_0'}, {'W_1_0'}, {'W_1_0'}]",-0.0918323897640323,151,0.8874172185430463,0.9688331432915241,5262
"[{'E_1_0'}, {'E_1_0'}, {'E_1_0'}, {'E_1_0'}, {'S_0_1'}, {'S_0_1'}, {'W_1_0'}, {'W_1_0'}, {'SW_1_1'}, {'E_1_0'}, {'E_1_0'}, {'N_0_1'}, {'N_0_1'}, {'N_0_1'}]",-0.0920197276725403,298,0.9093959731543624,0.9688331432915241,5262
"[{'E_1_0'}, {'E_1_0'}, {'N_0_1'}, {'N_0_1'}, {'N_0_1'}, {'N_0_1'}, {'N_0_1'}, {'NW_1_1'}, {'W_1_0'}, {'E_1_0'}, {'E_1_0'}, {'W_1_0'}, {'W_1_0'}]",-0.09207287134511377,108,0.9074074074074074,0.9688331432915241,5262
"[{'E_1_0'}, {'E_1_0'}, {'E_1_0'}, {'N_0_1'}, {'E_1_0'}, {'N_0_1'}, {'N_0_1'}, {'N_0_1'}, {'N_0_1'}, {'N_0_1'}, {'N_0_1'}, {'N_0_1'}, {'N_0_1'}, {'E_1_0'}]",-0.09209237034047346,246,0.9065040650406504,0.9688331432915241,5262
"[{'NE_1_1'}, {'E_1_0'}, {'N_0_1'}, {'N_0_1'}, {'N_0_1'}, {'N_0_1'}, {'N_0_1'}, {'N_0_1'}, {'N_0_1'}, {'N_0_1'}, {'N_0_1'}, {'N_0_1'}, {'N_0_1'}, {'N_0_1'}]",-0.09213431176038944,147,0.8979591836734694,0.9688331432915241,5262
"[{'N_0_1'}, {'E_1_0'}, {'N_0_1'}, {'E_1_0'}, {'N_0_1'}, {'N_0_1'}, {'N_0_1'}, {'N_0_1'}, {'E_1_0'}, {'W_1_0'}, {'W_1_0'}, {'W_1_0'}, {'W_1_0'}]",-0.09226672730459473,148,0.9121621621621622,0.9688331432915241,5262
"[{'E_1_0'}, {'E_1_0'}, {'E_1_0'}, {'E_1_0'}, {'E_1_0'}, {'E_1_0'}, {'NE_1_1'}, {'NE_1_1'}, {'N_0_1'}, {'N_0_1'}, {'N_0_1'}, {'N_0_1'}, {'N_0_1'}, {'N_0_1'}, {'NE_1_1'}]",-0.09241263499796748,109,0.8807339449541285,0.9688331432915241,5262
"[{'NE_1_1'}, {'E_1_0'}, {'NE_1_1'}, {'E_1_0'}, {'E_1_0'}, {'W_1_0'}, {'W_1_0'}, {'E_1_0'}, {'E_1_0'}, {'W_1_0'}, {'W_1_0'}, {'W_1_0'}, {'W_1_0'}]",-0.09256166983819525,162,0.9135802469135802,0.9688331432915241,5262
"[{'E_1_0'}, {'E_1_0'}, {'E_1_0'}, {'NE_1_1'}, {'N_0_1'}, {'N_0_1'}, {'N_0_1'}, {'N_0_1'}, {'N_0_1'}, {'N_0_1'}, {'NW_1_1'}, {'N_0_1'}, {'W_1_0'}]",-0.09267902401873096,176,0.9147727272727273,0.9688331432915241,5262
"[{'E_1_0'}, {'E_1_0'}, {'E_1_0'}, {'NE_1_1'}, {'E_1_0'}, {'N_0_1'}, {'N_0_1'}, {'N_0_1'}, {'W_1_0'}, {'W_1_0'}, {'W_1_0'}, {'W_1_0'}, {'NW_1_1'}]",-0.09276080247955698,135,0.9111111111111111,0.9688331432915241,5262
"[{'E_1_0'}, {'S_0_1'}, {'S_0_1'}, {'S_0_1'}, {'W_1_0'}, {'W_1_0'}, {'S_0_1'}, {'W_1_0'}, {'STAY_0_0'}, {'E_1_0'}, {'E_1_0'}, {'W_1_0'}, {'W_1_0'}]",-0.09341007492954168,191,0.9162303664921466,0.9688331432915241,5262
"[{'E_1_0'}, {'NE_1_1'}, {'N_0_1'}, {'E_1_0'}, {'N_0_1'}, {'N_0_1'}, {'N_0_1'}, {'N_0_1'}, {'N_0_1'}, {'N_0_1'}, {'N_0_1'}, {'N_0_1'}, {'W_1_0'}]",-0.09347797272341629,177,0.9152542372881356,0.9688331432915241,5262
"[{'E_1_0'}, {'E_1_0'}, {'E_1_0'}, {'E_1_0'}, {'N_0_1'}, {'N_0_1'}, {'N_0_1'}, {'N_0_1'}, {'N_0_1'}, {'N_0_1'}, {'N_0_1'}, {'N_0_1'}, {'N_0_1'}, {'S_0_1'}]",-0.0934852462071778,395,0.9139240506329114,0.9688331432915241,5262
"[{'E_1_0'}, {'E_1_0'}, {'E_1_0'}, {'E_1_0'}, {'N_0_1'}, {'N_0_1'}, {'N_0_1'}, {'N_0_1'}, {'N_0_1'}, {'N_0_1'}, {'N_0_1'}, {'W_1_0'}, {'W_1_0'}, {'W_1_0'}, {'S_0_1'}]",-0.09354106617369062,441,0.9070294784580499,0.9688331432915241,5262
"[{'NE_1_1'}, {'E_1_0'}, {'E_1_0'}, {'E_1_0'}, {'E_1_0'}, {'E_1_0'}, {'SW_1_1'}, {'W_1_0'}, {'SW_1_1'}, {'W_1_0'}, {'N_0_1'}, {'N_0_1'}, {'N_0_1'}, {'N_0_1'}]",-0.0943318598594367,125,0.896,0.9688331432915241,5262
"[{'NE_1_1'}, {'E_1_0'}, {'E_1_0'}, {'E_1_0'}, {'E_1_0'}, {'S_0_1'}, {'W_1_0'}, {'W_1_0'}, {'SW_1_1'}, {'E_1_0'}, {'E_1_0'}, {'E_1_0'}, {'N_0_1'}, {'N_0_1'}]",-0.09469921378525625,137,0.8978102189781022,0.9688331432915241,5262
"[{'E_1_0'}, {'N_0_1'}, {'N_0_1'}, {'N_0_1'}, {'N_0_1'}, {'N_0_1'}, {'N_0_1'}, {'N_0_1'}, {'N_0_1'}, {'N_0_1'}, {'N_0_1'}, {'N_0_1'}, {'E_1_0'}, {'N_0_1'}]",-0.09528033706968264,114,0.8947368421052632,0.9688331432915241,5262
"[{'E_1_0'}, {'E_1_0'}, {'E_1_0'}, {'E_1_0'}, {'S_0_1'}, {'S_0_1'}, {'S_0_1'}, {'W_1_0'}, {'STAY_0_0'}, {'E_1_0'}, {'E_1_0'}, {'E_1_0'}, {'E_1_0'}]",-0.0952959899439354,208,0.9182692307692307,0.9688331432915241,5262
"[{'E_1_0'}, {'E_1_0'}, {'E_1_0'}, {'E_1_0'}, {'E_1_0'}, {'E_1_0'}, {'W_1_0'}, {'W_1_0'}, {'N_0_1'}, {'N_0_1'}, {'W_1_0'}, {'W_1_0'}, {'W_1_0'}, {'W_1_0'}]",-0.0953737024329333,357,0.9131652661064426,0.9688331432915241,5262
"[{'E_1_0'}, {'NE_1_1'}, {'E_1_0'}, {'SE_1_1'}, {'S_0_1'}, {'S_0_1'}, {'W_1_0'}, {'W_1_0'}, {'W_1_0'}, {'W_1_0'}, {'NE_1_1'}, {'N_0_1'}, {'N_0_1'}]",-0.09628417972416137,195,0.9179487179487179,0.9688331432915241,5262
"[{'NE_1_1'}, {'E_1_0'}, {'NE_1_1'}, {'E_1_0'}, {'E_1_0'}, {'E_1_0'}, {'S_0_1'}, {'S_0_1'}, {'SW_1_1'}, {'W_1_0'}, {'W_1_0'}, {'W_1_0'}, {'E_1_0'}, {'W_1_0'}]",-0.09734504679340517,127,0.8976377952755905,0.9688331432915241,5262
"[{'E_1_0'}, {'E_1_0'}, {'E_1_0'}, {'E_1_0'}, {'E_1_0'}, {'N_0_1'}, {'N_0_1'}, {'N_0_1'}, {'N_0_1'}, {'N_0_1'}, {'W_1_0'}, {'W_1_0'}, {'S_0_1'}, {'W_1_0'}]",-0.09759326965620407,347,0.9135446685878963,0.9688331432915241,5262
"[{'E_1_0'}, {'E_1_0'}, {'E_1_0'}, {'N_0_1'}, {'N_0_1'}, {'N_0_1'}, {'N_0_1'}, {'N_0_1'}, {'N_0_1'}, {'N_0_1'}, {'N_0_1'}, {'N_0_1'}, {'N_0_1'}, {'N_0_1'}, {'S_0_1'}]",-0.09759973998097582,283,0.901060070671378,0.9688331432915241,5262
"[{'E_1_0'}, {'E_1_0'}, {'E_1_0'}, {'E_1_0'}, {'E_1_0'}, {'S_0_1'}, {'S_0_1'}, {'SW_1_1'}, {'S_0_1'}, {'W_1_0'}, {'W_1_0'}, {'E_1_0'}, {'STAY_0_0'}, {'W_1_0'}, {'W_1_0'}]",-0.09769592867735977,101,0.8811881188118812,0.9688331432915241,5262
"[{'E_1_0'}, {'E_1_0'}, {'E_1_0'}, {'S_0_1'}, {'W_1_0'}, {'W_1_0'}, {'W_1_0'}, {'W_1_0'}, {'NE_1_1'}, {'E_1_0'}, {'N_0_1'}, {'N_0_1'}, {'N_0_1'}, {'W_1_0'}]",-0.09781036198032478,176,0.9034090909090909,0.9688331432915241,5262
"[{'SE_1_1'}, {'S_0_1'}, {'S_0_1'}, {'S_0_1'}, {'S_0_1'}, {'W_1_0'}, {'W_1_0'}, {'W_1_0'}, {'W_1_0'}, {'STAY_0_0'}, {'E_1_0'}, {'NE_1_1'}, {'N_0_1'}, {'N_0_1'}, {'N_0_1'}]",-0.0982210913363506,133,0.8872180451127819,0.9688331432915241,5262
"[{'E_1_0'}, {'E_1_0'}, {'E_1_0'}, {'NE_1_1'}, {'E_1_0'}, {'NE_1_1'}, {'N_0_1'}, {'N_0_1'}, {'N_0_1'}, {'N_0_1'}, {'N_0_1'}, {'N_0_1'}, {'NW_1_1'}, {'W_1_0'}]",-0.09826866090185593,164,0.9024390243902439,0.9688331432915241,5262
"[{'E_1_0'}, {'E_1_0'}, {'E_1_0'}, {'E_1_0'}, {'E_1_0'}, {'E_1_0'}, {'E_1_0'}, {'W_1_0'}, {'W_1_0'}, {'W_1_0'}, {'W_1_0'}, {'W_1_0'}, {'STAY_0_0'}, {'E_1_0'}]",-0.09831755980056944,376,0.9148936170212766,0.9688331432915241,5262
"[{'E_1_0'}, {'E_1_0'}, {'NE_1_1'}, {'E_1_0'}, {'E_1_0'}, {'E_1_0'}, {'W_1_0'}, {'W_1_0'}, {'W_1_0'}, {'STAY_0_0'}, {'W_1_0'}, {'W_1_0'}, {'SW_1_1'}]",-0.09845427499097825,155,0.9161290322580645,0.9688331432915241,5262
"[{'E_1_0'}, {'E_1_0'}, {'E_1_0'}, {'E_1_0'}, {'E_1_0'}, {'W_1_0'}, {'W_1_0'}, {'W_1_0'}, {'W_1_0'}, {'NE_1_1'}, {'E_1_0'}, {'E_1_0'}, {'W_1_0'}]",-0.09845427499097825,155,0.9161290322580645,0.9688331432915241,5262
"[{'E_1_0'}, {'E_1_0'}, {'E_1_0'}, {'E_1_0'}, {'W_1_0'}, {'W_1_0'}, {'W_1_0'}, {'W_1_0'}, {'SW_1_1'}, {'W_1_0'}, {'W_1_0'}, {'S_0_1'}, {'S_0_1'}]",-0.09903541527213333,170,0.9176470588235294,0.9688331432915241,5262
"[{'E_1_0'}, {'E_1_0'}, {'N_0_1'}, {'E_1_0'}, {'N_0_1'}, {'N_0_1'}, {'N_0_1'}, {'W_1_0'}, {'W_1_0'}, {'W_1_0'}, {'W_1_0'}, {'W_1_0'}, {'W_1_0'}, {'W_1_0'}]",-0.09937367671603048,392,0.9158163265306123,0.9688331432915241,5262
"[{'E_1_0'}, {'E_1_0'}, {'NE_1_1'}, {'E_1_0'}, {'NE_1_1'}, {'N_0_1'}, {'N_0_1'}, {'N_0_1'}, {'W_1_0'}, {'W_1_0'}, {'S_0_1'}, {'W_1_0'}, {'W_1_0'}]",-0.09938921021813485,142,0.9154929577464789,0.9688331432915241,5262
"[{'E_1_0'}, {'E_1_0'}, {'E_1_0'}, {'E_1_0'}, {'S_0_1'}, {'S_0_1'}, {'S_0_1'}, {'SW_1_1'}, {'SW_1_1'}, {'E_1_0'}, {'N_0_1'}, {'N_0_1'}, {'N_0_1'}, {'N_0_1'}, {'W_1_0'}]",-0.0995421561300236,167,0.8922155688622755,0.9688331432915241,5262
"[{'E_1_0'}, {'E_1_0'}, {'E_1_0'}, {'E_1_0'}, {'W_1_0'}, {'W_1_0'}, {'W_1_0'}, {'W_1_0'}, {'N_0_1'}, {'N_0_1'}, {'N_0_1'}, {'N_0_1'}, {'W_1_0'}, {'W_1_0'}]",-0.09985326056299071,337,0.913946587537092,0.9688331432915241,5262
"[{'E_1_0'}, {'NE_1_1'}, {'E_1_0'}, {'N_0_1'}, {'N_0_1'}, {'N_0_1'}, {'N_0_1'}, {'E_1_0'}, {'N_0_1'}, {'E_1_0'}, {'E_1_0'}, {'W_1_0'}, {'W_1_0'}]",-0.10029426526942253,129,0.9147286821705426,0.9688331432915241,5262
"[{'E_1_0'}, {'E_1_0'}, {'E_1_0'}, {'N_0_1'}, {'N_0_1'}, {'N_0_1'}, {'W_1_0'}, {'W_1_0'}, {'N_0_1'}, {'N_0_1'}, {'N_0_1'}, {'E_1_0'}, {'E_1_0'}]",-0.10051498883582166,172,0.9186046511627907,0.9688331432915241,5262
"[{'E_1_0'}, {'E_1_0'}, {'N_0_1'}, {'N_0_1'}, {'N_0_1'}, {'N_0_1'}, {'N_0_1'}, {'N_0_1'}, {'N_0_1'}, {'N_0_1'}, {'W_1_0'}, {'W_1_0'}, {'W_1_0'}, {'S_0_1'}]",-0.10077912679357182,452,0.918141592920354,0.9688331432915241,5262
"[{'E_1_0'}, {'E_1_0'}, {'E_1_0'}, {'E_1_0'}, {'N_0_1'}, {'N_0_1'}, {'E_1_0'}, {'N_0_1'}, {'N_0_1'}, {'N_0_1'}, {'NW_1_1'}, {'N_0_1'}, {'N_0_1'}]",-0.10085991267239103,158,0.9177215189873418,0.9688331432915241,5262
"[{'E_1_0'}, {'E_1_0'}, {'E_1_0'}, {'NE_1_1'}, {'E_1_0'}, {'N_0_1'}, {'NE_1_1'}, {'N_0_1'}, {'N_0_1'}, {'N_0_1'}, {'E_1_0'}, {'N_0_1'}, {'N_0_1'}]",-0.10114890557088363,116,0.9137931034482759,0.9688331432915241,5262
"[{'E_1_0'}, {'E_1_0'}, {'E_1_0'}, {'E_1_0'}, {'E_1_0'}, {'E_1_0'}, {'N_0_1'}, {'N_0_1'}, {'N_0_1'}, {'N_0_1'}, {'N_0_1'}, {'W_1_0'}, {'W_1_0'}, {'STAY_0_0'}, {'W_1_0'}]",-0.10150141732492313,203,0.896551724137931,0.9688331432915241,5262
"[{'E_1_0'}, {'E_1_0'}, {'E_1_0'}, {'E_1_0'}, {'E_1_0'}, {'E_1_0'}, {'E_1_0'}, {'E_1_0'}, {'W_1_0'}, {'W_1_0'}, {'W_1_0'}, {'E_1_0'}, {'E_1_0'}, {'STAY_0_0'}]",-0.10203518926602784,180,0.9055555555555556,0.9688331432915241,5262
"[{'NE_1_1'}, {'E_1_0'}, {'N_0_1'}, {'NE_1_1'}, {'N_0_1'}, {'E_1_0'}, {'N_0_1'}, {'N_0_1'}, {'N_0_1'}, {'NW_1_1'}, {'W_1_0'}, {'W_1_0'}, {'W_1_0'}]",-0.10215678542470363,117,0.9145299145299145,0.9688331432915241,5262
"[{'E_1_0'}, {'E_1_0'}, {'N_0_1'}, {'E_1_0'}, {'E_1_0'}, {'N_0_1'}, {'N_0_1'}, {'N_0_1'}, {'N_0_1'}, {'N_0_1'}, {'N_0_1'}, {'N_0_1'}, {'N_0_1'}, {'N_0_1'}, {'W_1_0'}]",-0.1023915299039917,169,0.893491124260355,0.9688331432915241,5262
"[{'E_1_0'}, {'E_1_0'}, {'E_1_0'}, {'E_1_0'}, {'E_1_0'}, {'E_1_0'}, {'E_1_0'}, {'S_0_1'}, {'S_0_1'}, {'W_1_0'}, {'S_0_1'}, {'SW_1_1'}, {'STAY_0_0'}, {'N_0_1'}]",-0.10274035728443431,168,0.9047619047619048,0.9688331432915241,5262
"[{'E_1_0'}, {'E_1_0'}, {'E_1_0'}, {'N_0_1'}, {'E_1_0'}, {'E_1_0'}, {'E_1_0'}, {'E_1_0'}, {'W_1_0'}, {'S_0_1'}, {'S_0_1'}, {'S_0_1'}, {'W_1_0'}]",-0.10276040048805046,146,0.9178082191780822,0.9688331432915241,5262
"[{'E_1_0'}, {'E_1_0'}, {'E_1_0'}, {'E_1_0'}, {'E_1_0'}, {'E_1_0'}, {'N_0_1'}, {'N_0_1'}, {'N_0_1'}, {'N_0_1'}, {'N_0_1'}, {'N_0_1'}, {'W_1_0'}, {'W_1_0'}, {'S_0_1'}]",-0.10299203019576808,378,0.9074074074074074,0.9688331432915241,5262
"[{'E_1_0'}, {'NE_1_1'}, {'E_1_0'}, {'E_1_0'}, {'E_1_0'}, {'E_1_0'}, {'E_1_0'}, {'E_1_0'}, {'E_1_0'}, {'S_0_1'}, {'S_0_1'}, {'W_1_0'}, {'W_1_0'}, {'SW_1_1'}, {'STAY_0_0'}]",-0.10304279728684484,114,0.8859649122807017,0.9688331432915241,5262
"[{'E_1_0'}, {'E_1_0'}, {'E_1_0'}, {'E_1_0'}, {'E_1_0'}, {'E_1_0'}, {'E_1_0'}, {'E_1_0'}, {'W_1_0'}, {'SW_1_1'}, {'W_1_0'}, {'W_1_0'}, {'STAY_0_0'}, {'E_1_0'}]",-0.1030494468070251,181,0.9060773480662984,0.9688331432915241,5262
"[{'E_1_0'}, {'E_1_0'}, {'E_1_0'}, {'S_0_1'}, {'W_1_0'}, {'S_0_1'}, {'S_0_1'}, {'W_1_0'}, {'W_1_0'}, {'W_1_0'}, {'W_1_0'}, {'W_1_0'}, {'STAY_0_0'}, {'E_1_0'}, {'E_1_0'}]",-0.10327261575078861,147,0.891156462585034,0.9688331432915241,5262
"[{'E_1_0'}, {'E_1_0'}, {'E_1_0'}, {'E_1_0'}, {'N_0_1'}, {'NE_1_1'}, {'N_0_1'}, {'N_0_1'}, {'NW_1_1'}, {'N_0_1'}, {'W_1_0'}, {'W_1_0'}, {'W_1_0'}, {'W_1_0'}, {'W_1_0'}]",-0.10346244614193467,136,0.8897058823529411,0.9688331432915241,5262
"[{'E_1_0'}, {'E_1_0'}, {'E_1_0'}, {'SE_1_1'}, {'S_0_1'}, {'S_0_1'}, {'SW_1_1'}, {'W_1_0'}, {'S_0_1'}, {'W_1_0'}, {'W_1_0'}, {'W_1_0'}, {'N_0_1'}, {'N_0_1'}, {'N_0_1'}]",-0.10354236755864599,265,0.9018867924528302,0.9688331432915241,5262
"[{'E_1_0'}, {'E_1_0'}, {'NE_1_1'}, {'N_0_1'}, {'N_0_1'}, {'N_0_1'}, {'NW_1_1'}, {'N_0_1'}, {'N_0_1'}, {'E_1_0'}, {'E_1_0'}, {'W_1_0'}, {'W_1_0'}]",-0.10356059816678931,147,0.9183673469387755,0.9688331432915241,5262
"[{'E_1_0'}, {'E_1_0'}, {'E_1_0'}, {'E_1_0'}, {'E_1_0'}, {'E_1_0'}, {'E_1_0'}, {'N_0_1'}, {'E_1_0'}, {'E_1_0'}, {'E_1_0'}, {'E_1_0'}, {'W_1_0'}, {'W_1_0'}]",-0.10384423520490871,261,0.9118773946360154,0.9688331432915241,5262
"[{'E_1_0'}, {'E_1_0'}, {'E_1_0'}, {'E_1_0'}, {'E_1_0'}, {'E_1_0'}, {'W_1_0'}, {'W_1_0'}, {'W_1_0'}, {'W_1_0'}, {'W_1_0'}, {'STAY_0_0'}, {'E_1_0'}, {'E_1_0'}]",-0.10389965563816861,316,0.9145569620253164,0.9688331432915241,5262
"[{'NE_1_1'}, {'E_1_0'}, {'E_1_0'}, {'E_1_0'}, {'S_0_1'}, {'S_0_1'}, {'S_0_1'}, {'W_1_0'}, {'W_1_0'}, {'W_1_0'}, {'W_1_0'}, {'W_1_0'}, {'E_1_0'}, {'N_0_1'}, {'N_0_1'}]",-0.10394103664904542,241,0.9004149377593361,0.9688331432915241,5262
"[{'NE_1_1'}, {'E_1_0'}, {'SE_1_1'}, {'S_0_1'}, {'S_0_1'}, {'S_0_1'}, {'S_0_1'}, {'S_0_1'}, {'S_0_1'}, {'W_1_0'}, {'W_1_0'}, {'N_0_1'}, {'N_0_1'}, {'N_0_1'}]",-0.10432411668871788,289,0.9134948096885813,0.9688331432915241,5262
"[{'E_1_0'}, {'E_1_0'}, {'E_1_0'}, {'NE_1_1'}, {'N_0_1'}, {'N_0_1'}, {'N_0_1'}, {'N_0_1'}, {'N_0_1'}, {'N_0_1'}, {'N_0_1'}, {'N_0_1'}, {'N_0_1'}, {'N_0_1'}, {'S_0_1'}]",-0.10439051830405921,182,0.8956043956043956,0.9688331432915241,5262
"[{'E_1_0'}, {'E_1_0'}, {'E_1_0'}, {'E_1_0'}, {'W_1_0'}, {'W_1_0'}, {'W_1_0'}, {'W_1_0'}, {'W_1_0'}, {'W_1_0'}, {'W_1_0'}, {'W_1_0'}, {'STAY_0_0'}, {'W_1_0'}]",-0.1049599762077098,209,0.9090909090909091,0.9688331432915241,5262
"[{'E_1_0'}, {'E_1_0'}, {'E_1_0'}, {'E_1_0'}, {'N_0_1'}, {'N_0_1'}, {'N_0_1'}, {'N_0_1'}, {'N_0_1'}, {'N_0_1'}, {'NW_1_1'}, {'N_0_1'}, {'W_1_0'}, {'W_1_0'}, {'S_0_1'}]",-0.10522269893849323,126,0.8888888888888888,0.9688331432915241,5262
"[{'S_0_1'}, {'W_1_0'}, {'W_1_0'}, {'W_1_0'}, {'W_1_0'}, {'W_1_0'}, {'W_1_0'}, {'STAY_0_0'}, {'E_1_0'}, {'N_0_1'}, {'N_0_1'}, {'N_0_1'}, {'N_0_1'}, {'N_0_1'}]",-0.10595854791725645,121,0.9008264462809917,0.9688331432915241,5262
"[{'NE_1_1'}, {'E_1_0'}, {'E_1_0'}, {'S_0_1'}, {'S_0_1'}, {'S_0_1'}, {'S_0_1'}, {'W_1_0'}, {'SW_1_1'}, {'W_1_0'}, {'N_0_1'}, {'N_0_1'}, {'N_0_1'}, {'N_0_1'}]",-0.1060685712942877,237,0.9113924050632911,0.9688331432915241,5262
"[{'E_1_0'}, {'E_1_0'}, {'E_1_0'}, {'SE_1_1'}, {'S_0_1'}, {'S_0_1'}, {'S_0_1'}, {'W_1_0'}, {'S_0_1'}, {'W_1_0'}, {'W_1_0'}, {'STAY_0_0'}, {'E_1_0'}, {'E_1_0'}]",-0.10639929159915629,224,0.9107142857142857,0.9688331432915241,5262
"[{'E_1_0'}, {'E_1_0'}, {'E_1_0'}, {'E_1_0'}, {'E_1_0'}, {'E_1_0'}, {'E_1_0'}, {'NW_1_1'}, {'N_0_1'}, {'N_0_1'}, {'N_0_1'}, {'N_0_1'}, {'N_0_1'}, {'E_1_0'}, {'E_1_0'}]",-0.1065270522762789,105,0.8857142857142857,0.9688331432915241,5262
"[{'E_1_0'}, {'E_1_0'}, {'E_1_0'}, {'N_0_1'}, {'N_0_1'}, {'N_0_1'}, {'N_0_1'}, {'N_0_1'}, {'N_0_1'}, {'N_0_1'}, {'W_1_0'}, {'SW_1_1'}, {'W_1_0'}, {'S_0_1'}]",-0.10665331213736051,265,0.9132075471698113,0.9688331432915241,5262
"[{'E_1_0'}, {'E_1_0'}, {'E_1_0'}, {'NE_1_1'}, {'E_1_0'}, {'E_1_0'}, {'E_1_0'}, {'W_1_0'}, {'E_1_0'}, {'E_1_0'}, {'E_1_0'}, {'W_1_0'}, {'W_1_0'}, {'W_1_0'}]",-0.10689811571299179,134,0.9029850746268657,0.9688331432915241,5262
"[{'E_1_0'}, {'E_1_0'}, {'SE_1_1'}, {'S_0_1'}, {'S_0_1'}, {'S_0_1'}, {'W_1_0'}, {'W_1_0'}, {'W_1_0'}, {'W_1_0'}, {'N_0_1'}, {'N_0_1'}, {'N_0_1'}, {'W_1_0'}]",-0.10841806607719562,338,0.9171597633136095,0.9688331432915241,5262
"[{'E_1_0'}, {'E_1_0'}, {'E_1_0'}, {'E_1_0'}, {'E_1_0'}, {'N_0_1'}, {'N_0_1'}, {'N_0_1'}, {'N_0_1'}, {'NW_1_1'}, {'NW_1_1'}, {'W_1_0'}, {'W_1_0'}, {'S_0_1'}, {'W_1_0'}]",-0.10882017548818412,117,0.8888888888888888,0.9688331432915241,5262
"[{'NE_1_1'}, {'E_1_0'}, {'E_1_0'}, {'E_1_0'}, {'E_1_0'}, {'E_1_0'}, {'S_0_1'}, {'S_0_1'}, {'S_0_1'}, {'S_0_1'}, {'S_0_1'}, {'STAY_0_0'}, {'E_1_0'}, {'E_1_0'}]",-0.1088504802020065,161,0.906832298136646,0.9688331432915241,5262
"[{'E_1_0'}, {'E_1_0'}, {'E_1_0'}, {'E_1_0'}, {'N_0_1'}, {'N_0_1'}, {'NW_1_1'}, {'N_0_1'}, {'N_0_1'}, {'N_0_1'}, {'N_0_1'}, {'N_0_1'}, {'N_0_1'}, {'E_1_0'}]",-0.10906608219761615,111,0.9009009009009009,0.9688331432915241,5262
"[{'E_1_0'}, {'E_1_0'}, {'E_1_0'}, {'E_1_0'}, {'E_1_0'}, {'E_1_0'}, {'S_0_1'}, {'S_0_1'}, {'S_0_1'}, {'W_1_0'}, {'N_0_1'}, {'N_0_1'}, {'N_0_1'}, {'W_1_0'}, {'W_1_0'}]",-0.10910659119323074,234,0.9017094017094017,0.9688331432915241,5262
"[{'E_1_0'}, {'NE_1_1'}, {'N_0_1'}, {'N_0_1'}, {'N_0_1'}, {'N_0_1'}, {'N_0_1'}, {'N_0_1'}, {'N_0_1'}, {'N_0_1'}, {'N_0_1'}, {'N_0_1'}, {'N_0_1'}, {'W_1_0'}]",-0.10936821463396651,283,0.9151943462897526,0.9688331432915241,5262
"[{'E_1_0'}, {'E_1_0'}, {'N_0_1'}, {'E_1_0'}, {'N_0_1'}, {'E_1_0'}, {'N_0_1'}, {'N_0_1'}, {'N_0_1'}, {'N_0_1'}, {'N_0_1'}, {'W_1_0'}, {'S_0_1'}, {'S_0_1'}]",-0.11056940067363974,137,0.9051094890510949,0.9688331432915241,5262
"[{'N_0_1'}, {'N_0_1'}, {'N_0_1'}, {'E_1_0'}, {'E_1_0'}, {'S_0_1'}, {'S_0_1'}, {'S_0_1'}, {'W_1_0'}, {'W_1_0'}, {'W_1_0'}, {'W_1_0'}, {'W_1_0'}, {'W_1_0'}, {'W_1_0'}]",-0.11060079750837892,107,0.8878504672897196,0.9688331432915241,5262
"[{'E_1_0'}, {'E_1_0'}, {'E_1_0'}, {'E_1_0'}, {'E_1_0'}, {'E_1_0'}, {'E_1_0'}, {'E_1_0'}, {'E_1_0'}, {'E_1_0'}, {'W_1_0'}, {'W_1_0'}, {'W_1_0'}, {'STAY_0_0'}]",-0.11130866911574078,329,0.9179331306990881,0.9688331432915241,5262
"[{'E_1_0'}, {'NE_1_1'}, {'E_1_0'}, {'E_1_0'}, {'S_0_1'}, {'S_0_1'}, {'W_1_0'}, {'W_1_0'}, {'SW_1_1'}, {'W_1_0'}, {'N_0_1'}, {'N_0_1'}, {'N_0_1'}, {'STAY_0_0'}]",-0.11174223100179237,138,0.9057971014492754,0.9688331432915241,5262
"[{'E_1_0'}, {'E_1_0'}, {'SE_1_1'}, {'S_0_1'}, {'S_0_1'}, {'S_0_1'}, {'W_1_0'}, {'SW_1_1'}, {'W_1_0'}, {'W_1_0'}, {'W_1_0'}, {'W_1_0'}, {'W_1_0'}, {'STAY_0_0'}, {'E_1_0'}]",-0.11207331941181953,130,0.8923076923076924,0.9688331432915241,5262
"[{'E_1_0'}, {'E_1_0'}, {'E_1_0'}, {'NE_1_1'}, {'E_1_0'}, {'NE_1_1'}, {'N_0_1'}, {'N_0_1'}, {'N_0_1'}, {'N_0_1'}, {'N_0_1'}, {'N_0_1'}, {'NW_1_1'}, {'W_1_0'}, {'W_1_0'}]",-0.11223157912452941,153,0.8954248366013072,0.9688331432915241,5262
"[{'NE_1_1'}, {'N_0_1'}, {'N_0_1'}, {'N_0_1'}, {'N_0_1'}, {'NE_1_1'}, {'N_0_1'}, {'N_0_1'}, {'N_0_1'}, {'N_0_1'}, {'N_0_1'}, {'W_1_0'}, {'W_1_0'}, {'S_0_1'}]",-0.1123242686658299,101,0.900990099009901,0.9688331432915241,5262
"[{'NE_1_1'}, {'E_1_0'}, {'E_1_0'}, {'E_1_0'}, {'S_0_1'}, {'S_0_1'}, {'S_0_1'}, {'S_0_1'}, {'S_0_1'}, {'S_0_1'}, {'W_1_0'}, {'S_0_1'}, {'SW_1_1'}, {'STAY_0_0'}]",-0.11288945570284059,165,0.9090909090909091,0.9688331432915241,5262
"[{'E_1_0'}, {'E_1_0'}, {'E_1_0'}, {'E_1_0'}, {'E_1_0'}, {'E_1_0'}, {'E_1_0'}, {'NE_1_1'}, {'N_0_1'}, {'N_0_1'}, {'NW_1_1'}, {'N_0_1'}, {'N_0_1'}, {'W_1_0'}, {'W_1_0'}]",-0.11295635425526718,238,0.9033613445378151,0.9688331432915241,5262
"[{'E_1_0'}, {'E_1_0'}, {'E_1_0'}, {'E_1_0'}, {'N_0_1'}, {'N_0_1'}, {'N_0_1'}, {'N_0_1'}, {'N_0_1'}, {'N_0_1'}, {'N_0_1'}, {'N_0_1'}, {'W_1_0'}, {'W_1_0'}, {'S_0_1'}]",-0.11312347336055772,421,0.9121140142517815,0.9688331432915241,5262
"[{'E_1_0'}, {'E_1_0'}, {'E_1_0'}, {'E_1_0'}, {'S_0_1'}, {'W_1_0'}, {'S_0_1'}, {'W_1_0'}, {'W_1_0'}, {'W_1_0'}, {'W_1_0'}, {'W_1_0'}, {'STAY_0_0'}, {'E_1_0'}, {'E_1_0'}]",-0.11408804790591054,190,0.9,0.9688331432915241,5262
"[{'E_1_0'}, {'E_1_0'}, {'E_1_0'}, {'N_0_1'}, {'E_1_0'}, {'N_0_1'}, {'N_0_1'}, {'NW_1_1'}, {'N_0_1'}, {'N_0_1'}, {'N_0_1'}, {'N_0_1'}, {'N_0_1'}, {'W_1_0'}, {'W_1_0'}]",-0.11408804790591054,190,0.9,0.9688331432915241,5262
"[{'E_1_0'}, {'E_1_0'}, {'E_1_0'}, {'N_0_1'}, {'E_1_0'}, {'NE_1_1'}, {'N_0_1'}, {'N_0_1'}, {'N_0_1'}, {'N_0_1'}, {'N_0_1'}, {'N_0_1'}, {'N_0_1'}, {'N_0_1'}, {'W_1_0'}]",-0.11419661907497991,120,0.8916666666666667,0.9688331432915241,5262
"[{'NE_1_1'}, {'E_1_0'}, {'N_0_1'}, {'E_1_0'}, {'E_1_0'}, {'E_1_0'}, {'N_0_1'}, {'E_1_0'}, {'N_0_1'}, {'N_0_1'}, {'N_0_1'}, {'N_0_1'}, {'W_1_0'}, {'W_1_0'}]",-0.11461673440422815,115,0.9043478260869565,0.9688331432915241,5262
"[{'E_1_0'}, {'E_1_0'}, {'NE_1_1'}, {'E_1_0'}, {'SE_1_1'}, {'S_0_1'}, {'S_0_1'}, {'SW_1_1'}, {'W_1_0'}, {'W_1_0'}, {'W_1_0'}, {'N_0_1'}, {'N_0_1'}, {'N_0_1'}]",-0.11526405536539408,222,0.9144144144144144,0.9688331432915241,5262
"[{'E_1_0'}, {'NE_1_1'}, {'E_1_0'}, {'N_0_1'}, {'N_0_1'}, {'N_0_1'}, {'N_0_1'}, {'N_0_1'}, {'N_0_1'}, {'N_0_1'}, {'N_0_1'}, {'N_0_1'}, {'W_1_0'}, {'W_1_0'}]",-0.11560255998288516,308,0.9188311688311688,0.9688331432915241,5262
"[{'E_1_0'}, {'E_1_0'}, {'E_1_0'}, {'E_1_0'}, {'N_0_1'}, {'NE_1_1'}, {'N_0_1'}, {'N_0_1'}, {'N_0_1'}, {'N_0_1'}, {'N_0_1'}, {'W_1_0'}, {'N_0_1'}, {'N_0_1'}]",-0.11671756301226344,104,0.9038461538461539,0.9688331432915241,5262
"[{'E_1_0'}, {'E_1_0'}, {'E_1_0'}, {'N_0_1'}, {'E_1_0'}, {'N_0_1'}, {'N_0_1'}, {'N_0_1'}, {'N_0_1'}, {'N_0_1'}, {'W_1_0'}, {'W_1_0'}, {'W_1_0'}, {'N_0_1'}, {'N_0_1'}]",-0.11683421082417067,133,0.8947368421052632,0.9688331432915241,5262
"[{'E_1_0'}, {'E_1_0'}, {'E_1_0'}, {'E_1_0'}, {'SE_1_1'}, {'SW_1_1'}, {'S_0_1'}, {'W_1_0'}, {'W_1_0'}, {'W_1_0'}, {'STAY_0_0'}, {'E_1_0'}, {'E_1_0'}, {'W_1_0'}]",-0.11701171023134993,156,0.9102564102564102,0.9688331432915241,5262
"[{'E_1_0'}, {'E_1_0'}, {'NE_1_1'}, {'E_1_0'}, {'NE_1_1'}, {'N_0_1'}, {'NE_1_1'}, {'N_0_1'}, {'N_0_1'}, {'W_1_0'}, {'W_1_0'}, {'W_1_0'}, {'W_1_0'}, {'S_0_1'}]",-0.11718908121193117,117,0.905982905982906,0.9688331432915241,5262
"[{'E_1_0'}, {'E_1_0'}, {'SE_1_1'}, {'S_0_1'}, {'S_0_1'}, {'S_0_1'}, {'SW_1_1'}, {'W_1_0'}, {'W_1_0'}, {'W_1_0'}, {'W_1_0'}, {'NE_1_1'}, {'STAY_0_0'}, {'W_1_0'}]",-0.11718908121193117,117,0.905982905982906,0.9688331432915241,5262
"[{'NE_1_1'}, {'E_1_0'}, {'E_1_0'}, {'E_1_0'}, {'E_1_0'}, {'E_1_0'}, {'S_0_1'}, {'S_0_1'}, {'W_1_0'}, {'S_0_1'}, {'W_1_0'}, {'W_1_0'}, {'N_0_1'}, {'N_0_1'}]",-0.11730214452887422,282,0.9184397163120568,0.9688331432915241,5262
"[{'NE_1_1'}, {'NE_1_1'}, {'E_1_0'}, {'E_1_0'}, {'E_1_0'}, {'S_0_1'}, {'S_0_1'}, {'W_1_0'}, {'W_1_0'}, {'N_0_1'}, {'N_0_1'}, {'N_0_1'}, {'N_0_1'}, {'N_0_1'}]",-0.11733434288591438,130,0.9076923076923077,0.9688331432915241,5262
"[{'E_1_0'}, {'E_1_0'}, {'E_1_0'}, {'SE_1_1'}, {'S_0_1'}, {'S_0_1'}, {'SW_1_1'}, {'SW_1_1'}, {'W_1_0'}, {'W_1_0'}, {'W_1_0'}, {'W_1_0'}, {'N_0_1'}, {'N_0_1'}, {'N_0_1'}]",-0.11847956963892758,309,0.9093851132686084,0.9688331432915241,5262
"[{'NE_1_1'}, {'N_0_1'}, {'E_1_0'}, {'SE_1_1'}, {'S_0_1'}, {'S_0_1'}, {'S_0_1'}, {'W_1_0'}, {'S_0_1'}, {'W_1_0'}, {'W_1_0'}, {'W_1_0'}, {'W_1_0'}, {'W_1_0'}]",-0.1193045357987581,145,0.9103448275862069,0.9688331432915241,5262
"[{'E_1_0'}, {'NE_1_1'}, {'N_0_1'}, {'N_0_1'}, {'N_0_1'}, {'N_0_1'}, {'N_0_1'}, {'N_0_1'}, {'N_0_1'}, {'N_0_1'}, {'E_1_0'}, {'N_0_1'}, {'N_0_1'}, {'W_1_0'}]",-0.11951842625779352,186,0.9139784946236559,0.9688331432915241,5262
"[{'NE_1_1'}, {'NE_1_1'}, {'E_1_0'}, {'E_1_0'}, {'E_1_0'}, {'S_0_1'}, {'S_0_1'}, {'S_0_1'}, {'W_1_0'}, {'N_0_1'}, {'N_0_1'}, {'N_0_1'}, {'N_0_1'}, {'N_0_1'}]",-0.11956184761667088,132,0.9090909090909091,0.9688331432915241,5262
"[{'NE_1_1'}, {'E_1_0'}, {'S_0_1'}, {'E_1_0'}, {'S_0_1'}, {'S_0_1'}, {'S_0_1'}, {'S_0_1'}, {'S_0_1'}, {'W_1_0'}, {'W_1_0'}, {'N_0_1'}, {'N_0_1'}, {'N_0_1'}]",-0.11959248119806554,200,0.915,0.9688331432915241,5262
"[{'E_1_0'}, {'E_1_0'}, {'E_1_0'}, {'E_1_0'}, {'N_0_1'}, {'N_0_1'}, {'N_0_1'}, {'N_0_1'}, {'N_0_1'}, {'N_0_1'}, {'N_0_1'}, {'N_0_1'}, {'NE_1_1'}, {'E_1_0'}, {'E_1_0'}]",-0.12016303536063289,147,0.8979591836734694,0.9688331432915241,5262
"[{'E_1_0'}, {'E_1_0'}, {'E_1_0'}, {'E_1_0'}, {'E_1_0'}, {'E_1_0'}, {'E_1_0'}, {'S_0_1'}, {'S_0_1'}, {'SW_1_1'}, {'W_1_0'}, {'SW_1_1'}, {'W_1_0'}, {'STAY_0_0'}, {'E_1_0'}]",-0.12024766688725208,159,0.89937106918239,0.9688331432915241,5262
"[{'E_1_0'}, {'S_0_1'}, {'S_0_1'}, {'S_0_1'}, {'S_0_1'}, {'SW_1_1'}, {'W_1_0'}, {'W_1_0'}, {'STAY_0_0'}, {'N_0_1'}, {'N_0_1'}, {'N_0_1'}, {'N_0_1'}, {'N_0_1'}, {'N_0_1'}]",-0.12038259414592511,101,0.8910891089108911,0.9688331432915241,5262
"[{'E_1_0'}, {'E_1_0'}, {'E_1_0'}, {'E_1_0'}, {'NE_1_1'}, {'E_1_0'}, {'E_1_0'}, {'W_1_0'}, {'W_1_0'}, {'W_1_0'}, {'W_1_0'}, {'W_1_0'}, {'E_1_0'}, {'E_1_0'}]",-0.12100330013704408,174,0.9137931034482759,0.9688331432915241,5262
"[{'E_1_0'}, {'E_1_0'}, {'E_1_0'}, {'E_1_0'}, {'S_0_1'}, {'S_0_1'}, {'S_0_1'}, {'SW_1_1'}, {'W_1_0'}, {'W_1_0'}, {'SW_1_1'}, {'W_1_0'}, {'STAY_0_0'}, {'E_1_0'}, {'E_1_0'}]",-0.12162859439880513,113,0.8938053097345132,0.9688331432915241,5262
"[{'E_1_0'}, {'E_1_0'}, {'E_1_0'}, {'E_1_0'}, {'W_1_0'}, {'W_1_0'}, {'W_1_0'}, {'W_1_0'}, {'E_1_0'}, {'E_1_0'}, {'E_1_0'}, {'E_1_0'}, {'E_1_0'}, {'W_1_0'}]",-0.1216385277637777,217,0.9170506912442397,0.9688331432915241,5262
"[{'S_0_1'}, {'S_0_1'}, {'S_0_1'}, {'W_1_0'}, {'W_1_0'}, {'SW_1_1'}, {'W_1_0'}, {'E_1_0'}, {'NE_1_1'}, {'E_1_0'}, {'N_0_1'}, {'N_0_1'}, {'W_1_0'}, {'W_1_0'}]",-0.12164788604630683,161,0.9130434782608695,0.9688331432915241,5262
"[{'NE_1_1'}, {'E_1_0'}, {'E_1_0'}, {'E_1_0'}, {'E_1_0'}, {'E_1_0'}, {'S_0_1'}, {'W_1_0'}, {'W_1_0'}, {'W_1_0'}, {'W_1_0'}, {'E_1_0'}, {'E_1_0'}, {'STAY_0_0'}]",-0.12222995068203812,148,0.9121621621621622,0.9688331432915241,5262
"[{'N_0_1'}, {'N_0_1'}, {'E_1_0'}, {'SE_1_1'}, {'S_0_1'}, {'S_0_1'}, {'S_0_1'}, {'S_0_1'}, {'W_1_0'}, {'S_0_1'}, {'W_1_0'}, {'W_1_0'}, {'W_1_0'}, {'W_1_0'}]",-0.12252489321563864,162,0.9135802469135802,0.9688331432915241,5262
"[{'N_0_1'}, {'N_0_1'}, {'E_1_0'}, {'SE_1_1'}, {'E_1_0'}, {'S_0_1'}, {'S_0_1'}, {'S_0_1'}, {'S_0_1'}, {'S_0_1'}, {'S_0_1'}, {'W_1_0'}, {'W_1_0'}, {'W_1_0'}]",-0.12272402585700037,135,0.9111111111111111,0.9688331432915241,5262
"[{'E_1_0'}, {'E_1_0'}, {'E_1_0'}, {'E_1_0'}, {'E_1_0'}, {'E_1_0'}, {'E_1_0'}, {'E_1_0'}, {'E_1_0'}, {'E_1_0'}, {'W_1_0'}, {'S_0_1'}, {'STAY_0_0'}, {'W_1_0'}]",-0.12272402585700037,135,0.9111111111111111,0.9688331432915241,5262
"[{'E_1_0'}, {'E_1_0'}, {'E_1_0'}, {'E_1_0'}, {'E_1_0'}, {'W_1_0'}, {'W_1_0'}, {'W_1_0'}, {'W_1_0'}, {'W_1_0'}, {'W_1_0'}, {'W_1_0'}, {'W_1_0'}, {'STAY_0_0'}, {'E_1_0'}]",-0.12319439377986408,186,0.9032258064516129,0.9688331432915241,5262
"[{'E_1_0'}, {'E_1_0'}, {'E_1_0'}, {'E_1_0'}, {'E_1_0'}, {'E_1_0'}, {'E_1_0'}, {'NE_1_1'}, {'N_0_1'}, {'N_0_1'}, {'N_0_1'}, {'N_0_1'}, {'N_0_1'}, {'N_0_1'}, {'W_1_0'}]",-0.12367131987486846,427,0.9156908665105387,0.9688331432915241,5262
"[{'NE_1_1'}, {'E_1_0'}, {'NE_1_1'}, {'E_1_0'}, {'SE_1_1'}, {'S_0_1'}, {'W_1_0'}, {'W_1_0'}, {'W_1_0'}, {'W_1_0'}, {'W_1_0'}, {'W_1_0'}, {'N_0_1'}, {'N_0_1'}]",-0.12408528922679651,150,0.9133333333333333,0.9688331432915241,5262
"[{'E_1_0'}, {'NE_1_1'}, {'E_1_0'}, {'E_1_0'}, {'E_1_0'}, {'E_1_0'}, {'E_1_0'}, {'SE_1_1'}, {'S_0_1'}, {'S_0_1'}, {'S_0_1'}, {'S_0_1'}, {'W_1_0'}, {'STAY_0_0'}, {'E_1_0'}]",-0.12409549723374447,103,0.8932038834951457,0.9688331432915241,5262
"[{'E_1_0'}, {'NE_1_1'}, {'E_1_0'}, {'E_1_0'}, {'E_1_0'}, {'E_1_0'}, {'E_1_0'}, {'E_1_0'}, {'W_1_0'}, {'W_1_0'}, {'W_1_0'}, {'STAY_0_0'}, {'W_1_0'}, {'W_1_0'}]",-0.1241086345364133,192,0.9166666666666666,0.9688331432915241,5262
"[{'E_1_0'}, {'E_1_0'}, {'E_1_0'}, {'E_1_0'}, {'E_1_0'}, {'E_1_0'}, {'N_0_1'}, {'N_0_1'}, {'N_0_1'}, {'N_0_1'}, {'N_0_1'}, {'NW_1_1'}, {'W_1_0'}, {'W_1_0'}, {'S_0_1'}]",-0.12457549043796168,318,0.9119496855345912,0.9688331432915241,5262
"[{'E_1_0'}, {'E_1_0'}, {'E_1_0'}, {'N_0_1'}, {'E_1_0'}, {'NE_1_1'}, {'N_0_1'}, {'N_0_1'}, {'N_0_1'}, {'N_0_1'}, {'N_0_1'}, {'N_0_1'}, {'W_1_0'}, {'W_1_0'}, {'S_0_1'}]",-0.1249483111062244,115,0.8956521739130435,0.9688331432915241,5262
"[{'E_1_0'}, {'SE_1_1'}, {'S_0_1'}, {'S_0_1'}, {'SW_1_1'}, {'W_1_0'}, {'W_1_0'}, {'W_1_0'}, {'E_1_0'}, {'E_1_0'}, {'E_1_0'}, {'N_0_1'}, {'N_0_1'}, {'N_0_1'}, {'W_1_0'}]",-0.1249483111062244,115,0.8956521739130435,0.9688331432915241,5262
"[{'NE_1_1'}, {'E_1_0'}, {'E_1_0'}, {'E_1_0'}, {'SE_1_1'}, {'S_0_1'}, {'S_0_1'}, {'S_0_1'}, {'W_1_0'}, {'STAY_0_0'}, {'E_1_0'}, {'E_1_0'}, {'W_1_0'}, {'W_1_0'}]",-0.12506215904133455,165,0.9151515151515152,0.9688331432915241,5262
"[{'E_1_0'}, {'NE_1_1'}, {'E_1_0'}, {'N_0_1'}, {'E_1_0'}, {'E_1_0'}, {'W_1_0'}, {'W_1_0'}, {'W_1_0'}, {'W_1_0'}, {'W_1_0'}, {'W_1_0'}, {'W_1_0'}, {'W_1_0'}, {'W_1_0'}]",-0.1268370132486767,140,0.9,0.9688331432915241,5262
"[{'NE_1_1'}, {'N_0_1'}, {'N_0_1'}, {'N_0_1'}, {'N_0_1'}, {'N_0_1'}, {'N_0_1'}, {'N_0_1'}, {'N_0_1'}, {'N_0_1'}, {'N_0_1'}, {'N_0_1'}, {'N_0_1'}, {'W_1_0'}]",-0.12693861604378665,196,0.9183673469387755,0.9688331432915241,5262
"[{'E_1_0'}, {'E_1_0'}, {'E_1_0'}, {'E_1_0'}, {'E_1_0'}, {'E_1_0'}, {'NE_1_1'}, {'N_0_1'}, {'N_0_1'}, {'N_0_1'}, {'N_0_1'}, {'N_0_1'}, {'N_0_1'}, {'N_0_1'}, {'W_1_0'}]",-0.12711219155465692,434,0.9170506912442397,0.9688331432915241,5262
"[{'E_1_0'}, {'E_1_0'}, {'NE_1_1'}, {'E_1_0'}, {'N_0_1'}, {'N_0_1'}, {'N_0_1'}, {'N_0_1'}, {'N_0_1'}, {'N_0_1'}, {'N_0_1'}, {'NE_1_1'}, {'N_0_1'}, {'W_1_0'}]",-0.12755825570804857,140,0.9142857142857143,0.9688331432915241,5262
"[{'NE_1_1'}, {'E_1_0'}, {'E_1_0'}, {'E_1_0'}, {'E_1_0'}, {'E_1_0'}, {'E_1_0'}, {'S_0_1'}, {'S_0_1'}, {'W_1_0'}, {'W_1_0'}, {'STAY_0_0'}, {'E_1_0'}, {'E_1_0'}]",-0.1275843714488627,154,0.9155844155844156,0.9688331432915241,5262
"[{'E_1_0'}, {'E_1_0'}, {'E_1_0'}, {'N_0_1'}, {'E_1_0'}, {'N_0_1'}, {'E_1_0'}, {'N_0_1'}, {'N_0_1'}, {'W_1_0'}, {'W_1_0'}, {'W_1_0'}, {'W_1_0'}, {'S_0_1'}, {'S_0_1'}]",-0.12825489728547024,129,0.8992248062015504,0.9688331432915241,5262
"[{'E_1_0'}, {'E_1_0'}, {'E_1_0'}, {'E_1_0'}, {'NE_1_1'}, {'E_1_0'}, {'E_1_0'}, {'E_1_0'}, {'NE_1_1'}, {'E_1_0'}, {'W_1_0'}, {'W_1_0'}, {'W_1_0'}, {'W_1_0'}]",-0.12846478940975614,141,0.9148936170212766,0.9688331432915241,5262
"[{'SE_1_1'}, {'S_0_1'}, {'S_0_1'}, {'S_0_1'}, {'S_0_1'}, {'S_0_1'}, {'S_0_1'}, {'S_0_1'}, {'W_1_0'}, {'S_0_1'}, {'SW_1_1'}, {'N_0_1'}, {'N_0_1'}, {'N_0_1'}]",-0.12923475452132815,156,0.9166666666666666,0.9688331432915241,5262
"[{'E_1_0'}, {'E_1_0'}, {'E_1_0'}, {'SE_1_1'}, {'S_0_1'}, {'S_0_1'}, {'SW_1_1'}, {'S_0_1'}, {'W_1_0'}, {'W_1_0'}, {'W_1_0'}, {'N_0_1'}, {'N_0_1'}, {'N_0_1'}, {'N_0_1'}]",-0.12927349634566077,298,0.912751677852349,0.9688331432915241,5262
"[{'E_1_0'}, {'E_1_0'}, {'E_1_0'}, {'E_1_0'}, {'E_1_0'}, {'E_1_0'}, {'W_1_0'}, {'SW_1_1'}, {'W_1_0'}, {'W_1_0'}, {'W_1_0'}, {'STAY_0_0'}, {'E_1_0'}, {'E_1_0'}, {'E_1_0'}]",-0.12929764979181524,106,0.8962264150943396,0.9688331432915241,5262
"[{'E_1_0'}, {'E_1_0'}, {'S_0_1'}, {'W_1_0'}, {'W_1_0'}, {'W_1_0'}, {'W_1_0'}, {'N_0_1'}, {'E_1_0'}, {'N_0_1'}, {'N_0_1'}, {'N_0_1'}, {'N_0_1'}, {'STAY_0_0'}]",-0.1300782107150369,115,0.9130434782608695,0.9688331432915241,5262
"[{'E_1_0'}, {'E_1_0'}, {'NE_1_1'}, {'N_0_1'}, {'N_0_1'}, {'N_0_1'}, {'N_0_1'}, {'N_0_1'}, {'N_0_1'}, {'W_1_0'}, {'W_1_0'}, {'W_1_0'}, {'W_1_0'}, {'W_1_0'}, {'S_0_1'}]",-0.1304202990793728,259,0.9111969111969112,0.9688331432915241,5262
"[{'NE_1_1'}, {'SE_1_1'}, {'E_1_0'}, {'S_0_1'}, {'S_0_1'}, {'S_0_1'}, {'W_1_0'}, {'SW_1_1'}, {'W_1_0'}, {'W_1_0'}, {'W_1_0'}, {'W_1_0'}, {'N_0_1'}, {'N_0_1'}, {'N_0_1'}]",-0.13101129679106283,131,0.9007633587786259,0.9688331432915241,5262
"[{'E_1_0'}, {'E_1_0'}, {'E_1_0'}, {'SE_1_1'}, {'S_0_1'}, {'E_1_0'}, {'SE_1_1'}, {'S_0_1'}, {'W_1_0'}, {'W_1_0'}, {'W_1_0'}, {'N_0_1'}, {'N_0_1'}, {'N_0_1'}]",-0.13118904552666244,130,0.9153846153846154,0.9688331432915241,5262
"[{'E_1_0'}, {'E_1_0'}, {'E_1_0'}, {'E_1_0'}, {'E_1_0'}, {'E_1_0'}, {'E_1_0'}, {'E_1_0'}, {'NE_1_1'}, {'NE_1_1'}, {'N_0_1'}, {'N_0_1'}, {'N_0_1'}, {'N_0_1'}, {'W_1_0'}]",-0.13176260822919605,234,0.9102564102564102,0.9688331432915241,5262
"[{'E_1_0'}, {'E_1_0'}, {'E_1_0'}, {'E_1_0'}, {'E_1_0'}, {'W_1_0'}, {'W_1_0'}, {'W_1_0'}, {'NE_1_1'}, {'N_0_1'}, {'N_0_1'}, {'W_1_0'}, {'W_1_0'}, {'W_1_0'}, {'W_1_0'}]",-0.13211700318821573,208,0.9086538461538461,0.9688331432915241,5262
"[{'E_1_0'}, {'E_1_0'}, {'E_1_0'}, {'E_1_0'}, {'E_1_0'}, {'S_0_1'}, {'SW_1_1'}, {'SW_1_1'}, {'W_1_0'}, {'W_1_0'}, {'W_1_0'}, {'W_1_0'}, {'N_0_1'}, {'N_0_1'}, {'N_0_1'}]",-0.13253328575550705,331,0.9154078549848943,0.9688331432915241,5262
"[{'NE_1_1'}, {'E_1_0'}, {'E_1_0'}, {'E_1_0'}, {'E_1_0'}, {'S_0_1'}, {'S_0_1'}, {'S_0_1'}, {'W_1_0'}, {'SW_1_1'}, {'W_1_0'}, {'W_1_0'}, {'N_0_1'}, {'N_0_1'}, {'NW_1_1'}]",-0.1325698562085873,120,0.9,0.9688331432915241,5262
"[{'E_1_0'}, {'E_1_0'}, {'E_1_0'}, {'E_1_0'}, {'E_1_0'}, {'N_0_1'}, {'N_0_1'}, {'N_0_1'}, {'N_0_1'}, {'N_0_1'}, {'N_0_1'}, {'N_0_1'}, {'N_0_1'}, {'N_0_1'}, {'E_1_0'}]",-0.13280322621438456,374,0.9171122994652406,0.9688331432915241,5262
"[{'E_1_0'}, {'E_1_0'}, {'N_0_1'}, {'E_1_0'}, {'N_0_1'}, {'N_0_1'}, {'NW_1_1'}, {'N_0_1'}, {'N_0_1'}, {'N_0_1'}, {'E_1_0'}, {'N_0_1'}, {'N_0_1'}, {'W_1_0'}]",-0.1329874679427976,104,0.9134615384615384,0.9688331432915241,5262
"[{'E_1_0'}, {'E_1_0'}, {'E_1_0'}, {'N_0_1'}, {'E_1_0'}, {'E_1_0'}, {'SE_1_1'}, {'S_0_1'}, {'S_0_1'}, {'SW_1_1'}, {'W_1_0'}, {'W_1_0'}, {'W_1_0'}, {'W_1_0'}]",-0.1335238215442327,147,0.9183673469387755,0.9688331432915241,5262
"[{'E_1_0'}, {'E_1_0'}, {'E_1_0'}, {'E_1_0'}, {'E_1_0'}, {'N_0_1'}, {'E_1_0'}, {'W_1_0'}, {'W_1_0'}, {'E_1_0'}, {'W_1_0'}, {'W_1_0'}, {'W_1_0'}, {'W_1_0'}]",-0.13406087144247558,119,0.9159663865546218,0.9688331432915241,5262
"[{'E_1_0'}, {'E_1_0'}, {'E_1_0'}, {'E_1_0'}, {'E_1_0'}, {'E_1_0'}, {'E_1_0'}, {'E_1_0'}, {'N_0_1'}, {'N_0_1'}, {'N_0_1'}, {'N_0_1'}, {'N_0_1'}, {'STAY_0_0'}, {'W_1_0'}]",-0.13431967664318512,306,0.9150326797385621,0.9688331432915241,5262
"[{'N_0_1'}, {'NE_1_1'}, {'E_1_0'}, {'E_1_0'}, {'S_0_1'}, {'S_0_1'}, {'S_0_1'}, {'S_0_1'}, {'S_0_1'}, {'S_0_1'}, {'SE_1_1'}, {'S_0_1'}, {'SW_1_1'}, {'W_1_0'}]",-0.1361178510722869,107,0.9158878504672897,0.9688331432915241,5262
"[{'E_1_0'}, {'E_1_0'}, {'E_1_0'}, {'E_1_0'}, {'NE_1_1'}, {'N_0_1'}, {'N_0_1'}, {'N_0_1'}, {'N_0_1'}, {'N_0_1'}, {'N_0_1'}, {'NE_1_1'}, {'N_0_1'}, {'W_1_0'}, {'S_0_1'}]",-0.13672363566620405,123,0.9024390243902439,0.9688331432915241,5262
"[{'E_1_0'}, {'E_1_0'}, {'N_0_1'}, {'E_1_0'}, {'N_0_1'}, {'E_1_0'}, {'N_0_1'}, {'E_1_0'}, {'NE_1_1'}, {'N_0_1'}, {'N_0_1'}, {'N_0_1'}, {'N_0_1'}, {'W_1_0'}]",-0.1380638245147714,109,0.9174311926605505,0.9688331432915241,5262
"[{'E_1_0'}, {'E_1_0'}, {'E_1_0'}, {'E_1_0'}, {'NE_1_1'}, {'NE_1_1'}, {'N_0_1'}, {'N_0_1'}, {'N_0_1'}, {'NE_1_1'}, {'N_0_1'}, {'N_0_1'}, {'W_1_0'}, {'SW_1_1'}, {'W_1_0'}]",-0.13853599070887124,112,0.9017857142857143,0.9688331432915241,5262
"[{'NE_1_1'}, {'E_1_0'}, {'N_0_1'}, {'E_1_0'}, {'E_1_0'}, {'E_1_0'}, {'S_0_1'}, {'S_0_1'}, {'S_0_1'}, {'S_0_1'}, {'W_1_0'}, {'W_1_0'}, {'W_1_0'}, {'W_1_0'}, {'W_1_0'}]",-0.13978095537373214,177,0.9096045197740112,0.9688331432915241,5262
"[{'E_1_0'}, {'S_0_1'}, {'W_1_0'}, {'S_0_1'}, {'W_1_0'}, {'W_1_0'}, {'STAY_0_0'}, {'E_1_0'}, {'N_0_1'}, {'N_0_1'}, {'N_0_1'}, {'W_1_0'}, {'W_1_0'}, {'W_1_0'}, {'W_1_0'}]",-0.14091817930308403,165,0.9090909090909091,0.9688331432915241,5262
"[{'NE_1_1'}, {'E_1_0'}, {'E_1_0'}, {'E_1_0'}, {'S_0_1'}, {'S_0_1'}, {'SW_1_1'}, {'W_1_0'}, {'W_1_0'}, {'W_1_0'}, {'W_1_0'}, {'W_1_0'}, {'N_0_1'}, {'N_0_1'}, {'N_0_1'}]",-0.1419890294938415,305,0.9180327868852459,0.9688331432915241,5262
"[{'E_1_0'}, {'E_1_0'}, {'E_1_0'}, {'E_1_0'}, {'E_1_0'}, {'E_1_0'}, {'E_1_0'}, {'E_1_0'}, {'N_0_1'}, {'E_1_0'}, {'E_1_0'}, {'E_1_0'}, {'W_1_0'}, {'W_1_0'}, {'W_1_0'}]",-0.14240027657968235,277,0.9169675090252708,0.9688331432915241,5262
"[{'NE_1_1'}, {'E_1_0'}, {'E_1_0'}, {'NE_1_1'}, {'E_1_0'}, {'E_1_0'}, {'E_1_0'}, {'W_1_0'}, {'W_1_0'}, {'W_1_0'}, {'W_1_0'}, {'W_1_0'}, {'SW_1_1'}, {'W_1_0'}, {'W_1_0'}]",-0.14283265046714066,167,0.9101796407185628,0.9688331432915241,5262
"[{'E_1_0'}, {'E_1_0'}, {'E_1_0'}, {'E_1_0'}, {'N_0_1'}, {'N_0_1'}, {'N_0_1'}, {'N_0_1'}, {'N_0_1'}, {'N_0_1'}, {'N_0_1'}, {'N_0_1'}, {'N_0_1'}, {'E_1_0'}, {'W_1_0'}]",-0.14316495233538507,264,0.9166666666666666,0.9688331432915241,5262
"[{'E_1_0'}, {'E_1_0'}, {'E_1_0'}, {'SE_1_1'}, {'S_0_1'}, {'S_0_1'}, {'W_1_0'}, {'SW_1_1'}, {'SW_1_1'}, {'W_1_0'}, {'N_0_1'}, {'N_0_1'}, {'N_0_1'}, {'N_0_1'}, {'N_0_1'}]",-0.14422505373440586,142,0.9084507042253521,0.9688331432915241,5262
"[{'E_1_0'}, {'E_1_0'}, {'E_1_0'}, {'SE_1_1'}, {'E_1_0'}, {'S_0_1'}, {'S_0_1'}, {'S_0_1'}, {'W_1_0'}, {'W_1_0'}, {'W_1_0'}, {'W_1_0'}, {'STAY_0_0'}, {'E_1_0'}, {'E_1_0'}]",-0.14531755922262102,197,0.9137055837563451,0.9688331432915241,5262
"[{'E_1_0'}, {'E_1_0'}, {'E_1_0'}, {'E_1_0'}, {'E_1_0'}, {'E_1_0'}, {'W_1_0'}, {'W_1_0'}, {'SW_1_1'}, {'STAY_0_0'}, {'E_1_0'}, {'W_1_0'}, {'W_1_0'}, {'W_1_0'}, {'W_1_0'}]",-0.14600164161895934,240,0.9166666666666666,0.9688331432915241,5262
"[{'E_1_0'}, {'E_1_0'}, {'E_1_0'}, {'E_1_0'}, {'E_1_0'}, {'E_1_0'}, {'E_1_0'}, {'E_1_0'}, {'W_1_0'}, {'S_0_1'}, {'W_1_0'}, {'W_1_0'}, {'STAY_0_0'}, {'E_1_0'}, {'E_1_0'}]",-0.1464892052018527,131,0.9083969465648855,0.9688331432915241,5262
"[{'E_1_0'}, {'E_1_0'}, {'E_1_0'}, {'N_0_1'}, {'N_0_1'}, {'N_0_1'}, {'N_0_1'}, {'N_0_1'}, {'W_1_0'}, {'N_0_1'}, {'N_0_1'}, {'N_0_1'}, {'N_0_1'}, {'W_1_0'}, {'S_0_1'}]",-0.14673886907162093,185,0.9135135135135135,0.9688331432915241,5262
"[{'E_1_0'}, {'E_1_0'}, {'E_1_0'}, {'E_1_0'}, {'E_1_0'}, {'NE_1_1'}, {'E_1_0'}, {'E_1_0'}, {'W_1_0'}, {'W_1_0'}, {'W_1_0'}, {'W_1_0'}, {'W_1_0'}, {'E_1_0'}, {'E_1_0'}]",-0.14884568638271856,120,0.9083333333333333,0.9688331432915241,5262
"[{'E_1_0'}, {'E_1_0'}, {'E_1_0'}, {'E_1_0'}, {'E_1_0'}, {'E_1_0'}, {'E_1_0'}, {'E_1_0'}, {'W_1_0'}, {'SW_1_1'}, {'W_1_0'}, {'W_1_0'}, {'W_1_0'}, {'STAY_0_0'}, {'E_1_0'}]",-0.14930300005747665,147,0.9115646258503401,0.9688331432915241,5262
"[{'NE_1_1'}, {'E_1_0'}, {'E_1_0'}, {'E_1_0'}, {'E_1_0'}, {'E_1_0'}, {'E_1_0'}, {'E_1_0'}, {'S_0_1'}, {'S_0_1'}, {'S_0_1'}, {'S_0_1'}, {'W_1_0'}, {'SW_1_1'}, {'N_0_1'}]",-0.1498584353371588,175,0.9142857142857143,0.9688331432915241,5262
"[{'SE_1_1'}, {'S_0_1'}, {'S_0_1'}, {'S_0_1'}, {'W_1_0'}, {'SW_1_1'}, {'W_1_0'}, {'STAY_0_0'}, {'NE_1_1'}, {'N_0_1'}, {'N_0_1'}, {'N_0_1'}, {'W_1_0'}, {'W_1_0'}, {'W_1_0'}]",-0.1500648183228006,108,0.9074074074074074,0.9688331432915241,5262
"[{'E_1_0'}, {'E_1_0'}, {'E_1_0'}, {'E_1_0'}, {'E_1_0'}, {'E_1_0'}, {'E_1_0'}, {'S_0_1'}, {'S_0_1'}, {'W_1_0'}, {'S_0_1'}, {'SW_1_1'}, {'W_1_0'}, {'STAY_0_0'}, {'N_0_1'}]",-0.15025867428228157,148,0.9121621621621622,0.9688331432915241,5262
"[{'E_1_0'}, {'E_1_0'}, {'E_1_0'}, {'E_1_0'}, {'E_1_0'}, {'E_1_0'}, {'E_1_0'}, {'E_1_0'}, {'W_1_0'}, {'W_1_0'}, {'W_1_0'}, {'W_1_0'}, {'STAY_0_0'}, {'E_1_0'}, {'W_1_0'}]",-0.15230798015104985,221,0.918552036199095,0.9688331432915241,5262
"[{'NE_1_1'}, {'E_1_0'}, {'E_1_0'}, {'E_1_0'}, {'E_1_0'}, {'S_0_1'}, {'S_0_1'}, {'S_0_1'}, {'E_1_0'}, {'E_1_0'}, {'E_1_0'}, {'N_0_1'}, {'N_0_1'}, {'N_0_1'}, {'N_0_1'}]",-0.1530145864481398,151,0.9139072847682119,0.9688331432915241,5262
"[{'E_1_0'}, {'E_1_0'}, {'NE_1_1'}, {'E_1_0'}, {'N_0_1'}, {'E_1_0'}, {'N_0_1'}, {'N_0_1'}, {'N_0_1'}, {'N_0_1'}, {'N_0_1'}, {'N_0_1'}, {'N_0_1'}, {'W_1_0'}, {'W_1_0'}]",-0.15302817494120946,179,0.9162011173184358,0.9688331432915241,5262
"[{'E_1_0'}, {'E_1_0'}, {'E_1_0'}, {'E_1_0'}, {'E_1_0'}, {'S_0_1'}, {'S_0_1'}, {'S_0_1'}, {'S_0_1'}, {'S_0_1'}, {'S_0_1'}, {'W_1_0'}, {'S_0_1'}, {'STAY_0_0'}, {'E_1_0'}]",-0.15558697930829202,140,0.9142857142857143,0.9688331432915241,5262
"[{'E_1_0'}, {'E_1_0'}, {'E_1_0'}, {'N_0_1'}, {'N_0_1'}, {'E_1_0'}, {'N_0_1'}, {'N_0_1'}, {'N_0_1'}, {'N_0_1'}, {'N_0_1'}, {'N_0_1'}, {'E_1_0'}, {'W_1_0'}, {'W_1_0'}]",-0.1564034714795306,100,0.91,0.9688331432915241,5262
"[{'E_1_0'}, {'E_1_0'}, {'E_1_0'}, {'E_1_0'}, {'E_1_0'}, {'E_1_0'}, {'E_1_0'}, {'N_0_1'}, {'N_0_1'}, {'NW_1_1'}, {'N_0_1'}, {'E_1_0'}, {'E_1_0'}, {'W_1_0'}, {'W_1_0'}]",-0.15702736224982017,170,0.9176470588235294,0.9688331432915241,5262
"[{'E_1_0'}, {'E_1_0'}, {'N_0_1'}, {'E_1_0'}, {'N_0_1'}, {'N_0_1'}, {'N_0_1'}, {'N_0_1'}, {'NW_1_1'}, {'W_1_0'}, {'NW_1_1'}, {'W_1_0'}, {'W_1_0'}, {'W_1_0'}, {'W_1_0'}]",-0.15704613226997788,114,0.9122807017543859,0.9688331432915241,5262
"[{'E_1_0'}, {'E_1_0'}, {'SE_1_1'}, {'E_1_0'}, {'S_0_1'}, {'S_0_1'}, {'S_0_1'}, {'W_1_0'}, {'S_0_1'}, {'W_1_0'}, {'W_1_0'}, {'W_1_0'}, {'W_1_0'}, {'STAY_0_0'}, {'E_1_0'}]",-0.15777364277662542,171,0.9181286549707602,0.9688331432915241,5262
"[{'E_1_0'}, {'E_1_0'}, {'E_1_0'}, {'E_1_0'}, {'W_1_0'}, {'W_1_0'}, {'W_1_0'}, {'W_1_0'}, {'W_1_0'}, {'W_1_0'}, {'W_1_0'}, {'W_1_0'}, {'W_1_0'}, {'STAY_0_0'}, {'W_1_0'}]",-0.15825039883075953,143,0.916083916083916,0.9688331432915241,5262
"[{'E_1_0'}, {'E_1_0'}, {'E_1_0'}, {'N_0_1'}, {'E_1_0'}, {'N_0_1'}, {'N_0_1'}, {'N_0_1'}, {'NW_1_1'}, {'N_0_1'}, {'N_0_1'}, {'N_0_1'}, {'N_0_1'}, {'N_0_1'}, {'N_0_1'}]",-0.15885185965007786,158,0.9177215189873418,0.9688331432915241,5262
"[{'N_0_1'}, {'N_0_1'}, {'E_1_0'}, {'E_1_0'}, {'E_1_0'}, {'S_0_1'}, {'S_0_1'}, {'S_0_1'}, {'S_0_1'}, {'S_0_1'}, {'S_0_1'}, {'S_0_1'}, {'SW_1_1'}, {'S_0_1'}, {'W_1_0'}]",-0.15991228177342842,103,0.912621359223301,0.9688331432915241,5262
"[{'E_1_0'}, {'E_1_0'}, {'SE_1_1'}, {'S_0_1'}, {'S_0_1'}, {'S_0_1'}, {'SW_1_1'}, {'SW_1_1'}, {'W_1_0'}, {'SW_1_1'}, {'N_0_1'}, {'N_0_1'}, {'N_0_1'}, {'N_0_1'}, {'N_0_1'}]",-0.15991228177342842,103,0.912621359223301,0.9688331432915241,5262
"[{'E_1_0'}, {'E_1_0'}, {'N_0_1'}, {'N_0_1'}, {'N_0_1'}, {'N_0_1'}, {'N_0_1'}, {'N_0_1'}, {'W_1_0'}, {'W_1_0'}, {'N_0_1'}, {'N_0_1'}, {'N_0_1'}, {'N_0_1'}, {'N_0_1'}]",-0.16038109586717963,160,0.91875,0.9688331432915241,5262
"[{'E_1_0'}, {'E_1_0'}, {'E_1_0'}, {'NE_1_1'}, {'NE_1_1'}, {'N_0_1'}, {'N_0_1'}, {'N_0_1'}, {'N_0_1'}, {'N_0_1'}, {'NE_1_1'}, {'N_0_1'}, {'N_0_1'}, {'W_1_0'}, {'W_1_0'}]",-0.16155254514447615,147,0.9183673469387755,0.9688331432915241,5262
"[{'E_1_0'}, {'E_1_0'}, {'E_1_0'}, {'E_1_0'}, {'E_1_0'}, {'E_1_0'}, {'E_1_0'}, {'E_1_0'}, {'SE_1_1'}, {'S_0_1'}, {'S_0_1'}, {'S_0_1'}, {'SW_1_1'}, {'STAY_0_0'}, {'N_0_1'}]",-0.16313228738934327,106,0.9150943396226415,0.9688331432915241,5262
"[{'E_1_0'}, {'SE_1_1'}, {'E_1_0'}, {'E_1_0'}, {'N_0_1'}, {'N_0_1'}, {'N_0_1'}, {'N_0_1'}, {'N_0_1'}, {'N_0_1'}, {'N_0_1'}, {'N_0_1'}, {'N_0_1'}, {'S_0_1'}, {'S_0_1'}]",-0.16313228738934327,106,0.9150943396226415,0.9688331432915241,5262
"[{'E_1_0'}, {'E_1_0'}, {'N_0_1'}, {'N_0_1'}, {'N_0_1'}, {'NW_1_1'}, {'N_0_1'}, {'N_0_1'}, {'NE_1_1'}, {'N_0_1'}, {'N_0_1'}, {'N_0_1'}, {'W_1_0'}, {'W_1_0'}, {'S_0_1'}]",-0.16313228738934327,106,0.9150943396226415,0.9688331432915241,5262
"[{'E_1_0'}, {'E_1_0'}, {'E_1_0'}, {'E_1_0'}, {'E_1_0'}, {'SW_1_1'}, {'W_1_0'}, {'W_1_0'}, {'N_0_1'}, {'E_1_0'}, {'N_0_1'}, {'N_0_1'}, {'N_0_1'}, {'N_0_1'}, {'W_1_0'}]",-0.16313228738934327,106,0.9150943396226415,0.9688331432915241,5262
"[{'E_1_0'}, {'E_1_0'}, {'E_1_0'}, {'E_1_0'}, {'E_1_0'}, {'E_1_0'}, {'E_1_0'}, {'SE_1_1'}, {'S_0_1'}, {'SW_1_1'}, {'SW_1_1'}, {'W_1_0'}, {'W_1_0'}, {'NE_1_1'}, {'N_0_1'}]",-0.16414657467253035,107,0.9158878504672897,0.9688331432915241,5262
"[{'E_1_0'}, {'E_1_0'}, {'E_1_0'}, {'E_1_0'}, {'W_1_0'}, {'SW_1_1'}, {'W_1_0'}, {'W_1_0'}, {'W_1_0'}, {'E_1_0'}, {'E_1_0'}, {'E_1_0'}, {'E_1_0'}, {'E_1_0'}, {'W_1_0'}]",-0.16513301426647353,108,0.9166666666666666,0.9688331432915241,5262
"[{'E_1_0'}, {'E_1_0'}, {'NE_1_1'}, {'E_1_0'}, {'N_0_1'}, {'N_0_1'}, {'N_0_1'}, {'N_0_1'}, {'NW_1_1'}, {'N_0_1'}, {'N_0_1'}, {'N_0_1'}, {'N_0_1'}, {'N_0_1'}, {'N_0_1'}]",-0.16609254811501484,109,0.9174311926605505,0.9688331432915241,5262
