pattern,quality,support,pattern_auc,global_auc,dataset_size
"[{'N'}, {'M'}, {'O'}, {'W'}, {'Y'}]",0.9564610702833817,25,0.5789473684210527,0.9020696794431918,5050
"[{'M'}, {'U'}, {'V'}, {'P'}, {'Y'}]",0.8121389177589252,28,0.6205128205128205,0.9020696794431918,5050
"[{'V'}, {'X'}, {'V'}, {'U'}, {'X'}]",0.7788500704464077,22,0.6115702479338844,0.9020696794431918,5050
"[{'T'}, {'N'}, {'Y'}, {'M'}, {'M'}]",0.6628098696714428,20,0.6373626373626373,0.9020696794431918,5050
"[{'M'}, {'T'}, {'N'}, {'N'}, {'M'}]",0.6592933262534294,22,0.6446280991735538,0.9020696794431918,5050
"[{'T'}, {'Y'}, {'W'}, {'V'}, {'Z'}]",0.6505560431161372,21,0.6442307692307693,0.9020696794431918,5050
"[{'V'}, {'Z'}, {'Y'}, {'W'}, {'X'}]",0.616941787424214,21,0.6545454545454545,0.9020696794431918,5050
"[{'X'}, {'V'}, {'O'}, {'U'}, {'O'}]",0.6116336950649852,24,0.6642857142857143,0.9020696794431918,5050
"[{'T'}, {'T'}, {'O'}, {'O'}, {'Z'}]",0.5705819877281268,20,0.6666666666666667,0.9020696794431918,5050
"[{'Z'}, {'T'}, {'T'}, {'W'}, {'M'}]",0.5586069233957531,22,0.6761904761904761,0.9020696794431918,5050
"[{'V'}, {'Z'}, {'X'}, {'P'}, {'X'}]",0.5522013195571716,26,0.6875,0.9020696794431918,5050
"[{'Z'}, {'Y'}, {'P'}, {'M'}, {'P'}]",0.5516354601805281,21,0.6759259259259259,0.9020696794431918,5050
"[{'T'}, {'Y'}]",0.5488308589302482,1583,0.8805399296354709,0.9020696794431918,5050
"[{'X'}, {'U'}, {'X'}, {'P'}]",0.5464571718540355,127,0.7776659959758551,0.9020696794431918,5050
"[{'X'}, {'M'}, {'V'}, {'V'}]",0.5418213611976275,129,0.7793269230769231,0.9020696794431918,5050
"[{'O'}, {'M'}, {'O'}, {'V'}, {'O'}]",0.5412961902742233,20,0.6767676767676767,0.9020696794431918,5050
"[{'M'}, {'T'}]",0.5338162827774544,1616,0.8881646381508282,0.9020696794431918,5050
"[{'M'}, {'U'}]",0.5336285067823832,1543,0.8881242858103112,0.9020696794431918,5050
"[{'M'}, {'Z'}, {'T'}, {'M'}, {'V'}]",0.5311639473651468,26,0.6944444444444444,0.9020696794431918,5050
"[{'P'}, {'M'}]",0.5305074598124562,1481,0.8902007988181868,0.9020696794431918,5050
"[{'P'}, {'T'}]",0.5300044307460505,1575,0.8907739045462901,0.9020696794431918,5050
"[{'T'}, {'P'}]",0.5297057997166654,1556,0.8909795368741067,0.9020696794431918,5050
"[{'P'}, {'V'}, {'T'}, {'Z'}, {'X'}]",0.5237809495161627,27,0.6988636363636364,0.9020696794431918,5050
"[{'W'}, {'N'}, {'T'}, {'Y'}, {'T'}]",0.5235904559798616,24,0.6928571428571428,0.9020696794431918,5050
"[{'P'}, {'M'}, {'P'}, {'N'}, {'T'}]",0.5187422315380021,21,0.6875,0.9020696794431918,5050
"[{'N'}, {'T'}, {'Y'}, {'P'}, {'W'}]",0.5132945817306906,20,0.6868686868686869,0.9020696794431918,5050
"[{'Z'}, {'U'}, {'V'}, {'N'}, {'O'}]",0.5055867706909949,21,0.6923076923076923,0.9020696794431918,5050
"[{'T'}, {'T'}, {'M'}, {'V'}, {'V'}]",0.5013556722280785,21,0.6938775510204082,0.9020696794431918,5050
"[{'N'}, {'T'}, {'M'}, {'U'}, {'T'}]",0.4969887005599294,26,0.70625,0.9020696794431918,5050
"[{'T'}, {'V'}, {'P'}, {'Y'}]",0.4953698583612387,106,0.7862513426423201,0.9020696794431918,5050
"[{'V'}, {'U'}, {'U'}, {'U'}, {'Y'}]",0.49049873809846956,25,0.7066666666666667,0.9020696794431918,5050
"[{'V'}, {'O'}, {'U'}, {'O'}]",0.4895285060886939,122,0.7919444444444445,0.9020696794431918,5050
"[{'Z'}, {'Y'}, {'X'}, {'V'}, {'T'}]",0.48853540087631353,28,0.7128205128205128,0.9020696794431918,5050
"[{'Y'}, {'Z'}, {'T'}, {'N'}, {'Y'}]",0.4851536618902863,23,0.7045454545454546,0.9020696794431918,5050
"[{'X'}, {'T'}, {'P'}, {'P'}, {'Y'}]",0.4837895424834979,24,0.7071428571428572,0.9020696794431918,5050
"[{'M'}, {'Y'}, {'P'}, {'Y'}]",0.4809309510613776,104,0.7901049475262368,0.9020696794431918,5050
"[{'U'}, {'P'}, {'T'}, {'Y'}, {'V'}]",0.47725394572621105,22,0.7053571428571428,0.9020696794431918,5050
"[{'T'}, {'Z'}, {'Z'}, {'Y'}, {'Y'}]",0.4768308182039458,23,0.7076923076923077,0.9020696794431918,5050
"[{'W'}, {'N'}, {'P'}, {'Y'}]",0.4742865717418784,106,0.7927140255009107,0.9020696794431918,5050
"[{'M'}, {'M'}, {'N'}, {'W'}, {'N'}]",0.4704961879623699,20,0.7032967032967032,0.9020696794431918,5050
"[{'V'}, {'U'}, {'M'}, {'O'}, {'T'}]",0.4668592485349575,22,0.7094017094017094,0.9020696794431918,5050
"[{'U'}, {'Z'}, {'O'}, {'X'}, {'U'}]",0.46238249780681606,24,0.7152777777777778,0.9020696794431918,5050
"[{'M'}, {'U'}, {'W'}]",0.4613624398352677,515,0.8575048262548263,0.9020696794431918,5050
"[{'P'}, {'M'}, {'T'}, {'V'}]",0.4570990514773793,108,0.7987637362637363,0.9020696794431918,5050
"[{'T'}, {'W'}, {'V'}, {'Y'}, {'P'}]",0.4538294221430521,23,0.7166666666666667,0.9020696794431918,5050
"[{'N'}, {'P'}, {'M'}, {'Y'}]",0.45260403620996703,110,0.8007282356835485,0.9020696794431918,5050
"[{'T'}, {'W'}, {'Z'}, {'W'}, {'Y'}]",0.45039595998544557,27,0.7252747252747253,0.9020696794431918,5050
"[{'M'}, {'W'}, {'P'}, {'Y'}]",0.447617040594419,103,0.8007575757575758,0.9020696794431918,5050
"[{'X'}, {'M'}, {'V'}, {'V'}, {'P'}]",0.44742530278738946,34,0.7362637362637363,0.9020696794431918,5050
"[{'U'}, {'M'}, {'N'}]",0.44621000120337106,481,0.8625216188170184,0.9020696794431918,5050
"[{'X'}, {'M'}, {'P'}, {'Z'}, {'Y'}]",0.44525941636888455,27,0.7272727272727273,0.9020696794431918,5050
"[{'U'}, {'M'}, {'P'}, {'N'}]",0.44449415632746925,119,0.8053960964408725,0.9020696794431918,5050
"[{'X'}, {'U'}, {'V'}, {'Y'}, {'N'}]",0.4442157362530553,29,0.7307692307692308,0.9020696794431918,5050
"[{'N'}, {'M'}, {'T'}]",0.44396531564186903,509,0.8639945186707777,0.9020696794431918,5050
"[{'X'}, {'X'}, {'U'}, {'V'}, {'U'}]",0.4380654028939549,23,0.7230769230769231,0.9020696794431918,5050
"[{'T'}, {'V'}, {'P'}]",0.4364007282672754,488,0.8668952880461277,0.9020696794431918,5050
"[{'Z'}, {'M'}, {'T'}, {'U'}]",0.43583890653428137,118,0.8081597222222222,0.9020696794431918,5050
"[{'M'}, {'T'}, {'U'}]",0.4335541194954716,517,0.8687069739598923,0.9020696794431918,5050
"[{'W'}, {'P'}, {'Y'}]",0.4334207170090094,464,0.8678568107856811,0.9020696794431918,5050
"[{'T'}, {'X'}, {'O'}, {'X'}, {'P'}]",0.43333760517191444,20,0.71875,0.9020696794431918,5050
"[{'M'}, {'V'}, {'U'}]",0.4331723568458784,496,0.8685404772361294,0.9020696794431918,5050
"[{'V'}, {'T'}, {'P'}, {'Z'}, {'X'}]",0.43298836917635786,22,0.7232142857142856,0.9020696794431918,5050
"[{'M'}, {'V'}, {'X'}, {'U'}]",0.432977866669086,113,0.8081504702194358,0.9020696794431918,5050
"[{'M'}, {'W'}, {'N'}, {'W'}, {'Z'}]",0.4329141821213158,21,0.7211538461538461,0.9020696794431918,5050
"[{'T'}, {'Y'}, {'X'}]",0.43216915186093297,496,0.8690212793648728,0.9020696794431918,5050
"[{'V'}, {'P'}, {'Y'}]",0.4320051132823044,485,0.8689151954281048,0.9020696794431918,5050
"[{'M'}, {'U'}, {'Y'}]",0.43066554944095525,493,0.8697062504116446,0.9020696794431918,5050
"[{'T'}, {'U'}, {'Y'}]",0.4305473704007081,519,0.8701771595030021,0.9020696794431918,5050
"[{'X'}, {'M'}, {'V'}, {'X'}, {'P'}]",0.43046328450758375,20,0.72,0.9020696794431918,5050
"[{'P'}, {'U'}, {'U'}, {'M'}, {'O'}]",0.4304287011129695,21,0.7222222222222222,0.9020696794431918,5050
"[{'U'}, {'T'}, {'Z'}, {'T'}, {'Z'}]",0.4304287011129695,21,0.7222222222222222,0.9020696794431918,5050
"[{'O'}, {'W'}, {'X'}, {'Y'}, {'W'}]",0.4304287011129695,21,0.7222222222222222,0.9020696794431918,5050
"[{'P'}, {'M'}, {'T'}]",0.42955562629166566,480,0.8700465795328143,0.9020696794431918,5050
"[{'P'}, {'T'}, {'W'}]",0.4293667341163502,512,0.8706533877950648,0.9020696794431918,5050
"[{'X'}, {'M'}, {'V'}]",0.4284164043964097,529,0.8713836477987421,0.9020696794431918,5050
"[{'U'}, {'V'}, {'P'}]",0.42806135245990984,509,0.8712675621429673,0.9020696794431918,5050
"[{'X'}, {'V'}, {'O'}, {'X'}, {'N'}]",0.42794260960847297,24,0.7291666666666667,0.9020696794431918,5050
"[{'M'}, {'O'}, {'U'}]",0.4277041392594304,502,0.8713445645263828,0.9020696794431918,5050
"[{'M'}, {'T'}, {'V'}]",0.4272994522520489,518,0.8717925766797948,0.9020696794431918,5050
"[{'V'}, {'U'}, {'Y'}]",0.4272539216426702,503,0.8715929931069373,0.9020696794431918,5050
"[{'N'}, {'T'}, {'Y'}]",0.42655885536609484,536,0.8724310776942356,0.9020696794431918,5050
"[{'T'}, {'M'}, {'Y'}]",0.42636110801603,489,0.8718481759656652,0.9020696794431918,5050
"[{'M'}, {'P'}, {'Y'}]",0.42519046740994837,499,0.8726265060240963,0.9020696794431918,5050
"[{'V'}, {'X'}, {'P'}]",0.424888727551777,516,0.8730341679430988,0.9020696794431918,5050
"[{'X'}, {'P'}, {'Z'}]",0.4242577989980758,536,0.8736475666643457,0.9020696794431918,5050
"[{'M'}, {'U'}, {'T'}]",0.4241674982793193,516,0.8734253420224855,0.9020696794431918,5050
"[{'T'}, {'U'}, {'Y'}, {'W'}, {'N'}]",0.42351506480556345,22,0.7272727272727274,0.9020696794431918,5050
"[{'V'}, {'P'}, {'U'}]",0.42341519590298327,476,0.8732638888888888,0.9020696794431918,5050
"[{'Z'}, {'M'}, {'T'}, {'V'}]",0.4233643629380024,126,0.8140652668859094,0.9020696794431918,5050
"[{'M'}, {'T'}, {'Y'}]",0.422857813669979,501,0.8739430103066467,0.9020696794431918,5050
"[{'N'}, {'P'}, {'T'}]",0.42264581303600157,509,0.8741736175471115,0.9020696794431918,5050
"[{'N'}, {'X'}, {'M'}]",0.4226018253140513,481,0.8738014174541413,0.9020696794431918,5050
"[{'X'}, {'P'}, {'M'}]",0.4223135436512597,500,0.8742379878078049,0.9020696794431918,5050
"[{'P'}, {'M'}, {'X'}]",0.4219436756290039,454,0.8737754626030168,0.9020696794431918,5050
"[{'X'}, {'V'}, {'P'}]",0.4219416941834532,525,0.87478594026645,0.9020696794431918,5050
"[{'T'}, {'V'}, {'Y'}]",0.42189395882073233,511,0.8746282841288819,0.9020696794431918,5050
"[{'M'}, {'T'}, {'P'}]",0.42187533762850526,478,0.8741772996121242,0.9020696794431918,5050
"[{'V'}, {'Y'}, {'U'}]",0.4218644133931716,464,0.8739756573446067,0.9020696794431918,5050
"[{'X'}, {'U'}, {'X'}]",0.4212740998919903,537,0.875319622012229,0.9020696794431918,5050
"[{'W'}, {'M'}, {'Y'}]",0.42125596422470035,473,0.8744680851063829,0.9020696794431918,5050
"[{'X'}, {'P'}, {'Y'}]",0.4210847352255409,511,0.8750957854406132,0.9020696794431918,5050
"[{'T'}, {'P'}, {'Y'}]",0.4210712530043188,478,0.8746498108978848,0.9020696794431918,5050
"[{'Z'}, {'M'}, {'V'}]",0.42106224151112004,512,0.8751220703125,0.9020696794431918,5050
"[{'P'}, {'M'}, {'V'}]",0.42097499324628496,498,0.8749858873243979,0.9020696794431918,5050
"[{'M'}, {'M'}, {'U'}]",0.420802895124225,494,0.8750327954873409,0.9020696794431918,5050
"[{'M'}, {'O'}, {'T'}]",0.4207188330951289,510,0.8752967462644882,0.9020696794431918,5050
"[{'P'}, {'O'}, {'W'}]",0.42049017246289433,499,0.8752858569265951,0.9020696794431918,5050
"[{'M'}, {'U'}, {'Z'}]",0.4197788265933756,482,0.8754822929585228,0.9020696794431918,5050
"[{'T'}, {'Y'}, {'P'}]",0.4194991714606383,488,0.8757346483820847,0.9020696794431918,5050
"[{'O'}, {'Z'}, {'U'}]",0.4192664921459691,463,0.8755305164319249,0.9020696794431918,5050
"[{'W'}, {'V'}, {'P'}]",0.4191643459738683,510,0.8762264150943396,0.9020696794431918,5050
"[{'T'}, {'Y'}, {'X'}, {'P'}]",0.4187943414953681,117,0.8141100702576112,0.9020696794431918,5050
"[{'T'}, {'T'}, {'T'}]",0.41789928457147685,493,0.8767951251646905,0.9020696794431918,5050
"[{'V'}, {'Y'}, {'T'}]",0.4178049582257186,480,0.8766859010011124,0.9020696794431918,5050
"[{'M'}, {'M'}, {'U'}, {'W'}]",0.4177145339670063,132,0.8171152518978606,0.9020696794431918,5050
"[{'P'}, {'M'}, {'W'}]",0.41770039863099495,480,0.8767527931747494,0.9020696794431918,5050
"[{'N'}, {'M'}, {'Y'}]",0.41729409681596275,509,0.8773791867507107,0.9020696794431918,5050
"[{'V'}, {'P'}, {'Z'}]",0.41718205538396,502,0.8773653797307595,0.9020696794431918,5050
"[{'M'}, {'O'}, {'X'}]",0.4171148344334623,504,0.8774330708661418,0.9020696794431918,5050
"[{'M'}, {'N'}, {'M'}, {'T'}, {'O'}]",0.41709865057945117,36,0.75,0.9020696794431918,5050
"[{'W'}, {'N'}, {'T'}]",0.41667737632858726,492,0.8775685639185995,0.9020696794431918,5050
"[{'T'}, {'N'}, {'Y'}]",0.4164086399467588,518,0.878056052474657,0.9020696794431918,5050
"[{'X'}, {'M'}, {'U'}]",0.41630353697280087,507,0.8779956427015251,0.9020696794431918,5050
"[{'M'}, {'P'}, {'O'}, {'W'}, {'M'}]",0.415966060373954,24,0.7342657342657343,0.9020696794431918,5050
"[{'X'}, {'W'}, {'W'}, {'M'}, {'T'}]",0.415966060373954,24,0.7342657342657343,0.9020696794431918,5050
"[{'O'}, {'T'}, {'W'}]",0.4159473805526186,540,0.8786031118252104,0.9020696794431918,5050
"[{'U'}, {'M'}, {'V'}]",0.41583229966604085,512,0.8783647683574436,0.9020696794431918,5050
"[{'T'}, {'X'}, {'V'}]",0.41578382624753263,471,0.8778977395825811,0.9020696794431918,5050
"[{'T'}, {'O'}, {'Y'}]",0.41577745242526765,511,0.8783895578637743,0.9020696794431918,5050
"[{'V'}, {'Z'}, {'U'}]",0.41565664649220113,502,0.8783648099450155,0.9020696794431918,5050
"[{'W'}, {'M'}, {'O'}, {'P'}, {'T'}]",0.41563531907026285,25,0.7361111111111112,0.9020696794431918,5050
"[{'U'}, {'X'}, {'N'}]",0.41503185288772315,509,0.8788670148654079,0.9020696794431918,5050
"[{'X'}, {'V'}, {'Y'}]",0.4150102176848355,529,0.8791040503792759,0.9020696794431918,5050
"[{'T'}, {'Y'}, {'W'}]",0.4147999814303712,503,0.8789565217391304,0.9020696794431918,5050
"[{'V'}, {'X'}, {'Y'}]",0.414781771578434,503,0.8789690069576218,0.9020696794431918,5050
"[{'M'}, {'M'}, {'V'}]",0.4147673597217887,478,0.8786827207879839,0.9020696794431918,5050
"[{'T'}, {'Z'}, {'Y'}]",0.41450646017546533,518,0.8793262919202768,0.9020696794431918,5050
"[{'W'}, {'V'}, {'Y'}]",0.41419509520104847,507,0.8794198207171313,0.9020696794431918,5050
"[{'X'}, {'M'}, {'X'}]",0.41405792259174723,528,0.8797432754020337,0.9020696794431918,5050
"[{'X'}, {'T'}, {'Y'}]",0.4139082279365972,485,0.8793702127659574,0.9020696794431918,5050
"[{'N'}, {'M'}, {'X'}]",0.4138315833320152,505,0.8796523710561118,0.9020696794431918,5050
"[{'M'}, {'X'}, {'Y'}]",0.41379433802300825,513,0.8797664659733626,0.9020696794431918,5050
"[{'N'}, {'M'}, {'V'}]",0.41374223227137563,525,0.8799314889540454,0.9020696794431918,5050
"[{'V'}, {'T'}, {'P'}]",0.4137267888375902,498,0.8796483020085505,0.9020696794431918,5050
"[{'W'}, {'T'}, {'Y'}, {'T'}, {'Y'}]",0.4131483065100894,25,0.7371794871794871,0.9020696794431918,5050
"[{'T'}, {'W'}, {'N'}, {'Y'}, {'P'}]",0.41314830651008916,25,0.7371794871794872,0.9020696794431918,5050
"[{'N'}, {'N'}, {'X'}, {'M'}, {'Z'}]",0.41309780775255467,31,0.7458333333333333,0.9020696794431918,5050
"[{'M'}, {'U'}, {'P'}]",0.41305718822433657,505,0.8802053891087244,0.9020696794431918,5050
"[{'U'}, {'N'}, {'T'}]",0.41292381551421087,512,0.8803768382352941,0.9020696794431918,5050
"[{'X'}, {'O'}, {'Z'}]",0.41280131448659874,527,0.8806210929622907,0.9020696794431918,5050
"[{'P'}, {'M'}, {'O'}, {'T'}, {'V'}]",0.4126291275831673,24,0.7357142857142858,0.9020696794431918,5050
"[{'M'}, {'V'}, {'P'}]",0.4126105697894057,529,0.8807793545433737,0.9020696794431918,5050
"[{'W'}, {'P'}, {'M'}]",0.4124053552015505,452,0.8800808223477715,0.9020696794431918,5050
"[{'M'}, {'O'}, {'W'}]",0.4123894377214047,479,0.8804093873138753,0.9020696794431918,5050
"[{'T'}, {'T'}, {'Y'}]",0.4123834168329411,472,0.8803340517241379,0.9020696794431918,5050
"[{'Z'}, {'V'}, {'P'}, {'U'}]",0.41236743143883037,104,0.8139880952380953,0.9020696794431918,5050
"[{'X'}, {'M'}, {'Y'}]",0.4123349481975286,504,0.8807235011383759,0.9020696794431918,5050
"[{'T'}, {'Y'}, {'N'}]",0.4121075519986003,482,0.8806551586820646,0.9020696794431918,5050
"[{'T'}, {'M'}, {'X'}]",0.411823646938833,503,0.8810956200662082,0.9020696794431918,5050
"[{'W'}, {'X'}, {'Y'}]",0.4116881592145125,526,0.8814302091042329,0.9020696794431918,5050
"[{'T'}, {'Y'}, {'O'}]",0.4116487394924988,485,0.8810374149659863,0.9020696794431918,5050
"[{'T'}, {'T'}, {'N'}]",0.4116341228699357,484,0.881037780966045,0.9020696794431918,5050
"[{'V'}, {'P'}, {'M'}]",0.4116334627800545,487,0.881070752164502,0.9020696794431918,5050
"[{'T'}, {'P'}, {'P'}]",0.41122804109944,477,0.8812763713080168,0.9020696794431918,5050
"[{'M'}, {'T'}, {'Z'}]",0.41105060259337844,499,0.8816471800818114,0.9020696794431918,5050
"[{'Z'}, {'V'}, {'P'}]",0.4110404277751021,523,0.8818934495772506,0.9020696794431918,5050
"[{'X'}, {'M'}, {'V'}, {'T'}]",0.41101949057310905,120,0.8175995544416597,0.9020696794431918,5050
"[{'P'}, {'M'}, {'P'}]",0.4105812165684576,449,0.88147971739303,0.9020696794431918,5050
"[{'U'}, {'P'}, {'Y'}]",0.41057403551314475,527,0.8822935594589136,0.9020696794431918,5050
"[{'M'}, {'Y'}, {'Y'}]",0.4105714988623923,476,0.8817859223558074,0.9020696794431918,5050
"[{'M'}, {'Z'}, {'N'}, {'T'}, {'P'}]",0.4105613383180604,23,0.7348484848484849,0.9020696794431918,5050
"[{'U'}, {'P'}, {'N'}]",0.4104875877186247,486,0.8819582125972244,0.9020696794431918,5050
"[{'M'}, {'W'}, {'T'}]",0.4104296280510654,498,0.8821266968325792,0.9020696794431918,5050
"[{'T'}, {'N'}, {'P'}]",0.41039942379263195,489,0.8820598006644519,0.9020696794431918,5050
"[{'Z'}, {'T'}, {'Y'}]",0.4102946023793712,512,0.882371794871795,0.9020696794431918,5050
"[{'T'}, {'P'}, {'Z'}]",0.41013684956197705,501,0.8823914014160873,0.9020696794431918,5050
"[{'X'}, {'V'}, {'V'}]",0.41003941915670883,513,0.8825857921500563,0.9020696794431918,5050
"[{'Z'}, {'X'}, {'V'}]",0.4099865011182906,506,0.8825615548056492,0.9020696794431918,5050
"[{'X'}, {'W'}, {'T'}, {'T'}, {'T'}]",0.4099858430846792,20,0.7291666666666667,0.9020696794431918,5050
"[{'M'}, {'Z'}, {'M'}, {'U'}, {'T'}]",0.4099858430846792,20,0.7291666666666667,0.9020696794431918,5050
"[{'P'}, {'X'}, {'Z'}]",0.40998393050960313,498,0.8824857663586072,0.9020696794431918,5050
"[{'M'}, {'T'}, {'W'}]",0.4099358550733355,524,0.8827719829846745,0.9020696794431918,5050
"[{'N'}, {'P'}, {'X'}]",0.409799657799633,484,0.8824971288503403,0.9020696794431918,5050
"[{'V'}, {'X'}, {'U'}]",0.4097921128451226,516,0.8828140309621791,0.9020696794431918,5050
"[{'P'}, {'T'}, {'Z'}]",0.4096824880626103,480,0.8825536062378168,0.9020696794431918,5050
"[{'M'}, {'W'}, {'X'}, {'P'}, {'Y'}]",0.4095045190602722,21,0.7314814814814814,0.9020696794431918,5050
"[{'V'}, {'M'}, {'Z'}]",0.4094870670352009,503,0.8829418130888719,0.9020696794431918,5050
"[{'W'}, {'W'}, {'M'}]",0.4094157963535394,518,0.8831405057251909,0.9020696794431918,5050
"[{'U'}, {'V'}, {'N'}]",0.4094049080239197,496,0.8829430894308943,0.9020696794431918,5050
"[{'V'}, {'T'}, {'Y'}]",0.40938056013621216,489,0.8828953974895398,0.9020696794431918,5050
"[{'V'}, {'V'}, {'V'}]",0.4093568404545308,508,0.8830969541966985,0.9020696794431918,5050
"[{'M'}, {'T'}, {'N'}]",0.40925898129978044,487,0.8829780010863661,0.9020696794431918,5050
"[{'T'}, {'P'}, {'M'}]",0.4092376017162359,466,0.8827846934071,0.9020696794431918,5050
"[{'T'}, {'P'}, {'T'}]",0.4092296353983629,487,0.8830027659718007,0.9020696794431918,5050
"[{'N'}, {'M'}, {'O'}]",0.4091720771184497,484,0.8830220306513409,0.9020696794431918,5050
"[{'N'}, {'X'}, {'X'}]",0.40906358952971655,519,0.8834422334422335,0.9020696794431918,5050
"[{'X'}, {'N'}, {'Z'}]",0.4089427322228505,533,0.8836665727963955,0.9020696794431918,5050
"[{'M'}, {'X'}, {'U'}]",0.40882017926191894,502,0.883493141986284,0.9020696794431918,5050
"[{'M'}, {'U'}, {'M'}]",0.4088194577545333,475,0.8832352315438621,0.9020696794431918,5050
"[{'Z'}, {'P'}, {'P'}]",0.40870794686603973,509,0.883653070093748,0.9020696794431918,5050
"[{'U'}, {'P'}, {'M'}]",0.4086918359145437,478,0.8833754740834387,0.9020696794431918,5050
"[{'V'}, {'O'}, {'O'}]",0.4086526726005517,497,0.8835905082987552,0.9020696794431918,5050
"[{'T'}, {'Z'}, {'V'}]",0.4086414022231116,511,0.8837280553938539,0.9020696794431918,5050
"[{'T'}, {'Z'}, {'X'}]",0.4085545765481461,524,0.8839169814623047,0.9020696794431918,5050
"[{'X'}, {'X'}, {'P'}]",0.4085180261883319,504,0.8837711010330058,0.9020696794431918,5050
"[{'V'}, {'P'}, {'X'}]",0.40843380899389525,516,0.8839509884988348,0.9020696794431918,5050
"[{'U'}, {'W'}, {'N'}]",0.4079849300008329,507,0.8842645914396887,0.9020696794431918,5050
"[{'P'}, {'O'}, {'Z'}]",0.40793906840924754,490,0.8841531698674555,0.9020696794431918,5050
"[{'T'}, {'M'}, {'U'}]",0.40768529479377735,475,0.8842439734441013,0.9020696794431918,5050
"[{'W'}, {'P'}, {'T'}]",0.4076407456255827,500,0.8845113696372277,0.9020696794431918,5050
"[{'X'}, {'P'}, {'W'}]",0.40755462049206626,527,0.8848178137651821,0.9020696794431918,5050
"[{'U'}, {'Y'}, {'N'}]",0.4075097963148555,482,0.8844696969696969,0.9020696794431918,5050
"[{'T'}, {'Y'}, {'Y'}]",0.40750832103463097,498,0.8846141437604852,0.9020696794431918,5050
"[{'N'}, {'X'}, {'P'}]",0.40739485877641735,528,0.8849698535745048,0.9020696794431918,5050
"[{'M'}, {'W'}, {'P'}]",0.40734440867403054,500,0.8847816342213114,0.9020696794431918,5050
"[{'W'}, {'W'}, {'Y'}]",0.4072606528486976,514,0.8849772014603183,0.9020696794431918,5050
"[{'T'}, {'P'}, {'N'}]",0.407227986066224,478,0.884694614152156,0.9020696794431918,5050
"[{'W'}, {'W'}, {'U'}]",0.40699171033256054,498,0.8850919102761358,0.9020696794431918,5050
"[{'W'}, {'N'}, {'Y'}]",0.4069845643450474,503,0.8851409460105112,0.9020696794431918,5050
"[{'X'}, {'U'}, {'Y'}]",0.4069777327013868,524,0.8853194962686567,0.9020696794431918,5050
"[{'W'}, {'N'}, {'W'}]",0.4069624405443055,494,0.8850851737084584,0.9020696794431918,5050
"[{'N'}, {'M'}, {'W'}]",0.40691603643608765,522,0.8853608005054585,0.9020696794431918,5050
"[{'T'}, {'Z'}, {'W'}]",0.40689398336849025,544,0.8855526839235213,0.9020696794431918,5050
"[{'W'}, {'N'}, {'P'}]",0.4068676628947291,506,0.8852756892230577,0.9020696794431918,5050
"[{'P'}, {'M'}, {'N'}]",0.4068555336205806,492,0.8851689663719738,0.9020696794431918,5050
"[{'M'}, {'T'}, {'M'}]",0.40683325714595964,499,0.8852496046984414,0.9020696794431918,5050
"[{'W'}, {'T'}, {'Y'}]",0.40681193422788153,515,0.885401814155265,0.9020696794431918,5050
"[{'T'}, {'N'}, {'N'}]",0.4068108045412673,493,0.8852199703410775,0.9020696794431918,5050
"[{'U'}, {'O'}, {'O'}]",0.4067924862035298,494,0.8852459016393442,0.9020696794431918,5050
"[{'P'}, {'T'}, {'P'}]",0.4066823677169692,452,0.8849753308794737,0.9020696794431918,5050
"[{'P'}, {'X'}, {'V'}]",0.40657833126347664,491,0.885425316371608,0.9020696794431918,5050
"[{'M'}, {'P'}, {'Z'}]",0.4065201281772195,537,0.8858487422955188,0.9020696794431918,5050
"[{'X'}, {'X'}, {'Y'}]",0.40646812376385033,490,0.8855234001432832,0.9020696794431918,5050
"[{'N'}, {'X'}, {'V'}]",0.40642344740754077,499,0.8856417181069959,0.9020696794431918,5050
"[{'X'}, {'V'}, {'X'}]",0.4064023356761448,543,0.8860051581376409,0.9020696794431918,5050
"[{'M'}, {'U'}, {'X'}]",0.4063926064444977,529,0.8859092079292886,0.9020696794431918,5050
"[{'P'}, {'X'}, {'Y'}]",0.40638959188668,500,0.8856827347801036,0.9020696794431918,5050
"[{'M'}, {'T'}, {'T'}]",0.40631608757569737,509,0.8858267716535434,0.9020696794431918,5050
"[{'M'}, {'P'}, {'V'}]",0.40623037576622856,516,0.8859651774378816,0.9020696794431918,5050
"[{'U'}, {'O'}, {'N'}]",0.4061934744168465,491,0.885800312739129,0.9020696794431918,5050
"[{'X'}, {'N'}, {'T'}]",0.406151268617559,503,0.8859396281397485,0.9020696794431918,5050
"[{'T'}, {'Y'}, {'T'}]",0.40614126427543984,500,0.8859253311922923,0.9020696794431918,5050
"[{'P'}, {'T'}, {'W'}, {'Z'}]",0.40610415148189827,101,0.8158730158730159,0.9020696794431918,5050
"[{'T'}, {'Y'}, {'U'}]",0.4060964891740635,502,0.885985521971044,0.9020696794431918,5050
"[{'U'}, {'Y'}, {'O'}]",0.4060813731944203,496,0.885952055240701,0.9020696794431918,5050
"[{'M'}, {'P'}, {'T'}]",0.4060619525832032,531,0.8862433862433863,0.9020696794431918,5050
"[{'V'}, {'V'}, {'U'}]",0.4059851456459833,481,0.8859241126070991,0.9020696794431918,5050
"[{'W'}, {'X'}, {'V'}]",0.4059610845551651,489,0.8860146190987124,0.9020696794431918,5050
"[{'T'}, {'O'}, {'U'}]",0.4059582693050203,482,0.8859594706368901,0.9020696794431918,5050
"[{'W'}, {'P'}, {'V'}]",0.40595560151744947,512,0.8862034701521058,0.9020696794431918,5050
"[{'W'}, {'M'}, {'T'}]",0.4059253455703494,492,0.8860749024019057,0.9020696794431918,5050
"[{'M'}, {'V'}, {'Y'}]",0.4059218856484794,510,0.8862213746328109,0.9020696794431918,5050
"[{'U'}, {'V'}, {'U'}]",0.4058982452995126,486,0.8860530104157845,0.9020696794431918,5050
"[{'U'}, {'M'}, {'P'}]",0.4058025961346289,491,0.8861902382142262,0.9020696794431918,5050
"[{'T'}, {'P'}, {'X'}]",0.40577646197980977,511,0.8863740985115851,0.9020696794431918,5050
"[{'W'}, {'W'}, {'W'}]",0.40573810823941103,512,0.8864202055369768,0.9020696794431918,5050
"[{'U'}, {'N'}, {'O'}]",0.4056724120383606,509,0.8864633543443331,0.9020696794431918,5050
"[{'X'}, {'U'}, {'P'}]",0.40564150363723683,510,0.8865022172949002,0.9020696794431918,5050
"[{'O'}, {'O'}, {'T'}]",0.40563588355390756,549,0.8867919520093434,0.9020696794431918,5050
"[{'N'}, {'P'}, {'Y'}]",0.405541717804188,500,0.8865266393442623,0.9020696794431918,5050
"[{'U'}, {'Z'}, {'P'}]",0.405530263230643,480,0.8863790377230629,0.9020696794431918,5050
"[{'X'}, {'V'}, {'U'}]",0.4054988599320145,509,0.8866394885573983,0.9020696794431918,5050
"[{'O'}, {'P'}, {'M'}]",0.40545386608023914,466,0.8863422465814095,0.9020696794431918,5050
"[{'P'}, {'U'}, {'W'}]",0.40545212967881483,509,0.8866872586872586,0.9020696794431918,5050
"[{'M'}, {'T'}, {'X'}]",0.4054511762969979,518,0.8867554858934169,0.9020696794431918,5050
"[{'M'}, {'M'}, {'W'}]",0.4054307251549282,507,0.8866940630740013,0.9020696794431918,5050
"[{'T'}, {'Y'}, {'M'}]",0.4053687879646417,486,0.8865949699381827,0.9020696794431918,5050
"[{'W'}, {'W'}, {'T'}]",0.40535712352633047,542,0.8870230049832754,0.9020696794431918,5050
"[{'V'}, {'X'}, {'P'}, {'Y'}]",0.40531454449573157,126,0.8208165322580645,0.9020696794431918,5050
"[{'T'}, {'U'}, {'N'}]",0.4051887597922512,511,0.8869741199558445,0.9020696794431918,5050
"[{'V'}, {'P'}, {'P'}]",0.4051792624905389,494,0.886855868706245,0.9020696794431918,5050
"[{'X'}, {'N'}, {'P'}, {'T'}]",0.4051201141362678,106,0.8173076923076923,0.9020696794431918,5050
"[{'Z'}, {'P'}, {'T'}]",0.4050548985593777,496,0.8870023419203747,0.9020696794431918,5050
"[{'X'}, {'W'}, {'W'}]",0.40504815521737114,519,0.8871791825095057,0.9020696794431918,5050
"[{'N'}, {'M'}, {'U'}]",0.4050478398842611,469,0.8867975995635571,0.9020696794431918,5050
"[{'T'}, {'U'}, {'W'}]",0.40504328463913475,525,0.8872269981412639,0.9020696794431918,5050
"[{'Z'}, {'V'}, {'U'}]",0.4049915006797469,493,0.8870468539066874,0.9020696794431918,5050
"[{'Y'}, {'X'}, {'M'}]",0.4049906526896211,489,0.8870171313402755,0.9020696794431918,5050
"[{'N'}, {'O'}, {'U'}, {'T'}, {'W'}]",0.4048961642992084,22,0.7355371900826446,0.9020696794431918,5050
"[{'U'}, {'Y'}, {'T'}]",0.4047612834999508,505,0.8873826903023985,0.9020696794431918,5050
"[{'N'}, {'P'}, {'W'}]",0.40476000763623166,515,0.8874558783600326,0.9020696794431918,5050
"[{'V'}, {'M'}, {'T'}]",0.40475176075837715,513,0.8874505025890953,0.9020696794431918,5050
"[{'W'}, {'P'}, {'Z'}]",0.40473513920855875,497,0.8873522267206477,0.9020696794431918,5050
"[{'N'}, {'P'}, {'P'}]",0.40472736972245915,493,0.887330897600474,0.9020696794431918,5050
"[{'Z'}, {'M'}, {'T'}]",0.40466118756264813,508,0.8875124192747144,0.9020696794431918,5050
"[{'V'}, {'V'}, {'P'}]",0.40466039374927365,495,0.887418633703728,0.9020696794431918,5050
"[{'X'}, {'V'}, {'T'}]",0.40463115019272844,509,0.8875521235521235,0.9020696794431918,5050
"[{'M'}, {'O'}, {'Y'}]",0.4045962902147846,498,0.8875106860009356,0.9020696794431918,5050
"[{'V'}, {'O'}, {'U'}]",0.4045379579564743,475,0.8874022526723582,0.9020696794431918,5050
"[{'T'}, {'W'}, {'P'}]",0.4044922064542956,493,0.8875884773662551,0.9020696794431918,5050
"[{'O'}, {'V'}, {'T'}]",0.4044833761978873,532,0.8878710771840542,0.9020696794431918,5050
"[{'M'}, {'P'}, {'N'}]",0.4044116385670399,526,0.8879090276166164,0.9020696794431918,5050
"[{'T'}, {'T'}, {'W'}]",0.40436013585985175,490,0.8877132764596106,0.9020696794431918,5050
"[{'P'}, {'M'}, {'U'}]",0.4043099433800408,478,0.8876805883898083,0.9020696794431918,5050
"[{'M'}, {'P'}, {'P'}]",0.40429396460116873,518,0.8879844961240311,0.9020696794431918,5050
"[{'M'}, {'N'}, {'P'}]",0.4042642061584868,536,0.8881370091896409,0.9020696794431918,5050
"[{'W'}, {'M'}, {'U'}]",0.40420883562123877,473,0.8877576671694318,0.9020696794431918,5050
"[{'P'}, {'X'}, {'U'}]",0.4041648122443633,493,0.8879549050632912,0.9020696794431918,5050
"[{'W'}, {'N'}, {'V'}]",0.404107252626983,498,0.8880557130131994,0.9020696794431918,5050
"[{'Z'}, {'T'}, {'V'}]",0.4040536322951047,539,0.8883900289216361,0.9020696794431918,5050
"[{'V'}, {'X'}, {'X'}]",0.4039951727982175,502,0.8882113821138211,0.9020696794431918,5050
"[{'P'}, {'O'}, {'T'}]",0.4039808227877957,534,0.888440011783024,0.9020696794431918,5050
"[{'W'}, {'X'}, {'P'}]",0.40398006537694775,511,0.8882900313248571,0.9020696794431918,5050
"[{'Z'}, {'U'}, {'V'}]",0.403901100283118,505,0.8883399209486166,0.9020696794431918,5050
"[{'M'}, {'N'}, {'W'}]",0.40388832424312393,526,0.8884936300666637,0.9020696794431918,5050
"[{'X'}, {'N'}, {'M'}]",0.40385791954478356,489,0.8882791849299027,0.9020696794431918,5050
"[{'Z'}, {'P'}, {'X'}]",0.4038552449874899,507,0.8884063385324242,0.9020696794431918,5050
"[{'U'}, {'M'}, {'U'}]",0.4038015301460953,488,0.8883380185705767,0.9020696794431918,5050
"[{'X'}, {'M'}, {'M'}]",0.40376707043048266,493,0.8884132889927893,0.9020696794431918,5050
"[{'O'}, {'T'}, {'X'}]",0.40375434340678384,533,0.8886916835699797,0.9020696794431918,5050
"[{'M'}, {'P'}, {'M'}]",0.4037306374187938,470,0.8882924706223705,0.9020696794431918,5050
"[{'P'}, {'Y'}, {'T'}]",0.40372236765529823,501,0.8885204081632654,0.9020696794431918,5050
"[{'T'}, {'T'}, {'P'}]",0.4036678750967648,484,0.8884675173815747,0.9020696794431918,5050
"[{'Z'}, {'U'}, {'W'}]",0.40361094326300284,495,0.8886111111111111,0.9020696794431918,5050
"[{'X'}, {'O'}, {'P'}]",0.4035950407323238,532,0.8888700277259096,0.9020696794431918,5050
"[{'W'}, {'N'}, {'T'}, {'Y'}]",0.4035925301775509,131,0.8222703222703222,0.9020696794431918,5050
"[{'P'}, {'W'}, {'U'}]",0.4035598961812831,519,0.8888294711824123,0.9020696794431918,5050
"[{'W'}, {'M'}, {'P'}]",0.40355656809508966,484,0.8886003280481137,0.9020696794431918,5050
"[{'U'}, {'U'}, {'M'}]",0.4034940717069764,500,0.8887839395491802,0.9020696794431918,5050
"[{'X'}, {'M'}, {'N'}]",0.4034558206580223,502,0.8888429752066116,0.9020696794431918,5050
"[{'U'}, {'T'}, {'U'}]",0.40343040322587387,489,0.8887866416811673,0.9020696794431918,5050
"[{'W'}, {'N'}, {'X'}]",0.40340655440717865,513,0.8889733377922354,0.9020696794431918,5050
"[{'M'}, {'U'}, {'V'}]",0.4033912528358379,481,0.8887793914246197,0.9020696794431918,5050
"[{'U'}, {'Z'}, {'N'}]",0.4033838590747897,471,0.8887184669241041,0.9020696794431918,5050
"[{'V'}, {'N'}, {'U'}]",0.403383852386087,498,0.888903240389428,0.9020696794431918,5050
"[{'T'}, {'W'}, {'U'}]",0.4033433565179121,498,0.888952303302079,0.9020696794431918,5050
"[{'U'}, {'N'}, {'W'}]",0.4033210923007321,518,0.8891075821963766,0.9020696794431918,5050
"[{'N'}, {'M'}, {'N'}]",0.4033054544406536,506,0.8890503648836592,0.9020696794431918,5050
"[{'U'}, {'U'}, {'N'}]",0.4032999514862783,496,0.8889919453258482,0.9020696794431918,5050
"[{'W'}, {'N'}, {'U'}]",0.4032466520319038,479,0.8889431802317465,0.9020696794431918,5050
"[{'U'}, {'V'}, {'O'}]",0.403239875157419,488,0.8890124705089316,0.9020696794431918,5050
"[{'Z'}, {'V'}, {'T'}]",0.4032121184677241,517,0.8892333033842468,0.9020696794431918,5050
"[{'T'}, {'W'}, {'Z'}]",0.40320376125029445,494,0.8890967265567314,0.9020696794431918,5050
"[{'U'}, {'N'}, {'U'}]",0.40318743934005985,491,0.8890971153202597,0.9020696794431918,5050
"[{'T'}, {'X'}, {'Y'}]",0.4031522276248959,495,0.8891669119811599,0.9020696794431918,5050
"[{'W'}, {'V'}, {'V'}]",0.4031032102687597,499,0.8892535392535392,0.9020696794431918,5050
"[{'Y'}, {'N'}, {'M'}]",0.4030787207462272,474,0.889118616879066,0.9020696794431918,5050
"[{'N'}, {'X'}, {'Y'}]",0.4030307362387686,539,0.889586776859504,0.9020696794431918,5050
"[{'T'}, {'T'}, {'U'}]",0.4030272385551814,474,0.8891836553013442,0.9020696794431918,5050
"[{'U'}, {'N'}, {'M'}]",0.4029917996320528,476,0.8892421272011162,0.9020696794431918,5050
"[{'O'}, {'X'}, {'P'}]",0.40297836790606567,515,0.8895089285714286,0.9020696794431918,5050
"[{'W'}, {'Z'}, {'P'}]",0.4029245819066427,496,0.8894581889750971,0.9020696794431918,5050
"[{'U'}, {'O'}, {'Y'}]",0.4028711625616682,522,0.8896851503759399,0.9020696794431918,5050
"[{'O'}, {'N'}, {'M'}]",0.40284610848894087,479,0.8894482903293476,0.9020696794431918,5050
"[{'M'}, {'U'}, {'N'}]",0.4028452085645975,500,0.8895841001104159,0.9020696794431918,5050
"[{'O'}, {'W'}, {'W'}]",0.4028401310159192,527,0.8897535667963685,0.9020696794431918,5050
"[{'V'}, {'V'}, {'Y'}]",0.4027999924990411,487,0.8895596590909091,0.9020696794431918,5050
"[{'X'}, {'O'}, {'T'}]",0.4027469967287435,540,0.8899452607317775,0.9020696794431918,5050
"[{'M'}, {'M'}, {'O'}]",0.4027347230298094,489,0.889656672466872,0.9020696794431918,5050
"[{'Z'}, {'X'}, {'P'}]",0.40273426749059904,522,0.8898582654035397,0.9020696794431918,5050
"[{'T'}, {'O'}, {'N'}]",0.40272259274328936,510,0.8898020229431356,0.9020696794431918,5050
"[{'M'}, {'M'}, {'T'}]",0.40271953472232225,517,0.8898476697092427,0.9020696794431918,5050
"[{'M'}, {'O'}, {'P'}]",0.40267989771573187,505,0.8898267854901467,0.9020696794431918,5050
"[{'T'}, {'W'}, {'Y'}]",0.40267223508643735,495,0.8897753653990779,0.9020696794431918,5050
"[{'X'}, {'V'}, {'M'}]",0.40265990981213895,537,0.8900388457269701,0.9020696794431918,5050
"[{'V'}, {'T'}, {'U'}]",0.40263464291914175,468,0.889651376146789,0.9020696794431918,5050
"[{'N'}, {'O'}, {'T'}]",0.4026299849116074,538,0.8900826217145391,0.9020696794431918,5050
"[{'Z'}, {'U'}, {'Y'}]",0.4025542856961569,503,0.8899781098315408,0.9020696794431918,5050
"[{'V'}, {'M'}, {'P'}]",0.4025306292262081,494,0.8899545849523716,0.9020696794431918,5050
"[{'M'}, {'N'}, {'M'}]",0.40252674277204636,528,0.8901595592033518,0.9020696794431918,5050
"[{'P'}, {'O'}, {'Y'}]",0.4025054003488787,510,0.8900838160976211,0.9020696794431918,5050
"[{'O'}, {'M'}, {'T'}]",0.4024987168975078,510,0.8900925925925925,0.9020696794431918,5050
"[{'X'}, {'N'}, {'X'}]",0.4024751947447921,480,0.8899410957237928,0.9020696794431918,5050
"[{'M'}, {'X'}, {'Z'}]",0.4023939788204255,511,0.8902367773677736,0.9020696794431918,5050
"[{'X'}, {'U'}, {'N'}]",0.4023923875582224,509,0.890227286802502,0.9020696794431918,5050
"[{'U'}, {'Z'}, {'V'}]",0.4023693664770366,517,0.8903039030390305,0.9020696794431918,5050
"[{'U'}, {'T'}, {'V'}]",0.4023524176240667,512,0.8902978697430263,0.9020696794431918,5050
"[{'U'}, {'V'}, {'Y'}]",0.4023315938477413,513,0.890331407722712,0.9020696794431918,5050
"[{'O'}, {'O'}, {'Z'}]",0.40229549563414,522,0.8904304674653511,0.9020696794431918,5050
"[{'O'}, {'P'}, {'T'}]",0.402282864050329,529,0.8904859978832347,0.9020696794431918,5050
"[{'X'}, {'M'}, {'Z'}]",0.40223102650533293,512,0.8904609279609279,0.9020696794431918,5050
"[{'P'}, {'V'}, {'V'}]",0.40222107149799124,505,0.8904344272601534,0.9020696794431918,5050
"[{'T'}, {'N'}, {'M'}]",0.4022156706085064,480,0.8902932342575391,0.9020696794431918,5050
"[{'M'}, {'Z'}, {'T'}]",0.4021953443127686,508,0.8904866055501266,0.9020696794431918,5050
"[{'U'}, {'Z'}, {'T'}]",0.40218162441487215,501,0.8904651088654404,0.9020696794431918,5050
"[{'W'}, {'P'}, {'X'}]",0.40218112084476765,488,0.8903892780172413,0.9020696794431918,5050
"[{'M'}, {'P'}, {'T'}, {'U'}, {'W'}]",0.402156107037296,35,0.7549019607843137,0.9020696794431918,5050
"[{'T'}, {'T'}, {'M'}]",0.4021370936458183,497,0.8905030285362615,0.9020696794431918,5050
"[{'P'}, {'P'}, {'W'}]",0.4021253689615236,492,0.8904899611666529,0.9020696794431918,5050
"[{'Z'}, {'W'}, {'Y'}]",0.40208770744209166,478,0.8904586834733893,0.9020696794431918,5050
"[{'U'}, {'X'}, {'Y'}]",0.4020873518407416,537,0.8907921424800646,0.9020696794431918,5050
"[{'M'}, {'M'}, {'X'}]",0.4020849817721813,534,0.8907795638489209,0.9020696794431918,5050
"[{'W'}, {'X'}, {'U'}]",0.4020211838211102,482,0.8905761423512136,0.9020696794431918,5050
"[{'O'}, {'X'}, {'Y'}]",0.4020124442347903,539,0.8909048327547254,0.9020696794431918,5050
"[{'P'}, {'X'}, {'Y'}, {'V'}]",0.4019832446574928,121,0.8213114754098361,0.9020696794431918,5050
"[{'O'}, {'U'}, {'W'}]",0.4019728250766753,535,0.8909385655989714,0.9020696794431918,5050
"[{'W'}, {'N'}, {'M'}]",0.4019654506084541,456,0.890495547812621,0.9020696794431918,5050
"[{'X'}, {'M'}, {'P'}]",0.40195717660068286,541,0.8909911141490088,0.9020696794431918,5050
"[{'X'}, {'P'}, {'N'}]",0.4019535831639903,512,0.8908424908424909,0.9020696794431918,5050
"[{'T'}, {'N'}, {'T'}]",0.4018546380232373,509,0.8909654424298776,0.9020696794431918,5050
"[{'P'}, {'M'}, {'T'}, {'T'}]",0.4018492542465295,96,0.8165577342047929,0.9020696794431918,5050
"[{'W'}, {'W'}, {'P'}]",0.40184636422562425,526,0.8910679162327895,0.9020696794431918,5050
"[{'Z'}, {'Z'}, {'W'}]",0.4018298749746454,509,0.8910006195786866,0.9020696794431918,5050
"[{'M'}, {'M'}, {'P'}, {'M'}]",0.4018044302122027,108,0.8190574475404196,0.9020696794431918,5050
"[{'P'}, {'M'}, {'Y'}]",0.40175718259352566,463,0.8908417785423134,0.9020696794431918,5050
"[{'Z'}, {'P'}, {'W'}]",0.40174585274880814,529,0.8912258064516129,0.9020696794431918,5050
"[{'N'}, {'M'}, {'T'}, {'M'}, {'X'}]",0.4016988931088805,26,0.74375,0.9020696794431918,5050
"[{'Z'}, {'T'}, {'U'}]",0.4016910557599407,495,0.8911238720262511,0.9020696794431918,5050
"[{'X'}, {'M'}, {'T'}]",0.40169038281978375,514,0.8912274307928264,0.9020696794431918,5050
"[{'V'}, {'T'}, {'X'}]",0.4016791474140152,520,0.8912750485048654,0.9020696794431918,5050
"[{'O'}, {'W'}, {'T'}]",0.40165046329021137,533,0.8913827090960292,0.9020696794431918,5050
"[{'X'}, {'O'}, {'X'}]",0.40164900087683253,533,0.8913848153485349,0.9020696794431918,5050
"[{'V'}, {'O'}, {'Z'}]",0.40164476495647183,496,0.8911971085749638,0.9020696794431918,5050
"[{'O'}, {'X'}, {'X'}]",0.40163128685789473,538,0.8914352140158592,0.9020696794431918,5050
"[{'U'}, {'Z'}, {'U'}]",0.40163024316226226,494,0.8912074720865604,0.9020696794431918,5050
"[{'M'}, {'W'}, {'U'}]",0.4016244705895091,496,0.8912269290186194,0.9020696794431918,5050
"[{'X'}, {'Y'}, {'Z'}]",0.4015841957339342,514,0.8913820251937985,0.9020696794431918,5050
"[{'M'}, {'M'}, {'P'}]",0.4015591287789455,520,0.8914497041420119,0.9020696794431918,5050
"[{'P'}, {'W'}, {'M'}]",0.40155435157033303,478,0.8912308958176504,0.9020696794431918,5050
"[{'W'}, {'M'}, {'N'}]",0.4015132383672687,520,0.8915172495413929,0.9020696794431918,5050
"[{'U'}, {'T'}, {'P'}]",0.4015125412586875,464,0.891213389121339,0.9020696794431918,5050
"[{'Y'}, {'M'}, {'V'}]",0.40144786709857305,495,0.8914846377379436,0.9020696794431918,5050
"[{'V'}, {'X'}, {'P'}, {'Z'}]",0.4014355920297631,111,0.8197751322751322,0.9020696794431918,5050
"[{'P'}, {'X'}, {'P'}]",0.40141658734087016,470,0.8913945190095818,0.9020696794431918,5050
"[{'W'}, {'U'}, {'X'}]",0.40138094049160133,509,0.8916589434661724,0.9020696794431918,5050
"[{'V'}, {'U'}, {'W'}]",0.4013797172929777,526,0.8917459352241961,0.9020696794431918,5050
"[{'Z'}, {'P'}, {'M'}]",0.40135654005898636,472,0.8914983391686867,0.9020696794431918,5050
"[{'V'}, {'X'}, {'Y'}, {'Y'}]",0.4013493773222576,121,0.8215654077723044,0.9020696794431918,5050
"[{'W'}, {'Z'}, {'Z'}]",0.4013486973001996,511,0.8917179887857339,0.9020696794431918,5050
"[{'P'}, {'V'}, {'P'}]",0.40132127547586727,515,0.8917797888386123,0.9020696794431918,5050
"[{'V'}, {'P'}, {'T'}]",0.40131867646259245,479,0.8915957001256458,0.9020696794431918,5050
"[{'X'}, {'Y'}, {'O'}]",0.4013133863173066,530,0.8918653056569343,0.9020696794431918,5050
"[{'Z'}, {'T'}, {'N'}]",0.4013110319937232,532,0.8918784679353456,0.9020696794431918,5050
"[{'T'}, {'Y'}, {'Z'}]",0.4012976179273873,478,0.8916229355704934,0.9020696794431918,5050
"[{'T'}, {'X'}, {'N'}]",0.40128488895086745,499,0.891754233747871,0.9020696794431918,5050
"[{'Y'}, {'O'}, {'U'}]",0.4012830489423188,473,0.8916181857358328,0.9020696794431918,5050
"[{'P'}, {'N'}, {'W'}]",0.4012499399690832,517,0.8918987720874513,0.9020696794431918,5050
"[{'X'}, {'Y'}, {'N'}]",0.40124472177005865,522,0.891931216931217,0.9020696794431918,5050
"[{'T'}, {'U'}, {'X'}]",0.40124182840164957,520,0.891925925925926,0.9020696794431918,5050
"[{'W'}, {'W'}, {'V'}, {'P'}, {'Y'}]",0.4012100660811435,21,0.7352941176470588,0.9020696794431918,5050
"[{'V'}, {'T'}, {'Z'}]",0.40120896280023766,500,0.8918770847097117,0.9020696794431918,5050
"[{'V'}, {'Y'}, {'Z'}]",0.4012033870746219,487,0.8918184885290148,0.9020696794431918,5050
"[{'U'}, {'T'}, {'Y'}]",0.40114212741758903,514,0.8920512237629765,0.9020696794431918,5050
"[{'W'}, {'P'}, {'U'}]",0.401136007904236,459,0.8917735734135293,0.9020696794431918,5050
"[{'X'}, {'P'}, {'V'}, {'V'}]",0.4011224290665324,125,0.8223076923076924,0.9020696794431918,5050
"[{'V'}, {'Y'}, {'M'}]",0.4010724209331892,473,0.8919527896995708,0.9020696794431918,5050
"[{'M'}, {'O'}, {'V'}]",0.40106891074295936,491,0.8920524307283888,0.9020696794431918,5050
"[{'M'}, {'Z'}, {'M'}]",0.4010616552101842,481,0.8920124481327801,0.9020696794431918,5050
"[{'Y'}, {'P'}, {'M'}]",0.40091398647464027,444,0.8920547945205478,0.9020696794431918,5050
"[{'W'}, {'T'}, {'P'}, {'P'}]",0.4008752515394939,102,0.8182518290335001,0.9020696794431918,5050
"[{'O'}, {'Z'}, {'U'}, {'W'}]",0.40086701443302897,108,0.8194444444444444,0.9020696794431918,5050
"[{'M'}, {'T'}, {'U'}, {'Z'}, {'Z'}]",0.40008670812991753,30,0.75,0.9020696794431918,5050
"[{'M'}, {'T'}, {'W'}, {'P'}]",0.39896232405309884,102,0.8190586419753086,0.9020696794431918,5050
"[{'T'}, {'T'}, {'N'}, {'Y'}]",0.398601665365378,107,0.8201970443349754,0.9020696794431918,5050
"[{'V'}, {'X'}, {'Y'}, {'Y'}, {'U'}]",0.39856353547275924,25,0.7435897435897436,0.9020696794431918,5050
"[{'X'}, {'M'}, {'P'}, {'Y'}]",0.3982906344324504,121,0.8228021978021978,0.9020696794431918,5050
"[{'O'}, {'O'}, {'Z'}, {'X'}, {'W'}]",0.39787356513018923,27,0.7469135802469136,0.9020696794431918,5050
"[{'X'}, {'M'}, {'U'}, {'T'}]",0.39746222728962366,121,0.8231404958677686,0.9020696794431918,5050
"[{'M'}, {'U'}, {'Z'}, {'W'}]",0.39670599600303524,126,0.8242424242424243,0.9020696794431918,5050
"[{'M'}, {'P'}, {'O'}, {'Y'}, {'V'}]",0.39548614845803276,23,0.7416666666666667,0.9020696794431918,5050
"[{'W'}, {'X'}, {'M'}, {'Y'}]",0.3953046759140334,121,0.8240284619594965,0.9020696794431918,5050
"[{'U'}, {'V'}, {'P'}, {'N'}]",0.3949910620219639,126,0.8249430812041488,0.9020696794431918,5050
"[{'T'}, {'T'}, {'N'}, {'T'}]",0.3941574827911716,103,0.8213178294573642,0.9020696794431918,5050
"[{'M'}, {'V'}, {'P'}, {'Y'}, {'T'}]",0.39384985940201434,23,0.7424242424242424,0.9020696794431918,5050
"[{'O'}, {'M'}, {'X'}, {'W'}]",0.39371606933129333,103,0.8215094339622642,0.9020696794431918,5050
"[{'T'}, {'T'}, {'U'}, {'T'}]",0.39326075909386926,110,0.8230177316828371,0.9020696794431918,5050
"[{'M'}, {'T'}, {'U'}, {'W'}]",0.39294824254760286,137,0.8273657289002557,0.9020696794431918,5050
"[{'M'}, {'P'}, {'M'}, {'V'}]",0.39263228993589494,113,0.8238157040882544,0.9020696794431918,5050
"[{'W'}, {'V'}, {'M'}, {'M'}, {'P'}]",0.3917682347961824,25,0.7466666666666666,0.9020696794431918,5050
"[{'P'}, {'V'}, {'Z'}, {'U'}, {'X'}]",0.39164633119197656,29,0.7523809523809524,0.9020696794431918,5050
"[{'X'}, {'V'}, {'P'}, {'Y'}]",0.39105235912812564,116,0.825,0.9020696794431918,5050
"[{'W'}, {'M'}, {'U'}, {'W'}]",0.38962532808370887,124,0.8268774703557311,0.9020696794431918,5050
"[{'T'}, {'Z'}, {'V'}, {'P'}]",0.38945516026095905,125,0.8271004098360656,0.9020696794431918,5050
"[{'Z'}, {'M'}, {'V'}, {'U'}]",0.3890908522430728,111,0.825,0.9020696794431918,5050
"[{'U'}, {'V'}, {'P'}, {'Y'}]",0.3886868667731651,125,0.827426810477658,0.9020696794431918,5050
"[{'P'}, {'V'}, {'P'}, {'U'}]",0.38836435787894574,122,0.8271103896103896,0.9020696794431918,5050
"[{'V'}, {'X'}, {'W'}, {'W'}, {'Z'}]",0.38777925878933617,26,0.75,0.9020696794431918,5050
"[{'U'}, {'P'}, {'W'}, {'O'}, {'X'}]",0.38777925878933617,26,0.75,0.9020696794431918,5050
"[{'M'}, {'U'}, {'Z'}, {'O'}, {'W'}]",0.3876219129312952,22,0.7435897435897436,0.9020696794431918,5050
"[{'M'}, {'P'}, {'X'}, {'Y'}]",0.38748469939504426,125,0.8279404211607602,0.9020696794431918,5050
"[{'P'}, {'W'}, {'M'}, {'W'}]",0.3854158612093095,112,0.8267942583732057,0.9020696794431918,5050
"[{'V'}, {'T'}, {'P'}, {'M'}, {'X'}]",0.38455700041893537,25,0.75,0.9020696794431918,5050
"[{'U'}, {'M'}, {'W'}, {'T'}, {'V'}]",0.3844892223025632,26,0.7515151515151515,0.9020696794431918,5050
"[{'X'}, {'V'}, {'X'}, {'Y'}]",0.3840068887589997,122,0.8290043290043291,0.9020696794431918,5050
"[{'V'}, {'T'}, {'W'}, {'U'}]",0.3836889287155122,113,0.827733860342556,0.9020696794431918,5050
"[{'M'}, {'O'}, {'U'}, {'Y'}]",0.3832305167085278,122,0.8293469497446923,0.9020696794431918,5050
"[{'W'}, {'N'}, {'T'}, {'P'}]",0.38222664452464616,117,0.8290322580645162,0.9020696794431918,5050
"[{'T'}, {'V'}, {'P'}, {'M'}]",0.3819616221225963,112,0.828351012536162,0.9020696794431918,5050
"[{'M'}, {'T'}, {'P'}, {'M'}]",0.38126372982726087,104,0.8272969881814716,0.9020696794431918,5050
"[{'X'}, {'N'}, {'U'}, {'X'}, {'M'}]",0.3811476476312934,21,0.7448979591836735,0.9020696794431918,5050
"[{'O'}, {'X'}, {'T'}, {'W'}]",0.3795656620119957,129,0.8319711538461538,0.9020696794431918,5050
"[{'T'}, {'N'}, {'M'}, {'Y'}]",0.37879480695217205,112,0.8298076923076924,0.9020696794431918,5050
"[{'V'}, {'X'}, {'P'}, {'X'}]",0.37861287720666215,119,0.8309779536461277,0.9020696794431918,5050
"[{'V'}, {'Y'}, {'M'}, {'T'}]",0.3784482948937533,108,0.8293103448275863,0.9020696794431918,5050
"[{'Z'}, {'T'}, {'Z'}, {'Y'}, {'N'}]",0.3779130212767725,23,0.75,0.9020696794431918,5050
"[{'Y'}, {'O'}, {'W'}, {'P'}, {'V'}]",0.37768338682946956,25,0.7532467532467533,0.9020696794431918,5050
"[{'T'}, {'P'}, {'M'}, {'X'}]",0.3758743911481982,107,0.8303635067712046,0.9020696794431918,5050
"[{'M'}, {'V'}, {'V'}, {'P'}]",0.3758321036427238,117,0.8319672131147542,0.9020696794431918,5050
"[{'X'}, {'M'}, {'V'}, {'P'}]",0.3757060935589718,142,0.8353365384615385,0.9020696794431918,5050
"[{'M'}, {'P'}, {'T'}, {'V'}]",0.375166538033206,143,0.835694608421881,0.9020696794431918,5050
"[{'X'}, {'M'}, {'X'}, {'X'}, {'P'}]",0.3750436304479552,26,0.7559523809523809,0.9020696794431918,5050
"[{'Z'}, {'Z'}, {'T'}, {'V'}, {'T'}]",0.3744826183799004,22,0.75,0.9020696794431918,5050
"[{'W'}, {'M'}, {'O'}, {'T'}]",0.37419378602817355,117,0.832739156268568,0.9020696794431918,5050
"[{'X'}, {'U'}, {'P'}, {'N'}]",0.37377678446645324,121,0.8335155822854019,0.9020696794431918,5050
"[{'W'}, {'M'}, {'O'}, {'X'}]",0.3736649515501804,120,0.8334260289210234,0.9020696794431918,5050
"[{'W'}, {'W'}, {'P'}, {'Y'}]",0.3730750146101376,120,0.8337053571428572,0.9020696794431918,5050
"[{'M'}, {'M'}, {'U'}, {'T'}]",0.37274077453387433,132,0.8354700854700855,0.9020696794431918,5050
"[{'T'}, {'Y'}, {'M'}, {'M'}]",0.3724497465720853,110,0.8325057927838464,0.9020696794431918,5050
"[{'M'}, {'V'}, {'U'}, {'W'}]",0.3723697962220671,119,0.8338983050847458,0.9020696794431918,5050
"[{'V'}, {'Y'}, {'Z'}, {'T'}]",0.37226640668021194,103,0.8314436885865458,0.9020696794431918,5050
"[{'X'}, {'T'}, {'N'}, {'X'}, {'V'}]",0.3722528975872972,20,0.7474747474747475,0.9020696794431918,5050
"[{'V'}, {'W'}, {'M'}, {'O'}, {'Z'}]",0.3722528975872972,20,0.7474747474747475,0.9020696794431918,5050
"[{'W'}, {'T'}, {'W'}, {'U'}]",0.37216495256837623,110,0.8326446280991735,0.9020696794431918,5050
"[{'W'}, {'M'}, {'T'}, {'Y'}]",0.37209250989870335,122,0.8344531040042998,0.9020696794431918,5050
"[{'W'}, {'Z'}, {'W'}, {'N'}, {'P'}]",0.3720305612090261,26,0.757396449704142,0.9020696794431918,5050
"[{'U'}, {'Z'}, {'V'}, {'U'}]",0.37071722940701535,121,0.8349726775956284,0.9020696794431918,5050
"[{'M'}, {'P'}, {'V'}, {'Z'}, {'U'}]",0.3704626739453638,24,0.7552447552447552,0.9020696794431918,5050
"[{'P'}, {'T'}, {'P'}, {'W'}]",0.3702452232370952,103,0.8324528301886793,0.9020696794431918,5050
"[{'T'}, {'Y'}, {'T'}, {'P'}, {'W'}]",0.3698341653020246,24,0.7555555555555555,0.9020696794431918,5050
"[{'U'}, {'N'}, {'O'}, {'P'}]",0.3698308839360206,115,0.8345476624165149,0.9020696794431918,5050
"[{'N'}, {'X'}, {'M'}, {'X'}]",0.3694183750299038,121,0.8356009070294784,0.9020696794431918,5050
"[{'X'}, {'W'}, {'W'}, {'M'}]",0.3692075057221319,128,0.8366300366300367,0.9020696794431918,5050
"[{'M'}, {'Z'}, {'T'}, {'U'}, {'W'}]",0.36920272138878885,25,0.7573529411764706,0.9020696794431918,5050
"[{'Y'}, {'T'}, {'M'}, {'M'}]",0.3687526319374018,103,0.8332075471698114,0.9020696794431918,5050
"[{'V'}, {'P'}, {'X'}, {'P'}]",0.36842011126696095,106,0.8338680926916221,0.9020696794431918,5050
"[{'N'}, {'Y'}, {'P'}, {'T'}]",0.3682526819348263,120,0.8360329639102018,0.9020696794431918,5050
"[{'N'}, {'M'}, {'W'}, {'T'}]",0.3680175882527109,114,0.8352977667493797,0.9020696794431918,5050
"[{'Y'}, {'X'}, {'P'}, {'W'}]",0.3678471356241737,101,0.8333333333333333,0.9020696794431918,5050
"[{'T'}, {'U'}, {'O'}, {'Y'}]",0.3678374233080035,121,0.8363736871199559,0.9020696794431918,5050
"[{'T'}, {'N'}, {'N'}, {'Z'}]",0.3676052274580536,118,0.8360750360750362,0.9020696794431918,5050
"[{'M'}, {'O'}, {'V'}, {'U'}]",0.3674491617548781,113,0.8354350567465322,0.9020696794431918,5050
"[{'V'}, {'X'}, {'V'}, {'W'}, {'U'}]",0.36737943333421696,20,0.75,0.9020696794431918,5050
"[{'T'}, {'Z'}, {'Y'}, {'X'}, {'U'}]",0.3670417914009739,24,0.7569444444444444,0.9020696794431918,5050
"[{'Z'}, {'M'}, {'V'}, {'P'}]",0.36619866804505363,119,0.8369135104578859,0.9020696794431918,5050
"[{'T'}, {'W'}, {'X'}, {'Y'}]",0.3661911935892168,115,0.8363579474342929,0.9020696794431918,5050
"[{'T'}, {'V'}, {'U'}, {'Y'}]",0.36576961820133047,125,0.8379220779220778,0.9020696794431918,5050
"[{'Y'}, {'N'}, {'X'}, {'M'}]",0.3656239973065547,90,0.8325098814229249,0.9020696794431918,5050
"[{'X'}, {'T'}, {'N'}, {'N'}]",0.36471989738168364,122,0.8380566801619433,0.9020696794431918,5050
"[{'W'}, {'W'}, {'M'}, {'Y'}]",0.3643850140450896,112,0.836845466155811,0.9020696794431918,5050
"[{'X'}, {'M'}, {'T'}, {'V'}]",0.36388386439216414,138,0.8404074702886247,0.9020696794431918,5050
"[{'M'}, {'V'}, {'U'}, {'Z'}]",0.36370731309321436,115,0.8376225490196079,0.9020696794431918,5050
"[{'M'}, {'W'}, {'P'}, {'T'}]",0.36326251151757905,116,0.8379904875148633,0.9020696794431918,5050
"[{'V'}, {'X'}, {'U'}, {'X'}]",0.36300199028184865,120,0.8386644219977553,0.9020696794431918,5050
"[{'N'}, {'M'}, {'P'}, {'T'}]",0.36291355698852024,120,0.8387096774193549,0.9020696794431918,5050
"[{'V'}, {'Y'}, {'U'}, {'Z'}, {'X'}]",0.3627508239423347,23,0.7575757575757576,0.9020696794431918,5050
"[{'M'}, {'U'}, {'Y'}, {'T'}]",0.36251388255821904,106,0.8369252873563219,0.9020696794431918,5050
"[{'Z'}, {'X'}, {'Y'}, {'V'}, {'M'}]",0.3621917126022015,21,0.7545454545454545,0.9020696794431918,5050
"[{'P'}, {'X'}, {'W'}, {'N'}, {'Z'}]",0.3621917126022015,21,0.7545454545454545,0.9020696794431918,5050
"[{'M'}, {'U'}, {'M'}, {'N'}]",0.3621730120870206,112,0.8379942140790743,0.9020696794431918,5050
"[{'M'}, {'T'}, {'Y'}, {'Y'}]",0.3621641829723773,130,0.8403421240199572,0.9020696794431918,5050
"[{'T'}, {'Z'}, {'X'}, {'P'}]",0.3621351164244607,117,0.8387096774193549,0.9020696794431918,5050
"[{'M'}, {'U'}, {'W'}, {'P'}]",0.3619932238924345,119,0.8390508862206976,0.9020696794431918,5050
"[{'M'}, {'W'}, {'X'}, {'Y'}]",0.36193862599719506,114,0.8383995037220844,0.9020696794431918,5050
"[{'M'}, {'U'}, {'T'}, {'Y'}]",0.3618062680421831,114,0.838468720821662,0.9020696794431918,5050
"[{'U'}, {'X'}, {'Y'}, {'N'}]",0.36130920596198635,128,0.8405372405372405,0.9020696794431918,5050
"[{'N'}, {'O'}, {'T'}, {'M'}]",0.3610570092060057,122,0.839924670433145,0.9020696794431918,5050
"[{'V'}, {'T'}, {'Z'}, {'W'}, {'U'}]",0.36102939594482175,32,0.7698412698412699,0.9020696794431918,5050
"[{'M'}, {'M'}, {'T'}, {'P'}]",0.36080875628025644,108,0.8381344307270233,0.9020696794431918,5050
"[{'M'}, {'M'}, {'O'}, {'U'}]",0.3606534159086193,120,0.8398774714564189,0.9020696794431918,5050
"[{'V'}, {'P'}, {'Y'}, {'M'}]",0.3604064899056194,101,0.8372734436564223,0.9020696794431918,5050
"[{'N'}, {'T'}, {'Y'}, {'W'}]",0.3602374621071571,123,0.8404761904761905,0.9020696794431918,5050
"[{'M'}, {'T'}, {'M'}, {'P'}]",0.359876373890623,103,0.8378787878787879,0.9020696794431918,5050
"[{'Z'}, {'U'}, {'O'}, {'Y'}, {'O'}]",0.35981751172241627,27,0.7647058823529411,0.9020696794431918,5050
"[{'U'}, {'Z'}, {'T'}, {'N'}]",0.3596649772866414,111,0.8391812865497077,0.9020696794431918,5050
"[{'Z'}, {'X'}, {'V'}, {'T'}]",0.35932377233198687,130,0.8417931688804554,0.9020696794431918,5050
"[{'X'}, {'M'}, {'P'}, {'V'}]",0.3591594446281048,131,0.8419933868682099,0.9020696794431918,5050
"[{'M'}, {'T'}, {'Z'}, {'W'}]",0.3590934415183722,132,0.8421415441176471,0.9020696794431918,5050
"[{'T'}, {'P'}, {'T'}, {'P'}]",0.35886870625937484,101,0.8381180223285486,0.9020696794431918,5050
"[{'U'}, {'P'}, {'O'}, {'Y'}]",0.35874067597307335,121,0.8410099889012208,0.9020696794431918,5050
"[{'M'}, {'T'}, {'M'}, {'X'}]",0.3586019270378299,122,0.8412087912087912,0.9020696794431918,5050
"[{'V'}, {'X'}, {'Y'}, {'U'}]",0.3584048174000658,118,0.8408045977011495,0.9020696794431918,5050
"[{'V'}, {'X'}, {'P'}, {'V'}]",0.3583848653925218,107,0.839298245614035,0.9020696794431918,5050
"[{'T'}, {'Y'}, {'U'}, {'Y'}]",0.35832864816526167,131,0.8424242424242424,0.9020696794431918,5050
"[{'T'}, {'T'}, {'T'}, {'N'}]",0.3582807068646783,126,0.8418663303909205,0.9020696794431918,5050
"[{'W'}, {'M'}, {'P'}, {'Y'}]",0.35774603616700607,102,0.8388975155279503,0.9020696794431918,5050
"[{'M'}, {'O'}, {'X'}, {'N'}]",0.35769379379613975,117,0.8410557184750733,0.9020696794431918,5050
"[{'M'}, {'M'}, {'V'}, {'T'}]",0.35737738714278555,134,0.8432552954292085,0.9020696794431918,5050
"[{'O'}, {'T'}, {'Z'}, {'W'}]",0.3572839840579539,130,0.8428571428571429,0.9020696794431918,5050
"[{'M'}, {'U'}, {'U'}, {'O'}, {'O'}]",0.357238428943467,26,0.7647058823529411,0.9020696794431918,5050
"[{'M'}, {'T'}, {'X'}, {'Y'}]",0.35708900379674113,113,0.8408521303258145,0.9020696794431918,5050
"[{'W'}, {'P'}, {'M'}, {'X'}]",0.35691888450441844,95,0.838235294117647,0.9020696794431918,5050
"[{'V'}, {'O'}, {'Z'}, {'U'}]",0.35654241760906,115,0.8414179104477612,0.9020696794431918,5050
"[{'M'}, {'V'}, {'U'}, {'U'}]",0.35589878557995125,119,0.8422837761447145,0.9020696794431918,5050
"[{'P'}, {'W'}, {'M'}, {'U'}]",0.3557044811990998,128,0.8434676434676435,0.9020696794431918,5050
"[{'M'}, {'V'}, {'Z'}, {'Y'}, {'Y'}]",0.3555682878396953,31,0.7714285714285714,0.9020696794431918,5050
"[{'M'}, {'T'}, {'Y'}, {'P'}]",0.35552673603550156,116,0.8421052631578947,0.9020696794431918,5050
"[{'W'}, {'N'}, {'X'}, {'P'}]",0.3554599030131571,139,0.8447916666666666,0.9020696794431918,5050
"[{'N'}, {'W'}, {'P'}, {'Y'}]",0.35537239107791696,133,0.8442028985507247,0.9020696794431918,5050
"[{'Y'}, {'O'}, {'Z'}, {'M'}, {'P'}]",0.35512840130134427,23,0.7615384615384616,0.9020696794431918,5050
"[{'V'}, {'N'}, {'M'}, {'Z'}]",0.3550697356256546,120,0.8428611658687694,0.9020696794431918,5050
"[{'P'}, {'P'}, {'T'}, {'V'}]",0.35500884190119764,128,0.8438416422287389,0.9020696794431918,5050
"[{'T'}, {'T'}, {'N'}, {'M'}]",0.35493660388940806,106,0.8410714285714285,0.9020696794431918,5050
"[{'V'}, {'T'}, {'P'}, {'X'}]",0.3549046229574532,123,0.8433155080213903,0.9020696794431918,5050
"[{'Y'}, {'M'}, {'V'}, {'U'}]",0.35425428693225536,102,0.8408730158730159,0.9020696794431918,5050
"[{'V'}, {'X'}, {'Y'}, {'O'}]",0.35423385983451594,121,0.8434426229508197,0.9020696794431918,5050
"[{'N'}, {'M'}, {'T'}, {'Y'}]",0.35384720462297115,124,0.8440126050420167,0.9020696794431918,5050
"[{'N'}, {'Y'}, {'O'}, {'N'}, {'P'}]",0.35378920175865736,22,0.7606837606837606,0.9020696794431918,5050
"[{'X'}, {'O'}, {'P'}, {'W'}]",0.35366413900130134,136,0.8454363757495004,0.9020696794431918,5050
"[{'X'}, {'M'}, {'U'}, {'Z'}]",0.35351247745244363,105,0.8417397660818714,0.9020696794431918,5050
"[{'T'}, {'M'}, {'T'}, {'T'}]",0.3532080877431978,119,0.8437681159420289,0.9020696794431918,5050
"[{'T'}, {'Z'}, {'T'}, {'W'}]",0.35319632864723083,128,0.8448275862068966,0.9020696794431918,5050
"[{'X'}, {'U'}, {'N'}, {'X'}]",0.3531349899994545,116,0.8434358818154127,0.9020696794431918,5050
"[{'V'}, {'O'}, {'P'}, {'U'}]",0.35252745657445983,104,0.8421654593976363,0.9020696794431918,5050
"[{'W'}, {'X'}, {'M'}, {'V'}]",0.3522733276272043,111,0.8432786885245902,0.9020696794431918,5050
"[{'N'}, {'X'}, {'P'}, {'T'}]",0.35221611867865077,125,0.845030737704918,0.9020696794431918,5050
"[{'Y'}, {'M'}, {'U'}, {'W'}]",0.3520537066879742,111,0.843404808317089,0.9020696794431918,5050
"[{'U'}, {'V'}, {'T'}, {'P'}]",0.35199675682751586,114,0.8438271604938272,0.9020696794431918,5050
"[{'T'}, {'Y'}, {'O'}, {'X'}]",0.3519859013180472,116,0.8440860215053763,0.9020696794431918,5050
"[{'T'}, {'P'}, {'T'}, {'V'}]",0.3518574725693189,118,0.8444060972102387,0.9020696794431918,5050
"[{'O'}, {'Z'}, {'P'}, {'U'}]",0.3515946903577424,108,0.8432678821879384,0.9020696794431918,5050
"[{'M'}, {'T'}, {'U'}, {'W'}, {'M'}]",0.3510977383954207,26,0.7678571428571429,0.9020696794431918,5050
"[{'T'}, {'N'}, {'T'}, {'P'}]",0.35083400056837966,117,0.8448680351906158,0.9020696794431918,5050
"[{'M'}, {'Z'}, {'T'}, {'T'}]",0.3506661236985841,106,0.8435374149659863,0.9020696794431918,5050
"[{'V'}, {'Y'}, {'U'}, {'Y'}]",0.35007656525621444,110,0.8444223766964581,0.9020696794431918,5050
"[{'T'}, {'T'}, {'M'}, {'T'}, {'N'}]",0.3495859211193647,30,0.7733333333333333,0.9020696794431918,5050
"[{'V'}, {'U'}, {'T'}, {'U'}]",0.34927496999190166,105,0.8442265795206971,0.9020696794431918,5050
"[{'T'}, {'P'}, {'W'}, {'W'}, {'W'}]",0.3488687500452049,20,0.76,0.9020696794431918,5050
"[{'Z'}, {'P'}, {'N'}, {'W'}, {'O'}]",0.3488687500452049,20,0.76,0.9020696794431918,5050
"[{'T'}, {'T'}, {'X'}, {'U'}, {'U'}]",0.3488687500452049,20,0.76,0.9020696794431918,5050
"[{'V'}, {'P'}, {'U'}, {'X'}, {'Y'}]",0.3488687500452049,20,0.76,0.9020696794431918,5050
"[{'W'}, {'M'}, {'T'}, {'T'}]",0.3488608911039389,118,0.8461317227494967,0.9020696794431918,5050
"[{'Y'}, {'M'}, {'P'}, {'V'}]",0.34859900444082415,108,0.8450363196125907,0.9020696794431918,5050
"[{'M'}, {'V'}, {'M'}, {'P'}]",0.34854357890709575,117,0.8461988304093567,0.9020696794431918,5050
"[{'Y'}, {'X'}, {'P'}, {'Z'}]",0.3484766159884587,129,0.8475845410628019,0.9020696794431918,5050
"[{'P'}, {'M'}, {'X'}, {'V'}]",0.34845307073109966,102,0.8443042964130864,0.9020696794431918,5050
"[{'P'}, {'T'}, {'Z'}, {'W'}]",0.3482803137600776,138,0.848606418918919,0.9020696794431918,5050
"[{'T'}, {'T'}, {'P'}, {'M'}]",0.34813210413594353,115,0.8462009803921569,0.9020696794431918,5050
"[{'V'}, {'X'}, {'V'}, {'V'}]",0.348054584009313,115,0.8462469733656174,0.9020696794431918,5050
"[{'M'}, {'U'}, {'V'}, {'Y'}]",0.34794542232212067,120,0.846901917199222,0.9020696794431918,5050
"[{'N'}, {'X'}, {'M'}, {'P'}, {'Z'}]",0.34757845657885356,26,0.7696969696969697,0.9020696794431918,5050
"[{'V'}, {'U'}, {'X'}, {'P'}]",0.3475770084978579,124,0.8475675675675676,0.9020696794431918,5050
"[{'U'}, {'W'}, {'V'}, {'V'}]",0.3474787272423375,90,0.8430836522689994,0.9020696794431918,5050
"[{'W'}, {'T'}, {'T'}, {'T'}]",0.34747844307186937,109,0.845841784989858,0.9020696794431918,5050
"[{'X'}, {'T'}, {'Y'}, {'N'}]",0.3473800775039686,104,0.8452380952380952,0.9020696794431918,5050
"[{'W'}, {'V'}, {'V'}, {'Y'}]",0.34732965405368443,104,0.8452690166975881,0.9020696794431918,5050
"[{'P'}, {'U'}, {'Z'}, {'V'}]",0.34732202361217623,125,0.8478260869565217,0.9020696794431918,5050
"[{'Z'}, {'O'}, {'P'}, {'M'}]",0.3472885566910211,118,0.8470588235294118,0.9020696794431918,5050
"[{'Z'}, {'P'}, {'T'}, {'P'}]",0.3472736445468938,113,0.846469104665826,0.9020696794431918,5050
"[{'V'}, {'V'}, {'V'}, {'P'}]",0.34694559913827716,113,0.8466666666666668,0.9020696794431918,5050
"[{'M'}, {'Y'}, {'Y'}, {'X'}]",0.3468766646032724,124,0.8479791395045633,0.9020696794431918,5050
"[{'Z'}, {'U'}, {'Y'}, {'T'}]",0.3468448333775761,115,0.846969696969697,0.9020696794431918,5050
"[{'V'}, {'P'}, {'U'}, {'W'}]",0.34683640597646404,116,0.8470938897168405,0.9020696794431918,5050
"[{'T'}, {'Z'}, {'X'}, {'V'}]",0.34683286824816617,118,0.8473304473304473,0.9020696794431918,5050
"[{'X'}, {'X'}, {'P'}, {'T'}]",0.3467728547698101,119,0.8474816072439162,0.9020696794431918,5050
"[{'T'}, {'Y'}, {'T'}, {'N'}]",0.3467460487880941,117,0.8472658705216846,0.9020696794431918,5050
"[{'M'}, {'T'}, {'Y'}, {'X'}]",0.3465092739943876,118,0.8475241545893719,0.9020696794431918,5050
"[{'U'}, {'N'}, {'X'}, {'M'}]",0.34635940674916177,101,0.8454545454545455,0.9020696794431918,5050
"[{'N'}, {'M'}, {'X'}, {'Y'}]",0.3462386630191727,123,0.8482479784366577,0.9020696794431918,5050
"[{'V'}, {'V'}, {'V'}, {'U'}]",0.3461820409431764,127,0.8487103174603176,0.9020696794431918,5050
"[{'X'}, {'V'}, {'X'}, {'U'}]",0.3460564407803379,121,0.8481359649122808,0.9020696794431918,5050
"[{'T'}, {'U'}, {'Z'}, {'N'}]",0.3460349889519143,112,0.8470967741935483,0.9020696794431918,5050
"[{'T'}, {'U'}, {'Z'}, {'Y'}, {'O'}]",0.34600681115850074,25,0.7692307692307692,0.9020696794431918,5050
"[{'W'}, {'V'}, {'P'}, {'V'}]",0.34596545159638703,116,0.8476190476190476,0.9020696794431918,5050
"[{'U'}, {'V'}, {'M'}, {'P'}]",0.3457413737814987,116,0.847754980672019,0.9020696794431918,5050
"[{'M'}, {'V'}, {'V'}, {'P'}, {'X'}]",0.3455787129848711,23,0.7666666666666666,0.9020696794431918,5050
"[{'M'}, {'Y'}, {'U'}, {'M'}, {'M'}]",0.34542789887295056,21,0.7636363636363637,0.9020696794431918,5050
"[{'O'}, {'X'}, {'Z'}, {'P'}, {'M'}]",0.34542789887295056,21,0.7636363636363637,0.9020696794431918,5050
"[{'V'}, {'O'}, {'N'}, {'O'}]",0.34508378136789364,108,0.8471840659340659,0.9020696794431918,5050
"[{'W'}, {'N'}, {'Y'}, {'U'}]",0.3450448149135087,115,0.8480629539951573,0.9020696794431918,5050
"[{'Z'}, {'T'}, {'T'}, {'N'}]",0.3450424723458566,109,0.8473360655737705,0.9020696794431918,5050
"[{'T'}, {'U'}, {'Y'}, {'T'}]",0.34491745479435776,115,0.8481411468178954,0.9020696794431918,5050
"[{'T'}, {'T'}, {'W'}, {'N'}]",0.3445038707547037,116,0.8485119047619047,0.9020696794431918,5050
"[{'M'}, {'V'}, {'P'}, {'U'}]",0.3444194997269667,115,0.8484479610468655,0.9020696794431918,5050
"[{'Y'}, {'Z'}, {'P'}, {'T'}]",0.34426229577751155,122,0.8493300519551544,0.9020696794431918,5050
"[{'Z'}, {'T'}, {'N'}, {'N'}]",0.34425169965238767,117,0.8487819370172311,0.9020696794431918,5050
"[{'T'}, {'U'}, {'Z'}, {'X'}, {'M'}]",0.3441745506920152,27,0.7727272727272728,0.9020696794431918,5050
"[{'P'}, {'M'}, {'M'}, {'W'}]",0.34414989842740684,107,0.8476425052779732,0.9020696794431918,5050
"[{'N'}, {'M'}, {'P'}, {'Z'}]",0.34391431898397695,133,0.8506642235455795,0.9020696794431918,5050
"[{'W'}, {'P'}, {'Y'}, {'T'}]",0.34374946841487675,114,0.848747293535416,0.9020696794431918,5050
"[{'W'}, {'Y'}, {'P'}, {'Y'}]",0.3437138407928022,112,0.8485331632653061,0.9020696794431918,5050
"[{'Y'}, {'M'}, {'T'}, {'T'}]",0.3434521925012465,116,0.8491636798088411,0.9020696794431918,5050
"[{'M'}, {'M'}, {'T'}, {'U'}]",0.3430034294584743,120,0.8498883928571429,0.9020696794431918,5050
"[{'Z'}, {'P'}, {'U'}, {'N'}]",0.3429547075982339,138,0.8517094017094018,0.9020696794431918,5050
"[{'T'}, {'P'}, {'P'}, {'Z'}]",0.3428809421064264,127,0.8506979062811565,0.9020696794431918,5050
"[{'M'}, {'Z'}, {'T'}, {'N'}, {'P'}]",0.342859041017332,22,0.7666666666666666,0.9020696794431918,5050
"[{'V'}, {'O'}, {'O'}, {'Z'}]",0.3428522708510512,116,0.8495391019922689,0.9020696794431918,5050
"[{'P'}, {'O'}, {'Z'}, {'T'}]",0.3428200670214855,104,0.8481060606060606,0.9020696794431918,5050
"[{'P'}, {'M'}, {'N'}, {'X'}]",0.34266271836885565,108,0.848713550600343,0.9020696794431918,5050
"[{'P'}, {'M'}, {'N'}, {'Z'}]",0.3425017383733254,111,0.8491803278688524,0.9020696794431918,5050
"[{'W'}, {'W'}, {'P'}, {'M'}]",0.34243209231633087,128,0.85107421875,0.9020696794431918,5050
"[{'X'}, {'T'}, {'U'}, {'N'}]",0.34207811365040386,113,0.849685534591195,0.9020696794431918,5050
"[{'M'}, {'U'}, {'X'}, {'Y'}]",0.34195910812234054,126,0.8511663286004056,0.9020696794431918,5050
"[{'M'}, {'W'}, {'Z'}, {'U'}]",0.3419186546770775,119,0.850459242250287,0.9020696794431918,5050
"[{'W'}, {'V'}, {'Z'}, {'V'}]",0.3419087439368257,112,0.8496774193548388,0.9020696794431918,5050
"[{'M'}, {'W'}, {'N'}, {'P'}]",0.3418478668563639,123,0.8509283819628647,0.9020696794431918,5050
"[{'V'}, {'Y'}, {'T'}, {'Y'}]",0.3417462168897989,101,0.8484126984126984,0.9020696794431918,5050
"[{'Z'}, {'T'}, {'N'}, {'Y'}]",0.3416917672068862,136,0.8522923875432526,0.9020696794431918,5050
"[{'M'}, {'P'}, {'N'}, {'V'}]",0.34166521265435623,135,0.8522167487684729,0.9020696794431918,5050
"[{'X'}, {'P'}, {'M'}, {'X'}]",0.34162499384315737,108,0.8493827160493828,0.9020696794431918,5050
"[{'T'}, {'M'}, {'N'}, {'M'}]",0.34160462411106374,131,0.8518779342723004,0.9020696794431918,5050
"[{'U'}, {'Z'}, {'P'}, {'U'}]",0.3415517551986833,109,0.8495514147688059,0.9020696794431918,5050
"[{'X'}, {'M'}, {'O'}, {'Y'}]",0.34140844039423246,117,0.850564468211527,0.9020696794431918,5050
"[{'W'}, {'M'}, {'X'}, {'U'}]",0.34099454661873585,119,0.8510457885811192,0.9020696794431918,5050
"[{'M'}, {'Z'}, {'Y'}, {'Y'}]",0.34086993337423255,124,0.8516469038208168,0.9020696794431918,5050
"[{'N'}, {'N'}, {'P'}, {'Y'}]",0.3408695994540505,107,0.8497536945812808,0.9020696794431918,5050
"[{'U'}, {'T'}, {'Z'}, {'V'}]",0.3408641338998357,126,0.8518518518518519,0.9020696794431918,5050
"[{'N'}, {'M'}, {'T'}, {'Z'}]",0.34085278641530004,119,0.8511363636363636,0.9020696794431918,5050
"[{'W'}, {'P'}, {'P'}, {'P'}]",0.3408018745906949,98,0.8486373165618449,0.9020696794431918,5050
"[{'Z'}, {'Y'}, {'P'}, {'M'}]",0.34066461840780937,110,0.8502479338842976,0.9020696794431918,5050
"[{'Y'}, {'N'}, {'M'}, {'Y'}]",0.34061184592095906,126,0.8520111307867442,0.9020696794431918,5050
"[{'W'}, {'P'}, {'M'}, {'V'}]",0.3406068885785727,116,0.8509687034277198,0.9020696794431918,5050
"[{'T'}, {'M'}, {'Y'}, {'M'}]",0.34045237443214416,105,0.8497822931785195,0.9020696794431918,5050
"[{'W'}, {'V'}, {'Y'}, {'O'}]",0.34035062956402473,114,0.8509124652025982,0.9020696794431918,5050
"[{'V'}, {'P'}, {'X'}, {'Y'}]",0.34008832602650485,109,0.8505084745762712,0.9020696794431918,5050
"[{'V'}, {'X'}, {'Y'}, {'V'}]",0.3400323299558642,112,0.8508939974457215,0.9020696794431918,5050
"[{'N'}, {'N'}, {'U'}, {'W'}, {'Y'}]",0.3398448834493947,23,0.7698412698412698,0.9020696794431918,5050
"[{'U'}, {'X'}, {'N'}, {'Z'}]",0.339830601644568,127,0.852605459057072,0.9020696794431918,5050
"[{'M'}, {'V'}, {'U'}, {'Y'}]",0.3397763612913952,124,0.85234375,0.9020696794431918,5050
"[{'X'}, {'W'}, {'V'}, {'Y'}]",0.33950767346482214,114,0.8514637904468413,0.9020696794431918,5050
"[{'M'}, {'T'}, {'N'}, {'P'}, {'M'}]",0.3394367907072987,22,0.768595041322314,0.9020696794431918,5050
"[{'Y'}, {'P'}, {'Y'}, {'T'}]",0.33935771423111694,114,0.8515625,0.9020696794431918,5050
"[{'N'}, {'M'}, {'V'}, {'P'}]",0.3392829405096103,127,0.8529557873820169,0.9020696794431918,5050
"[{'W'}, {'M'}, {'U'}, {'X'}]",0.33924643431807266,103,0.8503401360544217,0.9020696794431918,5050
"[{'N'}, {'M'}, {'P'}, {'M'}]",0.33911953974729947,108,0.8510344827586207,0.9020696794431918,5050
"[{'U'}, {'V'}, {'N'}, {'U'}]",0.33911953974729947,108,0.8510344827586207,0.9020696794431918,5050
"[{'U'}, {'M'}, {'M'}, {'U'}]",0.3389840612326034,97,0.8497386759581882,0.9020696794431918,5050
"[{'M'}, {'M'}, {'O'}, {'T'}]",0.33888563718568465,117,0.852199413489736,0.9020696794431918,5050
"[{'O'}, {'X'}, {'V'}, {'T'}]",0.33877244234205983,136,0.854112554112554,0.9020696794431918,5050
"[{'T'}, {'U'}, {'N'}, {'O'}]",0.33862659623628666,123,0.8529878371232151,0.9020696794431918,5050
"[{'V'}, {'N'}, {'P'}, {'X'}]",0.3386214752914717,120,0.8526872737399054,0.9020696794431918,5050
"[{'T'}, {'T'}, {'P'}, {'W'}]",0.3385042514393497,115,0.852236925015753,0.9020696794431918,5050
"[{'Z'}, {'P'}, {'M'}, {'N'}]",0.33844644822059644,125,0.8533026113671276,0.9020696794431918,5050
"[{'U'}, {'O'}, {'Y'}, {'N'}]",0.3383742341347644,112,0.851993620414673,0.9020696794431918,5050
"[{'V'}, {'T'}, {'P'}, {'P'}]",0.3383742341347644,112,0.851993620414673,0.9020696794431918,5050
"[{'T'}, {'T'}, {'N'}, {'W'}]",0.33827996193534604,99,0.8504901960784313,0.9020696794431918,5050
"[{'M'}, {'X'}, {'Y'}, {'Z'}]",0.3379956122479182,124,0.8534998698933125,0.9020696794431918,5050
"[{'U'}, {'X'}, {'M'}, {'V'}]",0.3379803264478499,123,0.853411513859275,0.9020696794431918,5050
"[{'W'}, {'T'}, {'V'}, {'Y'}]",0.3378989327363491,116,0.852747909199522,0.9020696794431918,5050
"[{'O'}, {'U'}, {'N'}, {'O'}]",0.33782080922411895,123,0.8535166578529879,0.9020696794431918,5050
"[{'Z'}, {'X'}, {'V'}, {'P'}, {'V'}]",0.3377064365272461,26,0.7749999999999999,0.9020696794431918,5050
"[{'V'}, {'Y'}, {'M'}, {'M'}]",0.3376634102289968,106,0.8517850703209521,0.9020696794431918,5050
"[{'V'}, {'P'}, {'M'}, {'Y'}]",0.33756412493327304,101,0.851242983159583,0.9020696794431918,5050
"[{'W'}, {'P'}, {'V'}, {'Z'}]",0.3372011774272917,117,0.8533215755437977,0.9020696794431918,5050
"[{'V'}, {'P'}, {'M'}, {'O'}]",0.3370715616572617,100,0.851461038961039,0.9020696794431918,5050
"[{'T'}, {'N'}, {'P'}, {'U'}]",0.3370715616572617,100,0.851461038961039,0.9020696794431918,5050
"[{'X'}, {'V'}, {'U'}, {'X'}]",0.33681909828766243,128,0.854656862745098,0.9020696794431918,5050
"[{'X'}, {'T'}, {'N'}, {'Y'}]",0.3366205878325743,135,0.8554137323943662,0.9020696794431918,5050
"[{'X'}, {'W'}, {'Z'}, {'P'}, {'M'}]",0.33632909246277287,26,0.7757575757575756,0.9020696794431918,5050
"[{'T'}, {'U'}, {'T'}, {'M'}, {'Z'}]",0.33632909246277265,26,0.7757575757575758,0.9020696794431918,5050
"[{'U'}, {'Z'}, {'M'}, {'P'}]",0.33631657678930305,109,0.8530612244897959,0.9020696794431918,5050
"[{'Y'}, {'V'}, {'X'}, {'M'}]",0.3358469282867781,97,0.8519480519480519,0.9020696794431918,5050
"[{'X'}, {'M'}, {'T'}, {'X'}]",0.3357910313811667,125,0.8550649350649351,0.9020696794431918,5050
"[{'Y'}, {'Z'}, {'P'}, {'M'}]",0.33571069475745186,101,0.8525490196078431,0.9020696794431918,5050
"[{'W'}, {'N'}, {'T'}, {'V'}]",0.3356665704749129,127,0.8553349875930522,0.9020696794431918,5050
"[{'P'}, {'M'}, {'T'}, {'X'}]",0.33566306092690223,116,0.8542668269230769,0.9020696794431918,5050
"[{'T'}, {'V'}, {'P'}, {'T'}]",0.3356105761171244,106,0.8532142857142858,0.9020696794431918,5050
"[{'M'}, {'M'}, {'N'}, {'P'}]",0.3354811730492725,145,0.8569794050343249,0.9020696794431918,5050
"[{'Y'}, {'M'}, {'V'}, {'W'}]",0.3353462177348535,95,0.8520499108734403,0.9020696794431918,5050
"[{'T'}, {'N'}, {'T'}, {'M'}]",0.33486053256773085,115,0.8547215496368038,0.9020696794431918,5050
"[{'V'}, {'O'}, {'V'}, {'V'}]",0.334606803649555,106,0.8539285714285714,0.9020696794431918,5050
"[{'X'}, {'U'}, {'N'}, {'Y'}]",0.33458279005434266,127,0.856071964017991,0.9020696794431918,5050
"[{'X'}, {'W'}, {'Z'}, {'W'}]",0.3345769601743208,128,0.8561660561660562,0.9020696794431918,5050
"[{'M'}, {'T'}, {'X'}, {'U'}]",0.3345013483278342,120,0.8554720133667503,0.9020696794431918,5050
"[{'Y'}, {'Z'}, {'T'}, {'M'}]",0.3343679254787677,98,0.8531497705465165,0.9020696794431918,5050
"[{'X'}, {'M'}, {'O'}, {'M'}]",0.3343049912504118,115,0.8551119177253478,0.9020696794431918,5050
"[{'X'}, {'U'}, {'N'}, {'O'}]",0.33426964081117494,119,0.8555363321799309,0.9020696794431918,5050
"[{'W'}, {'P'}, {'V'}, {'Y'}]",0.33397993821167815,121,0.8559322033898306,0.9020696794431918,5050
"[{'N'}, {'X'}, {'O'}, {'X'}]",0.33387768746020663,115,0.8554143980641258,0.9020696794431918,5050
"[{'U'}, {'U'}, {'N'}, {'M'}]",0.3338313007842926,115,0.8554473524041387,0.9020696794431918,5050
"[{'M'}, {'W'}, {'N'}, {'W'}]",0.3335409090613056,110,0.8551354968216796,0.9020696794431918,5050
"[{'M'}, {'U'}, {'M'}, {'M'}]",0.3334910855466814,113,0.855485893416928,0.9020696794431918,5050
"[{'V'}, {'W'}, {'U'}, {'Y'}]",0.3334531450586059,115,0.8557168784029038,0.9020696794431918,5050
"[{'X'}, {'V'}, {'Y'}, {'Y'}]",0.33327948941682173,132,0.8574074074074075,0.9020696794431918,5050
"[{'W'}, {'P'}, {'X'}, {'V'}]",0.3332637597566158,116,0.855952380952381,0.9020696794431918,5050
"[{'N'}, {'U'}, {'O'}, {'N'}, {'U'}]",0.33289909584149113,20,0.7692307692307693,0.9020696794431918,5050
"[{'V'}, {'Z'}, {'M'}, {'U'}]",0.3328575120239645,97,0.8541480820695807,0.9020696794431918,5050
"[{'X'}, {'W'}, {'M'}, {'T'}]",0.33268198505558877,125,0.857216230097586,0.9020696794431918,5050
"[{'Z'}, {'X'}, {'O'}, {'P'}]",0.33261742466341926,128,0.8575268817204301,0.9020696794431918,5050
"[{'M'}, {'P'}, {'Y'}, {'T'}]",0.33244571578721516,113,0.8562421185372006,0.9020696794431918,5050
"[{'Y'}, {'O'}, {'Y'}, {'Z'}]",0.3320798175198453,115,0.856709168184578,0.9020696794431918,5050
"[{'U'}, {'Z'}, {'N'}, {'W'}]",0.3320556366599796,123,0.8574828133262824,0.9020696794431918,5050
"[{'T'}, {'Y'}, {'Y'}, {'Z'}, {'T'}]",0.3316167003072479,20,0.77,0.9020696794431918,5050
"[{'U'}, {'W'}, {'W'}, {'M'}]",0.3314990697927589,121,0.8577030812324931,0.9020696794431918,5050
"[{'T'}, {'V'}, {'P'}, {'N'}]",0.3314617464718028,121,0.8577302631578947,0.9020696794431918,5050
"[{'Z'}, {'U'}, {'M'}, {'V'}]",0.3314549022247927,125,0.858094262295082,0.9020696794431918,5050
"[{'W'}, {'M'}, {'N'}, {'W'}]",0.3313934887779848,127,0.8583126550868487,0.9020696794431918,5050
"[{'U'}, {'O'}, {'X'}, {'U'}]",0.3313934887779848,127,0.8583126550868487,0.9020696794431918,5050
"[{'T'}, {'O'}, {'U'}, {'M'}]",0.33129575249813703,96,0.8552173913043478,0.9020696794431918,5050
"[{'U'}, {'V'}, {'N'}, {'U'}, {'T'}]",0.33102749416542254,24,0.7762237762237763,0.9020696794431918,5050
"[{'Z'}, {'Y'}, {'M'}, {'T'}, {'V'}]",0.33102749416542254,24,0.7762237762237763,0.9020696794431918,5050
"[{'M'}, {'M'}, {'V'}, {'N'}, {'X'}]",0.330996654500993,30,0.783068783068783,0.9020696794431918,5050
"[{'P'}, {'O'}, {'N'}, {'O'}]",0.330917317669436,122,0.8582189938122141,0.9020696794431918,5050
"[{'N'}, {'P'}, {'M'}, {'T'}]",0.33089652044412443,100,0.856,0.9020696794431918,5050
"[{'Y'}, {'O'}, {'Z'}, {'T'}]",0.33082075800327226,118,0.8579234972677595,0.9020696794431918,5050
"[{'U'}, {'V'}, {'V'}, {'Z'}]",0.33070175083063347,114,0.8576302729528535,0.9020696794431918,5050
"[{'P'}, {'T'}, {'T'}, {'Y'}]",0.33053433211196004,100,0.856280193236715,0.9020696794431918,5050
"[{'Z'}, {'P'}, {'O'}, {'T'}]",0.3304982824689492,138,0.8598484848484849,0.9020696794431918,5050
"[{'T'}, {'V'}, {'M'}, {'Z'}]",0.33032565285962867,113,0.8578154425612053,0.9020696794431918,5050
"[{'X'}, {'T'}, {'U'}, {'Y'}]",0.33030154415106705,113,0.8578336557059961,0.9020696794431918,5050
"[{'X'}, {'M'}, {'T'}, {'P'}, {'M'}]",0.33023584281576435,20,0.7708333333333334,0.9020696794431918,5050
"[{'O'}, {'O'}, {'Z'}, {'T'}, {'O'}]",0.33023584281576435,20,0.7708333333333334,0.9020696794431918,5050
"[{'X'}, {'N'}, {'O'}, {'T'}]",0.3300623262842821,121,0.8587617468214483,0.9020696794431918,5050
"[{'W'}, {'O'}, {'O'}, {'T'}]",0.3299542358193114,139,0.8603154836031549,0.9020696794431918,5050
"[{'M'}, {'T'}, {'P'}, {'W'}]",0.3299542174580363,107,0.8574929971988795,0.9020696794431918,5050
"[{'P'}, {'X'}, {'P'}, {'V'}]",0.3298885734114071,114,0.8582434514637904,0.9020696794431918,5050
"[{'N'}, {'X'}, {'Y'}, {'Y'}]",0.32986843038879776,120,0.8588169642857143,0.9020696794431918,5050
"[{'N'}, {'T'}, {'U'}, {'T'}]",0.32979522132090733,124,0.859224564142597,0.9020696794431918,5050
"[{'M'}, {'W'}, {'M'}, {'T'}]",0.3296646871095431,113,0.8583175205566097,0.9020696794431918,5050
"[{'M'}, {'T'}, {'N'}, {'V'}]",0.3296559226764144,121,0.859065934065934,0.9020696794431918,5050
"[{'W'}, {'X'}, {'N'}, {'P'}]",0.3296500223717106,122,0.8591587516960651,0.9020696794431918,5050
"[{'U'}, {'T'}, {'P'}, {'Z'}, {'X'}]",0.32959630314141986,29,0.7828282828282828,0.9020696794431918,5050
"[{'T'}, {'M'}, {'X'}, {'Y'}]",0.32946044253339246,106,0.8577712609970675,0.9020696794431918,5050
"[{'T'}, {'W'}, {'Z'}, {'W'}]",0.32940549758735704,128,0.8598522167487685,0.9020696794431918,5050
"[{'V'}, {'N'}, {'Z'}, {'U'}]",0.32917813397841544,111,0.8584967320261437,0.9020696794431918,5050
"[{'P'}, {'M'}, {'T'}, {'W'}]",0.32912285301045296,116,0.8590163934426229,0.9020696794431918,5050
"[{'O'}, {'U'}, {'W'}, {'V'}]",0.3290763382612848,115,0.8589588377723971,0.9020696794431918,5050
"[{'X'}, {'Z'}, {'T'}, {'V'}]",0.32891984834411514,128,0.8602150537634409,0.9020696794431918,5050
"[{'X'}, {'T'}, {'M'}, {'Y'}]",0.3287694337826712,120,0.8596491228070176,0.9020696794431918,5050
"[{'U'}, {'V'}, {'M'}, {'Z'}]",0.3287352289223714,105,0.8582361516034986,0.9020696794431918,5050
"[{'T'}, {'Y'}, {'T'}, {'X'}]",0.32866708825519664,110,0.8587962962962963,0.9020696794431918,5050
"[{'T'}, {'T'}, {'M'}, {'T'}]",0.32855901029279744,129,0.8605675146771037,0.9020696794431918,5050
"[{'V'}, {'Y'}, {'N'}, {'U'}]",0.32852775420964564,105,0.8584005869405723,0.9020696794431918,5050
"[{'W'}, {'M'}, {'M'}, {'X'}]",0.3285108046358902,126,0.8603592208449279,0.9020696794431918,5050
"[{'W'}, {'V'}, {'M'}, {'Y'}, {'T'}]",0.3284223210912043,22,0.775,0.9020696794431918,5050
"[{'N'}, {'N'}, {'P'}, {'T'}]",0.3284096243259599,131,0.8608391608391609,0.9020696794431918,5050
"[{'V'}, {'Y'}, {'P'}, {'V'}, {'V'}]",0.32834776616088757,24,0.7777777777777778,0.9020696794431918,5050
"[{'W'}, {'W'}, {'N'}, {'P'}, {'Y'}]",0.32834776616088746,24,0.7777777777777779,0.9020696794431918,5050
"[{'N'}, {'P'}, {'O'}, {'Z'}]",0.3283146686217454,117,0.8597311513734658,0.9020696794431918,5050
"[{'M'}, {'Z'}, {'V'}, {'W'}]",0.3282782982134256,112,0.8592948717948719,0.9020696794431918,5050
"[{'N'}, {'M'}, {'W'}, {'Y'}]",0.3282094792696493,122,0.8602526202633701,0.9020696794431918,5050
"[{'V'}, {'U'}, {'M'}, {'N'}, {'X'}]",0.3280346517539636,25,0.7792207792207793,0.9020696794431918,5050
"[{'W'}, {'Y'}, {'O'}, {'T'}]",0.3279513519351881,128,0.8609481915933529,0.9020696794431918,5050
"[{'U'}, {'Y'}, {'U'}, {'T'}]",0.32794129194194677,118,0.8601112086625694,0.9020696794431918,5050
"[{'M'}, {'T'}, {'T'}, {'M'}]",0.3278950386213695,114,0.859784283513097,0.9020696794431918,5050
"[{'M'}, {'W'}, {'V'}, {'P'}]",0.32770785971196315,122,0.8606403013182675,0.9020696794431918,5050
"[{'U'}, {'P'}, {'M'}, {'V'}]",0.32760096873876265,118,0.8603773584905661,0.9020696794431918,5050
"[{'P'}, {'V'}, {'M'}, {'T'}]",0.3275063703618818,117,0.8603629976580796,0.9020696794431918,5050
"[{'M'}, {'U'}, {'N'}, {'T'}]",0.3275001298292388,128,0.8612942612942613,0.9020696794431918,5050
"[{'T'}, {'N'}, {'Y'}, {'N'}]",0.3274542976311072,116,0.8603145235892692,0.9020696794431918,5050
"[{'T'}, {'N'}, {'M'}, {'O'}]",0.32744037525247127,105,0.8592727272727273,0.9020696794431918,5050
"[{'X'}, {'Y'}, {'O'}, {'U'}]",0.32727441566043836,126,0.8613083164300203,0.9020696794431918,5050
"[{'W'}, {'T'}, {'Y'}, {'X'}]",0.3271681977245956,116,0.8605411834671425,0.9020696794431918,5050
"[{'W'}, {'P'}, {'P'}, {'Y'}]",0.3271152566643042,109,0.8599326599326598,0.9020696794431918,5050
"[{'Z'}, {'P'}, {'P'}, {'P'}]",0.32708350590140556,110,0.8600543478260869,0.9020696794431918,5050
"[{'M'}, {'U'}, {'W'}, {'M'}]",0.32707247091474545,135,0.8621597892888498,0.9020696794431918,5050
"[{'N'}, {'M'}, {'U'}, {'Y'}]",0.32701904300037776,124,0.8613445378151261,0.9020696794431918,5050
"[{'Z'}, {'P'}, {'O'}, {'T'}, {'Z'}]",0.32699203546366273,24,0.7785714285714286,0.9020696794431918,5050
"[{'P'}, {'M'}, {'N'}, {'T'}]",0.3269033802883685,119,0.8610149942329873,0.9020696794431918,5050
"[{'X'}, {'U'}, {'V'}, {'P'}]",0.32687571507415947,125,0.8615384615384616,0.9020696794431918,5050
"[{'Z'}, {'P'}, {'V'}, {'W'}]",0.32686531245661266,135,0.8623188405797101,0.9020696794431918,5050
"[{'O'}, {'Z'}, {'M'}, {'T'}]",0.3268609528231994,107,0.8599439775910364,0.9020696794431918,5050
"[{'X'}, {'M'}, {'V'}, {'M'}]",0.32684381349244174,124,0.8614820633673737,0.9020696794431918,5050
"[{'U'}, {'M'}, {'T'}, {'V'}]",0.326676133111651,127,0.8618551587301587,0.9020696794431918,5050
"[{'V'}, {'X'}, {'P'}, {'W'}]",0.32645462108100365,114,0.8609335038363172,0.9020696794431918,5050
"[{'M'}, {'O'}, {'N'}, {'W'}]",0.32637285725541654,116,0.8611778846153846,0.9020696794431918,5050
"[{'U'}, {'U'}, {'M'}, {'V'}]",0.32624147663266456,120,0.8616282300639067,0.9020696794431918,5050
"[{'T'}, {'T'}, {'T'}, {'T'}]",0.32622095391150263,109,0.8606612685560053,0.9020696794431918,5050
"[{'T'}, {'Y'}, {'W'}, {'V'}]",0.3261819445658656,105,0.8603047895500726,0.9020696794431918,5050
"[{'Y'}, {'O'}, {'P'}, {'Z'}]",0.3261585685530216,115,0.8612629022465088,0.9020696794431918,5050
"[{'M'}, {'M'}, {'T'}, {'O'}]",0.3260660470273521,132,0.8627180899908172,0.9020696794431918,5050
"[{'U'}, {'N'}, {'P'}, {'T'}]",0.3260143808496504,115,0.8613801452784503,0.9020696794431918,5050
"[{'N'}, {'X'}, {'P'}, {'O'}]",0.3260134714081907,112,0.8611111111111112,0.9020696794431918,5050
"[{'U'}, {'M'}, {'U'}, {'X'}]",0.3260051983424721,120,0.8618181818181818,0.9020696794431918,5050
"[{'W'}, {'N'}, {'V'}, {'Y'}]",0.3259597034043137,125,0.86226318484383,0.9020696794431918,5050
"[{'V'}, {'T'}, {'P'}, {'V'}]",0.32568742825086416,110,0.8611955420466058,0.9020696794431918,5050
"[{'U'}, {'M'}, {'N'}, {'Y'}]",0.32548153351949016,114,0.8617283950617284,0.9020696794431918,5050
"[{'X'}, {'P'}, {'Y'}, {'V'}]",0.3254798944072107,116,0.861904761904762,0.9020696794431918,5050
"[{'M'}, {'P'}, {'M'}, {'N'}]",0.32547098625656556,122,0.8624151967435549,0.9020696794431918,5050
"[{'T'}, {'X'}, {'W'}, {'P'}]",0.3254652375623541,112,0.8615629984051036,0.9020696794431918,5050
"[{'Z'}, {'U'}, {'T'}, {'V'}]",0.325432300778261,124,0.862607338017174,0.9020696794431918,5050
"[{'T'}, {'T'}, {'T'}, {'Y'}]",0.3253133567984109,111,0.861598440545809,0.9020696794431918,5050
"[{'W'}, {'T'}, {'T'}, {'P'}]",0.3252765388237603,115,0.8619854721549637,0.9020696794431918,5050
"[{'M'}, {'P'}, {'W'}, {'P'}]",0.32507516579545603,123,0.8628177966101694,0.9020696794431918,5050
"[{'U'}, {'X'}, {'M'}, {'Y'}]",0.3250742366696844,129,0.8632831471588149,0.9020696794431918,5050
"[{'W'}, {'N'}, {'T'}, {'W'}]",0.32507042513300166,114,0.8620689655172414,0.9020696794431918,5050
"[{'V'}, {'P'}, {'Y'}, {'O'}]",0.3249560666576753,105,0.8613352898019075,0.9020696794431918,5050
"[{'W'}, {'X'}, {'P'}, {'V'}]",0.32486064240155454,129,0.8634558093346574,0.9020696794431918,5050
"[{'M'}, {'M'}, {'T'}, {'W'}]",0.32476757440077786,126,0.8633039092055486,0.9020696794431918,5050
"[{'W'}, {'M'}, {'T'}, {'U'}]",0.32458901941030094,117,0.8627278071722516,0.9020696794431918,5050
"[{'X'}, {'T'}, {'T'}, {'T'}]",0.32458100348404273,125,0.8633795582948125,0.9020696794431918,5050
"[{'T'}, {'P'}, {'T'}, {'X'}]",0.3245460746699089,118,0.8628472222222222,0.9020696794431918,5050
"[{'N'}, {'T'}, {'Y'}, {'P'}]",0.32450672802393876,133,0.8640350877192983,0.9020696794431918,5050
"[{'O'}, {'W'}, {'V'}, {'P'}]",0.32436186403988265,117,0.862917933130699,0.9020696794431918,5050
"[{'M'}, {'M'}, {'X'}, {'V'}]",0.32434225385575954,120,0.8631813125695217,0.9020696794431918,5050
"[{'M'}, {'Z'}, {'T'}, {'P'}]",0.32433763280023087,115,0.8627692307692307,0.9020696794431918,5050
"[{'W'}, {'P'}, {'U'}, {'Y'}]",0.3242586127242224,85,0.8597560975609755,0.9020696794431918,5050
"[{'O'}, {'T'}, {'U'}, {'N'}]",0.32416270731197216,133,0.864314789687924,0.9020696794431918,5050
"[{'T'}, {'Z'}, {'W'}, {'V'}]",0.32410310750068305,118,0.8632183908045977,0.9020696794431918,5050
"[{'P'}, {'U'}, {'M'}, {'X'}]",0.32407696583540535,100,0.8615999999999999,0.9020696794431918,5050
"[{'U'}, {'V'}, {'V'}, {'Y'}]",0.32407050029421336,119,0.8633276740237692,0.9020696794431918,5050
"[{'N'}, {'M'}, {'Y'}, {'T'}]",0.32405986845599977,112,0.8627450980392156,0.9020696794431918,5050
"[{'U'}, {'Y'}, {'M'}, {'M'}]",0.3240117301753257,95,0.8611357586512866,0.9020696794431918,5050
"[{'T'}, {'O'}, {'P'}, {'Z'}]",0.32393035302028805,122,0.8636853448275863,0.9020696794431918,5050
"[{'U'}, {'M'}, {'T'}, {'Z'}]",0.3239024452647641,104,0.8621468926553671,0.9020696794431918,5050
"[{'X'}, {'Y'}, {'U'}, {'X'}]",0.32390211712193107,118,0.8633879781420765,0.9020696794431918,5050
"[{'O'}, {'M'}, {'W'}, {'W'}]",0.323818186015182,109,0.8626855600539811,0.9020696794431918,5050
"[{'X'}, {'W'}, {'Z'}, {'O'}, {'T'}]",0.32381379500548135,22,0.7777777777777778,0.9020696794431918,5050
"[{'T'}, {'P'}, {'Z'}, {'Y'}]",0.3237957942993005,119,0.8635593220338983,0.9020696794431918,5050
"[{'Y'}, {'T'}, {'P'}, {'W'}]",0.3237702255349375,98,0.8616666666666666,0.9020696794431918,5050
"[{'N'}, {'N'}, {'M'}, {'Z'}]",0.3237652686818294,137,0.8649167733674776,0.9020696794431918,5050
"[{'N'}, {'N'}, {'M'}, {'Y'}]",0.32375537444102687,141,0.8651911468812877,0.9020696794431918,5050
"[{'P'}, {'Z'}, {'V'}, {'X'}]",0.32372135817997694,152,0.865904365904366,0.9020696794431918,5050
"[{'O'}, {'V'}, {'T'}, {'O'}]",0.32366075249027026,120,0.8637539522851394,0.9020696794431918,5050
"[{'M'}, {'P'}, {'T'}, {'P'}]",0.32359478712674083,122,0.8639676113360323,0.9020696794431918,5050
"[{'M'}, {'P'}, {'P'}, {'Y'}]",0.32348768719892884,113,0.8633228840125392,0.9020696794431918,5050
"[{'Z'}, {'P'}, {'M'}, {'P'}]",0.32343430637066317,103,0.8624620060790273,0.9020696794431918,5050
"[{'X'}, {'M'}, {'T'}, {'T'}]",0.323310016169999,124,0.8643623985336476,0.9020696794431918,5050
"[{'Y'}, {'T'}, {'T'}, {'M'}]",0.32327206327298164,114,0.8635941849675225,0.9020696794431918,5050
"[{'N'}, {'X'}, {'U'}, {'P'}]",0.3232257815052998,123,0.8643574828133262,0.9020696794431918,5050
"[{'U'}, {'W'}, {'N'}, {'O'}]",0.3231698320484767,111,0.8634259259259259,0.9020696794431918,5050
"[{'N'}, {'M'}, {'N'}, {'W'}]",0.32293205891087917,140,0.8658008658008658,0.9020696794431918,5050
"[{'X'}, {'W'}, {'W'}, {'P'}]",0.3227744773773462,125,0.8648930620761607,0.9020696794431918,5050
"[{'V'}, {'W'}, {'U'}, {'W'}]",0.32274763556355923,143,0.8661448140900195,0.9020696794431918,5050
"[{'O'}, {'Y'}, {'P'}, {'W'}]",0.3227121049217003,117,0.8643274853801169,0.9020696794431918,5050
"[{'V'}, {'Y'}, {'Z'}, {'X'}]",0.3225618863342362,118,0.8645383951682485,0.9020696794431918,5050
"[{'P'}, {'V'}, {'X'}, {'U'}]",0.3225159101495675,123,0.8649654439128124,0.9020696794431918,5050
"[{'T'}, {'T'}, {'N'}, {'O'}]",0.3224024474684838,105,0.8635703918722787,0.9020696794431918,5050
"[{'M'}, {'X'}, {'U'}, {'N'}]",0.32238981790408017,128,0.8654411764705882,0.9020696794431918,5050
"[{'Y'}, {'X'}, {'N'}, {'T'}]",0.3223849230106085,126,0.8653008962868117,0.9020696794431918,5050
"[{'M'}, {'T'}, {'Y'}, {'T'}]",0.32232753980020723,116,0.8645833333333333,0.9020696794431918,5050
"[{'T'}, {'P'}, {'M'}, {'Y'}]",0.3223248646549004,95,0.8626666666666666,0.9020696794431918,5050
"[{'Y'}, {'X'}, {'N'}, {'U'}]",0.3222436575485589,123,0.8652012711864406,0.9020696794431918,5050
"[{'X'}, {'N'}, {'X'}, {'X'}]",0.3222080805675148,131,0.8658079625292741,0.9020696794431918,5050
"[{'X'}, {'V'}, {'M'}, {'X'}]",0.3221866536369422,139,0.8663594470046083,0.9020696794431918,5050
"[{'Y'}, {'N'}, {'M'}, {'T'}]",0.3221416885891313,127,0.8655830753353972,0.9020696794431918,5050
"[{'N'}, {'Y'}, {'P'}, {'P'}]",0.3221204242502078,134,0.8660873440285205,0.9020696794431918,5050
"[{'W'}, {'Z'}, {'U'}, {'Y'}]",0.3220495467423361,119,0.8650657518582048,0.9020696794431918,5050
"[{'U'}, {'V'}, {'O'}, {'Y'}]",0.3220108279159897,118,0.865021770682148,0.9020696794431918,5050
"[{'T'}, {'T'}, {'Y'}, {'T'}]",0.321972921316382,117,0.8649764150943396,0.9020696794431918,5050
"[{'O'}, {'X'}, {'Z'}, {'Z'}]",0.32180860728559835,114,0.8648815020006155,0.9020696794431918,5050
"[{'T'}, {'P'}, {'U'}, {'W'}]",0.32179749288726456,112,0.8647265749920051,0.9020696794431918,5050
"[{'X'}, {'M'}, {'X'}, {'X'}]",0.3217383778876224,133,0.8663479052823316,0.9020696794431918,5050
"[{'X'}, {'U'}, {'M'}, {'P'}]",0.3216964603084054,120,0.8654545454545455,0.9020696794431918,5050
"[{'V'}, {'X'}, {'Y'}, {'Z'}]",0.32165182685757165,107,0.8644304682040531,0.9020696794431918,5050
"[{'X'}, {'O'}, {'N'}, {'O'}]",0.32164847763443427,120,0.8654970760233919,0.9020696794431918,5050
"[{'P'}, {'N'}, {'U'}, {'Z'}]",0.32148843569160734,101,0.8640350877192983,0.9020696794431918,5050
"[{'N'}, {'X'}, {'M'}, {'U'}, {'M'}]",0.32146945760085777,21,0.7777777777777778,0.9020696794431918,5050
"[{'M'}, {'P'}, {'W'}, {'P'}, {'Y'}]",0.32146945760085777,21,0.7777777777777778,0.9020696794431918,5050
"[{'M'}, {'W'}, {'U'}, {'X'}, {'T'}]",0.32146945760085777,21,0.7777777777777778,0.9020696794431918,5050
"[{'X'}, {'V'}, {'Z'}, {'U'}, {'Y'}]",0.32146945760085777,21,0.7777777777777778,0.9020696794431918,5050
"[{'Z'}, {'Y'}, {'M'}, {'V'}]",0.3214566168402252,119,0.8655913978494624,0.9020696794431918,5050
"[{'N'}, {'O'}, {'O'}, {'X'}]",0.3214065000357511,111,0.8649967469095641,0.9020696794431918,5050
"[{'M'}, {'O'}, {'T'}, {'N'}]",0.3214051832748388,126,0.866154253909356,0.9020696794431918,5050
"[{'W'}, {'W'}, {'W'}, {'W'}]",0.3213670194463897,111,0.8650326797385621,0.9020696794431918,5050
"[{'M'}, {'U'}, {'T'}, {'V'}]",0.32129813929380957,127,0.8663194444444444,0.9020696794431918,5050
"[{'Z'}, {'U'}, {'V'}, {'P'}]",0.3212267675646683,121,0.8659480375898285,0.9020696794431918,5050
"[{'M'}, {'T'}, {'P'}, {'V'}]",0.32120241863358046,113,0.8653471771576898,0.9020696794431918,5050
"[{'P'}, {'M'}, {'X'}, {'W'}]",0.32111221920572197,99,0.8641975308641974,0.9020696794431918,5050
"[{'T'}, {'P'}, {'Y'}, {'N'}]",0.3209926095241634,103,0.8646825396825396,0.9020696794431918,5050
"[{'O'}, {'T'}, {'O'}, {'X'}]",0.32099238481293535,115,0.8656987295825771,0.9020696794431918,5050
"[{'U'}, {'P'}, {'X'}, {'U'}]",0.3209278409975106,115,0.8657575757575757,0.9020696794431918,5050
"[{'W'}, {'W'}, {'T'}, {'U'}]",0.32090599152894905,120,0.8661616161616161,0.9020696794431918,5050
"[{'M'}, {'T'}, {'P'}, {'U'}]",0.32085772721536754,113,0.8656622724419335,0.9020696794431918,5050
"[{'Z'}, {'X'}, {'M'}, {'V'}]",0.32085046499118786,134,0.8671875,0.9020696794431918,5050
"[{'Z'}, {'M'}, {'V'}, {'O'}, {'P'}]",0.32084283173828465,27,0.7857142857142857,0.9020696794431918,5050
"[{'X'}, {'T'}, {'T'}, {'T'}, {'Z'}]",0.32084283173828443,27,0.7857142857142858,0.9020696794431918,5050
"[{'M'}, {'U'}, {'X'}, {'T'}]",0.3208167923282822,113,0.8656998738965952,0.9020696794431918,5050
"[{'P'}, {'P'}, {'M'}, {'T'}]",0.32073177529182095,109,0.8654496281271129,0.9020696794431918,5050
"[{'W'}, {'P'}, {'O'}, {'Z'}]",0.3206505063081978,101,0.8648221343873518,0.9020696794431918,5050
"[{'P'}, {'T'}, {'Z'}, {'U'}]",0.3206467031918513,108,0.865444482877897,0.9020696794431918,5050
"[{'M'}, {'Y'}, {'X'}, {'M'}]",0.32063432284274174,114,0.8659476117103236,0.9020696794431918,5050
"[{'U'}, {'M'}, {'X'}, {'M'}]",0.3206167223400771,101,0.8648542159180457,0.9020696794431918,5050
"[{'W'}, {'V'}, {'X'}, {'P'}]",0.3206159567401563,128,0.8669950738916256,0.9020696794431918,5050
"[{'T'}, {'V'}, {'Y'}, {'N'}]",0.3205836386391637,113,0.8659147869674185,0.9020696794431918,5050
"[{'O'}, {'T'}, {'X'}, {'N'}]",0.32057326515033524,131,0.8672356567093409,0.9020696794431918,5050
"[{'M'}, {'P'}, {'Y'}, {'O'}]",0.3205495290982894,135,0.8675176056338029,0.9020696794431918,5050
"[{'P'}, {'X'}, {'Z'}, {'V'}]",0.3205284242585923,126,0.8669354838709677,0.9020696794431918,5050
"[{'X'}, {'O'}, {'U'}, {'X'}]",0.32052561435143867,140,0.8678513071895425,0.9020696794431918,5050
"[{'W'}, {'T'}, {'M'}, {'T'}]",0.3205240112449438,114,0.8660493827160494,0.9020696794431918,5050
"[{'P'}, {'P'}, {'U'}, {'W'}]",0.3204159319404608,111,0.865909090909091,0.9020696794431918,5050
"[{'Z'}, {'Z'}, {'N'}, {'T'}]",0.3204159319404608,111,0.865909090909091,0.9020696794431918,5050
"[{'V'}, {'X'}, {'Y'}, {'X'}]",0.3204007095782242,110,0.865841418534627,0.9020696794431918,5050
"[{'W'}, {'Z'}, {'W'}, {'M'}]",0.32028959020483694,138,0.8679365079365079,0.9020696794431918,5050
"[{'V'}, {'T'}, {'Z'}, {'U'}]",0.3202107537226069,118,0.8666466886424933,0.9020696794431918,5050
"[{'W'}, {'P'}, {'V'}, {'T'}]",0.3201929179487458,130,0.8675101456194796,0.9020696794431918,5050
"[{'M'}, {'T'}, {'X'}, {'V'}]",0.3201738320660149,103,0.8654572940287226,0.9020696794431918,5050
"[{'M'}, {'U'}, {'V'}, {'U'}]",0.3200952270490711,115,0.8665254237288136,0.9020696794431918,5050
"[{'P'}, {'X'}, {'V'}, {'V'}]",0.32002606513508813,116,0.8666666666666667,0.9020696794431918,5050
"[{'Z'}, {'Y'}, {'V'}, {'T'}]",0.32002387560679635,117,0.8667445938047925,0.9020696794431918,5050
"[{'P'}, {'N'}, {'T'}, {'W'}]",0.3198196654922979,136,0.868232224396608,0.9020696794431918,5050
"[{'V'}, {'X'}, {'T'}, {'X'}]",0.31981293285144863,124,0.8674479166666668,0.9020696794431918,5050
"[{'X'}, {'T'}, {'Y'}, {'M'}]",0.31977192412570676,115,0.8668280871670702,0.9020696794431918,5050
"[{'P'}, {'X'}, {'T'}, {'U'}]",0.31965005779286404,93,0.8650278293135436,0.9020696794431918,5050
"[{'W'}, {'Y'}, {'X'}, {'Y'}]",0.31959945042858584,119,0.8672891907187323,0.9020696794431918,5050
"[{'V'}, {'O'}, {'M'}, {'Z'}, {'Y'}]",0.31958883690755513,28,0.7875,0.9020696794431918,5050
"[{'T'}, {'V'}, {'Y'}, {'M'}, {'Z'}]",0.3195636573472288,30,0.7894736842105264,0.9020696794431918,5050
"[{'X'}, {'U'}, {'P'}, {'M'}]",0.31948764944749464,120,0.8674665178571429,0.9020696794431918,5050
"[{'T'}, {'T'}, {'M'}, {'W'}]",0.31948479478084457,106,0.8663793103448275,0.9020696794431918,5050
"[{'M'}, {'U'}, {'P'}, {'X'}]",0.3193555222588582,145,0.8691838291380625,0.9020696794431918,5050
"[{'X'}, {'V'}, {'Y'}, {'Z'}]",0.3193418456915661,132,0.8684149988497815,0.9020696794431918,5050
"[{'P'}, {'X'}, {'Z'}, {'W'}]",0.31933747184727757,117,0.8673887587822015,0.9020696794431918,5050
"[{'P'}, {'X'}, {'P'}, {'P'}]",0.3193101939121703,102,0.8662053056516724,0.9020696794431918,5050
"[{'Z'}, {'O'}, {'X'}, {'W'}]",0.31923820688557736,126,0.8681177976952624,0.9020696794431918,5050
"[{'Z'}, {'V'}, {'P'}, {'W'}]",0.31923690670826865,119,0.8676303854875282,0.9020696794431918,5050
"[{'X'}, {'P'}, {'Z'}, {'Y'}]",0.3192362251485299,125,0.8680519480519481,0.9020696794431918,5050
"[{'T'}, {'U'}, {'P'}, {'Y'}]",0.31918088073976614,127,0.8682382133995038,0.9020696794431918,5050
"[{'W'}, {'N'}, {'M'}, {'X'}]",0.319154345985567,107,0.8667832167832168,0.9020696794431918,5050
"[{'N'}, {'P'}, {'M'}, {'O'}, {'T'}]",0.3190686058056158,20,0.7777777777777778,0.9020696794431918,5050
"[{'X'}, {'Y'}, {'Y'}, {'W'}, {'V'}]",0.3190686058056158,20,0.7777777777777778,0.9020696794431918,5050
"[{'O'}, {'M'}, {'O'}, {'X'}]",0.31904987450772704,115,0.8675136116152451,0.9020696794431918,5050
"[{'Z'}, {'U'}, {'W'}, {'W'}]",0.3190000608968683,119,0.8678551216751557,0.9020696794431918,5050
"[{'P'}, {'T'}, {'X'}, {'V'}]",0.318994569527035,106,0.8668565325738697,0.9020696794431918,5050
"[{'P'}, {'X'}, {'U'}, {'V'}]",0.3189185445332987,106,0.8669311215290298,0.9020696794431918,5050
"[{'V'}, {'V'}, {'Y'}, {'V'}]",0.31891042477387765,112,0.8674193548387097,0.9020696794431918,5050
"[{'M'}, {'U'}, {'W'}, {'Z'}]",0.31878488354247203,121,0.8682019977802441,0.9020696794431918,5050
"[{'T'}, {'O'}, {'W'}, {'X'}, {'Y'}]",0.31867163083995265,22,0.780952380952381,0.9020696794431918,5050
"[{'O'}, {'V'}, {'M'}, {'Z'}]",0.31860964509540846,109,0.8674780256930359,0.9020696794431918,5050
"[{'T'}, {'U'}, {'V'}, {'P'}]",0.3185972407840838,111,0.8676470588235293,0.9020696794431918,5050
"[{'M'}, {'U'}, {'W'}, {'Y'}]",0.31859232630078127,113,0.8678051865907653,0.9020696794431918,5050
"[{'M'}, {'N'}, {'T'}, {'W'}]",0.31852490751950624,138,0.8695378151260504,0.9020696794431918,5050
"[{'O'}, {'T'}, {'W'}, {'V'}]",0.3184899972756906,130,0.8690814393939393,0.9020696794431918,5050
"[{'N'}, {'X'}, {'T'}, {'Y'}]",0.318485569604649,118,0.8682772505033075,0.9020696794431918,5050
"[{'U'}, {'Z'}, {'T'}, {'V'}]",0.3184851027050244,117,0.8682057276446522,0.9020696794431918,5050
"[{'T'}, {'T'}, {'Y'}, {'P'}]",0.31844194255202485,116,0.8681749622926094,0.9020696794431918,5050
"[{'U'}, {'X'}, {'W'}, {'M'}]",0.31842665832625316,135,0.8694505494505494,0.9020696794431918,5050
"[{'W'}, {'Z'}, {'W'}, {'X'}]",0.3184099133635311,132,0.8692825632690968,0.9020696794431918,5050
"[{'X'}, {'V'}, {'P'}, {'V'}]",0.3183908960468752,127,0.8689826302729529,0.9020696794431918,5050
"[{'O'}, {'U'}, {'T'}, {'N'}]",0.31836304964927375,128,0.8690739376074674,0.9020696794431918,5050
"[{'M'}, {'U'}, {'P'}, {'T'}]",0.3183365881460165,143,0.87,0.9020696794431918,5050
"[{'X'}, {'M'}, {'M'}, {'V'}]",0.3183317264889537,112,0.8679846938775511,0.9020696794431918,5050
"[{'P'}, {'M'}, {'V'}, {'U'}]",0.3183193263141556,125,0.8689196108550948,0.9020696794431918,5050
"[{'T'}, {'X'}, {'N'}, {'Y'}]",0.31829656086128943,105,0.8674655047204066,0.9020696794431918,5050
"[{'Y'}, {'V'}, {'T'}, {'W'}]",0.3182515340887693,109,0.8678321678321679,0.9020696794431918,5050
"[{'M'}, {'U'}, {'M'}, {'U'}]",0.31823863204934466,114,0.8682266009852216,0.9020696794431918,5050
"[{'X'}, {'Y'}, {'Y'}, {'W'}]",0.3182179060264897,125,0.8690169840452907,0.9020696794431918,5050
"[{'V'}, {'V'}, {'X'}, {'P'}]",0.31820071282838247,105,0.8675616835994194,0.9020696794431918,5050
"[{'M'}, {'T'}, {'V'}, {'M'}]",0.3180887171069987,118,0.8686635944700462,0.9020696794431918,5050
"[{'X'}, {'N'}, {'W'}, {'W'}]",0.31807234333150314,119,0.8687499999999999,0.9020696794431918,5050
"[{'M'}, {'X'}, {'U'}, {'U'}]",0.31804950912518803,121,0.8689107827038861,0.9020696794431918,5050
"[{'Y'}, {'Y'}, {'O'}, {'U'}]",0.3180248620968045,130,0.8695238095238095,0.9020696794431918,5050
"[{'U'}, {'Y'}, {'T'}, {'N'}]",0.31798984984122114,116,0.8686178861788618,0.9020696794431918,5050
"[{'M'}, {'P'}, {'V'}, {'Y'}]",0.3179544156145422,118,0.8687953555878084,0.9020696794431918,5050
"[{'V'}, {'T'}, {'M'}, {'X'}]",0.3179169034163343,116,0.8686899038461537,0.9020696794431918,5050
"[{'W'}, {'W'}, {'X'}, {'Y'}]",0.31788564253491436,134,0.8699020277967646,0.9020696794431918,5050
"[{'W'}, {'M'}, {'N'}, {'Z'}]",0.31788385749456216,141,0.8703106091165793,0.9020696794431918,5050
"[{'U'}, {'X'}, {'P'}, {'Y'}]",0.3178803809404068,136,0.8700259515570934,0.9020696794431918,5050
"[{'T'}, {'V'}, {'M'}, {'N'}]",0.31779237607205846,110,0.868368700265252,0.9020696794431918,5050
"[{'U'}, {'V'}, {'V'}, {'P'}]",0.31777492922411454,110,0.8683862433862434,0.9020696794431918,5050
"[{'M'}, {'Z'}, {'Z'}, {'W'}]",0.3177381085280647,116,0.8688670829616414,0.9020696794431918,5050
"[{'M'}, {'M'}, {'V'}, {'X'}]",0.31772971451162346,131,0.8698694029850746,0.9020696794431918,5050
"[{'V'}, {'U'}, {'P'}, {'Z'}]",0.31768067338888983,119,0.8691351045788581,0.9020696794431918,5050
"[{'U'}, {'Z'}, {'W'}, {'W'}]",0.31767530259896715,125,0.869542886492039,0.9020696794431918,5050
"[{'X'}, {'M'}, {'T'}, {'Z'}]",0.31763320725023614,113,0.8687539531941809,0.9020696794431918,5050
"[{'U'}, {'W'}, {'N'}, {'M'}]",0.3175967952936337,97,0.8674957118353345,0.9020696794431918,5050
"[{'X'}, {'V'}, {'V'}, {'U'}]",0.3175888599052853,137,0.870362473347548,0.9020696794431918,5050
"[{'M'}, {'U'}, {'N'}, {'X'}]",0.31749668916064955,127,0.869846000993542,0.9020696794431918,5050
"[{'V'}, {'M'}, {'P'}, {'M'}]",0.3174540637950053,116,0.869150521609538,0.9020696794431918,5050
"[{'P'}, {'X'}, {'P'}, {'M'}]",0.3174167923840575,98,0.8677721088435375,0.9020696794431918,5050
"[{'W'}, {'T'}, {'M'}, {'X'}]",0.3174161749417448,126,0.8698612862547288,0.9020696794431918,5050
"[{'V'}, {'Y'}, {'M'}, {'Y'}]",0.3172754155996881,113,0.8691148775894538,0.9020696794431918,5050
"[{'N'}, {'X'}, {'X'}, {'U'}]",0.3172176748248079,118,0.8695276497695853,0.9020696794431918,5050
"[{'V'}, {'N'}, {'U'}, {'X'}]",0.3171686957575647,121,0.8697802197802198,0.9020696794431918,5050
"[{'P'}, {'Y'}, {'X'}, {'T'}]",0.31711174200099534,117,0.8695652173913044,0.9020696794431918,5050
"[{'Y'}, {'O'}, {'V'}, {'P'}, {'M'}]",0.31699366612046165,23,0.7833333333333333,0.9020696794431918,5050
"[{'T'}, {'P'}, {'U'}, {'Y'}]",0.31695136302061266,107,0.868997175141243,0.9020696794431918,5050
"[{'Z'}, {'W'}, {'W'}, {'P'}]",0.3169267782209997,116,0.869683257918552,0.9020696794431918,5050
"[{'W'}, {'Z'}, {'Y'}, {'P'}]",0.3168778034047366,114,0.8695922813569872,0.9020696794431918,5050
"[{'M'}, {'M'}, {'U'}, {'X'}]",0.31687479196489243,135,0.8709394205443372,0.9020696794431918,5050
"[{'U'}, {'Y'}, {'T'}, {'V'}]",0.316840974784806,122,0.8701754385964913,0.9020696794431918,5050
"[{'P'}, {'Y'}, {'X'}, {'M'}]",0.31680309228296233,110,0.8693783068783069,0.9020696794431918,5050
"[{'X'}, {'M'}, {'N'}, {'P'}]",0.31675077236444815,134,0.8710038005812654,0.9020696794431918,5050
"[{'U'}, {'Z'}, {'P'}, {'P'}]",0.3167087103008863,114,0.8697660098522167,0.9020696794431918,5050
"[{'V'}, {'P'}, {'M'}, {'N'}]",0.3166326993126104,106,0.8692528735632185,0.9020696794431918,5050
"[{'M'}, {'X'}, {'N'}, {'O'}]",0.3166014867885255,106,0.8692857142857142,0.9020696794431918,5050
"[{'W'}, {'Y'}, {'V'}, {'M'}]",0.3165624827124992,116,0.8700564971751412,0.9020696794431918,5050
"[{'N'}, {'M'}, {'X'}, {'Z'}]",0.3164834295049491,134,0.8712690817953975,0.9020696794431918,5050
"[{'N'}, {'P'}, {'O'}, {'P'}]",0.3164652159037,121,0.8704918032786885,0.9020696794431918,5050
"[{'P'}, {'M'}, {'Z'}, {'T'}]",0.3164522557934978,108,0.8695952957454168,0.9020696794431918,5050
"[{'X'}, {'T'}, {'Y'}, {'W'}]",0.31642937445749864,131,0.8711484593837535,0.9020696794431918,5050
"[{'V'}, {'X'}, {'P'}, {'M'}]",0.31640147292304877,115,0.8701538461538463,0.9020696794431918,5050
"[{'W'}, {'O'}, {'T'}, {'O'}]",0.3163534652988672,122,0.8706709956709957,0.9020696794431918,5050
"[{'P'}, {'M'}, {'M'}, {'X'}]",0.3161272732933764,113,0.8703007518796992,0.9020696794431918,5050
"[{'U'}, {'M'}, {'M'}, {'V'}]",0.31608283922105784,99,0.869281045751634,0.9020696794431918,5050
"[{'P'}, {'U'}, {'T'}, {'U'}, {'T'}]",0.316032013333421,24,0.7851851851851852,0.9020696794431918,5050
"[{'M'}, {'O'}, {'Y'}, {'W'}]",0.3159401538172856,119,0.8709039548022599,0.9020696794431918,5050
"[{'W'}, {'T'}, {'N'}, {'T'}]",0.3158949815487212,110,0.8703333333333333,0.9020696794431918,5050
"[{'N'}, {'O'}, {'T'}, {'W'}]",0.3158768375646549,140,0.8722084367245657,0.9020696794431918,5050
"[{'U'}, {'T'}, {'V'}, {'Y'}]",0.3158602471287595,126,0.8714285714285716,0.9020696794431918,5050
"[{'U'}, {'U'}, {'V'}, {'U'}]",0.3158359750721441,123,0.8712686567164178,0.9020696794431918,5050
"[{'O'}, {'X'}, {'Y'}, {'O'}]",0.31579139716897897,136,0.8720779220779221,0.9020696794431918,5050
"[{'N'}, {'T'}, {'M'}, {'X'}]",0.3157722094365214,117,0.8709483793517406,0.9020696794431918,5050
"[{'W'}, {'M'}, {'Y'}, {'U'}]",0.3157660816407908,105,0.8701015965166908,0.9020696794431918,5050
"[{'W'}, {'M'}, {'X'}, {'W'}]",0.3157467954493708,115,0.8708408953418028,0.9020696794431918,5050
"[{'V'}, {'O'}, {'X'}, {'Y'}]",0.31573619934317154,112,0.8706451612903225,0.9020696794431918,5050
"[{'U'}, {'T'}, {'Y'}, {'N'}]",0.31572486677813705,108,0.8703703703703703,0.9020696794431918,5050
"[{'V'}, {'T'}, {'U'}, {'Y'}]",0.31571275348768446,111,0.8705997392438071,0.9020696794431918,5050
"[{'N'}, {'P'}, {'X'}, {'W'}]",0.3156288777157108,102,0.870019342359768,0.9020696794431918,5050
"[{'P'}, {'X'}, {'W'}, {'W'}, {'N'}]",0.315623284120346,20,0.78,0.9020696794431918,5050
"[{'V'}, {'X'}, {'Y'}, {'M'}, {'X'}]",0.315552852925264,25,0.7866666666666668,0.9020696794431918,5050
"[{'O'}, {'X'}, {'P'}, {'Y'}]",0.3155466763248832,127,0.8718140929535233,0.9020696794431918,5050
"[{'V'}, {'O'}, {'P'}, {'M'}]",0.31551672526722097,107,0.8705223880597015,0.9020696794431918,5050
"[{'U'}, {'M'}, {'V'}, {'M'}]",0.3154602901143819,108,0.870657034743722,0.9020696794431918,5050
"[{'N'}, {'M'}, {'X'}, {'T'}]",0.3154140758412929,107,0.8706343549536707,0.9020696794431918,5050
"[{'N'}, {'T'}, {'Y'}, {'O'}, {'W'}]",0.3152859155868637,20,0.7802197802197802,0.9020696794431918,5050
"[{'O'}, {'U'}, {'Z'}, {'W'}]",0.3152536062811564,135,0.8725749559082894,0.9020696794431918,5050
"[{'Y'}, {'T'}, {'M'}, {'Z'}]",0.3152458753910725,112,0.8711734693877551,0.9020696794431918,5050
"[{'W'}, {'Z'}, {'P'}, {'T'}]",0.3152279927450067,110,0.871053506148222,0.9020696794431918,5050
"[{'V'}, {'U'}, {'Z'}, {'W'}]",0.31516282743018953,141,0.8729871175523349,0.9020696794431918,5050
"[{'Z'}, {'Z'}, {'U'}, {'Y'}]",0.31515325388270843,116,0.871543264942016,0.9020696794431918,5050
"[{'Z'}, {'W'}, {'V'}, {'Y'}]",0.31510761423739264,106,0.8708979444644789,0.9020696794431918,5050
"[{'P'}, {'M'}, {'V'}, {'T'}]",0.3150495064484964,122,0.8720366379310345,0.9020696794431918,5050
"[{'W'}, {'O'}, {'V'}, {'T'}]",0.31499498555415617,117,0.8717798594847774,0.9020696794431918,5050
"[{'M'}, {'V'}, {'U'}, {'N'}]",0.3149657453372692,118,0.8718758977305373,0.9020696794431918,5050
"[{'V'}, {'O'}, {'X'}, {'P'}, {'X'}]",0.3149501112136872,23,0.7846153846153846,0.9020696794431918,5050
"[{'O'}, {'X'}, {'W'}, {'W'}]",0.3149244657769026,134,0.872863978127136,0.9020696794431918,5050
"[{'Z'}, {'T'}, {'M'}, {'U'}]",0.31490848133509375,100,0.8706650346797226,0.9020696794431918,5050
"[{'N'}, {'M'}, {'T'}, {'U'}, {'O'}]",0.3149023136685144,22,0.7833333333333334,0.9020696794431918,5050
"[{'U'}, {'M'}, {'N'}, {'T'}]",0.31490026460743437,116,0.8718179095537586,0.9020696794431918,5050
"[{'T'}, {'N'}, {'U'}, {'V'}]",0.3148129937588765,112,0.8716475095785441,0.9020696794431918,5050
"[{'T'}, {'N'}, {'Y'}, {'P'}]",0.31480009165414535,128,0.8726600985221675,0.9020696794431918,5050
"[{'Y'}, {'Y'}, {'T'}, {'Y'}]",0.3147562372130033,132,0.8729319852941176,0.9020696794431918,5050
"[{'M'}, {'T'}, {'O'}, {'U'}]",0.31474757584379465,135,0.8731043710972346,0.9020696794431918,5050
"[{'T'}, {'M'}, {'T'}, {'U'}]",0.3147120991493144,116,0.8720238095238095,0.9020696794431918,5050
"[{'P'}, {'U'}, {'V'}, {'M'}]",0.3147072251653933,114,0.8718982630272953,0.9020696794431918,5050
"[{'V'}, {'Y'}, {'U'}, {'Z'}]",0.3146604528650617,107,0.8714689265536724,0.9020696794431918,5050
"[{'M'}, {'N'}, {'P'}, {'T'}]",0.3146177574998543,137,0.8733475479744137,0.9020696794431918,5050
"[{'T'}, {'T'}, {'Y'}, {'W'}]",0.3146104434989313,110,0.8717355371900826,0.9020696794431918,5050
"[{'T'}, {'M'}, {'T'}, {'M'}]",0.3146083234209104,116,0.872137972048766,0.9020696794431918,5050
"[{'P'}, {'M'}, {'N'}, {'V'}]",0.3145756747550855,125,0.8727272727272727,0.9020696794431918,5050
"[{'T'}, {'Z'}, {'X'}, {'X'}]",0.31454560728036707,125,0.8727598566308244,0.9020696794431918,5050
"[{'O'}, {'T'}, {'N'}, {'M'}]",0.3145343377562084,121,0.872532894736842,0.9020696794431918,5050
"[{'U'}, {'T'}, {'M'}, {'Z'}]",0.31451508447455123,114,0.8721109399075501,0.9020696794431918,5050
"[{'U'}, {'Y'}, {'N'}, {'M'}]",0.31450234708467295,92,0.8704761904761904,0.9020696794431918,5050
"[{'Y'}, {'M'}, {'N'}, {'V'}]",0.3144897244986601,125,0.8728205128205128,0.9020696794431918,5050
"[{'T'}, {'Z'}, {'Y'}, {'Y'}]",0.31447165793137644,134,0.8733438131596676,0.9020696794431918,5050
"[{'O'}, {'V'}, {'V'}, {'O'}]",0.3144665027938768,110,0.871896722939424,0.9020696794431918,5050
"[{'T'}, {'P'}, {'T'}, {'T'}]",0.3143923050303379,112,0.8721153846153846,0.9020696794431918,5050
"[{'M'}, {'N'}, {'M'}, {'P'}]",0.31433772260698456,132,0.8733796296296297,0.9020696794431918,5050
"[{'T'}, {'Y'}, {'T'}, {'M'}]",0.3143256868568992,117,0.8725146198830409,0.9020696794431918,5050
"[{'V'}, {'O'}, {'X'}, {'U'}]",0.3143078914938465,104,0.8716517857142857,0.9020696794431918,5050
"[{'P'}, {'T'}, {'X'}, {'U'}]",0.31428484071185747,121,0.8728070175438597,0.9020696794431918,5050
"[{'Z'}, {'P'}, {'T'}, {'Z'}]",0.3142628163604535,113,0.8723270440251572,0.9020696794431918,5050
"[{'W'}, {'T'}, {'U'}, {'X'}]",0.3142159327682934,98,0.8713036234902125,0.9020696794431918,5050
"[{'M'}, {'O'}, {'X'}, {'W'}]",0.3141665701436792,104,0.8718140929535233,0.9020696794431918,5050
"[{'P'}, {'Z'}, {'Z'}, {'Y'}]",0.31409633561365624,112,0.8724489795918366,0.9020696794431918,5050
"[{'M'}, {'P'}, {'N'}, {'X'}]",0.3140017256338439,133,0.8737975263398992,0.9020696794431918,5050
"[{'U'}, {'Z'}, {'P'}, {'Z'}]",0.31396594189530624,114,0.8727272727272727,0.9020696794431918,5050
"[{'M'}, {'T'}, {'P'}, {'T'}]",0.31396175443494545,118,0.872983870967742,0.9020696794431918,5050
"[{'N'}, {'Y'}, {'X'}, {'V'}]",0.3139263608738577,131,0.873772791023843,0.9020696794431918,5050
"[{'T'}, {'N'}, {'U'}, {'P'}]",0.31389138856821275,108,0.8724137931034482,0.9020696794431918,5050
"[{'Z'}, {'U'}, {'M'}, {'W'}]",0.31387995419615033,98,0.8716981132075472,0.9020696794431918,5050
"[{'X'}, {'U'}, {'X'}, {'M'}]",0.313878522004578,117,0.873015873015873,0.9020696794431918,5050
"[{'T'}, {'M'}, {'M'}, {'P'}]",0.31386664992329016,111,0.8726445743989603,0.9020696794431918,5050
"[{'Z'}, {'Y'}, {'X'}, {'T'}]",0.3138497324376862,115,0.8729230769230769,0.9020696794431918,5050
"[{'Y'}, {'T'}, {'W'}, {'U'}]",0.3138396146948459,130,0.8738140417457305,0.9020696794431918,5050
"[{'Y'}, {'U'}, {'M'}, {'Y'}]",0.3138170565839973,122,0.8733870967741936,0.9020696794431918,5050
"[{'T'}, {'Y'}, {'X'}, {'M'}]",0.3137152249259626,107,0.8725490196078431,0.9020696794431918,5050
"[{'X'}, {'W'}, {'V'}, {'P'}]",0.31371411853719233,126,0.8737322515212982,0.9020696794431918,5050
"[{'N'}, {'P'}, {'O'}, {'P'}, {'M'}]",0.3137126047685419,20,0.78125,0.9020696794431918,5050
"[{'P'}, {'Z'}, {'T'}, {'V'}]",0.3136669028019422,121,0.8734972677595628,0.9020696794431918,5050
"[{'W'}, {'V'}, {'V'}, {'P'}]",0.3136067554819496,119,0.8734463276836159,0.9020696794431918,5050
"[{'O'}, {'W'}, {'T'}, {'Z'}]",0.313598441269359,128,0.8739726027397261,0.9020696794431918,5050
"[{'P'}, {'U'}, {'T'}, {'Z'}]",0.3135961121541825,105,0.8725490196078431,0.9020696794431918,5050
"[{'Y'}, {'O'}, {'Z'}, {'X'}]",0.31359354379789606,114,0.8731527093596059,0.9020696794431918,5050
"[{'X'}, {'N'}, {'O'}, {'U'}]",0.3134692399518453,118,0.8735431235431236,0.9020696794431918,5050
"[{'T'}, {'O'}, {'M'}, {'M'}]",0.3134634587568238,109,0.8729784366576819,0.9020696794431918,5050
"[{'P'}, {'M'}, {'Y'}, {'T'}]",0.3134470633923554,111,0.8731294729993494,0.9020696794431918,5050
"[{'P'}, {'V'}, {'Z'}, {'V'}]",0.3133775232828251,119,0.8737083811710677,0.9020696794431918,5050
"[{'U'}, {'U'}, {'X'}, {'P'}]",0.3133372910569838,114,0.8734491315136476,0.9020696794431918,5050
"[{'X'}, {'O'}, {'P'}, {'Y'}]",0.31330912181244686,120,0.8738461538461539,0.9020696794431918,5050
"[{'W'}, {'N'}, {'V'}, {'V'}]",0.3133024275260099,120,0.873853848291192,0.9020696794431918,5050
"[{'V'}, {'T'}, {'T'}, {'Y'}]",0.3132541405495498,100,0.8725961538461539,0.9020696794431918,5050
"[{'X'}, {'M'}, {'X'}, {'M'}]",0.31321757131719674,115,0.8736507936507937,0.9020696794431918,5050
"[{'T'}, {'T'}, {'W'}, {'Z'}]",0.3131530627153074,105,0.8730741012472487,0.9020696794431918,5050
"[{'V'}, {'M'}, {'P'}, {'U'}]",0.3131437024689012,104,0.873015873015873,0.9020696794431918,5050
"[{'Z'}, {'M'}, {'T'}, {'W'}]",0.31312249772510814,126,0.8744010088272384,0.9020696794431918,5050
"[{'Z'}, {'O'}, {'W'}, {'T'}]",0.31307916626557597,136,0.8749729612805538,0.9020696794431918,5050
"[{'Y'}, {'X'}, {'Y'}, {'W'}]",0.31306693378254646,120,0.8741258741258742,0.9020696794431918,5050
"[{'V'}, {'T'}, {'T'}, {'X'}]",0.3130488198762241,118,0.8740293356341673,0.9020696794431918,5050
"[{'X'}, {'V'}, {'O'}, {'Z'}]",0.3130108398760263,135,0.875,0.9020696794431918,5050
"[{'N'}, {'O'}, {'W'}, {'T'}]",0.3129990550965208,125,0.8744877049180327,0.9020696794431918,5050
"[{'T'}, {'N'}, {'X'}, {'M'}]",0.3129268290361036,92,0.8723809523809525,0.9020696794431918,5050
"[{'M'}, {'M'}, {'X'}, {'W'}]",0.3128248993088478,120,0.8744082428292954,0.9020696794431918,5050
"[{'M'}, {'M'}, {'Z'}, {'W'}]",0.3127868791148156,130,0.8750000000000001,0.9020696794431918,5050
"[{'O'}, {'Z'}, {'O'}, {'T'}]",0.3127655915606028,113,0.8740601503759399,0.9020696794431918,5050
"[{'M'}, {'T'}, {'N'}, {'U'}]",0.3127229411504676,128,0.8749688667496887,0.9020696794431918,5050
"[{'M'}, {'Z'}, {'T'}, {'W'}]",0.3126856120332636,126,0.8749054224464061,0.9020696794431918,5050
"[{'V'}, {'T'}, {'T'}, {'P'}]",0.3126764466098809,120,0.8745828698553949,0.9020696794431918,5050
"[{'T'}, {'X'}, {'W'}, {'W'}]",0.31267473246552535,117,0.8744103773584906,0.9020696794431918,5050
"[{'X'}, {'P'}, {'V'}, {'W'}]",0.31265074698006634,124,0.8748373666406453,0.9020696794431918,5050
"[{'T'}, {'P'}, {'Y'}, {'V'}]",0.3126234381625099,124,0.8748693834900731,0.9020696794431918,5050
"[{'T'}, {'V'}, {'X'}, {'Y'}]",0.3126134308579619,125,0.8749356664951107,0.9020696794431918,5050
"[{'M'}, {'V'}, {'T'}, {'O'}]",0.3125897944814485,120,0.8746853146853147,0.9020696794431918,5050
"[{'V'}, {'V'}, {'V'}, {'T'}]",0.31253506807721976,144,0.875967492260062,0.9020696794431918,5050
"[{'U'}, {'Y'}, {'O'}, {'T'}]",0.3125344939050684,129,0.8752403846153847,0.9020696794431918,5050
"[{'X'}, {'M'}, {'T'}, {'M'}]",0.31252450810404575,115,0.8744706594071385,0.9020696794431918,5050
"[{'W'}, {'M'}, {'W'}, {'N'}]",0.31251228699270617,128,0.8752140934670908,0.9020696794431918,5050
"[{'W'}, {'Y'}, {'T'}, {'Y'}]",0.31250534238479466,140,0.8758169934640523,0.9020696794431918,5050
"[{'M'}, {'U'}, {'M'}, {'W'}]",0.3124658647066094,104,0.8738404452690167,0.9020696794431918,5050
"[{'P'}, {'P'}, {'X'}, {'V'}]",0.3124430293677314,120,0.8748597081930415,0.9020696794431918,5050
"[{'U'}, {'P'}, {'T'}, {'V'}]",0.31244058557209875,113,0.874450721908349,0.9020696794431918,5050
"[{'X'}, {'O'}, {'X'}, {'Z'}]",0.31241938533971203,122,0.875,0.9020696794431918,5050
"[{'U'}, {'X'}, {'O'}, {'P'}]",0.3124193853397119,122,0.8750000000000001,0.9020696794431918,5050
"[{'V'}, {'W'}, {'Z'}, {'U'}]",0.312377552547768,113,0.8745271122320302,0.9020696794431918,5050
"[{'Z'}, {'P'}, {'P'}, {'Z'}, {'W'}]",0.31233848698407174,24,0.7875000000000001,0.9020696794431918,5050
"[{'Y'}, {'T'}, {'U'}, {'Y'}]",0.3123286417071133,131,0.8755835667600373,0.9020696794431918,5050
"[{'U'}, {'Y'}, {'N'}, {'T'}]",0.3122966601737829,108,0.8743131868131868,0.9020696794431918,5050
"[{'X'}, {'V'}, {'Z'}, {'Z'}]",0.3121755643849107,127,0.875558867362146,0.9020696794431918,5050
"[{'M'}, {'W'}, {'N'}, {'U'}]",0.312172761657192,105,0.8742711370262392,0.9020696794431918,5050
"[{'U'}, {'X'}, {'U'}, {'X'}]",0.31215248525892225,135,0.8759877085162423,0.9020696794431918,5050
"[{'V'}, {'P'}, {'Y'}, {'X'}]",0.3121357875635937,116,0.875,0.9020696794431918,5050
"[{'T'}, {'P'}, {'N'}, {'U'}]",0.3120920729319844,111,0.8747540983606558,0.9020696794431918,5050
"[{'V'}, {'T'}, {'W'}, {'Y'}]",0.31200231579060844,109,0.8747412008281574,0.9020696794431918,5050
"[{'T'}, {'O'}, {'Y'}, {'M'}]",0.3119748822897511,112,0.8749600255836264,0.9020696794431918,5050
"[{'T'}, {'Z'}, {'V'}, {'U'}]",0.31194186417863523,122,0.8755735492577598,0.9020696794431918,5050
"[{'Z'}, {'Z'}, {'W'}, {'N'}]",0.31188194846870676,131,0.876112412177986,0.9020696794431918,5050
"[{'X'}, {'P'}, {'X'}, {'N'}]",0.31180283681151555,116,0.8754088611358906,0.9020696794431918,5050
"[{'W'}, {'N'}, {'Z'}, {'U'}]",0.31178690229450345,114,0.8753125,0.9020696794431918,5050
"[{'X'}, {'P'}, {'X'}, {'Z'}]",0.3117661122117279,117,0.875511396843951,0.9020696794431918,5050
"[{'U'}, {'W'}, {'T'}, {'N'}]",0.31175352543944146,126,0.8760141987829615,0.9020696794431918,5050
"[{'O'}, {'N'}, {'X'}, {'O'}]",0.3117497957474006,124,0.8759143155694881,0.9020696794431918,5050
"[{'W'}, {'Y'}, {'N'}, {'V'}]",0.31174945658546116,122,0.8758081896551724,0.9020696794431918,5050
"[{'X'}, {'Y'}, {'V'}, {'P'}]",0.3116891011936106,131,0.8763440860215054,0.9020696794431918,5050
"[{'O'}, {'P'}, {'O'}, {'X'}]",0.31161842267799134,133,0.8765264586160109,0.9020696794431918,5050
"[{'N'}, {'U'}, {'X'}, {'M'}]",0.3115967028431089,125,0.8761538461538462,0.9020696794431918,5050
"[{'U'}, {'X'}, {'P'}, {'W'}]",0.3115925462607094,122,0.8760011046672189,0.9020696794431918,5050
"[{'P'}, {'U'}, {'Y'}, {'X'}]",0.31158537102471884,121,0.8759562841530055,0.9020696794431918,5050
"[{'M'}, {'T'}, {'O'}, {'P'}]",0.31158288245912624,119,0.8758503401360545,0.9020696794431918,5050
"[{'N'}, {'W'}, {'P'}, {'T'}]",0.3115668729315195,124,0.8761384335154827,0.9020696794431918,5050
"[{'U'}, {'N'}, {'N'}, {'W'}]",0.31153135480140426,123,0.8761297182349814,0.9020696794431918,5050
"[{'Z'}, {'T'}, {'N'}, {'W'}]",0.3115290495580011,118,0.8758620689655173,0.9020696794431918,5050
"[{'V'}, {'N'}, {'X'}, {'M'}]",0.3115054723936417,127,0.87636815920398,0.9020696794431918,5050
"[{'O'}, {'O'}, {'T'}, {'X'}]",0.3114899763719142,128,0.8764374847076095,0.9020696794431918,5050
"[{'Y'}, {'T'}, {'X'}, {'M'}]",0.31142106437012873,103,0.8750957854406131,0.9020696794431918,5050
"[{'Y'}, {'P'}, {'X'}, {'Z'}]",0.31139145061064666,114,0.8758089368258859,0.9020696794431918,5050
"[{'M'}, {'M'}, {'X'}, {'N'}]",0.3113656451119282,121,0.8762295081967213,0.9020696794431918,5050
"[{'W'}, {'M'}, {'W'}, {'O'}]",0.3113459174105089,121,0.8762541806020067,0.9020696794431918,5050
"[{'M'}, {'T'}, {'T'}, {'T'}]",0.31129933766167794,114,0.8759259259259259,0.9020696794431918,5050
"[{'Z'}, {'W'}, {'N'}, {'T'}]",0.31129924739252024,115,0.8759830611010284,0.9020696794431918,5050
"[{'N'}, {'Y'}, {'T'}, {'Y'}]",0.3112092436777705,132,0.8769775678866588,0.9020696794431918,5050
"[{'X'}, {'X'}, {'P'}, {'V'}]",0.3111992820578521,130,0.8768939393939394,0.9020696794431918,5050
"[{'T'}, {'V'}, {'V'}, {'P'}]",0.3111900953991419,109,0.8757721345229925,0.9020696794431918,5050
"[{'T'}, {'W'}, {'T'}, {'N'}]",0.3111806810926202,113,0.8760200878844946,0.9020696794431918,5050
"[{'Z'}, {'U'}, {'V'}, {'U'}]",0.31115734652790494,118,0.8763301696865113,0.9020696794431918,5050
"[{'V'}, {'M'}, {'T'}, {'T'}]",0.3111491824932442,112,0.8760026737967914,0.9020696794431918,5050
"[{'M'}, {'T'}, {'Y'}, {'U'}]",0.3111454220041523,124,0.8766623207301174,0.9020696794431918,5050
"[{'M'}, {'U'}, {'U'}, {'W'}]",0.31113148365360344,119,0.8764172335600907,0.9020696794431918,5050
"[{'N'}, {'M'}, {'Z'}, {'V'}]",0.311125460467931,131,0.8770334928229666,0.9020696794431918,5050
"[{'T'}, {'X'}, {'V'}, {'T'}]",0.3111184711486946,104,0.8755555555555556,0.9020696794431918,5050
"[{'X'}, {'W'}, {'P'}, {'X'}]",0.3110968462316581,126,0.8768245838668373,0.9020696794431918,5050
"[{'M'}, {'U'}, {'M'}, {'Y'}]",0.3110622380542073,103,0.8755656108597285,0.9020696794431918,5050
"[{'X'}, {'N'}, {'T'}, {'X'}]",0.31106065880744926,114,0.876231527093596,0.9020696794431918,5050
"[{'T'}, {'M'}, {'T'}, {'P'}]",0.31105534800302415,111,0.8760655737704918,0.9020696794431918,5050
"[{'P'}, {'O'}, {'P'}, {'P'}]",0.31100906730682687,107,0.875886524822695,0.9020696794431918,5050
"[{'V'}, {'O'}, {'P'}, {'Z'}]",0.3109375422522971,113,0.8763339610797238,0.9020696794431918,5050
"[{'N'}, {'T'}, {'Y'}, {'X'}]",0.31092109254441025,137,0.8775641025641026,0.9020696794431918,5050
"[{'W'}, {'V'}, {'Y'}, {'V'}]",0.3108976732336458,117,0.876608187134503,0.9020696794431918,5050
"[{'Y'}, {'U'}, {'P'}, {'Y'}]",0.3108921516353246,134,0.8774641577060932,0.9020696794431918,5050
"[{'T'}, {'T'}, {'T'}, {'M'}]",0.31087243350080795,113,0.8764186633039093,0.9020696794431918,5050
"[{'M'}, {'Y'}, {'N'}, {'Y'}]",0.31083859198630404,104,0.8759259259259259,0.9020696794431918,5050
"[{'P'}, {'Y'}, {'T'}, {'M'}]",0.31082493801815203,102,0.8758169934640523,0.9020696794431918,5050
"[{'V'}, {'U'}, {'V'}, {'Y'}]",0.31081302173974246,127,0.8772321428571429,0.9020696794431918,5050
"[{'M'}, {'P'}, {'T'}, {'W'}]",0.31079494584674106,137,0.8777208706786171,0.9020696794431918,5050
"[{'P'}, {'P'}, {'P'}, {'V'}]",0.3107680834307447,115,0.8766666666666666,0.9020696794431918,5050
"[{'P'}, {'V'}, {'T'}, {'P'}]",0.31075985103383286,105,0.8760932944606414,0.9020696794431918,5050
"[{'T'}, {'V'}, {'N'}, {'Y'}]",0.31072099715384893,117,0.8768371546149324,0.9020696794431918,5050
"[{'V'}, {'Z'}, {'W'}, {'V'}]",0.31070684027126705,103,0.8760393046107332,0.9020696794431918,5050
"[{'Z'}, {'T'}, {'O'}, {'O'}]",0.3106878406293472,113,0.8766603415559772,0.9020696794431918,5050
"[{'M'}, {'P'}, {'Y'}, {'Z'}]",0.3106864786558492,119,0.8769886363636363,0.9020696794431918,5050
"[{'W'}, {'T'}, {'T'}, {'Y'}]",0.31068325423844756,124,0.8772495299489659,0.9020696794431918,5050
"[{'W'}, {'W'}, {'U'}, {'P'}]",0.31066244800978604,113,0.8766937669376694,0.9020696794431918,5050
"[{'X'}, {'U'}, {'N'}, {'W'}]",0.31062475031877157,118,0.8770161290322581,0.9020696794431918,5050
"[{'W'}, {'X'}, {'Y'}, {'P'}]",0.31059165505126407,129,0.8776104905293831,0.9020696794431918,5050
"[{'V'}, {'Z'}, {'P'}, {'X'}]",0.31057914704163336,130,0.8776736361451574,0.9020696794431918,5050
"[{'P'}, {'Y'}, {'M'}, {'X'}]",0.31052664138342445,110,0.8767032236623462,0.9020696794431918,5050
"[{'V'}, {'M'}, {'V'}, {'P'}]",0.31051831981149325,119,0.8772079772079773,0.9020696794431918,5050
"[{'P'}, {'V'}, {'P'}, {'W'}]",0.3103973387325395,118,0.8773148148148148,0.9020696794431918,5050
"[{'V'}, {'N'}, {'T'}, {'P'}]",0.3102794325649091,110,0.8770355599867065,0.9020696794431918,5050
"[{'Y'}, {'V'}, {'X'}, {'P'}]",0.31025641634315626,122,0.8777056277056278,0.9020696794431918,5050
"[{'P'}, {'N'}, {'X'}, {'U'}]",0.3102461291142007,112,0.8771929824561403,0.9020696794431918,5050
"[{'T'}, {'T'}, {'M'}, {'P'}]",0.31021300240712923,113,0.877292852624921,0.9020696794431918,5050
"[{'M'}, {'V'}, {'M'}, {'Y'}]",0.31019810341011933,115,0.8774213075060533,0.9020696794431918,5050
"[{'M'}, {'W'}, {'Z'}, {'Y'}]",0.3101909965078893,133,0.878310502283105,0.9020696794431918,5050
"[{'X'}, {'N'}, {'O'}, {'P'}]",0.31017595724625335,117,0.8775569842197546,0.9020696794431918,5050
"[{'N'}, {'X'}, {'M'}, {'P'}]",0.3101592638749382,116,0.8775267538644471,0.9020696794431918,5050
"[{'Y'}, {'O'}, {'U'}, {'V'}]",0.3101488820100441,115,0.8774875621890548,0.9020696794431918,5050
"[{'O'}, {'X'}, {'M'}, {'X'}]",0.3101291756479828,133,0.8783908045977011,0.9020696794431918,5050
"[{'X'}, {'P'}, {'W'}, {'T'}]",0.3101263624295667,120,0.8777777777777778,0.9020696794431918,5050
"[{'U'}, {'Y'}, {'T'}, {'M'}]",0.31012568192772483,104,0.8768939393939393,0.9020696794431918,5050
"[{'Z'}, {'P'}, {'X'}, {'O'}]",0.3101228443044147,116,0.8775757575757576,0.9020696794431918,5050
"[{'T'}, {'V'}, {'V'}, {'U'}]",0.3100818470399912,103,0.8768939393939393,0.9020696794431918,5050
"[{'W'}, {'P'}, {'Y'}, {'U'}]",0.3100489383461479,94,0.876358695652174,0.9020696794431918,5050
"[{'P'}, {'M'}, {'U'}, {'U'}]",0.3100398686080297,123,0.8780423280423281,0.9020696794431918,5050
"[{'Y'}, {'N'}, {'V'}, {'T'}]",0.31003806317298144,107,0.8771929824561404,0.9020696794431918,5050
"[{'Z'}, {'M'}, {'Y'}, {'T'}]",0.3100335930847571,107,0.8771991555242787,0.9020696794431918,5050
"[{'T'}, {'Y'}, {'T'}, {'V'}]",0.30999446040958045,113,0.8775894538606404,0.9020696794431918,5050
"[{'W'}, {'M'}, {'M'}, {'W'}]",0.30997320061203626,112,0.8775641025641026,0.9020696794431918,5050
"[{'P'}, {'V'}, {'Y'}, {'U'}]",0.30996681244080326,111,0.877517868745939,0.9020696794431918,5050
"[{'V'}, {'Z'}, {'V'}, {'P'}]",0.3099591909073516,117,0.8778492109877265,0.9020696794431918,5050
"[{'P'}, {'W'}, {'Z'}, {'U'}]",0.30994937943575107,126,0.8783068783068783,0.9020696794431918,5050
"[{'U'}, {'Y'}, {'U'}, {'M'}]",0.3099484750528003,119,0.8779661016949153,0.9020696794431918,5050
"[{'Z'}, {'U'}, {'U'}, {'P'}]",0.30994102381208144,127,0.8783649052841476,0.9020696794431918,5050
"[{'V'}, {'Y'}, {'Z'}, {'U'}]",0.30992848932782213,113,0.8776796973518285,0.9020696794431918,5050
"[{'Y'}, {'M'}, {'Z'}, {'V'}]",0.30992728619996834,108,0.8774038461538461,0.9020696794431918,5050
"[{'M'}, {'X'}, {'X'}, {'Z'}]",0.3098532139353224,137,0.8789247311827957,0.9020696794431918,5050
"[{'M'}, {'Y'}, {'M'}, {'M'}]",0.3098364959232037,108,0.8775300171526588,0.9020696794431918,5050
"[{'M'}, {'M'}, {'T'}, {'V'}]",0.3098002487736986,122,0.8783155592015313,0.9020696794431918,5050
"[{'V'}, {'T'}, {'N'}, {'P'}]",0.3097759302396176,106,0.8775,0.9020696794431918,5050
"[{'M'}, {'X'}, {'N'}, {'Z'}]",0.30974330508617254,116,0.8780923994038748,0.9020696794431918,5050
"[{'M'}, {'Y'}, {'Y'}, {'T'}]",0.30973771804868455,114,0.877995642701525,0.9020696794431918,5050
"[{'M'}, {'U'}, {'W'}, {'W'}]",0.309687789036559,117,0.8782201405152225,0.9020696794431918,5050
"[{'Z'}, {'M'}, {'X'}, {'V'}]",0.30963408350132127,112,0.8780332056194126,0.9020696794431918,5050
"[{'M'}, {'P'}, {'X'}, {'U'}]",0.30960920896338073,125,0.8787179487179488,0.9020696794431918,5050
"[{'V'}, {'T'}, {'Y'}, {'T'}]",0.30959199532287374,108,0.8778730703259006,0.9020696794431918,5050
"[{'U'}, {'Z'}, {'O'}, {'Y'}]",0.30958278007481466,121,0.8785635964912281,0.9020696794431918,5050
"[{'M'}, {'N'}, {'T'}, {'U'}]",0.3095468217033389,129,0.8789855072463768,0.9020696794431918,5050
"[{'M'}, {'U'}, {'P'}, {'V'}]",0.309535288494187,119,0.8785310734463276,0.9020696794431918,5050
"[{'X'}, {'P'}, {'W'}, {'Y'}]",0.3095352884941869,119,0.8785310734463277,0.9020696794431918,5050
"[{'T'}, {'P'}, {'V'}, {'M'}]",0.30939420301381404,99,0.8776282590412111,0.9020696794431918,5050
"[{'V'}, {'X'}, {'M'}, {'X'}]",0.3093754729112619,129,0.8792189006750241,0.9020696794431918,5050
"[{'X'}, {'W'}, {'P'}, {'W'}]",0.3093741836884739,116,0.8786057692307693,0.9020696794431918,5050
"[{'Z'}, {'Z'}, {'P'}, {'M'}]",0.30935742846195735,107,0.8781512605042017,0.9020696794431918,5050
"[{'V'}, {'T'}, {'M'}, {'Y'}]",0.30933237008946624,119,0.8788135593220339,0.9020696794431918,5050
"[{'X'}, {'X'}, {'P'}, {'M'}]",0.30932557065596,105,0.8780841799709724,0.9020696794431918,5050
"[{'X'}, {'P'}, {'X'}, {'Y'}]",0.3093196016219397,115,0.8786319612590799,0.9020696794431918,5050
"[{'T'}, {'Y'}, {'Y'}, {'V'}]",0.30931875159698763,112,0.8784777742244962,0.9020696794431918,5050
"[{'M'}, {'M'}, {'W'}, {'T'}]",0.3092602677038928,122,0.8790584415584416,0.9020696794431918,5050
"[{'V'}, {'W'}, {'W'}, {'U'}]",0.3092413040646337,122,0.8790849673202614,0.9020696794431918,5050
"[{'Y'}, {'V'}, {'U'}, {'W'}]",0.3092330309457463,114,0.8787037037037038,0.9020696794431918,5050
"[{'P'}, {'X'}, {'X'}, {'P'}]",0.30921567753934365,100,0.8779511804721889,0.9020696794431918,5050
"[{'P'}, {'Z'}, {'N'}, {'U'}]",0.3092108370944979,109,0.8784722222222222,0.9020696794431918,5050
"[{'M'}, {'N'}, {'M'}, {'Y'}]",0.3091801792032407,119,0.8790276992651215,0.9020696794431918,5050
"[{'T'}, {'M'}, {'Y'}, {'T'}]",0.3091794719382077,109,0.8785175017158545,0.9020696794431918,5050
"[{'T'}, {'W'}, {'M'}, {'Y'}]",0.30917322383121526,108,0.8784722222222221,0.9020696794431918,5050
"[{'T'}, {'U'}, {'X'}, {'P'}]",0.30916597176944793,123,0.8792372881355932,0.9020696794431918,5050
"[{'X'}, {'U'}, {'V'}, {'N'}, {'U'}]",0.30915332380359906,21,0.7857142857142856,0.9020696794431918,5050
"[{'V'}, {'T'}, {'U'}, {'X'}]",0.30914219534266474,109,0.8785714285714287,0.9020696794431918,5050
"[{'P'}, {'Y'}, {'T'}, {'T'}]",0.30912542669356924,106,0.8784313725490196,0.9020696794431918,5050
"[{'O'}, {'U'}, {'O'}, {'Z'}]",0.30911535362355946,131,0.8796641791044777,0.9020696794431918,5050
"[{'X'}, {'Y'}, {'M'}, {'X'}]",0.30911078456202845,139,0.88,0.9020696794431918,5050
"[{'T'}, {'X'}, {'O'}, {'N'}]",0.3091052089154912,104,0.8783482142857142,0.9020696794431918,5050
"[{'U'}, {'P'}, {'X'}, {'N'}]",0.30909180291639105,133,0.8797814207650274,0.9020696794431918,5050
"[{'T'}, {'Z'}, {'Y'}, {'P'}]",0.3090844229827562,127,0.8795330352707401,0.9020696794431918,5050
"[{'Y'}, {'W'}, {'P'}, {'W'}]",0.3090533016184065,125,0.8794871794871795,0.9020696794431918,5050
"[{'T'}, {'V'}, {'T'}, {'N'}]",0.3090482632474224,118,0.8791666666666667,0.9020696794431918,5050
"[{'W'}, {'V'}, {'Y'}, {'T'}]",0.3090147959107369,120,0.8793103448275862,0.9020696794431918,5050
"[{'T'}, {'U'}, {'W'}, {'M'}]",0.3090133173269667,130,0.8797633136094675,0.9020696794431918,5050
"[{'X'}, {'V'}, {'P'}, {'N'}]",0.30900286909870534,137,0.8800682885189928,0.9020696794431918,5050
"[{'V'}, {'U'}, {'W'}, {'W'}]",0.30898145630689144,119,0.8793103448275862,0.9020696794431918,5050
"[{'V'}, {'X'}, {'Y'}, {'T'}]",0.30897832967332395,123,0.8795021186440678,0.9020696794431918,5050
"[{'M'}, {'P'}, {'X'}, {'V'}]",0.3089773615069854,115,0.8791208791208791,0.9020696794431918,5050
"[{'U'}, {'N'}, {'O'}, {'Y'}]",0.3089703644650018,132,0.8799081515499426,0.9020696794431918,5050
"[{'W'}, {'M'}, {'X'}, {'X'}]",0.30895094108828447,129,0.8798076923076923,0.9020696794431918,5050
"[{'M'}, {'Y'}, {'U'}, {'Y'}]",0.3089374986614092,120,0.8794207741576163,0.9020696794431918,5050
"[{'X'}, {'Y'}, {'N'}, {'T'}]",0.3089334138001032,115,0.8791844187461959,0.9020696794431918,5050
"[{'Y'}, {'V'}, {'T'}, {'P'}]",0.3088830820769234,106,0.8787878787878788,0.9020696794431918,5050
"[{'P'}, {'Y'}, {'V'}, {'W'}]",0.30888000006159455,124,0.8796875,0.9020696794431918,5050
"[{'U'}, {'Y'}, {'V'}, {'Z'}]",0.30883882749424274,101,0.8785714285714286,0.9020696794431918,5050
"[{'U'}, {'U'}, {'Z'}, {'W'}]",0.30882079173452137,135,0.8802408563782337,0.9020696794431918,5050
"[{'N'}, {'X'}, {'T'}, {'O'}]",0.30881977959354423,109,0.8790431266846361,0.9020696794431918,5050
"[{'U'}, {'W'}, {'N'}, {'U'}]",0.30881230836322027,107,0.8789473684210526,0.9020696794431918,5050
"[{'Y'}, {'P'}, {'X'}, {'P'}]",0.3087912858379318,108,0.8790322580645161,0.9020696794431918,5050
"[{'T'}, {'V'}, {'V'}, {'V'}]",0.30874188054875373,96,0.878419452887538,0.9020696794431918,5050
"[{'W'}, {'V'}, {'M'}, {'T'}]",0.30872700261913555,113,0.8793859649122807,0.9020696794431918,5050
"[{'Z'}, {'X'}, {'M'}, {'M'}]",0.30870455928449325,123,0.8798941798941798,0.9020696794431918,5050
"[{'M'}, {'T'}, {'M'}, {'W'}]",0.30868845914349663,126,0.880050505050505,0.9020696794431918,5050
"[{'O'}, {'X'}, {'X'}, {'V'}]",0.30867477492871054,122,0.8798920377867747,0.9020696794431918,5050
"[{'M'}, {'U'}, {'V'}, {'X'}]",0.3086526579080262,129,0.8802308802308803,0.9020696794431918,5050
"[{'M'}, {'M'}, {'T'}, {'T'}]",0.30864834558274,114,0.8795518207282913,0.9020696794431918,5050
"[{'W'}, {'M'}, {'V'}, {'V'}]",0.30860931954591875,123,0.8800322061191627,0.9020696794431918,5050
"[{'M'}, {'W'}, {'V'}, {'Y'}]",0.3085833595547163,115,0.8796969696969696,0.9020696794431918,5050
"[{'T'}, {'N'}, {'U'}, {'U'}]",0.3085621059608099,117,0.8798245614035087,0.9020696794431918,5050
"[{'T'}, {'V'}, {'Y'}, {'Z'}]",0.30854125585446146,110,0.8795100959947036,0.9020696794431918,5050
"[{'W'}, {'U'}, {'M'}, {'X'}]",0.3085264432738739,115,0.8797814207650273,0.9020696794431918,5050
"[{'T'}, {'T'}, {'N'}, {'V'}]",0.30851737961628867,97,0.8788265306122449,0.9020696794431918,5050
"[{'Y'}, {'M'}, {'V'}, {'T'}]",0.30844014708530787,120,0.8801446051167964,0.9020696794431918,5050
"[{'U'}, {'T'}, {'X'}, {'U'}]",0.30842853820543203,123,0.8802966101694916,0.9020696794431918,5050
"[{'P'}, {'M'}, {'O'}, {'N'}]",0.30840937244460087,104,0.8793932667406585,0.9020696794431918,5050
"[{'T'}, {'X'}, {'Y'}, {'W'}]",0.3083689526865572,110,0.8797703478554542,0.9020696794431918,5050
"[{'X'}, {'V'}, {'W'}, {'U'}]",0.3083649089047521,120,0.8802561960456697,0.9020696794431918,5050
"[{'V'}, {'M'}, {'Y'}, {'X'}]",0.30835196644563956,121,0.8803206191265893,0.9020696794431918,5050
"[{'X'}, {'V'}, {'Y'}, {'O'}]",0.3083487808824654,126,0.8805443548387096,0.9020696794431918,5050
"[{'O'}, {'P'}, {'M'}, {'T'}, {'W'}]",0.30833611090490365,29,0.7952380952380953,0.9020696794431918,5050
"[{'M'}, {'M'}, {'W'}, {'O'}]",0.3083345809545496,120,0.8803013392857143,0.9020696794431918,5050
"[{'Z'}, {'U'}, {'U'}, {'X'}]",0.3083076638663975,113,0.8800125313283208,0.9020696794431918,5050
"[{'Y'}, {'X'}, {'M'}, {'P'}]",0.308300040731627,123,0.8804865150713908,0.9020696794431918,5050
"[{'W'}, {'P'}, {'X'}, {'Z'}]",0.3082836252253365,112,0.88,0.9020696794431918,5050
"[{'M'}, {'X'}, {'M'}, {'N'}]",0.30826868114855677,115,0.8801679586563307,0.9020696794431918,5050
"[{'V'}, {'U'}, {'M'}, {'X'}]",0.30822579003625405,123,0.8805970149253732,0.9020696794431918,5050
"[{'P'}, {'Y'}, {'O'}, {'T'}]",0.3082119679859482,128,0.8808302808302808,0.9020696794431918,5050
"[{'Z'}, {'T'}, {'Y'}, {'V'}]",0.30818488143295675,130,0.8809523809523809,0.9020696794431918,5050
"[{'T'}, {'U'}, {'Z'}, {'T'}]",0.30818332544182026,113,0.880201765447667,0.9020696794431918,5050
"[{'X'}, {'N'}, {'P'}, {'P'}]",0.3081781446898375,106,0.8798573975044564,0.9020696794431918,5050
"[{'O'}, {'N'}, {'M'}, {'M'}]",0.3081529184914269,108,0.8799999999999999,0.9020696794431918,5050
"[{'M'}, {'Z'}, {'Y'}, {'V'}]",0.3081072858232471,114,0.8803661616161617,0.9020696794431918,5050
"[{'T'}, {'P'}, {'M'}, {'V'}]",0.3080908052423347,119,0.8806228373702422,0.9020696794431918,5050
"[{'V'}, {'T'}, {'N'}, {'V'}]",0.3080729562439042,123,0.8808262711864407,0.9020696794431918,5050
"[{'T'}, {'M'}, {'U'}, {'T'}]",0.308054389349103,113,0.8803997421018698,0.9020696794431918,5050
"[{'U'}, {'O'}, {'T'}, {'W'}]",0.3080459383858145,125,0.8809523809523809,0.9020696794431918,5050
"[{'W'}, {'O'}, {'U'}, {'T'}]",0.3080398211723404,128,0.8810863714215806,0.9020696794431918,5050
"[{'W'}, {'P'}, {'T'}, {'W'}]",0.3080378192095705,109,0.8802294197031039,0.9020696794431918,5050
"[{'U'}, {'U'}, {'T'}, {'Z'}]",0.3080214324778948,107,0.8801537386443048,0.9020696794431918,5050
"[{'P'}, {'T'}, {'W'}, {'N'}]",0.3080048286264314,110,0.8803305785123967,0.9020696794431918,5050
"[{'P'}, {'U'}, {'Y'}, {'N'}]",0.30799314295725133,102,0.87993487993488,0.9020696794431918,5050
"[{'Z'}, {'W'}, {'T'}, {'W'}]",0.3079883921979667,131,0.8812842210054754,0.9020696794431918,5050
"[{'T'}, {'X'}, {'X'}, {'N'}]",0.30798049679565176,116,0.880654761904762,0.9020696794431918,5050
"[{'O'}, {'U'}, {'P'}, {'Y'}]",0.3079693904589267,114,0.8805786395814096,0.9020696794431918,5050
"[{'W'}, {'U'}, {'X'}, {'P'}]",0.3079609462931656,126,0.8811224489795918,0.9020696794431918,5050
"[{'P'}, {'M'}, {'P'}, {'M'}]",0.307951785059299,99,0.879835390946502,0.9020696794431918,5050
"[{'X'}, {'N'}, {'T'}, {'T'}]",0.30795157251056915,114,0.880606248066811,0.9020696794431918,5050
"[{'V'}, {'P'}, {'X'}, {'V'}]",0.30793207323593896,108,0.8803448275862069,0.9020696794431918,5050
"[{'U'}, {'N'}, {'T'}, {'X'}]",0.30793197757416446,124,0.8810824876398646,0.9020696794431918,5050
"[{'N'}, {'T'}, {'M'}, {'T'}]",0.30788868521516344,116,0.8807966706302022,0.9020696794431918,5050
"[{'M'}, {'P'}, {'X'}, {'W'}]",0.3078406253559104,119,0.8810062182023742,0.9020696794431918,5050
"[{'W'}, {'P'}, {'M'}, {'N'}]",0.30782298189909985,109,0.8805668016194332,0.9020696794431918,5050
"[{'P'}, {'T'}, {'W'}, {'V'}]",0.3078203879938055,112,0.8807163415414134,0.9020696794431918,5050
"[{'P'}, {'X'}, {'Y'}, {'O'}]",0.3078054638387544,142,0.881968552174801,0.9020696794431918,5050
"[{'X'}, {'Y'}, {'M'}, {'Z'}]",0.30778916365332154,130,0.8815446576640606,0.9020696794431918,5050
"[{'T'}, {'V'}, {'X'}, {'U'}]",0.3077848212339813,118,0.8810483870967741,0.9020696794431918,5050
"[{'Z'}, {'M'}, {'T'}, {'X'}]",0.3077847622722376,122,0.8812229437229437,0.9020696794431918,5050
"[{'U'}, {'Z'}, {'T'}, {'O'}]",0.3077831157335488,98,0.8800521512385919,0.9020696794431918,5050
"[{'T'}, {'V'}, {'T'}, {'W'}]",0.3077625830783842,109,0.8806626098715348,0.9020696794431918,5050
"[{'T'}, {'W'}, {'Z'}, {'M'}]",0.30775813856014445,111,0.8807667316439246,0.9020696794431918,5050
"[{'T'}, {'V'}, {'Y'}, {'U'}]",0.3077579634387636,102,0.8803118908382066,0.9020696794431918,5050
"[{'X'}, {'Y'}, {'W'}, {'X'}]",0.3077237833423755,129,0.8816046966731897,0.9020696794431918,5050
"[{'U'}, {'X'}, {'U'}, {'M'}]",0.3077074362177943,129,0.8816297010607521,0.9020696794431918,5050
"[{'M'}, {'U'}, {'X'}, {'X'}]",0.3077065104779546,135,0.8818620992534036,0.9020696794431918,5050
"[{'Z'}, {'X'}, {'T'}, {'X'}]",0.30767680786896223,123,0.8814323607427055,0.9020696794431918,5050
"[{'U'}, {'T'}, {'V'}, {'U'}]",0.3076569872575404,104,0.8805803571428572,0.9020696794431918,5050
"[{'T'}, {'Y'}, {'V'}, {'W'}]",0.30762995780891467,121,0.8814207650273224,0.9020696794431918,5050
"[{'T'}, {'P'}, {'U'}, {'N'}]",0.3076163506845546,119,0.8813559322033898,0.9020696794431918,5050
"[{'T'}, {'T'}, {'P'}, {'X'}]",0.30760476421198646,120,0.8814174107142857,0.9020696794431918,5050
"[{'N'}, {'Y'}, {'U'}, {'T'}]",0.3075850879456846,124,0.8816166883963494,0.9020696794431918,5050
"[{'M'}, {'O'}, {'O'}, {'U'}]",0.3075710367093003,130,0.8818785578747628,0.9020696794431918,5050
"[{'X'}, {'M'}, {'M'}, {'O'}]",0.3075421271547072,123,0.8816425120772946,0.9020696794431918,5050
"[{'Y'}, {'X'}, {'O'}, {'M'}]",0.30750470946159403,115,0.8813559322033898,0.9020696794431918,5050
"[{'Z'}, {'U'}, {'V'}, {'Y'}]",0.30749154343212715,116,0.8814217443249701,0.9020696794431918,5050
"[{'X'}, {'X'}, {'W'}, {'V'}]",0.3074849163344948,108,0.8810603418207186,0.9020696794431918,5050
"[{'T'}, {'X'}, {'O'}, {'W'}]",0.3074503738288793,102,0.8808150711264898,0.9020696794431918,5050
"[{'W'}, {'T'}, {'P'}, {'T'}]",0.30744612561242546,122,0.8817522171459286,0.9020696794431918,5050
"[{'M'}, {'V'}, {'T'}, {'X'}]",0.3074016521165589,132,0.882217621348056,0.9020696794431918,5050
"[{'W'}, {'T'}, {'W'}, {'X'}]",0.30738010380253356,127,0.8820589705147427,0.9020696794431918,5050
"[{'V'}, {'U'}, {'M'}, {'P'}]",0.30737493751244893,125,0.8819875776397516,0.9020696794431918,5050
"[{'Y'}, {'T'}, {'V'}, {'U'}]",0.3073686390167205,107,0.8812019566736548,0.9020696794431918,5050
"[{'Z'}, {'O'}, {'P'}, {'M'}, {'X'}]",0.30736521911518433,26,0.7928994082840237,0.9020696794431918,5050
"[{'M'}, {'V'}, {'U'}, {'O'}]",0.3073336763592881,104,0.8811111111111111,0.9020696794431918,5050
"[{'M'}, {'V'}, {'U'}, {'M'}]",0.3072359459978887,107,0.8814215341308937,0.9020696794431918,5050
"[{'Y'}, {'W'}, {'P'}, {'V'}]",0.30722897075264677,132,0.8824884792626728,0.9020696794431918,5050
"[{'M'}, {'T'}, {'V'}, {'X'}]",0.3072057328621134,110,0.8816137566137566,0.9020696794431918,5050
"[{'M'}, {'Z'}, {'O'}, {'T'}]",0.3072011691008295,122,0.8821438337435056,0.9020696794431918,5050
"[{'P'}, {'X'}, {'Y'}, {'Y'}]",0.30716014998145313,119,0.8820861678004536,0.9020696794431918,5050
"[{'M'}, {'Z'}, {'O'}, {'X'}]",0.30715656636874267,111,0.8817413905133202,0.9020696794431918,5050
"[{'P'}, {'P'}, {'Y'}, {'T'}]",0.30712966500865013,108,0.8816466552315609,0.9020696794431918,5050
"[{'M'}, {'T'}, {'X'}, {'W'}]",0.3071274349043138,125,0.8823831535695942,0.9020696794431918,5050
"[{'N'}, {'O'}, {'M'}, {'Y'}]",0.3070727623388888,130,0.8826628352490421,0.9020696794431918,5050
"[{'M'}, {'X'}, {'M'}, {'Y'}]",0.30706700353113625,104,0.881559220389805,0.9020696794431918,5050
"[{'U'}, {'Z'}, {'U'}, {'X'}, {'V'}]",0.3070492899344268,20,0.7857142857142858,0.9020696794431918,5050
"[{'O'}, {'X'}, {'X'}, {'Y'}]",0.3070259692275594,131,0.8827751196172249,0.9020696794431918,5050
"[{'W'}, {'Z'}, {'W'}, {'T'}]",0.3070195033009161,133,0.882858435097241,0.9020696794431918,5050
"[{'N'}, {'Y'}, {'U'}, {'X'}]",0.3069993364297924,113,0.882093316519546,0.9020696794431918,5050
"[{'N'}, {'M'}, {'V'}, {'M'}]",0.3069515328738952,128,0.8827838827838828,0.9020696794431918,5050
"[{'O'}, {'Z'}, {'P'}, {'N'}]",0.3069447130811064,137,0.8831196581196581,0.9020696794431918,5050
"[{'T'}, {'N'}, {'M'}, {'U'}]",0.30693886554539074,109,0.8820148749154835,0.9020696794431918,5050
"[{'X'}, {'T'}, {'N'}, {'P'}]",0.3069272396355339,122,0.8825910931174089,0.9020696794431918,5050
"[{'M'}, {'P'}, {'U'}, {'Y'}]",0.3069138961556044,114,0.8822804314329739,0.9020696794431918,5050
"[{'W'}, {'T'}, {'Y'}, {'Y'}]",0.30688862192193644,101,0.8817161186848438,0.9020696794431918,5050
"[{'O'}, {'U'}, {'W'}, {'N'}]",0.3068870850720312,130,0.8829633204633205,0.9020696794431918,5050
"[{'X'}, {'O'}, {'T'}, {'Z'}]",0.30686208511785795,136,0.8832179930795847,0.9020696794431918,5050
"[{'V'}, {'V'}, {'O'}, {'T'}]",0.3068566511487081,109,0.8821548821548822,0.9020696794431918,5050
"[{'V'}, {'T'}, {'Z'}, {'P'}]",0.30681657187121025,128,0.8830049261083744,0.9020696794431918,5050
"[{'O'}, {'U'}, {'N'}, {'T'}]",0.306806279357251,132,0.8831678596167167,0.9020696794431918,5050
"[{'X'}, {'Y'}, {'W'}, {'P'}]",0.3067902794762575,126,0.8829732510288066,0.9020696794431918,5050
"[{'T'}, {'Z'}, {'U'}, {'V'}]",0.30675917119839147,106,0.882183908045977,0.9020696794431918,5050
"[{'V'}, {'Y'}, {'Y'}, {'X'}]",0.3067481659464363,118,0.8827285921625545,0.9020696794431918,5050
"[{'T'}, {'M'}, {'X'}, {'W'}]",0.30669912653674813,119,0.8828522920203735,0.9020696794431918,5050
"[{'M'}, {'P'}, {'N'}, {'Z'}]",0.30668404715825337,131,0.8833333333333333,0.9020696794431918,5050
"[{'P'}, {'T'}, {'M'}, {'Z'}]",0.3066740669811452,94,0.8817303267372296,0.9020696794431918,5050
"[{'O'}, {'V'}, {'X'}, {'V'}]",0.3066138143791518,106,0.8824377930039669,0.9020696794431918,5050
"[{'X'}, {'T'}, {'Y'}, {'U'}]",0.3066049075450241,122,0.8831309041835357,0.9020696794431918,5050
"[{'U'}, {'M'}, {'P'}, {'P'}]",0.3065989672791155,110,0.8826446280991735,0.9020696794431918,5050
"[{'M'}, {'Y'}, {'Y'}, {'V'}]",0.3065741057629907,105,0.8824613117170229,0.9020696794431918,5050
"[{'P'}, {'T'}, {'Z'}, {'X'}]",0.3065659854381355,113,0.8828320802005013,0.9020696794431918,5050
"[{'M'}, {'O'}, {'Z'}, {'P'}]",0.30652424137139356,123,0.8833067517278043,0.9020696794431918,5050
"[{'Z'}, {'T'}, {'Z'}, {'Y'}]",0.3065166817822951,120,0.8832035595105674,0.9020696794431918,5050
"[{'T'}, {'U'}, {'T'}, {'M'}]",0.30650868490578764,123,0.8833333333333333,0.9020696794431918,5050
"[{'Y'}, {'Z'}, {'T'}, {'X'}]",0.30649885332733895,132,0.883677733921523,0.9020696794431918,5050
"[{'N'}, {'U'}, {'X'}, {'Z'}]",0.30649626285750364,143,0.884046381447421,0.9020696794431918,5050
"[{'Z'}, {'T'}, {'W'}, {'X'}]",0.30648279954526036,125,0.883452868852459,0.9020696794431918,5050
"[{'X'}, {'V'}, {'X'}, {'X'}]",0.30646874614988917,133,0.8837630031659882,0.9020696794431918,5050
"[{'Y'}, {'V'}, {'P'}, {'V'}]",0.3064639601638087,121,0.8833333333333334,0.9020696794431918,5050
"[{'T'}, {'U'}, {'Z'}, {'W'}]",0.30645501426628474,136,0.8838878016960209,0.9020696794431918,5050
"[{'X'}, {'Z'}, {'N'}, {'T'}]",0.3064409258163656,116,0.8831747919143875,0.9020696794431918,5050
"[{'O'}, {'T'}, {'Y'}, {'W'}]",0.3063994958265578,146,0.8842991011665711,0.9020696794431918,5050
"[{'W'}, {'N'}, {'Y'}, {'P'}]",0.3063811136547,129,0.8837719298245614,0.9020696794431918,5050
"[{'V'}, {'X'}, {'O'}, {'W'}]",0.3063608137849687,110,0.8830645161290321,0.9020696794431918,5050
"[{'X'}, {'W'}, {'V'}, {'M'}]",0.30633433147931566,135,0.8840579710144928,0.9020696794431918,5050
"[{'U'}, {'V'}, {'Y'}, {'P'}]",0.3063252451302013,108,0.8830409356725146,0.9020696794431918,5050
"[{'X'}, {'P'}, {'W'}, {'U'}]",0.30630533373956814,127,0.8838308457711442,0.9020696794431918,5050
"[{'X'}, {'V'}, {'Y'}, {'V'}]",0.30630443786247374,114,0.8833333333333334,0.9020696794431918,5050
"[{'U'}, {'P'}, {'V'}, {'Z'}]",0.306281824265928,125,0.8837991718426501,0.9020696794431918,5050
"[{'O'}, {'O'}, {'Y'}, {'P'}]",0.3062811948435228,132,0.8840474461389494,0.9020696794431918,5050
"[{'V'}, {'M'}, {'U'}, {'W'}]",0.3062529896599401,126,0.8838856564634454,0.9020696794431918,5050
"[{'W'}, {'X'}, {'N'}, {'X'}]",0.30624921012981166,116,0.8835125448028674,0.9020696794431918,5050
"[{'Y'}, {'Z'}, {'T'}, {'T'}]",0.3062335686296914,116,0.8835403726708074,0.9020696794431918,5050
"[{'Z'}, {'P'}, {'X'}, {'U'}]",0.3062285728904037,123,0.8838185890257558,0.9020696794431918,5050
"[{'Z'}, {'Z'}, {'U'}, {'X'}]",0.3062165408936328,111,0.8833658219623132,0.9020696794431918,5050
"[{'P'}, {'V'}, {'P'}, {'V'}]",0.3061869438974001,124,0.8839285714285715,0.9020696794431918,5050
"[{'X'}, {'P'}, {'N'}, {'X'}]",0.30614315802968006,102,0.8831018518518519,0.9020696794431918,5050
"[{'M'}, {'N'}, {'M'}, {'V'}]",0.3061290239450475,110,0.8834822906322409,0.9020696794431918,5050
"[{'T'}, {'O'}, {'X'}, {'P'}]",0.30609092636764923,123,0.8840618336886994,0.9020696794431918,5050
"[{'X'}, {'T'}, {'Y'}, {'V'}]",0.30606693680433483,111,0.8836375488917863,0.9020696794431918,5050
"[{'V'}, {'W'}, {'M'}, {'W'}]",0.30606693680433483,111,0.8836375488917861,0.9020696794431918,5050
"[{'Z'}, {'M'}, {'V'}, {'W'}]",0.3060448414323502,110,0.8836363636363636,0.9020696794431918,5050
"[{'X'}, {'T'}, {'X'}, {'P'}]",0.30600168723084653,101,0.8833199679230153,0.9020696794431918,5050
"[{'Y'}, {'V'}, {'O'}, {'X'}]",0.30597511432677793,123,0.8842690677966101,0.9020696794431918,5050
"[{'T'}, {'N'}, {'O'}, {'N'}]",0.305960400233418,122,0.8842592592592593,0.9020696794431918,5050
"[{'T'}, {'Y'}, {'U'}, {'T'}]",0.30592239076274197,113,0.883984867591425,0.9020696794431918,5050
"[{'V'}, {'N'}, {'Y'}, {'T'}]",0.305902936778393,103,0.8835978835978836,0.9020696794431918,5050
"[{'M'}, {'U'}, {'T'}, {'O'}]",0.30589266484007804,124,0.884453781512605,0.9020696794431918,5050
"[{'Y'}, {'V'}, {'V'}, {'Z'}]",0.30587833097242123,129,0.8846527440505099,0.9020696794431918,5050
"[{'M'}, {'Z'}, {'P'}, {'W'}]",0.305876945543784,106,0.8837789661319073,0.9020696794431918,5050
"[{'V'}, {'T'}, {'P'}, {'U'}, {'N'}]",0.3058763152463245,24,0.7916666666666666,0.9020696794431918,5050
"[{'P'}, {'P'}, {'P'}, {'M'}]",0.305874435741207,110,0.8839522546419099,0.9020696794431918,5050
"[{'W'}, {'N'}, {'V'}, {'U'}]",0.30585774065076965,105,0.8837719298245614,0.9020696794431918,5050
"[{'V'}, {'Y'}, {'P'}, {'V'}]",0.3058568871734558,107,0.883859649122807,0.9020696794431918,5050
"[{'U'}, {'T'}, {'P'}, {'X'}]",0.30580763850955517,116,0.8843149038461539,0.9020696794431918,5050
"[{'Y'}, {'V'}, {'O'}, {'T'}]",0.3057940611766482,122,0.8845622756144711,0.9020696794431918,5050
"[{'M'}, {'M'}, {'P'}, {'N'}]",0.3057663545330851,132,0.8849537037037037,0.9020696794431918,5050
"[{'M'}, {'O'}, {'Z'}, {'M'}]",0.3057346500060313,101,0.8838304552590267,0.9020696794431918,5050
"[{'T'}, {'T'}, {'T'}, {'Z'}]",0.30570661915392594,119,0.8846153846153846,0.9020696794431918,5050
"[{'Y'}, {'T'}, {'P'}, {'V'}]",0.30568054702114533,98,0.8837984173261142,0.9020696794431918,5050
"[{'O'}, {'N'}, {'Z'}, {'U'}, {'P'}]",0.3056602475241088,20,0.7866666666666666,0.9020696794431918,5050
"[{'N'}, {'O'}, {'W'}, {'P'}]",0.30565772811869096,135,0.8852459016393442,0.9020696794431918,5050
"[{'V'}, {'Z'}, {'Y'}, {'U'}]",0.3056369512399427,122,0.8848533763788,0.9020696794431918,5050
"[{'M'}, {'Z'}, {'P'}, {'M'}]",0.30562672136183444,101,0.8840408805031447,0.9020696794431918,5050
"[{'X'}, {'P'}, {'T'}, {'W'}]",0.3056221075528881,126,0.8850192061459667,0.9020696794431918,5050
"[{'V'}, {'W'}, {'W'}, {'T'}]",0.3056146096890906,128,0.8851000741289845,0.9020696794431918,5050
"[{'P'}, {'X'}, {'Z'}, {'N'}]",0.3056100163075244,121,0.8848684210526314,0.9020696794431918,5050
"[{'U'}, {'V'}, {'V'}, {'M'}]",0.30559551486202874,117,0.8847507331378299,0.9020696794431918,5050
"[{'X'}, {'T'}, {'T'}, {'Y'}]",0.3055587828968106,134,0.8853957636566332,0.9020696794431918,5050
"[{'Y'}, {'T'}, {'Y'}, {'W'}]",0.305538924968741,116,0.8848214285714285,0.9020696794431918,5050
"[{'W'}, {'P'}, {'T'}, {'Y'}]",0.305538371220744,120,0.8849680466796331,0.9020696794431918,5050
"[{'X'}, {'Z'}, {'M'}, {'M'}]",0.3055208558730488,111,0.8846653671215075,0.9020696794431918,5050
"[{'X'}, {'Y'}, {'P'}, {'X'}]",0.305512580375657,124,0.88515625,0.9020696794431918,5050
"[{'U'}, {'Y'}, {'P'}, {'Z'}]",0.3055031578791787,120,0.885034965034965,0.9020696794431918,5050
"[{'V'}, {'N'}, {'T'}, {'X'}]",0.30547726791489294,127,0.8853233830845771,0.9020696794431918,5050
"[{'P'}, {'T'}, {'Z'}, {'Y'}]",0.3054236811924671,107,0.8846960167714885,0.9020696794431918,5050
"[{'U'}, {'Z'}, {'V'}, {'Z'}]",0.3054195747337888,117,0.8850877192982456,0.9020696794431918,5050
"[{'O'}, {'M'}, {'V'}, {'Y'}]",0.3053574599653166,120,0.8853146853146854,0.9020696794431918,5050
"[{'O'}, {'W'}, {'X'}, {'P'}]",0.3053566498273611,125,0.8854863612969635,0.9020696794431918,5050
"[{'T'}, {'V'}, {'X'}, {'N'}]",0.30535146929955503,128,0.8855942673585372,0.9020696794431918,5050
"[{'N'}, {'W'}, {'M'}, {'T'}]",0.305336879475401,104,0.8847457627118643,0.9020696794431918,5050
"[{'T'}, {'O'}, {'T'}, {'M'}]",0.3053215238337973,120,0.8853843987609124,0.9020696794431918,5050
"[{'N'}, {'N'}, {'U'}, {'W'}]",0.305311438887072,126,0.8856060606060606,0.9020696794431918,5050
"[{'M'}, {'W'}, {'T'}, {'V'}]",0.30529783907812236,127,0.8856646825396826,0.9020696794431918,5050
"[{'W'}, {'Y'}, {'O'}, {'Y'}]",0.30526776824336077,132,0.8858796296296297,0.9020696794431918,5050
"[{'T'}, {'Y'}, {'X'}, {'W'}]",0.3052645763916353,118,0.8854256854256854,0.9020696794431918,5050
"[{'Z'}, {'N'}, {'T'}, {'Y'}]",0.30525657382165494,119,0.8854764638346727,0.9020696794431918,5050
"[{'U'}, {'T'}, {'W'}, {'V'}]",0.3052509390579401,119,0.8854875283446711,0.9020696794431918,5050
"[{'W'}, {'V'}, {'V'}, {'O'}]",0.30524898645286436,114,0.8853125,0.9020696794431918,5050
"[{'V'}, {'U'}, {'Z'}, {'M'}]",0.3052047302864074,123,0.8857142857142858,0.9020696794431918,5050
"[{'M'}, {'Y'}, {'T'}, {'W'}]",0.3052046629271513,127,0.8858447488584474,0.9020696794431918,5050
"[{'W'}, {'P'}, {'W'}, {'T'}]",0.3052028647718399,104,0.8850174216027875,0.9020696794431918,5050
"[{'P'}, {'X'}, {'O'}, {'X'}]",0.305168038406912,122,0.8857530529172319,0.9020696794431918,5050
"[{'M'}, {'V'}, {'T'}, {'M'}]",0.30516015313461065,118,0.8856321839080459,0.9020696794431918,5050
"[{'T'}, {'X'}, {'O'}, {'U'}]",0.3051515333728254,112,0.8854337152209493,0.9020696794431918,5050
"[{'Z'}, {'W'}, {'Y'}, {'P'}]",0.3051515333728254,112,0.8854337152209493,0.9020696794431918,5050
"[{'U'}, {'N'}, {'M'}, {'W'}]",0.3051482426851603,128,0.885986328125,0.9020696794431918,5050
"[{'T'}, {'M'}, {'M'}, {'W'}]",0.30513227486870587,114,0.885545905707196,0.9020696794431918,5050
"[{'W'}, {'O'}, {'X'}, {'V'}]",0.305125914226432,102,0.8850931677018633,0.9020696794431918,5050
"[{'N'}, {'X'}, {'V'}, {'T'}]",0.3051224587069189,117,0.8856725146198831,0.9020696794431918,5050
"[{'M'}, {'Z'}, {'Y'}, {'M'}]",0.3051195398156552,102,0.8851063829787235,0.9020696794431918,5050
"[{'X'}, {'V'}, {'M'}, {'V'}]",0.3051133492718363,141,0.8864372469635627,0.9020696794431918,5050
"[{'P'}, {'V'}, {'Y'}, {'T'}]",0.30510958911501396,120,0.8858016115587662,0.9020696794431918,5050
"[{'Z'}, {'Y'}, {'P'}, {'X'}]",0.30510743183983846,112,0.8855229591836735,0.9020696794431918,5050
"[{'M'}, {'U'}, {'P'}, {'U'}]",0.30509659065548644,123,0.8859275053304904,0.9020696794431918,5050
"[{'W'}, {'V'}, {'W'}, {'V'}]",0.3050877713043607,119,0.8858111927642734,0.9020696794431918,5050
"[{'W'}, {'X'}, {'O'}, {'P'}]",0.3050855877356684,112,0.8855673416907747,0.9020696794431918,5050
"[{'Y'}, {'T'}, {'P'}, {'X'}]",0.3050808796859852,112,0.885576923076923,0.9020696794431918,5050
"[{'Z'}, {'M'}, {'N'}, {'V'}]",0.305063140093086,124,0.8860265417642467,0.9020696794431918,5050
"[{'U'}, {'M'}, {'V'}, {'V'}]",0.3050621756977818,104,0.8853073463268365,0.9020696794431918,5050
"[{'M'}, {'Y'}, {'Y'}, {'P'}]",0.3050560981055074,125,0.8860727086533539,0.9020696794431918,5050
"[{'P'}, {'M'}, {'V'}, {'X'}]",0.3050556327983822,119,0.8858757062146893,0.9020696794431918,5050
"[{'W'}, {'X'}, {'W'}, {'Y'}]",0.3050538624990753,122,0.8859797297297297,0.9020696794431918,5050
"[{'M'}, {'W'}, {'X'}, {'P'}]",0.3050527863743311,126,0.8861111111111111,0.9020696794431918,5050
"[{'V'}, {'U'}, {'P'}, {'N'}]",0.3050188890173965,114,0.8857758620689655,0.9020696794431918,5050
"[{'T'}, {'Z'}, {'O'}, {'T'}]",0.304994690970654,121,0.8860655737704918,0.9020696794431918,5050
"[{'T'}, {'Y'}, {'M'}, {'Z'}]",0.30499332305415927,124,0.8861660079051382,0.9020696794431918,5050
"[{'U'}, {'U'}, {'T'}, {'V'}]",0.304979709648431,114,0.8858560794044665,0.9020696794431918,5050
"[{'Z'}, {'V'}, {'M'}, {'T'}]",0.3049774351505208,124,0.8861979166666667,0.9020696794431918,5050
"[{'Y'}, {'U'}, {'Y'}, {'X'}]",0.30497698767921344,130,0.8863851992409867,0.9020696794431918,5050
"[{'M'}, {'W'}, {'X'}, {'Z'}]",0.30497082994703506,126,0.8862745098039215,0.9020696794431918,5050
"[{'U'}, {'N'}, {'X'}, {'Y'}]",0.30497025414893464,127,0.8863068465767117,0.9020696794431918,5050
"[{'U'}, {'Y'}, {'X'}, {'P'}]",0.30496575546069193,113,0.8858490566037736,0.9020696794431918,5050
"[{'T'}, {'V'}, {'Y'}, {'V'}]",0.3049369690687391,110,0.8857994041708044,0.9020696794431918,5050
"[{'M'}, {'M'}, {'W'}, {'N'}]",0.3049350731367939,134,0.8865864527629234,0.9020696794431918,5050
"[{'O'}, {'Z'}, {'Z'}, {'M'}]",0.30491950081689734,94,0.8851851851851852,0.9020696794431918,5050
"[{'T'}, {'O'}, {'T'}, {'X'}]",0.3049194827848074,127,0.8864087301587302,0.9020696794431918,5050
"[{'Z'}, {'V'}, {'T'}, {'N'}]",0.30490001221749774,122,0.8862903225806451,0.9020696794431918,5050
"[{'Y'}, {'X'}, {'M'}, {'Z'}]",0.304886622788374,116,0.8861177884615384,0.9020696794431918,5050
"[{'T'}, {'Z'}, {'M'}, {'W'}]",0.3048859380000213,119,0.8862206975414523,0.9020696794431918,5050
"[{'X'}, {'Y'}, {'V'}, {'W'}]",0.3048604749867072,121,0.8863387978142077,0.9020696794431918,5050
"[{'X'}, {'Y'}, {'Z'}, {'M'}]",0.3048411848426529,127,0.8865671641791044,0.9020696794431918,5050
"[{'X'}, {'V'}, {'M'}, {'M'}]",0.3048398697932473,132,0.88671875,0.9020696794431918,5050
"[{'T'}, {'M'}, {'V'}, {'Y'}]",0.30483575350194214,117,0.8862573099415204,0.9020696794431918,5050
"[{'O'}, {'U'}, {'U'}, {'T'}]",0.3048302935253515,117,0.8862686567164179,0.9020696794431918,5050
"[{'Z'}, {'O'}, {'U'}, {'V'}]",0.3048290120306829,125,0.8865303983228512,0.9020696794431918,5050
"[{'Z'}, {'T'}, {'M'}, {'N'}]",0.3048140455900529,107,0.8859463276836158,0.9020696794431918,5050
"[{'U'}, {'N'}, {'U'}, {'T'}]",0.3048136812722786,124,0.8865306122448979,0.9020696794431918,5050
"[{'O'}, {'X'}, {'Y'}, {'Y'}]",0.3047840365974507,128,0.8867139711279667,0.9020696794431918,5050
"[{'W'}, {'Z'}, {'T'}, {'Y'}]",0.3047669530858489,132,0.8868663594470046,0.9020696794431918,5050
"[{'X'}, {'W'}, {'Y'}, {'T'}]",0.30473317310707326,122,0.8866341991341992,0.9020696794431918,5050
"[{'W'}, {'X'}, {'V'}, {'M'}]",0.30473317310707326,122,0.8866341991341992,0.9020696794431918,5050
"[{'N'}, {'T'}, {'V'}, {'P'}]",0.30472774479659104,125,0.8867389060887514,0.9020696794431918,5050
"[{'T'}, {'Y'}, {'U'}, {'X'}]",0.30472094554334583,117,0.8864976415094339,0.9020696794431918,5050
"[{'N'}, {'P'}, {'N'}, {'W'}]",0.30471962013505105,114,0.8863990040460629,0.9020696794431918,5050
"[{'M'}, {'T'}, {'V'}, {'T'}]",0.304713301142747,113,0.8863779033270558,0.9020696794431918,5050
"[{'T'}, {'Z'}, {'T'}, {'N'}]",0.30468486863140376,131,0.887005649717514,0.9020696794431918,5050
"[{'P'}, {'V'}, {'Z'}, {'X'}]",0.3046753900366971,124,0.8868172268907564,0.9020696794431918,5050
"[{'P'}, {'W'}, {'Z'}, {'T'}]",0.3046657174617996,113,0.8864795918367346,0.9020696794431918,5050
"[{'M'}, {'O'}, {'W'}, {'V'}]",0.30466256811597103,120,0.88671875,0.9020696794431918,5050
"[{'M'}, {'V'}, {'Y'}, {'P'}]",0.30465539443502454,115,0.8865698729582577,0.9020696794431918,5050
"[{'U'}, {'V'}, {'P'}, {'T'}]",0.3046529750766397,113,0.8865069356872635,0.9020696794431918,5050
"[{'N'}, {'V'}, {'Y'}, {'T'}]",0.3046044876893391,122,0.8869047619047619,0.9020696794431918,5050
"[{'Y'}, {'X'}, {'N'}, {'Z'}]",0.3046043349457246,125,0.8869969040247678,0.9020696794431918,5050
"[{'Y'}, {'Z'}, {'V'}, {'T'}]",0.30458905007812553,127,0.8870887337986042,0.9020696794431918,5050
"[{'P'}, {'U'}, {'U'}, {'V'}]",0.3045710762217769,124,0.8870370370370371,0.9020696794431918,5050
"[{'T'}, {'Y'}, {'U'}, {'O'}]",0.30455708576684304,122,0.8870056497175142,0.9020696794431918,5050
"[{'P'}, {'T'}, {'N'}, {'P'}]",0.3045435240470913,104,0.8864224935257121,0.9020696794431918,5050
"[{'T'}, {'Z'}, {'V'}, {'Y'}]",0.30452122285684413,124,0.8871432312123593,0.9020696794431918,5050
"[{'Z'}, {'N'}, {'M'}, {'O'}]",0.30451903828080773,105,0.8865143699336773,0.9020696794431918,5050
"[{'M'}, {'P'}, {'Y'}, {'W'}]",0.3045051077099913,105,0.8865454545454545,0.9020696794431918,5050
"[{'Y'}, {'M'}, {'V'}, {'Z'}]",0.3044997226694506,106,0.8865942028985506,0.9020696794431918,5050
"[{'Z'}, {'X'}, {'N'}, {'P'}]",0.304488983370544,123,0.8871822033898304,0.9020696794431918,5050
"[{'Z'}, {'Y'}, {'V'}, {'P'}]",0.3044643146655024,125,0.8872950819672131,0.9020696794431918,5050
"[{'O'}, {'T'}, {'T'}, {'M'}]",0.3044619481762806,132,0.8875,0.9020696794431918,5050
"[{'V'}, {'M'}, {'T'}, {'P'}]",0.30443869552383074,114,0.8870073891625615,0.9020696794431918,5050
"[{'U'}, {'T'}, {'M'}, {'X'}]",0.3044365951474476,112,0.8869452542921931,0.9020696794431918,5050
"[{'Y'}, {'M'}, {'V'}, {'M'}]",0.3044074742070515,102,0.8866537717601548,0.9020696794431918,5050
"[{'Y'}, {'O'}, {'P'}, {'U'}]",0.30440131396126846,104,0.8867424242424242,0.9020696794431918,5050
"[{'W'}, {'P'}, {'X'}, {'X'}]",0.30438873159985125,107,0.8868794326241135,0.9020696794431918,5050
"[{'O'}, {'X'}, {'Y'}, {'M'}]",0.30437791707296447,115,0.8871748336358136,0.9020696794431918,5050
"[{'P'}, {'T'}, {'X'}, {'W'}]",0.30437791707296447,115,0.8871748336358137,0.9020696794431918,5050
"[{'T'}, {'N'}, {'X'}, {'U'}]",0.30437434337801295,113,0.8871173469387755,0.9020696794431918,5050
"[{'Y'}, {'W'}, {'X'}, {'Y'}]",0.3043620075248308,131,0.8876863876863876,0.9020696794431918,5050
"[{'T'}, {'X'}, {'X'}, {'Z'}]",0.3043609419443213,113,0.8871473354231975,0.9020696794431918,5050
"[{'P'}, {'Z'}, {'N'}, {'N'}]",0.3043608089653538,98,0.8866067608044501,0.9020696794431918,5050
"[{'N'}, {'O'}, {'X'}, {'O'}]",0.3043319774113782,124,0.8875534188034189,0.9020696794431918,5050
"[{'M'}, {'T'}, {'T'}, {'Z'}]",0.3043136176593805,108,0.887085137085137,0.9020696794431918,5050
"[{'O'}, {'W'}, {'W'}, {'Z'}]",0.3043037977572467,120,0.8874965190754665,0.9020696794431918,5050
"[{'W'}, {'X'}, {'Y'}, {'W'}]",0.30430131048472275,106,0.8870431893687708,0.9020696794431918,5050
"[{'N'}, {'T'}, {'N'}, {'O'}]",0.3042968003908839,128,0.8877450980392158,0.9020696794431918,5050
"[{'N'}, {'N'}, {'N'}, {'Y'}]",0.3042797134572244,111,0.887264457439896,0.9020696794431918,5050
"[{'P'}, {'P'}, {'M'}, {'X'}]",0.3042578636931269,97,0.8868085106382979,0.9020696794431918,5050
"[{'V'}, {'U'}, {'P'}, {'M'}]",0.30425735119504926,107,0.8871794871794872,0.9020696794431918,5050
"[{'M'}, {'W'}, {'Y'}, {'U'}]",0.3042454987023514,108,0.8872413793103449,0.9020696794431918,5050
"[{'U'}, {'Y'}, {'P'}, {'M'}]",0.3042400919677396,102,0.8870406189555126,0.9020696794431918,5050
"[{'P'}, {'W'}, {'Y'}, {'X'}]",0.3042370914449537,125,0.8877922077922078,0.9020696794431918,5050
"[{'P'}, {'P'}, {'V'}, {'V'}]",0.30421901441082744,112,0.887436224489796,0.9020696794431918,5050
"[{'Y'}, {'W'}, {'V'}, {'U'}]",0.3041983327674057,118,0.8876728110599077,0.9020696794431918,5050
"[{'M'}, {'T'}, {'N'}, {'O'}]",0.3041754681466955,114,0.8876006441223833,0.9020696794431918,5050
"[{'Y'}, {'Z'}, {'M'}, {'P'}]",0.3041359354893859,117,0.8877849210987726,0.9020696794431918,5050
"[{'T'}, {'V'}, {'T'}, {'Z'}]",0.3041114852653226,115,0.8877797943133695,0.9020696794431918,5050
"[{'M'}, {'X'}, {'M'}, {'U'}]",0.3040978322923178,118,0.8879029872818692,0.9020696794431918,5050
"[{'Y'}, {'T'}, {'M'}, {'X'}]",0.30407937724558876,123,0.8880914407230196,0.9020696794431918,5050
"[{'T'}, {'T'}, {'Z'}, {'P'}]",0.3040739889971845,116,0.887897710377639,0.9020696794431918,5050
"[{'N'}, {'M'}, {'O'}, {'N'}, {'T'}]",0.30407394615209216,24,0.7928571428571428,0.9020696794431918,5050
"[{'X'}, {'N'}, {'W'}, {'Y'}]",0.3040569246325763,113,0.887844611528822,0.9020696794431918,5050
"[{'Z'}, {'T'}, {'Z'}, {'X'}]",0.3040412307704139,135,0.8884986830553117,0.9020696794431918,5050
"[{'W'}, {'M'}, {'V'}, {'Z'}]",0.30403315473624903,120,0.8881118881118881,0.9020696794431918,5050
"[{'M'}, {'P'}, {'P'}, {'M'}]",0.30402653500833676,115,0.8879781420765026,0.9020696794431918,5050
"[{'X'}, {'O'}, {'T'}, {'W'}]",0.30401988660971446,137,0.8885964912280702,0.9020696794431918,5050
"[{'U'}, {'N'}, {'W'}, {'U'}]",0.30401794198494725,113,0.8879365079365079,0.9020696794431918,5050
"[{'T'}, {'W'}, {'M'}, {'N'}]",0.3040080300243957,128,0.8883928571428571,0.9020696794431918,5050
"[{'X'}, {'T'}, {'O'}, {'Z'}]",0.3039840902479882,108,0.8878568971448229,0.9020696794431918,5050
"[{'V'}, {'Y'}, {'P'}, {'P'}]",0.3039777997534664,123,0.8883262260127931,0.9020696794431918,5050
"[{'M'}, {'V'}, {'P'}, {'V'}]",0.3039591380797304,124,0.8883975026014568,0.9020696794431918,5050
"[{'Z'}, {'X'}, {'Y'}, {'P'}]",0.3039377175624516,132,0.8886588451805844,0.9020696794431918,5050
"[{'U'}, {'X'}, {'T'}, {'Z'}]",0.303928028669763,126,0.8885245901639345,0.9020696794431918,5050
"[{'T'}, {'T'}, {'V'}, {'Y'}]",0.30392782003309227,101,0.8877551020408163,0.9020696794431918,5050
"[{'Z'}, {'Y'}, {'X'}, {'P'}]",0.3039143030814908,133,0.8887381275440976,0.9020696794431918,5050
"[{'O'}, {'M'}, {'Z'}, {'V'}, {'U'}]",0.3039088863657984,20,0.7878787878787878,0.9020696794431918,5050
"[{'M'}, {'P'}, {'P'}, {'V'}]",0.3039082676197983,122,0.8884615384615384,0.9020696794431918,5050
"[{'X'}, {'X'}, {'M'}, {'Z'}]",0.3038730928379797,125,0.8886268343815514,0.9020696794431918,5050
"[{'Y'}, {'O'}, {'U'}, {'Z'}]",0.3038564303595158,108,0.8881673881673882,0.9020696794431918,5050
"[{'P'}, {'Y'}, {'P'}, {'W'}]",0.30384987104298833,109,0.8882154882154882,0.9020696794431918,5050
"[{'T'}, {'U'}, {'T'}, {'N'}]",0.303833204988333,121,0.888612493090105,0.9020696794431918,5050
"[{'T'}, {'X'}, {'Y'}, {'O'}]",0.3038264124150869,106,0.8881766381766382,0.9020696794431918,5050
"[{'T'}, {'U'}, {'M'}, {'M'}]",0.3038257972145365,113,0.8883984867591425,0.9020696794431918,5050
"[{'W'}, {'M'}, {'M'}, {'T'}]",0.3038067156370766,129,0.8888888888888888,0.9020696794431918,5050
"[{'V'}, {'Y'}, {'W'}, {'X'}]",0.3038011642193106,119,0.888633754305396,0.9020696794431918,5050
"[{'M'}, {'P'}, {'T'}, {'Z'}]",0.3037883473554065,124,0.8888020833333333,0.9020696794431918,5050
"[{'Y'}, {'X'}, {'P'}, {'X'}]",0.30375086719343947,130,0.8890472796388692,0.9020696794431918,5050
"[{'T'}, {'P'}, {'T'}, {'M'}]",0.30374631628698545,104,0.8883116883116883,0.9020696794431918,5050
"[{'T'}, {'T'}, {'Z'}, {'N'}]",0.30374438428489614,109,0.8884770889487871,0.9020696794431918,5050
"[{'P'}, {'T'}, {'W'}, {'T'}]",0.30374438428489614,109,0.8884770889487871,0.9020696794431918,5050
"[{'T'}, {'V'}, {'Y'}, {'Y'}]",0.3037418276673268,132,0.8891184573002755,0.9020696794431918,5050
"[{'X'}, {'M'}, {'N'}, {'U'}]",0.3037403317248162,124,0.8889180672268908,0.9020696794431918,5050
"[{'M'}, {'T'}, {'W'}, {'V'}]",0.30373502143886366,111,0.888562091503268,0.9020696794431918,5050
"[{'M'}, {'P'}, {'M'}, {'P'}]",0.30370145037253415,112,0.8886762360446571,0.9020696794431918,5050
"[{'P'}, {'X'}, {'Y'}, {'T'}]",0.3036927821028038,125,0.8890600924499229,0.9020696794431918,5050
"[{'Y'}, {'N'}, {'V'}, {'U'}]",0.3036898347399686,116,0.8888221153846153,0.9020696794431918,5050
"[{'T'}, {'V'}, {'Y'}, {'P'}]",0.30368430757573184,129,0.8891826923076923,0.9020696794431918,5050
"[{'T'}, {'T'}, {'M'}, {'V'}]",0.3036811792861648,123,0.8890360169491525,0.9020696794431918,5050
"[{'W'}, {'W'}, {'T'}, {'N'}]",0.30368113558726983,122,0.889009497964722,0.9020696794431918,5050
"[{'M'}, {'W'}, {'M'}, {'Y'}]",0.3036766910760551,100,0.8883553421368546,0.9020696794431918,5050
"[{'U'}, {'N'}, {'V'}, {'M'}]",0.30367117629335094,90,0.8880039820806371,0.9020696794431918,5050
"[{'V'}, {'V'}, {'P'}, {'Y'}]",0.3036697422355128,106,0.8885714285714286,0.9020696794431918,5050
"[{'N'}, {'P'}, {'M'}, {'Z'}]",0.3036697422355128,106,0.8885714285714286,0.9020696794431918,5050
"[{'P'}, {'P'}, {'T'}, {'U'}]",0.3036683375422885,102,0.8884446221511395,0.9020696794431918,5050
"[{'T'}, {'T'}, {'M'}, {'M'}]",0.30364842108383827,117,0.8889538281706605,0.9020696794431918,5050
"[{'P'}, {'O'}, {'O'}, {'X'}]",0.3036483960566483,127,0.8892200695479383,0.9020696794431918,5050
"[{'P'}, {'N'}, {'U'}, {'X'}]",0.30364786383934794,117,0.8889552238805971,0.9020696794431918,5050
"[{'W'}, {'P'}, {'O'}, {'P'}]",0.3036236015774231,116,0.8889880952380952,0.9020696794431918,5050
"[{'X'}, {'W'}, {'Z'}, {'U'}]",0.3036185713017897,130,0.889367816091954,0.9020696794431918,5050
"[{'U'}, {'O'}, {'P'}, {'M'}]",0.3036135025056669,102,0.8885869565217391,0.9020696794431918,5050
"[{'T'}, {'Z'}, {'W'}, {'M'}]",0.3035954927449269,118,0.8891146589259797,0.9020696794431918,5050
"[{'Z'}, {'P'}, {'P'}, {'T'}]",0.3035796450258498,110,0.8889260622281699,0.9020696794431918,5050
"[{'X'}, {'T'}, {'V'}, {'N'}]",0.3035709757258488,120,0.8892307692307692,0.9020696794431918,5050
"[{'P'}, {'V'}, {'Y'}, {'M'}]",0.30357067062064746,108,0.8888888888888888,0.9020696794431918,5050
"[{'O'}, {'T'}, {'Y'}, {'X'}]",0.3035466803373692,119,0.8892655367231638,0.9020696794431918,5050
"[{'O'}, {'X'}, {'Z'}, {'Y'}]",0.3035451461166776,126,0.889451049835568,0.9020696794431918,5050
"[{'T'}, {'N'}, {'O'}, {'M'}]",0.3034958651560473,109,0.8891142663962137,0.9020696794431918,5050
"[{'O'}, {'U'}, {'Y'}, {'U'}]",0.3034794519926801,126,0.8896169354838709,0.9020696794431918,5050
"[{'Y'}, {'Y'}, {'W'}, {'V'}]",0.30345568977780246,117,0.8894457547169812,0.9020696794431918,5050
"[{'P'}, {'Z'}, {'W'}, {'V'}]",0.30345398689020486,116,0.889423076923077,0.9020696794431918,5050
"[{'T'}, {'N'}, {'V'}, {'P'}]",0.3034531714385881,110,0.8892561983471075,0.9020696794431918,5050
"[{'M'}, {'W'}, {'Z'}, {'T'}]",0.30343025306481997,119,0.8895652173913043,0.9020696794431918,5050
"[{'W'}, {'M'}, {'T'}, {'W'}]",0.3034269979359019,113,0.8894110275689222,0.9020696794431918,5050
"[{'U'}, {'Y'}, {'Z'}, {'N'}]",0.30342547180335233,100,0.8890224358974359,0.9020696794431918,5050
"[{'O'}, {'P'}, {'X'}, {'M'}]",0.30342536698484723,96,0.888888888888889,0.9020696794431918,5050
"[{'P'}, {'O'}, {'O'}, {'Y'}]",0.3034180334875055,134,0.8899618234897821,0.9020696794431918,5050
"[{'Y'}, {'M'}, {'Y'}, {'W'}]",0.3034127194132056,105,0.8892149669845928,0.9020696794431918,5050
"[{'Z'}, {'U'}, {'P'}, {'V'}]",0.3034112452321718,112,0.8894246223079396,0.9020696794431918,5050
"[{'O'}, {'T'}, {'Z'}, {'N'}]",0.3033949235545699,131,0.8899521531100479,0.9020696794431918,5050
"[{'W'}, {'W'}, {'X'}, {'P'}]",0.30338228953987256,130,0.88996138996139,0.9020696794431918,5050
"[{'T'}, {'Z'}, {'T'}, {'P'}]",0.30336823207904295,130,0.8899976241387504,0.9020696794431918,5050
"[{'X'}, {'M'}, {'W'}, {'W'}]",0.30334597153347065,113,0.8896268184693232,0.9020696794431918,5050
"[{'O'}, {'M'}, {'T'}, {'Z'}]",0.3033426826748792,116,0.8897168405365127,0.9020696794431918,5050
"[{'W'}, {'V'}, {'O'}, {'U'}]",0.30331866062738433,108,0.8895596590909092,0.9020696794431918,5050
"[{'M'}, {'Z'}, {'V'}, {'X'}]",0.30331712470907357,129,0.8901072124756334,0.9020696794431918,5050
"[{'N'}, {'P'}, {'W'}, {'U'}]",0.30330982144257057,113,0.8897243107769423,0.9020696794431918,5050
"[{'O'}, {'V'}, {'M'}, {'Y'}]",0.30329866408519013,98,0.889308176100629,0.9020696794431918,5050
"[{'P'}, {'W'}, {'W'}, {'Y'}]",0.30326637470616613,118,0.8899741453605285,0.9020696794431918,5050
"[{'X'}, {'O'}, {'M'}, {'V'}]",0.30322966489924397,129,0.8903381642512078,0.9020696794431918,5050
"[{'T'}, {'X'}, {'Z'}, {'W'}]",0.30322180987563874,126,0.8902900378310213,0.9020696794431918,5050
"[{'Y'}, {'M'}, {'P'}, {'Y'}]",0.30321374323470573,113,0.8899872448979592,0.9020696794431918,5050
"[{'P'}, {'W'}, {'T'}, {'T'}]",0.30320605187975913,124,0.8902854150301126,0.9020696794431918,5050
"[{'W'}, {'V'}, {'N'}, {'M'}]",0.3031994713841284,112,0.8899999999999999,0.9020696794431918,5050
"[{'T'}, {'Y'}, {'N'}, {'W'}]",0.30318308760990664,104,0.8898208158597025,0.9020696794431918,5050
"[{'X'}, {'N'}, {'X'}, {'W'}]",0.30316083228250623,104,0.8898842851810377,0.9020696794431918,5050
"[{'X'}, {'T'}, {'X'}, {'W'}]",0.30315575183095334,121,0.8903508771929824,0.9020696794431918,5050
"[{'N'}, {'M'}, {'Y'}, {'V'}, {'T'}]",0.3031546663291196,23,0.7923076923076924,0.9020696794431918,5050
"[{'Y'}, {'N'}, {'V'}, {'X'}]",0.3031487184012196,120,0.8903459821428571,0.9020696794431918,5050
"[{'V'}, {'U'}, {'U'}, {'W'}]",0.3031394812214685,137,0.890752688172043,0.9020696794431918,5050
"[{'P'}, {'X'}, {'M'}, {'Y'}]",0.3031023034948298,95,0.8897777777777777,0.9020696794431918,5050
"[{'W'}, {'Y'}, {'V'}, {'P'}]",0.30309885222775124,130,0.8907142857142857,0.9020696794431918,5050
"[{'U'}, {'M'}, {'Z'}, {'V'}]",0.3030978080037955,111,0.8902597402597403,0.9020696794431918,5050
"[{'T'}, {'Y'}, {'Y'}, {'X'}]",0.30309752051783767,117,0.8904149620105203,0.9020696794431918,5050
"[{'P'}, {'T'}, {'O'}, {'Z'}]",0.30307995753216055,100,0.89,0.9020696794431918,5050
"[{'P'}, {'Z'}, {'U'}, {'N'}]",0.3030750677663906,124,0.8906455862977601,0.9020696794431918,5050
"[{'X'}, {'U'}, {'W'}, {'N'}]",0.3030705857962033,125,0.8906810035842293,0.9020696794431918,5050
"[{'M'}, {'Z'}, {'X'}, {'V'}]",0.3030652169938385,106,0.8902173913043478,0.9020696794431918,5050
"[{'V'}, {'Z'}, {'W'}, {'P'}]",0.3030483945476704,121,0.8906506287588846,0.9020696794431918,5050
"[{'V'}, {'M'}, {'P'}, {'X'}]",0.3030300321161954,130,0.8909047505371209,0.9020696794431918,5050
"[{'O'}, {'X'}, {'N'}, {'Z'}]",0.3030169399056287,124,0.8908091123330715,0.9020696794431918,5050
"[{'X'}, {'P'}, {'V'}, {'Z'}]",0.30300674754136037,129,0.890948483389504,0.9020696794431918,5050
"[{'U'}, {'W'}, {'W'}, {'W'}]",0.3029994935840449,125,0.8908811475409836,0.9020696794431918,5050
"[{'O'}, {'M'}, {'P'}, {'T'}]",0.3029970274833922,109,0.8904986522911051,0.9020696794431918,5050
"[{'V'}, {'Z'}, {'Y'}, {'W'}]",0.30298064290237425,123,0.8908898305084745,0.9020696794431918,5050
"[{'U'}, {'P'}, {'N'}, {'U'}]",0.30297506274691643,97,0.8902229845626072,0.9020696794431918,5050
"[{'V'}, {'T'}, {'P'}, {'W'}]",0.30296384515530494,116,0.8907738095238095,0.9020696794431918,5050
"[{'Z'}, {'T'}, {'U'}, {'W'}]",0.3029482650279176,120,0.8909143518518519,0.9020696794431918,5050
"[{'V'}, {'U'}, {'Y'}, {'W'}]",0.3029342715615456,128,0.8911330049261083,0.9020696794431918,5050
"[{'M'}, {'N'}, {'M'}, {'T'}]",0.30293157098678725,152,0.8916003536693192,0.9020696794431918,5050
"[{'V'}, {'X'}, {'M'}, {'V'}]",0.30292704835884476,139,0.8913764510779436,0.9020696794431918,5050
"[{'M'}, {'M'}, {'W'}, {'P'}]",0.3029181849071576,125,0.8911145351823317,0.9020696794431918,5050
"[{'Y'}, {'T'}, {'N'}, {'W'}]",0.3028802350074503,110,0.8908730158730158,0.9020696794431918,5050
"[{'N'}, {'X'}, {'U'}, {'Y'}]",0.3028569231450119,128,0.891357421875,0.9020696794431918,5050
"[{'V'}, {'Z'}, {'Y'}, {'T'}]",0.30285154266867453,108,0.8909090909090909,0.9020696794431918,5050
"[{'P'}, {'M'}, {'M'}, {'T'}]",0.3028430899687512,107,0.890909090909091,0.9020696794431918,5050
"[{'X'}, {'O'}, {'P'}, {'O'}]",0.30282604936348523,119,0.8912529550827422,0.9020696794431918,5050
"[{'V'}, {'O'}, {'U'}, {'V'}]",0.3028166792187621,116,0.8912121212121212,0.9020696794431918,5050
"[{'N'}, {'N'}, {'W'}, {'U'}]",0.3028134427044552,135,0.8916256157635467,0.9020696794431918,5050
"[{'M'}, {'U'}, {'Z'}, {'X'}]",0.3028088358106684,137,0.8916773916773918,0.9020696794431918,5050
"[{'Z'}, {'W'}, {'U'}, {'Y'}]",0.30280855693331354,104,0.8909370199692781,0.9020696794431918,5050
"[{'V'}, {'Z'}, {'W'}, {'N'}]",0.30278887288589273,114,0.8912499999999999,0.9020696794431918,5050
"[{'O'}, {'U'}, {'W'}, {'T'}]",0.3027765617500441,121,0.8914473684210527,0.9020696794431918,5050
"[{'W'}, {'T'}, {'O'}, {'U'}]",0.30277191781027113,103,0.891025641025641,0.9020696794431918,5050
"[{'W'}, {'T'}, {'X'}, {'Y'}]",0.3027696357013595,120,0.8914464336459221,0.9020696794431918,5050
"[{'T'}, {'V'}, {'O'}, {'X'}]",0.30276706930674646,112,0.8912695874640231,0.9020696794431918,5050
"[{'V'}, {'P'}, {'M'}, {'M'}]",0.30276691976562187,114,0.8913177339901478,0.9020696794431918,5050
"[{'Z'}, {'P'}, {'P'}, {'O'}]",0.3027667632405153,118,0.8914105142200517,0.9020696794431918,5050
"[{'U'}, {'M'}, {'X'}, {'P'}]",0.30276563564386594,108,0.8911754447157307,0.9020696794431918,5050
"[{'X'}, {'M'}, {'Z'}, {'M'}]",0.30275612889083847,114,0.8913511849799939,0.9020696794431918,5050
"[{'U'}, {'M'}, {'T'}, {'T'}]",0.30275612889083847,114,0.8913511849799939,0.9020696794431918,5050
"[{'X'}, {'T'}, {'P'}, {'X'}]",0.3027558772493468,138,0.8918518518518519,0.9020696794431918,5050
"[{'W'}, {'M'}, {'P'}, {'T'}]",0.30275392662518064,114,0.8913580246913579,0.9020696794431918,5050
"[{'U'}, {'X'}, {'P'}, {'V'}]",0.30273454547538414,130,0.8917624521072797,0.9020696794431918,5050
"[{'V'}, {'T'}, {'P'}, {'M'}]",0.3027048719459907,119,0.8916242218449348,0.9020696794431918,5050
"[{'O'}, {'X'}, {'X'}, {'O'}, {'Z'}]",0.3027018625803405,25,0.7948717948717949,0.9020696794431918,5050
"[{'O'}, {'V'}, {'U'}, {'T'}, {'V'}]",0.3027018625803405,25,0.7948717948717949,0.9020696794431918,5050
"[{'V'}, {'T'}, {'U'}, {'Z'}]",0.3027004653387191,114,0.8915254237288135,0.9020696794431918,5050
"[{'T'}, {'Z'}, {'Z'}, {'N'}]",0.30269878344965273,111,0.8914602346805737,0.9020696794431918,5050
"[{'Y'}, {'M'}, {'Y'}, {'X'}]",0.3026985911787524,116,0.8915770609318997,0.9020696794431918,5050
"[{'U'}, {'P'}, {'X'}, {'P'}]",0.3026854755114625,99,0.8911960132890366,0.9020696794431918,5050
"[{'T'}, {'T'}, {'M'}, {'X'}]",0.30267323148273195,119,0.8917233560090703,0.9020696794431918,5050
"[{'Y'}, {'N'}, {'U'}, {'X'}]",0.3026645735812523,103,0.8913713405238829,0.9020696794431918,5050
"[{'U'}, {'M'}, {'O'}, {'Z'}]",0.3026569935451977,105,0.8914473684210527,0.9020696794431918,5050
"[{'X'}, {'T'}, {'X'}, {'Y'}]",0.30263272909780636,114,0.8917414166408908,0.9020696794431918,5050
"[{'W'}, {'T'}, {'M'}, {'P'}]",0.30262676067296923,107,0.89159604519774,0.9020696794431918,5050
"[{'T'}, {'U'}, {'U'}, {'M'}]",0.30262402591314763,128,0.892063492063492,0.9020696794431918,5050
"[{'M'}, {'V'}, {'Y'}, {'M'}]",0.302599612567347,105,0.8916363636363637,0.9020696794431918,5050
"[{'U'}, {'P'}, {'U'}, {'P'}]",0.3025991435536002,109,0.8917349726775957,0.9020696794431918,5050
"[{'T'}, {'X'}, {'V'}, {'U'}]",0.3025700437184825,112,0.8919005102040817,0.9020696794431918,5050
"[{'N'}, {'M'}, {'N'}, {'U'}]",0.3025483263190334,116,0.8920606601248885,0.9020696794431918,5050
"[{'N'}, {'M'}, {'M'}, {'U'}]",0.3025364781556975,106,0.8918725384890799,0.9020696794431918,5050
"[{'O'}, {'Y'}, {'M'}, {'U'}]",0.30249188545005035,101,0.8919025157232705,0.9020696794431918,5050
"[{'Y'}, {'M'}, {'M'}, {'T'}, {'V'}]",0.30153174166703944,21,0.790909090909091,0.9020696794431918,5050
"[{'M'}, {'M'}, {'P'}, {'N'}, {'T'}]",0.300697183466629,30,0.8009259259259259,0.9020696794431918,5050
"[{'O'}, {'P'}, {'W'}, {'Y'}, {'N'}]",0.30013096860708033,26,0.7976190476190476,0.9020696794431918,5050
"[{'M'}, {'W'}, {'O'}, {'Y'}, {'Y'}]",0.3001309686070801,26,0.7976190476190477,0.9020696794431918,5050
"[{'X'}, {'O'}, {'U'}, {'W'}, {'Z'}]",0.3001309686070801,26,0.7976190476190477,0.9020696794431918,5050
"[{'P'}, {'V'}, {'O'}, {'O'}, {'O'}]",0.29813521287274647,24,0.796875,0.9020696794431918,5050
"[{'X'}, {'W'}, {'O'}, {'T'}, {'X'}]",0.2980739177158941,40,0.8095238095238095,0.9020696794431918,5050
"[{'N'}, {'N'}, {'P'}, {'Z'}, {'T'}]",0.29802677212553985,27,0.7999999999999999,0.9020696794431918,5050
"[{'X'}, {'V'}, {'M'}, {'V'}, {'Z'}]",0.29802677212553974,27,0.8,0.9020696794431918,5050
"[{'W'}, {'O'}, {'N'}, {'T'}, {'N'}]",0.29802000446133214,22,0.7946428571428572,0.9020696794431918,5050
"[{'V'}, {'U'}, {'M'}, {'N'}, {'Z'}]",0.29769569267176754,22,0.7948717948717948,0.9020696794431918,5050
"[{'W'}, {'Y'}, {'Z'}, {'U'}, {'U'}]",0.2976926005732631,25,0.7982456140350878,0.9020696794431918,5050
"[{'T'}, {'T'}, {'T'}, {'N'}, {'P'}]",0.29766052103413077,24,0.7972027972027972,0.9020696794431918,5050
"[{'V'}, {'P'}, {'M'}, {'T'}, {'M'}]",0.29702830302759076,25,0.7987012987012987,0.9020696794431918,5050
"[{'Z'}, {'U'}, {'P'}, {'M'}, {'V'}]",0.29702830302759076,25,0.7987012987012987,0.9020696794431918,5050
"[{'P'}, {'U'}, {'U'}, {'V'}, {'N'}]",0.29634000174320707,27,0.8011363636363635,0.9020696794431918,5050
"[{'M'}, {'V'}, {'M'}, {'V'}, {'M'}]",0.29634000174320685,27,0.8011363636363636,0.9020696794431918,5050
"[{'X'}, {'N'}, {'M'}, {'Y'}, {'M'}]",0.29451197838136034,21,0.7959183673469388,0.9020696794431918,5050
"[{'N'}, {'U'}, {'M'}, {'U'}, {'T'}]",0.29451197838136034,21,0.7959183673469388,0.9020696794431918,5050
"[{'U'}, {'O'}, {'X'}, {'Y'}, {'O'}]",0.2944730780063488,30,0.8049999999999999,0.9020696794431918,5050
"[{'W'}, {'X'}, {'T'}, {'V'}, {'P'}]",0.29399549579232576,21,0.7962962962962963,0.9020696794431918,5050
"[{'T'}, {'N'}, {'T'}, {'M'}, {'P'}]",0.29399549579232576,21,0.7962962962962963,0.9020696794431918,5050
"[{'X'}, {'U'}, {'V'}, {'Y'}, {'P'}]",0.29399549579232576,21,0.7962962962962963,0.9020696794431918,5050
"[{'Y'}, {'T'}, {'U'}, {'N'}, {'Y'}]",0.29383128175219697,30,0.8054298642533937,0.9020696794431918,5050
"[{'M'}, {'M'}, {'T'}, {'Y'}, {'X'}]",0.2936700780078564,24,0.8,0.9020696794431918,5050
"[{'W'}, {'Y'}, {'O'}, {'Y'}, {'T'}]",0.2929713657436277,33,0.8082706766917294,0.9020696794431918,5050
"[{'X'}, {'N'}, {'T'}, {'T'}, {'X'}]",0.2921578806835444,23,0.8,0.9020696794431918,5050
"[{'Z'}, {'X'}, {'U'}, {'V'}, {'T'}]",0.29061243633344835,22,0.8,0.9020696794431918,5050
"[{'V'}, {'O'}, {'P'}, {'T'}, {'U'}]",0.29003335583635226,20,0.797979797979798,0.9020696794431918,5050
"[{'P'}, {'X'}, {'N'}, {'Z'}, {'V'}]",0.2900016648287491,30,0.8080357142857143,0.9020696794431918,5050
"[{'V'}, {'W'}, {'U'}, {'W'}, {'X'}]",0.28982974877738343,26,0.8047337278106508,0.9020696794431918,5050
"[{'T'}, {'Z'}, {'T'}, {'W'}, {'N'}]",0.2894993882324012,27,0.8058823529411765,0.9020696794431918,5050
"[{'W'}, {'P'}, {'Z'}, {'P'}, {'N'}]",0.2893464640890677,29,0.8076923076923077,0.9020696794431918,5050
"[{'U'}, {'X'}, {'T'}, {'Y'}, {'N'}]",0.2890314505923497,21,0.7999999999999999,0.9020696794431918,5050
"[{'X'}, {'V'}, {'V'}, {'X'}, {'P'}]",0.2890314505923496,21,0.8,0.9020696794431918,5050
"[{'P'}, {'O'}, {'P'}, {'P'}, {'O'}]",0.28840338260900733,22,0.8016528925619835,0.9020696794431918,5050
"[{'V'}, {'Y'}, {'M'}, {'W'}, {'X'}]",0.2880450965425959,23,0.803030303030303,0.9020696794431918,5050
"[{'M'}, {'X'}, {'V'}, {'V'}, {'T'}]",0.2880450965425959,23,0.803030303030303,0.9020696794431918,5050
"[{'P'}, {'O'}, {'U'}, {'Z'}, {'W'}]",0.2880450965425958,23,0.8030303030303031,0.9020696794431918,5050
"[{'T'}, {'Y'}, {'U'}, {'T'}, {'N'}]",0.2880450965425958,23,0.8030303030303031,0.9020696794431918,5050
"[{'N'}, {'Y'}, {'Y'}, {'T'}, {'O'}]",0.28773808533184575,29,0.8088235294117647,0.9020696794431918,5050
"[{'X'}, {'V'}, {'X'}, {'N'}, {'Y'}]",0.2860831306622088,22,0.8034188034188035,0.9020696794431918,5050
"[{'O'}, {'T'}, {'T'}, {'T'}, {'N'}]",0.28588452728894775,22,0.8035714285714286,0.9020696794431918,5050
"[{'U'}, {'X'}, {'O'}, {'U'}, {'Z'}]",0.285673268028959,27,0.808641975308642,0.9020696794431918,5050
"[{'M'}, {'P'}, {'W'}, {'M'}, {'T'}]",0.2847632430981044,20,0.8020833333333334,0.9020696794431918,5050
"[{'T'}, {'Z'}, {'M'}, {'Z'}, {'W'}]",0.2847632430981044,20,0.8020833333333334,0.9020696794431918,5050
"[{'M'}, {'M'}, {'U'}, {'W'}, {'X'}]",0.2833034448289423,26,0.8095238095238094,0.9020696794431918,5050
"[{'T'}, {'Y'}, {'V'}, {'P'}, {'W'}]",0.2833034448289421,26,0.8095238095238095,0.9020696794431918,5050
"[{'Z'}, {'P'}, {'V'}, {'P'}, {'N'}]",0.2825388732174592,30,0.8133333333333334,0.9020696794431918,5050
"[{'W'}, {'W'}, {'T'}, {'X'}, {'V'}]",0.2819170997684669,21,0.8055555555555556,0.9020696794431918,5050
"[{'N'}, {'N'}, {'M'}, {'Y'}, {'U'}]",0.2802631891228248,32,0.81640625,0.9020696794431918,5050
"[{'Z'}, {'U'}, {'N'}, {'V'}, {'Y'}]",0.27984256642107197,22,0.8083333333333333,0.9020696794431918,5050
"[{'V'}, {'O'}, {'Y'}, {'O'}, {'Z'}]",0.27932416701013085,25,0.8116883116883117,0.9020696794431918,5050
"[{'W'}, {'Y'}, {'T'}, {'Y'}, {'X'}]",0.27932416701013085,25,0.8116883116883117,0.9020696794431918,5050
"[{'Z'}, {'X'}, {'T'}, {'N'}, {'W'}]",0.27878709819585246,24,0.8111888111888111,0.9020696794431918,5050
"[{'O'}, {'U'}, {'V'}, {'T'}, {'N'}]",0.2783053847437874,23,0.8106060606060606,0.9020696794431918,5050
"[{'T'}, {'M'}, {'X'}, {'P'}, {'Z'}]",0.27751801510234975,27,0.8148148148148149,0.9020696794431918,5050
"[{'Y'}, {'T'}, {'X'}, {'Y'}, {'M'}]",0.2774420142172779,20,0.8080808080808081,0.9020696794431918,5050
"[{'T'}, {'M'}, {'W'}, {'Z'}, {'W'}]",0.2771559877427213,24,0.8125,0.9020696794431918,5050
"[{'M'}, {'O'}, {'Z'}, {'U'}, {'Z'}]",0.275748082876624,20,0.8095238095238095,0.9020696794431918,5050
"[{'U'}, {'V'}, {'Z'}, {'U'}, {'M'}]",0.27565236525498704,26,0.8154761904761905,0.9020696794431918,5050
"[{'U'}, {'X'}, {'O'}, {'P'}, {'U'}]",0.2754348947575157,22,0.811965811965812,0.9020696794431918,5050
"[{'N'}, {'U'}, {'X'}, {'V'}, {'U'}]",0.2749726947424841,24,0.8142857142857143,0.9020696794431918,5050
"[{'U'}, {'W'}, {'U'}, {'W'}, {'Z'}]",0.2749726947424841,24,0.8142857142857143,0.9020696794431918,5050
"[{'W'}, {'P'}, {'W'}, {'Y'}, {'X'}]",0.2749726947424841,24,0.8142857142857143,0.9020696794431918,5050
"[{'M'}, {'W'}, {'Y'}, {'T'}, {'U'}]",0.27484197197706395,28,0.8177083333333334,0.9020696794431918,5050
"[{'X'}, {'U'}, {'X'}, {'X'}, {'Z'}]",0.27480139865367303,22,0.8125,0.9020696794431918,5050
"[{'N'}, {'U'}, {'Z'}, {'X'}, {'P'}]",0.2743041002863218,26,0.8165680473372781,0.9020696794431918,5050
"[{'U'}, {'V'}, {'Y'}, {'Z'}, {'T'}]",0.27378341157224684,26,0.8169934640522876,0.9020696794431918,5050
"[{'V'}, {'X'}, {'V'}, {'P'}, {'Y'}]",0.2725602871093714,23,0.8153846153846154,0.9020696794431918,5050
"[{'Y'}, {'N'}, {'M'}, {'T'}, {'Y'}]",0.2725602871093714,23,0.8153846153846154,0.9020696794431918,5050
"[{'W'}, {'M'}, {'U'}, {'X'}, {'W'}]",0.27233711947488937,20,0.8125,0.9020696794431918,5050
"[{'W'}, {'W'}, {'V'}, {'V'}, {'Y'}]",0.27233711947488937,20,0.8125,0.9020696794431918,5050
"[{'X'}, {'T'}, {'M'}, {'U'}, {'Y'}]",0.2716610003805231,26,0.8187500000000001,0.9020696794431918,5050
"[{'M'}, {'P'}, {'O'}, {'N'}, {'N'}]",0.27136212794143755,25,0.8181818181818181,0.9020696794431918,5050
"[{'N'}, {'M'}, {'Y'}, {'M'}, {'M'}]",0.2710713566741195,23,0.8166666666666667,0.9020696794431918,5050
"[{'V'}, {'U'}, {'N'}, {'M'}, {'W'}]",0.27027114832643484,28,0.8214285714285714,0.9020696794431918,5050
"[{'Y'}, {'T'}, {'T'}, {'M'}, {'T'}]",0.2699894090121334,22,0.8166666666666667,0.9020696794431918,5050
"[{'W'}, {'N'}, {'T'}, {'P'}, {'O'}]",0.26894837074943223,29,0.8232323232323231,0.9020696794431918,5050
"[{'M'}, {'P'}, {'V'}, {'W'}, {'U'}]",0.26864868973827905,25,0.8205128205128205,0.9020696794431918,5050
"[{'M'}, {'T'}, {'W'}, {'V'}, {'Y'}]",0.26850974055777455,26,0.8214285714285714,0.9020696794431918,5050
"[{'U'}, {'W'}, {'N'}, {'M'}, {'Z'}]",0.26850974055777455,26,0.8214285714285714,0.9020696794431918,5050
"[{'O'}, {'T'}, {'U'}, {'N'}, {'X'}]",0.26850974055777455,26,0.8214285714285714,0.9020696794431918,5050
"[{'O'}, {'V'}, {'P'}, {'M'}, {'Z'}]",0.26829641561996853,22,0.8181818181818181,0.9020696794431918,5050
"[{'W'}, {'M'}, {'V'}, {'V'}, {'W'}]",0.26829641561996853,22,0.8181818181818181,0.9020696794431918,5050
"[{'O'}, {'O'}, {'X'}, {'V'}, {'Z'}]",0.2681791675183389,21,0.8173076923076923,0.9020696794431918,5050
"[{'P'}, {'M'}, {'V'}, {'V'}, {'V'}]",0.2681791675183389,21,0.8173076923076923,0.9020696794431918,5050
"[{'P'}, {'M'}, {'V'}, {'N'}, {'X'}]",0.2679286712974823,24,0.8203125,0.9020696794431918,5050
"[{'P'}, {'V'}, {'Z'}, {'X'}, {'V'}]",0.2679286712974823,24,0.8203125,0.9020696794431918,5050
"[{'M'}, {'W'}, {'U'}, {'P'}, {'T'}]",0.26729495923331836,26,0.8224852071005917,0.9020696794431918,5050
"[{'P'}, {'U'}, {'Z'}, {'M'}, {'U'}]",0.2672285104338904,21,0.8181818181818182,0.9020696794431918,5050
"[{'Y'}, {'Z'}, {'P'}, {'T'}, {'V'}]",0.26667917962134746,24,0.8214285714285714,0.9020696794431918,5050
"[{'T'}, {'Z'}, {'T'}, {'V'}, {'X'}]",0.2665748096821353,30,0.8258928571428571,0.9020696794431918,5050
"[{'P'}, {'M'}, {'P'}, {'N'}, {'V'}]",0.2662139647256567,27,0.8241758241758242,0.9020696794431918,5050
"[{'Z'}, {'W'}, {'P'}, {'W'}, {'W'}]",0.2661348615085749,20,0.8181818181818181,0.9020696794431918,5050
"[{'O'}, {'Y'}, {'V'}, {'X'}, {'O'}]",0.2661348615085748,20,0.8181818181818182,0.9020696794431918,5050
"[{'T'}, {'W'}, {'N'}, {'U'}, {'V'}]",0.265750984957688,22,0.8205128205128206,0.9020696794431918,5050
"[{'M'}, {'P'}, {'O'}, {'X'}, {'N'}]",0.2657352753825988,23,0.8214285714285714,0.9020696794431918,5050
"[{'V'}, {'U'}, {'P'}, {'P'}, {'Z'}]",0.2657352753825988,23,0.8214285714285714,0.9020696794431918,5050
"[{'P'}, {'U'}, {'Z'}, {'U'}, {'W'}]",0.26531021978693015,26,0.8242424242424242,0.9020696794431918,5050
"[{'O'}, {'W'}, {'Y'}, {'X'}, {'P'}]",0.26464167835675334,29,0.826923076923077,0.9020696794431918,5050
"[{'N'}, {'X'}, {'W'}, {'W'}, {'T'}]",0.2643737852273229,24,0.8235294117647057,0.9020696794431918,5050
"[{'U'}, {'V'}, {'O'}, {'X'}, {'O'}]",0.26395947918077356,23,0.823076923076923,0.9020696794431918,5050
"[{'O'}, {'N'}, {'X'}, {'N'}, {'Z'}]",0.26395947918077356,23,0.823076923076923,0.9020696794431918,5050
"[{'Z'}, {'X'}, {'O'}, {'X'}, {'W'}]",0.26296240952460526,21,0.8222222222222223,0.9020696794431918,5050
"[{'M'}, {'P'}, {'N'}, {'T'}, {'Y'}]",0.2629459563409424,26,0.8263888888888888,0.9020696794431918,5050
"[{'Y'}, {'O'}, {'U'}, {'P'}, {'Z'}]",0.26277314591033984,20,0.8214285714285714,0.9020696794431918,5050
"[{'Y'}, {'W'}, {'W'}, {'O'}, {'P'}]",0.262610656090307,24,0.8251748251748252,0.9020696794431918,5050
"[{'O'}, {'M'}, {'T'}, {'V'}, {'U'}]",0.2621478763553604,25,0.8263888888888888,0.9020696794431918,5050
"[{'M'}, {'T'}, {'T'}, {'M'}, {'P'}]",0.2621478763553603,25,0.826388888888889,0.9020696794431918,5050
"[{'Y'}, {'O'}, {'O'}, {'V'}, {'T'}]",0.2619340677047166,23,0.825,0.9020696794431918,5050
"[{'M'}, {'O'}, {'P'}, {'N'}, {'W'}]",0.2619340677047166,23,0.825,0.9020696794431918,5050
"[{'X'}, {'Z'}, {'Y'}, {'O'}, {'U'}]",0.2618755707373045,26,0.8273809523809523,0.9020696794431918,5050
"[{'V'}, {'Y'}, {'P'}, {'X'}, {'P'}]",0.2618755707373044,26,0.8273809523809524,0.9020696794431918,5050
"[{'N'}, {'T'}, {'V'}, {'P'}, {'M'}]",0.2613336686524802,24,0.8263888888888888,0.9020696794431918,5050
"[{'W'}, {'M'}, {'Y'}, {'U'}, {'P'}]",0.2612767006596768,20,0.8229166666666667,0.9020696794431918,5050
"[{'O'}, {'P'}, {'W'}, {'Y'}, {'W'}]",0.26107747748156385,21,0.8240740740740741,0.9020696794431918,5050
"[{'U'}, {'Y'}, {'Z'}, {'T'}, {'V'}]",0.2610529641066326,22,0.825,0.9020696794431918,5050
"[{'O'}, {'U'}, {'N'}, {'O'}, {'W'}]",0.2604500603922495,27,0.8294117647058823,0.9020696794431918,5050
"[{'W'}, {'W'}, {'U'}, {'T'}, {'U'}]",0.25959536639047576,22,0.8264462809917356,0.9020696794431918,5050
"[{'U'}, {'P'}, {'V'}, {'Y'}, {'Z'}]",0.2595032900699996,29,0.8315789473684211,0.9020696794431918,5050
"[{'T'}, {'V'}, {'O'}, {'X'}, {'P'}]",0.2590891155079106,24,0.8285714285714285,0.9020696794431918,5050
"[{'P'}, {'Z'}, {'N'}, {'U'}, {'W'}]",0.2590891155079106,24,0.8285714285714285,0.9020696794431918,5050
"[{'M'}, {'P'}, {'Y'}, {'V'}, {'O'}]",0.2590500474388412,26,0.8300653594771241,0.9020696794431918,5050
"[{'O'}, {'M'}, {'N'}, {'P'}, {'V'}]",0.25826394621385274,21,0.8269230769230769,0.9020696794431918,5050
"[{'P'}, {'Z'}, {'W'}, {'W'}, {'Y'}]",0.25802448867420147,24,0.8296296296296297,0.9020696794431918,5050
"[{'W'}, {'Z'}, {'V'}, {'Y'}, {'P'}]",0.25802448867420147,24,0.8296296296296297,0.9020696794431918,5050
"[{'X'}, {'M'}, {'X'}, {'V'}, {'X'}]",0.2579769417926221,34,0.8357142857142857,0.9020696794431918,5050
"[{'N'}, {'N'}, {'X'}, {'T'}, {'X'}]",0.2579258613501212,21,0.8272727272727273,0.9020696794431918,5050
"[{'X'}, {'X'}, {'M'}, {'X'}, {'T'}]",0.25703140126272606,22,0.829059829059829,0.9020696794431918,5050
"[{'M'}, {'W'}, {'Z'}, {'X'}, {'X'}]",0.2570295901194448,28,0.8333333333333334,0.9020696794431918,5050
"[{'X'}, {'Z'}, {'N'}, {'M'}, {'M'}]",0.25615733049116796,23,0.8307692307692308,0.9020696794431918,5050
"[{'N'}, {'P'}, {'N'}, {'T'}, {'W'}]",0.25611189771024345,20,0.8282828282828282,0.9020696794431918,5050
"[{'O'}, {'O'}, {'V'}, {'Y'}, {'Z'}]",0.25611189771024334,20,0.8282828282828283,0.9020696794431918,5050
"[{'Z'}, {'Z'}, {'U'}, {'O'}, {'N'}]",0.25611189771024334,20,0.8282828282828283,0.9020696794431918,5050
"[{'T'}, {'V'}, {'O'}, {'O'}, {'Z'}]",0.25611189771024334,20,0.8282828282828283,0.9020696794431918,5050
"[{'O'}, {'Y'}, {'Z'}, {'P'}, {'W'}]",0.2555338028123092,24,0.8321678321678322,0.9020696794431918,5050
"[{'X'}, {'T'}, {'M'}, {'T'}, {'U'}]",0.2550915192182852,25,0.8333333333333333,0.9020696794431918,5050
"[{'N'}, {'N'}, {'X'}, {'O'}, {'U'}]",0.25451808882847504,27,0.8352272727272727,0.9020696794431918,5050
"[{'V'}, {'W'}, {'W'}, {'U'}, {'Z'}]",0.25451808882847504,27,0.8352272727272727,0.9020696794431918,5050
"[{'N'}, {'T'}, {'U'}, {'X'}, {'P'}]",0.2544538127586383,28,0.8358974358974359,0.9020696794431918,5050
"[{'V'}, {'P'}, {'X'}, {'V'}, {'Y'}]",0.25441987888100803,24,0.8333333333333333,0.9020696794431918,5050
"[{'Y'}, {'V'}, {'Z'}, {'P'}, {'W'}]",0.2544198788810079,24,0.8333333333333334,0.9020696794431918,5050
"[{'W'}, {'P'}, {'P'}, {'X'}, {'V'}]",0.2544198788810079,24,0.8333333333333334,0.9020696794431918,5050
"[{'W'}, {'V'}, {'Y'}, {'P'}, {'N'}]",0.2544198788810079,24,0.8333333333333334,0.9020696794431918,5050
"[{'T'}, {'N'}, {'P'}, {'P'}, {'Z'}]",0.25373409409218683,23,0.8333333333333333,0.9020696794431918,5050
"[{'X'}, {'M'}, {'Z'}, {'U'}, {'Y'}]",0.252826623910415,26,0.8363636363636364,0.9020696794431918,5050
"[{'X'}, {'V'}, {'M'}, {'M'}, {'V'}]",0.2523162512185194,21,0.8333333333333334,0.9020696794431918,5050
"[{'T'}, {'N'}, {'N'}, {'Y'}, {'O'}]",0.2523162512185194,21,0.8333333333333334,0.9020696794431918,5050
"[{'W'}, {'V'}, {'M'}, {'Y'}, {'X'}]",0.2519986306465517,24,0.8359375,0.9020696794431918,5050
"[{'N'}, {'O'}, {'U'}, {'W'}, {'Y'}]",0.2517643859846298,26,0.8375,0.9020696794431918,5050
"[{'Y'}, {'U'}, {'X'}, {'P'}, {'W'}]",0.2515819866524669,20,0.8333333333333334,0.9020696794431918,5050
"[{'W'}, {'X'}, {'P'}, {'Y'}, {'T'}]",0.25093303754336904,28,0.839572192513369,0.9020696794431918,5050
"[{'M'}, {'V'}, {'V'}, {'V'}, {'X'}]",0.25051914465254743,25,0.8382352941176471,0.9020696794431918,5050
"[{'W'}, {'V'}, {'O'}, {'P'}, {'X'}]",0.24968909292999208,21,0.8363636363636363,0.9020696794431918,5050
"[{'W'}, {'Z'}, {'M'}, {'N'}, {'P'}]",0.24968909292999197,21,0.8363636363636364,0.9020696794431918,5050
"[{'M'}, {'W'}, {'V'}, {'N'}, {'P'}]",0.24968909292999197,21,0.8363636363636364,0.9020696794431918,5050
"[{'W'}, {'V'}, {'M'}, {'M'}, {'T'}]",0.24968909292999197,21,0.8363636363636364,0.9020696794431918,5050
"[{'W'}, {'Z'}, {'W'}, {'X'}, {'U'}]",0.24968909292999197,21,0.8363636363636364,0.9020696794431918,5050
"[{'P'}, {'T'}, {'W'}, {'P'}, {'X'}]",0.24968909292999197,21,0.8363636363636364,0.9020696794431918,5050
"[{'T'}, {'M'}, {'W'}, {'P'}, {'U'}]",0.24968909292999197,21,0.8363636363636364,0.9020696794431918,5050
"[{'Y'}, {'O'}, {'W'}, {'N'}, {'V'}]",0.24959599281042677,28,0.841025641025641,0.9020696794431918,5050
"[{'V'}, {'Z'}, {'Z'}, {'P'}, {'W'}]",0.24954113948315026,21,0.8365384615384616,0.9020696794431918,5050
"[{'X'}, {'M'}, {'V'}, {'X'}, {'U'}]",0.24954113948315015,21,0.8365384615384617,0.9020696794431918,5050
"[{'M'}, {'X'}, {'W'}, {'X'}, {'W'}]",0.24942398190620196,27,0.8406593406593408,0.9020696794431918,5050
"[{'M'}, {'P'}, {'V'}, {'X'}, {'Y'}]",0.24937553883114705,21,0.836734693877551,0.9020696794431918,5050
"[{'T'}, {'T'}, {'P'}, {'U'}, {'T'}]",0.24937553883114705,21,0.836734693877551,0.9020696794431918,5050
"[{'P'}, {'O'}, {'P'}, {'U'}, {'W'}]",0.24937553883114694,21,0.8367346938775511,0.9020696794431918,5050
"[{'U'}, {'Z'}, {'P'}, {'M'}, {'V'}]",0.2492761436726294,22,0.8376068376068376,0.9020696794431918,5050
"[{'V'}, {'Y'}, {'N'}, {'P'}, {'X'}]",0.24918028793354752,25,0.8397435897435896,0.9020696794431918,5050
"[{'W'}, {'N'}, {'T'}, {'P'}, {'N'}]",0.24913119471749468,24,0.8391608391608392,0.9020696794431918,5050
"[{'N'}, {'O'}, {'T'}, {'M'}, {'X'}]",0.24913119471749468,24,0.8391608391608392,0.9020696794431918,5050
"[{'U'}, {'P'}, {'X'}, {'U'}, {'O'}]",0.24895586599061492,25,0.84,0.9020696794431918,5050
"[{'Z'}, {'W'}, {'T'}, {'W'}, {'W'}]",0.24886211268044434,22,0.8380952380952381,0.9020696794431918,5050
"[{'Y'}, {'W'}, {'T'}, {'W'}, {'T'}]",0.24841808200955684,29,0.8428571428571429,0.9020696794431918,5050
"[{'Y'}, {'Z'}, {'P'}, {'U'}, {'N'}]",0.24790261388620305,29,0.8434343434343434,0.9020696794431918,5050
"[{'V'}, {'N'}, {'P'}, {'Y'}, {'X'}]",0.2478661039705068,22,0.8392857142857143,0.9020696794431918,5050
"[{'W'}, {'M'}, {'Z'}, {'U'}, {'N'}]",0.2473731228222834,20,0.8383838383838383,0.9020696794431918,5050
"[{'V'}, {'N'}, {'T'}, {'N'}, {'V'}]",0.24709294545659488,23,0.8409090909090909,0.9020696794431918,5050
"[{'W'}, {'P'}, {'V'}, {'P'}, {'T'}]",0.24709294545659488,23,0.8409090909090909,0.9020696794431918,5050
"[{'O'}, {'P'}, {'U'}, {'T'}, {'O'}]",0.2461687834685633,28,0.8449197860962566,0.9020696794431918,5050
"[{'W'}, {'Z'}, {'X'}, {'M'}, {'T'}]",0.24612947247762762,27,0.8444444444444446,0.9020696794431918,5050
"[{'Y'}, {'M'}, {'T'}, {'Z'}, {'W'}]",0.2460940915710923,20,0.84,0.9020696794431918,5050
"[{'X'}, {'Y'}, {'V'}, {'U'}, {'V'}]",0.24601934030413586,24,0.8428571428571427,0.9020696794431918,5050
"[{'P'}, {'W'}, {'M'}, {'W'}, {'Y'}]",0.24593021180594432,22,0.8416666666666667,0.9020696794431918,5050
"[{'X'}, {'T'}, {'U'}, {'T'}, {'Z'}]",0.24544749793357512,25,0.8441558441558441,0.9020696794431918,5050
"[{'V'}, {'M'}, {'U'}, {'X'}, {'Y'}]",0.24502379053635026,26,0.8452380952380951,0.9020696794431918,5050
"[{'Z'}, {'O'}, {'V'}, {'M'}, {'T'}]",0.2448981364615439,22,0.8429752066115702,0.9020696794431918,5050
"[{'T'}, {'X'}, {'P'}, {'P'}, {'Y'}]",0.2448981364615438,22,0.8429752066115703,0.9020696794431918,5050
"[{'M'}, {'O'}, {'Y'}, {'Y'}, {'P'}]",0.2447408346661113,24,0.8444444444444444,0.9020696794431918,5050
"[{'Y'}, {'V'}, {'M'}, {'T'}, {'M'}]",0.24471030613403522,27,0.8461538461538461,0.9020696794431918,5050
"[{'Z'}, {'T'}, {'W'}, {'W'}, {'N'}]",0.24471030613403522,27,0.8461538461538461,0.9020696794431918,5050
"[{'Z'}, {'O'}, {'P'}, {'T'}, {'P'}]",0.24471030613403522,27,0.8461538461538461,0.9020696794431918,5050
"[{'U'}, {'V'}, {'N'}, {'V'}, {'M'}]",0.24466074820908001,21,0.8425925925925926,0.9020696794431918,5050
"[{'W'}, {'O'}, {'N'}, {'M'}, {'O'}]",0.24466074820908001,21,0.8425925925925926,0.9020696794431918,5050
"[{'X'}, {'Z'}, {'W'}, {'O'}, {'V'}]",0.2446607482090799,21,0.8425925925925927,0.9020696794431918,5050
"[{'N'}, {'N'}, {'W'}, {'N'}, {'Z'}]",0.24448078185960576,28,0.846938775510204,0.9020696794431918,5050
"[{'V'}, {'T'}, {'P'}, {'U'}, {'U'}]",0.24431647758255937,29,0.8476190476190476,0.9020696794431918,5050
"[{'T'}, {'T'}, {'U'}, {'Y'}, {'P'}]",0.2442976931599501,22,0.84375,0.9020696794431918,5050
"[{'U'}, {'Z'}, {'O'}, {'O'}, {'W'}]",0.2442829496381539,26,0.8461538461538463,0.9020696794431918,5050
"[{'V'}, {'Y'}, {'Z'}, {'Y'}, {'X'}]",0.24384729263231597,25,0.846153846153846,0.9020696794431918,5050
"[{'T'}, {'X'}, {'V'}, {'X'}, {'W'}]",0.24384729263231586,25,0.8461538461538461,0.9020696794431918,5050
"[{'W'}, {'Y'}, {'M'}, {'P'}, {'P'}]",0.24384729263231586,25,0.8461538461538461,0.9020696794431918,5050
"[{'X'}, {'V'}, {'M'}, {'P'}, {'W'}]",0.2436471445322882,30,0.8488888888888889,0.9020696794431918,5050
"[{'P'}, {'T'}, {'W'}, {'T'}, {'O'}]",0.24344563280270481,25,0.8466666666666667,0.9020696794431918,5050
"[{'O'}, {'Y'}, {'T'}, {'P'}, {'M'}]",0.24326233439762468,21,0.8444444444444444,0.9020696794431918,5050
"[{'U'}, {'W'}, {'U'}, {'P'}, {'T'}]",0.24325297745325947,20,0.84375,0.9020696794431918,5050
"[{'M'}, {'V'}, {'Z'}, {'Y'}, {'X'}]",0.24309121728522254,31,0.85,0.9020696794431918,5050
"[{'T'}, {'V'}, {'W'}, {'M'}, {'N'}]",0.24301467746939598,25,0.8472222222222222,0.9020696794431918,5050
"[{'W'}, {'W'}, {'Z'}, {'N'}, {'X'}]",0.24301467746939598,25,0.8472222222222222,0.9020696794431918,5050
"[{'M'}, {'T'}, {'Z'}, {'T'}, {'W'}]",0.24258703888536015,24,0.8472222222222222,0.9020696794431918,5050
"[{'M'}, {'M'}, {'W'}, {'V'}, {'Y'}]",0.2425182051735032,21,0.8454545454545455,0.9020696794431918,5050
"[{'Z'}, {'V'}, {'T'}, {'P'}, {'X'}]",0.2425182051735032,21,0.8454545454545455,0.9020696794431918,5050
"[{'M'}, {'X'}, {'Z'}, {'M'}, {'W'}]",0.2425182051735032,21,0.8454545454545455,0.9020696794431918,5050
"[{'Z'}, {'U'}, {'N'}, {'N'}, {'W'}]",0.24248521218739838,22,0.8461538461538461,0.9020696794431918,5050
"[{'Z'}, {'W'}, {'M'}, {'T'}, {'V'}]",0.24248521218739838,22,0.8461538461538463,0.9020696794431918,5050
"[{'O'}, {'Z'}, {'N'}, {'M'}, {'M'}]",0.24248521218739838,22,0.8461538461538463,0.9020696794431918,5050
"[{'M'}, {'P'}, {'O'}, {'N'}, {'U'}]",0.24220454935830316,30,0.8506787330316742,0.9020696794431918,5050
"[{'W'}, {'U'}, {'X'}, {'Y'}, {'Y'}]",0.24201074732623173,21,0.8461538461538461,0.9020696794431918,5050
"[{'Z'}, {'V'}, {'Z'}, {'V'}, {'U'}]",0.2416227375537029,35,0.8533333333333333,0.9020696794431918,5050
"[{'N'}, {'Z'}, {'Y'}, {'T'}, {'P'}]",0.24145552123610092,24,0.8487394957983193,0.9020696794431918,5050
"[{'Y'}, {'U'}, {'X'}, {'Z'}, {'X'}]",0.2412858188214626,30,0.8518518518518519,0.9020696794431918,5050
"[{'M'}, {'T'}, {'Y'}, {'P'}, {'T'}]",0.24122643761180718,23,0.8484848484848484,0.9020696794431918,5050
"[{'Z'}, {'X'}, {'M'}, {'V'}, {'N'}]",0.24122119550651433,34,0.8534798534798536,0.9020696794431918,5050
"[{'X'}, {'P'}, {'X'}, {'X'}, {'V'}]",0.24075921509927156,31,0.8529411764705882,0.9020696794431918,5050
"[{'V'}, {'N'}, {'O'}, {'V'}, {'M'}]",0.24070812334583758,23,0.8492063492063492,0.9020696794431918,5050
"[{'U'}, {'Y'}, {'V'}, {'X'}, {'Z'}]",0.240539629213798,24,0.85,0.9020696794431918,5050
"[{'V'}, {'V'}, {'N'}, {'P'}, {'W'}]",0.2405396292137979,24,0.8500000000000001,0.9020696794431918,5050
"[{'O'}, {'Z'}, {'T'}, {'M'}, {'V'}]",0.24045222199833727,25,0.8506493506493507,0.9020696794431918,5050
"[{'O'}, {'O'}, {'T'}, {'T'}, {'Z'}]",0.2404381229456941,27,0.8516483516483516,0.9020696794431918,5050
"[{'X'}, {'O'}, {'U'}, {'T'}, {'N'}]",0.240438122945694,27,0.8516483516483517,0.9020696794431918,5050
"[{'N'}, {'N'}, {'P'}, {'W'}, {'M'}]",0.24015590510141172,30,0.8533333333333333,0.9020696794431918,5050
"[{'P'}, {'W'}, {'Y'}, {'X'}, {'Y'}]",0.24013903034105366,29,0.8529411764705882,0.9020696794431918,5050
"[{'W'}, {'P'}, {'N'}, {'Y'}, {'O'}]",0.2399805829354067,27,0.8522727272727273,0.9020696794431918,5050
"[{'M'}, {'P'}, {'U'}, {'X'}, {'Y'}]",0.2399805829354067,27,0.8522727272727273,0.9020696794431918,5050
"[{'V'}, {'M'}, {'T'}, {'T'}, {'W'}]",0.23991853684469489,20,0.8484848484848484,0.9020696794431918,5050
"[{'T'}, {'T'}, {'Z'}, {'Z'}, {'X'}]",0.23974390441075688,22,0.85,0.9020696794431918,5050
"[{'M'}, {'V'}, {'N'}, {'O'}, {'P'}]",0.23974390441075688,22,0.85,0.9020696794431918,5050
"[{'V'}, {'T'}, {'N'}, {'Y'}, {'X'}]",0.23943471298168406,24,0.8515625,0.9020696794431918,5050
"[{'M'}, {'M'}, {'M'}, {'O'}, {'T'}]",0.2392337928267505,24,0.8518518518518519,0.9020696794431918,5050
"[{'X'}, {'Z'}, {'U'}, {'V'}, {'O'}]",0.2392337928267505,24,0.8518518518518519,0.9020696794431918,5050
"[{'X'}, {'N'}, {'W'}, {'P'}, {'X'}]",0.23909253331459046,25,0.8525641025641026,0.9020696794431918,5050
"[{'M'}, {'Z'}, {'V'}, {'Y'}, {'Y'}]",0.23891111024157619,20,0.85,0.9020696794431918,5050
"[{'O'}, {'T'}, {'O'}, {'P'}, {'Z'}]",0.2383487140774153,24,0.8531468531468531,0.9020696794431918,5050
"[{'T'}, {'Y'}, {'T'}, {'O'}, {'P'}]",0.2383487140774153,24,0.8531468531468531,0.9020696794431918,5050
"[{'M'}, {'X'}, {'Z'}, {'M'}, {'N'}]",0.23831393564487924,26,0.8541666666666667,0.9020696794431918,5050
"[{'Z'}, {'O'}, {'U'}, {'V'}, {'U'}]",0.23805457181497658,26,0.8545454545454545,0.9020696794431918,5050
"[{'P'}, {'W'}, {'P'}, {'Y'}, {'X'}]",0.23791789432533916,28,0.8556149732620321,0.9020696794431918,5050
"[{'U'}, {'T'}, {'O'}, {'M'}, {'X'}]",0.23791789432533905,28,0.8556149732620322,0.9020696794431918,5050
"[{'Z'}, {'Y'}, {'O'}, {'V'}, {'O'}]",0.23766872791955185,27,0.8555555555555556,0.9020696794431918,5050
"[{'N'}, {'V'}, {'U'}, {'T'}, {'W'}]",0.23766798866118444,24,0.8541666666666666,0.9020696794431918,5050
"[{'P'}, {'W'}, {'V'}, {'P'}, {'U'}]",0.23766798866118444,24,0.8541666666666667,0.9020696794431918,5050
"[{'X'}, {'T'}, {'U'}, {'X'}, {'W'}]",0.2375428398563061,23,0.8538461538461538,0.9020696794431918,5050
"[{'X'}, {'V'}, {'M'}, {'N'}, {'M'}]",0.2374057671744293,30,0.8571428571428571,0.9020696794431918,5050
"[{'W'}, {'M'}, {'M'}, {'M'}, {'X'}]",0.23737241115300423,28,0.8564102564102565,0.9020696794431918,5050
"[{'V'}, {'O'}, {'V'}, {'M'}, {'N'}]",0.2369397874233089,26,0.8562091503267973,0.9020696794431918,5050
"[{'W'}, {'W'}, {'T'}, {'W'}, {'P'}]",0.23691291510321477,26,0.85625,0.9020696794431918,5050
"[{'P'}, {'O'}, {'X'}, {'Y'}, {'O'}]",0.2366640431929059,33,0.8592592592592594,0.9020696794431918,5050
"[{'W'}, {'P'}, {'U'}, {'U'}, {'U'}]",0.23665860680703288,22,0.8547008547008548,0.9020696794431918,5050
"[{'U'}, {'M'}, {'U'}, {'X'}, {'Y'}]",0.23660743234117876,27,0.8571428571428571,0.9020696794431918,5050
"[{'U'}, {'O'}, {'P'}, {'W'}, {'M'}]",0.23660743234117876,27,0.8571428571428571,0.9020696794431918,5050
"[{'N'}, {'P'}, {'O'}, {'U'}, {'X'}]",0.23641319808065453,21,0.8545454545454545,0.9020696794431918,5050
"[{'U'}, {'M'}, {'N'}, {'M'}, {'W'}]",0.23641319808065453,21,0.8545454545454545,0.9020696794431918,5050
"[{'T'}, {'T'}, {'T'}, {'Y'}, {'V'}]",0.23641319808065453,21,0.8545454545454545,0.9020696794431918,5050
"[{'V'}, {'V'}, {'W'}, {'Z'}, {'Y'}]",0.23641319808065453,21,0.8545454545454545,0.9020696794431918,5050
"[{'T'}, {'V'}, {'Y'}, {'M'}, {'V'}]",0.23633154478609364,26,0.8571428571428571,0.9020696794431918,5050
"[{'T'}, {'M'}, {'T'}, {'U'}, {'P'}]",0.2362896730620545,20,0.8541666666666665,0.9020696794431918,5050
"[{'W'}, {'M'}, {'O'}, {'Z'}, {'W'}]",0.2362896730620544,20,0.8541666666666666,0.9020696794431918,5050
"[{'O'}, {'M'}, {'V'}, {'Z'}, {'Z'}]",0.23613457055782372,23,0.856060606060606,0.9020696794431918,5050
"[{'T'}, {'Y'}, {'U'}, {'Y'}, {'T'}]",0.2360789625361317,27,0.8579545454545454,0.9020696794431918,5050
"[{'W'}, {'W'}, {'Y'}, {'Z'}, {'X'}]",0.2360789625361317,27,0.8579545454545454,0.9020696794431918,5050
"[{'T'}, {'M'}, {'T'}, {'W'}, {'M'}]",0.2360789625361317,27,0.8579545454545454,0.9020696794431918,5050
"[{'X'}, {'O'}, {'N'}, {'O'}, {'Y'}]",0.23580065906192071,21,0.8555555555555555,0.9020696794431918,5050
"[{'V'}, {'X'}, {'W'}, {'W'}, {'U'}]",0.2357916776106812,26,0.8579881656804734,0.9020696794431918,5050
"[{'N'}, {'Z'}, {'Y'}, {'P'}, {'X'}]",0.23576336913115992,24,0.8571428571428571,0.9020696794431918,5050
"[{'M'}, {'N'}, {'M'}, {'N'}, {'O'}]",0.23567276974309703,21,0.8557692307692308,0.9020696794431918,5050
"[{'N'}, {'M'}, {'Y'}, {'V'}, {'W'}]",0.235470396961606,23,0.8571428571428571,0.9020696794431918,5050
"[{'M'}, {'P'}, {'P'}, {'P'}, {'T'}]",0.23547039696160588,23,0.8571428571428572,0.9020696794431918,5050
"[{'P'}, {'M'}, {'N'}, {'T'}, {'X'}]",0.23542190562771825,28,0.859375,0.9020696794431918,5050
"[{'X'}, {'V'}, {'T'}, {'P'}, {'M'}]",0.2351709835339446,22,0.8571428571428571,0.9020696794431918,5050
"[{'P'}, {'U'}, {'V'}, {'W'}, {'U'}]",0.23491600998037132,25,0.858974358974359,0.9020696794431918,5050
"[{'V'}, {'X'}, {'Y'}, {'M'}, {'O'}]",0.23491600998037132,25,0.8589743589743589,0.9020696794431918,5050
"[{'M'}, {'T'}, {'V'}, {'M'}, {'X'}]",0.23486468433928476,21,0.8571428571428571,0.9020696794431918,5050
"[{'M'}, {'V'}, {'U'}, {'V'}, {'Y'}]",0.2345510012619555,20,0.8571428571428571,0.9020696794431918,5050
"[{'X'}, {'U'}, {'X'}, {'M'}, {'Y'}]",0.23448327443051253,24,0.8592592592592593,0.9020696794431918,5050
"[{'X'}, {'Z'}, {'X'}, {'U'}, {'T'}]",0.23448327443051253,24,0.8592592592592593,0.9020696794431918,5050
"[{'P'}, {'Y'}, {'X'}, {'W'}, {'V'}]",0.23447430951900716,22,0.8583333333333333,0.9020696794431918,5050
"[{'Z'}, {'O'}, {'T'}, {'P'}, {'O'}]",0.23447430951900716,22,0.8583333333333334,0.9020696794431918,5050
"[{'N'}, {'P'}, {'O'}, {'Z'}, {'W'}]",0.23447430951900716,22,0.8583333333333334,0.9020696794431918,5050
"[{'T'}, {'W'}, {'P'}, {'M'}, {'Y'}]",0.23447430951900716,22,0.8583333333333333,0.9020696794431918,5050
"[{'O'}, {'Y'}, {'Y'}, {'O'}, {'X'}]",0.23447430951900716,22,0.8583333333333333,0.9020696794431918,5050
"[{'Z'}, {'V'}, {'U'}, {'M'}, {'V'}]",0.23447430951900716,22,0.8583333333333334,0.9020696794431918,5050
"[{'O'}, {'Y'}, {'Z'}, {'M'}, {'T'}]",0.23396884153215058,24,0.86013986013986,0.9020696794431918,5050
"[{'U'}, {'O'}, {'N'}, {'O'}, {'Y'}]",0.23396884153215047,24,0.8601398601398601,0.9020696794431918,5050
"[{'U'}, {'W'}, {'P'}, {'X'}, {'X'}]",0.23396884153215047,24,0.8601398601398601,0.9020696794431918,5050
"[{'Z'}, {'M'}, {'X'}, {'T'}, {'U'}]",0.23374813977747788,20,0.8585858585858586,0.9020696794431918,5050
"[{'W'}, {'Y'}, {'Z'}, {'U'}, {'T'}]",0.23365233242085515,25,0.861111111111111,0.9020696794431918,5050
"[{'W'}, {'T'}, {'Y'}, {'T'}, {'T'}]",0.23365233242085515,25,0.8611111111111112,0.9020696794431918,5050
"[{'M'}, {'M'}, {'T'}, {'N'}, {'Z'}]",0.23337903325522968,34,0.8645833333333334,0.9020696794431918,5050
"[{'U'}, {'O'}, {'Y'}, {'X'}, {'N'}]",0.23321823432048905,27,0.8626373626373627,0.9020696794431918,5050
"[{'O'}, {'Z'}, {'P'}, {'U'}, {'N'}]",0.23321823432048905,27,0.8626373626373626,0.9020696794431918,5050
"[{'M'}, {'X'}, {'W'}, {'X'}, {'T'}]",0.23308356781262718,26,0.8625,0.9020696794431918,5050
"[{'Z'}, {'V'}, {'T'}, {'Z'}, {'P'}]",0.23304232991148377,29,0.8636363636363636,0.9020696794431918,5050
"[{'M'}, {'V'}, {'U'}, {'Y'}, {'M'}]",0.23298676246311512,20,0.86,0.9020696794431918,5050
"[{'Y'}, {'W'}, {'W'}, {'W'}, {'W'}]",0.23298676246311512,20,0.86,0.9020696794431918,5050
"[{'M'}, {'T'}, {'Y'}, {'Z'}, {'U'}]",0.23298676246311512,20,0.86,0.9020696794431918,5050
"[{'Z'}, {'X'}, {'V'}, {'P'}, {'Y'}]",0.23298676246311512,20,0.86,0.9020696794431918,5050
"[{'M'}, {'T'}, {'O'}, {'V'}, {'T'}]",0.23294481997177563,26,0.8627450980392157,0.9020696794431918,5050
"[{'P'}, {'Y'}, {'Z'}, {'X'}, {'T'}]",0.23293532812267026,23,0.8615384615384616,0.9020696794431918,5050
"[{'X'}, {'X'}, {'U'}, {'X'}, {'Z'}]",0.23293532812267026,23,0.8615384615384616,0.9020696794431918,5050
"[{'O'}, {'X'}, {'P'}, {'N'}, {'T'}]",0.2326669119510153,21,0.8611111111111112,0.9020696794431918,5050
"[{'U'}, {'T'}, {'Y'}, {'W'}, {'N'}]",0.2326669119510153,21,0.8611111111111112,0.9020696794431918,5050
"[{'M'}, {'P'}, {'W'}, {'N'}, {'M'}]",0.23264944958606393,27,0.8636363636363635,0.9020696794431918,5050
"[{'U'}, {'X'}, {'O'}, {'Y'}, {'P'}]",0.23264944958606393,27,0.8636363636363636,0.9020696794431918,5050
"[{'Z'}, {'P'}, {'Z'}, {'N'}, {'W'}]",0.23264944958606393,27,0.8636363636363635,0.9020696794431918,5050
"[{'N'}, {'Y'}, {'U'}, {'X'}, {'O'}]",0.23224172800793486,25,0.8636363636363635,0.9020696794431918,5050
"[{'W'}, {'P'}, {'W'}, {'W'}, {'V'}]",0.23194567210630423,21,0.8625,0.9020696794431918,5050
"[{'T'}, {'Y'}, {'T'}, {'N'}, {'U'}]",0.23194567210630423,21,0.8625,0.9020696794431918,5050
"[{'P'}, {'V'}, {'U'}, {'M'}, {'T'}]",0.2318173442946443,23,0.8636363636363636,0.9020696794431918,5050
"[{'U'}, {'X'}, {'W'}, {'Z'}, {'M'}]",0.2318173442946443,23,0.8636363636363636,0.9020696794431918,5050
"[{'Y'}, {'X'}, {'V'}, {'N'}, {'M'}]",0.2318173442946443,23,0.8636363636363636,0.9020696794431918,5050
"[{'Z'}, {'O'}, {'Y'}, {'T'}, {'W'}]",0.2317963275315329,22,0.8632478632478633,0.9020696794431918,5050
"[{'V'}, {'M'}, {'Z'}, {'Z'}, {'P'}]",0.2317963275315329,22,0.8632478632478633,0.9020696794431918,5050
"[{'X'}, {'M'}, {'V'}, {'Y'}, {'T'}]",0.2317963275315329,22,0.8632478632478633,0.9020696794431918,5050
"[{'T'}, {'U'}, {'Y'}, {'P'}, {'T'}]",0.2317963275315329,22,0.8632478632478633,0.9020696794431918,5050
"[{'T'}, {'T'}, {'T'}, {'N'}, {'T'}]",0.23169056005622146,24,0.8642857142857143,0.9020696794431918,5050
"[{'W'}, {'X'}, {'N'}, {'X'}, {'Z'}]",0.23137407165144608,21,0.8636363636363636,0.9020696794431918,5050
"[{'M'}, {'T'}, {'M'}, {'Y'}, {'P'}]",0.23137407165144608,21,0.8636363636363636,0.9020696794431918,5050
"[{'Z'}, {'N'}, {'P'}, {'W'}, {'Y'}]",0.23137407165144608,21,0.8636363636363635,0.9020696794431918,5050
"[{'V'}, {'U'}, {'O'}, {'U'}, {'W'}]",0.23137407165144608,21,0.8636363636363635,0.9020696794431918,5050
"[{'U'}, {'T'}, {'Y'}, {'U'}, {'W'}]",0.23134678435190992,29,0.8666666666666667,0.9020696794431918,5050
"[{'P'}, {'W'}, {'P'}, {'P'}, {'M'}]",0.23131772262965822,25,0.8653846153846154,0.9020696794431918,5050
"[{'W'}, {'X'}, {'T'}, {'M'}, {'X'}]",0.23131772262965822,25,0.8653846153846154,0.9020696794431918,5050
"[{'T'}, {'U'}, {'Z'}, {'P'}, {'W'}]",0.23118158853739934,28,0.8666666666666667,0.9020696794431918,5050
"[{'M'}, {'N'}, {'T'}, {'M'}, {'U'}]",0.23118158853739934,28,0.8666666666666667,0.9020696794431918,5050
"[{'U'}, {'P'}, {'M'}, {'W'}, {'P'}]",0.2310828432366695,23,0.8650793650793651,0.9020696794431918,5050
"[{'N'}, {'T'}, {'Y'}, {'W'}, {'P'}]",0.2310828432366695,23,0.8650793650793651,0.9020696794431918,5050
"[{'V'}, {'U'}, {'Y'}, {'Y'}, {'Y'}]",0.23084209823090696,26,0.8666666666666667,0.9020696794431918,5050
"[{'P'}, {'N'}, {'P'}, {'N'}, {'P'}]",0.23084209823090696,26,0.8666666666666667,0.9020696794431918,5050
"[{'X'}, {'T'}, {'Y'}, {'W'}, {'Y'}]",0.23071969384579516,31,0.868421052631579,0.9020696794431918,5050
"[{'P'}, {'Z'}, {'Z'}, {'Y'}, {'O'}]",0.2306920734788519,20,0.8645833333333334,0.9020696794431918,5050
"[{'X'}, {'X'}, {'P'}, {'U'}, {'T'}]",0.2306920734788519,20,0.8645833333333334,0.9020696794431918,5050
"[{'T'}, {'X'}, {'W'}, {'V'}, {'M'}]",0.23052720673374638,21,0.8653846153846154,0.9020696794431918,5050
"[{'M'}, {'U'}, {'N'}, {'P'}, {'M'}]",0.23052720673374638,21,0.8653846153846154,0.9020696794431918,5050
"[{'Z'}, {'T'}, {'T'}, {'Z'}, {'Y'}]",0.23052720673374638,21,0.8653846153846154,0.9020696794431918,5050
"[{'Z'}, {'Z'}, {'P'}, {'N'}, {'W'}]",0.23030735321079765,23,0.8666666666666667,0.9020696794431918,5050
"[{'W'}, {'Z'}, {'O'}, {'W'}, {'T'}]",0.2302705288836251,27,0.8681318681318682,0.9020696794431918,5050
"[{'Z'}, {'T'}, {'U'}, {'X'}, {'X'}]",0.2302632141700689,24,0.8671328671328671,0.9020696794431918,5050
"[{'U'}, {'N'}, {'O'}, {'N'}, {'Z'}]",0.2302632141700689,24,0.8671328671328672,0.9020696794431918,5050
"[{'V'}, {'M'}, {'P'}, {'P'}, {'O'}]",0.23012142713069528,22,0.8666666666666667,0.9020696794431918,5050
"[{'N'}, {'X'}, {'Y'}, {'W'}, {'P'}]",0.22998909615921537,25,0.8680555555555556,0.9020696794431918,5050
"[{'W'}, {'Z'}, {'N'}, {'M'}, {'X'}]",0.2298246277601298,24,0.8680555555555556,0.9020696794431918,5050
"[{'X'}, {'Y'}, {'P'}, {'W'}, {'V'}]",0.2298147920236483,26,0.86875,0.9020696794431918,5050
"[{'M'}, {'N'}, {'X'}, {'M'}, {'M'}]",0.22967311854280736,26,0.8690476190476191,0.9020696794431918,5050
"[{'U'}, {'M'}, {'T'}, {'V'}, {'T'}]",0.2296235984141647,21,0.8673469387755102,0.9020696794431918,5050
"[{'T'}, {'V'}, {'X'}, {'O'}, {'W'}]",0.2296235984141647,21,0.8673469387755102,0.9020696794431918,5050
"[{'T'}, {'V'}, {'Z'}, {'V'}, {'U'}]",0.22961446289327947,22,0.8677685950413223,0.9020696794431918,5050
"[{'N'}, {'T'}, {'P'}, {'T'}, {'T'}]",0.22961446289327947,22,0.8677685950413223,0.9020696794431918,5050
"[{'O'}, {'P'}, {'Y'}, {'N'}, {'X'}]",0.22961446289327947,22,0.8677685950413223,0.9020696794431918,5050
"[{'W'}, {'U'}, {'X'}, {'W'}, {'M'}]",0.22949049854981463,33,0.8713235294117647,0.9020696794431918,5050
"[{'V'}, {'P'}, {'O'}, {'M'}, {'V'}]",0.22923589549961654,30,0.8711111111111112,0.9020696794431918,5050
"[{'M'}, {'N'}, {'T'}, {'W'}, {'X'}]",0.22919618517343432,27,0.8703703703703703,0.9020696794431918,5050
"[{'T'}, {'V'}, {'P'}, {'X'}, {'Z'}]",0.2290970631380378,20,0.8681318681318682,0.9020696794431918,5050
"[{'M'}, {'N'}, {'X'}, {'Y'}, {'M'}]",0.22907047027988525,33,0.8721804511278195,0.9020696794431918,5050
"[{'N'}, {'V'}, {'U'}, {'N'}, {'W'}]",0.22902650995277019,25,0.8701298701298701,0.9020696794431918,5050
"[{'Y'}, {'V'}, {'W'}, {'W'}, {'V'}]",0.22902650995277019,25,0.8701298701298701,0.9020696794431918,5050
"[{'O'}, {'T'}, {'V'}, {'Y'}, {'P'}]",0.22902650995277007,25,0.8701298701298702,0.9020696794431918,5050
"[{'Z'}, {'T'}, {'Z'}, {'V'}, {'X'}]",0.22897582969869057,36,0.873015873015873,0.9020696794431918,5050
"[{'X'}, {'T'}, {'U'}, {'T'}, {'X'}]",0.2288619316206324,20,0.8686868686868686,0.9020696794431918,5050
"[{'W'}, {'X'}, {'O'}, {'Z'}, {'V'}]",0.2288619316206323,20,0.8686868686868687,0.9020696794431918,5050
"[{'W'}, {'N'}, {'W'}, {'O'}, {'P'}]",0.22871117512931693,20,0.8690476190476191,0.9020696794431918,5050
"[{'U'}, {'T'}, {'W'}, {'X'}, {'Y'}]",0.22839021344741972,22,0.8705882352941177,0.9020696794431918,5050
"[{'U'}, {'Y'}, {'W'}, {'Y'}, {'V'}]",0.22832857870239032,21,0.8703703703703703,0.9020696794431918,5050
"[{'W'}, {'M'}, {'V'}, {'Z'}, {'P'}]",0.22832857870239032,21,0.8703703703703702,0.9020696794431918,5050
"[{'V'}, {'M'}, {'P'}, {'Y'}, {'P'}]",0.22832120198898276,24,0.8714285714285714,0.9020696794431918,5050
"[{'W'}, {'Z'}, {'T'}, {'M'}, {'P'}]",0.2283210482357092,20,0.87,0.9020696794431918,5050
"[{'X'}, {'U'}, {'Y'}, {'V'}, {'W'}]",0.22829767126245137,25,0.8717948717948718,0.9020696794431918,5050
"[{'X'}, {'O'}, {'U'}, {'P'}, {'X'}]",0.2282747588222691,23,0.8712121212121212,0.9020696794431918,5050
"[{'N'}, {'X'}, {'O'}, {'M'}, {'P'}]",0.22793174025731544,29,0.8737373737373737,0.9020696794431918,5050
"[{'N'}, {'N'}, {'M'}, {'N'}, {'M'}]",0.22786131753582017,34,0.8749999999999999,0.9020696794431918,5050
"[{'O'}, {'P'}, {'N'}, {'T'}, {'T'}]",0.22776431603058678,27,0.8736263736263736,0.9020696794431918,5050
"[{'T'}, {'P'}, {'P'}, {'Z'}, {'W'}]",0.22776431603058678,27,0.8736263736263736,0.9020696794431918,5050
"[{'X'}, {'O'}, {'P'}, {'U'}, {'O'}]",0.22773000921892306,23,0.8725490196078431,0.9020696794431918,5050
"[{'M'}, {'U'}, {'Z'}, {'X'}, {'T'}]",0.22754546217102845,23,0.873015873015873,0.9020696794431918,5050
"[{'T'}, {'V'}, {'Z'}, {'V'}, {'V'}]",0.22740082588587773,21,0.8727272727272728,0.9020696794431918,5050
"[{'W'}, {'M'}, {'T'}, {'Y'}, {'Z'}]",0.22730506609526568,28,0.875,0.9020696794431918,5050
"[{'M'}, {'U'}, {'M'}, {'M'}, {'X'}]",0.22730506609526568,28,0.875,0.9020696794431918,5050
"[{'U'}, {'W'}, {'Z'}, {'P'}, {'P'}]",0.22723183199117059,24,0.8741258741258742,0.9020696794431918,5050
"[{'M'}, {'X'}, {'P'}, {'W'}, {'V'}]",0.22723183199117059,24,0.8741258741258742,0.9020696794431918,5050
"[{'Y'}, {'W'}, {'N'}, {'V'}, {'V'}]",0.22710658773627812,26,0.8749999999999999,0.9020696794431918,5050
"[{'N'}, {'U'}, {'Z'}, {'O'}, {'Z'}]",0.22690031708325087,24,0.8749999999999999,0.9020696794431918,5050
"[{'U'}, {'Z'}, {'O'}, {'U'}, {'V'}]",0.22690031708325076,24,0.8750000000000001,0.9020696794431918,5050
"[{'U'}, {'M'}, {'W'}, {'Y'}, {'Y'}]",0.2267939563826331,23,0.875,0.9020696794431918,5050
"[{'N'}, {'X'}, {'X'}, {'P'}, {'Z'}]",0.2267939563826331,23,0.875,0.9020696794431918,5050
"[{'U'}, {'P'}, {'O'}, {'Z'}, {'W'}]",0.22668525724582111,22,0.875,0.9020696794431918,5050
"[{'U'}, {'Z'}, {'P'}, {'N'}, {'X'}]",0.22668525724582111,22,0.875,0.9020696794431918,5050
"[{'X'}, {'Z'}, {'Y'}, {'Z'}, {'V'}]",0.22668525724582111,22,0.875,0.9020696794431918,5050
"[{'V'}, {'M'}, {'U'}, {'T'}, {'X'}]",0.22661325367139573,27,0.8765432098765432,0.9020696794431918,5050
"[{'M'}, {'U'}, {'U'}, {'W'}, {'U'}]",0.22652659206444126,28,0.8770053475935828,0.9020696794431918,5050
"[{'Y'}, {'V'}, {'T'}, {'P'}, {'Z'}]",0.22646017870365198,20,0.875,0.9020696794431918,5050
"[{'U'}, {'P'}, {'X'}, {'V'}, {'W'}]",0.22646017870365198,20,0.875,0.9020696794431918,5050
"[{'Y'}, {'V'}, {'V'}, {'O'}, {'Z'}]",0.22644161280189512,29,0.8774509803921569,0.9020696794431918,5050
"[{'Y'}, {'U'}, {'M'}, {'T'}, {'Y'}]",0.22640464452429665,25,0.8766233766233766,0.9020696794431918,5050
"[{'Y'}, {'P'}, {'N'}, {'T'}, {'T'}]",0.22640464452429665,25,0.8766233766233766,0.9020696794431918,5050
"[{'V'}, {'M'}, {'P'}, {'W'}, {'M'}]",0.22637812589165907,30,0.8778280542986425,0.9020696794431918,5050
"[{'O'}, {'W'}, {'N'}, {'X'}, {'W'}]",0.22632315072389375,22,0.8760330578512396,0.9020696794431918,5050
"[{'Y'}, {'W'}, {'Y'}, {'U'}, {'T'}]",0.22632315072389375,22,0.8760330578512396,0.9020696794431918,5050
"[{'U'}, {'Z'}, {'X'}, {'Y'}, {'M'}]",0.22632315072389375,22,0.8760330578512396,0.9020696794431918,5050
"[{'Z'}, {'P'}, {'Y'}, {'X'}, {'X'}]",0.22626920950744633,22,0.8761904761904762,0.9020696794431918,5050
"[{'P'}, {'Y'}, {'X'}, {'O'}, {'M'}]",0.22616353522808286,27,0.8777777777777778,0.9020696794431918,5050
"[{'Z'}, {'P'}, {'W'}, {'O'}, {'U'}]",0.22588620062202336,27,0.8785714285714286,0.9020696794431918,5050
"[{'X'}, {'O'}, {'Z'}, {'N'}, {'Y'}]",0.22585585587875057,25,0.8782051282051282,0.9020696794431918,5050
"[{'T'}, {'T'}, {'X'}, {'P'}, {'X'}]",0.2257380735638156,26,0.8787878787878788,0.9020696794431918,5050
"[{'M'}, {'U'}, {'P'}, {'O'}, {'T'}]",0.22573807356381548,26,0.8787878787878789,0.9020696794431918,5050
"[{'W'}, {'P'}, {'Y'}, {'O'}, {'Y'}]",0.22565403284608565,21,0.8777777777777778,0.9020696794431918,5050
"[{'M'}, {'W'}, {'T'}, {'X'}, {'X'}]",0.22565403284608565,21,0.8777777777777778,0.9020696794431918,5050
"[{'U'}, {'N'}, {'X'}, {'X'}, {'Z'}]",0.22565403284608565,21,0.8777777777777778,0.9020696794431918,5050
"[{'X'}, {'P'}, {'V'}, {'V'}, {'V'}]",0.22560436547954754,29,0.8798076923076923,0.9020696794431918,5050
"[{'P'}, {'Y'}, {'V'}, {'W'}, {'O'}]",0.22560436547954754,29,0.8798076923076923,0.9020696794431918,5050
"[{'T'}, {'V'}, {'Y'}, {'W'}, {'P'}]",0.22550681414069806,23,0.8787878787878788,0.9020696794431918,5050
"[{'T'}, {'O'}, {'P'}, {'P'}, {'Z'}]",0.22550681414069806,23,0.8787878787878788,0.9020696794431918,5050
"[{'U'}, {'Z'}, {'Z'}, {'U'}, {'U'}]",0.22550681414069806,23,0.8787878787878789,0.9020696794431918,5050
"[{'X'}, {'M'}, {'X'}, {'X'}, {'N'}]",0.22547376676394892,30,0.8803827751196172,0.9020696794431918,5050
"[{'V'}, {'Z'}, {'V'}, {'V'}, {'W'}]",0.22527576745955868,25,0.88,0.9020696794431918,5050
"[{'O'}, {'O'}, {'P'}, {'T'}, {'X'}]",0.22525991237415832,20,0.8787878787878788,0.9020696794431918,5050
"[{'W'}, {'N'}, {'W'}, {'X'}, {'P'}]",0.22525991237415832,20,0.8787878787878787,0.9020696794431918,5050
"[{'V'}, {'Z'}, {'T'}, {'N'}, {'N'}]",0.22525991237415832,20,0.8787878787878788,0.9020696794431918,5050
"[{'U'}, {'P'}, {'O'}, {'N'}, {'X'}]",0.2252280751301302,29,0.880952380952381,0.9020696794431918,5050
"[{'Z'}, {'W'}, {'X'}, {'X'}, {'W'}]",0.22516303028045892,20,0.8791208791208791,0.9020696794431918,5050
"[{'V'}, {'Y'}, {'Y'}, {'X'}, {'U'}]",0.22509596870737003,21,0.8796296296296297,0.9020696794431918,5050
"[{'X'}, {'Y'}, {'O'}, {'M'}, {'P'}]",0.22506203611048092,31,0.8818181818181817,0.9020696794431918,5050
"[{'P'}, {'T'}, {'Z'}, {'P'}, {'V'}]",0.2249647472951295,22,0.8803418803418804,0.9020696794431918,5050
"[{'W'}, {'Y'}, {'X'}, {'Y'}, {'T'}]",0.22495895495051665,26,0.88125,0.9020696794431918,5050
"[{'P'}, {'U'}, {'N'}, {'V'}, {'T'}]",0.22495895495051665,26,0.88125,0.9020696794431918,5050
"[{'W'}, {'T'}, {'U'}, {'T'}, {'X'}]",0.22491396755935844,20,0.88,0.9020696794431918,5050
"[{'Y'}, {'M'}, {'W'}, {'M'}, {'V'}]",0.22491396755935844,20,0.88,0.9020696794431918,5050
"[{'Z'}, {'T'}, {'N'}, {'V'}, {'N'}]",0.22483270234800679,28,0.882051282051282,0.9020696794431918,5050
"[{'M'}, {'U'}, {'Y'}, {'U'}, {'W'}]",0.2247708599005359,24,0.8814814814814815,0.9020696794431918,5050
"[{'M'}, {'U'}, {'U'}, {'X'}, {'T'}]",0.2247434490045398,28,0.8823529411764706,0.9020696794431918,5050
"[{'U'}, {'W'}, {'X'}, {'W'}, {'M'}]",0.22469849616119708,25,0.8819444444444444,0.9020696794431918,5050
"[{'O'}, {'M'}, {'W'}, {'T'}, {'V'}]",0.22464091958880406,24,0.8819444444444444,0.9020696794431918,5050
"[{'U'}, {'U'}, {'V'}, {'W'}, {'U'}]",0.22449346078394983,21,0.8818181818181818,0.9020696794431918,5050
"[{'X'}, {'Z'}, {'M'}, {'W'}, {'N'}]",0.22449346078394983,21,0.8818181818181818,0.9020696794431918,5050
"[{'Z'}, {'P'}, {'V'}, {'P'}, {'Z'}]",0.22449346078394983,21,0.8818181818181817,0.9020696794431918,5050
"[{'V'}, {'M'}, {'M'}, {'T'}, {'N'}]",0.22449346078394983,21,0.8818181818181818,0.9020696794431918,5050
"[{'M'}, {'T'}, {'X'}, {'X'}, {'Z'}]",0.22449346078394972,21,0.881818181818182,0.9020696794431918,5050
"[{'Z'}, {'P'}, {'W'}, {'N'}, {'O'}]",0.22446582053467323,34,0.8842105263157894,0.9020696794431918,5050
"[{'X'}, {'N'}, {'P'}, {'T'}, {'O'}]",0.2244156321436911,27,0.8833333333333333,0.9020696794431918,5050
"[{'W'}, {'O'}, {'P'}, {'W'}, {'Y'}]",0.22437613172251414,25,0.8831168831168831,0.9020696794431918,5050
"[{'O'}, {'N'}, {'W'}, {'P'}, {'Y'}]",0.2243114744852449,33,0.8846153846153846,0.9020696794431918,5050
"[{'X'}, {'W'}, {'Y'}, {'N'}, {'X'}]",0.22421787491134149,23,0.8833333333333333,0.9020696794431918,5050
"[{'V'}, {'M'}, {'N'}, {'M'}, {'T'}]",0.22419023360207502,36,0.8854166666666667,0.9020696794431918,5050
"[{'O'}, {'W'}, {'Z'}, {'M'}, {'X'}]",0.22418979134959804,32,0.884920634920635,0.9020696794431918,5050
"[{'P'}, {'Y'}, {'U'}, {'Y'}, {'W'}]",0.2241657998643849,22,0.8833333333333333,0.9020696794431918,5050
"[{'P'}, {'P'}, {'W'}, {'T'}, {'M'}]",0.2241657998643849,22,0.8833333333333333,0.9020696794431918,5050
"[{'N'}, {'W'}, {'V'}, {'Y'}, {'V'}]",0.2241657998643849,22,0.8833333333333333,0.9020696794431918,5050
"[{'Y'}, {'Z'}, {'X'}, {'M'}, {'N'}]",0.2241657998643849,22,0.8833333333333333,0.9020696794431918,5050
"[{'Y'}, {'V'}, {'V'}, {'T'}, {'X'}]",0.2241657998643849,22,0.8833333333333333,0.9020696794431918,5050
"[{'N'}, {'M'}, {'Z'}, {'T'}, {'P'}]",0.2240697357510275,23,0.8839285714285714,0.9020696794431918,5050
"[{'W'}, {'T'}, {'W'}, {'T'}, {'O'}]",0.22404752898760116,24,0.8842105263157894,0.9020696794431918,5050
"[{'Y'}, {'U'}, {'X'}, {'Y'}, {'X'}]",0.22399227647855602,25,0.8846153846153846,0.9020696794431918,5050
"[{'W'}, {'X'}, {'Z'}, {'N'}, {'T'}]",0.22399227647855602,25,0.8846153846153846,0.9020696794431918,5050
"[{'T'}, {'P'}, {'Z'}, {'Z'}, {'X'}]",0.22399227647855602,25,0.8846153846153846,0.9020696794431918,5050
"[{'Y'}, {'U'}, {'P'}, {'T'}, {'Y'}]",0.22397672957413672,26,0.8848484848484848,0.9020696794431918,5050
"[{'Y'}, {'N'}, {'T'}, {'M'}, {'T'}]",0.22392861153776722,33,0.8860294117647058,0.9020696794431918,5050
"[{'Y'}, {'Z'}, {'P'}, {'T'}, {'Y'}]",0.22391374439137368,28,0.8854166666666666,0.9020696794431918,5050
"[{'O'}, {'P'}, {'T'}, {'V'}, {'X'}]",0.22387585028500512,29,0.8857142857142857,0.9020696794431918,5050
"[{'M'}, {'V'}, {'W'}, {'Z'}, {'N'}]",0.22381332443639657,21,0.8846153846153846,0.9020696794431918,5050
"[{'T'}, {'O'}, {'U'}, {'Y'}, {'P'}]",0.22361433066419778,22,0.8857142857142857,0.9020696794431918,5050
"[{'O'}, {'O'}, {'V'}, {'V'}, {'X'}]",0.22359398873645442,20,0.8854166666666667,0.9020696794431918,5050
"[{'U'}, {'T'}, {'T'}, {'T'}, {'T'}]",0.22351805451021023,25,0.8866666666666667,0.9020696794431918,5050
"[{'M'}, {'M'}, {'O'}, {'Z'}, {'X'}]",0.22351351024993127,23,0.8863636363636362,0.9020696794431918,5050
"[{'X'}, {'M'}, {'V'}, {'M'}, {'M'}]",0.22351351024993127,23,0.8863636363636364,0.9020696794431918,5050
"[{'V'}, {'O'}, {'Y'}, {'O'}, {'U'}]",0.22351351024993127,23,0.8863636363636364,0.9020696794431918,5050
"[{'X'}, {'Z'}, {'M'}, {'V'}, {'V'}]",0.22351351024993127,23,0.8863636363636362,0.9020696794431918,5050
"[{'T'}, {'Y'}, {'U'}, {'X'}, {'N'}]",0.22349969968061323,28,0.8871794871794871,0.9020696794431918,5050
"[{'P'}, {'M'}, {'W'}, {'X'}, {'P'}]",0.22335646812148557,26,0.8875739644970415,0.9020696794431918,5050
"[{'N'}, {'M'}, {'O'}, {'M'}, {'O'}]",0.2231878028925589,30,0.8888888888888888,0.9020696794431918,5050
"[{'U'}, {'O'}, {'M'}, {'U'}, {'U'}]",0.2231701092055468,21,0.8877551020408163,0.9020696794431918,5050
"[{'Y'}, {'U'}, {'P'}, {'V'}, {'P'}]",0.22311908709468953,27,0.8888888888888888,0.9020696794431918,5050
"[{'M'}, {'N'}, {'M'}, {'M'}, {'T'}]",0.2230953403750422,26,0.8888888888888888,0.9020696794431918,5050
"[{'N'}, {'V'}, {'U'}, {'Y'}, {'Z'}]",0.22307113242481857,25,0.8888888888888888,0.9020696794431918,5050
"[{'V'}, {'U'}, {'X'}, {'Z'}, {'Z'}]",0.22299544633422608,22,0.888888888888889,0.9020696794431918,5050
"[{'M'}, {'P'}, {'Y'}, {'Z'}, {'U'}]",0.22299544633422608,22,0.8888888888888888,0.9020696794431918,5050
"[{'Y'}, {'X'}, {'P'}, {'X'}, {'Y'}]",0.22296908196595455,21,0.888888888888889,0.9020696794431918,5050
"[{'U'}, {'V'}, {'Y'}, {'P'}, {'M'}]",0.22296908196595455,21,0.8888888888888888,0.9020696794431918,5050
"[{'P'}, {'Z'}, {'O'}, {'T'}, {'X'}]",0.2229546418984263,36,0.890625,0.9020696794431918,5050
"[{'X'}, {'W'}, {'M'}, {'Z'}, {'W'}]",0.22294097154742287,25,0.8896103896103895,0.9020696794431918,5050
"[{'Z'}, {'T'}, {'O'}, {'V'}, {'P'}]",0.22294097154742287,25,0.8896103896103895,0.9020696794431918,5050
"[{'T'}, {'V'}, {'T'}, {'Z'}, {'M'}]",0.22286729788761406,29,0.8904761904761904,0.9020696794431918,5050
"[{'V'}, {'P'}, {'N'}, {'W'}, {'W'}]",0.22285156195971845,31,0.8907563025210083,0.9020696794431918,5050
"[{'M'}, {'O'}, {'O'}, {'W'}, {'V'}]",0.22276552043406272,20,0.8900000000000001,0.9020696794431918,5050
"[{'W'}, {'X'}, {'W'}, {'N'}, {'T'}]",0.22276552043406272,20,0.8900000000000001,0.9020696794431918,5050
"[{'X'}, {'M'}, {'T'}, {'Y'}, {'X'}]",0.22275170688354085,24,0.890625,0.9020696794431918,5050
"[{'X'}, {'U'}, {'V'}, {'P'}, {'V'}]",0.22275170688354085,24,0.890625,0.9020696794431918,5050
"[{'O'}, {'T'}, {'M'}, {'U'}, {'M'}]",0.22274890268921865,20,0.8901098901098902,0.9020696794431918,5050
"[{'Z'}, {'X'}, {'M'}, {'O'}, {'M'}]",0.22274890268921865,20,0.8901098901098902,0.9020696794431918,5050
"[{'Z'}, {'V'}, {'N'}, {'W'}, {'N'}]",0.22274890268921865,20,0.8901098901098902,0.9020696794431918,5050
"[{'U'}, {'P'}, {'Z'}, {'P'}, {'Z'}]",0.22273110683872754,24,0.8907563025210083,0.9020696794431918,5050
"[{'M'}, {'P'}, {'Z'}, {'V'}, {'Y'}]",0.22271023430658377,32,0.8916666666666667,0.9020696794431918,5050
"[{'N'}, {'N'}, {'M'}, {'W'}, {'T'}]",0.22270693306186762,25,0.891025641025641,0.9020696794431918,5050
"[{'M'}, {'V'}, {'X'}, {'M'}, {'Z'}]",0.22270693306186762,25,0.891025641025641,0.9020696794431918,5050
"[{'V'}, {'P'}, {'P'}, {'T'}, {'N'}]",0.22267303305585662,20,0.890625,0.9020696794431918,5050
"[{'M'}, {'X'}, {'Y'}, {'O'}, {'W'}]",0.22265197634566192,21,0.8909090909090909,0.9020696794431918,5050
"[{'T'}, {'V'}, {'M'}, {'T'}, {'V'}]",0.22265197634566192,21,0.8909090909090909,0.9020696794431918,5050
"[{'M'}, {'T'}, {'V'}, {'X'}, {'W'}]",0.22265197634566192,21,0.8909090909090909,0.9020696794431918,5050
"[{'Z'}, {'U'}, {'T'}, {'X'}, {'U'}]",0.22265197634566192,21,0.8909090909090909,0.9020696794431918,5050
"[{'T'}, {'T'}, {'Y'}, {'W'}, {'P'}]",0.22265197634566192,21,0.8909090909090909,0.9020696794431918,5050
"[{'Y'}, {'T'}, {'Y'}, {'O'}, {'Y'}]",0.22258349657383336,27,0.8920454545454545,0.9020696794431918,5050
"[{'T'}, {'U'}, {'N'}, {'P'}, {'W'}]",0.2225791087969229,23,0.8916666666666667,0.9020696794431918,5050
