pattern,quality,support,pattern_auc,global_auc,dataset_size
"[{'W'}, {'X'}, {'Y'}, {'Y'}, {'X'}]",1.5185967754553684,22,0.4588235294117647,0.9020696794431918,5050
"[{'X'}, {'V'}, {'M'}, {'U'}, {'Y'}]",1.0872048449105725,20,0.53125,0.9020696794431918,5050
"[{'V'}, {'O'}, {'M'}, {'W'}, {'W'}]",0.668503885999462,21,0.6388888888888888,0.9020696794431918,5050
"[{'X'}, {'M'}, {'U'}, {'T'}, {'Z'}]",0.6540667638829865,20,0.64,0.9020696794431918,5050
"[{'M'}, {'M'}, {'U'}, {'W'}, {'M'}]",0.6534790732343119,26,0.6568047337278107,0.9020696794431918,5050
"[{'N'}, {'M'}, {'Y'}, {'O'}, {'P'}]",0.651071753086685,22,0.6470588235294118,0.9020696794431918,5050
"[{'V'}, {'O'}, {'V'}, {'O'}, {'V'}]",0.6194658176266434,26,0.6666666666666666,0.9020696794431918,5050
"[{'M'}, {'O'}, {'M'}, {'U'}, {'W'}]",0.5932601240638782,26,0.6745562130177515,0.9020696794431918,5050
"[{'M'}, {'X'}, {'U'}, {'P'}, {'Y'}]",0.588453286394921,21,0.6636363636363636,0.9020696794431918,5050
"[{'W'}, {'P'}, {'W'}, {'M'}, {'U'}]",0.5598134551183821,20,0.6703296703296703,0.9020696794431918,5050
"[{'T'}, {'Y'}]",0.5488308589302482,1583,0.8805399296354709,0.9020696794431918,5050
"[{'N'}, {'W'}, {'P'}, {'W'}, {'Y'}]",0.5470902617119119,23,0.6825396825396826,0.9020696794431918,5050
"[{'W'}, {'Y'}, {'V'}, {'X'}, {'P'}]",0.5364126743387923,22,0.6837606837606838,0.9020696794431918,5050
"[{'M'}, {'T'}]",0.5338162827774544,1616,0.8881646381508282,0.9020696794431918,5050
"[{'M'}, {'U'}]",0.5336285067823832,1543,0.8881242858103112,0.9020696794431918,5050
"[{'P'}, {'M'}]",0.5305074598124562,1481,0.8902007988181868,0.9020696794431918,5050
"[{'P'}, {'T'}]",0.5300044307460505,1575,0.8907739045462901,0.9020696794431918,5050
"[{'T'}, {'P'}]",0.5297057997166654,1556,0.8909795368741067,0.9020696794431918,5050
"[{'P'}, {'U'}, {'P'}, {'V'}, {'M'}]",0.5257289164245031,22,0.6875,0.9020696794431918,5050
"[{'W'}, {'Y'}, {'V'}, {'M'}, {'P'}]",0.5239989094824794,23,0.6904761904761905,0.9020696794431918,5050
"[{'T'}, {'Y'}, {'P'}, {'X'}, {'P'}]",0.5079686610831182,26,0.7023809523809523,0.9020696794431918,5050
"[{'W'}, {'Z'}, {'X'}, {'P'}, {'X'}]",0.5054617830616537,25,0.7012987012987013,0.9020696794431918,5050
"[{'T'}, {'V'}, {'P'}, {'Y'}]",0.4953698583612387,106,0.7862513426423201,0.9020696794431918,5050
"[{'M'}, {'U'}, {'Y'}, {'Y'}]",0.494867425082244,109,0.7872053872053872,0.9020696794431918,5050
"[{'V'}, {'O'}, {'U'}, {'O'}]",0.4895285060886939,122,0.7919444444444445,0.9020696794431918,5050
"[{'O'}, {'V'}, {'Z'}, {'Y'}, {'Y'}]",0.48943948805307746,28,0.7124999999999999,0.9020696794431918,5050
"[{'V'}, {'T'}, {'T'}, {'P'}, {'X'}]",0.48413824377039205,20,0.6979166666666666,0.9020696794431918,5050
"[{'Y'}, {'X'}, {'P'}, {'M'}, {'V'}]",0.4837895424834979,24,0.7071428571428572,0.9020696794431918,5050
"[{'M'}, {'M'}, {'V'}, {'T'}, {'M'}]",0.47805182985156325,28,0.7165775401069518,0.9020696794431918,5050
"[{'U'}, {'U'}, {'M'}, {'N'}]",0.47648379233757676,106,0.792022792022792,0.9020696794431918,5050
"[{'X'}, {'U'}, {'P'}, {'Y'}]",0.47587078844133734,133,0.7982735120399819,0.9020696794431918,5050
"[{'W'}, {'V'}, {'N'}, {'T'}, {'X'}]",0.4668592485349573,22,0.7094017094017095,0.9020696794431918,5050
"[{'T'}, {'N'}, {'M'}, {'P'}, {'Z'}]",0.4649442622468658,24,0.7142857142857143,0.9020696794431918,5050
"[{'W'}, {'N'}, {'O'}, {'P'}, {'T'}]",0.46199899120305843,21,0.7090909090909091,0.9020696794431918,5050
"[{'Z'}, {'M'}, {'Y'}, {'X'}, {'T'}]",0.46199899120305843,21,0.7090909090909091,0.9020696794431918,5050
"[{'M'}, {'U'}, {'W'}]",0.4613624398352677,515,0.8575048262548263,0.9020696794431918,5050
"[{'N'}, {'M'}, {'X'}, {'O'}, {'Z'}]",0.45982588874995345,23,0.7142857142857143,0.9020696794431918,5050
"[{'P'}, {'M'}, {'T'}, {'V'}]",0.4570990514773793,108,0.7987637362637363,0.9020696794431918,5050
"[{'X'}, {'V'}, {'O'}, {'Z'}, {'P'}]",0.4570487809294542,23,0.7153846153846154,0.9020696794431918,5050
"[{'N'}, {'P'}, {'M'}, {'Y'}]",0.45260403620996703,110,0.8007282356835485,0.9020696794431918,5050
"[{'V'}, {'Z'}, {'U'}, {'Y'}]",0.45065185018522236,117,0.8029239766081872,0.9020696794431918,5050
"[{'T'}, {'W'}, {'Z'}, {'W'}, {'Y'}]",0.45039595998544557,27,0.7252747252747253,0.9020696794431918,5050
"[{'Y'}, {'W'}, {'V'}, {'Y'}, {'P'}]",0.44924377974774254,21,0.7142857142857142,0.9020696794431918,5050
"[{'U'}, {'M'}, {'N'}]",0.44621000120337106,481,0.8625216188170184,0.9020696794431918,5050
"[{'M'}, {'Y'}, {'Y'}, {'X'}, {'U'}]",0.4456034254767438,22,0.717948717948718,0.9020696794431918,5050
"[{'X'}, {'M'}, {'P'}, {'Z'}, {'Y'}]",0.44525941636888455,27,0.7272727272727273,0.9020696794431918,5050
"[{'N'}, {'M'}, {'T'}]",0.44396531564186903,509,0.8639945186707777,0.9020696794431918,5050
"[{'M'}, {'O'}, {'U'}, {'T'}]",0.4435760200937845,122,0.8063038793103449,0.9020696794431918,5050
"[{'T'}, {'V'}, {'P'}]",0.4364007282672754,488,0.8668952880461277,0.9020696794431918,5050
"[{'Z'}, {'M'}, {'T'}, {'U'}]",0.43583890653428137,118,0.8081597222222222,0.9020696794431918,5050
"[{'U'}, {'V'}, {'T'}, {'P'}, {'N'}]",0.43565144948661827,28,0.732620320855615,0.9020696794431918,5050
"[{'N'}, {'M'}, {'T'}, {'M'}]",0.43438966911493104,109,0.8067947838023335,0.9020696794431918,5050
"[{'M'}, {'T'}, {'U'}]",0.4335541194954716,517,0.8687069739598923,0.9020696794431918,5050
"[{'W'}, {'P'}, {'Y'}]",0.4334207170090094,464,0.8678568107856811,0.9020696794431918,5050
"[{'T'}, {'N'}, {'P'}, {'T'}, {'P'}]",0.43333760517191444,20,0.71875,0.9020696794431918,5050
"[{'M'}, {'V'}, {'U'}]",0.4331723568458784,496,0.8685404772361294,0.9020696794431918,5050
"[{'X'}, {'M'}, {'O'}, {'X'}]",0.433171981716143,123,0.8100529100529101,0.9020696794431918,5050
"[{'T'}, {'Y'}, {'X'}]",0.43216915186093297,496,0.8690212793648728,0.9020696794431918,5050
"[{'V'}, {'P'}, {'Y'}]",0.4320051132823044,485,0.8689151954281048,0.9020696794431918,5050
"[{'M'}, {'U'}, {'Y'}]",0.43066554944095525,493,0.8697062504116446,0.9020696794431918,5050
"[{'T'}, {'U'}, {'Y'}]",0.4305473704007081,519,0.8701771595030021,0.9020696794431918,5050
"[{'M'}, {'V'}, {'T'}, {'X'}, {'Z'}]",0.43046328450758375,20,0.72,0.9020696794431918,5050
"[{'X'}, {'Y'}, {'O'}, {'O'}, {'V'}]",0.4304287011129695,21,0.7222222222222222,0.9020696794431918,5050
"[{'P'}, {'M'}, {'T'}]",0.42955562629166566,480,0.8700465795328143,0.9020696794431918,5050
"[{'X'}, {'M'}, {'U'}, {'Y'}, {'O'}]",0.4293857387833693,31,0.7393162393162394,0.9020696794431918,5050
"[{'P'}, {'T'}, {'W'}]",0.4293667341163502,512,0.8706533877950648,0.9020696794431918,5050
"[{'X'}, {'M'}, {'V'}]",0.4284164043964097,529,0.8713836477987421,0.9020696794431918,5050
"[{'U'}, {'V'}, {'P'}]",0.42806135245990984,509,0.8712675621429673,0.9020696794431918,5050
"[{'M'}, {'O'}, {'U'}]",0.4277041392594304,502,0.8713445645263828,0.9020696794431918,5050
"[{'M'}, {'T'}, {'V'}]",0.4272994522520489,518,0.8717925766797948,0.9020696794431918,5050
"[{'V'}, {'U'}, {'Y'}]",0.4272539216426702,503,0.8715929931069373,0.9020696794431918,5050
"[{'N'}, {'T'}, {'Y'}]",0.42655885536609484,536,0.8724310776942356,0.9020696794431918,5050
"[{'N'}, {'M'}, {'O'}, {'X'}]",0.4265278343281327,111,0.810064935064935,0.9020696794431918,5050
"[{'T'}, {'M'}, {'Y'}]",0.42636110801603,489,0.8718481759656652,0.9020696794431918,5050
"[{'M'}, {'P'}, {'Y'}]",0.42519046740994837,499,0.8726265060240963,0.9020696794431918,5050
"[{'V'}, {'X'}, {'P'}]",0.424888727551777,516,0.8730341679430988,0.9020696794431918,5050
"[{'X'}, {'P'}, {'Z'}]",0.4242577989980758,536,0.8736475666643457,0.9020696794431918,5050
"[{'M'}, {'U'}, {'T'}]",0.4241674982793193,516,0.8734253420224855,0.9020696794431918,5050
"[{'V'}, {'P'}, {'U'}]",0.42341519590298327,476,0.8732638888888888,0.9020696794431918,5050
"[{'M'}, {'T'}, {'Y'}]",0.422857813669979,501,0.8739430103066467,0.9020696794431918,5050
"[{'N'}, {'P'}, {'T'}]",0.42264581303600157,509,0.8741736175471115,0.9020696794431918,5050
"[{'N'}, {'X'}, {'M'}]",0.4226018253140513,481,0.8738014174541413,0.9020696794431918,5050
"[{'X'}, {'P'}, {'M'}]",0.4223135436512597,500,0.8742379878078049,0.9020696794431918,5050
"[{'P'}, {'M'}, {'X'}]",0.4219436756290039,454,0.8737754626030168,0.9020696794431918,5050
"[{'X'}, {'V'}, {'P'}]",0.4219416941834532,525,0.87478594026645,0.9020696794431918,5050
"[{'T'}, {'V'}, {'Y'}]",0.42189395882073233,511,0.8746282841288819,0.9020696794431918,5050
"[{'M'}, {'T'}, {'P'}]",0.42187533762850526,478,0.8741772996121242,0.9020696794431918,5050
"[{'V'}, {'Y'}, {'U'}]",0.4218644133931716,464,0.8739756573446067,0.9020696794431918,5050
"[{'X'}, {'U'}, {'X'}]",0.4212740998919903,537,0.875319622012229,0.9020696794431918,5050
"[{'W'}, {'M'}, {'Y'}]",0.42125596422470035,473,0.8744680851063829,0.9020696794431918,5050
"[{'X'}, {'P'}, {'Y'}]",0.4210847352255409,511,0.8750957854406132,0.9020696794431918,5050
"[{'T'}, {'P'}, {'Y'}]",0.4210712530043188,478,0.8746498108978848,0.9020696794431918,5050
"[{'Z'}, {'M'}, {'V'}]",0.42106224151112004,512,0.8751220703125,0.9020696794431918,5050
"[{'P'}, {'M'}, {'V'}]",0.42097499324628496,498,0.8749858873243979,0.9020696794431918,5050
"[{'M'}, {'M'}, {'U'}]",0.420802895124225,494,0.8750327954873409,0.9020696794431918,5050
"[{'M'}, {'O'}, {'T'}]",0.4207188330951289,510,0.8752967462644882,0.9020696794431918,5050
"[{'P'}, {'O'}, {'W'}]",0.42049017246289433,499,0.8752858569265951,0.9020696794431918,5050
"[{'U'}, {'Z'}, {'V'}, {'P'}]",0.42022193953041953,120,0.8141368628555337,0.9020696794431918,5050
"[{'X'}, {'Z'}, {'P'}, {'M'}, {'U'}]",0.41988068409744805,23,0.7307692307692307,0.9020696794431918,5050
"[{'M'}, {'U'}, {'Z'}]",0.4197788265933756,482,0.8754822929585228,0.9020696794431918,5050
"[{'T'}, {'Y'}, {'P'}]",0.4194991714606383,488,0.8757346483820847,0.9020696794431918,5050
"[{'O'}, {'Z'}, {'U'}]",0.4192664921459691,463,0.8755305164319249,0.9020696794431918,5050
"[{'W'}, {'V'}, {'P'}]",0.4191643459738683,510,0.8762264150943396,0.9020696794431918,5050
"[{'U'}, {'O'}, {'Y'}, {'M'}, {'M'}]",0.4181292754312673,24,0.7333333333333334,0.9020696794431918,5050
"[{'T'}, {'T'}, {'T'}]",0.41789928457147685,493,0.8767951251646905,0.9020696794431918,5050
"[{'V'}, {'Y'}, {'T'}]",0.4178049582257186,480,0.8766859010011124,0.9020696794431918,5050
"[{'M'}, {'M'}, {'U'}, {'W'}]",0.4177145339670063,132,0.8171152518978606,0.9020696794431918,5050
"[{'P'}, {'M'}, {'W'}]",0.41770039863099495,480,0.8767527931747494,0.9020696794431918,5050
"[{'Z'}, {'X'}, {'Y'}, {'M'}, {'T'}]",0.4175479899608362,25,0.7352941176470589,0.9020696794431918,5050
"[{'N'}, {'M'}, {'Y'}]",0.41729409681596275,509,0.8773791867507107,0.9020696794431918,5050
"[{'V'}, {'P'}, {'Z'}]",0.41718205538396,502,0.8773653797307595,0.9020696794431918,5050
"[{'M'}, {'O'}, {'X'}]",0.4171148344334623,504,0.8774330708661418,0.9020696794431918,5050
"[{'N'}, {'P'}, {'M'}]",0.4168224873516988,457,0.8770158973376747,0.9020696794431918,5050
"[{'W'}, {'N'}, {'T'}]",0.41667737632858726,492,0.8775685639185995,0.9020696794431918,5050
"[{'T'}, {'N'}, {'Y'}]",0.4164086399467588,518,0.878056052474657,0.9020696794431918,5050
"[{'X'}, {'M'}, {'U'}]",0.41630353697280087,507,0.8779956427015251,0.9020696794431918,5050
"[{'O'}, {'T'}, {'W'}]",0.4159473805526186,540,0.8786031118252104,0.9020696794431918,5050
"[{'U'}, {'M'}, {'V'}]",0.41583229966604085,512,0.8783647683574436,0.9020696794431918,5050
"[{'T'}, {'O'}, {'Y'}]",0.41577745242526765,511,0.8783895578637743,0.9020696794431918,5050
"[{'V'}, {'Z'}, {'U'}]",0.41565664649220113,502,0.8783648099450155,0.9020696794431918,5050
"[{'U'}, {'X'}, {'N'}]",0.41503185288772315,509,0.8788670148654079,0.9020696794431918,5050
"[{'X'}, {'V'}, {'Y'}]",0.4150102176848355,529,0.8791040503792759,0.9020696794431918,5050
"[{'T'}, {'Y'}, {'W'}]",0.4147999814303712,503,0.8789565217391304,0.9020696794431918,5050
"[{'V'}, {'X'}, {'Y'}]",0.414781771578434,503,0.8789690069576218,0.9020696794431918,5050
"[{'M'}, {'M'}, {'V'}]",0.4147673597217887,478,0.8786827207879839,0.9020696794431918,5050
"[{'T'}, {'Z'}, {'Y'}]",0.41450646017546533,518,0.8793262919202768,0.9020696794431918,5050
"[{'W'}, {'V'}, {'Y'}]",0.41419509520104847,507,0.8794198207171313,0.9020696794431918,5050
"[{'X'}, {'M'}, {'X'}]",0.41405792259174723,528,0.8797432754020337,0.9020696794431918,5050
"[{'X'}, {'T'}, {'Y'}]",0.4139082279365972,485,0.8793702127659574,0.9020696794431918,5050
"[{'N'}, {'M'}, {'X'}]",0.4138315833320152,505,0.8796523710561118,0.9020696794431918,5050
"[{'M'}, {'X'}, {'Y'}]",0.41379433802300825,513,0.8797664659733626,0.9020696794431918,5050
"[{'N'}, {'M'}, {'V'}]",0.41374223227137563,525,0.8799314889540454,0.9020696794431918,5050
"[{'V'}, {'T'}, {'P'}]",0.4137267888375902,498,0.8796483020085505,0.9020696794431918,5050
"[{'M'}, {'U'}, {'P'}]",0.41305718822433657,505,0.8802053891087244,0.9020696794431918,5050
"[{'X'}, {'O'}, {'Z'}]",0.41280131448659874,527,0.8806210929622907,0.9020696794431918,5050
"[{'N'}, {'U'}, {'Y'}, {'U'}, {'T'}]",0.4126291275831676,24,0.7357142857142857,0.9020696794431918,5050
"[{'M'}, {'V'}, {'P'}]",0.4126105697894057,529,0.8807793545433737,0.9020696794431918,5050
"[{'W'}, {'P'}, {'V'}, {'W'}, {'W'}]",0.41243410370709555,22,0.7321428571428571,0.9020696794431918,5050
"[{'W'}, {'P'}, {'M'}]",0.4124053552015505,452,0.8800808223477715,0.9020696794431918,5050
"[{'M'}, {'O'}, {'W'}]",0.4123894377214047,479,0.8804093873138753,0.9020696794431918,5050
"[{'T'}, {'T'}, {'Y'}]",0.4123834168329411,472,0.8803340517241379,0.9020696794431918,5050
"[{'X'}, {'M'}, {'Y'}]",0.4123349481975286,504,0.8807235011383759,0.9020696794431918,5050
"[{'T'}, {'Y'}, {'N'}]",0.4121075519986003,482,0.8806551586820646,0.9020696794431918,5050
"[{'T'}, {'M'}, {'X'}]",0.411823646938833,503,0.8810956200662082,0.9020696794431918,5050
"[{'W'}, {'X'}, {'Y'}]",0.4116881592145125,526,0.8814302091042329,0.9020696794431918,5050
"[{'T'}, {'Y'}, {'O'}]",0.4116487394924988,485,0.8810374149659863,0.9020696794431918,5050
"[{'T'}, {'T'}, {'N'}]",0.4116341228699357,484,0.881037780966045,0.9020696794431918,5050
"[{'V'}, {'P'}, {'M'}]",0.4116334627800545,487,0.881070752164502,0.9020696794431918,5050
"[{'Z'}, {'M'}, {'U'}]",0.4116183241089443,460,0.8807809523809524,0.9020696794431918,5050
"[{'T'}, {'P'}, {'P'}]",0.41122804109944,477,0.8812763713080168,0.9020696794431918,5050
"[{'T'}, {'W'}, {'V'}, {'P'}]",0.4111317277354012,106,0.8148943788041533,0.9020696794431918,5050
"[{'M'}, {'T'}, {'Z'}]",0.41105060259337844,499,0.8816471800818114,0.9020696794431918,5050
"[{'Z'}, {'V'}, {'P'}]",0.4110404277751021,523,0.8818934495772506,0.9020696794431918,5050
"[{'O'}, {'O'}, {'O'}]",0.4109306482881738,523,0.8819781642682677,0.9020696794431918,5050
"[{'P'}, {'M'}, {'P'}]",0.4105812165684576,449,0.88147971739303,0.9020696794431918,5050
"[{'U'}, {'P'}, {'Y'}]",0.41057403551314475,527,0.8822935594589136,0.9020696794431918,5050
"[{'M'}, {'Y'}, {'Y'}]",0.4105714988623923,476,0.8817859223558074,0.9020696794431918,5050
"[{'U'}, {'P'}, {'N'}]",0.4104875877186247,486,0.8819582125972244,0.9020696794431918,5050
"[{'M'}, {'W'}, {'T'}]",0.4104296280510654,498,0.8821266968325792,0.9020696794431918,5050
"[{'T'}, {'N'}, {'P'}]",0.41039942379263195,489,0.8820598006644519,0.9020696794431918,5050
"[{'Z'}, {'T'}, {'Y'}]",0.4102946023793712,512,0.882371794871795,0.9020696794431918,5050
"[{'T'}, {'P'}, {'Z'}]",0.41013684956197705,501,0.8823914014160873,0.9020696794431918,5050
"[{'X'}, {'V'}, {'V'}]",0.41003941915670883,513,0.8825857921500563,0.9020696794431918,5050
"[{'Z'}, {'X'}, {'V'}]",0.4099865011182906,506,0.8825615548056492,0.9020696794431918,5050
"[{'P'}, {'X'}, {'Z'}]",0.40998393050960313,498,0.8824857663586072,0.9020696794431918,5050
"[{'M'}, {'T'}, {'W'}]",0.4099358550733355,524,0.8827719829846745,0.9020696794431918,5050
"[{'V'}, {'X'}, {'U'}]",0.4097921128451226,516,0.8828140309621791,0.9020696794431918,5050
"[{'P'}, {'T'}, {'Z'}]",0.4096824880626103,480,0.8825536062378168,0.9020696794431918,5050
"[{'V'}, {'M'}, {'Z'}]",0.4094870670352009,503,0.8829418130888719,0.9020696794431918,5050
"[{'W'}, {'W'}, {'M'}]",0.4094157963535394,518,0.8831405057251909,0.9020696794431918,5050
"[{'U'}, {'V'}, {'N'}]",0.4094049080239197,496,0.8829430894308943,0.9020696794431918,5050
"[{'V'}, {'T'}, {'Y'}]",0.40938056013621216,489,0.8828953974895398,0.9020696794431918,5050
"[{'V'}, {'V'}, {'V'}]",0.4093568404545308,508,0.8830969541966985,0.9020696794431918,5050
"[{'M'}, {'T'}, {'N'}]",0.40925898129978044,487,0.8829780010863661,0.9020696794431918,5050
"[{'T'}, {'P'}, {'M'}]",0.4092376017162359,466,0.8827846934071,0.9020696794431918,5050
"[{'T'}, {'P'}, {'T'}]",0.4092296353983629,487,0.8830027659718007,0.9020696794431918,5050
"[{'N'}, {'M'}, {'O'}]",0.4091720771184497,484,0.8830220306513409,0.9020696794431918,5050
"[{'N'}, {'X'}, {'X'}]",0.40906358952971655,519,0.8834422334422335,0.9020696794431918,5050
"[{'X'}, {'N'}, {'Z'}]",0.4089427322228505,533,0.8836665727963955,0.9020696794431918,5050
"[{'M'}, {'X'}, {'U'}]",0.40882017926191894,502,0.883493141986284,0.9020696794431918,5050
"[{'M'}, {'U'}, {'M'}]",0.4088194577545333,475,0.8832352315438621,0.9020696794431918,5050
"[{'Z'}, {'P'}, {'P'}]",0.40870794686603973,509,0.883653070093748,0.9020696794431918,5050
"[{'U'}, {'P'}, {'M'}]",0.4086918359145437,478,0.8833754740834387,0.9020696794431918,5050
"[{'T'}, {'Z'}, {'V'}]",0.4086414022231116,511,0.8837280553938539,0.9020696794431918,5050
"[{'T'}, {'Z'}, {'X'}]",0.4085545765481461,524,0.8839169814623047,0.9020696794431918,5050
"[{'X'}, {'X'}, {'P'}]",0.4085180261883319,504,0.8837711010330058,0.9020696794431918,5050
"[{'V'}, {'P'}, {'X'}]",0.40843380899389525,516,0.8839509884988348,0.9020696794431918,5050
"[{'U'}, {'W'}, {'N'}]",0.4079849300008329,507,0.8842645914396887,0.9020696794431918,5050
"[{'V'}, {'U'}, {'U'}]",0.40779518319401187,499,0.8843632958801498,0.9020696794431918,5050
"[{'T'}, {'M'}, {'U'}]",0.40768529479377735,475,0.8842439734441013,0.9020696794431918,5050
"[{'W'}, {'P'}, {'T'}]",0.4076407456255827,500,0.8845113696372277,0.9020696794431918,5050
"[{'X'}, {'P'}, {'W'}]",0.40755462049206626,527,0.8848178137651821,0.9020696794431918,5050
"[{'U'}, {'Y'}, {'N'}]",0.4075097963148555,482,0.8844696969696969,0.9020696794431918,5050
"[{'T'}, {'Y'}, {'Y'}]",0.40750832103463097,498,0.8846141437604852,0.9020696794431918,5050
"[{'N'}, {'X'}, {'P'}]",0.40739485877641735,528,0.8849698535745048,0.9020696794431918,5050
"[{'M'}, {'W'}, {'P'}]",0.40734440867403054,500,0.8847816342213114,0.9020696794431918,5050
"[{'W'}, {'W'}, {'Y'}]",0.4072606528486976,514,0.8849772014603183,0.9020696794431918,5050
"[{'T'}, {'P'}, {'N'}]",0.407227986066224,478,0.884694614152156,0.9020696794431918,5050
"[{'W'}, {'W'}, {'U'}]",0.40699171033256054,498,0.8850919102761358,0.9020696794431918,5050
"[{'W'}, {'N'}, {'Y'}]",0.4069845643450474,503,0.8851409460105112,0.9020696794431918,5050
"[{'X'}, {'U'}, {'Y'}]",0.4069777327013868,524,0.8853194962686567,0.9020696794431918,5050
"[{'W'}, {'N'}, {'W'}]",0.4069624405443055,494,0.8850851737084584,0.9020696794431918,5050
"[{'N'}, {'M'}, {'W'}]",0.40691603643608765,522,0.8853608005054585,0.9020696794431918,5050
"[{'T'}, {'Z'}, {'W'}]",0.40689398336849025,544,0.8855526839235213,0.9020696794431918,5050
"[{'T'}, {'O'}, {'W'}]",0.40688050924672026,484,0.8850758043493174,0.9020696794431918,5050
"[{'W'}, {'N'}, {'P'}]",0.4068676628947291,506,0.8852756892230577,0.9020696794431918,5050
"[{'P'}, {'M'}, {'N'}]",0.4068555336205806,492,0.8851689663719738,0.9020696794431918,5050
"[{'M'}, {'T'}, {'M'}]",0.40683325714595964,499,0.8852496046984414,0.9020696794431918,5050
"[{'W'}, {'T'}, {'Y'}]",0.40681193422788153,515,0.885401814155265,0.9020696794431918,5050
"[{'T'}, {'N'}, {'N'}]",0.4068108045412673,493,0.8852199703410775,0.9020696794431918,5050
"[{'U'}, {'O'}, {'O'}]",0.4067924862035298,494,0.8852459016393442,0.9020696794431918,5050
"[{'P'}, {'T'}, {'P'}]",0.4066823677169692,452,0.8849753308794737,0.9020696794431918,5050
"[{'P'}, {'X'}, {'V'}]",0.40657833126347664,491,0.885425316371608,0.9020696794431918,5050
"[{'M'}, {'P'}, {'Z'}]",0.4065201281772195,537,0.8858487422955188,0.9020696794431918,5050
"[{'M'}, {'O'}, {'Z'}]",0.4065019764611425,484,0.8854394477856752,0.9020696794431918,5050
"[{'X'}, {'X'}, {'Y'}]",0.40646812376385033,490,0.8855234001432832,0.9020696794431918,5050
"[{'N'}, {'X'}, {'V'}]",0.40642344740754077,499,0.8856417181069959,0.9020696794431918,5050
"[{'X'}, {'V'}, {'X'}]",0.4064023356761448,543,0.8860051581376409,0.9020696794431918,5050
"[{'M'}, {'U'}, {'X'}]",0.4063926064444977,529,0.8859092079292886,0.9020696794431918,5050
"[{'P'}, {'X'}, {'Y'}]",0.40638959188668,500,0.8856827347801036,0.9020696794431918,5050
"[{'M'}, {'T'}, {'T'}]",0.40631608757569737,509,0.8858267716535434,0.9020696794431918,5050
"[{'M'}, {'P'}, {'V'}]",0.40623037576622856,516,0.8859651774378816,0.9020696794431918,5050
"[{'U'}, {'O'}, {'N'}]",0.4061934744168465,491,0.885800312739129,0.9020696794431918,5050
"[{'X'}, {'N'}, {'T'}]",0.406151268617559,503,0.8859396281397485,0.9020696794431918,5050
"[{'T'}, {'Y'}, {'T'}]",0.40614126427543984,500,0.8859253311922923,0.9020696794431918,5050
"[{'T'}, {'Y'}, {'U'}]",0.4060964891740635,502,0.885985521971044,0.9020696794431918,5050
"[{'M'}, {'P'}, {'T'}]",0.4060619525832032,531,0.8862433862433863,0.9020696794431918,5050
"[{'T'}, {'Z'}, {'U'}, {'Y'}]",0.40601116754911937,113,0.818295739348371,0.9020696794431918,5050
"[{'V'}, {'V'}, {'U'}]",0.4059851456459833,481,0.8859241126070991,0.9020696794431918,5050
"[{'Z'}, {'T'}, {'W'}]",0.4059726775070569,528,0.8863082974339763,0.9020696794431918,5050
"[{'W'}, {'X'}, {'V'}]",0.4059610845551651,489,0.8860146190987124,0.9020696794431918,5050
"[{'T'}, {'O'}, {'U'}]",0.4059582693050203,482,0.8859594706368901,0.9020696794431918,5050
"[{'W'}, {'P'}, {'V'}]",0.40595560151744947,512,0.8862034701521058,0.9020696794431918,5050
"[{'W'}, {'M'}, {'T'}]",0.4059253455703494,492,0.8860749024019057,0.9020696794431918,5050
"[{'M'}, {'V'}, {'Y'}]",0.4059218856484794,510,0.8862213746328109,0.9020696794431918,5050
"[{'U'}, {'V'}, {'U'}]",0.4058982452995126,486,0.8860530104157845,0.9020696794431918,5050
"[{'U'}, {'M'}, {'P'}]",0.4058025961346289,491,0.8861902382142262,0.9020696794431918,5050
"[{'U'}, {'N'}, {'M'}, {'W'}, {'T'}]",0.40579127291742567,28,0.7448979591836735,0.9020696794431918,5050
"[{'T'}, {'P'}, {'X'}]",0.40577646197980977,511,0.8863740985115851,0.9020696794431918,5050
"[{'W'}, {'W'}, {'W'}]",0.40573810823941103,512,0.8864202055369768,0.9020696794431918,5050
"[{'U'}, {'Z'}, {'M'}]",0.4056805361998782,499,0.8863775100401605,0.9020696794431918,5050
"[{'X'}, {'U'}, {'P'}]",0.40564150363723683,510,0.8865022172949002,0.9020696794431918,5050
"[{'O'}, {'O'}, {'T'}]",0.40563588355390756,549,0.8867919520093434,0.9020696794431918,5050
"[{'N'}, {'P'}, {'Y'}]",0.405541717804188,500,0.8865266393442623,0.9020696794431918,5050
"[{'U'}, {'Z'}, {'P'}]",0.405530263230643,480,0.8863790377230629,0.9020696794431918,5050
"[{'X'}, {'V'}, {'U'}]",0.4054988599320145,509,0.8866394885573983,0.9020696794431918,5050
"[{'O'}, {'P'}, {'M'}]",0.40545386608023914,466,0.8863422465814095,0.9020696794431918,5050
"[{'P'}, {'U'}, {'W'}]",0.40545212967881483,509,0.8866872586872586,0.9020696794431918,5050
"[{'M'}, {'T'}, {'X'}]",0.4054511762969979,518,0.8867554858934169,0.9020696794431918,5050
"[{'M'}, {'M'}, {'W'}]",0.4054307251549282,507,0.8866940630740013,0.9020696794431918,5050
"[{'T'}, {'Y'}, {'M'}]",0.4053687879646417,486,0.8865949699381827,0.9020696794431918,5050
"[{'W'}, {'W'}, {'T'}]",0.40535712352633047,542,0.8870230049832754,0.9020696794431918,5050
"[{'T'}, {'U'}, {'N'}]",0.4051887597922512,511,0.8869741199558445,0.9020696794431918,5050
"[{'V'}, {'P'}, {'P'}]",0.4051792624905389,494,0.886855868706245,0.9020696794431918,5050
"[{'X'}, {'N'}, {'P'}, {'T'}]",0.4051201141362678,106,0.8173076923076923,0.9020696794431918,5050
"[{'Z'}, {'P'}, {'T'}]",0.4050548985593777,496,0.8870023419203747,0.9020696794431918,5050
"[{'X'}, {'W'}, {'W'}]",0.40504815521737114,519,0.8871791825095057,0.9020696794431918,5050
"[{'N'}, {'M'}, {'U'}]",0.4050478398842611,469,0.8867975995635571,0.9020696794431918,5050
"[{'T'}, {'U'}, {'W'}]",0.40504328463913475,525,0.8872269981412639,0.9020696794431918,5050
"[{'Z'}, {'V'}, {'U'}]",0.4049915006797469,493,0.8870468539066874,0.9020696794431918,5050
"[{'Y'}, {'X'}, {'M'}]",0.4049906526896211,489,0.8870171313402755,0.9020696794431918,5050
"[{'M'}, {'O'}, {'N'}, {'X'}, {'U'}]",0.4048961642992084,22,0.7355371900826446,0.9020696794431918,5050
"[{'N'}, {'M'}, {'P'}]",0.4048918456410072,504,0.8872354497354497,0.9020696794431918,5050
"[{'U'}, {'Y'}, {'T'}]",0.4047612834999508,505,0.8873826903023985,0.9020696794431918,5050
"[{'N'}, {'P'}, {'W'}]",0.40476000763623166,515,0.8874558783600326,0.9020696794431918,5050
"[{'V'}, {'M'}, {'T'}]",0.40475176075837715,513,0.8874505025890953,0.9020696794431918,5050
"[{'W'}, {'P'}, {'Z'}]",0.40473513920855875,497,0.8873522267206477,0.9020696794431918,5050
"[{'N'}, {'P'}, {'P'}]",0.40472736972245915,493,0.887330897600474,0.9020696794431918,5050
"[{'Z'}, {'M'}, {'T'}]",0.40466118756264813,508,0.8875124192747144,0.9020696794431918,5050
"[{'V'}, {'V'}, {'P'}]",0.40466039374927365,495,0.887418633703728,0.9020696794431918,5050
"[{'X'}, {'V'}, {'T'}]",0.40463115019272844,509,0.8875521235521235,0.9020696794431918,5050
"[{'M'}, {'O'}, {'Y'}]",0.4045962902147846,498,0.8875106860009356,0.9020696794431918,5050
"[{'T'}, {'W'}, {'P'}]",0.4044922064542956,493,0.8875884773662551,0.9020696794431918,5050
"[{'O'}, {'V'}, {'T'}]",0.4044833761978873,532,0.8878710771840542,0.9020696794431918,5050
"[{'M'}, {'P'}, {'N'}]",0.4044116385670399,526,0.8879090276166164,0.9020696794431918,5050
"[{'T'}, {'T'}, {'W'}]",0.40436013585985175,490,0.8877132764596106,0.9020696794431918,5050
"[{'P'}, {'M'}, {'U'}]",0.4043099433800408,478,0.8876805883898083,0.9020696794431918,5050
"[{'M'}, {'P'}, {'P'}]",0.40429396460116873,518,0.8879844961240311,0.9020696794431918,5050
"[{'M'}, {'N'}, {'P'}]",0.4042642061584868,536,0.8881370091896409,0.9020696794431918,5050
"[{'W'}, {'M'}, {'U'}]",0.40420883562123877,473,0.8877576671694318,0.9020696794431918,5050
"[{'P'}, {'X'}, {'U'}]",0.4041648122443633,493,0.8879549050632912,0.9020696794431918,5050
"[{'W'}, {'N'}, {'V'}]",0.404107252626983,498,0.8880557130131994,0.9020696794431918,5050
"[{'P'}, {'T'}, {'Y'}]",0.40405509436684084,465,0.8878738464959418,0.9020696794431918,5050
"[{'Z'}, {'T'}, {'V'}]",0.4040536322951047,539,0.8883900289216361,0.9020696794431918,5050
"[{'V'}, {'X'}, {'X'}]",0.4039951727982175,502,0.8882113821138211,0.9020696794431918,5050
"[{'P'}, {'O'}, {'T'}]",0.4039808227877957,534,0.888440011783024,0.9020696794431918,5050
"[{'W'}, {'X'}, {'P'}]",0.40398006537694775,511,0.8882900313248571,0.9020696794431918,5050
"[{'Z'}, {'U'}, {'V'}]",0.403901100283118,505,0.8883399209486166,0.9020696794431918,5050
"[{'M'}, {'N'}, {'W'}]",0.40388832424312393,526,0.8884936300666637,0.9020696794431918,5050
"[{'X'}, {'N'}, {'M'}]",0.40385791954478356,489,0.8882791849299027,0.9020696794431918,5050
"[{'Z'}, {'P'}, {'X'}]",0.4038552449874899,507,0.8884063385324242,0.9020696794431918,5050
"[{'U'}, {'M'}, {'U'}]",0.4038015301460953,488,0.8883380185705767,0.9020696794431918,5050
"[{'X'}, {'M'}, {'M'}]",0.40376707043048266,493,0.8884132889927893,0.9020696794431918,5050
"[{'O'}, {'T'}, {'X'}]",0.40375434340678384,533,0.8886916835699797,0.9020696794431918,5050
"[{'M'}, {'P'}, {'M'}]",0.4037306374187938,470,0.8882924706223705,0.9020696794431918,5050
"[{'P'}, {'Y'}, {'T'}]",0.40372236765529823,501,0.8885204081632654,0.9020696794431918,5050
"[{'T'}, {'T'}, {'P'}]",0.4036678750967648,484,0.8884675173815747,0.9020696794431918,5050
"[{'Z'}, {'U'}, {'W'}]",0.40361094326300284,495,0.8886111111111111,0.9020696794431918,5050
"[{'X'}, {'O'}, {'P'}]",0.4035950407323238,532,0.8888700277259096,0.9020696794431918,5050
"[{'P'}, {'W'}, {'U'}]",0.4035598961812831,519,0.8888294711824123,0.9020696794431918,5050
"[{'W'}, {'M'}, {'P'}]",0.40355656809508966,484,0.8886003280481137,0.9020696794431918,5050
"[{'U'}, {'U'}, {'M'}]",0.4034940717069764,500,0.8887839395491802,0.9020696794431918,5050
"[{'O'}, {'Z'}, {'U'}, {'M'}]",0.4034814327220526,99,0.8165289256198347,0.9020696794431918,5050
"[{'X'}, {'M'}, {'N'}]",0.4034558206580223,502,0.8888429752066116,0.9020696794431918,5050
"[{'U'}, {'T'}, {'U'}]",0.40343040322587387,489,0.8887866416811673,0.9020696794431918,5050
"[{'W'}, {'N'}, {'X'}]",0.40340655440717865,513,0.8889733377922354,0.9020696794431918,5050
"[{'M'}, {'U'}, {'V'}]",0.4033912528358379,481,0.8887793914246197,0.9020696794431918,5050
"[{'U'}, {'Z'}, {'N'}]",0.4033838590747897,471,0.8887184669241041,0.9020696794431918,5050
"[{'V'}, {'N'}, {'U'}]",0.403383852386087,498,0.888903240389428,0.9020696794431918,5050
"[{'T'}, {'W'}, {'U'}]",0.4033433565179121,498,0.888952303302079,0.9020696794431918,5050
"[{'U'}, {'N'}, {'W'}]",0.4033210923007321,518,0.8891075821963766,0.9020696794431918,5050
"[{'U'}, {'U'}, {'N'}]",0.4032999514862783,496,0.8889919453258482,0.9020696794431918,5050
"[{'W'}, {'N'}, {'U'}]",0.4032466520319038,479,0.8889431802317465,0.9020696794431918,5050
"[{'U'}, {'V'}, {'O'}]",0.403239875157419,488,0.8890124705089316,0.9020696794431918,5050
"[{'Z'}, {'V'}, {'T'}]",0.4032121184677241,517,0.8892333033842468,0.9020696794431918,5050
"[{'T'}, {'W'}, {'Z'}]",0.40320376125029445,494,0.8890967265567314,0.9020696794431918,5050
"[{'U'}, {'N'}, {'U'}]",0.40318743934005985,491,0.8890971153202597,0.9020696794431918,5050
"[{'T'}, {'X'}, {'Y'}]",0.4031522276248959,495,0.8891669119811599,0.9020696794431918,5050
"[{'W'}, {'V'}, {'V'}]",0.4031032102687597,499,0.8892535392535392,0.9020696794431918,5050
"[{'Y'}, {'N'}, {'M'}]",0.4030787207462272,474,0.889118616879066,0.9020696794431918,5050
"[{'N'}, {'X'}, {'Y'}]",0.4030307362387686,539,0.889586776859504,0.9020696794431918,5050
"[{'T'}, {'T'}, {'U'}]",0.4030272385551814,474,0.8891836553013442,0.9020696794431918,5050
"[{'U'}, {'N'}, {'M'}]",0.4029917996320528,476,0.8892421272011162,0.9020696794431918,5050
"[{'O'}, {'X'}, {'P'}]",0.40297836790606567,515,0.8895089285714286,0.9020696794431918,5050
"[{'W'}, {'Z'}, {'P'}]",0.4029245819066427,496,0.8894581889750971,0.9020696794431918,5050
"[{'U'}, {'O'}, {'Y'}]",0.4028711625616682,522,0.8896851503759399,0.9020696794431918,5050
"[{'O'}, {'N'}, {'M'}]",0.40284610848894087,479,0.8894482903293476,0.9020696794431918,5050
"[{'M'}, {'U'}, {'N'}]",0.4028452085645975,500,0.8895841001104159,0.9020696794431918,5050
"[{'O'}, {'W'}, {'W'}]",0.4028401310159192,527,0.8897535667963685,0.9020696794431918,5050
"[{'O'}, {'U'}, {'O'}]",0.40280136896972907,514,0.8897255357170131,0.9020696794431918,5050
"[{'V'}, {'V'}, {'Y'}]",0.4027999924990411,487,0.8895596590909091,0.9020696794431918,5050
"[{'X'}, {'O'}, {'T'}]",0.4027469967287435,540,0.8899452607317775,0.9020696794431918,5050
"[{'M'}, {'M'}, {'O'}]",0.4027347230298094,489,0.889656672466872,0.9020696794431918,5050
"[{'Z'}, {'X'}, {'P'}]",0.40273426749059904,522,0.8898582654035397,0.9020696794431918,5050
"[{'T'}, {'O'}, {'N'}]",0.40272259274328936,510,0.8898020229431356,0.9020696794431918,5050
"[{'M'}, {'M'}, {'T'}]",0.40271953472232225,517,0.8898476697092427,0.9020696794431918,5050
"[{'M'}, {'O'}, {'P'}]",0.40267989771573187,505,0.8898267854901467,0.9020696794431918,5050
"[{'T'}, {'W'}, {'Y'}]",0.40267223508643735,495,0.8897753653990779,0.9020696794431918,5050
"[{'X'}, {'V'}, {'M'}]",0.40265990981213895,537,0.8900388457269701,0.9020696794431918,5050
"[{'V'}, {'T'}, {'U'}]",0.40263464291914175,468,0.889651376146789,0.9020696794431918,5050
"[{'N'}, {'O'}, {'T'}]",0.4026299849116074,538,0.8900826217145391,0.9020696794431918,5050
"[{'Z'}, {'U'}, {'Y'}]",0.4025542856961569,503,0.8899781098315408,0.9020696794431918,5050
"[{'V'}, {'M'}, {'P'}]",0.4025306292262081,494,0.8899545849523716,0.9020696794431918,5050
"[{'M'}, {'N'}, {'M'}]",0.40252674277204636,528,0.8901595592033518,0.9020696794431918,5050
"[{'V'}, {'X'}, {'V'}, {'U'}, {'Z'}]",0.4025034641229024,21,0.7346938775510204,0.9020696794431918,5050
"[{'O'}, {'M'}, {'T'}]",0.4024987168975078,510,0.8900925925925925,0.9020696794431918,5050
"[{'V'}, {'X'}, {'P'}, {'X'}, {'Y'}]",0.40249462453993334,23,0.7384615384615385,0.9020696794431918,5050
"[{'X'}, {'N'}, {'X'}]",0.4024751947447921,480,0.8899410957237928,0.9020696794431918,5050
"[{'M'}, {'X'}, {'Z'}]",0.4023939788204255,511,0.8902367773677736,0.9020696794431918,5050
"[{'X'}, {'U'}, {'N'}]",0.4023923875582224,509,0.890227286802502,0.9020696794431918,5050
"[{'U'}, {'Z'}, {'V'}]",0.4023693664770366,517,0.8903039030390305,0.9020696794431918,5050
"[{'U'}, {'T'}, {'V'}]",0.4023524176240667,512,0.8902978697430263,0.9020696794431918,5050
"[{'U'}, {'V'}, {'Y'}]",0.4023315938477413,513,0.890331407722712,0.9020696794431918,5050
"[{'O'}, {'O'}, {'Z'}]",0.40229549563414,522,0.8904304674653511,0.9020696794431918,5050
"[{'O'}, {'P'}, {'T'}]",0.402282864050329,529,0.8904859978832347,0.9020696794431918,5050
"[{'X'}, {'M'}, {'Z'}]",0.40223102650533293,512,0.8904609279609279,0.9020696794431918,5050
"[{'P'}, {'V'}, {'V'}]",0.40222107149799124,505,0.8904344272601534,0.9020696794431918,5050
"[{'T'}, {'N'}, {'M'}]",0.4022156706085064,480,0.8902932342575391,0.9020696794431918,5050
"[{'M'}, {'Z'}, {'T'}]",0.4021953443127686,508,0.8904866055501266,0.9020696794431918,5050
"[{'W'}, {'P'}, {'X'}]",0.40218112084476765,488,0.8903892780172413,0.9020696794431918,5050
"[{'T'}, {'T'}, {'M'}]",0.4021370936458183,497,0.8905030285362615,0.9020696794431918,5050
"[{'P'}, {'P'}, {'W'}]",0.4021253689615236,492,0.8904899611666529,0.9020696794431918,5050
"[{'Z'}, {'W'}, {'Y'}]",0.40208770744209166,478,0.8904586834733893,0.9020696794431918,5050
"[{'U'}, {'X'}, {'Y'}]",0.4020873518407416,537,0.8907921424800646,0.9020696794431918,5050
"[{'M'}, {'M'}, {'X'}]",0.4020849817721813,534,0.8907795638489209,0.9020696794431918,5050
"[{'W'}, {'X'}, {'U'}]",0.4020211838211102,482,0.8905761423512136,0.9020696794431918,5050
"[{'O'}, {'X'}, {'Y'}]",0.4020124442347903,539,0.8909048327547254,0.9020696794431918,5050
"[{'O'}, {'U'}, {'W'}]",0.4019728250766753,535,0.8909385655989714,0.9020696794431918,5050
"[{'W'}, {'N'}, {'M'}]",0.4019654506084541,456,0.890495547812621,0.9020696794431918,5050
"[{'X'}, {'M'}, {'P'}]",0.40195717660068286,541,0.8909911141490088,0.9020696794431918,5050
"[{'X'}, {'P'}, {'N'}]",0.4019535831639903,512,0.8908424908424909,0.9020696794431918,5050
"[{'T'}, {'N'}, {'T'}]",0.4018546380232373,509,0.8909654424298776,0.9020696794431918,5050
"[{'W'}, {'W'}, {'P'}]",0.40184636422562425,526,0.8910679162327895,0.9020696794431918,5050
"[{'P'}, {'M'}, {'Y'}]",0.40175718259352566,463,0.8908417785423134,0.9020696794431918,5050
"[{'Z'}, {'P'}, {'W'}]",0.40174585274880814,529,0.8912258064516129,0.9020696794431918,5050
"[{'Z'}, {'T'}, {'U'}]",0.4016910557599407,495,0.8911238720262511,0.9020696794431918,5050
"[{'X'}, {'M'}, {'T'}]",0.40169038281978375,514,0.8912274307928264,0.9020696794431918,5050
"[{'V'}, {'T'}, {'X'}]",0.4016791474140152,520,0.8912750485048654,0.9020696794431918,5050
"[{'O'}, {'W'}, {'T'}]",0.40165046329021137,533,0.8913827090960292,0.9020696794431918,5050
"[{'X'}, {'O'}, {'X'}]",0.40164900087683253,533,0.8913848153485349,0.9020696794431918,5050
"[{'V'}, {'O'}, {'Z'}]",0.40164476495647183,496,0.8911971085749638,0.9020696794431918,5050
"[{'O'}, {'X'}, {'X'}]",0.40163128685789473,538,0.8914352140158592,0.9020696794431918,5050
"[{'U'}, {'Z'}, {'U'}]",0.40163024316226226,494,0.8912074720865604,0.9020696794431918,5050
"[{'M'}, {'W'}, {'U'}]",0.4016244705895091,496,0.8912269290186194,0.9020696794431918,5050
"[{'X'}, {'Y'}, {'Z'}]",0.4015841957339342,514,0.8913820251937985,0.9020696794431918,5050
"[{'M'}, {'M'}, {'P'}]",0.4015591287789455,520,0.8914497041420119,0.9020696794431918,5050
"[{'P'}, {'W'}, {'M'}]",0.40155435157033303,478,0.8912308958176504,0.9020696794431918,5050
"[{'W'}, {'M'}, {'N'}]",0.4015132383672687,520,0.8915172495413929,0.9020696794431918,5050
"[{'U'}, {'T'}, {'P'}]",0.4015125412586875,464,0.891213389121339,0.9020696794431918,5050
"[{'Y'}, {'M'}, {'V'}]",0.40144786709857305,495,0.8914846377379436,0.9020696794431918,5050
"[{'P'}, {'X'}, {'P'}]",0.40141658734087016,470,0.8913945190095818,0.9020696794431918,5050
"[{'W'}, {'U'}, {'X'}]",0.40138094049160133,509,0.8916589434661724,0.9020696794431918,5050
"[{'V'}, {'U'}, {'W'}]",0.4013797172929777,526,0.8917459352241961,0.9020696794431918,5050
"[{'Z'}, {'P'}, {'M'}]",0.40135654005898636,472,0.8914983391686867,0.9020696794431918,5050
"[{'W'}, {'Z'}, {'Z'}]",0.4013486973001996,511,0.8917179887857339,0.9020696794431918,5050
"[{'P'}, {'V'}, {'P'}]",0.40132127547586727,515,0.8917797888386123,0.9020696794431918,5050
"[{'V'}, {'P'}, {'T'}]",0.40131867646259245,479,0.8915957001256458,0.9020696794431918,5050
"[{'X'}, {'Y'}, {'O'}]",0.4013133863173066,530,0.8918653056569343,0.9020696794431918,5050
"[{'Z'}, {'T'}, {'N'}]",0.4013110319937232,532,0.8918784679353456,0.9020696794431918,5050
"[{'T'}, {'Y'}, {'Z'}]",0.4012976179273873,478,0.8916229355704934,0.9020696794431918,5050
"[{'T'}, {'X'}, {'N'}]",0.40128488895086745,499,0.891754233747871,0.9020696794431918,5050
"[{'Y'}, {'O'}, {'U'}]",0.4012830489423188,473,0.8916181857358328,0.9020696794431918,5050
"[{'P'}, {'N'}, {'W'}]",0.4012499399690832,517,0.8918987720874513,0.9020696794431918,5050
"[{'X'}, {'Y'}, {'N'}]",0.40124472177005865,522,0.891931216931217,0.9020696794431918,5050
"[{'T'}, {'U'}, {'X'}]",0.40124182840164957,520,0.891925925925926,0.9020696794431918,5050
"[{'V'}, {'T'}, {'Z'}]",0.40120896280023766,500,0.8918770847097117,0.9020696794431918,5050
"[{'V'}, {'Y'}, {'Z'}]",0.4012033870746219,487,0.8918184885290148,0.9020696794431918,5050
"[{'U'}, {'T'}, {'Y'}]",0.40114212741758903,514,0.8920512237629765,0.9020696794431918,5050
"[{'W'}, {'P'}, {'U'}]",0.401136007904236,459,0.8917735734135293,0.9020696794431918,5050
"[{'X'}, {'P'}, {'V'}, {'V'}]",0.4011224290665324,125,0.8223076923076924,0.9020696794431918,5050
"[{'V'}, {'Y'}, {'M'}]",0.4010724209331892,473,0.8919527896995708,0.9020696794431918,5050
"[{'M'}, {'O'}, {'V'}]",0.40106891074295936,491,0.8920524307283888,0.9020696794431918,5050
"[{'M'}, {'Z'}, {'M'}]",0.4010616552101842,481,0.8920124481327801,0.9020696794431918,5050
"[{'M'}, {'M'}, {'N'}, {'W'}]",0.40095274575664264,121,0.8217247097844113,0.9020696794431918,5050
"[{'Y'}, {'P'}, {'M'}]",0.40091398647464027,444,0.8920547945205478,0.9020696794431918,5050
"[{'P'}, {'U'}, {'V'}, {'P'}, {'N'}]",0.39975684765705555,25,0.7430555555555556,0.9020696794431918,5050
"[{'X'}, {'M'}, {'O'}, {'V'}]",0.3989752807835971,131,0.8240872451398767,0.9020696794431918,5050
"[{'U'}, {'V'}, {'V'}, {'Y'}, {'N'}]",0.39891698205162374,21,0.7363636363636363,0.9020696794431918,5050
"[{'X'}, {'M'}, {'P'}, {'Y'}]",0.3982906344324504,121,0.8228021978021978,0.9020696794431918,5050
"[{'X'}, {'M'}, {'U'}, {'T'}]",0.39746222728962366,121,0.8231404958677686,0.9020696794431918,5050
"[{'O'}, {'T'}, {'W'}, {'V'}, {'T'}]",0.39736982117201425,28,0.7485380116959064,0.9020696794431918,5050
"[{'N'}, {'O'}, {'P'}, {'T'}, {'P'}]",0.3967772384871868,23,0.7410714285714286,0.9020696794431918,5050
"[{'M'}, {'U'}, {'Z'}, {'W'}]",0.39670599600303524,126,0.8242424242424243,0.9020696794431918,5050
"[{'M'}, {'T'}, {'V'}, {'U'}]",0.3965022447838277,116,0.822701407607068,0.9020696794431918,5050
"[{'O'}, {'T'}, {'T'}, {'W'}, {'M'}]",0.3959826554521635,32,0.7541666666666667,0.9020696794431918,5050
"[{'T'}, {'T'}, {'N'}, {'T'}]",0.3941574827911716,103,0.8213178294573642,0.9020696794431918,5050
"[{'X'}, {'Y'}, {'X'}, {'V'}, {'V'}]",0.39404297676913624,28,0.75,0.9020696794431918,5050
"[{'O'}, {'X'}, {'O'}, {'P'}, {'M'}]",0.39166947581634115,22,0.7416666666666667,0.9020696794431918,5050
"[{'N'}, {'U'}, {'Z'}, {'T'}, {'Z'}]",0.39166947581634115,22,0.7416666666666667,0.9020696794431918,5050
"[{'O'}, {'Z'}, {'Z'}, {'W'}]",0.3911611974339294,115,0.8247863247863249,0.9020696794431918,5050
"[{'N'}, {'U'}, {'N'}, {'X'}, {'W'}]",0.3909401239367922,27,0.75,0.9020696794431918,5050
"[{'N'}, {'T'}, {'M'}, {'Y'}]",0.3906957919229711,127,0.8268753104818678,0.9020696794431918,5050
"[{'P'}, {'T'}, {'O'}, {'V'}, {'M'}]",0.3904278626104495,21,0.7403846153846153,0.9020696794431918,5050
"[{'X'}, {'V'}, {'P'}, {'M'}]",0.39001690179892845,132,0.8278801843317972,0.9020696794431918,5050
"[{'X'}, {'M'}, {'V'}, {'Y'}]",0.38973362009221324,122,0.8265250544662309,0.9020696794431918,5050
"[{'W'}, {'M'}, {'U'}, {'W'}]",0.38962532808370887,124,0.8268774703557311,0.9020696794431918,5050
"[{'P'}, {'V'}, {'P'}, {'U'}]",0.38836435787894574,122,0.8271103896103896,0.9020696794431918,5050
"[{'U'}, {'M'}, {'N'}, {'M'}]",0.38806689218946855,106,0.8245614035087719,0.9020696794431918,5050
"[{'M'}, {'U'}, {'Z'}, {'O'}, {'W'}]",0.3876219129312952,22,0.7435897435897436,0.9020696794431918,5050
"[{'Z'}, {'P'}, {'X'}, {'U'}, {'P'}]",0.3876219129312952,22,0.7435897435897436,0.9020696794431918,5050
"[{'Z'}, {'N'}, {'T'}, {'N'}, {'Y'}]",0.3871487501742841,20,0.74,0.9020696794431918,5050
"[{'M'}, {'T'}, {'N'}, {'W'}]",0.3863024989329671,110,0.826058201058201,0.9020696794431918,5050
"[{'W'}, {'N'}, {'T'}, {'X'}]",0.3854837066519443,116,0.8274217585692996,0.9020696794431918,5050
"[{'Z'}, {'U'}, {'N'}, {'M'}, {'T'}]",0.3851760119019827,24,0.7481481481481481,0.9020696794431918,5050
"[{'X'}, {'M'}, {'U'}, {'V'}]",0.38421209059429406,120,0.8286111111111111,0.9020696794431918,5050
"[{'M'}, {'T'}, {'P'}, {'M'}]",0.38126372982726087,104,0.8272969881814716,0.9020696794431918,5050
"[{'X'}, {'V'}, {'T'}, {'U'}]",0.3808612575621413,95,0.8257777777777777,0.9020696794431918,5050
"[{'X'}, {'O'}, {'P'}, {'Z'}]",0.3806586555634124,129,0.8314850530376086,0.9020696794431918,5050
"[{'O'}, {'X'}, {'T'}, {'W'}]",0.3795656620119957,129,0.8319711538461538,0.9020696794431918,5050
"[{'W'}, {'W'}, {'U'}, {'X'}, {'Z'}]",0.3790423033137569,30,0.7592592592592592,0.9020696794431918,5050
"[{'X'}, {'T'}, {'O'}, {'N'}]",0.37861287720666215,119,0.8309779536461277,0.9020696794431918,5050
"[{'V'}, {'Y'}, {'M'}, {'T'}]",0.3784482948937533,108,0.8293103448275863,0.9020696794431918,5050
"[{'X'}, {'V'}, {'X'}, {'P'}]",0.37839845161625685,110,0.8296666666666667,0.9020696794431918,5050
"[{'O'}, {'X'}, {'U'}, {'P'}, {'N'}]",0.3779130212767725,23,0.75,0.9020696794431918,5050
"[{'Y'}, {'O'}, {'W'}, {'P'}, {'V'}]",0.37768338682946956,25,0.7532467532467533,0.9020696794431918,5050
"[{'M'}, {'U'}, {'Z'}, {'O'}]",0.37740587759588773,102,0.8287617554858935,0.9020696794431918,5050
"[{'T'}, {'P'}, {'M'}, {'X'}]",0.3758743911481982,107,0.8303635067712046,0.9020696794431918,5050
"[{'X'}, {'M'}, {'V'}, {'X'}]",0.3755835488052971,131,0.8340336134453781,0.9020696794431918,5050
"[{'O'}, {'T'}, {'W'}, {'Z'}]",0.375342961433472,123,0.833064949006978,0.9020696794431918,5050
"[{'O'}, {'W'}, {'Z'}, {'W'}, {'Z'}]",0.3750436304479552,26,0.7559523809523809,0.9020696794431918,5050
"[{'U'}, {'V'}, {'N'}, {'O'}]",0.3738702365011941,113,0.8322884012539186,0.9020696794431918,5050
"[{'W'}, {'M'}, {'O'}, {'X'}]",0.3736649515501804,120,0.8334260289210234,0.9020696794431918,5050
"[{'X'}, {'M'}, {'U'}, {'Y'}]",0.3735782996536442,124,0.8340270551508844,0.9020696794431918,5050
"[{'W'}, {'W'}, {'P'}, {'Y'}]",0.3730750146101376,120,0.8337053571428572,0.9020696794431918,5050
"[{'M'}, {'M'}, {'U'}, {'T'}]",0.37274077453387433,132,0.8354700854700855,0.9020696794431918,5050
"[{'M'}, {'Y'}, {'Y'}, {'T'}, {'Y'}]",0.3726851721497626,20,0.7472527472527472,0.9020696794431918,5050
"[{'M'}, {'V'}, {'U'}, {'W'}]",0.3723697962220671,119,0.8338983050847458,0.9020696794431918,5050
"[{'M'}, {'N'}, {'Y'}, {'X'}, {'Y'}]",0.3722528975872972,20,0.7474747474747475,0.9020696794431918,5050
"[{'N'}, {'M'}, {'T'}, {'X'}]",0.3721456228249145,120,0.8341477436044841,0.9020696794431918,5050
"[{'W'}, {'N'}, {'P'}, {'P'}]",0.37184132042197204,100,0.8311324529811924,0.9020696794431918,5050
"[{'M'}, {'W'}, {'P'}, {'U'}]",0.37151294963729165,103,0.8318181818181819,0.9020696794431918,5050
"[{'N'}, {'W'}, {'N'}, {'W'}, {'M'}]",0.3709733247156919,21,0.75,0.9020696794431918,5050
"[{'V'}, {'U'}, {'P'}, {'Y'}]",0.3708670064719116,117,0.8343337334933973,0.9020696794431918,5050
"[{'V'}, {'X'}, {'X'}, {'P'}]",0.37085497821357594,114,0.8338983050847458,0.9020696794431918,5050
"[{'U'}, {'Z'}, {'V'}, {'U'}]",0.37071722940701535,121,0.8349726775956284,0.9020696794431918,5050
"[{'T'}, {'Z'}, {'Y'}, {'X'}]",0.3707116379593165,121,0.8349753694581281,0.9020696794431918,5050
"[{'O'}, {'N'}, {'X'}, {'T'}, {'X'}]",0.3703632318165514,22,0.7520661157024793,0.9020696794431918,5050
"[{'M'}, {'V'}, {'Y'}, {'U'}]",0.3697341051680303,100,0.8321959052589321,0.9020696794431918,5050
"[{'X'}, {'W'}, {'W'}, {'M'}]",0.3692075057221319,128,0.8366300366300367,0.9020696794431918,5050
"[{'N'}, {'X'}, {'O'}, {'T'}]",0.3684662365623572,124,0.8364681295715778,0.9020696794431918,5050
"[{'N'}, {'M'}, {'O'}, {'W'}]",0.36842058067974326,110,0.8344965104685943,0.9020696794431918,5050
"[{'M'}, {'U'}, {'V'}, {'P'}]",0.368317839696362,125,0.8366718027734976,0.9020696794431918,5050
"[{'U'}, {'O'}, {'N'}, {'O'}]",0.3681391592016484,129,0.8372709739633558,0.9020696794431918,5050
"[{'N'}, {'M'}, {'W'}, {'T'}]",0.3680175882527109,114,0.8352977667493797,0.9020696794431918,5050
"[{'Y'}, {'X'}, {'P'}, {'W'}]",0.3678471356241737,101,0.8333333333333333,0.9020696794431918,5050
"[{'T'}, {'U'}, {'O'}, {'Y'}]",0.3678374233080035,121,0.8363736871199559,0.9020696794431918,5050
"[{'Z'}, {'X'}, {'Y'}, {'P'}, {'T'}]",0.36737943333421696,20,0.75,0.9020696794431918,5050
"[{'Z'}, {'U'}, {'Y'}, {'U'}, {'T'}]",0.36737943333421696,20,0.75,0.9020696794431918,5050
"[{'V'}, {'U'}, {'Y'}, {'O'}]",0.3672616209911773,107,0.8346153846153845,0.9020696794431918,5050
"[{'T'}, {'N'}, {'P'}, {'P'}]",0.36710674268151755,112,0.8354591836734694,0.9020696794431918,5050
"[{'Y'}, {'X'}, {'P'}, {'M'}]",0.3667930642374826,110,0.8353174603174602,0.9020696794431918,5050
"[{'P'}, {'X'}, {'U'}, {'X'}]",0.3667671308633045,113,0.8357780612244898,0.9020696794431918,5050
"[{'Y'}, {'N'}, {'M'}, {'M'}]",0.3661663295335479,103,0.8345352564102564,0.9020696794431918,5050
"[{'N'}, {'W'}, {'W'}, {'Y'}]",0.3659989322206175,108,0.8354166666666667,0.9020696794431918,5050
"[{'M'}, {'W'}, {'Y'}, {'Y'}]",0.365980477358711,109,0.8355795148247979,0.9020696794431918,5050
"[{'U'}, {'V'}, {'T'}, {'N'}]",0.36533389915116865,120,0.8374825174825175,0.9020696794431918,5050
"[{'X'}, {'T'}, {'N'}, {'N'}]",0.36471989738168364,122,0.8380566801619433,0.9020696794431918,5050
"[{'P'}, {'Y'}, {'M'}, {'T'}]",0.36418963589350495,116,0.8375149342891278,0.9020696794431918,5050
"[{'X'}, {'M'}, {'T'}, {'V'}]",0.36388386439216414,138,0.8404074702886247,0.9020696794431918,5050
"[{'M'}, {'V'}, {'U'}, {'Z'}]",0.36370731309321436,115,0.8376225490196079,0.9020696794431918,5050
"[{'T'}, {'N'}, {'P'}, {'W'}]",0.3636654324893728,123,0.8387182203389831,0.9020696794431918,5050
"[{'M'}, {'T'}, {'U'}, {'Y'}]",0.3628758746710147,132,0.8402203856749311,0.9020696794431918,5050
"[{'Y'}, {'Z'}, {'U'}, {'Y'}]",0.36257417850318074,114,0.8380681818181819,0.9020696794431918,5050
"[{'M'}, {'U'}, {'T'}, {'Y'}]",0.3618062680421831,114,0.838468720821662,0.9020696794431918,5050
"[{'O'}, {'O'}, {'P'}, {'T'}, {'Z'}]",0.3616217046550736,26,0.7625000000000001,0.9020696794431918,5050
"[{'T'}, {'W'}, {'V'}, {'Y'}]",0.3614422666757444,111,0.8382352941176471,0.9020696794431918,5050
"[{'N'}, {'O'}, {'T'}, {'M'}]",0.3610570092060057,122,0.839924670433145,0.9020696794431918,5050
"[{'X'}, {'V'}, {'M'}, {'P'}]",0.36058981424078107,131,0.8412587412587412,0.9020696794431918,5050
"[{'N'}, {'T'}, {'Y'}, {'W'}]",0.3602374621071571,123,0.8404761904761905,0.9020696794431918,5050
"[{'U'}, {'N'}, {'O'}, {'P'}, {'Y'}]",0.35935493292417875,26,0.7636363636363637,0.9020696794431918,5050
"[{'Y'}, {'M'}, {'P'}, {'T'}, {'V'}]",0.35935493292417875,26,0.7636363636363637,0.9020696794431918,5050
"[{'X'}, {'M'}, {'P'}, {'V'}]",0.3591594446281048,131,0.8419933868682099,0.9020696794431918,5050
"[{'T'}, {'W'}, {'N'}, {'Y'}]",0.3588441960864662,110,0.8394815553339979,0.9020696794431918,5050
"[{'M'}, {'T'}, {'M'}, {'X'}]",0.3586019270378299,122,0.8412087912087912,0.9020696794431918,5050
"[{'T'}, {'Y'}, {'U'}, {'Y'}]",0.35832864816526167,131,0.8424242424242424,0.9020696794431918,5050
"[{'M'}, {'U'}, {'X'}, {'P'}]",0.35772012967296785,118,0.8411712511091393,0.9020696794431918,5050
"[{'M'}, {'O'}, {'T'}, {'V'}]",0.35770418876188304,138,0.8435171385991058,0.9020696794431918,5050
"[{'V'}, {'Y'}, {'M'}, {'Z'}]",0.35721235732742673,119,0.8415723645026801,0.9020696794431918,5050
"[{'M'}, {'T'}, {'X'}, {'Y'}]",0.35708900379674113,113,0.8408521303258145,0.9020696794431918,5050
"[{'U'}, {'M'}, {'P'}, {'M'}]",0.35673118595656483,107,0.8402097902097903,0.9020696794431918,5050
"[{'T'}, {'Y'}, {'O'}, {'U'}]",0.3564873455206422,111,0.8409090909090909,0.9020696794431918,5050
"[{'X'}, {'V'}, {'M'}, {'Y'}]",0.356413535680947,127,0.8429731100963979,0.9020696794431918,5050
"[{'P'}, {'W'}, {'Y'}, {'T'}, {'X'}]",0.35628648426819076,30,0.7699999999999999,0.9020696794431918,5050
"[{'N'}, {'Y'}, {'P'}, {'Z'}]",0.3561543679028647,129,0.8433414043583535,0.9020696794431918,5050
"[{'P'}, {'Z'}, {'U'}, {'W'}]",0.3559573454504119,116,0.8418688230008984,0.9020696794431918,5050
"[{'N'}, {'X'}, {'P'}, {'M'}]",0.3555928045437071,117,0.8421975452951491,0.9020696794431918,5050
"[{'M'}, {'X'}, {'N'}, {'W'}]",0.35552673603550133,116,0.8421052631578948,0.9020696794431918,5050
"[{'W'}, {'N'}, {'X'}, {'P'}]",0.3554599030131571,139,0.8447916666666666,0.9020696794431918,5050
"[{'T'}, {'P'}, {'P'}, {'T'}, {'T'}]",0.35512840130134427,23,0.7615384615384616,0.9020696794431918,5050
"[{'V'}, {'N'}, {'M'}, {'Z'}]",0.3550697356256546,120,0.8428611658687694,0.9020696794431918,5050
"[{'P'}, {'M'}, {'T'}, {'P'}]",0.3550462045924758,98,0.8397997496871089,0.9020696794431918,5050
"[{'Y'}, {'M'}, {'P'}, {'M'}]",0.3549456073994367,93,0.8390379278445883,0.9020696794431918,5050
"[{'P'}, {'N'}, {'P'}, {'T'}, {'V'}]",0.35454412705547556,31,0.7719298245614035,0.9020696794431918,5050
"[{'P'}, {'O'}, {'W'}, {'T'}]",0.35446758157875924,120,0.8431919642857143,0.9020696794431918,5050
"[{'M'}, {'O'}, {'T'}, {'V'}, {'U'}]",0.35443450908587426,23,0.7619047619047619,0.9020696794431918,5050
"[{'T'}, {'T'}, {'U'}, {'N'}, {'W'}]",0.35428817354230846,22,0.7604166666666667,0.9020696794431918,5050
"[{'V'}, {'X'}, {'Y'}, {'O'}]",0.35423385983451594,121,0.8434426229508197,0.9020696794431918,5050
"[{'U'}, {'M'}, {'N'}, {'V'}]",0.3540191259796083,122,0.8436813186813187,0.9020696794431918,5050
"[{'M'}, {'M'}, {'O'}, {'Z'}]",0.35386710680511846,98,0.8404831320283215,0.9020696794431918,5050
"[{'N'}, {'M'}, {'T'}, {'Y'}]",0.35384720462297115,124,0.8440126050420167,0.9020696794431918,5050
"[{'T'}, {'V'}, {'P'}, {'O'}]",0.35381169804690915,106,0.841711229946524,0.9020696794431918,5050
"[{'V'}, {'Y'}, {'Z'}, {'M'}, {'Z'}]",0.35378920175865713,22,0.7606837606837608,0.9020696794431918,5050
"[{'X'}, {'O'}, {'P'}, {'W'}]",0.35366413900130134,136,0.8454363757495004,0.9020696794431918,5050
"[{'T'}, {'T'}, {'U'}, {'Y'}]",0.35362727945283656,107,0.8419580419580419,0.9020696794431918,5050
"[{'W'}, {'P'}, {'U'}, {'Z'}, {'V'}]",0.353366312423809,21,0.7592592592592593,0.9020696794431918,5050
"[{'N'}, {'M'}, {'M'}, {'T'}, {'O'}]",0.3532406114163651,20,0.7575757575757577,0.9020696794431918,5050
"[{'T'}, {'M'}, {'T'}, {'T'}]",0.3532080877431978,119,0.8437681159420289,0.9020696794431918,5050
"[{'N'}, {'P'}, {'X'}, {'Y'}]",0.3528947610903991,111,0.8429232804232805,0.9020696794431918,5050
"[{'U'}, {'W'}, {'V'}, {'P'}]",0.3526586439071072,107,0.8425141242937852,0.9020696794431918,5050
"[{'T'}, {'T'}, {'U'}, {'M'}]",0.3524724837638902,85,0.8391003460207613,0.9020696794431918,5050
"[{'O'}, {'O'}, {'X'}, {'O'}]",0.35235151553540867,113,0.8434959349593496,0.9020696794431918,5050
"[{'W'}, {'X'}, {'M'}, {'V'}]",0.3522733276272043,111,0.8432786885245902,0.9020696794431918,5050
"[{'M'}, {'N'}, {'X'}, {'N'}]",0.35221538915665873,113,0.8435736677115987,0.9020696794431918,5050
"[{'N'}, {'W'}, {'X'}, {'Y'}]",0.35213188921966165,114,0.84375,0.9020696794431918,5050
"[{'T'}, {'Y'}, {'O'}, {'X'}]",0.3519859013180472,116,0.8440860215053763,0.9020696794431918,5050
"[{'M'}, {'W'}, {'Y'}, {'T'}]",0.35183744271847983,103,0.8424242424242425,0.9020696794431918,5050
"[{'M'}, {'V'}, {'P'}, {'M'}]",0.351659615040125,126,0.8454545454545453,0.9020696794431918,5050
"[{'O'}, {'U'}, {'U'}, {'U'}]",0.3515640613023582,113,0.8439470365699874,0.9020696794431918,5050
"[{'X'}, {'M'}, {'P'}, {'Z'}]",0.3515549435438392,134,0.846376811594203,0.9020696794431918,5050
"[{'N'}, {'M'}, {'U'}, {'P'}]",0.3511240607524826,113,0.8442006269592477,0.9020696794431918,5050
"[{'U'}, {'M'}, {'P'}, {'Z'}]",0.35104637856169085,124,0.8455729166666667,0.9020696794431918,5050
"[{'M'}, {'O'}, {'U'}, {'Z'}]",0.3507274694812075,117,0.8449292452830188,0.9020696794431918,5050
"[{'W'}, {'P'}, {'W'}, {'Y'}]",0.3502946662367674,115,0.8449328449328449,0.9020696794431918,5050
"[{'X'}, {'M'}, {'X'}, {'Y'}]",0.3500966468643427,122,0.8458839406207828,0.9020696794431918,5050
"[{'V'}, {'Y'}, {'U'}, {'Y'}]",0.35007656525621444,110,0.8444223766964581,0.9020696794431918,5050
"[{'M'}, {'O'}, {'M'}, {'U'}]",0.3496989560682321,119,0.8457627118644068,0.9020696794431918,5050
"[{'T'}, {'O'}, {'U'}, {'Y'}]",0.34941100543200143,122,0.846277882289707,0.9020696794431918,5050
"[{'V'}, {'U'}, {'T'}, {'U'}]",0.34927496999190166,105,0.8442265795206971,0.9020696794431918,5050
"[{'X'}, {'W'}, {'W'}, {'T'}]",0.34894003851740907,125,0.8468862583633556,0.9020696794431918,5050
"[{'P'}, {'M'}, {'X'}, {'U'}]",0.34887771834176784,110,0.8451312728481223,0.9020696794431918,5050
"[{'W'}, {'W'}, {'U'}, {'O'}]",0.34885671315838096,116,0.8458946078431373,0.9020696794431918,5050
"[{'P'}, {'T'}, {'Z'}, {'W'}]",0.3482803137600776,138,0.848606418918919,0.9020696794431918,5050
"[{'T'}, {'T'}, {'W'}, {'T'}]",0.3481409122336051,107,0.8451794510907811,0.9020696794431918,5050
"[{'T'}, {'T'}, {'P'}, {'M'}]",0.34813210413594353,115,0.8462009803921569,0.9020696794431918,5050
"[{'Z'}, {'P'}, {'W'}, {'W'}, {'T'}]",0.34796003808091036,28,0.7719298245614035,0.9020696794431918,5050
"[{'U'}, {'W'}, {'V'}, {'V'}]",0.3474787272423375,90,0.8430836522689994,0.9020696794431918,5050
"[{'X'}, {'T'}, {'Y'}, {'N'}]",0.3473800775039686,104,0.8452380952380952,0.9020696794431918,5050
"[{'N'}, {'X'}, {'M'}, {'V'}]",0.34736360088545326,117,0.8468969555035128,0.9020696794431918,5050
"[{'M'}, {'Y'}, {'Y'}, {'X'}]",0.3468766646032724,124,0.8479791395045633,0.9020696794431918,5050
"[{'Z'}, {'U'}, {'Y'}, {'T'}]",0.3468448333775761,115,0.846969696969697,0.9020696794431918,5050
"[{'V'}, {'P'}, {'U'}, {'W'}]",0.34683640597646404,116,0.8470938897168405,0.9020696794431918,5050
"[{'T'}, {'Y'}, {'T'}, {'N'}]",0.3467460487880941,117,0.8472658705216846,0.9020696794431918,5050
"[{'P'}, {'P'}, {'Z'}, {'T'}]",0.3466343078099834,114,0.8469762779819578,0.9020696794431918,5050
"[{'M'}, {'W'}, {'O'}, {'U'}]",0.3465195727186883,123,0.8480810234541578,0.9020696794431918,5050
"[{'T'}, {'U'}, {'M'}, {'Y'}]",0.3463511707391653,118,0.8476190476190475,0.9020696794431918,5050
"[{'W'}, {'Z'}, {'N'}, {'P'}]",0.3463320000214599,110,0.8466666666666667,0.9020696794431918,5050
"[{'V'}, {'V'}, {'V'}, {'U'}]",0.3461820409431764,127,0.8487103174603176,0.9020696794431918,5050
"[{'O'}, {'T'}, {'T'}, {'W'}]",0.34560643684679726,133,0.8496598639455782,0.9020696794431918,5050
"[{'U'}, {'M'}, {'V'}, {'U'}]",0.34549737977224915,111,0.8473034437946719,0.9020696794431918,5050
"[{'P'}, {'M'}, {'P'}, {'N'}]",0.3454942733686719,122,0.8485838779956427,0.9020696794431918,5050
"[{'P'}, {'M'}, {'V'}, {'V'}]",0.3454791603983415,117,0.8480305702527924,0.9020696794431918,5050
"[{'M'}, {'P'}, {'U'}, {'W'}]",0.34532192786493665,135,0.8500219587176108,0.9020696794431918,5050
"[{'Y'}, {'M'}, {'M'}, {'V'}]",0.34504247234585683,109,0.8473360655737704,0.9020696794431918,5050
"[{'T'}, {'U'}, {'O'}, {'X'}]",0.34489458269139384,117,0.8483870967741935,0.9020696794431918,5050
"[{'T'}, {'N'}, {'M'}, {'W'}]",0.34483312725857196,116,0.8483094730429485,0.9020696794431918,5050
"[{'X'}, {'X'}, {'Y'}, {'W'}]",0.3447990290168611,111,0.8477351916376308,0.9020696794431918,5050
"[{'T'}, {'T'}, {'W'}, {'N'}]",0.3445038707547037,116,0.8485119047619047,0.9020696794431918,5050
"[{'T'}, {'T'}, {'W'}, {'M'}]",0.34445146036313246,112,0.8480725623582767,0.9020696794431918,5050
"[{'W'}, {'W'}, {'T'}, {'M'}]",0.3443649109053235,125,0.8495872033023735,0.9020696794431918,5050
"[{'M'}, {'T'}, {'M'}, {'U'}]",0.34424651649046156,114,0.8484379832972472,0.9020696794431918,5050
"[{'W'}, {'M'}, {'U'}, {'Y'}]",0.3440460513790997,109,0.8479591836734693,0.9020696794431918,5050
"[{'W'}, {'P'}, {'V'}, {'W'}]",0.3437909168265749,112,0.8484848484848485,0.9020696794431918,5050
"[{'X'}, {'O'}, {'W'}, {'Z'}]",0.34374879792044266,124,0.8498568826437679,0.9020696794431918,5050
"[{'M'}, {'V'}, {'O'}, {'P'}, {'O'}]",0.34349830890888633,24,0.7692307692307693,0.9020696794431918,5050
"[{'M'}, {'N'}, {'M'}, {'O'}, {'U'}]",0.3432960685709321,28,0.7743589743589744,0.9020696794431918,5050
"[{'V'}, {'O'}, {'O'}, {'Z'}]",0.3428522708510512,116,0.8495391019922689,0.9020696794431918,5050
"[{'W'}, {'X'}, {'Y'}, {'Y'}]",0.3426899481889789,121,0.850191361399672,0.9020696794431918,5050
"[{'O'}, {'Z'}, {'T'}, {'U'}]",0.34256971727457997,105,0.8483965014577259,0.9020696794431918,5050
"[{'N'}, {'X'}, {'P'}, {'W'}]",0.3424996069833026,116,0.8497610513739546,0.9020696794431918,5050
"[{'M'}, {'N'}, {'Z'}, {'P'}, {'V'}]",0.3424646972896981,21,0.7653061224489796,0.9020696794431918,5050
"[{'X'}, {'N'}, {'Y'}, {'P'}, {'X'}]",0.342464697289698,21,0.7653061224489797,0.9020696794431918,5050
"[{'W'}, {'W'}, {'P'}, {'M'}]",0.34243209231633087,128,0.85107421875,0.9020696794431918,5050
"[{'P'}, {'T'}, {'N'}, {'N'}]",0.3423573545630385,103,0.8482758620689655,0.9020696794431918,5050
"[{'W'}, {'W'}, {'Y'}, {'P'}, {'M'}]",0.34192615099959567,29,0.7761904761904762,0.9020696794431918,5050
"[{'M'}, {'W'}, {'Z'}, {'U'}]",0.3419186546770775,119,0.850459242250287,0.9020696794431918,5050
"[{'V'}, {'Y'}, {'U'}, {'U'}]",0.3419106777638945,116,0.8501338090990188,0.9020696794431918,5050
"[{'Z'}, {'T'}, {'N'}, {'Y'}]",0.3416917672068862,136,0.8522923875432526,0.9020696794431918,5050
"[{'T'}, {'M'}, {'N'}, {'M'}]",0.34160462411106374,131,0.8518779342723004,0.9020696794431918,5050
"[{'Z'}, {'O'}, {'U'}, {'T'}]",0.34156251330622567,120,0.8507918866351765,0.9020696794431918,5050
"[{'M'}, {'P'}, {'V'}, {'P'}, {'M'}]",0.34093697869979955,23,0.7692307692307693,0.9020696794431918,5050
"[{'Z'}, {'X'}, {'Z'}, {'W'}, {'N'}]",0.34093697869979955,23,0.7692307692307693,0.9020696794431918,5050
"[{'U'}, {'T'}, {'Z'}, {'V'}]",0.3408641338998357,126,0.8518518518518519,0.9020696794431918,5050
"[{'W'}, {'N'}, {'Y'}, {'V'}]",0.3408392064660377,122,0.8514610389610389,0.9020696794431918,5050
"[{'Z'}, {'Y'}, {'P'}, {'M'}]",0.34066461840780937,110,0.8502479338842976,0.9020696794431918,5050
"[{'X'}, {'M'}, {'P'}, {'M'}]",0.34060559460164364,130,0.8524046434494196,0.9020696794431918,5050
"[{'U'}, {'M'}, {'O'}, {'O'}]",0.3401612900519222,103,0.8497246262785209,0.9020696794431918,5050
"[{'X'}, {'U'}, {'X'}, {'N'}]",0.3396503988717272,129,0.8529128550794415,0.9020696794431918,5050
"[{'M'}, {'T'}, {'T'}, {'W'}]",0.3396363737673621,134,0.8533868092691622,0.9020696794431918,5050
"[{'O'}, {'Y'}, {'X'}, {'M'}]",0.33959766098658517,115,0.8515151515151516,0.9020696794431918,5050
"[{'M'}, {'T'}, {'T'}, {'P'}]",0.33958503504195015,109,0.8508417508417508,0.9020696794431918,5050
"[{'T'}, {'P'}, {'N'}, {'O'}]",0.33956223107195793,102,0.85,0.9020696794431918,5050
"[{'Z'}, {'X'}, {'M'}, {'U'}, {'V'}]",0.3393982780771333,33,0.7814814814814816,0.9020696794431918,5050
"[{'N'}, {'M'}, {'V'}, {'P'}]",0.3392829405096103,127,0.8529557873820169,0.9020696794431918,5050
"[{'T'}, {'T'}, {'T'}, {'P'}]",0.3391817955582199,117,0.8520047169811321,0.9020696794431918,5050
"[{'O'}, {'V'}, {'P'}, {'M'}]",0.338740944857589,110,0.851521164021164,0.9020696794431918,5050
"[{'M'}, {'P'}, {'Y'}, {'V'}]",0.33869811416259943,123,0.8529411764705882,0.9020696794431918,5050
"[{'W'}, {'N'}, {'P'}, {'O'}]",0.33845550361298127,114,0.8521604938271605,0.9020696794431918,5050
"[{'T'}, {'T'}, {'N'}, {'W'}]",0.33827996193534604,99,0.8504901960784313,0.9020696794431918,5050
"[{'V'}, {'O'}, {'X'}, {'Z'}]",0.33816670916725633,111,0.8520208604954367,0.9020696794431918,5050
"[{'M'}, {'X'}, {'N'}, {'U'}]",0.33802996351923553,137,0.8546734955185659,0.9020696794431918,5050
"[{'M'}, {'X'}, {'Y'}, {'Z'}]",0.3379956122479182,124,0.8534998698933125,0.9020696794431918,5050
"[{'O'}, {'U'}, {'N'}, {'O'}]",0.33782080922411895,123,0.8535166578529879,0.9020696794431918,5050
"[{'X'}, {'V'}, {'Z'}, {'Y'}, {'Y'}]",0.33770643652724586,26,0.775,0.9020696794431918,5050
"[{'V'}, {'O'}, {'P'}, {'P'}]",0.33759525156486747,118,0.85316091954023,0.9020696794431918,5050
"[{'V'}, {'P'}, {'V'}, {'Y'}]",0.3375239364440965,114,0.8527855586679115,0.9020696794431918,5050
"[{'X'}, {'T'}, {'P'}, {'N'}]",0.3375053569468903,115,0.8529055690072639,0.9020696794431918,5050
"[{'T'}, {'T'}, {'W'}, {'P'}]",0.33740694165858554,119,0.8533898305084746,0.9020696794431918,5050
"[{'O'}, {'X'}, {'T'}, {'Z'}]",0.3371777296866849,121,0.8537452159650082,0.9020696794431918,5050
"[{'M'}, {'T'}, {'Z'}, {'M'}]",0.33714395413004294,106,0.8521428571428571,0.9020696794431918,5050
"[{'U'}, {'M'}, {'W'}, {'T'}]",0.33709260759513815,109,0.8525252525252526,0.9020696794431918,5050
"[{'W'}, {'T'}, {'W'}, {'T'}]",0.3369576568261021,121,0.853892543859649,0.9020696794431918,5050
"[{'X'}, {'V'}, {'U'}, {'X'}]",0.33681909828766243,128,0.854656862745098,0.9020696794431918,5050
"[{'N'}, {'M'}, {'N'}, {'T'}]",0.33681431635933423,120,0.8538888888888888,0.9020696794431918,5050
"[{'W'}, {'P'}, {'W'}, {'W'}]",0.33673625785826344,105,0.8523076923076923,0.9020696794431918,5050
"[{'Y'}, {'O'}, {'O'}, {'X'}]",0.3366923139834651,117,0.8536656891495601,0.9020696794431918,5050
"[{'O'}, {'V'}, {'P'}, {'Z'}]",0.33656746964801254,119,0.853954802259887,0.9020696794431918,5050
"[{'M'}, {'T'}, {'M'}, {'Z'}]",0.3364960558193947,100,0.8518667201926937,0.9020696794431918,5050
"[{'T'}, {'O'}, {'U'}, {'O'}]",0.3364508892899788,115,0.8536214242239805,0.9020696794431918,5050
"[{'V'}, {'O'}, {'O'}, {'T'}]",0.33641016785744815,125,0.8546481766820749,0.9020696794431918,5050
"[{'U'}, {'P'}, {'Z'}, {'U'}, {'Z'}]",0.33632909246277265,26,0.7757575757575758,0.9020696794431918,5050
"[{'U'}, {'Z'}, {'M'}, {'P'}]",0.33631657678930305,109,0.8530612244897959,0.9020696794431918,5050
"[{'V'}, {'Z'}, {'X'}, {'P'}]",0.3362974960346087,131,0.8552754435107376,0.9020696794431918,5050
"[{'M'}, {'T'}, {'P'}, {'P'}]",0.3360324466935244,113,0.8536967418546366,0.9020696794431918,5050
"[{'M'}, {'N'}, {'P'}, {'Z'}]",0.33601986835231956,128,0.8551892551892551,0.9020696794431918,5050
"[{'O'}, {'U'}, {'O'}, {'T'}]",0.3360121054147476,117,0.8541295306001188,0.9020696794431918,5050
"[{'Z'}, {'P'}, {'P'}, {'V'}, {'N'}]",0.3359155311666525,24,0.7734375,0.9020696794431918,5050
"[{'N'}, {'T'}, {'N'}, {'Y'}]",0.3358458655001234,133,0.855751811594203,0.9020696794431918,5050
"[{'Y'}, {'Z'}, {'P'}, {'M'}]",0.33571069475745186,101,0.8525490196078431,0.9020696794431918,5050
"[{'M'}, {'M'}, {'V'}, {'P'}]",0.3353982367576811,125,0.8553312629399585,0.9020696794431918,5050
"[{'M'}, {'T'}, {'M'}, {'Y'}]",0.33531743971325734,112,0.8540868454661558,0.9020696794431918,5050
"[{'P'}, {'V'}, {'U'}, {'W'}]",0.3353144802063257,131,0.8559322033898306,0.9020696794431918,5050
"[{'V'}, {'P'}, {'M'}, {'P'}]",0.3352753535821984,94,0.8519692168401992,0.9020696794431918,5050
"[{'Z'}, {'U'}, {'V'}, {'N'}]",0.3350493634680568,130,0.8560228082679971,0.9020696794431918,5050
"[{'T'}, {'W'}, {'Y'}, {'Y'}]",0.33500257606083783,118,0.8549267451881642,0.9020696794431918,5050
"[{'Y'}, {'T'}, {'M'}, {'Y'}]",0.33493486136883943,127,0.8558312655086849,0.9020696794431918,5050
"[{'M'}, {'N'}, {'P'}, {'Y'}]",0.33474768726154314,112,0.8544871794871794,0.9020696794431918,5050
"[{'X'}, {'V'}, {'T'}, {'X'}]",0.3345174164479727,134,0.856729055258467,0.9020696794431918,5050
"[{'M'}, {'T'}, {'X'}, {'U'}]",0.3345013483278342,120,0.8554720133667503,0.9020696794431918,5050
"[{'M'}, {'O'}, {'T'}, {'M'}]",0.3341357579743336,120,0.8557271932381231,0.9020696794431918,5050
"[{'O'}, {'V'}, {'U'}, {'U'}]",0.334059060194852,108,0.8545454545454545,0.9020696794431918,5050
"[{'T'}, {'V'}, {'W'}, {'P'}]",0.33404290133839754,110,0.8547745358090185,0.9020696794431918,5050
"[{'M'}, {'O'}, {'N'}, {'U'}]",0.33391884808112815,128,0.8566185466112063,0.9020696794431918,5050
"[{'U'}, {'P'}, {'M'}, {'U'}]",0.3338810114163874,108,0.8546737213403881,0.9020696794431918,5050
"[{'T'}, {'Z'}, {'N'}, {'V'}]",0.33384247518217236,117,0.8556399766218585,0.9020696794431918,5050
"[{'T'}, {'N'}, {'M'}, {'Z'}]",0.3336993357652248,127,0.8566815697963239,0.9020696794431918,5050
"[{'M'}, {'U'}, {'M'}, {'M'}]",0.3334910855466814,113,0.855485893416928,0.9020696794431918,5050
"[{'Y'}, {'O'}, {'O'}, {'P'}]",0.3334300695445068,120,0.8562237762237762,0.9020696794431918,5050
"[{'M'}, {'M'}, {'T'}, {'M'}]",0.3333962355683413,115,0.8557575757575757,0.9020696794431918,5050
"[{'M'}, {'P'}, {'T'}, {'Y'}]",0.3333750072120154,117,0.8559718969555035,0.9020696794431918,5050
"[{'N'}, {'X'}, {'P'}, {'Z'}]",0.3333449937234001,131,0.8572769953051644,0.9020696794431918,5050
"[{'T'}, {'Y'}, {'P'}, {'X'}]",0.3333288598795616,109,0.8551818805765271,0.9020696794431918,5050
"[{'W'}, {'P'}, {'X'}, {'V'}]",0.3332637597566158,116,0.855952380952381,0.9020696794431918,5050
"[{'Y'}, {'Z'}, {'U'}, {'M'}]",0.3330340828703091,102,0.8546153846153847,0.9020696794431918,5050
"[{'Z'}, {'N'}, {'P'}, {'T'}]",0.3329705428258395,117,0.8562610229276896,0.9020696794431918,5050
"[{'V'}, {'N'}, {'O'}, {'Z'}]",0.3329438150374999,117,0.856280193236715,0.9020696794431918,5050
"[{'U'}, {'O'}, {'N'}, {'U'}, {'N'}]",0.33289909584149113,20,0.7692307692307693,0.9020696794431918,5050
"[{'X'}, {'M'}, {'M'}, {'N'}, {'W'}]",0.3326964404750221,26,0.7777777777777779,0.9020696794431918,5050
"[{'N'}, {'M'}, {'V'}, {'X'}]",0.3326412296200735,120,0.8567853170189099,0.9020696794431918,5050
"[{'Z'}, {'X'}, {'O'}, {'P'}]",0.33261742466341926,128,0.8575268817204301,0.9020696794431918,5050
"[{'N'}, {'W'}, {'M'}, {'Y'}]",0.33261234442121823,115,0.8563218390804598,0.9020696794431918,5050
"[{'M'}, {'N'}, {'X'}, {'M'}]",0.33252110490731934,133,0.8580188679245283,0.9020696794431918,5050
"[{'N'}, {'O'}, {'W'}, {'W'}]",0.332463565503322,119,0.8568181818181817,0.9020696794431918,5050
"[{'X'}, {'V'}, {'P'}, {'Z'}]",0.33218813673076963,122,0.8572964256920182,0.9020696794431918,5050
"[{'U'}, {'Z'}, {'N'}, {'W'}]",0.3320556366599796,123,0.8574828133262824,0.9020696794431918,5050
"[{'X'}, {'P'}, {'V'}, {'Y'}]",0.33186421474764616,107,0.8560447239692522,0.9020696794431918,5050
"[{'Z'}, {'M'}, {'U'}, {'T'}]",0.3318600827445317,96,0.854782608695652,0.9020696794431918,5050
"[{'M'}, {'Z'}, {'P'}, {'U'}]",0.3317647369131619,111,0.8565387117761875,0.9020696794431918,5050
"[{'U'}, {'M'}, {'U'}, {'N'}]",0.33164545296889925,113,0.856829573934837,0.9020696794431918,5050
"[{'Y'}, {'Z'}, {'U'}, {'T'}, {'X'}]",0.3316167003072479,20,0.77,0.9020696794431918,5050
"[{'U'}, {'P'}, {'W'}, {'N'}]",0.33157164550348583,121,0.8576502732240437,0.9020696794431918,5050
"[{'W'}, {'X'}, {'N'}, {'T'}]",0.3315687596625009,124,0.8579234972677595,0.9020696794431918,5050
"[{'U'}, {'O'}, {'X'}, {'U'}]",0.3313934887779848,127,0.8583126550868487,0.9020696794431918,5050
"[{'W'}, {'M'}, {'U'}, {'N'}]",0.33139017961425854,116,0.8573127229488704,0.9020696794431918,5050
"[{'U'}, {'V'}, {'X'}, {'Y'}]",0.3313380213154462,107,0.8564391273750879,0.9020696794431918,5050
"[{'T'}, {'O'}, {'U'}, {'M'}]",0.33129575249813703,96,0.8552173913043478,0.9020696794431918,5050
"[{'T'}, {'Y'}, {'X'}, {'U'}]",0.3312101850812281,118,0.8576358930112165,0.9020696794431918,5050
"[{'Z'}, {'Y'}, {'M'}, {'T'}, {'V'}]",0.33102749416542254,24,0.7762237762237763,0.9020696794431918,5050
"[{'N'}, {'M'}, {'T'}, {'V'}]",0.3309266369108652,133,0.8591485507246377,0.9020696794431918,5050
"[{'P'}, {'O'}, {'N'}, {'O'}]",0.330917317669436,122,0.8582189938122141,0.9020696794431918,5050
"[{'P'}, {'T'}, {'T'}, {'Y'}]",0.33053433211196004,100,0.856280193236715,0.9020696794431918,5050
"[{'Z'}, {'P'}, {'O'}, {'T'}]",0.3304982824689492,138,0.8598484848484849,0.9020696794431918,5050
"[{'O'}, {'P'}, {'M'}, {'X'}]",0.3303866123505348,113,0.8577694235588974,0.9020696794431918,5050
"[{'X'}, {'Y'}, {'M'}, {'M'}]",0.33024408596196086,115,0.8580705009276438,0.9020696794431918,5050
"[{'U'}, {'Y'}, {'T'}, {'W'}]",0.3302044815236701,119,0.8584745762711865,0.9020696794431918,5050
"[{'O'}, {'X'}, {'Y'}, {'W'}]",0.33006530398366873,139,0.8602353930222784,0.9020696794431918,5050
"[{'M'}, {'T'}, {'P'}, {'W'}]",0.3299542174580363,107,0.8574929971988795,0.9020696794431918,5050
"[{'P'}, {'X'}, {'P'}, {'V'}]",0.3298885734114071,114,0.8582434514637904,0.9020696794431918,5050
"[{'X'}, {'U'}, {'O'}, {'U'}]",0.3298024900437668,120,0.8588664421997755,0.9020696794431918,5050
"[{'Z'}, {'X'}, {'P'}, {'X'}]",0.32979522132090733,124,0.859224564142597,0.9020696794431918,5050
"[{'M'}, {'W'}, {'W'}, {'T'}]",0.3297453434108183,106,0.8575498575498576,0.9020696794431918,5050
"[{'N'}, {'P'}, {'W'}, {'T'}]",0.3296764606821858,109,0.857912457912458,0.9020696794431918,5050
"[{'M'}, {'W'}, {'M'}, {'T'}]",0.3296646871095431,113,0.8583175205566097,0.9020696794431918,5050
"[{'M'}, {'T'}, {'N'}, {'V'}]",0.3296559226764144,121,0.859065934065934,0.9020696794431918,5050
"[{'U'}, {'W'}, {'X'}, {'U'}]",0.3295771566475134,124,0.8593872741555382,0.9020696794431918,5050
"[{'T'}, {'M'}, {'X'}, {'Y'}]",0.32946044253339246,106,0.8577712609970675,0.9020696794431918,5050
"[{'T'}, {'W'}, {'Z'}, {'W'}]",0.32940549758735704,128,0.8598522167487685,0.9020696794431918,5050
"[{'V'}, {'P'}, {'V'}, {'V'}]",0.3293624035750816,127,0.859801488833747,0.9020696794431918,5050
"[{'V'}, {'X'}, {'M'}, {'X'}, {'V'}]",0.32918566584985676,26,0.7797619047619048,0.9020696794431918,5050
"[{'V'}, {'V'}, {'Y'}, {'N'}]",0.32913298737728847,109,0.8583333333333334,0.9020696794431918,5050
"[{'P'}, {'M'}, {'T'}, {'W'}]",0.32912285301045296,116,0.8590163934426229,0.9020696794431918,5050
"[{'N'}, {'U'}, {'M'}, {'T'}]",0.3290910981118702,110,0.8584656084656084,0.9020696794431918,5050
"[{'X'}, {'T'}, {'M'}, {'Y'}]",0.3287694337826712,120,0.8596491228070176,0.9020696794431918,5050
"[{'P'}, {'M'}, {'V'}, {'N'}]",0.3287009982327156,127,0.8602977667493796,0.9020696794431918,5050
"[{'W'}, {'N'}, {'X'}, {'V'}]",0.3286690917600109,131,0.8606442577030812,0.9020696794431918,5050
"[{'T'}, {'Y'}, {'T'}, {'X'}]",0.32866708825519664,110,0.8587962962962963,0.9020696794431918,5050
"[{'U'}, {'M'}, {'V'}, {'N'}]",0.32865929645806446,124,0.8600790513833992,0.9020696794431918,5050
"[{'V'}, {'Y'}, {'N'}, {'U'}]",0.32852775420964564,105,0.8584005869405723,0.9020696794431918,5050
"[{'P'}, {'T'}, {'T'}, {'T'}]",0.32846081957716666,114,0.8593413357956294,0.9020696794431918,5050
"[{'O'}, {'Z'}, {'Z'}, {'V'}]",0.3284414343712939,126,0.8604118993135011,0.9020696794431918,5050
"[{'N'}, {'T'}, {'Y'}, {'Y'}]",0.3284262795455558,123,0.8601717659688675,0.9020696794431918,5050
"[{'N'}, {'N'}, {'P'}, {'T'}]",0.3284096243259599,131,0.8608391608391609,0.9020696794431918,5050
"[{'M'}, {'Z'}, {'V'}, {'W'}]",0.3282782982134256,112,0.8592948717948719,0.9020696794431918,5050
"[{'N'}, {'M'}, {'W'}, {'Y'}]",0.3282094792696493,122,0.8602526202633701,0.9020696794431918,5050
"[{'M'}, {'U'}, {'T'}, {'M'}]",0.3281025647083501,126,0.8606701940035273,0.9020696794431918,5050
"[{'W'}, {'Y'}, {'O'}, {'T'}]",0.3279513519351881,128,0.8609481915933529,0.9020696794431918,5050
"[{'P'}, {'M'}, {'M'}, {'N'}]",0.32790452978017237,109,0.8592999313658202,0.9020696794431918,5050
"[{'M'}, {'T'}, {'T'}, {'M'}]",0.3278950386213695,114,0.859784283513097,0.9020696794431918,5050
"[{'Y'}, {'M'}, {'T'}, {'V'}]",0.3278612540219341,122,0.860521365224402,0.9020696794431918,5050
"[{'P'}, {'P'}, {'N'}, {'N'}]",0.3278288388976842,112,0.8596491228070176,0.9020696794431918,5050
"[{'W'}, {'V'}, {'Y'}, {'P'}]",0.32772353683660527,127,0.8610421836228288,0.9020696794431918,5050
"[{'M'}, {'W'}, {'V'}, {'P'}]",0.32770785971196315,122,0.8606403013182675,0.9020696794431918,5050
"[{'W'}, {'U'}, {'W'}, {'U'}]",0.3276171396161286,137,0.8618925831202046,0.9020696794431918,5050
"[{'M'}, {'V'}, {'P'}, {'T'}, {'Y'}]",0.3275442153372472,23,0.7769230769230769,0.9020696794431918,5050
"[{'W'}, {'W'}, {'M'}, {'U'}, {'X'}]",0.3275442153372472,23,0.7769230769230769,0.9020696794431918,5050
"[{'M'}, {'T'}, {'M'}, {'V'}]",0.3274236091928878,125,0.8611111111111112,0.9020696794431918,5050
"[{'W'}, {'T'}, {'Y'}, {'X'}]",0.3271681977245956,116,0.8605411834671425,0.9020696794431918,5050
"[{'W'}, {'P'}, {'P'}, {'Y'}]",0.3271152566643042,109,0.8599326599326598,0.9020696794431918,5050
"[{'M'}, {'Y'}, {'T'}, {'U'}, {'Y'}]",0.3269285066713452,29,0.7843137254901961,0.9020696794431918,5050
"[{'P'}, {'M'}, {'N'}, {'T'}]",0.3269033802883685,119,0.8610149942329873,0.9020696794431918,5050
"[{'O'}, {'Z'}, {'M'}, {'T'}]",0.3268609528231994,107,0.8599439775910364,0.9020696794431918,5050
"[{'W'}, {'W'}, {'Z'}, {'M'}]",0.32670499029395106,113,0.8606403013182674,0.9020696794431918,5050
"[{'N'}, {'X'}, {'T'}, {'X'}]",0.3267000480970914,109,0.8602693602693602,0.9020696794431918,5050
"[{'U'}, {'N'}, {'P'}, {'Y'}]",0.3266858610997835,113,0.860655737704918,0.9020696794431918,5050
"[{'V'}, {'O'}, {'U'}, {'T'}]",0.3266746302093162,116,0.8609351432880845,0.9020696794431918,5050
"[{'T'}, {'N'}, {'M'}, {'M'}]",0.3264992532741092,108,0.8603371173030616,0.9020696794431918,5050
"[{'V'}, {'M'}, {'T'}, {'Z'}]",0.32648813027434387,110,0.8605371900826445,0.9020696794431918,5050
"[{'U'}, {'V'}, {'O'}, {'W'}]",0.3263859592964009,111,0.8607142857142857,0.9020696794431918,5050
"[{'M'}, {'O'}, {'N'}, {'W'}]",0.32637285725541654,116,0.8611778846153846,0.9020696794431918,5050
"[{'Z'}, {'X'}, {'T'}, {'P'}]",0.326274822058533,112,0.860897435897436,0.9020696794431918,5050
"[{'U'}, {'U'}, {'M'}, {'V'}]",0.32624147663266456,120,0.8616282300639067,0.9020696794431918,5050
"[{'T'}, {'T'}, {'T'}, {'T'}]",0.32622095391150263,109,0.8606612685560053,0.9020696794431918,5050
"[{'Y'}, {'M'}, {'O'}, {'V'}]",0.32610674598420586,103,0.8601662887377172,0.9020696794431918,5050
"[{'X'}, {'Z'}, {'M'}, {'U'}]",0.3260969971950173,118,0.8615744805384842,0.9020696794431918,5050
"[{'M'}, {'M'}, {'T'}, {'O'}]",0.3260660470273521,132,0.8627180899908172,0.9020696794431918,5050
"[{'T'}, {'M'}, {'Y'}, {'O'}]",0.3260231246742601,97,0.8596037898363479,0.9020696794431918,5050
"[{'Z'}, {'M'}, {'U'}, {'T'}, {'U'}]",0.3259720263946312,21,0.775,0.9020696794431918,5050
"[{'W'}, {'N'}, {'V'}, {'Y'}]",0.3259597034043137,125,0.86226318484383,0.9020696794431918,5050
"[{'X'}, {'W'}, {'P'}, {'M'}]",0.32590349883175784,121,0.8619834710743802,0.9020696794431918,5050
"[{'X'}, {'V'}, {'Y'}, {'N'}]",0.32588847872835436,126,0.8623991935483871,0.9020696794431918,5050
"[{'V'}, {'P'}, {'T'}, {'Z'}]",0.32580829889523777,106,0.8607142857142857,0.9020696794431918,5050
"[{'Z'}, {'P'}, {'T'}, {'W'}]",0.32568725422469913,132,0.863016917293233,0.9020696794431918,5050
"[{'W'}, {'W'}, {'W'}, {'V'}]",0.3255614413304754,114,0.8616625310173697,0.9020696794431918,5050
"[{'M'}, {'N'}, {'M'}, {'U'}]",0.3255536697348508,122,0.8623481781376519,0.9020696794431918,5050
"[{'N'}, {'M'}, {'Z'}, {'Y'}]",0.32552871309556386,124,0.8625294579732913,0.9020696794431918,5050
"[{'X'}, {'X'}, {'M'}, {'X'}]",0.3254952512074685,131,0.863095238095238,0.9020696794431918,5050
"[{'U'}, {'M'}, {'N'}, {'Y'}]",0.32548153351949016,114,0.8617283950617284,0.9020696794431918,5050
"[{'X'}, {'P'}, {'Y'}, {'V'}]",0.3254798944072107,116,0.861904761904762,0.9020696794431918,5050
"[{'T'}, {'X'}, {'W'}, {'P'}]",0.3254652375623541,112,0.8615629984051036,0.9020696794431918,5050
"[{'W'}, {'T'}, {'P'}, {'Y'}]",0.32538102624823084,114,0.8618113912231558,0.9020696794431918,5050
"[{'W'}, {'T'}, {'T'}, {'P'}]",0.3252765388237603,115,0.8619854721549637,0.9020696794431918,5050
"[{'P'}, {'M'}, {'U'}, {'P'}]",0.3252443272472245,105,0.8610906411201179,0.9020696794431918,5050
"[{'P'}, {'X'}, {'Y'}, {'N'}]",0.3251756353926427,115,0.8620689655172413,0.9020696794431918,5050
"[{'Z'}, {'P'}, {'N'}, {'V'}]",0.32509323908789534,125,0.8629610655737705,0.9020696794431918,5050
"[{'Z'}, {'U'}, {'X'}, {'Y'}]",0.3250804542686936,116,0.8622342018568433,0.9020696794431918,5050
"[{'O'}, {'M'}, {'U'}, {'T'}]",0.3250655529027048,121,0.8626644736842105,0.9020696794431918,5050
"[{'M'}, {'O'}, {'X'}, {'P'}]",0.3249508777254919,125,0.863076923076923,0.9020696794431918,5050
"[{'X'}, {'N'}, {'X'}, {'T'}]",0.3249281577862084,114,0.8621875,0.9020696794431918,5050
"[{'W'}, {'X'}, {'P'}, {'V'}]",0.32486064240155454,129,0.8634558093346574,0.9020696794431918,5050
"[{'W'}, {'M'}, {'T'}, {'U'}]",0.32458901941030094,117,0.8627278071722516,0.9020696794431918,5050
"[{'T'}, {'M'}, {'X'}, {'V'}]",0.32457121252439425,120,0.8629908103592314,0.9020696794431918,5050
"[{'T'}, {'P'}, {'T'}, {'X'}]",0.3245460746699089,118,0.8628472222222222,0.9020696794431918,5050
"[{'Z'}, {'N'}, {'T'}, {'N'}]",0.3245248993278881,120,0.863029269678886,0.9020696794431918,5050
"[{'N'}, {'T'}, {'Y'}, {'P'}]",0.32450672802393876,133,0.8640350877192983,0.9020696794431918,5050
"[{'T'}, {'O'}, {'Y'}, {'X'}]",0.3244872420802388,136,0.8642622950819672,0.9020696794431918,5050
"[{'U'}, {'U'}, {'P'}, {'N'}]",0.32447092262546795,121,0.8631549609810479,0.9020696794431918,5050
"[{'Y'}, {'X'}, {'V'}, {'T'}]",0.32441818075856943,126,0.8635902636916836,0.9020696794431918,5050
"[{'Y'}, {'X'}, {'M'}, {'Y'}]",0.3243763568331193,123,0.8633923778851316,0.9020696794431918,5050
"[{'M'}, {'M'}, {'X'}, {'V'}]",0.32434225385575954,120,0.8631813125695217,0.9020696794431918,5050
"[{'N'}, {'N'}, {'P'}, {'Z'}]",0.324214005264186,117,0.8630421865715983,0.9020696794431918,5050
"[{'M'}, {'N'}, {'Y'}, {'T'}]",0.3242069704791585,126,0.863764404609475,0.9020696794431918,5050
"[{'Z'}, {'U'}, {'P'}, {'P'}]",0.324175378306806,100,0.8615136876006442,0.9020696794431918,5050
"[{'N'}, {'Y'}, {'P'}, {'Y'}]",0.32415357677424794,128,0.8639588940543186,0.9020696794431918,5050
"[{'U'}, {'Y'}, {'X'}, {'M'}]",0.32414359130565784,110,0.8624958179993308,0.9020696794431918,5050
"[{'T'}, {'Z'}, {'W'}, {'V'}]",0.32410310750068305,118,0.8632183908045977,0.9020696794431918,5050
"[{'X'}, {'M'}, {'V'}, {'Z'}]",0.32409007292390046,124,0.8637079831932774,0.9020696794431918,5050
"[{'P'}, {'U'}, {'M'}, {'X'}]",0.32407696583540535,100,0.8615999999999999,0.9020696794431918,5050
"[{'N'}, {'M'}, {'Y'}, {'T'}]",0.32405986845599977,112,0.8627450980392156,0.9020696794431918,5050
"[{'U'}, {'Y'}, {'M'}, {'M'}]",0.3240117301753257,95,0.8611357586512866,0.9020696794431918,5050
"[{'Z'}, {'P'}, {'X'}, {'V'}]",0.32398658626279075,111,0.8627195836044241,0.9020696794431918,5050
"[{'U'}, {'X'}, {'N'}, {'M'}]",0.3239529842873359,118,0.8633449883449883,0.9020696794431918,5050
"[{'U'}, {'T'}, {'N'}, {'V'}]",0.32392614799581143,116,0.8632019115890084,0.9020696794431918,5050
"[{'X'}, {'Y'}, {'U'}, {'X'}]",0.32390211712193107,118,0.8633879781420765,0.9020696794431918,5050
"[{'P'}, {'T'}, {'O'}, {'O'}]",0.3237636113643164,114,0.8631713554987213,0.9020696794431918,5050
"[{'V'}, {'O'}, {'Z'}, {'T'}]",0.3236756134423836,111,0.862987012987013,0.9020696794431918,5050
"[{'X'}, {'M'}, {'V'}, {'X'}, {'X'}]",0.3236244087648703,27,0.7840909090909091,0.9020696794431918,5050
"[{'O'}, {'T'}, {'N'}, {'X'}]",0.32354021646070574,127,0.8643939393939394,0.9020696794431918,5050
"[{'N'}, {'U'}, {'T'}, {'Z'}]",0.3234493898282321,123,0.864167995746943,0.9020696794431918,5050
"[{'X'}, {'M'}, {'T'}, {'T'}]",0.323310016169999,124,0.8643623985336476,0.9020696794431918,5050
"[{'Z'}, {'P'}, {'M'}, {'T'}]",0.3232892055118831,117,0.8638285024154588,0.9020696794431918,5050
"[{'W'}, {'V'}, {'V'}, {'U'}]",0.3232323988211392,120,0.8641183035714285,0.9020696794431918,5050
"[{'M'}, {'P'}, {'M'}, {'Y'}]",0.32308097718182127,87,0.8610816542948039,0.9020696794431918,5050
"[{'V'}, {'O'}, {'Z'}, {'M'}]",0.3229755228243224,126,0.8647959183673469,0.9020696794431918,5050
"[{'W'}, {'Z'}, {'U'}, {'P'}]",0.322887954664307,98,0.8624581939799332,0.9020696794431918,5050
"[{'M'}, {'O'}, {'W'}, {'Z'}]",0.32273881614444566,103,0.8630816170861937,0.9020696794431918,5050
"[{'O'}, {'M'}, {'Z'}, {'W'}]",0.32268281166860735,119,0.8645124716553287,0.9020696794431918,5050
"[{'P'}, {'Y'}, {'P'}, {'V'}]",0.3226696864217159,113,0.8640350877192983,0.9020696794431918,5050
"[{'T'}, {'Z'}, {'O'}, {'P'}]",0.32264051893386503,127,0.8651545363908275,0.9020696794431918,5050
"[{'Z'}, {'P'}, {'P'}, {'X'}]",0.32250020869659335,114,0.8642676767676768,0.9020696794431918,5050
"[{'U'}, {'M'}, {'M'}, {'O'}]",0.32247937801256443,99,0.8629296235679215,0.9020696794431918,5050
"[{'V'}, {'X'}, {'X'}, {'Y'}]",0.3224326614625386,119,0.8647300469483569,0.9020696794431918,5050
"[{'Y'}, {'X'}, {'N'}, {'W'}]",0.3222784180810704,115,0.8645454545454545,0.9020696794431918,5050
"[{'Y'}, {'X'}, {'N'}, {'U'}]",0.3222436575485589,123,0.8652012711864406,0.9020696794431918,5050
"[{'U'}, {'T'}, {'N'}, {'O'}]",0.3222126972911725,113,0.864438839848676,0.9020696794431918,5050
"[{'X'}, {'V'}, {'M'}, {'X'}]",0.3221866536369422,139,0.8663594470046083,0.9020696794431918,5050
"[{'Z'}, {'W'}, {'V'}, {'U'}]",0.32215683477834445,108,0.8640608785887237,0.9020696794431918,5050
"[{'P'}, {'M'}, {'W'}, {'U'}]",0.3221564735961002,119,0.8649717514124294,0.9020696794431918,5050
"[{'Y'}, {'N'}, {'M'}, {'T'}]",0.3221416885891313,127,0.8655830753353972,0.9020696794431918,5050
"[{'M'}, {'O'}, {'M'}, {'V'}]",0.3220874792702937,106,0.8639455782312925,0.9020696794431918,5050
"[{'T'}, {'Z'}, {'V'}, {'W'}]",0.3219470446622048,140,0.8666258169934641,0.9020696794431918,5050
"[{'U'}, {'Y'}, {'Z'}, {'Z'}]",0.3218558936516547,111,0.8645901639344262,0.9020696794431918,5050
"[{'M'}, {'V'}, {'Y'}, {'T'}]",0.3218529059782713,115,0.8649230769230769,0.9020696794431918,5050
"[{'T'}, {'Z'}, {'T'}, {'V'}]",0.3218429352132236,124,0.865625,0.9020696794431918,5050
"[{'O'}, {'X'}, {'Z'}, {'Z'}]",0.32180860728559835,114,0.8648815020006155,0.9020696794431918,5050
"[{'T'}, {'P'}, {'U'}, {'W'}]",0.32179749288726456,112,0.8647265749920051,0.9020696794431918,5050
"[{'T'}, {'N'}, {'M'}, {'P'}]",0.3217873572657145,103,0.8639455782312926,0.9020696794431918,5050
"[{'O'}, {'Z'}, {'N'}, {'W'}]",0.32174017606043104,128,0.8660024906600249,0.9020696794431918,5050
"[{'W'}, {'W'}, {'V'}, {'Y'}]",0.3217255001463025,125,0.8658008658008658,0.9020696794431918,5050
"[{'Z'}, {'Y'}, {'M'}, {'V'}]",0.3214566168402252,119,0.8655913978494624,0.9020696794431918,5050
"[{'O'}, {'T'}, {'W'}, {'W'}]",0.3214492632368122,124,0.8659713168187745,0.9020696794431918,5050
"[{'T'}, {'X'}, {'V'}, {'Z'}]",0.32137352083650494,107,0.8646853146853147,0.9020696794431918,5050
"[{'W'}, {'W'}, {'W'}, {'W'}]",0.3213670194463897,111,0.8650326797385621,0.9020696794431918,5050
"[{'M'}, {'U'}, {'T'}, {'V'}]",0.32129813929380957,127,0.8663194444444444,0.9020696794431918,5050
"[{'T'}, {'M'}, {'X'}, {'U'}]",0.32121409806883583,111,0.8651721897335932,0.9020696794431918,5050
"[{'M'}, {'T'}, {'P'}, {'V'}]",0.32120241863358046,113,0.8653471771576898,0.9020696794431918,5050
"[{'O'}, {'W'}, {'X'}, {'Y'}]",0.32119003431376913,138,0.8671477079796265,0.9020696794431918,5050
"[{'W'}, {'P'}, {'U'}, {'W'}]",0.32105046785927716,111,0.8653220559531555,0.9020696794431918,5050
"[{'W'}, {'W'}, {'T'}, {'U'}]",0.32090599152894905,120,0.8661616161616161,0.9020696794431918,5050
"[{'Y'}, {'T'}, {'M'}, {'N'}]",0.3208932026852631,107,0.8651292802236199,0.9020696794431918,5050
"[{'M'}, {'T'}, {'P'}, {'U'}]",0.32085772721536754,113,0.8656622724419335,0.9020696794431918,5050
"[{'Z'}, {'T'}, {'W'}, {'Y'}]",0.3207441198077826,112,0.8656859609849696,0.9020696794431918,5050
"[{'P'}, {'P'}, {'M'}, {'T'}]",0.32073177529182095,109,0.8654496281271129,0.9020696794431918,5050
"[{'Y'}, {'O'}, {'M'}, {'X'}]",0.3206702046201326,116,0.8660714285714285,0.9020696794431918,5050
"[{'V'}, {'N'}, {'X'}, {'Z'}]",0.32062740440529713,118,0.8662640207075064,0.9020696794431918,5050
"[{'W'}, {'V'}, {'X'}, {'P'}]",0.3206159567401563,128,0.8669950738916256,0.9020696794431918,5050
"[{'O'}, {'T'}, {'X'}, {'N'}]",0.32057326515033524,131,0.8672356567093409,0.9020696794431918,5050
"[{'W'}, {'T'}, {'M'}, {'T'}]",0.3205240112449438,114,0.8660493827160494,0.9020696794431918,5050
"[{'P'}, {'Y'}, {'U'}, {'X'}]",0.3204959242235019,115,0.8661538461538463,0.9020696794431918,5050
"[{'P'}, {'P'}, {'U'}, {'W'}]",0.3204159319404608,111,0.865909090909091,0.9020696794431918,5050
"[{'N'}, {'M'}, {'X'}, {'X'}]",0.3202566772750407,135,0.8677777777777778,0.9020696794431918,5050
"[{'T'}, {'W'}, {'V'}, {'V'}]",0.32024884184624225,99,0.8650205761316873,0.9020696794431918,5050
"[{'P'}, {'X'}, {'N'}, {'U'}]",0.32023920070421863,125,0.8671274961597542,0.9020696794431918,5050
"[{'T'}, {'O'}, {'Y'}, {'O'}]",0.32021354317599515,123,0.8670097508125677,0.9020696794431918,5050
"[{'V'}, {'T'}, {'Z'}, {'U'}]",0.3202107537226069,118,0.8666466886424933,0.9020696794431918,5050
"[{'X'}, {'Z'}, {'P'}, {'T'}]",0.32018989589343794,104,0.865530303030303,0.9020696794431918,5050
"[{'W'}, {'N'}, {'M'}, {'T'}]",0.32005363984190915,105,0.8657474600870827,0.9020696794431918,5050
"[{'Z'}, {'Y'}, {'V'}, {'T'}]",0.32002387560679635,117,0.8667445938047925,0.9020696794431918,5050
"[{'P'}, {'U'}, {'U'}, {'P'}]",0.31999069651204104,108,0.8660620858039763,0.9020696794431918,5050
"[{'W'}, {'N'}, {'X'}, {'T'}]",0.3199730972033098,114,0.8665620094191522,0.9020696794431918,5050
"[{'T'}, {'T'}, {'X'}, {'P'}]",0.3199144124099724,105,0.8658806190125277,0.9020696794431918,5050
"[{'T'}, {'O'}, {'M'}, {'X'}]",0.3198412353853861,119,0.867063492063492,0.9020696794431918,5050
"[{'X'}, {'O'}, {'Y'}, {'Z'}]",0.3198397644067852,114,0.8666871921182266,0.9020696794431918,5050
"[{'N'}, {'T'}, {'Y'}, {'T'}]",0.3198207421025926,127,0.8676470588235293,0.9020696794431918,5050
"[{'M'}, {'V'}, {'M'}, {'T'}]",0.3197871124996239,116,0.8668900395979288,0.9020696794431918,5050
"[{'T'}, {'Y'}, {'O'}, {'O'}]",0.31962101817425215,108,0.8664148351648351,0.9020696794431918,5050
"[{'M'}, {'N'}, {'M'}, {'Z'}]",0.31959303946271667,132,0.8681849551414769,0.9020696794431918,5050
"[{'T'}, {'V'}, {'V'}, {'Y'}]",0.3194675471238352,111,0.8668046928916493,0.9020696794431918,5050
"[{'T'}, {'U'}, {'Z'}, {'X'}]",0.3194155733441897,124,0.867816091954023,0.9020696794431918,5050
"[{'O'}, {'X'}, {'P'}, {'M'}]",0.3193856336602735,111,0.8668831168831169,0.9020696794431918,5050
"[{'X'}, {'O'}, {'N'}, {'P'}]",0.3193771222446443,139,0.8688149688149688,0.9020696794431918,5050
"[{'X'}, {'V'}, {'Y'}, {'Z'}]",0.3193418456915661,132,0.8684149988497815,0.9020696794431918,5050
"[{'W'}, {'W'}, {'Z'}, {'U'}]",0.31932225876634024,118,0.8674768518518519,0.9020696794431918,5050
"[{'T'}, {'X'}, {'X'}, {'P'}]",0.31932108172717233,94,0.8654545454545455,0.9020696794431918,5050
"[{'T'}, {'M'}, {'Z'}, {'W'}]",0.319315261291248,124,0.8679096638655462,0.9020696794431918,5050
"[{'P'}, {'X'}, {'P'}, {'P'}]",0.3193101939121703,102,0.8662053056516724,0.9020696794431918,5050
"[{'Z'}, {'N'}, {'P'}, {'Y'}]",0.31926892815473307,104,0.8664192949907236,0.9020696794431918,5050
"[{'W'}, {'W'}, {'N'}, {'M'}]",0.31917297723256766,122,0.8679042238364272,0.9020696794431918,5050
"[{'W'}, {'W'}, {'V'}, {'P'}]",0.31915940821694777,124,0.8680555555555556,0.9020696794431918,5050
"[{'W'}, {'N'}, {'M'}, {'X'}]",0.319154345985567,107,0.8667832167832168,0.9020696794431918,5050
"[{'P'}, {'T'}, {'W'}, {'O'}]",0.31915401489933704,129,0.8683950617283951,0.9020696794431918,5050
"[{'N'}, {'M'}, {'X'}, {'P'}]",0.3190848783627338,118,0.8677020419902214,0.9020696794431918,5050
"[{'W'}, {'W'}, {'U'}, {'Y'}, {'X'}]",0.3190686058056159,20,0.7777777777777777,0.9020696794431918,5050
"[{'V'}, {'P'}, {'Y'}, {'U'}, {'X'}]",0.3190686058056159,20,0.7777777777777777,0.9020696794431918,5050
"[{'M'}, {'Z'}, {'V'}, {'X'}, {'X'}]",0.3190686058056158,20,0.7777777777777778,0.9020696794431918,5050
"[{'W'}, {'T'}, {'T'}, {'U'}, {'Y'}]",0.3190686058056158,20,0.7777777777777778,0.9020696794431918,5050
"[{'O'}, {'M'}, {'O'}, {'X'}]",0.31904987450772704,115,0.8675136116152451,0.9020696794431918,5050
"[{'Z'}, {'U'}, {'W'}, {'W'}]",0.3190000608968683,119,0.8678551216751557,0.9020696794431918,5050
"[{'Z'}, {'W'}, {'P'}, {'M'}]",0.318994569527035,106,0.8668565325738697,0.9020696794431918,5050
"[{'N'}, {'M'}, {'P'}, {'N'}, {'T'}]",0.3189923118921887,26,0.7857142857142857,0.9020696794431918,5050
"[{'O'}, {'Z'}, {'P'}, {'T'}]",0.3189508470947091,121,0.8680440771349862,0.9020696794431918,5050
"[{'P'}, {'X'}, {'U'}, {'V'}]",0.3189185445332987,106,0.8669311215290298,0.9020696794431918,5050
"[{'V'}, {'M'}, {'Y'}, {'Z'}]",0.31891801717744106,113,0.8674889310562934,0.9020696794431918,5050
"[{'N'}, {'P'}, {'W'}, {'M'}]",0.3188026526355514,111,0.8674463937621832,0.9020696794431918,5050
"[{'U'}, {'N'}, {'X'}, {'W'}]",0.31876966637095405,122,0.8682860998650472,0.9020696794431918,5050
"[{'T'}, {'N'}, {'T'}, {'T'}]",0.31867694869060825,124,0.8685111989459816,0.9020696794431918,5050
"[{'X'}, {'M'}, {'P'}, {'X'}]",0.31858698555309595,133,0.8691780821917808,0.9020696794431918,5050
"[{'Y'}, {'M'}, {'U'}, {'T'}]",0.31847199538025805,119,0.868361581920904,0.9020696794431918,5050
"[{'Z'}, {'T'}, {'P'}, {'T'}]",0.3184585286676782,110,0.8677055702917772,0.9020696794431918,5050
"[{'Y'}, {'O'}, {'P'}, {'P'}]",0.31845700678873967,119,0.8683760683760684,0.9020696794431918,5050
"[{'X'}, {'V'}, {'P'}, {'V'}]",0.3183908960468752,127,0.8689826302729529,0.9020696794431918,5050
"[{'O'}, {'U'}, {'T'}, {'N'}]",0.31836304964927375,128,0.8690739376074674,0.9020696794431918,5050
"[{'M'}, {'U'}, {'P'}, {'T'}]",0.3183365881460165,143,0.87,0.9020696794431918,5050
"[{'X'}, {'M'}, {'M'}, {'V'}]",0.3183317264889537,112,0.8679846938775511,0.9020696794431918,5050
"[{'Y'}, {'V'}, {'T'}, {'W'}]",0.3182515340887693,109,0.8678321678321679,0.9020696794431918,5050
"[{'X'}, {'Y'}, {'Y'}, {'W'}]",0.3182179060264897,125,0.8690169840452907,0.9020696794431918,5050
"[{'X'}, {'Z'}, {'X'}, {'P'}]",0.3182087130477266,120,0.8686868686868687,0.9020696794431918,5050
"[{'T'}, {'Y'}, {'T'}, {'P'}]",0.3180657555523567,112,0.8682476943346509,0.9020696794431918,5050
"[{'M'}, {'X'}, {'U'}, {'U'}]",0.31804950912518803,121,0.8689107827038861,0.9020696794431918,5050
"[{'U'}, {'Z'}, {'M'}, {'O'}]",0.3180148719343955,107,0.8679104477611941,0.9020696794431918,5050
"[{'U'}, {'Y'}, {'T'}, {'N'}]",0.31798984984122114,116,0.8686178861788618,0.9020696794431918,5050
"[{'Y'}, {'T'}, {'N'}, {'M'}]",0.3179840426463503,94,0.8668181818181817,0.9020696794431918,5050
"[{'X'}, {'U'}, {'O'}, {'Y'}]",0.31798226835674714,131,0.8696268304204061,0.9020696794431918,5050
"[{'M'}, {'P'}, {'V'}, {'Y'}]",0.3179544156145422,118,0.8687953555878084,0.9020696794431918,5050
"[{'V'}, {'T'}, {'M'}, {'X'}]",0.3179169034163343,116,0.8686899038461537,0.9020696794431918,5050
"[{'T'}, {'O'}, {'O'}, {'Z'}]",0.31789016597225894,115,0.8686440677966102,0.9020696794431918,5050
"[{'U'}, {'X'}, {'P'}, {'Y'}]",0.3178803809404068,136,0.8700259515570934,0.9020696794431918,5050
"[{'W'}, {'Z'}, {'N'}, {'V'}]",0.3178483416205178,106,0.8679984332158246,0.9020696794431918,5050
"[{'U'}, {'Z'}, {'T'}, {'W'}]",0.31782141801196107,134,0.86996336996337,0.9020696794431918,5050
"[{'U'}, {'V'}, {'V'}, {'P'}]",0.31777492922411454,110,0.8683862433862434,0.9020696794431918,5050
"[{'X'}, {'O'}, {'P'}, {'N'}]",0.3177539369888237,143,0.8705444575009792,0.9020696794431918,5050
"[{'M'}, {'M'}, {'V'}, {'X'}]",0.31772971451162346,131,0.8698694029850746,0.9020696794431918,5050
"[{'U'}, {'T'}, {'P'}, {'N'}]",0.31762294739689634,104,0.8680659670164917,0.9020696794431918,5050
"[{'O'}, {'T'}, {'Z'}, {'Y'}]",0.3175892179939175,123,0.8694960212201591,0.9020696794431918,5050
"[{'X'}, {'N'}, {'M'}, {'Z'}]",0.3175837951475826,126,0.8696969696969697,0.9020696794431918,5050
"[{'V'}, {'M'}, {'P'}, {'M'}]",0.3174540637950053,116,0.869150521609538,0.9020696794431918,5050
"[{'O'}, {'Z'}, {'X'}, {'U'}]",0.31741379978572426,103,0.8681992337164751,0.9020696794431918,5050
"[{'V'}, {'V'}, {'U'}, {'V'}]",0.31740243390471956,109,0.8686868686868686,0.9020696794431918,5050
"[{'M'}, {'Y'}, {'X'}, {'Y'}]",0.31739186768555727,104,0.8683035714285714,0.9020696794431918,5050
"[{'O'}, {'Y'}, {'O'}, {'X'}]",0.31737135517353443,138,0.8706286204677108,0.9020696794431918,5050
"[{'X'}, {'W'}, {'T'}, {'T'}]",0.3173420594330454,125,0.8698701298701299,0.9020696794431918,5050
"[{'Y'}, {'O'}, {'O'}, {'Z'}]",0.3173265446255553,126,0.8699494949494949,0.9020696794431918,5050
"[{'M'}, {'M'}, {'U'}, {'Y'}]",0.3172850311160579,115,0.8692493946731235,0.9020696794431918,5050
"[{'U'}, {'W'}, {'V'}, {'Y'}]",0.3171843052984704,116,0.8694219826295297,0.9020696794431918,5050
"[{'W'}, {'Y'}, {'M'}, {'Y'}]",0.31716869575756457,121,0.8697802197802199,0.9020696794431918,5050
"[{'M'}, {'P'}, {'M'}, {'X'}]",0.31711633584310606,108,0.8689034936008302,0.9020696794431918,5050
"[{'W'}, {'W'}, {'M'}, {'X'}]",0.31709011465625103,129,0.8703703703703702,0.9020696794431918,5050
"[{'W'}, {'X'}, {'V'}, {'Y'}]",0.31708180053050794,131,0.8705002337540907,0.9020696794431918,5050
"[{'T'}, {'W'}, {'T'}, {'Y'}]",0.3170315518567892,118,0.8697152717860224,0.9020696794431918,5050
"[{'T'}, {'M'}, {'W'}, {'Z'}, {'X'}]",0.31699366612046165,23,0.7833333333333333,0.9020696794431918,5050
"[{'Z'}, {'O'}, {'P'}, {'X'}]",0.3169796321699959,119,0.8698358800226372,0.9020696794431918,5050
"[{'T'}, {'P'}, {'U'}, {'Y'}]",0.31695136302061266,107,0.868997175141243,0.9020696794431918,5050
"[{'Z'}, {'W'}, {'W'}, {'P'}]",0.3169267782209997,116,0.869683257918552,0.9020696794431918,5050
"[{'Z'}, {'X'}, {'U'}, {'P'}]",0.31688382474431553,120,0.87,0.9020696794431918,5050
"[{'W'}, {'Z'}, {'Y'}, {'P'}]",0.3168778034047366,114,0.8695922813569872,0.9020696794431918,5050
"[{'T'}, {'M'}, {'O'}, {'W'}]",0.3167825460924626,108,0.8692493946731236,0.9020696794431918,5050
"[{'M'}, {'O'}, {'P'}, {'P'}, {'Z'}]",0.31677958411238993,24,0.7847222222222222,0.9020696794431918,5050
"[{'X'}, {'M'}, {'N'}, {'P'}]",0.31675077236444815,134,0.8710038005812654,0.9020696794431918,5050
"[{'O'}, {'T'}, {'T'}, {'X'}]",0.31674392646347016,127,0.8705911574764034,0.9020696794431918,5050
"[{'P'}, {'M'}, {'T'}, {'Y'}]",0.3167087103008863,114,0.8697660098522167,0.9020696794431918,5050
"[{'U'}, {'Z'}, {'P'}, {'P'}]",0.3167087103008863,114,0.8697660098522167,0.9020696794431918,5050
"[{'V'}, {'P'}, {'Y'}, {'V'}]",0.31667182112722325,118,0.8700810185185185,0.9020696794431918,5050
"[{'P'}, {'Y'}, {'N'}, {'W'}]",0.3166627542714737,131,0.8709150326797386,0.9020696794431918,5050
"[{'W'}, {'Z'}, {'M'}, {'V'}]",0.31662907847852095,108,0.8694096601073344,0.9020696794431918,5050
"[{'W'}, {'O'}, {'X'}, {'P'}]",0.31656801017893965,107,0.8693977591036415,0.9020696794431918,5050
"[{'M'}, {'P'}, {'X'}, {'T'}]",0.31651858343411343,118,0.8702380952380953,0.9020696794431918,5050
"[{'W'}, {'O'}, {'T'}, {'O'}]",0.3163534652988672,122,0.8706709956709957,0.9020696794431918,5050
"[{'Z'}, {'P'}, {'X'}, {'Z'}]",0.3162994319792788,100,0.8691288639100763,0.9020696794431918,5050
"[{'X'}, {'P'}, {'N'}, {'Z'}]",0.3162983571538074,156,0.872595758671708,0.9020696794431918,5050
"[{'W'}, {'P'}, {'Y'}, {'V'}]",0.3162489287054825,125,0.8709677419354838,0.9020696794431918,5050
"[{'T'}, {'M'}, {'Y'}, {'X'}]",0.31623100085691247,114,0.8702619414483822,0.9020696794431918,5050
"[{'P'}, {'M'}, {'M'}, {'X'}]",0.3161272732933764,113,0.8703007518796992,0.9020696794431918,5050
"[{'M'}, {'T'}, {'Y'}, {'Z'}]",0.3160894616586226,119,0.8707482993197279,0.9020696794431918,5050
"[{'Z'}, {'U'}, {'P'}, {'M'}]",0.31606138088774094,98,0.8692211578508954,0.9020696794431918,5050
"[{'M'}, {'P'}, {'M'}, {'U'}]",0.3159450371226734,117,0.8707664884135472,0.9020696794431918,5050
"[{'M'}, {'Z'}, {'X'}, {'Y'}, {'Z'}]",0.3157982786966316,28,0.7897435897435898,0.9020696794431918,5050
"[{'N'}, {'O'}, {'X'}, {'X'}]",0.3157792789730963,132,0.8718656544743502,0.9020696794431918,5050
"[{'W'}, {'W'}, {'V'}, {'M'}]",0.3157676375743479,127,0.8715846994535519,0.9020696794431918,5050
"[{'M'}, {'O'}, {'M'}, {'O'}]",0.3156991031351659,124,0.871473354231975,0.9020696794431918,5050
"[{'W'}, {'X'}, {'V'}, {'P'}]",0.315645737651143,125,0.8715903242408646,0.9020696794431918,5050
"[{'T'}, {'U'}, {'O'}, {'W'}]",0.31564398981557595,106,0.8703096539162113,0.9020696794431918,5050
"[{'W'}, {'X'}, {'N'}, {'O'}]",0.3156398236548762,112,0.8707482993197279,0.9020696794431918,5050
"[{'X'}, {'N'}, {'X'}, {'Y'}, {'O'}]",0.315623284120346,20,0.78,0.9020696794431918,5050
"[{'W'}, {'W'}, {'O'}, {'Y'}, {'X'}]",0.315623284120346,20,0.78,0.9020696794431918,5050
"[{'P'}, {'T'}, {'Y'}, {'V'}]",0.3156131242131388,113,0.8708463949843259,0.9020696794431918,5050
"[{'T'}, {'Y'}, {'U'}, {'N'}]",0.3156016886624219,129,0.8718750000000001,0.9020696794431918,5050
"[{'P'}, {'V'}, {'Z'}, {'U'}]",0.3155630175532653,121,0.8714285714285714,0.9020696794431918,5050
"[{'O'}, {'O'}, {'X'}, {'W'}]",0.3155181057819728,121,0.8714759535655058,0.9020696794431918,5050
"[{'U'}, {'M'}, {'V'}, {'M'}]",0.3154602901143819,108,0.870657034743722,0.9020696794431918,5050
"[{'Z'}, {'V'}, {'T'}, {'X'}]",0.3154067166845793,127,0.8719602977667493,0.9020696794431918,5050
"[{'Z'}, {'T'}, {'W'}, {'U'}]",0.3153951281947651,119,0.8714788732394366,0.9020696794431918,5050
"[{'U'}, {'Y'}, {'M'}, {'N'}, {'V'}]",0.3153937102068951,25,0.7867647058823529,0.9020696794431918,5050
"[{'M'}, {'W'}, {'T'}, {'U'}]",0.31538874244335136,106,0.8705882352941176,0.9020696794431918,5050
"[{'Z'}, {'X'}, {'V'}, {'M'}]",0.31534370757018193,119,0.8715336728919072,0.9020696794431918,5050
"[{'M'}, {'V'}, {'T'}, {'U'}]",0.3153334671560848,120,0.8716083916083917,0.9020696794431918,5050
"[{'U'}, {'P'}, {'T'}, {'Y'}]",0.3153230828605187,111,0.8710201429499674,0.9020696794431918,5050
"[{'P'}, {'V'}, {'P'}, {'P'}]",0.31531122256141153,112,0.8711025393764064,0.9020696794431918,5050
"[{'N'}, {'M'}, {'M'}, {'Y'}]",0.3152928348197772,112,0.8711224816117683,0.9020696794431918,5050
"[{'V'}, {'Y'}, {'Y'}, {'O'}]",0.3152914939098951,116,0.8713942307692308,0.9020696794431918,5050
"[{'Y'}, {'T'}, {'M'}, {'Z'}]",0.3152458753910725,112,0.8711734693877551,0.9020696794431918,5050
"[{'X'}, {'V'}, {'U'}, {'X'}, {'U'}]",0.31518126530402757,24,0.7857142857142857,0.9020696794431918,5050
"[{'M'}, {'T'}, {'N'}, {'Y'}]",0.315180968134251,123,0.871957671957672,0.9020696794431918,5050
"[{'U'}, {'W'}, {'N'}, {'W'}]",0.31515858921553186,121,0.8718579234972678,0.9020696794431918,5050
"[{'Z'}, {'P'}, {'Z'}, {'P'}]",0.31515325388270843,116,0.8715432649420161,0.9020696794431918,5050
"[{'U'}, {'P'}, {'X'}, {'W'}]",0.31513833234867517,130,0.8724162508909479,0.9020696794431918,5050
"[{'U'}, {'Y'}, {'X'}, {'W'}, {'N'}]",0.31509791340536963,21,0.7818181818181819,0.9020696794431918,5050
"[{'M'}, {'W'}, {'X'}, {'X'}]",0.3150898309179947,123,0.8720547945205479,0.9020696794431918,5050
"[{'P'}, {'M'}, {'V'}, {'T'}]",0.3150495064484964,122,0.8720366379310345,0.9020696794431918,5050
"[{'X'}, {'O'}, {'X'}, {'N'}]",0.3149945733216326,133,0.8727355072463768,0.9020696794431918,5050
"[{'M'}, {'V'}, {'U'}, {'N'}]",0.3149657453372692,118,0.8718758977305373,0.9020696794431918,5050
"[{'W'}, {'Y'}, {'M'}, {'P'}]",0.31494537488873875,119,0.8719615602035048,0.9020696794431918,5050
"[{'U'}, {'Z'}, {'M'}, {'P'}, {'N'}]",0.3149023136685144,22,0.7833333333333334,0.9020696794431918,5050
"[{'P'}, {'V'}, {'N'}, {'M'}, {'Z'}]",0.3149023136685144,22,0.7833333333333334,0.9020696794431918,5050
"[{'U'}, {'M'}, {'N'}, {'T'}]",0.31490026460743437,116,0.8718179095537586,0.9020696794431918,5050
"[{'O'}, {'Y'}, {'Y'}, {'W'}]",0.3148484714409998,122,0.8722527472527473,0.9020696794431918,5050
"[{'W'}, {'Z'}, {'V'}, {'T'}]",0.3148315268969645,135,0.873015873015873,0.9020696794431918,5050
"[{'M'}, {'P'}, {'O'}, {'W'}]",0.31480991662697255,122,0.8722943722943723,0.9020696794431918,5050
"[{'M'}, {'T'}, {'O'}, {'U'}]",0.31474757584379465,135,0.8731043710972346,0.9020696794431918,5050
"[{'T'}, {'M'}, {'T'}, {'U'}]",0.3147120991493144,116,0.8720238095238095,0.9020696794431918,5050
"[{'P'}, {'U'}, {'V'}, {'M'}]",0.3147072251653933,114,0.8718982630272953,0.9020696794431918,5050
"[{'O'}, {'N'}, {'U'}, {'O'}]",0.31467978998406787,112,0.8717948717948718,0.9020696794431918,5050
"[{'Y'}, {'M'}, {'O'}, {'X'}]",0.31464215243947735,109,0.8716307277628031,0.9020696794431918,5050
"[{'M'}, {'N'}, {'P'}, {'T'}]",0.3146177574998543,137,0.8733475479744137,0.9020696794431918,5050
"[{'T'}, {'M'}, {'T'}, {'M'}]",0.3146083234209104,116,0.872137972048766,0.9020696794431918,5050
"[{'Z'}, {'T'}, {'P'}, {'Y'}]",0.3145532908325581,112,0.8719354838709679,0.9020696794431918,5050
"[{'T'}, {'Z'}, {'X'}, {'X'}]",0.31454560728036707,125,0.8727598566308244,0.9020696794431918,5050
"[{'P'}, {'W'}, {'T'}, {'O'}]",0.3144229126939978,114,0.8722135007849293,0.9020696794431918,5050
"[{'X'}, {'U'}, {'M'}, {'M'}]",0.31439429840715616,122,0.8727468388485337,0.9020696794431918,5050
"[{'T'}, {'P'}, {'T'}, {'T'}]",0.3143923050303379,112,0.8721153846153846,0.9020696794431918,5050
"[{'M'}, {'P'}, {'Y'}, {'P'}]",0.31434684166764115,113,0.8722327640733712,0.9020696794431918,5050
"[{'M'}, {'N'}, {'M'}, {'P'}]",0.31433772260698456,132,0.8733796296296297,0.9020696794431918,5050
"[{'N'}, {'M'}, {'P'}, {'P'}]",0.3142465807668471,119,0.8727272727272728,0.9020696794431918,5050
"[{'W'}, {'T'}, {'U'}, {'X'}]",0.3142159327682934,98,0.8713036234902125,0.9020696794431918,5050
"[{'P'}, {'X'}, {'N'}, {'O'}]",0.3141501388517657,120,0.8728956228956228,0.9020696794431918,5050
"[{'P'}, {'X'}, {'T'}, {'O'}, {'O'}]",0.3140574989751086,27,0.7897727272727273,0.9020696794431918,5050
"[{'P'}, {'U'}, {'Z'}, {'N'}]",0.314049956909496,116,0.8727598566308243,0.9020696794431918,5050
"[{'M'}, {'T'}, {'U'}, {'V'}]",0.31404456805135894,103,0.8718820861678004,0.9020696794431918,5050
"[{'W'}, {'M'}, {'Y'}, {'X'}]",0.31401164679491245,111,0.8724788549121666,0.9020696794431918,5050
"[{'V'}, {'U'}, {'Z'}, {'U'}]",0.3139489794623449,117,0.872936320754717,0.9020696794431918,5050
"[{'T'}, {'V'}, {'M'}, {'Y'}]",0.3139445628356462,111,0.872555410691004,0.9020696794431918,5050
"[{'T'}, {'M'}, {'M'}, {'P'}]",0.31386664992329016,111,0.8726445743989603,0.9020696794431918,5050
"[{'Z'}, {'T'}, {'W'}, {'T'}]",0.3138245821398933,117,0.8730769230769231,0.9020696794431918,5050
"[{'W'}, {'W'}, {'Y'}, {'X'}]",0.31379059823152,120,0.87329813837177,0.9020696794431918,5050
"[{'W'}, {'P'}, {'P'}, {'P'}, {'Y'}]",0.3137126047685419,20,0.78125,0.9020696794431918,5050
"[{'X'}, {'Y'}, {'Y'}, {'X'}]",0.313679860163803,122,0.8735413839891452,0.9020696794431918,5050
"[{'W'}, {'W'}, {'T'}, {'P'}]",0.3136642662493839,136,0.874322860238353,0.9020696794431918,5050
"[{'Y'}, {'O'}, {'Z'}, {'X'}]",0.31359354379789606,114,0.8731527093596059,0.9020696794431918,5050
"[{'T'}, {'T'}, {'Z'}, {'X'}]",0.313555307900105,123,0.8737400530503978,0.9020696794431918,5050
"[{'V'}, {'Z'}, {'U'}, {'V'}]",0.31354816786874984,117,0.8733918128654972,0.9020696794431918,5050
"[{'P'}, {'Z'}, {'X'}, {'U'}]",0.3135319873040995,147,0.875,0.9020696794431918,5050
"[{'P'}, {'Z'}, {'P'}, {'N'}]",0.31340431191188156,135,0.8745590828924162,0.9020696794431918,5050
"[{'M'}, {'O'}, {'X'}, {'T'}]",0.31327296258764714,112,0.8733974358974359,0.9020696794431918,5050
"[{'V'}, {'T'}, {'T'}, {'Y'}]",0.3132541405495498,100,0.8725961538461539,0.9020696794431918,5050
"[{'X'}, {'M'}, {'X'}, {'M'}]",0.31321757131719674,115,0.8736507936507937,0.9020696794431918,5050
"[{'V'}, {'M'}, {'P'}, {'U'}]",0.3131437024689012,104,0.873015873015873,0.9020696794431918,5050
"[{'O'}, {'N'}, {'O'}, {'P'}]",0.3130802045340859,127,0.8745039682539683,0.9020696794431918,5050
"[{'V'}, {'T'}, {'T'}, {'X'}]",0.3130488198762241,118,0.8740293356341673,0.9020696794431918,5050
"[{'X'}, {'V'}, {'Y'}, {'M'}]",0.31303623914945367,131,0.8747667910447762,0.9020696794431918,5050
"[{'N'}, {'O'}, {'W'}, {'T'}]",0.3129990550965208,125,0.8744877049180327,0.9020696794431918,5050
"[{'P'}, {'W'}, {'Z'}, {'W'}]",0.31291987531954146,106,0.8734222863324919,0.9020696794431918,5050
"[{'V'}, {'P'}, {'Z'}, {'U'}]",0.3128945095796275,121,0.874384236453202,0.9020696794431918,5050
"[{'M'}, {'O'}, {'T'}, {'W'}]",0.3128336134969024,125,0.8746789933230611,0.9020696794431918,5050
"[{'W'}, {'N'}, {'T'}, {'Z'}]",0.3128154270696685,114,0.8740625,0.9020696794431918,5050
"[{'T'}, {'Z'}, {'V'}, {'T'}]",0.3128035348782138,118,0.8743169398907104,0.9020696794431918,5050
"[{'N'}, {'U'}, {'P'}, {'P'}]",0.3127785276656865,97,0.8729543496985358,0.9020696794431918,5050
"[{'T'}, {'Z'}, {'U'}, {'X'}]",0.3127617294368332,108,0.8737461086129367,0.9020696794431918,5050
"[{'M'}, {'O'}, {'N'}, {'P'}]",0.3127576759426085,127,0.8748753738783649,0.9020696794431918,5050
"[{'Z'}, {'W'}, {'N'}, {'W'}]",0.31271449311494426,107,0.8737373737373738,0.9020696794431918,5050
"[{'X'}, {'P'}, {'W'}, {'M'}]",0.3127129050658727,118,0.8744239631336405,0.9020696794431918,5050
"[{'T'}, {'X'}, {'M'}, {'Y'}]",0.31270467831416016,111,0.8740079365079365,0.9020696794431918,5050
"[{'V'}, {'X'}, {'M'}, {'P'}]",0.312703752377112,127,0.8749379652605459,0.9020696794431918,5050
"[{'M'}, {'T'}, {'Y'}, {'W'}]",0.31267963584801106,131,0.8751753155680224,0.9020696794431918,5050
"[{'V'}, {'T'}, {'T'}, {'P'}]",0.3126764466098809,120,0.8745828698553949,0.9020696794431918,5050
"[{'X'}, {'N'}, {'O'}, {'U'}, {'X'}]",0.3126607457496212,25,0.7884615384615385,0.9020696794431918,5050
"[{'N'}, {'X'}, {'P'}, {'P'}]",0.3126529077044089,115,0.8743169398907104,0.9020696794431918,5050
"[{'X'}, {'Y'}, {'N'}, {'M'}]",0.3125826640750291,129,0.8751842751842751,0.9020696794431918,5050
"[{'P'}, {'T'}, {'V'}, {'M'}]",0.3125767217921682,105,0.873771730914588,0.9020696794431918,5050
"[{'N'}, {'X'}, {'X'}, {'P'}]",0.3125469978314278,121,0.8747927031509121,0.9020696794431918,5050
"[{'U'}, {'Y'}, {'O'}, {'T'}]",0.3125344939050684,129,0.8752403846153847,0.9020696794431918,5050
"[{'X'}, {'M'}, {'T'}, {'M'}]",0.31252450810404575,115,0.8744706594071385,0.9020696794431918,5050
"[{'U'}, {'Y'}, {'N'}, {'X'}]",0.3124702234357154,107,0.8740350877192983,0.9020696794431918,5050
"[{'P'}, {'T'}, {'Y'}, {'T'}]",0.3123948431058974,103,0.8738601823708206,0.9020696794431918,5050
"[{'M'}, {'Z'}, {'T'}, {'Y'}]",0.31238022435643154,129,0.8754208754208754,0.9020696794431918,5050
"[{'Y'}, {'Z'}, {'M'}, {'T'}]",0.3123219555239669,136,0.8758382003028337,0.9020696794431918,5050
"[{'P'}, {'X'}, {'P'}, {'Y'}]",0.3123154099135298,121,0.8750683433570257,0.9020696794431918,5050
"[{'U'}, {'T'}, {'O'}, {'P'}]",0.3122968788124114,116,0.8748043818466353,0.9020696794431918,5050
"[{'V'}, {'W'}, {'Z'}, {'T'}]",0.3122444818135123,105,0.8741818181818182,0.9020696794431918,5050
"[{'W'}, {'Z'}, {'X'}, {'Z'}]",0.31224383917823706,117,0.874926943308007,0.9020696794431918,5050
"[{'U'}, {'P'}, {'V'}, {'Y'}]",0.3122362103531817,133,0.8757918552036199,0.9020696794431918,5050
"[{'V'}, {'X'}, {'O'}, {'P'}]",0.31221983188770086,119,0.8750706613906161,0.9020696794431918,5050
"[{'U'}, {'X'}, {'U'}, {'X'}]",0.31215248525892225,135,0.8759877085162423,0.9020696794431918,5050
"[{'V'}, {'P'}, {'Y'}, {'X'}]",0.3121357875635937,116,0.875,0.9020696794431918,5050
"[{'V'}, {'Z'}, {'M'}, {'P'}]",0.31209743835358184,111,0.8747474747474747,0.9020696794431918,5050
"[{'U'}, {'Z'}, {'V'}, {'W'}]",0.3120955349824752,139,0.8762437810945274,0.9020696794431918,5050
"[{'W'}, {'W'}, {'O'}, {'P'}]",0.31208101031958824,128,0.8757232704402516,0.9020696794431918,5050
"[{'Z'}, {'Z'}, {'M'}, {'N'}]",0.31201397317243973,132,0.876004592422503,0.9020696794431918,5050
"[{'Z'}, {'W'}, {'M'}, {'Y'}]",0.31200355733736895,101,0.8742138364779874,0.9020696794431918,5050
"[{'Z'}, {'N'}, {'P'}, {'X'}]",0.311936886979542,103,0.8744343891402715,0.9020696794431918,5050
"[{'M'}, {'P'}, {'V'}, {'V'}]",0.31188538887663575,128,0.8759574993822584,0.9020696794431918,5050
"[{'T'}, {'X'}, {'Z'}, {'Y'}]",0.3118707041001222,119,0.8754951895868703,0.9020696794431918,5050
"[{'O'}, {'T'}, {'M'}, {'X'}]",0.31184922306252616,128,0.8760010333247222,0.9020696794431918,5050
"[{'Z'}, {'U'}, {'N'}, {'V'}]",0.3118142944913147,112,0.8751596424010216,0.9020696794431918,5050
"[{'N'}, {'U'}, {'P'}, {'N'}]",0.3117899176275376,103,0.874621212121212,0.9020696794431918,5050
"[{'V'}, {'U'}, {'P'}, {'U'}]",0.3117591683618707,106,0.8748564867967853,0.9020696794431918,5050
"[{'U'}, {'W'}, {'T'}, {'N'}]",0.31175352543944146,126,0.8760141987829615,0.9020696794431918,5050
"[{'Z'}, {'N'}, {'T'}, {'V'}]",0.31174334747681454,136,0.8765190972222222,0.9020696794431918,5050
"[{'U'}, {'Z'}, {'N'}, {'X'}]",0.31168704392559665,112,0.8753188775510204,0.9020696794431918,5050
"[{'P'}, {'T'}, {'W'}, {'W'}]",0.3116857410402991,112,0.8753205128205127,0.9020696794431918,5050
"[{'U'}, {'X'}, {'M'}, {'U'}]",0.3116456599559273,124,0.8760416666666667,0.9020696794431918,5050
"[{'Y'}, {'X'}, {'M'}, {'V'}]",0.3116378724052846,120,0.8758370535714286,0.9020696794431918,5050
"[{'Z'}, {'V'}, {'N'}, {'O'}]",0.3116299953002125,111,0.8753306878306878,0.9020696794431918,5050
"[{'M'}, {'W'}, {'T'}, {'W'}]",0.3116200017173988,144,0.8770270270270271,0.9020696794431918,5050
"[{'U'}, {'X'}, {'P'}, {'W'}]",0.3115925462607094,122,0.8760011046672189,0.9020696794431918,5050
"[{'O'}, {'V'}, {'T'}, {'W'}]",0.31154296769257595,125,0.8762198253723678,0.9020696794431918,5050
"[{'Z'}, {'P'}, {'U'}, {'U'}]",0.31152957960074623,127,0.876338602753697,0.9020696794431918,5050
"[{'Z'}, {'V'}, {'X'}, {'X'}]",0.3115209358932587,120,0.8759820426487093,0.9020696794431918,5050
"[{'M'}, {'M'}, {'P'}, {'Y'}]",0.3115049680627592,96,0.8745063624396665,0.9020696794431918,5050
"[{'V'}, {'Y'}, {'W'}, {'U'}]",0.31150491386831125,111,0.8754889178617992,0.9020696794431918,5050
"[{'N'}, {'P'}, {'T'}, {'M'}]",0.31149669317259865,91,0.8741463414634146,0.9020696794431918,5050
"[{'W'}, {'V'}, {'Y'}, {'Y'}]",0.3114511789863995,105,0.8751862891207155,0.9020696794431918,5050
"[{'O'}, {'M'}, {'P'}, {'Y'}]",0.31140071603256525,91,0.874274661508704,0.9020696794431918,5050
"[{'Y'}, {'P'}, {'X'}, {'Z'}]",0.31139145061064666,114,0.8758089368258859,0.9020696794431918,5050
"[{'W'}, {'M'}, {'X'}, {'Y'}]",0.31138509392155767,114,0.8758169934640523,0.9020696794431918,5050
"[{'M'}, {'M'}, {'X'}, {'N'}]",0.3113656451119282,121,0.8762295081967213,0.9020696794431918,5050
"[{'Z'}, {'U'}, {'W'}, {'M'}]",0.3113524646310514,107,0.8754398311048557,0.9020696794431918,5050
"[{'N'}, {'U'}, {'P'}, {'M'}]",0.31133271517836314,106,0.8754027926960257,0.9020696794431918,5050
"[{'N'}, {'W'}, {'X'}, {'X'}]",0.31132275143452015,110,0.8756613756613757,0.9020696794431918,5050
"[{'P'}, {'N'}, {'Z'}, {'U'}]",0.31130945555509615,122,0.8763528138528138,0.9020696794431918,5050
"[{'P'}, {'Z'}, {'M'}, {'V'}]",0.31130874673671993,110,0.875679347826087,0.9020696794431918,5050
"[{'M'}, {'T'}, {'T'}, {'T'}]",0.31129933766167794,114,0.8759259259259259,0.9020696794431918,5050
"[{'M'}, {'N'}, {'T'}, {'Y'}]",0.31127011414909433,139,0.8772256728778468,0.9020696794431918,5050
"[{'X'}, {'N'}, {'X'}, {'Y'}]",0.3112198367504416,107,0.8756114605171208,0.9020696794431918,5050
"[{'M'}, {'X'}, {'M'}, {'U'}, {'Z'}]",0.31120783017082654,22,0.7857142857142857,0.9020696794431918,5050
"[{'X'}, {'O'}, {'V'}, {'V'}]",0.311177836685693,117,0.876249265138154,0.9020696794431918,5050
"[{'V'}, {'M'}, {'T'}, {'T'}]",0.3111491824932442,112,0.8760026737967914,0.9020696794431918,5050
"[{'N'}, {'M'}, {'Z'}, {'V'}]",0.311125460467931,131,0.8770334928229666,0.9020696794431918,5050
"[{'M'}, {'U'}, {'M'}, {'Y'}]",0.3110622380542073,103,0.8755656108597285,0.9020696794431918,5050
"[{'X'}, {'N'}, {'T'}, {'X'}]",0.31106065880744926,114,0.876231527093596,0.9020696794431918,5050
"[{'Y'}, {'O'}, {'O'}, {'T'}]",0.3110407798196928,130,0.8770909090909091,0.9020696794431918,5050
"[{'N'}, {'Y'}, {'Y'}, {'P'}]",0.3110406257207594,133,0.8772331653687585,0.9020696794431918,5050
"[{'M'}, {'M'}, {'Z'}, {'U'}]",0.3109663718314868,112,0.8762392069075792,0.9020696794431918,5050
"[{'T'}, {'W'}, {'W'}, {'Z'}]",0.3109107966760277,114,0.8764252696456086,0.9020696794431918,5050
"[{'U'}, {'N'}, {'O'}, {'O'}]",0.3108965813738832,118,0.8766637089618456,0.9020696794431918,5050
"[{'N'}, {'N'}, {'X'}, {'M'}]",0.31081174876858975,108,0.8762068965517242,0.9020696794431918,5050
"[{'M'}, {'P'}, {'T'}, {'W'}]",0.31079494584674106,137,0.8777208706786171,0.9020696794431918,5050
"[{'V'}, {'V'}, {'Z'}, {'V'}]",0.31077078914950595,121,0.876984126984127,0.9020696794431918,5050
"[{'P'}, {'Z'}, {'P'}, {'U'}]",0.3106559244287176,130,0.8775757575757576,0.9020696794431918,5050
"[{'X'}, {'T'}, {'Z'}, {'V'}]",0.31065394270042035,115,0.8768159806295399,0.9020696794431918,5050
"[{'P'}, {'Y'}, {'M'}, {'X'}]",0.31052664138342445,110,0.8767032236623462,0.9020696794431918,5050
"[{'M'}, {'V'}, {'Y'}, {'Z'}]",0.3105218089101358,113,0.8768796992481203,0.9020696794431918,5050
"[{'O'}, {'P'}, {'P'}, {'P'}]",0.31048399050444575,112,0.8768740031897926,0.9020696794431918,5050
"[{'M'}, {'V'}, {'V'}, {'W'}]",0.31033508777062746,100,0.8763548775592132,0.9020696794431918,5050
"[{'V'}, {'O'}, {'Y'}, {'Z'}]",0.31033349347509376,112,0.8770753512132822,0.9020696794431918,5050
"[{'Y'}, {'V'}, {'T'}, {'M'}]",0.3102873902153608,110,0.8770247933884296,0.9020696794431918,5050
"[{'Z'}, {'X'}, {'M'}, {'V'}, {'M'}]",0.3102725807861917,22,0.7863247863247863,0.9020696794431918,5050
"[{'O'}, {'O'}, {'X'}, {'U'}]",0.3102461291142007,112,0.8771929824561403,0.9020696794431918,5050
"[{'Y'}, {'P'}, {'W'}, {'Y'}]",0.310233373311917,121,0.8776859504132231,0.9020696794431918,5050
"[{'M'}, {'V'}, {'M'}, {'Y'}]",0.31019810341011933,115,0.8774213075060533,0.9020696794431918,5050
"[{'M'}, {'W'}, {'Z'}, {'Y'}]",0.3101909965078893,133,0.878310502283105,0.9020696794431918,5050
"[{'T'}, {'P'}, {'Y'}, {'X'}]",0.3101904234271762,123,0.8778424114225278,0.9020696794431918,5050
"[{'N'}, {'X'}, {'M'}, {'P'}]",0.3101592638749382,116,0.8775267538644471,0.9020696794431918,5050
"[{'V'}, {'U'}, {'W'}, {'O'}]",0.3101462398599507,110,0.8772164603546337,0.9020696794431918,5050
"[{'O'}, {'X'}, {'M'}, {'X'}]",0.3101291756479828,133,0.8783908045977011,0.9020696794431918,5050
"[{'Z'}, {'P'}, {'X'}, {'O'}]",0.3101228443044147,116,0.8775757575757576,0.9020696794431918,5050
"[{'W'}, {'Z'}, {'T'}, {'M'}]",0.3101218609542793,109,0.8771929824561403,0.9020696794431918,5050
"[{'W'}, {'Z'}, {'Z'}, {'N'}]",0.3101218609542792,109,0.8771929824561404,0.9020696794431918,5050
"[{'T'}, {'T'}, {'Y'}, {'Y'}]",0.3100848032618707,101,0.8767660910518054,0.9020696794431918,5050
"[{'N'}, {'N'}, {'Y'}, {'U'}]",0.31006019446569777,117,0.8777126099706745,0.9020696794431918,5050
"[{'P'}, {'M'}, {'U'}, {'U'}]",0.3100398686080297,123,0.8780423280423281,0.9020696794431918,5050
"[{'Z'}, {'M'}, {'Y'}, {'T'}]",0.3100335930847571,107,0.8771991555242787,0.9020696794431918,5050
"[{'Z'}, {'P'}, {'N'}, {'T'}]",0.3100226305573859,113,0.8775510204081632,0.9020696794431918,5050
"[{'Y'}, {'N'}, {'X'}, {'V'}]",0.31000659823242804,112,0.8775183882315318,0.9020696794431918,5050
"[{'Y'}, {'M'}, {'U'}, {'Y'}]",0.31000446982158436,110,0.8774104683195593,0.9020696794431918,5050
"[{'Z'}, {'U'}, {'U'}, {'P'}]",0.30994102381208144,127,0.8783649052841476,0.9020696794431918,5050
"[{'N'}, {'X'}, {'Y'}, {'O'}]",0.30992521984606114,136,0.8787878787878788,0.9020696794431918,5050
"[{'M'}, {'P'}, {'O'}, {'U'}]",0.3099057186015868,127,0.8784119106699751,0.9020696794431918,5050
"[{'U'}, {'T'}, {'Y'}, {'U'}]",0.30990455538764605,130,0.8785511363636364,0.9020696794431918,5050
"[{'T'}, {'V'}, {'W'}, {'V'}]",0.3098822235924692,103,0.8771730914588057,0.9020696794431918,5050
"[{'V'}, {'O'}, {'P'}, {'W'}]",0.3098609366105787,115,0.8778787878787879,0.9020696794431918,5050
"[{'U'}, {'U'}, {'T'}, {'Y'}]",0.30985505473077235,106,0.8773891092679409,0.9020696794431918,5050
"[{'M'}, {'X'}, {'X'}, {'Z'}]",0.3098532139353224,137,0.8789247311827957,0.9020696794431918,5050
"[{'W'}, {'N'}, {'T'}, {'M'}]",0.3098455454006527,115,0.8778998778998779,0.9020696794431918,5050
"[{'P'}, {'V'}, {'U'}, {'P'}]",0.30976570436441153,106,0.877514367816092,0.9020696794431918,5050
"[{'W'}, {'P'}, {'T'}, {'V'}]",0.30976094349090455,135,0.8789612676056338,0.9020696794431918,5050
"[{'U'}, {'T'}, {'Z'}, {'Y'}]",0.3097499348057273,120,0.8782857142857142,0.9020696794431918,5050
"[{'Z'}, {'P'}, {'M'}, {'V'}]",0.30974422190580453,124,0.8784876140808344,0.9020696794431918,5050
"[{'M'}, {'Y'}, {'Y'}, {'T'}]",0.30973771804868455,114,0.877995642701525,0.9020696794431918,5050
"[{'M'}, {'M'}, {'M'}, {'V'}]",0.30972537984195747,103,0.8773946360153256,0.9020696794431918,5050
"[{'U'}, {'W'}, {'P'}, {'U'}]",0.3097053644283426,113,0.8779874213836478,0.9020696794431918,5050
"[{'U'}, {'Z'}, {'N'}, {'M'}]",0.3097007474912087,102,0.8773694390715667,0.9020696794431918,5050
"[{'O'}, {'U'}, {'N'}, {'W'}]",0.30969627403739897,131,0.8788732394366197,0.9020696794431918,5050
"[{'M'}, {'U'}, {'W'}, {'W'}]",0.309687789036559,117,0.8782201405152225,0.9020696794431918,5050
"[{'O'}, {'X'}, {'N'}, {'O'}]",0.30966517775403857,126,0.878688524590164,0.9020696794431918,5050
"[{'X'}, {'T'}, {'W'}, {'W'}]",0.30964742912792564,123,0.8785714285714286,0.9020696794431918,5050
"[{'Z'}, {'M'}, {'X'}, {'V'}]",0.30963408350132127,112,0.8780332056194126,0.9020696794431918,5050
"[{'X'}, {'P'}, {'V'}, {'U'}]",0.30958440896637607,129,0.8789346246973366,0.9020696794431918,5050
"[{'Z'}, {'O'}, {'X'}, {'U'}]",0.30957583181808057,127,0.8788557213930348,0.9020696794431918,5050
"[{'Z'}, {'U'}, {'W'}, {'V'}]",0.30957373176269276,102,0.8775510204081632,0.9020696794431918,5050
"[{'T'}, {'Y'}, {'T'}, {'T'}]",0.30949324202413087,105,0.8778429933969185,0.9020696794431918,5050
"[{'Y'}, {'M'}, {'W'}, {'W'}]",0.30948944260351874,109,0.8780737704918032,0.9020696794431918,5050
"[{'Y'}, {'Z'}, {'P'}, {'N'}]",0.3094257648860348,135,0.8794091710758378,0.9020696794431918,5050
"[{'P'}, {'Y'}, {'N'}, {'T'}]",0.30940396356267474,125,0.8789989680082559,0.9020696794431918,5050
"[{'X'}, {'W'}, {'P'}, {'W'}]",0.3093741836884739,116,0.8786057692307693,0.9020696794431918,5050
"[{'Z'}, {'T'}, {'Y'}, {'P'}]",0.30936951914698674,129,0.8792270531400966,0.9020696794431918,5050
"[{'Z'}, {'Z'}, {'P'}, {'M'}]",0.30935742846195735,107,0.8781512605042017,0.9020696794431918,5050
"[{'X'}, {'X'}, {'Y'}, {'V'}]",0.3093424456134447,104,0.8780022874571102,0.9020696794431918,5050
"[{'X'}, {'Z'}, {'M'}, {'V'}]",0.3093408392570812,130,0.8793103448275862,0.9020696794431918,5050
"[{'T'}, {'Y'}, {'Y'}, {'V'}]",0.30931875159698763,112,0.8784777742244962,0.9020696794431918,5050
"[{'Y'}, {'T'}, {'Y'}, {'O'}, {'U'}]",0.30930741281126306,26,0.7916666666666667,0.9020696794431918,5050
"[{'M'}, {'Y'}, {'P'}, {'M'}]",0.30929776969197664,112,0.8785076530612245,0.9020696794431918,5050
"[{'P'}, {'M'}, {'O'}, {'W'}]",0.30928774043747087,108,0.8783068783068783,0.9020696794431918,5050
"[{'N'}, {'T'}, {'X'}, {'O'}]",0.3092602677038928,122,0.8790584415584416,0.9020696794431918,5050
"[{'W'}, {'V'}, {'T'}, {'Z'}]",0.3092437161523258,125,0.8792207792207792,0.9020696794431918,5050
"[{'M'}, {'T'}, {'Z'}, {'Y'}]",0.3092419399392796,130,0.8794461685366436,0.9020696794431918,5050
"[{'V'}, {'W'}, {'W'}, {'U'}]",0.3092413040646337,122,0.8790849673202614,0.9020696794431918,5050
"[{'X'}, {'P'}, {'Y'}, {'N'}]",0.30921345502587283,127,0.8793532338308457,0.9020696794431918,5050
"[{'M'}, {'N'}, {'M'}, {'Y'}]",0.3091801792032407,119,0.8790276992651215,0.9020696794431918,5050
"[{'T'}, {'M'}, {'Y'}, {'T'}]",0.3091794719382077,109,0.8785175017158545,0.9020696794431918,5050
"[{'T'}, {'W'}, {'M'}, {'Y'}]",0.30917322383121526,108,0.8784722222222221,0.9020696794431918,5050
"[{'V'}, {'P'}, {'W'}, {'U'}]",0.3091567177141862,122,0.8792036588646758,0.9020696794431918,5050
"[{'X'}, {'P'}, {'N'}, {'N'}]",0.30914265139745356,118,0.8790322580645161,0.9020696794431918,5050
"[{'V'}, {'T'}, {'U'}, {'X'}]",0.30914219534266474,109,0.8785714285714287,0.9020696794431918,5050
"[{'U'}, {'P'}, {'X'}, {'N'}]",0.30909180291639105,133,0.8797814207650274,0.9020696794431918,5050
"[{'V'}, {'W'}, {'Z'}, {'W'}]",0.30906786484476123,122,0.8793290043290043,0.9020696794431918,5050
"[{'W'}, {'T'}, {'P'}, {'Z'}]",0.30905803476581983,125,0.8794805194805195,0.9020696794431918,5050
"[{'X'}, {'N'}, {'V'}, {'T'}]",0.3090533016184065,125,0.8794871794871795,0.9020696794431918,5050
"[{'W'}, {'V'}, {'W'}, {'P'}]",0.30902792994444805,121,0.8793388429752066,0.9020696794431918,5050
"[{'P'}, {'V'}, {'P'}, {'Z'}]",0.30902792994444794,121,0.8793388429752067,0.9020696794431918,5050
"[{'T'}, {'O'}, {'N'}, {'M'}]",0.3090078353718192,115,0.8790769230769231,0.9020696794431918,5050
"[{'V'}, {'X'}, {'Y'}, {'T'}]",0.30897832967332395,123,0.8795021186440678,0.9020696794431918,5050
"[{'P'}, {'Y'}, {'M'}, {'M'}]",0.30897795920471016,97,0.8781223083548665,0.9020696794431918,5050
"[{'V'}, {'P'}, {'V'}, {'P'}]",0.30893912375446275,100,0.8783621035728623,0.9020696794431918,5050
"[{'X'}, {'Y'}, {'N'}, {'T'}]",0.3089334138001032,115,0.8791844187461959,0.9020696794431918,5050
"[{'U'}, {'U'}, {'P'}, {'T'}]",0.30890918391274047,111,0.879016393442623,0.9020696794431918,5050
"[{'P'}, {'T'}, {'N'}, {'V'}]",0.308880588028971,116,0.8793103448275862,0.9020696794431918,5050
"[{'W'}, {'X'}, {'O'}, {'X'}]",0.3088612367728326,101,0.8785377358490566,0.9020696794431918,5050
"[{'Z'}, {'X'}, {'Y'}, {'W'}]",0.30885040590776114,124,0.8797297297297297,0.9020696794431918,5050
"[{'N'}, {'X'}, {'T'}, {'O'}]",0.30881977959354423,109,0.8790431266846361,0.9020696794431918,5050
"[{'Y'}, {'P'}, {'X'}, {'P'}]",0.3087912858379318,108,0.8790322580645161,0.9020696794431918,5050
"[{'T'}, {'O'}, {'P'}, {'Y'}]",0.3087440455719014,112,0.8793103448275862,0.9020696794431918,5050
"[{'T'}, {'N'}, {'V'}, {'T'}]",0.3087407402454686,133,0.8802721088435375,0.9020696794431918,5050
"[{'W'}, {'V'}, {'M'}, {'T'}]",0.30872700261913555,113,0.8793859649122807,0.9020696794431918,5050
"[{'M'}, {'T'}, {'M'}, {'W'}]",0.30868845914349663,126,0.880050505050505,0.9020696794431918,5050
"[{'M'}, {'M'}, {'T'}, {'T'}]",0.30864834558274,114,0.8795518207282913,0.9020696794431918,5050
"[{'V'}, {'U'}, {'N'}, {'W'}]",0.308612514289172,129,0.8802884615384615,0.9020696794431918,5050
"[{'T'}, {'T'}, {'Y'}, {'M'}]",0.3086050422963479,108,0.8793103448275862,0.9020696794431918,5050
"[{'M'}, {'N'}, {'N'}, {'W'}]",0.3085931444103168,122,0.8800107613666935,0.9020696794431918,5050
"[{'V'}, {'W'}, {'P'}, {'X'}]",0.3085863121428225,116,0.879740980573543,0.9020696794431918,5050
"[{'U'}, {'P'}, {'M'}, {'Z'}]",0.3085839678040415,97,0.8787234042553191,0.9020696794431918,5050
"[{'N'}, {'Y'}, {'X'}, {'M'}, {'Y'}]",0.30856235512721597,24,0.7899159663865547,0.9020696794431918,5050
"[{'T'}, {'N'}, {'U'}, {'U'}]",0.3085621059608099,117,0.8798245614035087,0.9020696794431918,5050
"[{'T'}, {'V'}, {'Y'}, {'Z'}]",0.30854125585446146,110,0.8795100959947036,0.9020696794431918,5050
"[{'X'}, {'T'}, {'M'}, {'N'}]",0.30853052797894476,106,0.879316482734069,0.9020696794431918,5050
"[{'W'}, {'U'}, {'M'}, {'X'}]",0.3085264432738739,115,0.8797814207650273,0.9020696794431918,5050
"[{'P'}, {'M'}, {'Z'}, {'P'}]",0.30851737961628867,97,0.8788265306122449,0.9020696794431918,5050
"[{'P'}, {'V'}, {'N'}, {'O'}]",0.3084757912244118,116,0.8799048751486326,0.9020696794431918,5050
"[{'X'}, {'V'}, {'N'}, {'N'}]",0.3084557998571037,95,0.8788014311270125,0.9020696794431918,5050
"[{'Z'}, {'P'}, {'T'}, {'X'}]",0.3084277152446262,130,0.8805970149253731,0.9020696794431918,5050
"[{'T'}, {'W'}, {'V'}, {'Z'}]",0.3084033604588734,112,0.8798185941043084,0.9020696794431918,5050
"[{'V'}, {'M'}, {'Y'}, {'X'}]",0.30835196644563956,121,0.8803206191265893,0.9020696794431918,5050
"[{'O'}, {'N'}, {'P'}, {'W'}]",0.30834732749739535,142,0.8811802232854865,0.9020696794431918,5050
"[{'W'}, {'M'}, {'Z'}, {'Y'}]",0.3083076638663975,113,0.8800125313283208,0.9020696794431918,5050
"[{'V'}, {'T'}, {'O'}, {'Y'}]",0.3083026873426663,126,0.8806122448979591,0.9020696794431918,5050
"[{'U'}, {'W'}, {'X'}, {'N'}]",0.3083021251149345,128,0.8806973848069738,0.9020696794431918,5050
"[{'W'}, {'P'}, {'X'}, {'Z'}]",0.3082836252253365,112,0.88,0.9020696794431918,5050
"[{'W'}, {'Y'}, {'M'}, {'T'}]",0.3082286787858547,122,0.880548829701372,0.9020696794431918,5050
"[{'U'}, {'U'}, {'W'}, {'W'}]",0.30822434743748006,113,0.8801391524351676,0.9020696794431918,5050
"[{'P'}, {'O'}, {'Z'}, {'X'}]",0.30819779986596685,127,0.8808095952023989,0.9020696794431918,5050
"[{'N'}, {'Y'}, {'O'}, {'Y'}]",0.30817797175227024,143,0.8814595660749507,0.9020696794431918,5050
"[{'M'}, {'W'}, {'M'}, {'Z'}]",0.30816505145168693,123,0.8806878306878306,0.9020696794431918,5050
"[{'W'}, {'O'}, {'P'}, {'M'}]",0.3081562111279609,107,0.8799435028248588,0.9020696794431918,5050
"[{'W'}, {'O'}, {'U'}, {'T'}]",0.3080398211723404,128,0.8810863714215806,0.9020696794431918,5050
"[{'V'}, {'T'}, {'T'}, {'W'}]",0.30802685996764745,101,0.8798266351457841,0.9020696794431918,5050
"[{'O'}, {'V'}, {'U'}, {'Y'}]",0.308024632130227,119,0.8807235726399095,0.9020696794431918,5050
"[{'T'}, {'Z'}, {'X'}, {'U'}]",0.3080244498707744,130,0.8811904761904762,0.9020696794431918,5050
"[{'P'}, {'N'}, {'T'}, {'V'}]",0.30801823864103584,129,0.881159420289855,0.9020696794431918,5050
"[{'P'}, {'U'}, {'Y'}, {'N'}]",0.30799314295725133,102,0.87993487993488,0.9020696794431918,5050
"[{'V'}, {'Y'}, {'U'}, {'N'}]",0.3079838997056521,121,0.8808743169398907,0.9020696794431918,5050
"[{'M'}, {'T'}, {'V'}, {'W'}]",0.3079819854552588,115,0.8806060606060606,0.9020696794431918,5050
"[{'O'}, {'U'}, {'P'}, {'Y'}]",0.3079693904589267,114,0.8805786395814096,0.9020696794431918,5050
"[{'P'}, {'M'}, {'P'}, {'M'}]",0.307951785059299,99,0.879835390946502,0.9020696794431918,5050
"[{'X'}, {'W'}, {'Z'}, {'T'}]",0.30791685894150045,125,0.8811475409836066,0.9020696794431918,5050
"[{'T'}, {'Y'}, {'T'}, {'W'}]",0.30791156044172274,116,0.8807612250966398,0.9020696794431918,5050
"[{'W'}, {'W'}, {'M'}, {'M'}]",0.30788669892228027,107,0.88036593947924,0.9020696794431918,5050
"[{'Y'}, {'V'}, {'U'}, {'T'}]",0.3078599310479253,118,0.8809318377911993,0.9020696794431918,5050
"[{'O'}, {'Z'}, {'Z'}, {'Y'}]",0.30785284802829505,107,0.8804195804195803,0.9020696794431918,5050
"[{'M'}, {'N'}, {'X'}, {'W'}]",0.3078479284460013,121,0.8810825587752871,0.9020696794431918,5050
"[{'X'}, {'Y'}, {'M'}, {'Z'}]",0.30778916365332154,130,0.8815446576640606,0.9020696794431918,5050
"[{'M'}, {'X'}, {'V'}, {'U'}]",0.3077848212339813,118,0.8810483870967741,0.9020696794431918,5050
"[{'X'}, {'N'}, {'O'}, {'X'}]",0.3077848212339812,118,0.8810483870967742,0.9020696794431918,5050
"[{'Z'}, {'V'}, {'T'}, {'Z'}]",0.3077745554217154,116,0.8809744064138143,0.9020696794431918,5050
"[{'T'}, {'V'}, {'Y'}, {'U'}]",0.3077579634387636,102,0.8803118908382066,0.9020696794431918,5050
"[{'X'}, {'Y'}, {'W'}, {'X'}]",0.3077237833423755,129,0.8816046966731897,0.9020696794431918,5050
"[{'V'}, {'Y'}, {'O'}, {'T'}]",0.307710263116012,111,0.880842659644503,0.9020696794431918,5050
"[{'X'}, {'M'}, {'T'}, {'Y'}]",0.3076854298826478,110,0.8808341608738828,0.9020696794431918,5050
"[{'U'}, {'U'}, {'P'}, {'W'}]",0.30767146758706043,121,0.8813559322033899,0.9020696794431918,5050
"[{'P'}, {'Z'}, {'M'}, {'N'}]",0.30767146758706043,121,0.8813559322033899,0.9020696794431918,5050
"[{'T'}, {'M'}, {'T'}, {'V'}]",0.30765045917672895,133,0.8818718764198092,0.9020696794431918,5050
"[{'W'}, {'V'}, {'U'}, {'W'}]",0.30762293692640785,120,0.8813888888888889,0.9020696794431918,5050
"[{'U'}, {'X'}, {'T'}, {'N'}]",0.3076167457733725,120,0.8813986013986014,0.9020696794431918,5050
"[{'T'}, {'P'}, {'U'}, {'N'}]",0.3076163506845546,119,0.8813559322033898,0.9020696794431918,5050
"[{'T'}, {'T'}, {'P'}, {'X'}]",0.30760476421198646,120,0.8814174107142857,0.9020696794431918,5050
"[{'N'}, {'X'}, {'Z'}, {'Y'}]",0.30756733098749023,124,0.881644409531291,0.9020696794431918,5050
"[{'W'}, {'X'}, {'Y'}, {'X'}]",0.30756630920277717,115,0.8812576312576312,0.9020696794431918,5050
"[{'X'}, {'N'}, {'X'}, {'V'}]",0.307564602959986,119,0.8814374646293153,0.9020696794431918,5050
"[{'U'}, {'V'}, {'Z'}, {'T'}]",0.3075576069796886,117,0.8813609467455621,0.9020696794431918,5050
"[{'X'}, {'T'}, {'O'}, {'X'}]",0.30753952649902916,125,0.881728778467909,0.9020696794431918,5050
"[{'X'}, {'X'}, {'M'}, {'N'}]",0.3075327994581154,116,0.8813559322033899,0.9020696794431918,5050
"[{'P'}, {'T'}, {'M'}, {'T'}]",0.307523967123703,105,0.8808479532163743,0.9020696794431918,5050
"[{'P'}, {'X'}, {'Z'}, {'X'}]",0.30752005716129804,121,0.8815934065934067,0.9020696794431918,5050
"[{'X'}, {'X'}, {'W'}, {'V'}]",0.3074849163344948,108,0.8810603418207186,0.9020696794431918,5050
"[{'W'}, {'V'}, {'M'}, {'W'}]",0.3074776594740877,104,0.8808731039585646,0.9020696794431918,5050
"[{'P'}, {'Z'}, {'Z'}, {'W'}]",0.307476290760074,123,0.8817460317460317,0.9020696794431918,5050
"[{'X'}, {'O'}, {'Z'}, {'U'}]",0.3074602407416388,112,0.8812903225806451,0.9020696794431918,5050
"[{'W'}, {'T'}, {'P'}, {'T'}]",0.30744612561242546,122,0.8817522171459286,0.9020696794431918,5050
"[{'T'}, {'N'}, {'P'}, {'M'}]",0.3074391856081774,105,0.8809869375907112,0.9020696794431918,5050
"[{'Y'}, {'P'}, {'P'}, {'W'}]",0.30742865071121384,106,0.881054131054131,0.9020696794431918,5050
"[{'V'}, {'Z'}, {'Y'}, {'P'}, {'M'}]",0.30741564146760225,28,0.7948717948717948,0.9020696794431918,5050
"[{'X'}, {'N'}, {'Y'}, {'Y'}]",0.307407019155433,110,0.8812830687830688,0.9020696794431918,5050
"[{'Z'}, {'M'}, {'T'}, {'P'}]",0.30740334100819,109,0.8812415654520918,0.9020696794431918,5050
"[{'T'}, {'O'}, {'X'}, {'N'}]",0.30739612261809934,129,0.8821118611378977,0.9020696794431918,5050
"[{'X'}, {'W'}, {'W'}, {'W'}]",0.3073865911906313,119,0.8817204301075269,0.9020696794431918,5050
"[{'Z'}, {'T'}, {'P'}, {'X'}]",0.30738197323567384,125,0.8819764464925756,0.9020696794431918,5050
"[{'X'}, {'W'}, {'T'}, {'X'}]",0.30736824156299647,139,0.8825238688252387,0.9020696794431918,5050
"[{'U'}, {'O'}, {'Y'}, {'X'}]",0.307362519786729,134,0.8823529411764707,0.9020696794431918,5050
"[{'T'}, {'Y'}, {'M'}, {'X'}]",0.30735649739163906,121,0.8818530701754386,0.9020696794431918,5050
"[{'M'}, {'U'}, {'X'}, {'M'}]",0.30733787241689137,126,0.8820861678004535,0.9020696794431918,5050
"[{'W'}, {'Z'}, {'Y'}, {'T'}]",0.3073376249436782,116,0.8816691505216095,0.9020696794431918,5050
"[{'U'}, {'Z'}, {'Y'}, {'N'}]",0.30730769269292846,107,0.8813025210084033,0.9020696794431918,5050
"[{'N'}, {'O'}, {'U'}, {'Y'}]",0.30727055653627067,123,0.8820729772607085,0.9020696794431918,5050
"[{'U'}, {'O'}, {'X'}, {'O'}]",0.3072358789864156,134,0.8825510891533798,0.9020696794431918,5050
"[{'U'}, {'N'}, {'T'}, {'P'}]",0.30721362744684344,106,0.8814102564102564,0.9020696794431918,5050
"[{'O'}, {'V'}, {'Z'}, {'V'}]",0.30720772736508717,107,0.8814685314685314,0.9020696794431918,5050
"[{'V'}, {'T'}, {'P'}, {'U'}]",0.3072030853760217,112,0.8817100610736098,0.9020696794431918,5050
"[{'M'}, {'Z'}, {'O'}, {'T'}]",0.3072011691008295,122,0.8821438337435056,0.9020696794431918,5050
"[{'M'}, {'Z'}, {'O'}, {'X'}]",0.30715656636874267,111,0.8817413905133202,0.9020696794431918,5050
"[{'P'}, {'U'}, {'U'}, {'Y'}]",0.30715105577372404,118,0.8820588235294117,0.9020696794431918,5050
"[{'M'}, {'T'}, {'X'}, {'W'}]",0.3071274349043138,125,0.8823831535695942,0.9020696794431918,5050
"[{'M'}, {'U'}, {'O'}, {'W'}]",0.3071139172725891,99,0.8812244897959183,0.9020696794431918,5050
"[{'W'}, {'X'}, {'P'}, {'Z'}]",0.30709326728018416,128,0.8825544409102031,0.9020696794431918,5050
"[{'Z'}, {'P'}, {'X'}, {'T'}]",0.307088551697555,115,0.882032667876588,0.9020696794431918,5050
"[{'N'}, {'O'}, {'M'}, {'Y'}]",0.3070727623388888,130,0.8826628352490421,0.9020696794431918,5050
"[{'W'}, {'Z'}, {'W'}, {'T'}]",0.3070195033009161,133,0.882858435097241,0.9020696794431918,5050
"[{'T'}, {'Y'}, {'X'}, {'V'}]",0.3070006398147572,104,0.88167226577081,0.9020696794431918,5050
"[{'Z'}, {'U'}, {'V'}, {'M'}]",0.30697762298807285,109,0.881949210706932,0.9020696794431918,5050
"[{'P'}, {'N'}, {'M'}, {'Z'}]",0.306972444583943,118,0.8823529411764706,0.9020696794431918,5050
"[{'W'}, {'P'}, {'P'}, {'W'}]",0.3069535789628567,100,0.8815526210484194,0.9020696794431918,5050
"[{'N'}, {'M'}, {'V'}, {'M'}]",0.3069515328738952,128,0.8827838827838828,0.9020696794431918,5050
"[{'T'}, {'N'}, {'M'}, {'U'}]",0.30693886554539074,109,0.8820148749154835,0.9020696794431918,5050
"[{'M'}, {'P'}, {'U'}, {'Y'}]",0.3069138961556044,114,0.8822804314329739,0.9020696794431918,5050
"[{'W'}, {'M'}, {'P'}, {'U'}]",0.30690986371879836,111,0.8821548821548821,0.9020696794431918,5050
"[{'N'}, {'T'}, {'U'}, {'X'}]",0.3068801975628793,138,0.8832575265323803,0.9020696794431918,5050
"[{'P'}, {'P'}, {'T'}, {'P'}]",0.306879711686201,100,0.8816809465524276,0.9020696794431918,5050
"[{'Z'}, {'W'}, {'W'}, {'T'}]",0.30687863621870304,137,0.8832258064516129,0.9020696794431918,5050
"[{'W'}, {'P'}, {'V'}, {'M'}]",0.3068768043778286,102,0.881786676934925,0.9020696794431918,5050
"[{'V'}, {'T'}, {'Z'}, {'P'}]",0.30681657187121025,128,0.8830049261083744,0.9020696794431918,5050
"[{'Z'}, {'O'}, {'U'}, {'P'}]",0.3068128439086635,110,0.8822751322751323,0.9020696794431918,5050
"[{'Z'}, {'U'}, {'U'}, {'V'}]",0.3068069182453075,119,0.8826704545454546,0.9020696794431918,5050
"[{'M'}, {'X'}, {'V'}, {'T'}]",0.30679679627779033,116,0.8825633383010432,0.9020696794431918,5050
"[{'X'}, {'X'}, {'M'}, {'X'}, {'N'}]",0.30677039997635724,25,0.7922077922077922,0.9020696794431918,5050
"[{'X'}, {'N'}, {'T'}, {'N'}]",0.30676453790993086,109,0.882312925170068,0.9020696794431918,5050
"[{'V'}, {'Y'}, {'Y'}, {'X'}]",0.3067481659464363,118,0.8827285921625545,0.9020696794431918,5050
"[{'U'}, {'X'}, {'P'}, {'M'}]",0.3067477583251038,124,0.8829676071055381,0.9020696794431918,5050
"[{'W'}, {'V'}, {'T'}, {'M'}]",0.30673042393083205,118,0.8827586206896552,0.9020696794431918,5050
"[{'U'}, {'Z'}, {'O'}, {'U'}]",0.30668734937116215,124,0.883068783068783,0.9020696794431918,5050
"[{'N'}, {'M'}, {'X'}, {'N'}]",0.3066661561857328,112,0.8826156299840511,0.9020696794431918,5050
"[{'W'}, {'P'}, {'T'}, {'P'}]",0.3066320303680542,103,0.8822641509433962,0.9020696794431918,5050
"[{'X'}, {'P'}, {'X'}, {'W'}]",0.3066255488744587,114,0.8827714197339932,0.9020696794431918,5050
"[{'P'}, {'X'}, {'P'}, {'X'}]",0.3066210862798059,117,0.882903981264637,0.9020696794431918,5050
"[{'U'}, {'M'}, {'P'}, {'P'}]",0.3065989672791155,110,0.8826446280991735,0.9020696794431918,5050
"[{'V'}, {'N'}, {'P'}, {'Y'}]",0.306596455007617,104,0.8823747680890538,0.9020696794431918,5050
"[{'P'}, {'X'}, {'M'}, {'T'}]",0.3065871168736265,105,0.8824383164005806,0.9020696794431918,5050
"[{'T'}, {'V'}, {'M'}, {'P'}]",0.3065871168736265,105,0.8824383164005806,0.9020696794431918,5050
"[{'M'}, {'Y'}, {'Y'}, {'V'}]",0.3065741057629907,105,0.8824613117170229,0.9020696794431918,5050
"[{'V'}, {'T'}, {'W'}, {'P'}]",0.30656764154816085,126,0.8833459309649785,0.9020696794431918,5050
"[{'X'}, {'O'}, {'N'}, {'N'}]",0.3065530474862245,125,0.8833333333333333,0.9020696794431918,5050
"[{'W'}, {'Z'}, {'P'}, {'M'}]",0.30655221525016696,115,0.8829401088929221,0.9020696794431918,5050
"[{'O'}, {'M'}, {'P'}, {'Z'}]",0.30655098366714273,110,0.882728494623656,0.9020696794431918,5050
"[{'X'}, {'W'}, {'M'}, {'Y'}]",0.3065441498865439,121,0.8831955922865014,0.9020696794431918,5050
"[{'V'}, {'U'}, {'U'}, {'P'}]",0.3065213985819327,128,0.8834975369458128,0.9020696794431918,5050
"[{'T'}, {'U'}, {'T'}, {'M'}]",0.30650868490578764,123,0.8833333333333333,0.9020696794431918,5050
"[{'Y'}, {'Z'}, {'T'}, {'X'}]",0.30649885332733895,132,0.883677733921523,0.9020696794431918,5050
"[{'N'}, {'U'}, {'X'}, {'Z'}]",0.30649626285750364,143,0.884046381447421,0.9020696794431918,5050
"[{'Z'}, {'P'}, {'X'}, {'V'}, {'P'}]",0.30649414817864307,21,0.7875,0.9020696794431918,5050
"[{'U'}, {'O'}, {'P'}, {'W'}]",0.30648648032418746,117,0.8831360946745562,0.9020696794431918,5050
"[{'Z'}, {'O'}, {'T'}, {'T'}]",0.30648284429027584,112,0.8829346092503987,0.9020696794431918,5050
"[{'Z'}, {'T'}, {'W'}, {'X'}]",0.30648279954526036,125,0.883452868852459,0.9020696794431918,5050
"[{'W'}, {'M'}, {'W'}, {'X'}]",0.3064466938170576,145,0.8841904761904762,0.9020696794431918,5050
"[{'X'}, {'X'}, {'M'}, {'V'}]",0.3064154771064941,124,0.8835309617918313,0.9020696794431918,5050
"[{'V'}, {'X'}, {'P'}, {'U'}]",0.3063888700822539,109,0.8829710144927536,0.9020696794431918,5050
"[{'M'}, {'O'}, {'O'}, {'T'}]",0.3063661082078636,134,0.8839704896042924,0.9020696794431918,5050
"[{'Z'}, {'V'}, {'U'}, {'W'}]",0.3063555202183079,111,0.8831168831168831,0.9020696794431918,5050
"[{'W'}, {'T'}, {'U'}, {'T'}]",0.3063499106951846,93,0.8822701688555348,0.9020696794431918,5050
"[{'N'}, {'M'}, {'O'}, {'N'}]",0.3063476209164514,116,0.883338409990862,0.9020696794431918,5050
"[{'X'}, {'P'}, {'W'}, {'U'}]",0.30630533373956814,127,0.8838308457711442,0.9020696794431918,5050
"[{'P'}, {'T'}, {'P'}, {'X'}]",0.30630443786247386,114,0.8833333333333333,0.9020696794431918,5050
"[{'Y'}, {'M'}, {'Z'}, {'M'}]",0.3062907356693323,112,0.8832747041893189,0.9020696794431918,5050
"[{'Y'}, {'T'}, {'V'}, {'Y'}]",0.3062905107193794,108,0.883103448275862,0.9020696794431918,5050
"[{'N'}, {'W'}, {'M'}, {'V'}]",0.306247719561462,110,0.8832671957671957,0.9020696794431918,5050
"[{'W'}, {'X'}, {'X'}, {'P'}]",0.3062140665664693,108,0.8832417582417582,0.9020696794431918,5050
"[{'O'}, {'Y'}, {'O'}, {'P'}]",0.3061670033308739,125,0.884,0.9020696794431918,5050
"[{'N'}, {'T'}, {'M'}, {'N'}]",0.3061383937643377,122,0.8839406207827261,0.9020696794431918,5050
"[{'Z'}, {'Y'}, {'M'}, {'T'}]",0.306129568179936,126,0.8841017888636936,0.9020696794431918,5050
"[{'T'}, {'N'}, {'Y'}, {'U'}]",0.30608920101371284,117,0.8838383838383838,0.9020696794431918,5050
"[{'Y'}, {'P'}, {'T'}, {'Z'}]",0.306085847163871,98,0.8830188679245283,0.9020696794431918,5050
"[{'X'}, {'T'}, {'Y'}, {'V'}]",0.30606693680433483,111,0.8836375488917863,0.9020696794431918,5050
"[{'M'}, {'U'}, {'V'}, {'Z'}]",0.30604469169600157,107,0.8835087719298246,0.9020696794431918,5050
"[{'U'}, {'N'}, {'U'}, {'M'}]",0.306022919440062,105,0.8834615384615384,0.9020696794431918,5050
"[{'W'}, {'V'}, {'T'}, {'U'}]",0.3060153527617584,106,0.8835196538045438,0.9020696794431918,5050
"[{'W'}, {'M'}, {'N'}, {'M'}]",0.3059740067853488,139,0.8848069738480697,0.9020696794431918,5050
"[{'N'}, {'X'}, {'Y'}, {'W'}]",0.3059684859558238,118,0.8840954846131722,0.9020696794431918,5050
"[{'N'}, {'N'}, {'X'}, {'Z'}]",0.30596745180876295,127,0.8844246031746031,0.9020696794431918,5050
"[{'N'}, {'T'}, {'N'}, {'T'}]",0.30594357020443586,111,0.883864671437866,0.9020696794431918,5050
"[{'X'}, {'X'}, {'Y'}, {'P'}]",0.3059310692581576,114,0.8840086606866687,0.9020696794431918,5050
"[{'T'}, {'U'}, {'T'}, {'T'}]",0.30592120169344295,106,0.8836956521739131,0.9020696794431918,5050
"[{'Y'}, {'Y'}, {'P'}, {'M'}]",0.3059131744538802,109,0.8838383838383839,0.9020696794431918,5050
"[{'N'}, {'X'}, {'O'}, {'P'}]",0.3059074041369413,137,0.884861407249467,0.9020696794431918,5050
"[{'Z'}, {'T'}, {'Z'}, {'W'}]",0.3058859881130013,134,0.8848039215686274,0.9020696794431918,5050
"[{'M'}, {'T'}, {'U'}, {'X'}]",0.3058579136041838,129,0.8846894559460761,0.9020696794431918,5050
"[{'X'}, {'O'}, {'N'}, {'M'}]",0.3058479264465276,124,0.8845350052246603,0.9020696794431918,5050
"[{'M'}, {'Y'}, {'X'}, {'P'}]",0.305842751253234,108,0.8839285714285714,0.9020696794431918,5050
"[{'Z'}, {'T'}, {'V'}, {'X'}]",0.3058401173038874,138,0.885011561908766,0.9020696794431918,5050
"[{'M'}, {'Z'}, {'M'}, {'Y'}]",0.305840108711934,105,0.8838053740014524,0.9020696794431918,5050
"[{'T'}, {'X'}, {'N'}, {'Z'}]",0.3058021083641512,128,0.8847565451431367,0.9020696794431918,5050
"[{'X'}, {'N'}, {'T'}, {'W'}]",0.3057962163312936,118,0.8844117647058823,0.9020696794431918,5050
"[{'P'}, {'W'}, {'T'}, {'W'}]",0.3057957442882284,123,0.8845948827292112,0.9020696794431918,5050
"[{'N'}, {'T'}, {'P'}, {'M'}]",0.3057457547608202,121,0.8846153846153847,0.9020696794431918,5050
"[{'M'}, {'O'}, {'Z'}, {'M'}]",0.3057346500060313,101,0.8838304552590267,0.9020696794431918,5050
"[{'W'}, {'T'}, {'Y'}, {'T'}]",0.3057293252472989,123,0.8847170809095717,0.9020696794431918,5050
"[{'T'}, {'T'}, {'T'}, {'Z'}]",0.30570661915392594,119,0.8846153846153846,0.9020696794431918,5050
"[{'P'}, {'V'}, {'V'}, {'P'}]",0.3056882348465715,105,0.8840960240060015,0.9020696794431918,5050
"[{'Y'}, {'Y'}, {'V'}, {'U'}]",0.3056558227996775,131,0.8851224105461394,0.9020696794431918,5050
"[{'X'}, {'T'}, {'P'}, {'M'}]",0.30565199375187424,108,0.8842917251051894,0.9020696794431918,5050
"[{'X'}, {'P'}, {'T'}, {'W'}]",0.3056221075528881,126,0.8850192061459667,0.9020696794431918,5050
"[{'V'}, {'W'}, {'W'}, {'T'}]",0.3056146096890906,128,0.8851000741289845,0.9020696794431918,5050
"[{'V'}, {'P'}, {'U'}, {'X'}]",0.30560472764548574,118,0.8847701149425287,0.9020696794431918,5050
"[{'O'}, {'Y'}, {'O'}, {'M'}]",0.30559711503997855,104,0.8842300556586271,0.9020696794431918,5050
"[{'U'}, {'V'}, {'V'}, {'M'}]",0.30559551486202874,117,0.8847507331378299,0.9020696794431918,5050
"[{'N'}, {'N'}, {'U'}, {'P'}]",0.305579999535322,108,0.8844307270233196,0.9020696794431918,5050
"[{'T'}, {'P'}, {'M'}, {'Z'}]",0.3055771065432106,106,0.8843537414965985,0.9020696794431918,5050
"[{'X'}, {'X'}, {'V'}, {'U'}]",0.3055754361443743,130,0.8852380952380953,0.9020696794431918,5050
"[{'U'}, {'T'}, {'V'}, {'O'}]",0.3055480795195691,122,0.8850202429149797,0.9020696794431918,5050
"[{'O'}, {'V'}, {'P'}, {'T'}]",0.3055455567403699,125,0.8851282051282051,0.9020696794431918,5050
"[{'W'}, {'P'}, {'T'}, {'Y'}]",0.305538371220744,120,0.8849680466796331,0.9020696794431918,5050
"[{'U'}, {'T'}, {'P'}, {'Y'}]",0.30553669798616,117,0.8848626534190532,0.9020696794431918,5050
"[{'O'}, {'M'}, {'Y'}, {'X'}]",0.3055266704332943,120,0.884990253411306,0.9020696794431918,5050
"[{'V'}, {'U'}, {'Z'}, {'V'}]",0.3055220626510493,119,0.8849632560768795,0.9020696794431918,5050
"[{'P'}, {'T'}, {'V'}, {'U'}]",0.3055220626510493,119,0.8849632560768795,0.9020696794431918,5050
"[{'W'}, {'Y'}, {'T'}, {'M'}]",0.3054663412143611,127,0.8853439680957129,0.9020696794431918,5050
"[{'U'}, {'Y'}, {'T'}, {'Y'}]",0.3054299781887584,117,0.8850676072898296,0.9020696794431918,5050
"[{'O'}, {'W'}, {'O'}, {'V'}]",0.3054174454453703,126,0.8854034910194788,0.9020696794431918,5050
"[{'X'}, {'N'}, {'M'}, {'T'}]",0.30540772934677884,112,0.8849244615879138,0.9020696794431918,5050
"[{'N'}, {'U'}, {'Y'}, {'T'}]",0.30539544977335775,120,0.8852413019079685,0.9020696794431918,5050
"[{'M'}, {'X'}, {'V'}, {'N'}]",0.3053874085874866,134,0.8857142857142857,0.9020696794431918,5050
"[{'X'}, {'O'}, {'M'}, {'Z'}]",0.30537973072992686,119,0.8852364475201846,0.9020696794431918,5050
"[{'O'}, {'M'}, {'V'}, {'Y'}]",0.3053574599653166,120,0.8853146853146854,0.9020696794431918,5050
"[{'N'}, {'P'}, {'Y'}, {'T'}]",0.3053511673852751,110,0.8849586776859504,0.9020696794431918,5050
"[{'W'}, {'V'}, {'M'}, {'U'}]",0.30534947198901485,97,0.8844155844155843,0.9020696794431918,5050
"[{'M'}, {'V'}, {'X'}, {'Z'}]",0.30534846763610435,125,0.8855020491803279,0.9020696794431918,5050
"[{'V'}, {'N'}, {'M'}, {'W'}]",0.30533599579166937,122,0.8854252119223407,0.9020696794431918,5050
"[{'N'}, {'P'}, {'T'}, {'X'}]",0.30531360077364045,124,0.8855359001040582,0.9020696794431918,5050
"[{'N'}, {'N'}, {'U'}, {'W'}]",0.305311438887072,126,0.8856060606060606,0.9020696794431918,5050
"[{'O'}, {'M'}, {'O'}, {'Y'}]",0.30531075677204955,105,0.8848396501457726,0.9020696794431918,5050
"[{'T'}, {'Z'}, {'M'}, {'Y'}]",0.30530113170603046,117,0.8853183962264152,0.9020696794431918,5050
"[{'V'}, {'U'}, {'U'}, {'V'}]",0.305296560159383,116,0.8852913968547641,0.9020696794431918,5050
"[{'W'}, {'V'}, {'V'}, {'O'}]",0.30524898645286436,114,0.8853125,0.9020696794431918,5050
"[{'Z'}, {'M'}, {'V'}, {'O'}]",0.3052300823995848,119,0.8855285472018088,0.9020696794431918,5050
"[{'W'}, {'V'}, {'Z'}, {'U'}]",0.3052300823995848,119,0.8855285472018088,0.9020696794431918,5050
"[{'M'}, {'Z'}, {'P'}, {'P'}]",0.3052075331091507,117,0.8855029585798816,0.9020696794431918,5050
"[{'T'}, {'N'}, {'P'}, {'O'}]",0.3052046235657626,110,0.8852513227513227,0.9020696794431918,5050
"[{'X'}, {'U'}, {'U'}, {'N'}]",0.305195062056268,107,0.8851540616246498,0.9020696794431918,5050
"[{'V'}, {'Z'}, {'O'}, {'P'}]",0.30519038238945073,118,0.8855721393034827,0.9020696794431918,5050
"[{'W'}, {'X'}, {'O'}, {'Z'}]",0.3051867221038266,121,0.8856825749167592,0.9020696794431918,5050
"[{'N'}, {'V'}, {'P'}, {'X'}]",0.30518164969475836,116,0.8855188819506392,0.9020696794431918,5050
"[{'W'}, {'X'}, {'P'}, {'X'}]",0.3051811053530191,126,0.8858585858585859,0.9020696794431918,5050
"[{'Z'}, {'W'}, {'U'}, {'X'}]",0.3051691654041464,108,0.8852459016393442,0.9020696794431918,5050
"[{'M'}, {'V'}, {'T'}, {'M'}]",0.30516015313461065,118,0.8856321839080459,0.9020696794431918,5050
"[{'W'}, {'M'}, {'W'}, {'T'}]",0.3051521163873342,117,0.8856132075471699,0.9020696794431918,5050
"[{'P'}, {'V'}, {'N'}, {'V'}]",0.3051407836056502,105,0.8851851851851852,0.9020696794431918,5050
"[{'T'}, {'M'}, {'M'}, {'W'}]",0.30513227486870587,114,0.885545905707196,0.9020696794431918,5050
"[{'W'}, {'P'}, {'W'}, {'Z'}]",0.30513008830271104,98,0.8849137931034482,0.9020696794431918,5050
"[{'M'}, {'Z'}, {'Y'}, {'M'}]",0.3051195398156552,102,0.8851063829787235,0.9020696794431918,5050
"[{'T'}, {'Y'}, {'V'}, {'O'}]",0.30510549795758546,105,0.8852578068264342,0.9020696794431918,5050
"[{'O'}, {'X'}, {'W'}, {'X'}]",0.30509802411924913,137,0.8863539445628998,0.9020696794431918,5050
"[{'M'}, {'U'}, {'P'}, {'U'}]",0.30509659065548644,123,0.8859275053304904,0.9020696794431918,5050
"[{'U'}, {'Z'}, {'M'}, {'T'}]",0.30508917276469205,117,0.885739333722969,0.9020696794431918,5050
"[{'T'}, {'Y'}, {'M'}, {'V'}]",0.30508792556648334,121,0.8858784893267652,0.9020696794431918,5050
"[{'X'}, {'P'}, {'Y'}, {'O'}]",0.3050751408094864,127,0.8860984271943175,0.9020696794431918,5050
"[{'Z'}, {'M'}, {'N'}, {'V'}]",0.305063140093086,124,0.8860265417642467,0.9020696794431918,5050
"[{'V'}, {'Y'}, {'M'}, {'P'}]",0.3050621756977818,104,0.8853073463268365,0.9020696794431918,5050
"[{'U'}, {'Y'}, {'P'}, {'T'}]",0.30505402380748736,118,0.8858447488584476,0.9020696794431918,5050
"[{'O'}, {'M'}, {'W'}, {'T'}]",0.3050453435465227,115,0.8857575757575757,0.9020696794431918,5050
"[{'Y'}, {'O'}, {'X'}, {'O'}]",0.30504207180520027,110,0.8855820105820105,0.9020696794431918,5050
"[{'T'}, {'P'}, {'P'}, {'M'}]",0.30504207180520027,110,0.8855820105820106,0.9020696794431918,5050
"[{'Y'}, {'O'}, {'V'}, {'Z'}]",0.30503153907914815,122,0.8860244233378561,0.9020696794431918,5050
"[{'T'}, {'M'}, {'O'}, {'Z'}]",0.3050244193785677,107,0.8855042016806722,0.9020696794431918,5050
"[{'W'}, {'U'}, {'Y'}, {'X'}]",0.3050008458201652,118,0.8859523125538639,0.9020696794431918,5050
"[{'Y'}, {'M'}, {'O'}, {'U'}]",0.3049963124850419,110,0.8856763044200732,0.9020696794431918,5050
"[{'T'}, {'Y'}, {'M'}, {'Z'}]",0.30499332305415927,124,0.8861660079051382,0.9020696794431918,5050
"[{'Z'}, {'V'}, {'M'}, {'T'}]",0.3049774351505208,124,0.8861979166666667,0.9020696794431918,5050
"[{'Z'}, {'O'}, {'V'}, {'V'}]",0.30497698767921344,130,0.8863851992409867,0.9020696794431918,5050
"[{'X'}, {'W'}, {'M'}, {'U'}]",0.3049754365719891,125,0.8862337662337663,0.9020696794431918,5050
"[{'Z'}, {'W'}, {'Y'}, {'T'}]",0.30497482328434056,108,0.8856456043956044,0.9020696794431918,5050
"[{'P'}, {'Y'}, {'N'}, {'X'}]",0.3049744201105469,119,0.8860398860398861,0.9020696794431918,5050
"[{'W'}, {'U'}, {'U'}, {'T'}]",0.3049696543806443,120,0.8860830527497194,0.9020696794431918,5050
"[{'O'}, {'V'}, {'U'}, {'W'}]",0.30494753422030463,127,0.8863523573200993,0.9020696794431918,5050
"[{'M'}, {'M'}, {'W'}, {'N'}]",0.3049350731367939,134,0.8865864527629234,0.9020696794431918,5050
"[{'W'}, {'T'}, {'Y'}, {'U'}]",0.30490949995908934,107,0.8857442348008386,0.9020696794431918,5050
"[{'P'}, {'T'}, {'M'}, {'U'}]",0.3049043774755674,108,0.8857929136566908,0.9020696794431918,5050
"[{'T'}, {'T'}, {'T'}, {'X'}]",0.3048971172670083,121,0.8862637362637362,0.9020696794431918,5050
"[{'Y'}, {'X'}, {'M'}, {'Z'}]",0.304886622788374,116,0.8861177884615384,0.9020696794431918,5050
"[{'X'}, {'O'}, {'N'}, {'W'}]",0.304882928006561,131,0.8866028708133972,0.9020696794431918,5050
"[{'Z'}, {'N'}, {'U'}, {'V'}]",0.30487549856775853,103,0.8856603773584906,0.9020696794431918,5050
"[{'V'}, {'T'}, {'U'}, {'O'}]",0.3048722969389541,116,0.8861474435196195,0.9020696794431918,5050
"[{'M'}, {'W'}, {'P'}, {'O'}]",0.30487152514031923,108,0.8858620689655172,0.9020696794431918,5050
"[{'U'}, {'Z'}, {'V'}, {'M'}]",0.30483334520391736,115,0.8861940298507462,0.9020696794431918,5050
"[{'P'}, {'X'}, {'V'}, {'P'}]",0.3048264142372138,114,0.8861738323538509,0.9020696794431918,5050
"[{'Z'}, {'T'}, {'M'}, {'N'}]",0.3048140455900529,107,0.8859463276836158,0.9020696794431918,5050
"[{'U'}, {'N'}, {'U'}, {'T'}]",0.3048136812722786,124,0.8865306122448979,0.9020696794431918,5050
"[{'M'}, {'M'}, {'T'}, {'Y'}]",0.30481158517299534,108,0.885989010989011,0.9020696794431918,5050
"[{'Z'}, {'V'}, {'W'}, {'P'}]",0.3047760320019487,121,0.8865131578947368,0.9020696794431918,5050
"[{'M'}, {'U'}, {'Y'}, {'P'}]",0.3047760320019487,121,0.8865131578947368,0.9020696794431918,5050
"[{'W'}, {'Z'}, {'T'}, {'Y'}]",0.3047669530858489,132,0.8868663594470046,0.9020696794431918,5050
"[{'T'}, {'T'}, {'M'}, {'U'}]",0.30476025837928056,113,0.8862781954887218,0.9020696794431918,5050
"[{'W'}, {'X'}, {'V'}, {'M'}]",0.30473317310707326,122,0.8866341991341992,0.9020696794431918,5050
"[{'X'}, {'W'}, {'Y'}, {'T'}]",0.30473317310707326,122,0.8866341991341992,0.9020696794431918,5050
"[{'N'}, {'T'}, {'V'}, {'P'}]",0.30472774479659104,125,0.8867389060887514,0.9020696794431918,5050
"[{'M'}, {'T'}, {'V'}, {'T'}]",0.304713301142747,113,0.8863779033270558,0.9020696794431918,5050
"[{'P'}, {'X'}, {'V'}, {'M'}]",0.30470456911214516,106,0.8861439312567132,0.9020696794431918,5050
"[{'T'}, {'M'}, {'P'}, {'M'}]",0.3046979498154433,101,0.8859649122807017,0.9020696794431918,5050
"[{'T'}, {'T'}, {'W'}, {'W'}]",0.30469373387146137,115,0.8864881314668289,0.9020696794431918,5050
"[{'P'}, {'Y'}, {'V'}, {'V'}]",0.3046728705109061,113,0.8864642631246046,0.9020696794431918,5050
"[{'P'}, {'M'}, {'W'}, {'T'}]",0.30466642825447054,112,0.8864433811802233,0.9020696794431918,5050
"[{'X'}, {'W'}, {'M'}, {'P'}]",0.30465345834908153,123,0.886832363828662,0.9020696794431918,5050
"[{'W'}, {'O'}, {'W'}, {'W'}]",0.30464517669790314,121,0.8867872807017544,0.9020696794431918,5050
"[{'Y'}, {'Z'}, {'O'}, {'T'}]",0.30464466593160056,140,0.8873355263157895,0.9020696794431918,5050
"[{'U'}, {'O'}, {'U'}, {'M'}]",0.3046063781229791,116,0.8867082961641392,0.9020696794431918,5050
"[{'N'}, {'V'}, {'Y'}, {'T'}]",0.3046044876893391,122,0.8869047619047619,0.9020696794431918,5050
"[{'X'}, {'X'}, {'X'}, {'V'}]",0.3045981690488766,142,0.8874824191279888,0.9020696794431918,5050
"[{'P'}, {'M'}, {'X'}, {'T'}]",0.30459079974923564,95,0.8859570661896243,0.9020696794431918,5050
"[{'Y'}, {'Z'}, {'V'}, {'T'}]",0.30458905007812553,127,0.8870887337986042,0.9020696794431918,5050
"[{'X'}, {'U'}, {'N'}, {'U'}]",0.30457954971041457,129,0.8871670702179177,0.9020696794431918,5050
"[{'P'}, {'U'}, {'U'}, {'V'}]",0.3045710762217769,124,0.8870370370370371,0.9020696794431918,5050
"[{'U'}, {'P'}, {'M'}, {'W'}]",0.30456538905571506,126,0.8871090770404272,0.9020696794431918,5050
"[{'N'}, {'P'}, {'O'}, {'U'}]",0.3045194826888721,112,0.8867623604465711,0.9020696794431918,5050
"[{'U'}, {'X'}, {'T'}, {'X'}]",0.30451884646051386,136,0.8874889478337754,0.9020696794431918,5050
"[{'Z'}, {'X'}, {'N'}, {'P'}]",0.304488983370544,123,0.8871822033898304,0.9020696794431918,5050
"[{'Y'}, {'T'}, {'U'}, {'M'}]",0.30444038058860046,97,0.8863829787234042,0.9020696794431918,5050
"[{'Y'}, {'M'}, {'V'}, {'M'}]",0.3044074742070515,102,0.8866537717601548,0.9020696794431918,5050
"[{'X'}, {'X'}, {'V'}, {'T'}]",0.3043897716214621,123,0.8873972602739726,0.9020696794431918,5050
"[{'Y'}, {'W'}, {'X'}, {'Y'}]",0.3043620075248308,131,0.8876863876863876,0.9020696794431918,5050
"[{'N'}, {'W'}, {'W'}, {'M'}]",0.3043333243057649,109,0.8870748299319728,0.9020696794431918,5050
"[{'T'}, {'Y'}, {'M'}, {'W'}]",0.30433314742705386,107,0.887005649717514,0.9020696794431918,5050
"[{'Y'}, {'Y'}, {'T'}, {'M'}]",0.3043294492852543,113,0.887218045112782,0.9020696794431918,5050
"[{'X'}, {'X'}, {'V'}, {'P'}]",0.30432352036007126,138,0.887954593231028,0.9020696794431918,5050
"[{'M'}, {'T'}, {'T'}, {'Z'}]",0.3043136176593805,108,0.887085137085137,0.9020696794431918,5050
"[{'M'}, {'W'}, {'O'}, {'T'}]",0.30428540920408453,114,0.8873499538319483,0.9020696794431918,5050
"[{'X'}, {'P'}, {'T'}, {'V'}]",0.30428182263086967,134,0.8879407141253088,0.9020696794431918,5050
"[{'U'}, {'T'}, {'V'}, {'P'}]",0.3042779549164032,105,0.8870614035087719,0.9020696794431918,5050
"[{'W'}, {'X'}, {'U'}, {'Y'}]",0.3042606169214138,122,0.8876526458616011,0.9020696794431918,5050
"[{'M'}, {'W'}, {'Y'}, {'U'}]",0.3042454987023514,108,0.8872413793103449,0.9020696794431918,5050
"[{'O'}, {'P'}, {'M'}, {'Y'}]",0.3042329887178843,110,0.8873379860418744,0.9020696794431918,5050
"[{'V'}, {'P'}, {'T'}, {'W'}]",0.30422859679189096,109,0.8873144399460189,0.9020696794431918,5050
"[{'P'}, {'P'}, {'V'}, {'V'}]",0.30421901441082744,112,0.887436224489796,0.9020696794431918,5050
"[{'Z'}, {'T'}, {'W'}, {'P'}]",0.3042025127440605,129,0.8879807692307693,0.9020696794431918,5050
"[{'W'}, {'X'}, {'P'}, {'U'}]",0.30418186642903644,107,0.8873546511627907,0.9020696794431918,5050
"[{'W'}, {'M'}, {'P'}, {'V'}]",0.30417987703947147,120,0.887774993038151,0.9020696794431918,5050
"[{'T'}, {'N'}, {'O'}, {'U'}]",0.3041780164094994,119,0.8877492877492877,0.9020696794431918,5050
"[{'M'}, {'T'}, {'N'}, {'O'}]",0.3041754681466955,114,0.8876006441223833,0.9020696794431918,5050
"[{'T'}, {'P'}, {'P'}, {'X'}]",0.3041727401804539,117,0.8877005347593583,0.9020696794431918,5050
"[{'M'}, {'T'}, {'T'}, {'U'}]",0.3041710574651497,125,0.8879399585921326,0.9020696794431918,5050
"[{'U'}, {'P'}, {'N'}, {'V'}]",0.3041458665451925,132,0.8881871345029241,0.9020696794431918,5050
"[{'V'}, {'X'}, {'O'}, {'O'}]",0.30413865449512234,111,0.8875893437296946,0.9020696794431918,5050
"[{'N'}, {'M'}, {'U'}, {'V'}]",0.30413454667415096,110,0.8875661375661377,0.9020696794431918,5050
"[{'X'}, {'M'}, {'N'}, {'O'}]",0.30412527029885517,110,0.8875878220140515,0.9020696794431918,5050
"[{'Y'}, {'O'}, {'M'}, {'T'}]",0.3041002478833119,131,0.888262910798122,0.9020696794431918,5050
"[{'Y'}, {'T'}, {'M'}, {'X'}]",0.30407937724558876,123,0.8880914407230196,0.9020696794431918,5050
"[{'T'}, {'W'}, {'V'}, {'U'}]",0.30407243649360804,124,0.888135593220339,0.9020696794431918,5050
"[{'M'}, {'Y'}, {'X'}, {'U'}]",0.3040607917882415,116,0.8879284649776453,0.9020696794431918,5050
"[{'P'}, {'V'}, {'Y'}, {'O'}]",0.3040540043692801,119,0.8880341880341881,0.9020696794431918,5050
"[{'U'}, {'Y'}, {'W'}, {'V'}]",0.30405196291715664,123,0.8881544156530936,0.9020696794431918,5050
"[{'P'}, {'X'}, {'X'}, {'X'}]",0.3040437487715463,140,0.8886158886158886,0.9020696794431918,5050
"[{'M'}, {'T'}, {'O'}, {'M'}]",0.304033098171682,127,0.8883084577114427,0.9020696794431918,5050
"[{'O'}, {'N'}, {'U'}, {'N'}]",0.3040276323797486,124,0.8882385730211817,0.9020696794431918,5050
"[{'T'}, {'W'}, {'M'}, {'N'}]",0.3040080300243957,128,0.8883928571428571,0.9020696794431918,5050
"[{'Y'}, {'V'}, {'M'}, {'T'}]",0.3039856733155021,121,0.8882513661202186,0.9020696794431918,5050
"[{'M'}, {'V'}, {'P'}, {'V'}]",0.3039591380797304,124,0.8883975026014568,0.9020696794431918,5050
"[{'P'}, {'O'}, {'U'}, {'X'}]",0.3039471040283198,112,0.8880739795918368,0.9020696794431918,5050
"[{'Z'}, {'V'}, {'V'}, {'T'}]",0.30393248430333375,119,0.8883190883190883,0.9020696794431918,5050
"[{'U'}, {'X'}, {'T'}, {'Z'}]",0.303928028669763,126,0.8885245901639345,0.9020696794431918,5050
"[{'X'}, {'Z'}, {'W'}, {'O'}, {'X'}]",0.3039088863657984,20,0.7878787878787878,0.9020696794431918,5050
"[{'U'}, {'O'}, {'N'}, {'X'}]",0.30390716807090545,116,0.8882915173237753,0.9020696794431918,5050
"[{'T'}, {'Y'}, {'Z'}, {'U'}]",0.3038935324854334,104,0.8879437869822485,0.9020696794431918,5050
"[{'V'}, {'T'}, {'T'}, {'N'}]",0.3038824883995379,109,0.888135593220339,0.9020696794431918,5050
"[{'X'}, {'X'}, {'M'}, {'Z'}]",0.3038730928379797,125,0.8886268343815514,0.9020696794431918,5050
"[{'O'}, {'U'}, {'N'}, {'U'}]",0.3038545700019979,123,0.8886165577342048,0.9020696794431918,5050
"[{'Z'}, {'P'}, {'V'}, {'P'}]",0.303838817512486,132,0.8888888888888888,0.9020696794431918,5050
"[{'U'}, {'W'}, {'M'}, {'W'}]",0.30382906117372976,118,0.8885377765010054,0.9020696794431918,5050
"[{'T'}, {'U'}, {'M'}, {'M'}]",0.3038257972145365,113,0.8883984867591425,0.9020696794431918,5050
"[{'W'}, {'M'}, {'M'}, {'T'}]",0.3038067156370766,129,0.8888888888888888,0.9020696794431918,5050
"[{'T'}, {'V'}, {'T'}, {'X'}, {'N'}]",0.3038007368015271,29,0.7980769230769231,0.9020696794431918,5050
"[{'M'}, {'P'}, {'T'}, {'Z'}]",0.3037883473554065,124,0.8888020833333333,0.9020696794431918,5050
"[{'U'}, {'M'}, {'V'}, {'Y'}]",0.30378376677540075,131,0.8889938592347663,0.9020696794431918,5050
"[{'Y'}, {'X'}, {'P'}, {'X'}]",0.30375086719343947,130,0.8890472796388692,0.9020696794431918,5050
"[{'M'}, {'Z'}, {'U'}, {'V'}]",0.30375066864620026,95,0.8879855465221319,0.9020696794431918,5050
"[{'P'}, {'T'}, {'W'}, {'T'}]",0.30374438428489614,109,0.8884770889487871,0.9020696794431918,5050
"[{'T'}, {'V'}, {'Y'}, {'Y'}]",0.3037418276673268,132,0.8891184573002755,0.9020696794431918,5050
"[{'V'}, {'U'}, {'Y'}, {'Y'}]",0.30372066252612284,120,0.8888580161155876,0.9020696794431918,5050
"[{'V'}, {'U'}, {'O'}, {'U'}]",0.3037177965106006,109,0.888543823326432,0.9020696794431918,5050
"[{'U'}, {'O'}, {'M'}, {'O'}]",0.30370366445913133,97,0.8881802721088435,0.9020696794431918,5050
"[{'P'}, {'M'}, {'Z'}, {'Y'}]",0.3036979463560019,113,0.8887147335423197,0.9020696794431918,5050
"[{'V'}, {'U'}, {'V'}, {'W'}]",0.30368750456214144,117,0.8888563049853373,0.9020696794431918,5050
"[{'U'}, {'V'}, {'X'}, {'O'}]",0.30368750456214144,117,0.8888563049853372,0.9020696794431918,5050
"[{'T'}, {'T'}, {'M'}, {'M'}]",0.30364842108383827,117,0.8889538281706605,0.9020696794431918,5050
"[{'X'}, {'N'}, {'U'}, {'V'}]",0.30364594291663605,124,0.8891491022638564,0.9020696794431918,5050
"[{'V'}, {'X'}, {'P'}, {'N'}]",0.30364523665572496,123,0.8891246684350133,0.9020696794431918,5050
"[{'P'}, {'U'}, {'T'}, {'W'}]",0.3036233725798817,125,0.8892307692307693,0.9020696794431918,5050
"[{'T'}, {'U'}, {'Y'}, {'V'}]",0.3036233725798817,125,0.8892307692307693,0.9020696794431918,5050
"[{'X'}, {'W'}, {'N'}, {'P'}]",0.30362208595154605,125,0.8892339544513457,0.9020696794431918,5050
"[{'P'}, {'U'}, {'T'}, {'P'}]",0.3036151826885952,91,0.8881922675026124,0.9020696794431918,5050
"[{'U'}, {'O'}, {'P'}, {'M'}]",0.3036135025056669,102,0.8885869565217391,0.9020696794431918,5050
"[{'W'}, {'M'}, {'T'}, {'N'}]",0.30361309966184724,102,0.8885880077369439,0.9020696794431918,5050
"[{'O'}, {'P'}, {'N'}, {'M'}]",0.30360393407249875,96,0.8884064264003474,0.9020696794431918,5050
"[{'T'}, {'Z'}, {'W'}, {'M'}]",0.3035954927449269,118,0.8891146589259797,0.9020696794431918,5050
"[{'V'}, {'Y'}, {'V'}, {'V'}]",0.3035912649184468,103,0.8886778115501519,0.9020696794431918,5050
"[{'Z'}, {'P'}, {'P'}, {'T'}]",0.3035796450258498,110,0.8889260622281699,0.9020696794431918,5050
"[{'O'}, {'W'}, {'W'}, {'M'}]",0.3035709757258488,120,0.8892307692307693,0.9020696794431918,5050
"[{'T'}, {'Z'}, {'W'}, {'T'}]",0.30357018087303,122,0.8892857142857142,0.9020696794431918,5050
"[{'M'}, {'Z'}, {'M'}, {'X'}]",0.3035054080626439,133,0.8897192028985508,0.9020696794431918,5050
"[{'T'}, {'M'}, {'T'}, {'N'}]",0.3034990879061077,102,0.888888888888889,0.9020696794431918,5050
"[{'U'}, {'P'}, {'M'}, {'X'}]",0.30349373004679736,115,0.8892921960072595,0.9020696794431918,5050
"[{'P'}, {'T'}, {'M'}, {'X'}]",0.30348481918331816,98,0.8887949260042283,0.9020696794431918,5050
"[{'T'}, {'P'}, {'M'}, {'P'}]",0.3034844269311182,98,0.8887959866220736,0.9020696794431918,5050
"[{'P'}, {'Z'}, {'W'}, {'V'}]",0.30345398689020486,116,0.889423076923077,0.9020696794431918,5050
"[{'U'}, {'Z'}, {'Z'}, {'P'}]",0.3034397861502669,108,0.8892328861369109,0.9020696794431918,5050
"[{'Y'}, {'N'}, {'M'}, {'P'}]",0.30343023419420057,104,0.8891369047619048,0.9020696794431918,5050
"[{'U'}, {'Y'}, {'Z'}, {'N'}]",0.30342547180335233,100,0.8890224358974359,0.9020696794431918,5050
"[{'Y'}, {'M'}, {'Y'}, {'W'}]",0.3034127194132056,105,0.8892149669845928,0.9020696794431918,5050
"[{'M'}, {'V'}, {'P'}, {'T'}]",0.30341124717218326,129,0.8898635477582846,0.9020696794431918,5050
"[{'T'}, {'N'}, {'Y'}, {'X'}]",0.3034022153731274,127,0.8898390342052314,0.9020696794431918,5050
"[{'M'}, {'P'}, {'T'}, {'O'}]",0.3033724114481201,134,0.8900780379041248,0.9020696794431918,5050
"[{'T'}, {'Z'}, {'T'}, {'P'}]",0.30336823207904295,130,0.8899976241387504,0.9020696794431918,5050
"[{'N'}, {'U'}, {'M'}, {'X'}]",0.3033566053412142,111,0.8895424836601308,0.9020696794431918,5050
"[{'X'}, {'M'}, {'W'}, {'W'}]",0.30334597153347065,113,0.8896268184693232,0.9020696794431918,5050
"[{'T'}, {'U'}, {'N'}, {'U'}]",0.3033435121636533,116,0.8897146254458976,0.9020696794431918,5050
"[{'U'}, {'T'}, {'N'}, {'Y'}]",0.30333743169452587,135,0.8901900132567389,0.9020696794431918,5050
"[{'Y'}, {'M'}, {'X'}, {'W'}]",0.3033358886465011,116,0.8897349984770027,0.9020696794431918,5050
"[{'T'}, {'M'}, {'Z'}, {'T'}]",0.3033282650691451,109,0.8895622895622896,0.9020696794431918,5050
"[{'Y'}, {'N'}, {'T'}, {'M'}]",0.303325954177755,101,0.8893280632411067,0.9020696794431918,5050
"[{'W'}, {'U'}, {'Y'}, {'T'}]",0.30330972399947065,129,0.890126582278481,0.9020696794431918,5050
"[{'O'}, {'V'}, {'M'}, {'Y'}]",0.30329866408519013,98,0.889308176100629,0.9020696794431918,5050
"[{'Y'}, {'M'}, {'X'}, {'V'}]",0.30328662450036015,109,0.8896761133603238,0.9020696794431918,5050
"[{'Z'}, {'Y'}, {'P'}, {'T'}]",0.3032766683418998,116,0.889894419306184,0.9020696794431918,5050
"[{'Z'}, {'T'}, {'P'}, {'V'}]",0.30327144200792444,120,0.8900112233445566,0.9020696794431918,5050
"[{'Z'}, {'O'}, {'P'}, {'P'}]",0.30327039985680115,126,0.8901601830663616,0.9020696794431918,5050
"[{'W'}, {'M'}, {'U'}, {'Z'}]",0.30326215568795334,110,0.8897715988083416,0.9020696794431918,5050
"[{'T'}, {'M'}, {'O'}, {'Y'}]",0.3032487838225123,101,0.8895440251572326,0.9020696794431918,5050
"[{'U'}, {'W'}, {'P'}, {'V'}]",0.3032366065098471,117,0.8900293255131965,0.9020696794431918,5050
"[{'P'}, {'U'}, {'M'}, {'V'}]",0.30322448074332486,123,0.8902116402116402,0.9020696794431918,5050
"[{'T'}, {'X'}, {'Z'}, {'W'}]",0.30322180987563874,126,0.8902900378310213,0.9020696794431918,5050
"[{'M'}, {'M'}, {'P'}, {'Z'}]",0.30321582829723326,126,0.8903061224489796,0.9020696794431918,5050
"[{'Y'}, {'M'}, {'P'}, {'Y'}]",0.30321374323470573,113,0.8899872448979592,0.9020696794431918,5050
"[{'Y'}, {'V'}, {'M'}, {'Y'}]",0.30320297525566187,108,0.8898799313893653,0.9020696794431918,5050
"[{'W'}, {'P'}, {'W'}, {'P'}]",0.3031935917095515,112,0.8900163666121114,0.9020696794431918,5050
"[{'T'}, {'Y'}, {'N'}, {'W'}]",0.30318308760990664,104,0.8898208158597025,0.9020696794431918,5050
"[{'T'}, {'V'}, {'N'}, {'M'}]",0.3031740680352898,114,0.8901238488409019,0.9020696794431918,5050
"[{'Y'}, {'V'}, {'M'}, {'P'}]",0.3031734960822303,111,0.8900455432661029,0.9020696794431918,5050
"[{'X'}, {'M'}, {'W'}, {'X'}]",0.30317209761308705,140,0.8907271241830066,0.9020696794431918,5050
"[{'M'}, {'Y'}, {'M'}, {'T'}]",0.303156231743715,118,0.8902757619738751,0.9020696794431918,5050
"[{'Z'}, {'W'}, {'T'}, {'N'}]",0.303156231743715,118,0.8902757619738751,0.9020696794431918,5050
"[{'X'}, {'O'}, {'V'}, {'M'}, {'Z'}]",0.3031546663291197,23,0.7923076923076923,0.9020696794431918,5050
"[{'T'}, {'P'}, {'N'}, {'M'}]",0.30314703740801874,103,0.889894419306184,0.9020696794431918,5050
"[{'V'}, {'U'}, {'U'}, {'W'}]",0.3031394812214685,137,0.890752688172043,0.9020696794431918,5050
"[{'Z'}, {'P'}, {'W'}, {'Y'}]",0.30313129992688637,125,0.8905128205128204,0.9020696794431918,5050
"[{'W'}, {'T'}, {'M'}, {'N'}]",0.3030978080037955,111,0.8902597402597403,0.9020696794431918,5050
"[{'U'}, {'U'}, {'M'}, {'W'}]",0.3030831606651305,126,0.8906687007373506,0.9020696794431918,5050
"[{'U'}, {'M'}, {'T'}, {'M'}]",0.3030823889950084,108,0.8902229845626072,0.9020696794431918,5050
"[{'P'}, {'M'}, {'P'}, {'W'}]",0.3030643947680448,110,0.8903290129611167,0.9020696794431918,5050
"[{'T'}, {'U'}, {'P'}, {'N'}]",0.30305003484958903,119,0.8905982905982905,0.9020696794431918,5050
"[{'T'}, {'M'}, {'M'}, {'T'}]",0.30304861694830976,115,0.8905038759689923,0.9020696794431918,5050
"[{'O'}, {'M'}, {'P'}, {'U'}]",0.303047268810992,100,0.890096618357488,0.9020696794431918,5050
"[{'T'}, {'X'}, {'T'}, {'N'}]",0.3030468036103262,113,0.8904582548650345,0.9020696794431918,5050
"[{'O'}, {'Z'}, {'Z'}, {'T'}]",0.3030429263669878,103,0.8901975683890577,0.9020696794431918,5050
"[{'M'}, {'X'}, {'O'}, {'U'}]",0.3030342639264135,127,0.890827517447657,0.9020696794431918,5050
"[{'M'}, {'U'}, {'T'}, {'X'}]",0.3030179881088485,136,0.8910632746249185,0.9020696794431918,5050
"[{'Y'}, {'P'}, {'O'}, {'T'}]",0.3030045222124287,125,0.8908668730650154,0.9020696794431918,5050
"[{'U'}, {'W'}, {'W'}, {'W'}]",0.3029994935840449,125,0.8908811475409836,0.9020696794431918,5050
"[{'W'}, {'U'}, {'W'}, {'M'}]",0.3029943312794121,121,0.8908045977011494,0.9020696794431918,5050
"[{'M'}, {'P'}, {'W'}, {'Z'}]",0.3029711874919615,122,0.8908941755537326,0.9020696794431918,5050
"[{'V'}, {'T'}, {'P'}, {'W'}]",0.30296384515530494,116,0.8907738095238095,0.9020696794431918,5050
"[{'N'}, {'X'}, {'N'}, {'X'}]",0.3029329325394242,107,0.8906359189378057,0.9020696794431918,5050
"[{'M'}, {'N'}, {'M'}, {'T'}]",0.30293157098678725,152,0.8916003536693192,0.9020696794431918,5050
"[{'Z'}, {'V'}, {'N'}, {'W'}]",0.30292294753119875,132,0.8912491341491572,0.9020696794431918,5050
"[{'X'}, {'Z'}, {'O'}, {'Y'}]",0.3029146608236837,135,0.8913333333333333,0.9020696794431918,5050
"[{'M'}, {'V'}, {'P'}, {'W'}]",0.30291323262023795,117,0.8909465020576132,0.9020696794431918,5050
"[{'N'}, {'P'}, {'M'}, {'M'}]",0.3029068698470272,98,0.8904623073719283,0.9020696794431918,5050
"[{'X'}, {'Y'}, {'O'}, {'Y'}]",0.30289383340492304,136,0.891412502703872,0.9020696794431918,5050
"[{'T'}, {'P'}, {'X'}, {'V'}]",0.30288841349933127,108,0.8907967032967032,0.9020696794431918,5050
"[{'M'}, {'Y'}, {'N'}, {'U'}]",0.3028678698073213,121,0.8911732456140351,0.9020696794431918,5050
"[{'P'}, {'Z'}, {'M'}, {'W'}]",0.3028663460368678,110,0.8909151193633952,0.9020696794431918,5050
"[{'V'}, {'Y'}, {'T'}, {'W'}]",0.3028654242105592,115,0.8910411622276029,0.9020696794431918,5050
"[{'M'}, {'M'}, {'W'}, {'Z'}]",0.30284920639273794,132,0.8914619883040935,0.9020696794431918,5050
"[{'P'}, {'M'}, {'M'}, {'T'}]",0.3028430899687512,107,0.890909090909091,0.9020696794431918,5050
"[{'U'}, {'M'}, {'O'}, {'Y'}]",0.30283260651541244,104,0.8908620051794303,0.9020696794431918,5050
"[{'W'}, {'P'}, {'Y'}, {'Z'}]",0.3028314026160738,102,0.8908112264513648,0.9020696794431918,5050
"[{'U'}, {'P'}, {'V'}, {'O'}]",0.30282759634540735,117,0.8912023460410557,0.9020696794431918,5050
"[{'P'}, {'O'}, {'O'}, {'Z'}]",0.3028268196438635,125,0.8913828689370484,0.9020696794431918,5050
"[{'O'}, {'M'}, {'N'}, {'V'}]",0.3028267592738051,123,0.8913398692810458,0.9020696794431918,5050
"[{'Z'}, {'O'}, {'V'}, {'O'}]",0.3028254731956731,139,0.8916666666666667,0.9020696794431918,5050
"[{'Y'}, {'V'}, {'X'}, {'U'}]",0.30282277904388943,102,0.8908382066276802,0.9020696794431918,5050
"[{'T'}, {'W'}, {'M'}, {'W'}]",0.30281749205867303,104,0.890909090909091,0.9020696794431918,5050
"[{'M'}, {'U'}, {'Z'}, {'X'}]",0.3028088358106684,137,0.8916773916773918,0.9020696794431918,5050
"[{'Z'}, {'W'}, {'U'}, {'Y'}]",0.30280855693331354,104,0.8909370199692781,0.9020696794431918,5050
"[{'V'}, {'T'}, {'W'}, {'X'}]",0.30280183403602623,124,0.8914361001317522,0.9020696794431918,5050
"[{'P'}, {'U'}, {'P'}, {'V'}]",0.30280019188058305,123,0.8914194915254237,0.9020696794431918,5050
"[{'Z'}, {'U'}, {'Z'}, {'V'}]",0.30279900030511486,113,0.8911949685534591,0.9020696794431918,5050
"[{'N'}, {'V'}, {'M'}, {'Z'}]",0.30279356889684694,111,0.8911630929174789,0.9020696794431918,5050
"[{'T'}, {'T'}, {'O'}, {'P'}]",0.3027827800864833,100,0.8909090909090909,0.9020696794431918,5050
"[{'W'}, {'T'}, {'O'}, {'U'}]",0.30277191781027113,103,0.891025641025641,0.9020696794431918,5050
"[{'T'}, {'V'}, {'O'}, {'X'}]",0.30276706930674646,112,0.8912695874640231,0.9020696794431918,5050
"[{'Z'}, {'P'}, {'P'}, {'O'}]",0.3027667632405153,118,0.8914105142200517,0.9020696794431918,5050
"[{'O'}, {'Z'}, {'T'}, {'Z'}]",0.30275621121104046,121,0.8915094339622641,0.9020696794431918,5050
"[{'X'}, {'T'}, {'P'}, {'X'}]",0.3027558772493468,138,0.8918518518518519,0.9020696794431918,5050
"[{'W'}, {'M'}, {'P'}, {'T'}]",0.30275392662518064,114,0.8913580246913579,0.9020696794431918,5050
"[{'U'}, {'N'}, {'O'}, {'W'}]",0.3027539266251805,114,0.891358024691358,0.9020696794431918,5050
"[{'Y'}, {'O'}, {'M'}, {'Y'}]",0.3027371262804367,120,0.8915461624026696,0.9020696794431918,5050
"[{'W'}, {'T'}, {'M'}, {'Z'}]",0.3027155642536027,104,0.8912319644839067,0.9020696794431918,5050
"[{'V'}, {'T'}, {'P'}, {'M'}]",0.3027048719459907,119,0.8916242218449348,0.9020696794431918,5050
"[{'M'}, {'T'}, {'N'}, {'U'}, {'V'}]",0.3027018625803406,25,0.7948717948717948,0.9020696794431918,5050
"[{'T'}, {'Z'}, {'Y'}, {'W'}, {'U'}]",0.3027018625803406,25,0.7948717948717948,0.9020696794431918,5050
"[{'T'}, {'V'}, {'Y'}, {'M'}]",0.3026983823725239,131,0.891891891891892,0.9020696794431918,5050
"[{'N'}, {'Y'}, {'T'}, {'X'}]",0.3026900668410807,111,0.8914879792072774,0.9020696794431918,5050
"[{'U'}, {'P'}, {'X'}, {'P'}]",0.3026854755114625,99,0.8911960132890366,0.9020696794431918,5050
"[{'U'}, {'W'}, {'U'}, {'M'}]",0.3026849768784722,106,0.8913817663817664,0.9020696794431918,5050
"[{'T'}, {'T'}, {'M'}, {'X'}]",0.30267323148273195,119,0.8917233560090703,0.9020696794431918,5050
"[{'W'}, {'M'}, {'V'}, {'P'}]",0.30266450154769675,124,0.8918565069389892,0.9020696794431918,5050
"[{'X'}, {'N'}, {'N'}, {'U'}]",0.30265508777036176,115,0.8916923076923077,0.9020696794431918,5050
"[{'Y'}, {'T'}, {'Y'}, {'M'}]",0.302641685941372,112,0.8916666666666666,0.9020696794431918,5050
"[{'W'}, {'Y'}, {'Z'}, {'T'}]",0.3026312937965846,117,0.8918128654970761,0.9020696794431918,5050
"[{'N'}, {'X'}, {'V'}, {'X'}]",0.3026190372669473,127,0.892059553349876,0.9020696794431918,5050
"[{'U'}, {'V'}, {'T'}, {'U'}]",0.302615903196814,115,0.8918181818181818,0.9020696794431918,5050
"[{'T'}, {'P'}, {'V'}, {'U'}]",0.3025990310619272,117,0.8919167176974893,0.9020696794431918,5050
"[{'Z'}, {'U'}, {'T'}, {'Y'}]",0.3025978209507487,111,0.8917861799217732,0.9020696794431918,5050
"[{'O'}, {'Y'}, {'U'}, {'Z'}]",0.30259183310472837,122,0.8920454545454546,0.9020696794431918,5050
"[{'X'}, {'Y'}, {'X'}, {'W'}]",0.3025782792752757,107,0.8917562724014337,0.9020696794431918,5050
"[{'P'}, {'P'}, {'Z'}, {'Z'}]",0.30257673580057776,118,0.8920105355575065,0.9020696794431918,5050
"[{'Y'}, {'O'}, {'X'}, {'M'}]",0.3025723496105279,96,0.8914930555555556,0.9020696794431918,5050
"[{'W'}, {'M'}, {'Z'}, {'P'}]",0.30256840219083414,111,0.8918831168831168,0.9020696794431918,5050
"[{'Z'}, {'N'}, {'M'}, {'W'}]",0.30256839405995717,109,0.8918367346938776,0.9020696794431918,5050
"[{'V'}, {'Y'}, {'P'}, {'T'}]",0.3025650084391305,106,0.8917764328942684,0.9020696794431918,5050
"[{'O'}, {'V'}, {'O'}, {'M'}]",0.30254551251495043,106,0.891842008121078,0.9020696794431918,5050
"[{'U'}, {'N'}, {'N'}, {'V'}]",0.3025277162372193,113,0.892063492063492,0.9020696794431918,5050
"[{'U'}, {'U'}, {'O'}, {'P'}]",0.30251730768442,108,0.891984864121087,0.9020696794431918,5050
"[{'U'}, {'W'}, {'W'}, {'M'}, {'X'}]",0.30232169656191676,29,0.7990196078431372,0.9020696794431918,5050
"[{'T'}, {'Y'}, {'M'}, {'O'}, {'W'}]",0.30153174166703955,21,0.7909090909090909,0.9020696794431918,5050
"[{'O'}, {'Y'}, {'M'}, {'W'}, {'M'}]",0.30117704249572685,23,0.7936507936507937,0.9020696794431918,5050
"[{'M'}, {'M'}, {'P'}, {'N'}, {'T'}]",0.300697183466629,30,0.8009259259259259,0.9020696794431918,5050
"[{'U'}, {'X'}, {'N'}, {'T'}, {'Z'}]",0.30048125042940477,26,0.7973856209150327,0.9020696794431918,5050
"[{'O'}, {'W'}, {'Y'}, {'N'}, {'X'}]",0.3001309686070801,26,0.7976190476190477,0.9020696794431918,5050
"[{'X'}, {'V'}, {'Z'}, {'X'}, {'P'}]",0.2983462562154414,26,0.7988165680473372,0.9020696794431918,5050
"[{'V'}, {'T'}, {'N'}, {'U'}, {'U'}]",0.29813521287274647,24,0.796875,0.9020696794431918,5050
"[{'M'}, {'T'}, {'Z'}, {'W'}, {'U'}]",0.29802677212553985,27,0.7999999999999999,0.9020696794431918,5050
"[{'W'}, {'X'}, {'N'}, {'V'}, {'P'}]",0.29802677212553974,27,0.8,0.9020696794431918,5050
"[{'M'}, {'T'}, {'Y'}, {'P'}, {'Y'}]",0.29802000446133237,22,0.7946428571428571,0.9020696794431918,5050
"[{'W'}, {'Z'}, {'M'}, {'M'}, {'X'}]",0.2978813245227585,28,0.8010204081632653,0.9020696794431918,5050
"[{'T'}, {'P'}, {'V'}, {'V'}, {'N'}]",0.29769569267176743,22,0.7948717948717949,0.9020696794431918,5050
"[{'O'}, {'X'}, {'W'}, {'M'}, {'V'}]",0.29766052103413077,24,0.7972027972027972,0.9020696794431918,5050
"[{'W'}, {'X'}, {'U'}, {'U'}, {'P'}]",0.29766052103413054,24,0.7972027972027973,0.9020696794431918,5050
"[{'X'}, {'V'}, {'X'}, {'X'}, {'V'}]",0.2969465593950188,31,0.8041666666666667,0.9020696794431918,5050
"[{'M'}, {'O'}, {'T'}, {'T'}, {'P'}]",0.29563795956269123,24,0.798611111111111,0.9020696794431918,5050
"[{'U'}, {'X'}, {'O'}, {'Y'}, {'Z'}]",0.2956379595626911,24,0.7986111111111112,0.9020696794431918,5050
"[{'M'}, {'T'}, {'U'}, {'P'}, {'X'}]",0.2936700780078564,24,0.8,0.9020696794431918,5050
"[{'X'}, {'O'}, {'O'}, {'W'}, {'Z'}]",0.2936700780078564,24,0.8,0.9020696794431918,5050
"[{'V'}, {'V'}, {'Z'}, {'U'}, {'V'}]",0.29288894102929897,25,0.8015873015873016,0.9020696794431918,5050
"[{'Z'}, {'P'}, {'Y'}, {'N'}, {'X'}]",0.2921578806835444,23,0.8,0.9020696794431918,5050
"[{'V'}, {'M'}, {'V'}, {'V'}, {'Y'}]",0.2921578806835444,23,0.8,0.9020696794431918,5050
"[{'P'}, {'O'}, {'P'}, {'T'}, {'X'}]",0.29179192434430157,32,0.8083333333333333,0.9020696794431918,5050
"[{'U'}, {'T'}, {'O'}, {'Y'}, {'O'}]",0.29061243633344835,22,0.8,0.9020696794431918,5050
"[{'T'}, {'M'}, {'O'}, {'Z'}, {'W'}]",0.2903972902217725,28,0.8061224489795918,0.9020696794431918,5050
"[{'M'}, {'V'}, {'X'}, {'U'}, {'N'}]",0.29003335583635226,20,0.797979797979798,0.9020696794431918,5050
"[{'V'}, {'W'}, {'U'}, {'W'}, {'X'}]",0.28982974877738343,26,0.8047337278106508,0.9020696794431918,5050
"[{'Z'}, {'X'}, {'V'}, {'O'}, {'Z'}]",0.2893464640890677,29,0.8076923076923077,0.9020696794431918,5050
"[{'W'}, {'O'}, {'N'}, {'T'}, {'W'}]",0.28873679786655315,28,0.8072916666666667,0.9020696794431918,5050
"[{'N'}, {'O'}, {'T'}, {'W'}, {'Y'}]",0.28846189503691766,28,0.8074866310160427,0.9020696794431918,5050
"[{'V'}, {'X'}, {'U'}, {'U'}, {'Y'}]",0.28840338260900733,22,0.8016528925619835,0.9020696794431918,5050
"[{'P'}, {'Z'}, {'P'}, {'N'}, {'X'}]",0.2878866870233999,24,0.8041958041958042,0.9020696794431918,5050
"[{'V'}, {'U'}, {'N'}, {'M'}, {'Z'}]",0.2878866870233999,24,0.8041958041958042,0.9020696794431918,5050
"[{'O'}, {'W'}, {'Z'}, {'Z'}, {'Y'}]",0.2878866870233998,24,0.8041958041958043,0.9020696794431918,5050
"[{'U'}, {'Z'}, {'Y'}, {'V'}, {'P'}]",0.2878795587055153,25,0.8051948051948051,0.9020696794431918,5050
"[{'N'}, {'Y'}, {'Y'}, {'T'}, {'O'}]",0.28773808533184575,29,0.8088235294117647,0.9020696794431918,5050
"[{'M'}, {'T'}, {'P'}, {'X'}, {'M'}]",0.2868590418262583,23,0.803921568627451,0.9020696794431918,5050
"[{'U'}, {'Y'}, {'M'}, {'M'}, {'T'}]",0.2847632430981044,20,0.8020833333333334,0.9020696794431918,5050
"[{'U'}, {'X'}, {'V'}, {'V'}, {'M'}]",0.2839696608713205,24,0.807142857142857,0.9020696794431918,5050
"[{'V'}, {'Z'}, {'X'}, {'V'}, {'P'}]",0.28396966087132036,24,0.8071428571428572,0.9020696794431918,5050
"[{'M'}, {'M'}, {'U'}, {'W'}, {'X'}]",0.2833034448289423,26,0.8095238095238094,0.9020696794431918,5050
"[{'O'}, {'W'}, {'Y'}, {'O'}, {'W'}]",0.2830254620061019,25,0.8088235294117647,0.9020696794431918,5050
"[{'V'}, {'P'}, {'N'}, {'Y'}, {'V'}]",0.2823442990012205,27,0.8111111111111111,0.9020696794431918,5050
"[{'N'}, {'U'}, {'N'}, {'U'}, {'T'}]",0.28211003617229324,25,0.8095238095238095,0.9020696794431918,5050
"[{'V'}, {'O'}, {'U'}, {'T'}, {'Z'}]",0.2819170997684669,21,0.8055555555555556,0.9020696794431918,5050
"[{'W'}, {'T'}, {'Z'}, {'P'}, {'N'}]",0.2819170997684669,21,0.8055555555555556,0.9020696794431918,5050
"[{'M'}, {'M'}, {'P'}, {'Y'}, {'M'}]",0.2819170997684669,21,0.8055555555555556,0.9020696794431918,5050
"[{'Z'}, {'Z'}, {'U'}, {'V'}, {'N'}]",0.28181569680101015,26,0.8106508875739644,0.9020696794431918,5050
"[{'P'}, {'Z'}, {'O'}, {'W'}, {'O'}]",0.28179080151423785,29,0.8131313131313131,0.9020696794431918,5050
"[{'M'}, {'U'}, {'W'}, {'P'}, {'M'}]",0.28121352717299586,21,0.8061224489795918,0.9020696794431918,5050
"[{'P'}, {'Z'}, {'P'}, {'U'}, {'U'}]",0.2802448299739565,29,0.8142857142857143,0.9020696794431918,5050
"[{'V'}, {'N'}, {'Y'}, {'U'}, {'Z'}]",0.27984256642107197,22,0.8083333333333333,0.9020696794431918,5050
"[{'O'}, {'O'}, {'W'}, {'O'}, {'V'}]",0.27984256642107197,22,0.8083333333333333,0.9020696794431918,5050
"[{'T'}, {'M'}, {'W'}, {'T'}, {'M'}]",0.27964934515642503,23,0.8095238095238095,0.9020696794431918,5050
"[{'Y'}, {'Z'}, {'M'}, {'O'}, {'U'}]",0.27964934515642503,23,0.8095238095238095,0.9020696794431918,5050
"[{'N'}, {'N'}, {'N'}, {'X'}, {'Z'}]",0.27941434818237176,26,0.8125,0.9020696794431918,5050
"[{'U'}, {'X'}, {'V'}, {'T'}, {'Z'}]",0.27932416701013085,25,0.8116883116883117,0.9020696794431918,5050
"[{'X'}, {'Y'}, {'M'}, {'P'}, {'Z'}]",0.27928680339660905,21,0.8076923076923077,0.9020696794431918,5050
"[{'Z'}, {'X'}, {'W'}, {'M'}, {'Y'}]",0.27878709819585246,24,0.8111888111888111,0.9020696794431918,5050
"[{'M'}, {'P'}, {'U'}, {'Z'}, {'Y'}]",0.27878709819585223,24,0.8111888111888113,0.9020696794431918,5050
"[{'Z'}, {'P'}, {'V'}, {'T'}, {'X'}]",0.27878709819585223,24,0.8111888111888113,0.9020696794431918,5050
"[{'W'}, {'X'}, {'M'}, {'Z'}, {'Y'}]",0.2783053847437874,23,0.8106060606060606,0.9020696794431918,5050
"[{'P'}, {'Y'}, {'M'}, {'P'}, {'V'}]",0.2783053847437873,23,0.8106060606060607,0.9020696794431918,5050
"[{'U'}, {'X'}, {'Y'}, {'W'}, {'N'}]",0.27829646315477197,25,0.8125,0.9020696794431918,5050
"[{'M'}, {'O'}, {'M'}, {'N'}, {'O'}]",0.27789908769281224,22,0.8099173553719009,0.9020696794431918,5050
"[{'V'}, {'P'}, {'X'}, {'Y'}, {'P'}]",0.27789908769281224,22,0.8099173553719009,0.9020696794431918,5050
"[{'T'}, {'M'}, {'W'}, {'Z'}, {'W'}]",0.2771559877427213,24,0.8125,0.9020696794431918,5050
"[{'M'}, {'T'}, {'N'}, {'U'}, {'N'}]",0.2771200513612887,29,0.8166666666666668,0.9020696794431918,5050
"[{'T'}, {'X'}, {'V'}, {'P'}, {'M'}]",0.2762946289735352,25,0.8141025641025641,0.9020696794431918,5050
"[{'M'}, {'U'}, {'P'}, {'Y'}, {'M'}]",0.2762946289735352,25,0.8141025641025641,0.9020696794431918,5050
"[{'M'}, {'P'}, {'O'}, {'Z'}, {'V'}]",0.2762934446074764,29,0.8173076923076923,0.9020696794431918,5050
"[{'O'}, {'M'}, {'O'}, {'Y'}, {'P'}]",0.2762934446074763,29,0.8173076923076924,0.9020696794431918,5050
"[{'N'}, {'X'}, {'V'}, {'U'}, {'Y'}]",0.27599149441764836,23,0.8125,0.9020696794431918,5050
"[{'T'}, {'P'}, {'O'}, {'O'}, {'N'}]",0.2754348947575157,22,0.811965811965812,0.9020696794431918,5050
"[{'P'}, {'M'}, {'V'}, {'W'}, {'X'}]",0.2754348947575156,22,0.8119658119658121,0.9020696794431918,5050
"[{'M'}, {'U'}, {'X'}, {'Z'}, {'W'}]",0.2749726947424841,24,0.8142857142857143,0.9020696794431918,5050
"[{'M'}, {'O'}, {'U'}, {'X'}, {'P'}]",0.27484197197706395,28,0.8177083333333334,0.9020696794431918,5050
"[{'V'}, {'T'}, {'X'}, {'W'}, {'Z'}]",0.27480139865367303,22,0.8125,0.9020696794431918,5050
"[{'W'}, {'U'}, {'O'}, {'O'}, {'W'}]",0.27461121717608017,29,0.8186274509803921,0.9020696794431918,5050
"[{'W'}, {'U'}, {'P'}, {'T'}, {'Y'}]",0.2725602871093715,23,0.8153846153846153,0.9020696794431918,5050
"[{'U'}, {'X'}, {'Y'}, {'N'}, {'M'}]",0.27234268606905465,26,0.8181818181818181,0.9020696794431918,5050
"[{'X'}, {'X'}, {'O'}, {'M'}, {'Z'}]",0.27233711947488937,20,0.8125,0.9020696794431918,5050
"[{'P'}, {'O'}, {'O'}, {'W'}, {'V'}]",0.27095243113093614,32,0.8235294117647058,0.9020696794431918,5050
"[{'T'}, {'X'}, {'X'}, {'N'}, {'P'}]",0.27083412047054056,26,0.8194444444444444,0.9020696794431918,5050
"[{'M'}, {'T'}, {'O'}, {'Y'}, {'Z'}]",0.27036175455148814,24,0.8181818181818181,0.9020696794431918,5050
"[{'M'}, {'U'}, {'N'}, {'T'}, {'X'}]",0.26990593606569724,36,0.826625386996904,0.9020696794431918,5050
"[{'W'}, {'Z'}, {'T'}, {'T'}, {'Y'}]",0.26934031373578304,23,0.8181818181818181,0.9020696794431918,5050
"[{'X'}, {'Y'}, {'N'}, {'M'}, {'X'}]",0.26934031373578304,23,0.8181818181818181,0.9020696794431918,5050
"[{'O'}, {'V'}, {'X'}, {'Y'}, {'W'}]",0.26934031373578304,23,0.8181818181818181,0.9020696794431918,5050
"[{'O'}, {'M'}, {'M'}, {'N'}, {'V'}]",0.26934031373578293,23,0.8181818181818182,0.9020696794431918,5050
"[{'O'}, {'X'}, {'P'}, {'Z'}, {'W'}]",0.26923908579290645,25,0.82,0.9020696794431918,5050
"[{'N'}, {'M'}, {'U'}, {'T'}, {'V'}]",0.26864516198397337,32,0.8253968253968254,0.9020696794431918,5050
"[{'O'}, {'V'}, {'P'}, {'M'}, {'Z'}]",0.26829641561996853,22,0.8181818181818181,0.9020696794431918,5050
"[{'Z'}, {'X'}, {'P'}, {'W'}, {'T'}]",0.26829641561996853,22,0.8181818181818181,0.9020696794431918,5050
"[{'U'}, {'V'}, {'X'}, {'N'}, {'O'}]",0.2676294089973992,30,0.8250000000000001,0.9020696794431918,5050
"[{'P'}, {'N'}, {'M'}, {'O'}, {'V'}]",0.2672285104338905,21,0.8181818181818181,0.9020696794431918,5050
"[{'Z'}, {'P'}, {'U'}, {'U'}, {'Z'}]",0.2672285104338904,21,0.8181818181818182,0.9020696794431918,5050
"[{'W'}, {'O'}, {'N'}, {'T'}, {'O'}]",0.26667917962134746,24,0.8214285714285714,0.9020696794431918,5050
"[{'T'}, {'N'}, {'Y'}, {'P'}, {'W'}]",0.26667917962134746,24,0.8214285714285714,0.9020696794431918,5050
"[{'M'}, {'T'}, {'X'}, {'U'}, {'W'}]",0.26621396472565684,27,0.8241758241758241,0.9020696794431918,5050
"[{'V'}, {'M'}, {'P'}, {'Z'}, {'W'}]",0.2662139647256567,27,0.8241758241758242,0.9020696794431918,5050
"[{'P'}, {'W'}, {'Z'}, {'T'}, {'U'}]",0.26611020999507407,26,0.8235294117647058,0.9020696794431918,5050
"[{'P'}, {'O'}, {'P'}, {'N'}, {'Z'}]",0.2657509849576881,22,0.8205128205128205,0.9020696794431918,5050
"[{'M'}, {'O'}, {'M'}, {'X'}, {'V'}]",0.2657509849576881,22,0.8205128205128205,0.9020696794431918,5050
"[{'W'}, {'T'}, {'Z'}, {'N'}, {'T'}]",0.26531021978693015,26,0.8242424242424242,0.9020696794431918,5050
"[{'Z'}, {'T'}, {'T'}, {'Z'}, {'W'}]",0.264770618555508,22,0.8214285714285714,0.9020696794431918,5050
"[{'W'}, {'N'}, {'Z'}, {'V'}, {'M'}]",0.26423595488328966,20,0.8200000000000001,0.9020696794431918,5050
"[{'Y'}, {'N'}, {'V'}, {'O'}, {'Y'}]",0.2636123637727896,31,0.8290598290598291,0.9020696794431918,5050
"[{'X'}, {'X'}, {'M'}, {'T'}, {'U'}]",0.26296240952460526,21,0.8222222222222222,0.9020696794431918,5050
"[{'W'}, {'P'}, {'Y'}, {'O'}, {'T'}]",0.26294633222077624,28,0.8277777777777778,0.9020696794431918,5050
"[{'V'}, {'N'}, {'U'}, {'O'}, {'Z'}]",0.26287920567650247,27,0.8271604938271605,0.9020696794431918,5050
"[{'T'}, {'T'}, {'Y'}, {'V'}, {'O'}]",0.26278492997695346,29,0.8285714285714285,0.9020696794431918,5050
"[{'O'}, {'M'}, {'X'}, {'X'}, {'N'}]",0.262610656090307,24,0.8251748251748252,0.9020696794431918,5050
"[{'W'}, {'Z'}, {'V'}, {'U'}, {'W'}]",0.262610656090307,24,0.8251748251748252,0.9020696794431918,5050
"[{'O'}, {'O'}, {'T'}, {'P'}, {'Z'}]",0.2619340677047166,23,0.825,0.9020696794431918,5050
"[{'P'}, {'W'}, {'U'}, {'U'}, {'W'}]",0.2617391646993684,28,0.8288770053475936,0.9020696794431918,5050
"[{'V'}, {'Z'}, {'O'}, {'U'}, {'Y'}]",0.2615223384543043,23,0.8253968253968254,0.9020696794431918,5050
"[{'W'}, {'V'}, {'O'}, {'P'}, {'M'}]",0.2612767006596769,20,0.8229166666666666,0.9020696794431918,5050
"[{'P'}, {'V'}, {'O'}, {'W'}, {'T'}]",0.2611498835185828,23,0.8257575757575757,0.9020696794431918,5050
"[{'X'}, {'N'}, {'Y'}, {'P'}, {'T'}]",0.26107747748156385,21,0.8240740740740741,0.9020696794431918,5050
"[{'Z'}, {'M'}, {'N'}, {'M'}, {'T'}]",0.2608970466007273,32,0.83203125,0.9020696794431918,5050
"[{'V'}, {'X'}, {'T'}, {'W'}, {'Y'}]",0.26078827364199986,26,0.8284023668639053,0.9020696794431918,5050
"[{'N'}, {'Z'}, {'T'}, {'W'}, {'Y'}]",0.26078827364199986,26,0.8284023668639053,0.9020696794431918,5050
"[{'P'}, {'Y'}, {'V'}, {'P'}, {'Z'}]",0.2604500603922495,27,0.8294117647058823,0.9020696794431918,5050
"[{'N'}, {'N'}, {'X'}, {'P'}, {'M'}]",0.26017581120201294,27,0.8296703296703296,0.9020696794431918,5050
"[{'W'}, {'M'}, {'X'}, {'U'}, {'W'}]",0.25970327907138513,28,0.8307692307692308,0.9020696794431918,5050
"[{'O'}, {'U'}, {'N'}, {'W'}, {'V'}]",0.25959536639047576,22,0.8264462809917356,0.9020696794431918,5050
"[{'X'}, {'T'}, {'N'}, {'Z'}, {'W'}]",0.2594586501138698,32,0.8333333333333333,0.9020696794431918,5050
"[{'U'}, {'V'}, {'U'}, {'Y'}, {'X'}]",0.25934126519296763,29,0.8317307692307692,0.9020696794431918,5050
"[{'U'}, {'O'}, {'Z'}, {'O'}, {'U'}]",0.2590891155079106,24,0.8285714285714285,0.9020696794431918,5050
"[{'V'}, {'Z'}, {'Y'}, {'U'}, {'Y'}]",0.2590891155079105,24,0.8285714285714286,0.9020696794431918,5050
"[{'M'}, {'P'}, {'T'}, {'X'}, {'Y'}]",0.25880486573405026,26,0.8303030303030303,0.9020696794431918,5050
"[{'M'}, {'N'}, {'X'}, {'Y'}, {'W'}]",0.25879202123589307,28,0.8316326530612245,0.9020696794431918,5050
"[{'W'}, {'N'}, {'T'}, {'Z'}, {'N'}]",0.2579258613501212,21,0.8272727272727273,0.9020696794431918,5050
"[{'T'}, {'N'}, {'T'}, {'Y'}, {'W'}]",0.2579258613501212,21,0.8272727272727273,0.9020696794431918,5050
"[{'V'}, {'V'}, {'N'}, {'Z'}, {'X'}]",0.2579258613501212,21,0.8272727272727273,0.9020696794431918,5050
"[{'W'}, {'Y'}, {'W'}, {'V'}, {'V'}]",0.25792586135012097,21,0.8272727272727274,0.9020696794431918,5050
"[{'X'}, {'Y'}, {'Z'}, {'Z'}, {'V'}]",0.25721810768412423,25,0.8311688311688311,0.9020696794431918,5050
"[{'P'}, {'N'}, {'T'}, {'Z'}, {'Z'}]",0.25611189771024334,20,0.8282828282828283,0.9020696794431918,5050
"[{'Y'}, {'O'}, {'O'}, {'O'}, {'X'}]",0.25611189771024334,20,0.8282828282828283,0.9020696794431918,5050
"[{'V'}, {'T'}, {'Y'}, {'P'}, {'U'}]",0.2555338028123092,24,0.8321678321678322,0.9020696794431918,5050
"[{'U'}, {'Y'}, {'T'}, {'W'}, {'O'}]",0.2550915192182851,25,0.8333333333333334,0.9020696794431918,5050
"[{'P'}, {'U'}, {'M'}, {'V'}, {'M'}]",0.255091519218285,25,0.8333333333333335,0.9020696794431918,5050
"[{'T'}, {'N'}, {'T'}, {'P'}, {'N'}]",0.2542264271131457,27,0.8355263157894737,0.9020696794431918,5050
"[{'T'}, {'P'}, {'Z'}, {'Z'}, {'M'}]",0.25373409409218683,23,0.8333333333333333,0.9020696794431918,5050
"[{'T'}, {'U'}, {'X'}, {'M'}, {'Y'}]",0.25373409409218683,23,0.8333333333333333,0.9020696794431918,5050
"[{'P'}, {'Z'}, {'P'}, {'U'}, {'N'}]",0.2530599454038712,36,0.8412698412698413,0.9020696794431918,5050
"[{'M'}, {'Z'}, {'O'}, {'M'}, {'O'}]",0.2530332317045696,22,0.8333333333333333,0.9020696794431918,5050
"[{'M'}, {'X'}, {'P'}, {'W'}, {'Z'}]",0.2530332317045695,22,0.8333333333333334,0.9020696794431918,5050
"[{'Z'}, {'T'}, {'W'}, {'U'}, {'Y'}]",0.2523162512185195,21,0.8333333333333333,0.9020696794431918,5050
"[{'U'}, {'N'}, {'Y'}, {'Z'}, {'W'}]",0.2523162512185194,21,0.8333333333333334,0.9020696794431918,5050
"[{'Y'}, {'V'}, {'Z'}, {'X'}, {'M'}]",0.2523162512185194,21,0.8333333333333334,0.9020696794431918,5050
"[{'X'}, {'W'}, {'N'}, {'X'}, {'P'}]",0.25220250240217323,24,0.8357142857142857,0.9020696794431918,5050
"[{'U'}, {'P'}, {'X'}, {'U'}, {'N'}]",0.25170790997055437,31,0.8403361344537815,0.9020696794431918,5050
"[{'Y'}, {'V'}, {'P'}, {'T'}, {'W'}]",0.2515819866524669,20,0.8333333333333334,0.9020696794431918,5050
"[{'O'}, {'W'}, {'X'}, {'P'}, {'O'}]",0.25154310783055434,30,0.8400000000000001,0.9020696794431918,5050
"[{'T'}, {'M'}, {'T'}, {'Z'}, {'M'}]",0.25103688180975103,27,0.8388888888888889,0.9020696794431918,5050
"[{'W'}, {'W'}, {'P'}, {'P'}, {'M'}]",0.2510361264955041,25,0.8376623376623377,0.9020696794431918,5050
"[{'T'}, {'N'}, {'M'}, {'T'}, {'U'}]",0.2500210544387603,31,0.8421052631578948,0.9020696794431918,5050
"[{'W'}, {'W'}, {'V'}, {'M'}, {'N'}]",0.24968909292999197,21,0.8363636363636364,0.9020696794431918,5050
"[{'T'}, {'V'}, {'U'}, {'X'}, {'Y'}]",0.24959599281042677,28,0.841025641025641,0.9020696794431918,5050
"[{'W'}, {'N'}, {'V'}, {'M'}, {'X'}]",0.2492761436726295,22,0.8376068376068375,0.9020696794431918,5050
"[{'Z'}, {'X'}, {'Y'}, {'Y'}, {'U'}]",0.2491798032093997,38,0.84593837535014,0.9020696794431918,5050
"[{'N'}, {'N'}, {'M'}, {'P'}, {'T'}]",0.24915384104055505,23,0.8384615384615384,0.9020696794431918,5050
"[{'P'}, {'U'}, {'W'}, {'P'}, {'V'}]",0.24913119471749479,24,0.8391608391608391,0.9020696794431918,5050
"[{'T'}, {'M'}, {'W'}, {'X'}, {'Z'}]",0.24871378625629703,25,0.8402777777777778,0.9020696794431918,5050
"[{'Y'}, {'W'}, {'V'}, {'P'}, {'X'}]",0.24871378625629703,25,0.8402777777777778,0.9020696794431918,5050
"[{'U'}, {'O'}, {'Z'}, {'P'}, {'Z'}]",0.24785807943928528,25,0.8412698412698414,0.9020696794431918,5050
"[{'T'}, {'Z'}, {'Z'}, {'W'}, {'M'}]",0.24755914910805288,32,0.8452380952380952,0.9020696794431918,5050
"[{'X'}, {'W'}, {'Y'}, {'T'}, {'M'}]",0.24737549431602435,26,0.8424242424242424,0.9020696794431918,5050
"[{'N'}, {'W'}, {'Y'}, {'N'}, {'O'}]",0.24717457353210837,28,0.84375,0.9020696794431918,5050
"[{'V'}, {'T'}, {'U'}, {'W'}, {'O'}]",0.24709294545659488,23,0.8409090909090909,0.9020696794431918,5050
"[{'W'}, {'P'}, {'Y'}, {'T'}, {'X'}]",0.2467960223893647,23,0.8412698412698411,0.9020696794431918,5050
"[{'U'}, {'P'}, {'Y'}, {'Z'}, {'X'}]",0.24662692645781248,31,0.8458333333333333,0.9020696794431918,5050
"[{'W'}, {'X'}, {'W'}, {'N'}, {'X'}]",0.2460940915710923,20,0.84,0.9020696794431918,5050
"[{'N'}, {'N'}, {'U'}, {'M'}, {'Y'}]",0.2460505704142395,31,0.8464912280701755,0.9020696794431918,5050
"[{'U'}, {'M'}, {'V'}, {'P'}, {'U'}]",0.24601934030413586,24,0.8428571428571427,0.9020696794431918,5050
"[{'T'}, {'V'}, {'P'}, {'W'}, {'P'}]",0.24593021180594432,22,0.8416666666666667,0.9020696794431918,5050
"[{'V'}, {'N'}, {'T'}, {'M'}, {'Y'}]",0.24593021180594432,22,0.8416666666666667,0.9020696794431918,5050
"[{'U'}, {'U'}, {'W'}, {'Z'}, {'Z'}]",0.24554190554791233,29,0.8461538461538461,0.9020696794431918,5050
"[{'N'}, {'O'}, {'Z'}, {'W'}, {'Y'}]",0.24544749793357512,25,0.8441558441558441,0.9020696794431918,5050
"[{'P'}, {'X'}, {'X'}, {'N'}, {'X'}]",0.24502379053635026,26,0.8452380952380951,0.9020696794431918,5050
"[{'N'}, {'V'}, {'Z'}, {'T'}, {'V'}]",0.2447408346661113,24,0.8444444444444444,0.9020696794431918,5050
"[{'X'}, {'T'}, {'P'}, {'W'}, {'N'}]",0.24466074820908001,21,0.8425925925925926,0.9020696794431918,5050
"[{'O'}, {'U'}, {'V'}, {'N'}, {'Z'}]",0.24466074820908001,21,0.8425925925925926,0.9020696794431918,5050
"[{'X'}, {'N'}, {'M'}, {'O'}, {'V'}]",0.24452378348860737,29,0.8473684210526315,0.9020696794431918,5050
"[{'N'}, {'W'}, {'M'}, {'V'}, {'Z'}]",0.24397107115461436,29,0.8480392156862744,0.9020696794431918,5050
"[{'P'}, {'O'}, {'Z'}, {'V'}, {'U'}]",0.24397107115461425,29,0.8480392156862745,0.9020696794431918,5050
"[{'Y'}, {'V'}, {'O'}, {'Z'}, {'X'}]",0.24325297745325947,20,0.84375,0.9020696794431918,5050
"[{'T'}, {'N'}, {'U'}, {'V'}, {'P'}]",0.24325297745325947,20,0.84375,0.9020696794431918,5050
"[{'Y'}, {'M'}, {'W'}, {'X'}, {'T'}]",0.24325297745325947,20,0.84375,0.9020696794431918,5050
"[{'Z'}, {'P'}, {'Y'}, {'N'}, {'O'}]",0.24301467746939598,25,0.8472222222222222,0.9020696794431918,5050
"[{'Z'}, {'M'}, {'T'}, {'W'}, {'T'}]",0.24294901082893428,23,0.8461538461538461,0.9020696794431918,5050
"[{'Z'}, {'N'}, {'Y'}, {'U'}, {'V'}]",0.24294901082893428,23,0.8461538461538461,0.9020696794431918,5050
"[{'U'}, {'Y'}, {'M'}, {'W'}, {'V'}]",0.24285303663376312,28,0.8489583333333333,0.9020696794431918,5050
"[{'X'}, {'Y'}, {'Z'}, {'M'}, {'X'}]",0.2426260437746215,32,0.8509803921568628,0.9020696794431918,5050
"[{'P'}, {'U'}, {'O'}, {'W'}, {'T'}]",0.24258703888536015,24,0.8472222222222222,0.9020696794431918,5050
"[{'P'}, {'U'}, {'Y'}, {'P'}, {'V'}]",0.2425182051735032,21,0.8454545454545455,0.9020696794431918,5050
"[{'X'}, {'Y'}, {'Y'}, {'W'}, {'W'}]",0.2425182051735032,21,0.8454545454545455,0.9020696794431918,5050
"[{'V'}, {'U'}, {'U'}, {'V'}, {'U'}]",0.24248521218739838,22,0.8461538461538463,0.9020696794431918,5050
"[{'P'}, {'O'}, {'T'}, {'W'}, {'O'}]",0.24239455253696085,29,0.85,0.9020696794431918,5050
"[{'Y'}, {'W'}, {'X'}, {'N'}, {'V'}]",0.24220454935830305,30,0.8506787330316743,0.9020696794431918,5050
"[{'Z'}, {'T'}, {'Y'}, {'Y'}, {'X'}]",0.24203720696571973,28,0.8500000000000001,0.9020696794431918,5050
"[{'Y'}, {'V'}, {'U'}, {'V'}, {'O'}]",0.24201074732623173,21,0.8461538461538461,0.9020696794431918,5050
"[{'N'}, {'Y'}, {'W'}, {'W'}, {'Y'}]",0.24201074732623162,21,0.8461538461538463,0.9020696794431918,5050
"[{'V'}, {'N'}, {'U'}, {'N'}, {'M'}]",0.24197387878381238,33,0.8521739130434782,0.9020696794431918,5050
"[{'V'}, {'N'}, {'U'}, {'V'}, {'V'}]",0.2418304023958865,28,0.8502673796791445,0.9020696794431918,5050
"[{'W'}, {'U'}, {'N'}, {'T'}, {'X'}]",0.24164274561499477,29,0.8509615384615384,0.9020696794431918,5050
"[{'Z'}, {'M'}, {'M'}, {'Z'}, {'W'}]",0.2415248446522119,20,0.8461538461538461,0.9020696794431918,5050
"[{'M'}, {'U'}, {'T'}, {'X'}, {'Y'}]",0.24144866447827873,21,0.8469387755102041,0.9020696794431918,5050
"[{'T'}, {'Y'}, {'W'}, {'T'}, {'V'}]",0.24122643761180718,23,0.8484848484848485,0.9020696794431918,5050
"[{'U'}, {'W'}, {'P'}, {'V'}, {'U'}]",0.24099236948367087,22,0.8482142857142857,0.9020696794431918,5050
"[{'Z'}, {'M'}, {'T'}, {'X'}, {'U'}]",0.24099236948367087,22,0.8482142857142857,0.9020696794431918,5050
"[{'X'}, {'P'}, {'X'}, {'X'}, {'V'}]",0.24075921509927156,31,0.8529411764705882,0.9020696794431918,5050
"[{'P'}, {'M'}, {'N'}, {'P'}, {'T'}]",0.24070812334583758,23,0.8492063492063492,0.9020696794431918,5050
"[{'X'}, {'Y'}, {'T'}, {'N'}, {'Z'}]",0.240539629213798,24,0.85,0.9020696794431918,5050
"[{'M'}, {'N'}, {'M'}, {'Z'}, {'O'}]",0.240539629213798,24,0.85,0.9020696794431918,5050
"[{'O'}, {'T'}, {'N'}, {'X'}, {'Y'}]",0.24045222199833727,25,0.8506493506493507,0.9020696794431918,5050
"[{'W'}, {'M'}, {'M'}, {'U'}, {'Y'}]",0.24042344022285056,26,0.8511904761904762,0.9020696794431918,5050
"[{'T'}, {'W'}, {'V'}, {'X'}, {'V'}]",0.23991853684469489,20,0.8484848484848485,0.9020696794431918,5050
"[{'T'}, {'M'}, {'O'}, {'N'}, {'M'}]",0.23991853684469489,20,0.8484848484848484,0.9020696794431918,5050
"[{'P'}, {'X'}, {'X'}, {'X'}, {'V'}]",0.2398275543164745,31,0.8541666666666667,0.9020696794431918,5050
"[{'T'}, {'Z'}, {'Z'}, {'M'}, {'T'}]",0.23974390441075688,22,0.85,0.9020696794431918,5050
"[{'O'}, {'W'}, {'V'}, {'W'}, {'T'}]",0.23974390441075688,22,0.85,0.9020696794431918,5050
"[{'V'}, {'N'}, {'W'}, {'W'}, {'N'}]",0.23909253331459046,25,0.8525641025641026,0.9020696794431918,5050
"[{'T'}, {'N'}, {'Y'}, {'Z'}, {'X'}]",0.23891111024157619,20,0.85,0.9020696794431918,5050
"[{'M'}, {'T'}, {'Y'}, {'M'}, {'P'}]",0.23891111024157607,20,0.8500000000000001,0.9020696794431918,5050
"[{'Y'}, {'Z'}, {'P'}, {'Z'}, {'M'}]",0.23891111024157607,20,0.8500000000000001,0.9020696794431918,5050
"[{'Y'}, {'N'}, {'M'}, {'P'}, {'P'}]",0.2389019557621046,22,0.8512396694214877,0.9020696794431918,5050
"[{'Z'}, {'Z'}, {'T'}, {'W'}, {'X'}]",0.23831393564487924,26,0.8541666666666666,0.9020696794431918,5050
"[{'W'}, {'N'}, {'O'}, {'W'}, {'Y'}]",0.2381109684532452,21,0.8518518518518519,0.9020696794431918,5050
"[{'V'}, {'Z'}, {'Z'}, {'U'}, {'Y'}]",0.2381109684532452,21,0.8518518518518519,0.9020696794431918,5050
"[{'M'}, {'O'}, {'Y'}, {'N'}, {'N'}]",0.23766872791955196,27,0.8555555555555555,0.9020696794431918,5050
"[{'P'}, {'T'}, {'O'}, {'W'}, {'Y'}]",0.23766798866118444,24,0.8541666666666666,0.9020696794431918,5050
"[{'Y'}, {'W'}, {'O'}, {'Y'}, {'Y'}]",0.23741310073739785,21,0.8529411764705882,0.9020696794431918,5050
"[{'P'}, {'X'}, {'O'}, {'V'}, {'N'}]",0.2374057671744293,30,0.8571428571428571,0.9020696794431918,5050
"[{'X'}, {'M'}, {'V'}, {'P'}, {'W'}]",0.23707574778553775,32,0.8583333333333333,0.9020696794431918,5050
"[{'X'}, {'W'}, {'V'}, {'W'}, {'X'}]",0.23679647947641635,20,0.8533333333333333,0.9020696794431918,5050
"[{'O'}, {'X'}, {'Z'}, {'V'}, {'Y'}]",0.2366711752960693,29,0.857843137254902,0.9020696794431918,5050
"[{'U'}, {'T'}, {'Y'}, {'U'}, {'Y'}]",0.23660743234117876,27,0.8571428571428571,0.9020696794431918,5050
"[{'T'}, {'X'}, {'Z'}, {'O'}, {'Y'}]",0.23641319808065453,21,0.8545454545454545,0.9020696794431918,5050
"[{'X'}, {'V'}, {'X'}, {'U'}, {'W'}]",0.23641319808065453,21,0.8545454545454545,0.9020696794431918,5050
"[{'U'}, {'O'}, {'Y'}, {'X'}, {'M'}]",0.23641319808065442,21,0.8545454545454546,0.9020696794431918,5050
"[{'W'}, {'O'}, {'Y'}, {'W'}, {'X'}]",0.23641319808065442,21,0.8545454545454546,0.9020696794431918,5050
"[{'X'}, {'M'}, {'V'}, {'W'}, {'X'}]",0.23633154478609353,26,0.8571428571428572,0.9020696794431918,5050
"[{'Z'}, {'U'}, {'N'}, {'U'}, {'T'}]",0.2362896730620544,20,0.8541666666666666,0.9020696794431918,5050
"[{'U'}, {'X'}, {'N'}, {'O'}, {'T'}]",0.2362896730620544,20,0.8541666666666667,0.9020696794431918,5050
"[{'V'}, {'T'}, {'W'}, {'V'}, {'P'}]",0.2362896730620544,20,0.8541666666666666,0.9020696794431918,5050
"[{'P'}, {'W'}, {'U'}, {'O'}, {'O'}]",0.23617751282186583,29,0.8585858585858586,0.9020696794431918,5050
"[{'U'}, {'P'}, {'T'}, {'O'}, {'N'}]",0.2361345705578236,23,0.8560606060606061,0.9020696794431918,5050
"[{'M'}, {'T'}, {'T'}, {'W'}, {'N'}]",0.2361345705578236,23,0.8560606060606061,0.9020696794431918,5050
"[{'W'}, {'M'}, {'V'}, {'Z'}, {'X'}]",0.23605029868979044,25,0.8571428571428571,0.9020696794431918,5050
"[{'Z'}, {'M'}, {'V'}, {'X'}, {'Y'}]",0.23605029868979044,25,0.8571428571428572,0.9020696794431918,5050
"[{'N'}, {'U'}, {'N'}, {'O'}, {'O'}]",0.23605029868979044,25,0.8571428571428572,0.9020696794431918,5050
"[{'T'}, {'N'}, {'Y'}, {'X'}, {'N'}]",0.23580065906192071,21,0.8555555555555556,0.9020696794431918,5050
"[{'N'}, {'V'}, {'O'}, {'T'}, {'U'}]",0.23576336913115992,24,0.8571428571428571,0.9020696794431918,5050
"[{'V'}, {'N'}, {'M'}, {'W'}, {'Y'}]",0.23547039696160588,23,0.8571428571428572,0.9020696794431918,5050
"[{'O'}, {'O'}, {'X'}, {'W'}, {'N'}]",0.23524817123320796,28,0.8596491228070176,0.9020696794431918,5050
"[{'X'}, {'V'}, {'T'}, {'P'}, {'M'}]",0.2351709835339446,22,0.8571428571428571,0.9020696794431918,5050
"[{'W'}, {'X'}, {'X'}, {'X'}, {'P'}]",0.2351709835339446,22,0.8571428571428571,0.9020696794431918,5050
"[{'O'}, {'M'}, {'P'}, {'Z'}, {'V'}]",0.2351709835339446,22,0.8571428571428571,0.9020696794431918,5050
"[{'T'}, {'P'}, {'M'}, {'T'}, {'M'}]",0.23491600998037132,25,0.8589743589743589,0.9020696794431918,5050
"[{'M'}, {'Z'}, {'O'}, {'O'}, {'T'}]",0.23448327443051264,24,0.8592592592592592,0.9020696794431918,5050
"[{'Y'}, {'Z'}, {'U'}, {'T'}, {'Y'}]",0.23447430951900716,22,0.8583333333333334,0.9020696794431918,5050
"[{'X'}, {'W'}, {'N'}, {'Z'}, {'T'}]",0.2343014265461656,25,0.86,0.9020696794431918,5050
"[{'Z'}, {'N'}, {'M'}, {'T'}, {'Z'}]",0.2343014265461656,25,0.86,0.9020696794431918,5050
"[{'U'}, {'P'}, {'V'}, {'W'}, {'Y'}]",0.23412791682300882,25,0.8602941176470589,0.9020696794431918,5050
"[{'X'}, {'Y'}, {'Z'}, {'O'}, {'V'}]",0.23411539269359938,27,0.861111111111111,0.9020696794431918,5050
"[{'Z'}, {'X'}, {'U'}, {'W'}, {'N'}]",0.23388608942644584,26,0.8611111111111112,0.9020696794431918,5050
"[{'P'}, {'Y'}, {'V'}, {'N'}, {'W'}]",0.23388608942644584,26,0.8611111111111112,0.9020696794431918,5050
"[{'P'}, {'T'}, {'N'}, {'Z'}, {'N'}]",0.23374813977747788,20,0.8585858585858586,0.9020696794431918,5050
"[{'T'}, {'P'}, {'Y'}, {'N'}, {'N'}]",0.23374813977747788,20,0.8585858585858586,0.9020696794431918,5050
"[{'Y'}, {'W'}, {'M'}, {'Z'}, {'V'}]",0.23374813977747777,20,0.8585858585858587,0.9020696794431918,5050
"[{'Y'}, {'Y'}, {'O'}, {'W'}, {'W'}]",0.23293532812267026,23,0.8615384615384616,0.9020696794431918,5050
"[{'U'}, {'X'}, {'Y'}, {'V'}, {'Z'}]",0.23293532812267026,23,0.8615384615384616,0.9020696794431918,5050
"[{'V'}, {'M'}, {'O'}, {'Z'}, {'M'}]",0.23293532812267026,23,0.8615384615384616,0.9020696794431918,5050
"[{'N'}, {'U'}, {'W'}, {'Y'}, {'O'}]",0.23293532812267026,23,0.8615384615384616,0.9020696794431918,5050
"[{'O'}, {'X'}, {'Y'}, {'P'}, {'Y'}]",0.23292149177807675,22,0.8611111111111112,0.9020696794431918,5050
"[{'U'}, {'Z'}, {'X'}, {'U'}, {'W'}]",0.23274810422607917,26,0.8630952380952381,0.9020696794431918,5050
"[{'X'}, {'P'}, {'V'}, {'P'}, {'V'}]",0.2326669119510154,21,0.861111111111111,0.9020696794431918,5050
"[{'Z'}, {'M'}, {'N'}, {'P'}, {'Y'}]",0.2326669119510153,21,0.8611111111111112,0.9020696794431918,5050
"[{'Y'}, {'X'}, {'Y'}, {'N'}, {'Z'}]",0.23264944958606393,27,0.8636363636363636,0.9020696794431918,5050
"[{'M'}, {'U'}, {'X'}, {'X'}, {'N'}]",0.23230025880703797,31,0.8655462184873949,0.9020696794431918,5050
"[{'T'}, {'U'}, {'P'}, {'N'}, {'U'}]",0.23224172800793474,25,0.8636363636363636,0.9020696794431918,5050
"[{'O'}, {'Y'}, {'W'}, {'O'}, {'W'}]",0.23224172800793474,25,0.8636363636363636,0.9020696794431918,5050
"[{'V'}, {'N'}, {'N'}, {'W'}, {'V'}]",0.23224172800793474,25,0.8636363636363636,0.9020696794431918,5050
"[{'T'}, {'Z'}, {'O'}, {'Y'}, {'X'}]",0.23182597409878258,32,0.8666666666666667,0.9020696794431918,5050
"[{'V'}, {'Y'}, {'Z'}, {'O'}, {'T'}]",0.2318173442946443,23,0.8636363636363636,0.9020696794431918,5050
"[{'P'}, {'N'}, {'N'}, {'T'}, {'O'}]",0.2318173442946443,23,0.8636363636363636,0.9020696794431918,5050
"[{'Y'}, {'Z'}, {'V'}, {'N'}, {'W'}]",0.2317963275315329,22,0.8632478632478633,0.9020696794431918,5050
"[{'N'}, {'W'}, {'Z'}, {'V'}, {'V'}]",0.2317963275315329,22,0.8632478632478633,0.9020696794431918,5050
"[{'Z'}, {'Z'}, {'U'}, {'Z'}, {'W'}]",0.23169056005622157,24,0.8642857142857142,0.9020696794431918,5050
"[{'T'}, {'T'}, {'M'}, {'T'}, {'X'}]",0.23137407165144608,21,0.8636363636363635,0.9020696794431918,5050
"[{'T'}, {'W'}, {'P'}, {'Y'}, {'P'}]",0.23137407165144608,21,0.8636363636363636,0.9020696794431918,5050
"[{'X'}, {'Z'}, {'Y'}, {'U'}, {'V'}]",0.23137049719063174,28,0.8663101604278075,0.9020696794431918,5050
"[{'Z'}, {'T'}, {'V'}, {'N'}, {'Y'}]",0.23131772262965833,25,0.8653846153846153,0.9020696794431918,5050
"[{'W'}, {'Z'}, {'M'}, {'V'}, {'T'}]",0.23131772262965822,25,0.8653846153846154,0.9020696794431918,5050
"[{'M'}, {'N'}, {'T'}, {'M'}, {'U'}]",0.23118158853739934,28,0.8666666666666667,0.9020696794431918,5050
"[{'X'}, {'Y'}, {'Z'}, {'W'}, {'X'}]",0.2310134155030369,27,0.8666666666666667,0.9020696794431918,5050
"[{'M'}, {'M'}, {'U'}, {'T'}, {'O'}]",0.2310134155030369,27,0.8666666666666667,0.9020696794431918,5050
"[{'M'}, {'O'}, {'Y'}, {'U'}, {'O'}]",0.23100138100287104,33,0.868421052631579,0.9020696794431918,5050
"[{'T'}, {'W'}, {'V'}, {'N'}, {'T'}]",0.2306920734788519,20,0.8645833333333334,0.9020696794431918,5050
"[{'W'}, {'N'}, {'Y'}, {'U'}, {'Z'}]",0.23066745347753637,25,0.8666666666666667,0.9020696794431918,5050
"[{'U'}, {'P'}, {'W'}, {'M'}, {'Y'}]",0.23066745347753637,25,0.8666666666666667,0.9020696794431918,5050
"[{'Z'}, {'X'}, {'O'}, {'M'}, {'X'}]",0.23052910757403822,32,0.8690476190476191,0.9020696794431918,5050
"[{'W'}, {'T'}, {'T'}, {'Y'}, {'Z'}]",0.2304892794773975,24,0.8666666666666667,0.9020696794431918,5050
"[{'T'}, {'V'}, {'Y'}, {'X'}, {'N'}]",0.23040194612132803,22,0.8660714285714286,0.9020696794431918,5050
"[{'Y'}, {'Z'}, {'W'}, {'W'}, {'T'}]",0.2303911323830662,30,0.8687782805429863,0.9020696794431918,5050
"[{'T'}, {'P'}, {'M'}, {'U'}, {'N'}]",0.2302705288836251,27,0.868131868131868,0.9020696794431918,5050
"[{'T'}, {'X'}, {'M'}, {'V'}, {'Y'}]",0.2302632141700689,24,0.8671328671328671,0.9020696794431918,5050
"[{'Y'}, {'O'}, {'Z'}, {'O'}, {'T'}]",0.2302369183028795,24,0.8671875,0.9020696794431918,5050
"[{'P'}, {'Z'}, {'Z'}, {'U'}, {'T'}]",0.2298246277601298,24,0.8680555555555556,0.9020696794431918,5050
"[{'Y'}, {'U'}, {'Z'}, {'O'}, {'W'}]",0.2298147920236483,26,0.8687499999999999,0.9020696794431918,5050
"[{'V'}, {'O'}, {'Z'}, {'O'}, {'T'}]",0.2298147920236483,26,0.86875,0.9020696794431918,5050
"[{'M'}, {'N'}, {'X'}, {'M'}, {'M'}]",0.22967311854280736,26,0.8690476190476191,0.9020696794431918,5050
"[{'V'}, {'P'}, {'M'}, {'W'}, {'X'}]",0.22961446289327947,22,0.8677685950413223,0.9020696794431918,5050
"[{'N'}, {'O'}, {'T'}, {'V'}, {'T'}]",0.22960669834253467,28,0.8697916666666666,0.9020696794431918,5050
"[{'T'}, {'O'}, {'N'}, {'P'}, {'V'}]",0.2295936267235812,30,0.8703703703703703,0.9020696794431918,5050
"[{'N'}, {'M'}, {'O'}, {'M'}, {'P'}]",0.22950270486297608,34,0.8715277777777778,0.9020696794431918,5050
"[{'Z'}, {'U'}, {'U'}, {'Z'}, {'P'}]",0.2290970631380378,20,0.8681318681318682,0.9020696794431918,5050
"[{'Z'}, {'W'}, {'V'}, {'Y'}, {'V'}]",0.22902650995277019,25,0.8701298701298701,0.9020696794431918,5050
"[{'M'}, {'Z'}, {'O'}, {'U'}, {'Y'}]",0.22902650995277019,25,0.8701298701298701,0.9020696794431918,5050
"[{'Z'}, {'T'}, {'Z'}, {'V'}, {'X'}]",0.22897582969869057,36,0.873015873015873,0.9020696794431918,5050
"[{'X'}, {'Z'}, {'Z'}, {'T'}, {'M'}]",0.2288619316206324,20,0.8686868686868686,0.9020696794431918,5050
"[{'W'}, {'T'}, {'M'}, {'V'}, {'V'}]",0.2288619316206324,20,0.8686868686868686,0.9020696794431918,5050
"[{'X'}, {'M'}, {'W'}, {'W'}, {'W'}]",0.2288619316206324,20,0.8686868686868686,0.9020696794431918,5050
"[{'Y'}, {'P'}, {'U'}, {'Z'}, {'Y'}]",0.2288619316206323,20,0.8686868686868687,0.9020696794431918,5050
"[{'O'}, {'X'}, {'Z'}, {'U'}, {'M'}]",0.22871117512931693,20,0.869047619047619,0.9020696794431918,5050
"[{'Y'}, {'M'}, {'Z'}, {'X'}, {'W'}]",0.22855782724293827,31,0.8728070175438597,0.9020696794431918,5050
"[{'Z'}, {'M'}, {'O'}, {'N'}, {'U'}]",0.2284823301113823,28,0.8722222222222222,0.9020696794431918,5050
"[{'T'}, {'U'}, {'U'}, {'P'}, {'T'}]",0.22838191959119392,28,0.8724489795918368,0.9020696794431918,5050
"[{'U'}, {'Y'}, {'W'}, {'Y'}, {'V'}]",0.22832857870239032,21,0.8703703703703703,0.9020696794431918,5050
"[{'W'}, {'U'}, {'N'}, {'T'}, {'Z'}]",0.22832120198898287,24,0.8714285714285713,0.9020696794431918,5050
"[{'M'}, {'U'}, {'T'}, {'Y'}, {'P'}]",0.2283210482357092,20,0.87,0.9020696794431918,5050
"[{'T'}, {'M'}, {'M'}, {'T'}, {'V'}]",0.22829767126245137,25,0.8717948717948718,0.9020696794431918,5050
"[{'O'}, {'T'}, {'W'}, {'W'}, {'X'}]",0.22829767126245137,25,0.8717948717948718,0.9020696794431918,5050
"[{'W'}, {'Y'}, {'T'}, {'P'}, {'Y'}]",0.22829767126245137,25,0.8717948717948718,0.9020696794431918,5050
"[{'T'}, {'Z'}, {'T'}, {'U'}, {'P'}]",0.2282747588222691,23,0.8712121212121211,0.9020696794431918,5050
"[{'Z'}, {'T'}, {'Z'}, {'W'}, {'X'}]",0.2282747588222691,23,0.8712121212121211,0.9020696794431918,5050
"[{'O'}, {'T'}, {'N'}, {'T'}, {'V'}]",0.2282268206376783,30,0.8733031674208145,0.9020696794431918,5050
"[{'V'}, {'M'}, {'N'}, {'W'}, {'V'}]",0.22802652978273896,26,0.8727272727272728,0.9020696794431918,5050
"[{'T'}, {'X'}, {'M'}, {'N'}, {'N'}]",0.22789837436089844,22,0.8717948717948718,0.9020696794431918,5050
"[{'V'}, {'U'}, {'X'}, {'W'}, {'N'}]",0.22776431603058678,27,0.8736263736263736,0.9020696794431918,5050
"[{'Z'}, {'P'}, {'T'}, {'X'}, {'N'}]",0.22758993253036386,31,0.875,0.9020696794431918,5050
"[{'X'}, {'N'}, {'T'}, {'Z'}, {'X'}]",0.22754546217102845,23,0.873015873015873,0.9020696794431918,5050
"[{'X'}, {'W'}, {'O'}, {'W'}, {'X'}]",0.22749657374080756,30,0.875,0.9020696794431918,5050
"[{'P'}, {'U'}, {'P'}, {'W'}, {'V'}]",0.2274016455661627,29,0.875,0.9020696794431918,5050
"[{'V'}, {'X'}, {'P'}, {'V'}, {'T'}]",0.22740082588587773,21,0.8727272727272728,0.9020696794431918,5050
"[{'P'}, {'U'}, {'P'}, {'T'}, {'Z'}]",0.22740082588587773,21,0.8727272727272728,0.9020696794431918,5050
"[{'P'}, {'Z'}, {'W'}, {'X'}, {'U'}]",0.22730506609526568,28,0.875,0.9020696794431918,5050
"[{'N'}, {'P'}, {'Y'}, {'Z'}, {'W'}]",0.22730506609526568,28,0.875,0.9020696794431918,5050
"[{'P'}, {'M'}, {'M'}, {'T'}, {'X'}]",0.2272518079674053,24,0.8740740740740741,0.9020696794431918,5050
"[{'M'}, {'M'}, {'M'}, {'O'}, {'P'}]",0.22723183199117059,24,0.8741258741258741,0.9020696794431918,5050
"[{'Z'}, {'X'}, {'Y'}, {'M'}, {'Z'}]",0.22720674603354996,27,0.875,0.9020696794431918,5050
"[{'Z'}, {'O'}, {'Y'}, {'P'}, {'T'}]",0.22710658773627812,26,0.875,0.9020696794431918,5050
"[{'Z'}, {'P'}, {'W'}, {'P'}, {'T'}]",0.22710658773627812,26,0.875,0.9020696794431918,5050
"[{'U'}, {'O'}, {'V'}, {'T'}, {'T'}]",0.22710658773627812,26,0.875,0.9020696794431918,5050
"[{'U'}, {'Y'}, {'O'}, {'X'}, {'O'}]",0.22700448407266272,25,0.875,0.9020696794431918,5050
"[{'W'}, {'P'}, {'X'}, {'O'}, {'T'}]",0.22690031708325087,24,0.875,0.9020696794431918,5050
"[{'T'}, {'X'}, {'Z'}, {'V'}, {'N'}]",0.22690031708325087,24,0.875,0.9020696794431918,5050
"[{'V'}, {'U'}, {'T'}, {'Y'}, {'T'}]",0.2267939563826331,23,0.875,0.9020696794431918,5050
"[{'T'}, {'Z'}, {'M'}, {'V'}, {'M'}]",0.2267939563826331,23,0.875,0.9020696794431918,5050
"[{'M'}, {'N'}, {'U'}, {'V'}, {'T'}]",0.22668525724582111,22,0.875,0.9020696794431918,5050
"[{'T'}, {'W'}, {'V'}, {'N'}, {'X'}]",0.22668525724582111,22,0.875,0.9020696794431918,5050
"[{'Y'}, {'T'}, {'M'}, {'Y'}, {'U'}]",0.22668525724582111,22,0.875,0.9020696794431918,5050
"[{'X'}, {'U'}, {'M'}, {'T'}, {'Z'}]",0.22668525724582111,22,0.875,0.9020696794431918,5050
"[{'N'}, {'N'}, {'M'}, {'N'}, {'X'}]",0.22661892459132993,33,0.8777777777777778,0.9020696794431918,5050
"[{'M'}, {'P'}, {'T'}, {'N'}, {'V'}]",0.22661325367139573,27,0.8765432098765432,0.9020696794431918,5050
"[{'U'}, {'X'}, {'P'}, {'V'}, {'Z'}]",0.2265573513799356,28,0.8769230769230769,0.9020696794431918,5050
"[{'Z'}, {'X'}, {'V'}, {'O'}, {'M'}]",0.22646017870365198,20,0.875,0.9020696794431918,5050
"[{'P'}, {'Y'}, {'Z'}, {'Y'}, {'W'}]",0.22640464452429665,25,0.8766233766233766,0.9020696794431918,5050
"[{'X'}, {'M'}, {'P'}, {'O'}, {'M'}]",0.2263310410938536,31,0.8781512605042017,0.9020696794431918,5050
"[{'T'}, {'M'}, {'M'}, {'Y'}, {'V'}]",0.22632315072389375,22,0.8760330578512396,0.9020696794431918,5050
"[{'V'}, {'U'}, {'W'}, {'P'}, {'O'}]",0.22632315072389375,22,0.8760330578512396,0.9020696794431918,5050
"[{'Y'}, {'W'}, {'N'}, {'V'}, {'X'}]",0.22585585587875057,25,0.8782051282051282,0.9020696794431918,5050
"[{'M'}, {'T'}, {'W'}, {'N'}, {'V'}]",0.2256552949294438,24,0.8785714285714286,0.9020696794431918,5050
"[{'Y'}, {'M'}, {'N'}, {'U'}, {'Z'}]",0.2256552949294438,24,0.8785714285714286,0.9020696794431918,5050
"[{'U'}, {'Y'}, {'O'}, {'U'}, {'N'}]",0.2256552949294438,24,0.8785714285714286,0.9020696794431918,5050
"[{'X'}, {'M'}, {'X'}, {'Z'}, {'Y'}]",0.22550681414069806,23,0.8787878787878788,0.9020696794431918,5050
"[{'W'}, {'M'}, {'V'}, {'P'}, {'T'}]",0.22550681414069806,23,0.8787878787878788,0.9020696794431918,5050
"[{'N'}, {'W'}, {'Y'}, {'X'}, {'Y'}]",0.22550681414069806,23,0.8787878787878788,0.9020696794431918,5050
"[{'U'}, {'Z'}, {'W'}, {'M'}, {'U'}]",0.22543953708173115,26,0.8796992481203008,0.9020696794431918,5050
"[{'Z'}, {'W'}, {'O'}, {'O'}, {'T'}]",0.22527576745955868,25,0.88,0.9020696794431918,5050
"[{'W'}, {'V'}, {'W'}, {'T'}, {'P'}]",0.22527576745955868,25,0.88,0.9020696794431918,5050
"[{'O'}, {'U'}, {'M'}, {'T'}, {'T'}]",0.22527576745955868,25,0.8800000000000001,0.9020696794431918,5050
"[{'V'}, {'T'}, {'Y'}, {'M'}, {'V'}]",0.22527576745955868,25,0.8800000000000001,0.9020696794431918,5050
"[{'M'}, {'U'}, {'T'}, {'N'}, {'W'}]",0.22525991237415832,20,0.8787878787878788,0.9020696794431918,5050
"[{'M'}, {'M'}, {'Y'}, {'U'}, {'W'}]",0.22525991237415832,20,0.8787878787878788,0.9020696794431918,5050
"[{'U'}, {'X'}, {'O'}, {'W'}, {'Y'}]",0.22525991237415832,20,0.8787878787878788,0.9020696794431918,5050
"[{'Z'}, {'P'}, {'N'}, {'Z'}, {'V'}]",0.22525991237415832,20,0.8787878787878788,0.9020696794431918,5050
"[{'U'}, {'T'}, {'Z'}, {'V'}, {'W'}]",0.22522807513013032,29,0.8809523809523809,0.9020696794431918,5050
"[{'X'}, {'M'}, {'T'}, {'T'}, {'W'}]",0.22516303028045892,20,0.8791208791208791,0.9020696794431918,5050
"[{'P'}, {'M'}, {'T'}, {'P'}, {'P'}]",0.22516303028045892,20,0.8791208791208791,0.9020696794431918,5050
"[{'V'}, {'O'}, {'V'}, {'O'}, {'P'}]",0.22516303028045892,20,0.8791208791208791,0.9020696794431918,5050
"[{'X'}, {'U'}, {'M'}, {'U'}, {'V'}]",0.22509596870736992,21,0.8796296296296298,0.9020696794431918,5050
"[{'Z'}, {'O'}, {'V'}, {'T'}, {'N'}]",0.22499129402496587,33,0.8823529411764706,0.9020696794431918,5050
"[{'X'}, {'P'}, {'T'}, {'Y'}, {'T'}]",0.2249647472951295,22,0.8803418803418803,0.9020696794431918,5050
"[{'N'}, {'T'}, {'N'}, {'V'}, {'O'}]",0.2249647472951295,22,0.8803418803418804,0.9020696794431918,5050
"[{'W'}, {'Y'}, {'X'}, {'Y'}, {'T'}]",0.22495895495051665,26,0.88125,0.9020696794431918,5050
"[{'N'}, {'Y'}, {'P'}, {'V'}, {'O'}]",0.22495895495051665,26,0.88125,0.9020696794431918,5050
"[{'Z'}, {'P'}, {'W'}, {'Z'}, {'O'}]",0.22491883986734884,27,0.881578947368421,0.9020696794431918,5050
"[{'M'}, {'M'}, {'U'}, {'N'}, {'P'}]",0.22489395023948133,38,0.8833333333333333,0.9020696794431918,5050
"[{'Y'}, {'Y'}, {'V'}, {'N'}, {'W'}]",0.22487469499545554,24,0.881118881118881,0.9020696794431918,5050
"[{'Y'}, {'N'}, {'W'}, {'N'}, {'V'}]",0.22487469499545543,24,0.8811188811188813,0.9020696794431918,5050
"[{'Z'}, {'O'}, {'P'}, {'M'}, {'P'}]",0.22487469499545543,24,0.8811188811188811,0.9020696794431918,5050
"[{'X'}, {'O'}, {'T'}, {'N'}, {'N'}]",0.2248582537646826,23,0.8809523809523809,0.9020696794431918,5050
"[{'P'}, {'O'}, {'X'}, {'X'}, {'W'}]",0.2247946865997923,29,0.8823529411764707,0.9020696794431918,5050
"[{'U'}, {'X'}, {'P'}, {'O'}, {'P'}]",0.2247708599005359,24,0.8814814814814815,0.9020696794431918,5050
"[{'N'}, {'Y'}, {'P'}, {'U'}, {'W'}]",0.2246551267050898,20,0.8809523809523809,0.9020696794431918,5050
"[{'P'}, {'T'}, {'W'}, {'U'}, {'T'}]",0.22464091958880406,24,0.8819444444444444,0.9020696794431918,5050
"[{'U'}, {'U'}, {'Y'}, {'U'}, {'U'}]",0.22458398343829356,25,0.8823529411764706,0.9020696794431918,5050
"[{'M'}, {'M'}, {'Z'}, {'X'}, {'U'}]",0.22458398343829356,25,0.8823529411764706,0.9020696794431918,5050
"[{'M'}, {'V'}, {'Y'}, {'V'}, {'P'}]",0.22449346078394983,21,0.8818181818181818,0.9020696794431918,5050
"[{'P'}, {'O'}, {'X'}, {'V'}, {'W'}]",0.2244627348344832,28,0.8833333333333334,0.9020696794431918,5050
"[{'V'}, {'W'}, {'Y'}, {'O'}, {'Y'}]",0.2244156321436911,27,0.8833333333333334,0.9020696794431918,5050
"[{'X'}, {'U'}, {'U'}, {'O'}, {'M'}]",0.2244156321436911,27,0.8833333333333333,0.9020696794431918,5050
"[{'W'}, {'Y'}, {'Y'}, {'W'}, {'Y'}]",0.22440524661013794,24,0.8828125,0.9020696794431918,5050
"[{'Y'}, {'V'}, {'P'}, {'M'}, {'Y'}]",0.22440524661013794,24,0.8828125,0.9020696794431918,5050
"[{'W'}, {'P'}, {'V'}, {'T'}, {'U'}]",0.22437613172251414,25,0.8831168831168831,0.9020696794431918,5050
"[{'W'}, {'U'}, {'V'}, {'X'}, {'Y'}]",0.22437613172251414,25,0.8831168831168832,0.9020696794431918,5050
"[{'P'}, {'Z'}, {'V'}, {'W'}, {'N'}]",0.22423568011118122,31,0.8846153846153846,0.9020696794431918,5050
"[{'O'}, {'U'}, {'V'}, {'M'}, {'N'}]",0.22418979134959804,32,0.8849206349206349,0.9020696794431918,5050
"[{'T'}, {'M'}, {'O'}, {'N'}, {'Y'}]",0.2241657998643849,22,0.8833333333333333,0.9020696794431918,5050
"[{'Z'}, {'N'}, {'T'}, {'W'}, {'U'}]",0.2241657998643849,22,0.8833333333333333,0.9020696794431918,5050
"[{'V'}, {'X'}, {'O'}, {'T'}, {'P'}]",0.2240763680759874,27,0.8846153846153847,0.9020696794431918,5050
"[{'Y'}, {'Y'}, {'V'}, {'W'}, {'Y'}]",0.2240697357510275,23,0.8839285714285714,0.9020696794431918,5050
"[{'V'}, {'N'}, {'Z'}, {'M'}, {'P'}]",0.22402091690742398,22,0.8839285714285714,0.9020696794431918,5050
"[{'P'}, {'O'}, {'Z'}, {'W'}, {'Z'}]",0.22393346139785908,22,0.884297520661157,0.9020696794431918,5050
"[{'P'}, {'Z'}, {'Y'}, {'U'}, {'X'}]",0.22390474835571728,23,0.8846153846153847,0.9020696794431918,5050
"[{'Y'}, {'T'}, {'N'}, {'P'}, {'W'}]",0.22390474835571728,23,0.8846153846153846,0.9020696794431918,5050
"[{'T'}, {'Z'}, {'V'}, {'Y'}, {'U'}]",0.22390474835571728,23,0.8846153846153846,0.9020696794431918,5050
"[{'M'}, {'O'}, {'X'}, {'P'}, {'U'}]",0.22383474342037135,32,0.8862745098039215,0.9020696794431918,5050
"[{'Y'}, {'T'}, {'V'}, {'O'}, {'U'}]",0.22381332443639657,21,0.8846153846153846,0.9020696794431918,5050
"[{'W'}, {'M'}, {'X'}, {'V'}, {'Z'}]",0.22381332443639657,21,0.8846153846153846,0.9020696794431918,5050
"[{'X'}, {'M'}, {'M'}, {'P'}, {'N'}]",0.22380470164896915,27,0.8857142857142857,0.9020696794431918,5050
"[{'X'}, {'X'}, {'W'}, {'T'}, {'X'}]",0.22378146866272064,31,0.8863636363636364,0.9020696794431918,5050
"[{'W'}, {'U'}, {'P'}, {'V'}, {'V'}]",0.2237347507178692,31,0.8865546218487395,0.9020696794431918,5050
"[{'P'}, {'M'}, {'Y'}, {'N'}, {'V'}]",0.2236928388776045,24,0.8857142857142858,0.9020696794431918,5050
"[{'W'}, {'W'}, {'T'}, {'V'}, {'Z'}]",0.2236928388776045,24,0.8857142857142858,0.9020696794431918,5050
"[{'P'}, {'O'}, {'M'}, {'V'}, {'N'}]",0.223652472277865,27,0.8863636363636364,0.9020696794431918,5050
"[{'N'}, {'T'}, {'U'}, {'O'}, {'P'}]",0.22359398873645442,20,0.8854166666666667,0.9020696794431918,5050
"[{'U'}, {'O'}, {'U'}, {'N'}, {'Z'}]",0.22351805451021023,25,0.8866666666666667,0.9020696794431918,5050
"[{'T'}, {'Z'}, {'T'}, {'P'}, {'N'}]",0.22351805451021023,25,0.8866666666666667,0.9020696794431918,5050
"[{'Z'}, {'T'}, {'Z'}, {'N'}, {'T'}]",0.22351805451021023,25,0.8866666666666666,0.9020696794431918,5050
"[{'Y'}, {'U'}, {'V'}, {'O'}, {'T'}]",0.22351351024993127,23,0.8863636363636364,0.9020696794431918,5050
"[{'T'}, {'N'}, {'W'}, {'T'}, {'T'}]",0.22351351024993127,23,0.8863636363636364,0.9020696794431918,5050
"[{'Y'}, {'Y'}, {'P'}, {'O'}, {'Y'}]",0.22351351024993127,23,0.8863636363636364,0.9020696794431918,5050
"[{'N'}, {'X'}, {'X'}, {'Y'}, {'P'}]",0.22351191390480074,31,0.8875,0.9020696794431918,5050
"[{'O'}, {'P'}, {'W'}, {'T'}, {'X'}]",0.22349889075344742,26,0.886904761904762,0.9020696794431918,5050
"[{'U'}, {'Y'}, {'O'}, {'M'}, {'N'}]",0.22337452424538717,28,0.8877551020408163,0.9020696794431918,5050
"[{'V'}, {'Y'}, {'P'}, {'N'}, {'V'}]",0.2233718936663639,26,0.8875,0.9020696794431918,5050
"[{'N'}, {'N'}, {'M'}, {'X'}, {'X'}]",0.22331560898651104,36,0.8888888888888888,0.9020696794431918,5050
"[{'V'}, {'W'}, {'U'}, {'W'}, {'M'}]",0.22319180318292364,24,0.8881118881118881,0.9020696794431918,5050
"[{'U'}, {'V'}, {'T'}, {'T'}, {'Y'}]",0.22319180318292364,24,0.8881118881118881,0.9020696794431918,5050
"[{'Y'}, {'O'}, {'O'}, {'M'}, {'O'}]",0.22319180318292364,24,0.888111888111888,0.9020696794431918,5050
"[{'P'}, {'O'}, {'N'}, {'X'}, {'P'}]",0.22319180318292364,24,0.8881118881118881,0.9020696794431918,5050
"[{'Z'}, {'X'}, {'U'}, {'W'}, {'M'}]",0.22319180318292364,24,0.8881118881118881,0.9020696794431918,5050
"[{'X'}, {'U'}, {'U'}, {'P'}, {'U'}]",0.2231701092055468,21,0.8877551020408163,0.9020696794431918,5050
"[{'Y'}, {'X'}, {'N'}, {'V'}, {'M'}]",0.2231701092055468,21,0.8877551020408164,0.9020696794431918,5050
"[{'P'}, {'X'}, {'T'}, {'T'}, {'T'}]",0.22314239798360103,28,0.888888888888889,0.9020696794431918,5050
"[{'Y'}, {'U'}, {'U'}, {'V'}, {'P'}]",0.22311908709468953,27,0.8888888888888888,0.9020696794431918,5050
"[{'X'}, {'M'}, {'T'}, {'O'}, {'Y'}]",0.22311908709468953,27,0.8888888888888888,0.9020696794431918,5050
"[{'W'}, {'Y'}, {'Y'}, {'V'}, {'Y'}]",0.22309253487236846,44,0.8905263157894736,0.9020696794431918,5050
"[{'N'}, {'T'}, {'X'}, {'M'}, {'X'}]",0.22307113242481857,25,0.8888888888888888,0.9020696794431918,5050
"[{'Z'}, {'W'}, {'Y'}, {'Z'}, {'Y'}]",0.22304643527678947,24,0.888888888888889,0.9020696794431918,5050
"[{'X'}, {'N'}, {'M'}, {'U'}, {'V'}]",0.22302121801763208,23,0.8888888888888888,0.9020696794431918,5050
"[{'V'}, {'Y'}, {'X'}, {'W'}, {'X'}]",0.22302121801763208,23,0.8888888888888888,0.9020696794431918,5050
"[{'N'}, {'W'}, {'X'}, {'X'}, {'T'}]",0.22299544633422608,22,0.8888888888888888,0.9020696794431918,5050
"[{'O'}, {'Z'}, {'V'}, {'U'}, {'Y'}]",0.22299544633422608,22,0.888888888888889,0.9020696794431918,5050
"[{'T'}, {'Z'}, {'V'}, {'V'}, {'W'}]",0.22299544633422608,22,0.8888888888888888,0.9020696794431918,5050
"[{'U'}, {'O'}, {'N'}, {'O'}, {'X'}]",0.22296908196595455,21,0.888888888888889,0.9020696794431918,5050
"[{'P'}, {'T'}, {'X'}, {'U'}, {'T'}]",0.22296908196595455,21,0.8888888888888888,0.9020696794431918,5050
"[{'X'}, {'O'}, {'M'}, {'W'}, {'W'}]",0.22294208203805588,20,0.8888888888888888,0.9020696794431918,5050
"[{'U'}, {'O'}, {'Z'}, {'Z'}, {'Y'}]",0.22294208203805588,20,0.8888888888888888,0.9020696794431918,5050
"[{'T'}, {'V'}, {'W'}, {'V'}, {'X'}]",0.22294208203805588,20,0.8888888888888888,0.9020696794431918,5050
"[{'U'}, {'O'}, {'N'}, {'X'}, {'W'}]",0.22294097154742287,25,0.8896103896103895,0.9020696794431918,5050
"[{'Y'}, {'V'}, {'U'}, {'W'}, {'N'}]",0.22292429329779362,25,0.8897058823529411,0.9020696794431918,5050
"[{'Z'}, {'V'}, {'Z'}, {'Y'}, {'N'}]",0.22276552043406272,20,0.8899999999999999,0.9020696794431918,5050
"[{'M'}, {'T'}, {'V'}, {'Y'}, {'V'}]",0.22276552043406272,20,0.89,0.9020696794431918,5050
"[{'P'}, {'U'}, {'M'}, {'V'}, {'N'}]",0.22275170688354085,24,0.890625,0.9020696794431918,5050
"[{'U'}, {'M'}, {'Y'}, {'Z'}, {'O'}]",0.22274890268921876,20,0.8901098901098901,0.9020696794431918,5050
"[{'V'}, {'U'}, {'Z'}, {'Y'}, {'X'}]",0.22274249781370237,26,0.890909090909091,0.9020696794431918,5050
"[{'P'}, {'X'}, {'X'}, {'N'}, {'O'}]",0.22273110683872754,24,0.8907563025210083,0.9020696794431918,5050
"[{'N'}, {'U'}, {'N'}, {'Z'}, {'M'}]",0.22270693306186762,25,0.8910256410256411,0.9020696794431918,5050
"[{'N'}, {'M'}, {'W'}, {'U'}, {'Y'}]",0.22270693306186762,25,0.8910256410256411,0.9020696794431918,5050
"[{'W'}, {'Y'}, {'N'}, {'T'}, {'X'}]",0.22270693306186762,25,0.8910256410256411,0.9020696794431918,5050
"[{'M'}, {'O'}, {'Y'}, {'X'}, {'P'}]",0.22265197634566192,21,0.8909090909090909,0.9020696794431918,5050
"[{'O'}, {'V'}, {'X'}, {'U'}, {'Y'}]",0.22265197634566192,21,0.8909090909090909,0.9020696794431918,5050
"[{'M'}, {'U'}, {'U'}, {'Y'}, {'O'}]",0.22265197634566192,21,0.8909090909090909,0.9020696794431918,5050
"[{'Z'}, {'T'}, {'V'}, {'X'}, {'U'}]",0.22258349657383336,27,0.8920454545454546,0.9020696794431918,5050
"[{'M'}, {'O'}, {'T'}, {'P'}, {'U'}]",0.22258349657383336,27,0.8920454545454546,0.9020696794431918,5050
"[{'X'}, {'V'}, {'W'}, {'Y'}, {'O'}]",0.2225630549863863,22,0.8916666666666667,0.9020696794431918,5050
"[{'N'}, {'O'}, {'O'}, {'O'}, {'U'}]",0.2225630549863863,22,0.8916666666666666,0.9020696794431918,5050
