pattern,quality,support,pattern_accuracy,global_accuracy,dataset_size
"[{'S_0_1'}, {'W_1_0'}, {'STAY_0_0'}, {'E_1_0'}, {'E_1_0'}, {'STAY_0_0'}]",0.9653315121146723,103,0.7281553398058253,0.9688331432915241,5262
"[{'E_1_0'}, {'E_1_0'}, {'E_1_0'}, {'S_0_1'}, {'S_0_1'}, {'S_0_1'}, {'S_0_1'}, {'W_1_0'}, {'SW_1_1'}, {'STAY_0_0'}, {'E_1_0'}, {'N_0_1'}, {'N_0_1'}, {'N_0_1'}]",0.7865702891034897,102,0.7058823529411765,0.9688331432915241,5262
"[{'E_1_0'}, {'E_1_0'}, {'E_1_0'}, {'E_1_0'}, {'E_1_0'}, {'S_0_1'}, {'STAY_0_0'}, {'STAY_0_0'}]",0.7841122294644622,134,0.753731343283582,0.9688331432915241,5262
"[{'E_1_0'}, {'E_1_0'}, {'E_1_0'}, {'E_1_0'}, {'E_1_0'}, {'W_1_0'}, {'STAY_0_0'}, {'STAY_0_0'}]",0.7674296032308634,141,0.7588652482269503,0.9688331432915241,5262
"[{'NE_1_1'}, {'N_0_1'}, {'E_1_0'}, {'N_0_1'}, {'E_1_0'}, {'W_1_0'}, {'STAY_0_0'}]",0.61693415808928,150,0.7933333333333333,0.9688331432915241,5262
"[{'NE_1_1'}, {'E_1_0'}, {'E_1_0'}, {'E_1_0'}, {'N_0_1'}, {'N_0_1'}, {'N_0_1'}, {'STAY_0_0'}, {'W_1_0'}, {'W_1_0'}]",0.4877184239959108,186,0.8010752688172043,0.9688331432915241,5262
"[{'E_1_0'}, {'E_1_0'}, {'E_1_0'}, {'E_1_0'}, {'S_0_1'}, {'S_0_1'}, {'W_1_0'}, {'STAY_0_0'}, {'NE_1_1'}, {'N_0_1'}, {'N_0_1'}]",0.48764055580316334,161,0.7888198757763976,0.9688331432915241,5262
"[{'NE_1_1'}, {'W_1_0'}, {'W_1_0'}, {'SW_1_1'}, {'STAY_0_0'}, {'NE_1_1'}]",0.4801158716596068,184,0.8369565217391305,0.9688331432915241,5262
"[{'E_1_0'}, {'E_1_0'}, {'E_1_0'}, {'SW_1_1'}, {'STAY_0_0'}, {'E_1_0'}, {'E_1_0'}, {'N_0_1'}, {'N_0_1'}, {'N_0_1'}]",0.4257399333741334,146,0.8013698630136986,0.9688331432915241,5262
"[{'E_1_0'}, {'E_1_0'}, {'E_1_0'}, {'S_0_1'}, {'S_0_1'}, {'STAY_0_0'}, {'E_1_0'}, {'NE_1_1'}, {'N_0_1'}]",0.42423992546146483,174,0.8160919540229885,0.9688331432915241,5262
"[{'NE_1_1'}, {'E_1_0'}, {'N_0_1'}, {'S_0_1'}]",0.4013679787220641,836,0.9186602870813397,0.9688331432915241,5262
"[{'NE_1_1'}, {'S_0_1'}, {'W_1_0'}, {'W_1_0'}, {'STAY_0_0'}, {'NE_1_1'}]",0.3985949489398599,230,0.8608695652173913,0.9688331432915241,5262
"[{'NE_1_1'}, {'E_1_0'}, {'N_0_1'}, {'E_1_0'}, {'E_1_0'}, {'W_1_0'}, {'STAY_0_0'}, {'W_1_0'}]",0.3890597303327279,179,0.8324022346368715,0.9688331432915241,5262
"[{'E_1_0'}, {'E_1_0'}, {'E_1_0'}, {'E_1_0'}, {'W_1_0'}, {'SW_1_1'}, {'STAY_0_0'}, {'N_0_1'}, {'W_1_0'}, {'W_1_0'}, {'W_1_0'}]",0.3773882313236496,135,0.8,0.9688331432915241,5262
"[{'E_1_0'}, {'E_1_0'}, {'E_1_0'}, {'S_0_1'}, {'SW_1_1'}, {'STAY_0_0'}, {'E_1_0'}, {'N_0_1'}, {'N_0_1'}, {'N_0_1'}]",0.3749276427254088,211,0.8246445497630331,0.9688331432915241,5262
"[{'NE_1_1'}, {'N_0_1'}, {'N_0_1'}, {'N_0_1'}, {'N_0_1'}, {'N_0_1'}, {'N_0_1'}, {'N_0_1'}, {'N_0_1'}, {'N_0_1'}, {'STAY_0_0'}]",0.3701838287665482,105,0.7904761904761904,0.9688331432915241,5262
"[{'N_0_1'}, {'N_0_1'}, {'N_0_1'}, {'E_1_0'}, {'E_1_0'}, {'W_1_0'}, {'STAY_0_0'}]",0.3629960561000176,229,0.8558951965065502,0.9688331432915241,5262
"[{'E_1_0'}, {'E_1_0'}, {'S_0_1'}, {'S_0_1'}, {'W_1_0'}, {'STAY_0_0'}, {'E_1_0'}, {'NE_1_1'}, {'N_0_1'}, {'N_0_1'}, {'W_1_0'}]",0.3607422194250205,164,0.8109756097560976,0.9688331432915241,5262
"[{'NE_1_1'}, {'N_0_1'}, {'E_1_0'}, {'E_1_0'}, {'W_1_0'}, {'STAY_0_0'}, {'W_1_0'}]",0.35873734751508346,205,0.8536585365853658,0.9688331432915241,5262
"[{'N_0_1'}, {'N_0_1'}, {'N_0_1'}, {'N_0_1'}, {'W_1_0'}, {'S_0_1'}, {'E_1_0'}]",0.34961975248069277,226,0.8584070796460177,0.9688331432915241,5262
"[{'N_0_1'}, {'N_0_1'}, {'N_0_1'}, {'N_0_1'}, {'S_0_1'}]",0.34064207794485757,896,0.9151785714285714,0.9688331432915241,5262
"[{'NE_1_1'}, {'E_1_0'}, {'N_0_1'}, {'E_1_0'}, {'NE_1_1'}, {'E_1_0'}, {'STAY_0_0'}]",0.34021519025409974,195,0.8564102564102564,0.9688331432915241,5262
"[{'E_1_0'}, {'E_1_0'}, {'S_0_1'}, {'S_0_1'}, {'S_0_1'}, {'S_0_1'}, {'W_1_0'}, {'SW_1_1'}, {'STAY_0_0'}, {'E_1_0'}, {'N_0_1'}, {'N_0_1'}, {'N_0_1'}]",0.33513845052374003,150,0.8,0.9688331432915241,5262
"[{'NE_1_1'}, {'E_1_0'}, {'N_0_1'}, {'E_1_0'}, {'S_0_1'}]",0.33277382664387556,708,0.9138418079096046,0.9688331432915241,5262
"[{'NE_1_1'}, {'E_1_0'}, {'N_0_1'}, {'E_1_0'}, {'E_1_0'}, {'STAY_0_0'}]",0.33021719088022294,474,0.8924050632911392,0.9688331432915241,5262
"[{'NE_1_1'}, {'NE_1_1'}, {'E_1_0'}, {'NE_1_1'}, {'W_1_0'}, {'STAY_0_0'}]",0.32843163254680763,249,0.8795180722891566,0.9688331432915241,5262
"[{'N_0_1'}, {'N_0_1'}, {'N_0_1'}, {'N_0_1'}, {'E_1_0'}, {'S_0_1'}, {'E_1_0'}]",0.3276030388108061,209,0.861244019138756,0.9688331432915241,5262
"[{'NE_1_1'}, {'N_0_1'}, {'N_0_1'}, {'N_0_1'}, {'N_0_1'}, {'N_0_1'}, {'N_0_1'}, {'N_0_1'}, {'W_1_0'}, {'W_1_0'}, {'W_1_0'}, {'STAY_0_0'}]",0.32539083213328324,125,0.8,0.9688331432915241,5262
"[{'N_0_1'}, {'NE_1_1'}, {'E_1_0'}, {'S_0_1'}, {'STAY_0_0'}]",0.31913401766098803,397,0.9093198992443325,0.9688331432915241,5262
"[{'NE_1_1'}, {'N_0_1'}, {'E_1_0'}, {'S_0_1'}, {'S_0_1'}]",0.3125128894402256,603,0.9170812603648425,0.9688331432915241,5262
"[{'E_1_0'}, {'E_1_0'}, {'E_1_0'}, {'SW_1_1'}, {'STAY_0_0'}, {'NE_1_1'}, {'E_1_0'}, {'N_0_1'}]",0.3088882458629181,131,0.8396946564885496,0.9688331432915241,5262
"[{'N_0_1'}, {'N_0_1'}, {'E_1_0'}, {'NE_1_1'}, {'S_0_1'}, {'SE_1_1'}]",0.3064008828113459,181,0.8784530386740331,0.9688331432915241,5262
"[{'N_0_1'}, {'N_0_1'}, {'N_0_1'}, {'N_0_1'}, {'S_0_1'}, {'SW_1_1'}]",0.3041097183168988,344,0.8924418604651163,0.9688331432915241,5262
"[{'E_1_0'}, {'E_1_0'}, {'W_1_0'}, {'W_1_0'}, {'SW_1_1'}, {'STAY_0_0'}, {'E_1_0'}, {'E_1_0'}, {'NE_1_1'}]",0.3012329878834651,115,0.8260869565217391,0.9688331432915241,5262
"[{'E_1_0'}, {'E_1_0'}, {'E_1_0'}, {'W_1_0'}, {'W_1_0'}, {'W_1_0'}, {'W_1_0'}, {'W_1_0'}, {'STAY_0_0'}, {'E_1_0'}, {'N_0_1'}, {'N_0_1'}, {'N_0_1'}]",0.3008467575526912,176,0.8125,0.9688331432915241,5262
"[{'N_0_1'}, {'N_0_1'}, {'NE_1_1'}, {'S_0_1'}, {'SW_1_1'}]",0.2964032046878148,382,0.9162303664921466,0.9688331432915241,5262
"[{'N_0_1'}, {'E_1_0'}, {'E_1_0'}, {'NE_1_1'}, {'S_0_1'}, {'STAY_0_0'}, {'E_1_0'}]",0.2963915523696937,124,0.8548387096774194,0.9688331432915241,5262
"[{'NE_1_1'}, {'E_1_0'}, {'E_1_0'}, {'N_0_1'}, {'N_0_1'}, {'N_0_1'}, {'N_0_1'}, {'STAY_0_0'}, {'W_1_0'}, {'W_1_0'}]",0.2932184086724421,220,0.8409090909090909,0.9688331432915241,5262
"[{'N_0_1'}, {'N_0_1'}, {'N_0_1'}, {'N_0_1'}, {'W_1_0'}, {'S_0_1'}]",0.29127607609633877,810,0.9098765432098765,0.9688331432915241,5262
"[{'NE_1_1'}, {'E_1_0'}, {'E_1_0'}, {'N_0_1'}, {'N_0_1'}, {'W_1_0'}, {'STAY_0_0'}]",0.2900488468165785,317,0.8801261829652997,0.9688331432915241,5262
"[{'E_1_0'}, {'N_0_1'}, {'N_0_1'}, {'N_0_1'}, {'N_0_1'}, {'N_0_1'}, {'N_0_1'}, {'N_0_1'}, {'N_0_1'}, {'W_1_0'}, {'E_1_0'}]",0.28936477625236534,202,0.8316831683168316,0.9688331432915241,5262
"[{'N_0_1'}, {'N_0_1'}, {'N_0_1'}, {'N_0_1'}, {'E_1_0'}, {'S_0_1'}, {'S_0_1'}, {'S_0_1'}, {'S_0_1'}, {'W_1_0'}]",0.2869653123507061,153,0.8300653594771242,0.9688331432915241,5262
"[{'NE_1_1'}, {'N_0_1'}, {'N_0_1'}, {'N_0_1'}, {'N_0_1'}, {'NW_1_1'}, {'N_0_1'}, {'E_1_0'}, {'S_0_1'}]",0.28397663635374426,149,0.8389261744966443,0.9688331432915241,5262
"[{'N_0_1'}, {'N_0_1'}, {'N_0_1'}, {'E_1_0'}, {'N_0_1'}, {'E_1_0'}, {'S_0_1'}, {'E_1_0'}]",0.28231612937053097,130,0.8461538461538461,0.9688331432915241,5262
"[{'E_1_0'}, {'E_1_0'}, {'E_1_0'}, {'SE_1_1'}, {'S_0_1'}, {'S_0_1'}, {'W_1_0'}, {'STAY_0_0'}, {'E_1_0'}, {'N_0_1'}, {'N_0_1'}, {'N_0_1'}, {'N_0_1'}]",0.2803534382878994,108,0.7962962962962963,0.9688331432915241,5262
"[{'N_0_1'}, {'N_0_1'}, {'NE_1_1'}, {'W_1_0'}, {'S_0_1'}, {'SE_1_1'}]",0.27646506282655636,167,0.8862275449101796,0.9688331432915241,5262
"[{'E_1_0'}, {'E_1_0'}, {'NW_1_1'}, {'N_0_1'}, {'N_0_1'}, {'S_0_1'}]",0.2754022502097455,426,0.903755868544601,0.9688331432915241,5262
"[{'N_0_1'}, {'N_0_1'}, {'N_0_1'}, {'S_0_1'}, {'S_0_1'}, {'W_1_0'}]",0.2752466105768687,464,0.9051724137931034,0.9688331432915241,5262
"[{'NE_1_1'}, {'E_1_0'}, {'E_1_0'}, {'E_1_0'}, {'S_0_1'}, {'W_1_0'}, {'W_1_0'}, {'STAY_0_0'}, {'N_0_1'}, {'N_0_1'}, {'N_0_1'}, {'N_0_1'}]",0.27472876865854157,107,0.8037383177570093,0.9688331432915241,5262
"[{'E_1_0'}, {'E_1_0'}, {'S_0_1'}, {'S_0_1'}, {'W_1_0'}, {'STAY_0_0'}, {'E_1_0'}, {'NE_1_1'}, {'N_0_1'}, {'N_0_1'}, {'N_0_1'}]",0.2742398948211091,169,0.8284023668639053,0.9688331432915241,5262
"[{'NE_1_1'}, {'N_0_1'}, {'N_0_1'}, {'N_0_1'}, {'NW_1_1'}, {'W_1_0'}, {'S_0_1'}, {'S_0_1'}, {'W_1_0'}]",0.2741991356533636,136,0.8382352941176471,0.9688331432915241,5262
"[{'N_0_1'}, {'N_0_1'}, {'E_1_0'}, {'N_0_1'}, {'W_1_0'}, {'E_1_0'}]",0.27402120147243114,403,0.9032258064516129,0.9688331432915241,5262
"[{'NE_1_1'}, {'N_0_1'}, {'E_1_0'}, {'S_0_1'}, {'S_0_1'}, {'S_0_1'}]",0.2739685762559223,466,0.9055793991416309,0.9688331432915241,5262
"[{'N_0_1'}, {'N_0_1'}, {'N_0_1'}, {'E_1_0'}, {'N_0_1'}, {'W_1_0'}, {'E_1_0'}]",0.2734123458681982,237,0.8776371308016878,0.9688331432915241,5262
"[{'N_0_1'}, {'N_0_1'}, {'N_0_1'}, {'N_0_1'}, {'N_0_1'}, {'S_0_1'}, {'S_0_1'}, {'E_1_0'}]",0.2709908668049432,150,0.8533333333333334,0.9688331432915241,5262
"[{'N_0_1'}, {'N_0_1'}, {'N_0_1'}, {'N_0_1'}, {'S_0_1'}, {'S_0_1'}]",0.2697599493284423,551,0.9092558983666061,0.9688331432915241,5262
"[{'NE_1_1'}, {'N_0_1'}, {'E_1_0'}, {'N_0_1'}, {'E_1_0'}, {'S_0_1'}]",0.26970108289810013,460,0.9065217391304348,0.9688331432915241,5262
"[{'E_1_0'}, {'N_0_1'}, {'E_1_0'}, {'E_1_0'}, {'W_1_0'}, {'STAY_0_0'}]",0.2690353563628537,619,0.9111470113085622,0.9688331432915241,5262
"[{'E_1_0'}, {'N_0_1'}, {'E_1_0'}, {'E_1_0'}, {'E_1_0'}, {'E_1_0'}, {'W_1_0'}, {'STAY_0_0'}, {'E_1_0'}]",0.2671420646216699,178,0.848314606741573,0.9688331432915241,5262
"[{'N_0_1'}, {'N_0_1'}, {'E_1_0'}, {'NE_1_1'}, {'S_0_1'}, {'S_0_1'}, {'E_1_0'}]",0.26671846252801035,201,0.8756218905472637,0.9688331432915241,5262
"[{'NE_1_1'}, {'NE_1_1'}, {'N_0_1'}, {'N_0_1'}, {'N_0_1'}, {'STAY_0_0'}]",0.26430491742739726,575,0.9113043478260869,0.9688331432915241,5262
"[{'N_0_1'}, {'N_0_1'}, {'E_1_0'}, {'S_0_1'}, {'E_1_0'}, {'STAY_0_0'}]",0.2612007104674495,259,0.8996138996138996,0.9688331432915241,5262
"[{'N_0_1'}, {'N_0_1'}, {'N_0_1'}, {'W_1_0'}, {'W_1_0'}, {'S_0_1'}]",0.2608010614884261,877,0.9179019384264538,0.9688331432915241,5262
"[{'N_0_1'}, {'N_0_1'}, {'N_0_1'}, {'N_0_1'}, {'S_0_1'}, {'W_1_0'}]",0.2602882244634964,597,0.9128978224455612,0.9688331432915241,5262
"[{'N_0_1'}, {'E_1_0'}, {'W_1_0'}, {'W_1_0'}, {'SW_1_1'}, {'STAY_0_0'}, {'E_1_0'}]",0.25958605906220544,205,0.8780487804878049,0.9688331432915241,5262
"[{'E_1_0'}, {'N_0_1'}, {'N_0_1'}, {'N_0_1'}, {'N_0_1'}, {'S_0_1'}]",0.2591603042805328,810,0.917283950617284,0.9688331432915241,5262
"[{'N_0_1'}, {'N_0_1'}, {'N_0_1'}, {'NW_1_1'}, {'E_1_0'}, {'S_0_1'}, {'S_0_1'}, {'W_1_0'}]",0.25687936143569556,129,0.8527131782945736,0.9688331432915241,5262
"[{'NE_1_1'}, {'E_1_0'}, {'NE_1_1'}, {'E_1_0'}, {'E_1_0'}, {'STAY_0_0'}]",0.2568583932241517,577,0.9133448873483535,0.9688331432915241,5262
"[{'N_0_1'}, {'N_0_1'}, {'N_0_1'}, {'N_0_1'}, {'N_0_1'}, {'S_0_1'}]",0.25573663231442034,820,0.9182926829268293,0.9688331432915241,5262
"[{'NE_1_1'}, {'E_1_0'}, {'N_0_1'}, {'N_0_1'}, {'N_0_1'}, {'STAY_0_0'}]",0.25539505532767515,749,0.9172229639519359,0.9688331432915241,5262
"[{'N_0_1'}, {'N_0_1'}, {'N_0_1'}, {'N_0_1'}, {'W_1_0'}, {'S_0_1'}, {'SW_1_1'}]",0.2532803484835402,315,0.8888888888888888,0.9688331432915241,5262
"[{'NE_1_1'}, {'E_1_0'}, {'W_1_0'}, {'W_1_0'}, {'N_0_1'}, {'W_1_0'}]",0.2515998959462685,645,0.9162790697674419,0.9688331432915241,5262
"[{'N_0_1'}, {'NE_1_1'}, {'S_0_1'}, {'E_1_0'}, {'S_0_1'}, {'W_1_0'}]",0.2506194787796152,347,0.9077809798270894,0.9688331432915241,5262
"[{'E_1_0'}, {'E_1_0'}, {'W_1_0'}, {'N_0_1'}, {'S_0_1'}, {'S_0_1'}]",0.2503196457916782,296,0.9054054054054054,0.9688331432915241,5262
"[{'E_1_0'}, {'E_1_0'}, {'N_0_1'}, {'E_1_0'}, {'W_1_0'}, {'STAY_0_0'}, {'W_1_0'}]",0.24992938305935986,420,0.8952380952380953,0.9688331432915241,5262
"[{'E_1_0'}, {'E_1_0'}, {'S_0_1'}, {'S_0_1'}, {'W_1_0'}, {'STAY_0_0'}, {'E_1_0'}, {'NE_1_1'}, {'N_0_1'}, {'N_0_1'}]",0.24933178715347715,211,0.8483412322274881,0.9688331432915241,5262
"[{'E_1_0'}, {'NE_1_1'}, {'E_1_0'}, {'E_1_0'}, {'NE_1_1'}, {'E_1_0'}, {'E_1_0'}, {'N_0_1'}, {'N_0_1'}, {'N_0_1'}, {'STAY_0_0'}]",0.24896454091257136,110,0.8181818181818182,0.9688331432915241,5262
"[{'NE_1_1'}, {'N_0_1'}, {'E_1_0'}, {'E_1_0'}, {'S_0_1'}, {'W_1_0'}]",0.24836798912138047,554,0.9151624548736462,0.9688331432915241,5262
"[{'NE_1_1'}, {'N_0_1'}, {'E_1_0'}, {'E_1_0'}, {'S_0_1'}, {'S_0_1'}, {'W_1_0'}]",0.24720942785658262,400,0.895,0.9688331432915241,5262
"[{'E_1_0'}, {'E_1_0'}, {'E_1_0'}, {'W_1_0'}, {'W_1_0'}, {'W_1_0'}, {'W_1_0'}, {'STAY_0_0'}, {'E_1_0'}, {'N_0_1'}, {'N_0_1'}, {'N_0_1'}]",0.24614929959907816,235,0.8382978723404255,0.9688331432915241,5262
"[{'NE_1_1'}, {'E_1_0'}, {'E_1_0'}, {'N_0_1'}, {'E_1_0'}, {'S_0_1'}]",0.24613068897403467,503,0.9145129224652088,0.9688331432915241,5262
"[{'NE_1_1'}, {'N_0_1'}, {'E_1_0'}, {'N_0_1'}, {'E_1_0'}, {'E_1_0'}, {'STAY_0_0'}]",0.24563472535221875,256,0.88671875,0.9688331432915241,5262
"[{'E_1_0'}, {'E_1_0'}, {'S_0_1'}, {'STAY_0_0'}, {'E_1_0'}, {'NE_1_1'}, {'N_0_1'}]",0.24408442608664227,290,0.8896551724137931,0.9688331432915241,5262
"[{'NE_1_1'}, {'N_0_1'}, {'E_1_0'}, {'N_0_1'}, {'E_1_0'}, {'E_1_0'}, {'S_0_1'}, {'S_0_1'}, {'S_0_1'}, {'S_0_1'}]",0.2436286364243112,141,0.8368794326241135,0.9688331432915241,5262
"[{'E_1_0'}, {'E_1_0'}, {'E_1_0'}, {'W_1_0'}, {'W_1_0'}, {'W_1_0'}, {'W_1_0'}, {'SW_1_1'}, {'E_1_0'}, {'STAY_0_0'}]",0.2431364272834733,230,0.8521739130434782,0.9688331432915241,5262
"[{'NE_1_1'}, {'N_0_1'}, {'N_0_1'}, {'N_0_1'}, {'W_1_0'}, {'W_1_0'}, {'S_0_1'}, {'S_0_1'}, {'S_0_1'}]",0.2425534252042595,204,0.8578431372549019,0.9688331432915241,5262
"[{'E_1_0'}, {'E_1_0'}, {'E_1_0'}, {'E_1_0'}, {'S_0_1'}, {'S_0_1'}, {'S_0_1'}, {'W_1_0'}, {'STAY_0_0'}, {'E_1_0'}, {'E_1_0'}, {'N_0_1'}, {'N_0_1'}]",0.24198791318152546,161,0.8198757763975155,0.9688331432915241,5262
"[{'NE_1_1'}, {'E_1_0'}, {'S_0_1'}, {'W_1_0'}, {'N_0_1'}, {'N_0_1'}]",0.24179720227853563,627,0.9186602870813397,0.9688331432915241,5262
"[{'N_0_1'}, {'E_1_0'}, {'N_0_1'}, {'E_1_0'}, {'W_1_0'}, {'E_1_0'}]",0.24146910583697068,388,0.9123711340206185,0.9688331432915241,5262
"[{'NE_1_1'}, {'E_1_0'}, {'S_0_1'}, {'SW_1_1'}, {'W_1_0'}, {'NE_1_1'}]",0.2412648853914927,402,0.9129353233830846,0.9688331432915241,5262
"[{'E_1_0'}, {'E_1_0'}, {'N_0_1'}, {'E_1_0'}, {'S_0_1'}, {'E_1_0'}]",0.24048653763731898,501,0.9161676646706587,0.9688331432915241,5262
"[{'E_1_0'}, {'NE_1_1'}, {'N_0_1'}, {'W_1_0'}, {'SW_1_1'}, {'E_1_0'}, {'E_1_0'}]",0.24033137508388347,155,0.8774193548387097,0.9688331432915241,5262
"[{'N_0_1'}, {'N_0_1'}, {'E_1_0'}, {'NE_1_1'}, {'E_1_0'}, {'S_0_1'}, {'SE_1_1'}]",0.23859639734367344,166,0.8795180722891566,0.9688331432915241,5262
"[{'NE_1_1'}, {'E_1_0'}, {'E_1_0'}, {'SW_1_1'}, {'W_1_0'}, {'NE_1_1'}]",0.23850656960015004,407,0.914004914004914,0.9688331432915241,5262
"[{'E_1_0'}, {'E_1_0'}, {'E_1_0'}, {'E_1_0'}, {'W_1_0'}, {'W_1_0'}, {'SW_1_1'}, {'STAY_0_0'}, {'N_0_1'}, {'W_1_0'}]",0.23849121534982054,215,0.8511627906976744,0.9688331432915241,5262
"[{'NE_1_1'}, {'N_0_1'}, {'E_1_0'}, {'N_0_1'}, {'N_0_1'}, {'N_0_1'}, {'N_0_1'}, {'STAY_0_0'}]",0.23823838401178155,287,0.8780487804878049,0.9688331432915241,5262
"[{'E_1_0'}, {'E_1_0'}, {'N_0_1'}, {'N_0_1'}, {'N_0_1'}, {'N_0_1'}, {'N_0_1'}, {'N_0_1'}, {'N_0_1'}, {'E_1_0'}, {'STAY_0_0'}, {'W_1_0'}]",0.23818982506103392,106,0.8113207547169812,0.9688331432915241,5262
"[{'N_0_1'}, {'N_0_1'}, {'N_0_1'}, {'N_0_1'}, {'W_1_0'}, {'W_1_0'}, {'S_0_1'}]",0.23571793295879195,765,0.9084967320261438,0.9688331432915241,5262
"[{'NE_1_1'}, {'NE_1_1'}, {'N_0_1'}, {'E_1_0'}, {'S_0_1'}, {'S_0_1'}]",0.23546459604964654,303,0.9108910891089109,0.9688331432915241,5262
"[{'NE_1_1'}, {'E_1_0'}, {'E_1_0'}, {'N_0_1'}, {'E_1_0'}, {'S_0_1'}, {'SW_1_1'}, {'W_1_0'}]",0.23522451557882174,191,0.8691099476439791,0.9688331432915241,5262
"[{'NE_1_1'}, {'NE_1_1'}, {'NE_1_1'}, {'E_1_0'}, {'NE_1_1'}, {'S_0_1'}]",0.23390078750463372,239,0.9079497907949791,0.9688331432915241,5262
"[{'N_0_1'}, {'N_0_1'}, {'E_1_0'}, {'NE_1_1'}, {'S_0_1'}, {'S_0_1'}]",0.23347326105314503,445,0.9168539325842696,0.9688331432915241,5262
"[{'NE_1_1'}, {'E_1_0'}, {'N_0_1'}, {'E_1_0'}, {'E_1_0'}, {'E_1_0'}, {'W_1_0'}, {'W_1_0'}, {'W_1_0'}, {'STAY_0_0'}, {'W_1_0'}]",0.23323466514331137,120,0.825,0.9688331432915241,5262
"[{'NE_1_1'}, {'W_1_0'}, {'STAY_0_0'}, {'NE_1_1'}, {'N_0_1'}, {'N_0_1'}, {'N_0_1'}, {'N_0_1'}]",0.23262152324263563,128,0.859375,0.9688331432915241,5262
"[{'NE_1_1'}, {'W_1_0'}, {'E_1_0'}, {'E_1_0'}, {'N_0_1'}, {'N_0_1'}, {'STAY_0_0'}]",0.23200869811624358,212,0.8867924528301887,0.9688331432915241,5262
"[{'E_1_0'}, {'NE_1_1'}, {'E_1_0'}, {'E_1_0'}, {'S_0_1'}, {'SW_1_1'}, {'W_1_0'}, {'STAY_0_0'}, {'NE_1_1'}]",0.23019268584972896,174,0.8563218390804598,0.9688331432915241,5262
"[{'N_0_1'}, {'E_1_0'}, {'NE_1_1'}, {'S_0_1'}, {'S_0_1'}, {'E_1_0'}]",0.22983977038446546,424,0.9174528301886793,0.9688331432915241,5262
"[{'N_0_1'}, {'NE_1_1'}, {'NE_1_1'}, {'S_0_1'}, {'S_0_1'}, {'S_0_1'}]",0.22755441436175416,400,0.9175,0.9688331432915241,5262
"[{'N_0_1'}, {'N_0_1'}, {'NE_1_1'}, {'E_1_0'}, {'S_0_1'}, {'S_0_1'}, {'W_1_0'}]",0.22747157659133654,317,0.8958990536277602,0.9688331432915241,5262
"[{'NE_1_1'}, {'N_0_1'}, {'E_1_0'}, {'NE_1_1'}, {'S_0_1'}, {'S_0_1'}]",0.22648865688616082,331,0.9154078549848943,0.9688331432915241,5262
"[{'NE_1_1'}, {'N_0_1'}, {'E_1_0'}, {'SE_1_1'}, {'SW_1_1'}, {'W_1_0'}]",0.2256932097684169,236,0.9110169491525424,0.9688331432915241,5262
"[{'NE_1_1'}, {'E_1_0'}, {'N_0_1'}, {'E_1_0'}, {'S_0_1'}, {'W_1_0'}, {'W_1_0'}]",0.22479778929210537,428,0.9018691588785047,0.9688331432915241,5262
"[{'N_0_1'}, {'N_0_1'}, {'E_1_0'}, {'N_0_1'}, {'E_1_0'}, {'S_0_1'}, {'S_0_1'}]",0.2246047288874038,416,0.9014423076923077,0.9688331432915241,5262
"[{'NE_1_1'}, {'NE_1_1'}, {'N_0_1'}, {'N_0_1'}, {'N_0_1'}, {'E_1_0'}, {'STAY_0_0'}]",0.2229019443640392,175,0.8857142857142857,0.9688331432915241,5262
"[{'E_1_0'}, {'E_1_0'}, {'E_1_0'}, {'E_1_0'}, {'N_0_1'}, {'E_1_0'}, {'W_1_0'}, {'E_1_0'}, {'S_0_1'}, {'W_1_0'}]",0.2227251131124739,123,0.8373983739837398,0.9688331432915241,5262
"[{'N_0_1'}, {'N_0_1'}, {'N_0_1'}, {'N_0_1'}, {'E_1_0'}, {'N_0_1'}, {'N_0_1'}, {'W_1_0'}, {'W_1_0'}, {'STAY_0_0'}]",0.2227251131124739,123,0.8373983739837398,0.9688331432915241,5262
"[{'E_1_0'}, {'E_1_0'}, {'E_1_0'}, {'N_0_1'}, {'E_1_0'}, {'E_1_0'}, {'STAY_0_0'}, {'S_0_1'}]",0.22225982342081674,237,0.8776371308016878,0.9688331432915241,5262
"[{'N_0_1'}, {'NE_1_1'}, {'E_1_0'}, {'SE_1_1'}, {'E_1_0'}, {'E_1_0'}]",0.22171597470000803,354,0.9180790960451978,0.9688331432915241,5262
"[{'N_0_1'}, {'N_0_1'}, {'E_1_0'}, {'N_0_1'}, {'E_1_0'}, {'SE_1_1'}, {'S_0_1'}, {'S_0_1'}, {'S_0_1'}, {'S_0_1'}]",0.22119095621435525,139,0.841726618705036,0.9688331432915241,5262
"[{'N_0_1'}, {'N_0_1'}, {'N_0_1'}, {'N_0_1'}, {'N_0_1'}, {'W_1_0'}, {'S_0_1'}]",0.22078732953553426,732,0.9112021857923497,0.9688331432915241,5262
"[{'E_1_0'}, {'E_1_0'}, {'W_1_0'}, {'W_1_0'}, {'W_1_0'}, {'W_1_0'}, {'STAY_0_0'}, {'E_1_0'}, {'NE_1_1'}, {'N_0_1'}, {'N_0_1'}, {'W_1_0'}, {'W_1_0'}, {'W_1_0'}]",0.21911162393313566,119,0.8067226890756303,0.9688331432915241,5262
"[{'N_0_1'}, {'E_1_0'}, {'NE_1_1'}, {'S_0_1'}, {'S_0_1'}, {'SE_1_1'}]",0.21782920795405414,318,0.9182389937106918,0.9688331432915241,5262
"[{'NE_1_1'}, {'N_0_1'}, {'N_0_1'}, {'E_1_0'}, {'E_1_0'}, {'S_0_1'}, {'S_0_1'}, {'S_0_1'}]",0.21717352076071372,220,0.8772727272727273,0.9688331432915241,5262
"[{'NE_1_1'}, {'N_0_1'}, {'N_0_1'}, {'N_0_1'}, {'N_0_1'}, {'N_0_1'}, {'W_1_0'}, {'STAY_0_0'}]",0.21604983700917546,390,0.8897435897435897,0.9688331432915241,5262
"[{'E_1_0'}, {'E_1_0'}, {'E_1_0'}, {'N_0_1'}, {'E_1_0'}, {'W_1_0'}, {'W_1_0'}, {'W_1_0'}, {'STAY_0_0'}, {'E_1_0'}]",0.21518880792305328,190,0.8526315789473684,0.9688331432915241,5262
"[{'NE_1_1'}, {'E_1_0'}, {'N_0_1'}, {'N_0_1'}, {'N_0_1'}, {'N_0_1'}, {'NW_1_1'}, {'W_1_0'}, {'W_1_0'}, {'S_0_1'}, {'S_0_1'}, {'S_0_1'}]",0.21484979402811888,103,0.8155339805825242,0.9688331432915241,5262
"[{'NE_1_1'}, {'E_1_0'}, {'NE_1_1'}, {'E_1_0'}, {'NE_1_1'}, {'E_1_0'}, {'W_1_0'}]",0.2144184571509602,368,0.9021739130434783,0.9688331432915241,5262
"[{'NE_1_1'}, {'E_1_0'}, {'E_1_0'}, {'W_1_0'}, {'N_0_1'}, {'N_0_1'}, {'N_0_1'}]",0.21354150316799025,681,0.9118942731277533,0.9688331432915241,5262
"[{'NE_1_1'}, {'N_0_1'}, {'N_0_1'}, {'E_1_0'}, {'NE_1_1'}, {'S_0_1'}, {'SW_1_1'}]",0.21329621156155665,138,0.8840579710144928,0.9688331432915241,5262
"[{'N_0_1'}, {'N_0_1'}, {'N_0_1'}, {'N_0_1'}, {'S_0_1'}, {'S_0_1'}, {'S_0_1'}, {'S_0_1'}, {'W_1_0'}]",0.2124122558731476,199,0.864321608040201,0.9688331432915241,5262
"[{'E_1_0'}, {'E_1_0'}, {'E_1_0'}, {'E_1_0'}, {'SW_1_1'}, {'S_0_1'}, {'W_1_0'}, {'W_1_0'}, {'W_1_0'}, {'W_1_0'}, {'STAY_0_0'}, {'E_1_0'}, {'N_0_1'}]",0.212382291573453,105,0.8095238095238095,0.9688331432915241,5262
"[{'N_0_1'}, {'N_0_1'}, {'E_1_0'}, {'S_0_1'}, {'E_1_0'}, {'SW_1_1'}, {'W_1_0'}]",0.21237478078081673,227,0.8942731277533039,0.9688331432915241,5262
"[{'N_0_1'}, {'N_0_1'}, {'N_0_1'}, {'N_0_1'}, {'E_1_0'}, {'SW_1_1'}, {'S_0_1'}, {'S_0_1'}, {'W_1_0'}]",0.2122579722826794,112,0.8482142857142857,0.9688331432915241,5262
"[{'E_1_0'}, {'E_1_0'}, {'E_1_0'}, {'N_0_1'}, {'E_1_0'}, {'E_1_0'}, {'W_1_0'}, {'E_1_0'}]",0.2118979732629458,350,0.8885714285714286,0.9688331432915241,5262
"[{'NE_1_1'}, {'N_0_1'}, {'N_0_1'}, {'N_0_1'}, {'N_0_1'}, {'N_0_1'}, {'N_0_1'}, {'E_1_0'}, {'S_0_1'}]",0.21144648545839695,314,0.8757961783439491,0.9688331432915241,5262
"[{'N_0_1'}, {'N_0_1'}, {'N_0_1'}, {'N_0_1'}, {'E_1_0'}, {'S_0_1'}, {'W_1_0'}]",0.2110197929097869,474,0.9071729957805907,0.9688331432915241,5262
"[{'NE_1_1'}, {'E_1_0'}, {'E_1_0'}, {'E_1_0'}, {'S_0_1'}, {'S_0_1'}, {'E_1_0'}, {'STAY_0_0'}]",0.21082361018939377,362,0.8895027624309392,0.9688331432915241,5262
"[{'NE_1_1'}, {'E_1_0'}, {'E_1_0'}, {'W_1_0'}, {'W_1_0'}, {'S_0_1'}, {'STAY_0_0'}, {'E_1_0'}]",0.20902609838103636,277,0.8844765342960289,0.9688331432915241,5262
"[{'NE_1_1'}, {'N_0_1'}, {'N_0_1'}, {'N_0_1'}, {'N_0_1'}, {'N_0_1'}, {'NW_1_1'}, {'N_0_1'}, {'S_0_1'}]",0.20850383756858115,147,0.8571428571428571,0.9688331432915241,5262
"[{'N_0_1'}, {'N_0_1'}, {'N_0_1'}, {'N_0_1'}, {'W_1_0'}, {'S_0_1'}, {'S_0_1'}, {'SW_1_1'}]",0.2083752762853479,195,0.8769230769230769,0.9688331432915241,5262
"[{'E_1_0'}, {'E_1_0'}, {'N_0_1'}, {'N_0_1'}, {'N_0_1'}, {'N_0_1'}, {'S_0_1'}]",0.20804407251797696,763,0.9148099606815203,0.9688331432915241,5262
"[{'NE_1_1'}, {'E_1_0'}, {'N_0_1'}, {'S_0_1'}, {'E_1_0'}, {'E_1_0'}, {'E_1_0'}]",0.2079115349450884,185,0.8918918918918919,0.9688331432915241,5262
"[{'N_0_1'}, {'N_0_1'}, {'N_0_1'}, {'NW_1_1'}, {'E_1_0'}, {'S_0_1'}, {'S_0_1'}]",0.20773782328834267,231,0.8961038961038961,0.9688331432915241,5262
"[{'E_1_0'}, {'E_1_0'}, {'NE_1_1'}, {'NE_1_1'}, {'N_0_1'}, {'N_0_1'}, {'STAY_0_0'}, {'W_1_0'}]",0.20763880868130236,332,0.8885542168674698,0.9688331432915241,5262
"[{'NE_1_1'}, {'N_0_1'}, {'E_1_0'}, {'N_0_1'}, {'E_1_0'}, {'S_0_1'}, {'W_1_0'}, {'W_1_0'}]",0.20578249111255575,227,0.8810572687224669,0.9688331432915241,5262
"[{'NE_1_1'}, {'E_1_0'}, {'N_0_1'}, {'E_1_0'}, {'E_1_0'}, {'E_1_0'}, {'W_1_0'}]",0.20567422751530118,658,0.9133738601823708,0.9688331432915241,5262
"[{'E_1_0'}, {'E_1_0'}, {'E_1_0'}, {'N_0_1'}, {'E_1_0'}, {'E_1_0'}, {'STAY_0_0'}, {'S_0_1'}, {'W_1_0'}]",0.20481353464781793,175,0.8628571428571429,0.9688331432915241,5262
"[{'N_0_1'}, {'E_1_0'}, {'N_0_1'}, {'E_1_0'}, {'SE_1_1'}, {'E_1_0'}, {'S_0_1'}, {'S_0_1'}]",0.2030803200710083,168,0.875,0.9688331432915241,5262
"[{'NE_1_1'}, {'N_0_1'}, {'E_1_0'}, {'N_0_1'}, {'E_1_0'}, {'E_1_0'}, {'S_0_1'}, {'W_1_0'}, {'W_1_0'}]",0.2026805843496441,185,0.8648648648648649,0.9688331432915241,5262
"[{'NE_1_1'}, {'N_0_1'}, {'N_0_1'}, {'N_0_1'}, {'N_0_1'}, {'N_0_1'}, {'N_0_1'}, {'N_0_1'}, {'E_1_0'}, {'S_0_1'}]",0.20235160678814312,257,0.8638132295719845,0.9688331432915241,5262
"[{'NE_1_1'}, {'E_1_0'}, {'W_1_0'}, {'W_1_0'}, {'N_0_1'}, {'N_0_1'}, {'N_0_1'}]",0.20144819021750937,724,0.9157458563535912,0.9688331432915241,5262
"[{'NE_1_1'}, {'E_1_0'}, {'SW_1_1'}, {'E_1_0'}, {'N_0_1'}, {'N_0_1'}, {'N_0_1'}]",0.20000477122891513,388,0.9072164948453608,0.9688331432915241,5262
"[{'E_1_0'}, {'E_1_0'}, {'E_1_0'}, {'N_0_1'}, {'E_1_0'}, {'E_1_0'}, {'W_1_0'}, {'W_1_0'}, {'W_1_0'}, {'W_1_0'}, {'E_1_0'}]",0.19918796850733034,224,0.8526785714285714,0.9688331432915241,5262
"[{'E_1_0'}, {'N_0_1'}, {'N_0_1'}, {'N_0_1'}, {'N_0_1'}, {'N_0_1'}, {'W_1_0'}, {'E_1_0'}, {'S_0_1'}]",0.19883986893369243,263,0.8745247148288974,0.9688331432915241,5262
"[{'N_0_1'}, {'N_0_1'}, {'E_1_0'}, {'E_1_0'}, {'SE_1_1'}, {'S_0_1'}, {'W_1_0'}]",0.19838269392395302,339,0.9056047197640118,0.9688331432915241,5262
"[{'NE_1_1'}, {'E_1_0'}, {'E_1_0'}, {'N_0_1'}, {'N_0_1'}, {'N_0_1'}, {'N_0_1'}, {'N_0_1'}, {'S_0_1'}, {'S_0_1'}, {'S_0_1'}]",0.19808217233389658,120,0.8333333333333334,0.9688331432915241,5262
"[{'N_0_1'}, {'E_1_0'}, {'N_0_1'}, {'E_1_0'}, {'S_0_1'}, {'W_1_0'}, {'W_1_0'}]",0.1971839970511381,445,0.9101123595505618,0.9688331432915241,5262
"[{'E_1_0'}, {'N_0_1'}, {'E_1_0'}, {'NE_1_1'}, {'S_0_1'}, {'E_1_0'}, {'W_1_0'}]",0.196569906270481,266,0.9022556390977443,0.9688331432915241,5262
"[{'NE_1_1'}, {'E_1_0'}, {'N_0_1'}, {'E_1_0'}, {'E_1_0'}, {'S_0_1'}, {'W_1_0'}, {'W_1_0'}]",0.19420979161895602,379,0.8944591029023746,0.9688331432915241,5262
"[{'N_0_1'}, {'NE_1_1'}, {'E_1_0'}, {'SE_1_1'}, {'E_1_0'}, {'S_0_1'}, {'S_0_1'}]",0.1941101932424082,332,0.9066265060240963,0.9688331432915241,5262
"[{'NE_1_1'}, {'NE_1_1'}, {'N_0_1'}, {'E_1_0'}, {'E_1_0'}, {'S_0_1'}, {'S_0_1'}, {'W_1_0'}]",0.19125936947586042,164,0.8780487804878049,0.9688331432915241,5262
"[{'E_1_0'}, {'NE_1_1'}, {'E_1_0'}, {'NE_1_1'}, {'E_1_0'}, {'W_1_0'}, {'E_1_0'}]",0.18935029362936584,365,0.9095890410958904,0.9688331432915241,5262
"[{'E_1_0'}, {'E_1_0'}, {'W_1_0'}, {'N_0_1'}, {'W_1_0'}, {'W_1_0'}, {'S_0_1'}]",0.18893610968934527,460,0.9130434782608695,0.9688331432915241,5262
"[{'E_1_0'}, {'E_1_0'}, {'E_1_0'}, {'N_0_1'}, {'S_0_1'}, {'W_1_0'}, {'W_1_0'}]",0.18856917173102083,544,0.9154411764705882,0.9688331432915241,5262
"[{'NE_1_1'}, {'E_1_0'}, {'N_0_1'}, {'S_0_1'}, {'W_1_0'}, {'SW_1_1'}, {'E_1_0'}]",0.18835978594333502,165,0.896969696969697,0.9688331432915241,5262
"[{'NE_1_1'}, {'E_1_0'}, {'E_1_0'}, {'W_1_0'}, {'W_1_0'}, {'STAY_0_0'}, {'N_0_1'}, {'N_0_1'}, {'N_0_1'}]",0.1878094947370218,270,0.8777777777777778,0.9688331432915241,5262
"[{'N_0_1'}, {'N_0_1'}, {'N_0_1'}, {'N_0_1'}, {'N_0_1'}, {'S_0_1'}, {'W_1_0'}]",0.1871928833318659,533,0.9155722326454033,0.9688331432915241,5262
"[{'NE_1_1'}, {'N_0_1'}, {'E_1_0'}, {'E_1_0'}, {'S_0_1'}, {'S_0_1'}, {'S_0_1'}, {'S_0_1'}]",0.18679625161528723,364,0.8956043956043956,0.9688331432915241,5262
"[{'NE_1_1'}, {'N_0_1'}, {'N_0_1'}, {'N_0_1'}, {'N_0_1'}, {'W_1_0'}, {'W_1_0'}, {'S_0_1'}]",0.18649884454791876,582,0.9037800687285223,0.9688331432915241,5262
"[{'N_0_1'}, {'N_0_1'}, {'E_1_0'}, {'S_0_1'}, {'S_0_1'}, {'S_0_1'}, {'S_0_1'}]",0.1864305792245351,563,0.91651865008881,0.9688331432915241,5262
"[{'N_0_1'}, {'N_0_1'}, {'E_1_0'}, {'E_1_0'}, {'S_0_1'}, {'SE_1_1'}, {'S_0_1'}]",0.18616727411924772,304,0.9078947368421053,0.9688331432915241,5262
"[{'NE_1_1'}, {'E_1_0'}, {'N_0_1'}, {'N_0_1'}, {'N_0_1'}, {'N_0_1'}, {'N_0_1'}, {'STAY_0_0'}, {'W_1_0'}]",0.18610248081977343,312,0.8814102564102564,0.9688331432915241,5262
"[{'N_0_1'}, {'N_0_1'}, {'N_0_1'}, {'N_0_1'}, {'W_1_0'}, {'SE_1_1'}, {'S_0_1'}, {'S_0_1'}]",0.1852119264097818,157,0.8789808917197452,0.9688331432915241,5262
"[{'N_0_1'}, {'E_1_0'}, {'N_0_1'}, {'E_1_0'}, {'S_0_1'}, {'S_0_1'}, {'S_0_1'}, {'S_0_1'}]",0.184771872024881,343,0.8950437317784257,0.9688331432915241,5262
"[{'E_1_0'}, {'E_1_0'}, {'SW_1_1'}, {'W_1_0'}, {'STAY_0_0'}, {'NE_1_1'}, {'E_1_0'}, {'N_0_1'}, {'N_0_1'}]",0.18439038171013322,120,0.8583333333333333,0.9688331432915241,5262
"[{'NE_1_1'}, {'N_0_1'}, {'N_0_1'}, {'N_0_1'}, {'N_0_1'}, {'N_0_1'}, {'NE_1_1'}, {'S_0_1'}]",0.18436396516144593,309,0.8932038834951457,0.9688331432915241,5262
"[{'E_1_0'}, {'E_1_0'}, {'E_1_0'}, {'E_1_0'}, {'E_1_0'}, {'NE_1_1'}, {'NE_1_1'}, {'N_0_1'}, {'N_0_1'}, {'STAY_0_0'}, {'W_1_0'}]",0.18407654724008893,196,0.8520408163265306,0.9688331432915241,5262
"[{'N_0_1'}, {'N_0_1'}, {'E_1_0'}, {'E_1_0'}, {'E_1_0'}, {'E_1_0'}, {'W_1_0'}, {'STAY_0_0'}]",0.1834166750074051,276,0.8913043478260869,0.9688331432915241,5262
"[{'E_1_0'}, {'E_1_0'}, {'E_1_0'}, {'E_1_0'}, {'N_0_1'}, {'E_1_0'}, {'E_1_0'}, {'E_1_0'}, {'E_1_0'}, {'E_1_0'}, {'STAY_0_0'}]",0.18332047970188203,155,0.8451612903225807,0.9688331432915241,5262
"[{'NE_1_1'}, {'N_0_1'}, {'N_0_1'}, {'N_0_1'}, {'N_0_1'}, {'N_0_1'}, {'SE_1_1'}, {'S_0_1'}, {'S_0_1'}]",0.18330851132776005,103,0.8543689320388349,0.9688331432915241,5262
"[{'E_1_0'}, {'N_0_1'}, {'N_0_1'}, {'N_0_1'}, {'N_0_1'}, {'N_0_1'}, {'N_0_1'}, {'N_0_1'}, {'N_0_1'}, {'N_0_1'}, {'N_0_1'}, {'STAY_0_0'}]",0.18227478487944104,116,0.8275862068965517,0.9688331432915241,5262
"[{'N_0_1'}, {'N_0_1'}, {'N_0_1'}, {'S_0_1'}, {'W_1_0'}, {'W_1_0'}, {'W_1_0'}]",0.18215750040481227,404,0.9133663366336634,0.9688331432915241,5262
"[{'NE_1_1'}, {'E_1_0'}, {'E_1_0'}, {'E_1_0'}, {'W_1_0'}, {'N_0_1'}, {'W_1_0'}]",0.18168155973117717,560,0.9178571428571428,0.9688331432915241,5262
"[{'N_0_1'}, {'N_0_1'}, {'N_0_1'}, {'N_0_1'}, {'N_0_1'}, {'W_1_0'}, {'W_1_0'}, {'S_0_1'}, {'S_0_1'}, {'S_0_1'}]",0.1810290209752371,231,0.8658008658008658,0.9688331432915241,5262
"[{'N_0_1'}, {'N_0_1'}, {'N_0_1'}, {'N_0_1'}, {'W_1_0'}, {'W_1_0'}, {'STAY_0_0'}]",0.18086161090596453,562,0.9181494661921709,0.9688331432915241,5262
"[{'E_1_0'}, {'N_0_1'}, {'E_1_0'}, {'E_1_0'}, {'S_0_1'}, {'E_1_0'}, {'STAY_0_0'}]",0.18069743956650153,325,0.9107692307692308,0.9688331432915241,5262
"[{'N_0_1'}, {'E_1_0'}, {'N_0_1'}, {'E_1_0'}, {'S_0_1'}, {'S_0_1'}, {'S_0_1'}, {'W_1_0'}]",0.1802687757968372,313,0.8945686900958466,0.9688331432915241,5262
"[{'NE_1_1'}, {'E_1_0'}, {'E_1_0'}, {'S_0_1'}, {'W_1_0'}, {'N_0_1'}, {'N_0_1'}, {'N_0_1'}]",0.17964626719814636,481,0.9022869022869023,0.9688331432915241,5262
"[{'N_0_1'}, {'N_0_1'}, {'E_1_0'}, {'E_1_0'}, {'E_1_0'}, {'S_0_1'}, {'E_1_0'}, {'S_0_1'}, {'SW_1_1'}]",0.17929326696402037,196,0.8724489795918368,0.9688331432915241,5262
"[{'E_1_0'}, {'E_1_0'}, {'S_0_1'}, {'S_0_1'}, {'W_1_0'}, {'W_1_0'}, {'W_1_0'}, {'W_1_0'}, {'W_1_0'}, {'W_1_0'}, {'STAY_0_0'}, {'E_1_0'}, {'NE_1_1'}]",0.17926949276098814,139,0.8273381294964028,0.9688331432915241,5262
"[{'E_1_0'}, {'E_1_0'}, {'E_1_0'}, {'NE_1_1'}, {'E_1_0'}, {'W_1_0'}, {'SW_1_1'}, {'STAY_0_0'}, {'E_1_0'}]",0.17819303907366513,226,0.8761061946902655,0.9688331432915241,5262
"[{'N_0_1'}, {'N_0_1'}, {'N_0_1'}, {'E_1_0'}, {'N_0_1'}, {'N_0_1'}, {'STAY_0_0'}]",0.17786403339104861,426,0.9154929577464789,0.9688331432915241,5262
"[{'N_0_1'}, {'N_0_1'}, {'N_0_1'}, {'E_1_0'}, {'E_1_0'}, {'E_1_0'}, {'STAY_0_0'}]",0.17735867578911257,427,0.9156908665105387,0.9688331432915241,5262
"[{'NE_1_1'}, {'E_1_0'}, {'E_1_0'}, {'W_1_0'}, {'NE_1_1'}, {'N_0_1'}, {'N_0_1'}, {'W_1_0'}]",0.1759311300916777,260,0.8923076923076924,0.9688331432915241,5262
"[{'N_0_1'}, {'N_0_1'}, {'N_0_1'}, {'N_0_1'}, {'E_1_0'}, {'E_1_0'}, {'STAY_0_0'}]",0.1757950140958009,416,0.9158653846153846,0.9688331432915241,5262
"[{'NE_1_1'}, {'E_1_0'}, {'E_1_0'}, {'S_0_1'}, {'E_1_0'}, {'NE_1_1'}, {'E_1_0'}]",0.17438920381680845,254,0.9094488188976378,0.9688331432915241,5262
"[{'NE_1_1'}, {'N_0_1'}, {'N_0_1'}, {'E_1_0'}, {'E_1_0'}, {'E_1_0'}, {'S_0_1'}]",0.17420525234488382,405,0.9160493827160494,0.9688331432915241,5262
"[{'NE_1_1'}, {'N_0_1'}, {'E_1_0'}, {'S_0_1'}, {'E_1_0'}, {'S_0_1'}, {'S_0_1'}, {'W_1_0'}]",0.17410668718368094,195,0.8871794871794871,0.9688331432915241,5262
"[{'N_0_1'}, {'N_0_1'}, {'N_0_1'}, {'NE_1_1'}, {'E_1_0'}, {'S_0_1'}, {'W_1_0'}]",0.1724983301923687,352,0.9147727272727273,0.9688331432915241,5262
"[{'N_0_1'}, {'N_0_1'}, {'NE_1_1'}, {'S_0_1'}, {'W_1_0'}, {'S_0_1'}, {'S_0_1'}]",0.17060969658460845,259,0.9111969111969112,0.9688331432915241,5262
"[{'NE_1_1'}, {'N_0_1'}, {'N_0_1'}, {'N_0_1'}, {'N_0_1'}, {'N_0_1'}, {'N_0_1'}, {'N_0_1'}, {'S_0_1'}]",0.1693039741221838,447,0.8926174496644296,0.9688331432915241,5262
"[{'E_1_0'}, {'E_1_0'}, {'NE_1_1'}, {'E_1_0'}, {'W_1_0'}, {'STAY_0_0'}, {'NE_1_1'}]",0.1690760583240386,330,0.9151515151515152,0.9688331432915241,5262
"[{'N_0_1'}, {'N_0_1'}, {'NE_1_1'}, {'E_1_0'}, {'E_1_0'}, {'S_0_1'}, {'S_0_1'}, {'STAY_0_0'}]",0.1687440987857669,145,0.8827586206896552,0.9688331432915241,5262
"[{'NE_1_1'}, {'N_0_1'}, {'N_0_1'}, {'N_0_1'}, {'W_1_0'}, {'W_1_0'}, {'S_0_1'}, {'S_0_1'}]",0.16795259439468335,350,0.9,0.9688331432915241,5262
"[{'N_0_1'}, {'N_0_1'}, {'NE_1_1'}, {'E_1_0'}, {'E_1_0'}, {'S_0_1'}, {'W_1_0'}]",0.16761963698149873,404,0.9183168316831684,0.9688331432915241,5262
"[{'E_1_0'}, {'SE_1_1'}, {'S_0_1'}, {'S_0_1'}, {'S_0_1'}, {'W_1_0'}, {'SW_1_1'}, {'STAY_0_0'}, {'NE_1_1'}]",0.16697813066954614,306,0.8856209150326797,0.9688331432915241,5262
"[{'E_1_0'}, {'N_0_1'}, {'N_0_1'}, {'N_0_1'}, {'N_0_1'}, {'W_1_0'}, {'W_1_0'}, {'S_0_1'}]",0.16639192486967758,699,0.9113018597997139,0.9688331432915241,5262
"[{'NE_1_1'}, {'E_1_0'}, {'E_1_0'}, {'N_0_1'}, {'E_1_0'}, {'E_1_0'}, {'E_1_0'}, {'W_1_0'}]",0.16625778078467734,426,0.903755868544601,0.9688331432915241,5262
"[{'N_0_1'}, {'N_0_1'}, {'NE_1_1'}, {'E_1_0'}, {'S_0_1'}, {'S_0_1'}, {'S_0_1'}, {'S_0_1'}]",0.16545618765444536,293,0.8976109215017065,0.9688331432915241,5262
"[{'E_1_0'}, {'E_1_0'}, {'W_1_0'}, {'SW_1_1'}, {'STAY_0_0'}, {'E_1_0'}, {'N_0_1'}, {'N_0_1'}, {'N_0_1'}, {'N_0_1'}, {'N_0_1'}]",0.1648397163847427,128,0.84375,0.9688331432915241,5262
"[{'N_0_1'}, {'N_0_1'}, {'N_0_1'}, {'N_0_1'}, {'N_0_1'}, {'W_1_0'}, {'W_1_0'}, {'S_0_1'}]",0.16462336716449122,703,0.9118065433854907,0.9688331432915241,5262
"[{'NE_1_1'}, {'E_1_0'}, {'NE_1_1'}, {'E_1_0'}, {'W_1_0'}, {'SW_1_1'}, {'W_1_0'}, {'STAY_0_0'}]",0.16449054408111963,294,0.8979591836734694,0.9688331432915241,5262
"[{'E_1_0'}, {'E_1_0'}, {'NE_1_1'}, {'NE_1_1'}, {'E_1_0'}, {'W_1_0'}, {'STAY_0_0'}, {'S_0_1'}]",0.16319301004313946,127,0.8818897637795275,0.9688331432915241,5262
"[{'E_1_0'}, {'N_0_1'}, {'N_0_1'}, {'N_0_1'}, {'E_1_0'}, {'STAY_0_0'}, {'E_1_0'}]",0.16306741152949134,298,0.9161073825503355,0.9688331432915241,5262
"[{'NE_1_1'}, {'E_1_0'}, {'N_0_1'}, {'N_0_1'}, {'N_0_1'}, {'N_0_1'}, {'N_0_1'}, {'N_0_1'}, {'S_0_1'}]",0.16299764710710185,364,0.8901098901098901,0.9688331432915241,5262
"[{'NE_1_1'}, {'E_1_0'}, {'E_1_0'}, {'NE_1_1'}, {'E_1_0'}, {'NE_1_1'}, {'E_1_0'}, {'W_1_0'}, {'W_1_0'}]",0.16267604605414887,205,0.8780487804878049,0.9688331432915241,5262
"[{'NE_1_1'}, {'N_0_1'}, {'E_1_0'}, {'W_1_0'}, {'W_1_0'}, {'N_0_1'}, {'N_0_1'}, {'N_0_1'}]",0.16182480257425513,238,0.8949579831932774,0.9688331432915241,5262
"[{'E_1_0'}, {'E_1_0'}, {'E_1_0'}, {'N_0_1'}, {'E_1_0'}, {'E_1_0'}, {'E_1_0'}, {'W_1_0'}, {'W_1_0'}, {'STAY_0_0'}, {'W_1_0'}, {'W_1_0'}]",0.16151189531395382,128,0.8359375,0.9688331432915241,5262
"[{'NE_1_1'}, {'NE_1_1'}, {'E_1_0'}, {'NE_1_1'}, {'W_1_0'}, {'N_0_1'}, {'N_0_1'}]",0.1615111560583954,190,0.9105263157894737,0.9688331432915241,5262
"[{'N_0_1'}, {'N_0_1'}, {'N_0_1'}, {'N_0_1'}, {'N_0_1'}, {'W_1_0'}, {'S_0_1'}, {'S_0_1'}, {'S_0_1'}, {'S_0_1'}, {'W_1_0'}]",0.16138393470077095,113,0.8407079646017699,0.9688331432915241,5262
"[{'N_0_1'}, {'NE_1_1'}, {'S_0_1'}, {'E_1_0'}, {'S_0_1'}, {'S_0_1'}, {'W_1_0'}]",0.16115853942163016,330,0.9181818181818182,0.9688331432915241,5262
"[{'NE_1_1'}, {'E_1_0'}, {'E_1_0'}, {'N_0_1'}, {'N_0_1'}, {'N_0_1'}, {'N_0_1'}, {'STAY_0_0'}]",0.1610836669540534,472,0.9067796610169492,0.9688331432915241,5262
"[{'E_1_0'}, {'N_0_1'}, {'N_0_1'}, {'N_0_1'}, {'N_0_1'}, {'N_0_1'}, {'W_1_0'}, {'S_0_1'}]",0.1610644042343614,684,0.9122807017543859,0.9688331432915241,5262
"[{'E_1_0'}, {'E_1_0'}, {'E_1_0'}, {'E_1_0'}, {'E_1_0'}, {'N_0_1'}, {'N_0_1'}, {'N_0_1'}, {'N_0_1'}, {'N_0_1'}, {'N_0_1'}, {'N_0_1'}, {'N_0_1'}, {'W_1_0'}, {'STAY_0_0'}]",0.16061016633790648,131,0.816793893129771,0.9688331432915241,5262
"[{'NE_1_1'}, {'NE_1_1'}, {'NE_1_1'}, {'S_0_1'}, {'W_1_0'}, {'S_0_1'}, {'E_1_0'}]",0.16032884893515997,178,0.9101123595505618,0.9688331432915241,5262
"[{'N_0_1'}, {'N_0_1'}, {'NE_1_1'}, {'E_1_0'}, {'NE_1_1'}, {'S_0_1'}, {'S_0_1'}]",0.15974464662482268,247,0.9149797570850202,0.9688331432915241,5262
"[{'E_1_0'}, {'E_1_0'}, {'E_1_0'}, {'E_1_0'}, {'N_0_1'}, {'E_1_0'}, {'E_1_0'}, {'STAY_0_0'}]",0.1592580604029319,501,0.908183632734531,0.9688331432915241,5262
"[{'NE_1_1'}, {'E_1_0'}, {'E_1_0'}, {'NW_1_1'}, {'E_1_0'}, {'N_0_1'}, {'E_1_0'}]",0.15895013718619644,193,0.9119170984455959,0.9688331432915241,5262
"[{'E_1_0'}, {'E_1_0'}, {'E_1_0'}, {'E_1_0'}, {'E_1_0'}, {'N_0_1'}, {'N_0_1'}, {'N_0_1'}, {'N_0_1'}, {'N_0_1'}, {'N_0_1'}, {'E_1_0'}, {'STAY_0_0'}, {'W_1_0'}]",0.15886732909682966,102,0.8137254901960784,0.9688331432915241,5262
"[{'E_1_0'}, {'E_1_0'}, {'S_0_1'}, {'S_0_1'}, {'SW_1_1'}, {'STAY_0_0'}, {'E_1_0'}, {'N_0_1'}, {'N_0_1'}, {'N_0_1'}]",0.15851594464038876,292,0.8767123287671232,0.9688331432915241,5262
"[{'N_0_1'}, {'N_0_1'}, {'N_0_1'}, {'N_0_1'}, {'E_1_0'}, {'NE_1_1'}, {'W_1_0'}, {'S_0_1'}, {'SW_1_1'}]",0.15848600507595456,148,0.8716216216216216,0.9688331432915241,5262
"[{'N_0_1'}, {'E_1_0'}, {'N_0_1'}, {'E_1_0'}, {'NE_1_1'}, {'S_0_1'}, {'S_0_1'}]",0.15824111086206805,292,0.9178082191780822,0.9688331432915241,5262
"[{'N_0_1'}, {'E_1_0'}, {'N_0_1'}, {'E_1_0'}, {'S_0_1'}, {'S_0_1'}, {'W_1_0'}, {'W_1_0'}]",0.1574663776579429,326,0.901840490797546,0.9688331432915241,5262
"[{'NE_1_1'}, {'E_1_0'}, {'N_0_1'}, {'E_1_0'}, {'E_1_0'}, {'E_1_0'}, {'E_1_0'}, {'W_1_0'}]",0.156928659233456,492,0.9085365853658537,0.9688331432915241,5262
"[{'E_1_0'}, {'NE_1_1'}, {'E_1_0'}, {'E_1_0'}, {'NE_1_1'}, {'W_1_0'}, {'STAY_0_0'}, {'W_1_0'}, {'W_1_0'}]",0.15555264095872112,199,0.8793969849246231,0.9688331432915241,5262
"[{'NE_1_1'}, {'E_1_0'}, {'E_1_0'}, {'E_1_0'}, {'W_1_0'}, {'SW_1_1'}, {'STAY_0_0'}, {'E_1_0'}]",0.15513501127043794,430,0.9069767441860465,0.9688331432915241,5262
"[{'NE_1_1'}, {'E_1_0'}, {'W_1_0'}, {'W_1_0'}, {'W_1_0'}, {'N_0_1'}, {'N_0_1'}, {'N_0_1'}]",0.15479053487816308,630,0.9126984126984127,0.9688331432915241,5262
"[{'NE_1_1'}, {'N_0_1'}, {'E_1_0'}, {'E_1_0'}, {'E_1_0'}, {'E_1_0'}, {'W_1_0'}, {'W_1_0'}, {'STAY_0_0'}, {'W_1_0'}, {'W_1_0'}]",0.15340149523475777,107,0.8411214953271028,0.9688331432915241,5262
"[{'NE_1_1'}, {'NE_1_1'}, {'W_1_0'}, {'W_1_0'}, {'N_0_1'}, {'E_1_0'}, {'E_1_0'}]",0.15310655444291799,243,0.9176954732510288,0.9688331432915241,5262
"[{'N_0_1'}, {'N_0_1'}, {'N_0_1'}, {'N_0_1'}, {'NW_1_1'}, {'W_1_0'}, {'W_1_0'}, {'S_0_1'}]",0.15300327878599773,539,0.9109461966604824,0.9688331432915241,5262
"[{'E_1_0'}, {'E_1_0'}, {'E_1_0'}, {'S_0_1'}, {'W_1_0'}, {'W_1_0'}, {'STAY_0_0'}, {'E_1_0'}, {'N_0_1'}, {'N_0_1'}]",0.15292647493385103,347,0.8818443804034583,0.9688331432915241,5262
"[{'N_0_1'}, {'N_0_1'}, {'N_0_1'}, {'S_0_1'}, {'SW_1_1'}, {'W_1_0'}, {'SW_1_1'}, {'W_1_0'}]",0.151656381880249,133,0.8872180451127819,0.9688331432915241,5262
"[{'E_1_0'}, {'NE_1_1'}, {'E_1_0'}, {'E_1_0'}, {'E_1_0'}, {'E_1_0'}, {'W_1_0'}, {'STAY_0_0'}, {'NE_1_1'}]",0.15138899949066587,171,0.8771929824561403,0.9688331432915241,5262
"[{'NE_1_1'}, {'N_0_1'}, {'N_0_1'}, {'N_0_1'}, {'N_0_1'}, {'NW_1_1'}, {'N_0_1'}, {'STAY_0_0'}]",0.15080545242890186,178,0.8932584269662921,0.9688331432915241,5262
"[{'E_1_0'}, {'NE_1_1'}, {'E_1_0'}, {'NE_1_1'}, {'N_0_1'}, {'N_0_1'}, {'N_0_1'}, {'STAY_0_0'}]",0.15078776400832594,398,0.907035175879397,0.9688331432915241,5262
"[{'N_0_1'}, {'N_0_1'}, {'N_0_1'}, {'S_0_1'}, {'W_1_0'}, {'W_1_0'}, {'W_1_0'}, {'W_1_0'}]",0.15074453485743544,297,0.9023569023569024,0.9688331432915241,5262
"[{'NE_1_1'}, {'E_1_0'}, {'N_0_1'}, {'E_1_0'}, {'E_1_0'}, {'E_1_0'}, {'E_1_0'}, {'E_1_0'}, {'W_1_0'}]",0.15051604165300625,354,0.8926553672316384,0.9688331432915241,5262
"[{'N_0_1'}, {'NE_1_1'}, {'N_0_1'}, {'N_0_1'}, {'S_0_1'}, {'S_0_1'}, {'S_0_1'}, {'W_1_0'}]",0.14987269467847242,134,0.8880597014925373,0.9688331432915241,5262
"[{'E_1_0'}, {'E_1_0'}, {'E_1_0'}, {'N_0_1'}, {'E_1_0'}, {'E_1_0'}, {'E_1_0'}, {'W_1_0'}, {'W_1_0'}, {'W_1_0'}, {'E_1_0'}]",0.14967951962715675,192,0.859375,0.9688331432915241,5262
"[{'E_1_0'}, {'E_1_0'}, {'E_1_0'}, {'S_0_1'}, {'S_0_1'}, {'W_1_0'}, {'STAY_0_0'}, {'E_1_0'}, {'N_0_1'}, {'N_0_1'}, {'N_0_1'}, {'N_0_1'}, {'W_1_0'}]",0.149481460129689,146,0.8356164383561644,0.9688331432915241,5262
"[{'E_1_0'}, {'E_1_0'}, {'E_1_0'}, {'E_1_0'}, {'E_1_0'}, {'S_0_1'}, {'STAY_0_0'}, {'NE_1_1'}]",0.14824143745044516,376,0.9069148936170213,0.9688331432915241,5262
"[{'N_0_1'}, {'N_0_1'}, {'N_0_1'}, {'N_0_1'}, {'N_0_1'}, {'W_1_0'}, {'S_0_1'}, {'S_0_1'}, {'S_0_1'}, {'S_0_1'}]",0.1472023311045867,182,0.8681318681318682,0.9688331432915241,5262
"[{'NE_1_1'}, {'E_1_0'}, {'E_1_0'}, {'E_1_0'}, {'SE_1_1'}, {'S_0_1'}, {'S_0_1'}, {'STAY_0_0'}, {'N_0_1'}, {'W_1_0'}]",0.14620560079876732,119,0.8571428571428571,0.9688331432915241,5262
"[{'E_1_0'}, {'N_0_1'}, {'E_1_0'}, {'N_0_1'}, {'N_0_1'}, {'N_0_1'}, {'NW_1_1'}, {'E_1_0'}, {'W_1_0'}]",0.1458037268907454,226,0.8849557522123894,0.9688331432915241,5262
"[{'E_1_0'}, {'E_1_0'}, {'E_1_0'}, {'S_0_1'}, {'S_0_1'}, {'SW_1_1'}, {'STAY_0_0'}, {'NE_1_1'}, {'NE_1_1'}]",0.1457358846719199,174,0.8793103448275862,0.9688331432915241,5262
"[{'E_1_0'}, {'S_0_1'}, {'STAY_0_0'}, {'E_1_0'}, {'NE_1_1'}, {'N_0_1'}, {'N_0_1'}, {'N_0_1'}]",0.14572073482102899,303,0.9042904290429042,0.9688331432915241,5262
"[{'E_1_0'}, {'E_1_0'}, {'NE_1_1'}, {'NE_1_1'}, {'N_0_1'}, {'N_0_1'}, {'N_0_1'}, {'STAY_0_0'}]",0.14565307521821702,459,0.9106753812636166,0.9688331432915241,5262
"[{'N_0_1'}, {'N_0_1'}, {'E_1_0'}, {'N_0_1'}, {'E_1_0'}, {'S_0_1'}, {'W_1_0'}, {'S_0_1'}, {'SW_1_1'}]",0.1456526377137568,144,0.875,0.9688331432915241,5262
"[{'E_1_0'}, {'E_1_0'}, {'E_1_0'}, {'E_1_0'}, {'E_1_0'}, {'E_1_0'}, {'N_0_1'}, {'E_1_0'}, {'E_1_0'}, {'N_0_1'}, {'N_0_1'}, {'STAY_0_0'}]",0.14529403051130363,206,0.8543689320388349,0.9688331432915241,5262
"[{'NE_1_1'}, {'E_1_0'}, {'E_1_0'}, {'E_1_0'}, {'E_1_0'}, {'S_0_1'}, {'S_0_1'}, {'S_0_1'}, {'S_0_1'}, {'W_1_0'}, {'STAY_0_0'}, {'NE_1_1'}]",0.14519365299091347,156,0.8461538461538461,0.9688331432915241,5262
"[{'NE_1_1'}, {'E_1_0'}, {'E_1_0'}, {'E_1_0'}, {'W_1_0'}, {'NE_1_1'}, {'N_0_1'}, {'N_0_1'}, {'W_1_0'}]",0.1449772322855878,195,0.882051282051282,0.9688331432915241,5262
"[{'E_1_0'}, {'E_1_0'}, {'E_1_0'}, {'E_1_0'}, {'SE_1_1'}, {'S_0_1'}, {'W_1_0'}, {'STAY_0_0'}, {'NE_1_1'}]",0.14487514177323202,292,0.8904109589041096,0.9688331432915241,5262
"[{'NE_1_1'}, {'E_1_0'}, {'N_0_1'}, {'E_1_0'}, {'E_1_0'}, {'E_1_0'}, {'S_0_1'}, {'W_1_0'}, {'W_1_0'}]",0.1448605184652043,337,0.8931750741839762,0.9688331432915241,5262
"[{'N_0_1'}, {'N_0_1'}, {'NE_1_1'}, {'NE_1_1'}, {'E_1_0'}, {'S_0_1'}, {'S_0_1'}, {'S_0_1'}]",0.1447833003995771,218,0.8990825688073395,0.9688331432915241,5262
"[{'E_1_0'}, {'E_1_0'}, {'S_0_1'}, {'STAY_0_0'}, {'E_1_0'}, {'N_0_1'}, {'N_0_1'}, {'N_0_1'}]",0.14263549564578715,451,0.9113082039911308,0.9688331432915241,5262
"[{'E_1_0'}, {'E_1_0'}, {'E_1_0'}, {'E_1_0'}, {'N_0_1'}, {'E_1_0'}, {'W_1_0'}, {'W_1_0'}, {'W_1_0'}, {'W_1_0'}, {'E_1_0'}]",0.14256458603034483,213,0.863849765258216,0.9688331432915241,5262
"[{'E_1_0'}, {'S_0_1'}, {'STAY_0_0'}, {'E_1_0'}, {'NE_1_1'}, {'NE_1_1'}, {'N_0_1'}, {'N_0_1'}]",0.14206431006330267,173,0.8959537572254336,0.9688331432915241,5262
"[{'E_1_0'}, {'NE_1_1'}, {'E_1_0'}, {'S_0_1'}, {'S_0_1'}, {'S_0_1'}, {'S_0_1'}, {'W_1_0'}, {'STAY_0_0'}, {'NE_1_1'}]",0.14076065986696784,185,0.8702702702702703,0.9688331432915241,5262
"[{'N_0_1'}, {'N_0_1'}, {'E_1_0'}, {'N_0_1'}, {'W_1_0'}, {'W_1_0'}, {'S_0_1'}, {'S_0_1'}]",0.1402660991301543,375,0.9093333333333333,0.9688331432915241,5262
"[{'N_0_1'}, {'N_0_1'}, {'N_0_1'}, {'N_0_1'}, {'N_0_1'}, {'N_0_1'}, {'S_0_1'}, {'S_0_1'}]",0.14014785771552696,442,0.9117647058823529,0.9688331432915241,5262
"[{'E_1_0'}, {'E_1_0'}, {'E_1_0'}, {'W_1_0'}, {'W_1_0'}, {'W_1_0'}, {'W_1_0'}, {'W_1_0'}, {'E_1_0'}, {'E_1_0'}, {'STAY_0_0'}, {'W_1_0'}]",0.13938584803904708,217,0.8571428571428571,0.9688331432915241,5262
"[{'N_0_1'}, {'E_1_0'}, {'N_0_1'}, {'E_1_0'}, {'E_1_0'}, {'S_0_1'}, {'S_0_1'}, {'S_0_1'}, {'S_0_1'}]",0.13902229661653687,320,0.89375,0.9688331432915241,5262
"[{'NE_1_1'}, {'E_1_0'}, {'E_1_0'}, {'E_1_0'}, {'E_1_0'}, {'E_1_0'}, {'E_1_0'}, {'E_1_0'}, {'E_1_0'}, {'STAY_0_0'}, {'W_1_0'}, {'W_1_0'}]",0.1386820583330146,200,0.855,0.9688331432915241,5262
"[{'N_0_1'}, {'N_0_1'}, {'N_0_1'}, {'N_0_1'}, {'N_0_1'}, {'N_0_1'}, {'N_0_1'}, {'N_0_1'}, {'N_0_1'}, {'N_0_1'}, {'W_1_0'}, {'E_1_0'}]",0.1385500928276414,118,0.8389830508474576,0.9688331432915241,5262
"[{'NE_1_1'}, {'E_1_0'}, {'N_0_1'}, {'E_1_0'}, {'NE_1_1'}, {'W_1_0'}, {'W_1_0'}, {'S_0_1'}]",0.13803539279296473,300,0.9066666666666666,0.9688331432915241,5262
"[{'E_1_0'}, {'N_0_1'}, {'N_0_1'}, {'N_0_1'}, {'N_0_1'}, {'N_0_1'}, {'N_0_1'}, {'E_1_0'}, {'STAY_0_0'}, {'W_1_0'}]",0.1379878478407195,158,0.8670886075949367,0.9688331432915241,5262
"[{'E_1_0'}, {'E_1_0'}, {'E_1_0'}, {'W_1_0'}, {'W_1_0'}, {'SW_1_1'}, {'STAY_0_0'}, {'E_1_0'}]",0.13683424815196787,645,0.9178294573643411,0.9688331432915241,5262
"[{'E_1_0'}, {'E_1_0'}, {'N_0_1'}, {'E_1_0'}, {'N_0_1'}, {'N_0_1'}, {'E_1_0'}, {'STAY_0_0'}, {'W_1_0'}]",0.13654830472374813,211,0.8862559241706162,0.9688331432915241,5262
"[{'E_1_0'}, {'E_1_0'}, {'N_0_1'}, {'N_0_1'}, {'E_1_0'}, {'E_1_0'}, {'E_1_0'}, {'STAY_0_0'}, {'W_1_0'}]",0.13654830472374813,211,0.8862559241706162,0.9688331432915241,5262
"[{'NE_1_1'}, {'NE_1_1'}, {'E_1_0'}, {'W_1_0'}, {'W_1_0'}, {'W_1_0'}, {'W_1_0'}, {'STAY_0_0'}]",0.13599246465313242,436,0.9128440366972477,0.9688331432915241,5262
"[{'NE_1_1'}, {'W_1_0'}, {'W_1_0'}, {'W_1_0'}, {'W_1_0'}, {'W_1_0'}, {'E_1_0'}, {'E_1_0'}]",0.135612385184274,605,0.9173553719008265,0.9688331432915241,5262
"[{'N_0_1'}, {'N_0_1'}, {'E_1_0'}, {'S_0_1'}, {'S_0_1'}, {'S_0_1'}, {'S_0_1'}, {'S_0_1'}]",0.13555832771333365,506,0.9150197628458498,0.9688331432915241,5262
"[{'NE_1_1'}, {'E_1_0'}, {'E_1_0'}, {'NE_1_1'}, {'N_0_1'}, {'N_0_1'}, {'N_0_1'}, {'W_1_0'}]",0.13476019153540308,665,0.9187969924812031,0.9688331432915241,5262
"[{'E_1_0'}, {'E_1_0'}, {'E_1_0'}, {'S_0_1'}, {'S_0_1'}, {'W_1_0'}, {'W_1_0'}, {'STAY_0_0'}, {'NE_1_1'}, {'N_0_1'}, {'N_0_1'}, {'N_0_1'}, {'W_1_0'}, {'W_1_0'}, {'W_1_0'}]",0.13465796815188313,122,0.819672131147541,0.9688331432915241,5262
"[{'N_0_1'}, {'N_0_1'}, {'E_1_0'}, {'NE_1_1'}, {'E_1_0'}, {'E_1_0'}, {'S_0_1'}, {'E_1_0'}]",0.13456862778052636,179,0.8994413407821229,0.9688331432915241,5262
"[{'E_1_0'}, {'S_0_1'}, {'S_0_1'}, {'S_0_1'}, {'S_0_1'}, {'W_1_0'}, {'SW_1_1'}, {'W_1_0'}, {'STAY_0_0'}, {'E_1_0'}, {'N_0_1'}, {'N_0_1'}, {'N_0_1'}]",0.13410892454274914,150,0.84,0.9688331432915241,5262
"[{'N_0_1'}, {'N_0_1'}, {'N_0_1'}, {'E_1_0'}, {'E_1_0'}, {'E_1_0'}, {'SE_1_1'}, {'S_0_1'}]",0.13325321282453173,242,0.9049586776859504,0.9688331432915241,5262
"[{'NE_1_1'}, {'E_1_0'}, {'E_1_0'}, {'E_1_0'}, {'N_0_1'}, {'SW_1_1'}, {'W_1_0'}, {'W_1_0'}]",0.13243086694371853,334,0.9101796407185628,0.9688331432915241,5262
"[{'E_1_0'}, {'N_0_1'}, {'E_1_0'}, {'NE_1_1'}, {'W_1_0'}, {'W_1_0'}, {'S_0_1'}, {'SE_1_1'}]",0.13213445680111524,169,0.8994082840236687,0.9688331432915241,5262
"[{'N_0_1'}, {'N_0_1'}, {'N_0_1'}, {'N_0_1'}, {'E_1_0'}, {'W_1_0'}, {'S_0_1'}, {'W_1_0'}]",0.13196507278644198,416,0.9134615384615384,0.9688331432915241,5262
"[{'NE_1_1'}, {'NE_1_1'}, {'NE_1_1'}, {'E_1_0'}, {'S_0_1'}, {'S_0_1'}, {'E_1_0'}, {'W_1_0'}]",0.13108259425110813,182,0.9010989010989011,0.9688331432915241,5262
"[{'E_1_0'}, {'NE_1_1'}, {'NE_1_1'}, {'E_1_0'}, {'E_1_0'}, {'W_1_0'}, {'N_0_1'}, {'N_0_1'}]",0.13043441901828368,271,0.9077490774907749,0.9688331432915241,5262
"[{'NE_1_1'}, {'E_1_0'}, {'E_1_0'}, {'E_1_0'}, {'N_0_1'}, {'E_1_0'}, {'E_1_0'}, {'E_1_0'}]",0.13036734311381515,546,0.9175824175824175,0.9688331432915241,5262
"[{'NE_1_1'}, {'E_1_0'}, {'E_1_0'}, {'E_1_0'}, {'W_1_0'}, {'W_1_0'}, {'N_0_1'}, {'N_0_1'}, {'N_0_1'}]",0.13020948654786646,499,0.9038076152304609,0.9688331432915241,5262
"[{'NE_1_1'}, {'NE_1_1'}, {'E_1_0'}, {'E_1_0'}, {'SW_1_1'}, {'W_1_0'}, {'W_1_0'}, {'N_0_1'}, {'N_0_1'}]",0.1286742910375529,250,0.892,0.9688331432915241,5262
"[{'E_1_0'}, {'NE_1_1'}, {'N_0_1'}, {'N_0_1'}, {'N_0_1'}, {'N_0_1'}, {'NW_1_1'}, {'W_1_0'}, {'S_0_1'}]",0.12662795839253294,393,0.9007633587786259,0.9688331432915241,5262
"[{'NE_1_1'}, {'E_1_0'}, {'N_0_1'}, {'N_0_1'}, {'N_0_1'}, {'N_0_1'}, {'N_0_1'}, {'N_0_1'}, {'N_0_1'}, {'E_1_0'}, {'N_0_1'}, {'S_0_1'}]",0.12625967609252942,121,0.8429752066115702,0.9688331432915241,5262
"[{'N_0_1'}, {'N_0_1'}, {'N_0_1'}, {'N_0_1'}, {'N_0_1'}, {'N_0_1'}, {'N_0_1'}, {'N_0_1'}, {'N_0_1'}, {'N_0_1'}, {'STAY_0_0'}]",0.1258938071975475,157,0.8598726114649682,0.9688331432915241,5262
"[{'NE_1_1'}, {'E_1_0'}, {'E_1_0'}, {'E_1_0'}, {'E_1_0'}, {'E_1_0'}, {'S_0_1'}, {'N_0_1'}]",0.12584635693288704,499,0.9178356713426854,0.9688331432915241,5262
"[{'N_0_1'}, {'N_0_1'}, {'NE_1_1'}, {'S_0_1'}, {'S_0_1'}, {'S_0_1'}, {'S_0_1'}, {'S_0_1'}, {'W_1_0'}]",0.1256650676153972,230,0.8913043478260869,0.9688331432915241,5262
"[{'NE_1_1'}, {'E_1_0'}, {'N_0_1'}, {'E_1_0'}, {'E_1_0'}, {'E_1_0'}, {'SW_1_1'}, {'W_1_0'}]",0.12566500191066843,414,0.9154589371980676,0.9688331432915241,5262
"[{'E_1_0'}, {'E_1_0'}, {'E_1_0'}, {'N_0_1'}, {'N_0_1'}, {'N_0_1'}, {'E_1_0'}, {'N_0_1'}, {'N_0_1'}, {'STAY_0_0'}]",0.12530499763756364,233,0.8798283261802575,0.9688331432915241,5262
"[{'N_0_1'}, {'N_0_1'}, {'N_0_1'}, {'N_0_1'}, {'E_1_0'}, {'N_0_1'}, {'N_0_1'}, {'STAY_0_0'}]",0.125122359061688,278,0.9100719424460432,0.9688331432915241,5262
"[{'E_1_0'}, {'NE_1_1'}, {'E_1_0'}, {'W_1_0'}, {'SW_1_1'}, {'STAY_0_0'}, {'E_1_0'}, {'W_1_0'}]",0.12496355972769857,305,0.9114754098360656,0.9688331432915241,5262
"[{'NE_1_1'}, {'E_1_0'}, {'NE_1_1'}, {'E_1_0'}, {'E_1_0'}, {'W_1_0'}, {'STAY_0_0'}, {'W_1_0'}]",0.12485239485618072,346,0.9132947976878613,0.9688331432915241,5262
"[{'NE_1_1'}, {'NE_1_1'}, {'NE_1_1'}, {'E_1_0'}, {'NE_1_1'}, {'E_1_0'}, {'W_1_0'}, {'W_1_0'}]",0.12478929787577153,226,0.9070796460176991,0.9688331432915241,5262
"[{'NE_1_1'}, {'E_1_0'}, {'E_1_0'}, {'E_1_0'}, {'E_1_0'}, {'NE_1_1'}, {'E_1_0'}, {'N_0_1'}, {'N_0_1'}, {'W_1_0'}]",0.124686219198206,254,0.8818897637795275,0.9688331432915241,5262
"[{'NE_1_1'}, {'E_1_0'}, {'E_1_0'}, {'N_0_1'}, {'N_0_1'}, {'W_1_0'}, {'W_1_0'}, {'S_0_1'}]",0.12399886387173364,460,0.9173913043478261,0.9688331432915241,5262
"[{'E_1_0'}, {'E_1_0'}, {'N_0_1'}, {'N_0_1'}, {'N_0_1'}, {'N_0_1'}, {'W_1_0'}, {'W_1_0'}, {'S_0_1'}]",0.12351930339285522,666,0.9099099099099099,0.9688331432915241,5262
"[{'NE_1_1'}, {'NE_1_1'}, {'E_1_0'}, {'E_1_0'}, {'S_0_1'}, {'W_1_0'}, {'S_0_1'}, {'NE_1_1'}]",0.12295631441455368,177,0.903954802259887,0.9688331432915241,5262
"[{'N_0_1'}, {'N_0_1'}, {'N_0_1'}, {'E_1_0'}, {'S_0_1'}, {'W_1_0'}, {'S_0_1'}, {'W_1_0'}, {'W_1_0'}]",0.12265614265189984,210,0.8904761904761904,0.9688331432915241,5262
"[{'E_1_0'}, {'N_0_1'}, {'NE_1_1'}, {'N_0_1'}, {'NW_1_1'}, {'N_0_1'}, {'N_0_1'}, {'STAY_0_0'}]",0.12226717558632672,105,0.8952380952380953,0.9688331432915241,5262
"[{'NE_1_1'}, {'NE_1_1'}, {'N_0_1'}, {'N_0_1'}, {'E_1_0'}, {'N_0_1'}, {'E_1_0'}, {'STAY_0_0'}]",0.12226717558632672,105,0.8952380952380953,0.9688331432915241,5262
"[{'NE_1_1'}, {'N_0_1'}, {'E_1_0'}, {'NE_1_1'}, {'E_1_0'}, {'S_0_1'}, {'S_0_1'}, {'W_1_0'}, {'W_1_0'}]",0.12212209208854141,156,0.8846153846153846,0.9688331432915241,5262
"[{'NE_1_1'}, {'N_0_1'}, {'E_1_0'}, {'E_1_0'}, {'S_0_1'}, {'W_1_0'}, {'W_1_0'}, {'W_1_0'}]",0.12188903821847374,365,0.915068493150685,0.9688331432915241,5262
"[{'N_0_1'}, {'E_1_0'}, {'E_1_0'}, {'W_1_0'}, {'W_1_0'}, {'STAY_0_0'}, {'W_1_0'}, {'W_1_0'}]",0.12188903821847374,365,0.915068493150685,0.9688331432915241,5262
"[{'E_1_0'}, {'NE_1_1'}, {'E_1_0'}, {'E_1_0'}, {'E_1_0'}, {'NE_1_1'}, {'E_1_0'}, {'W_1_0'}]",0.120403007013417,468,0.9188034188034188,0.9688331432915241,5262
"[{'N_0_1'}, {'N_0_1'}, {'N_0_1'}, {'N_0_1'}, {'NW_1_1'}, {'N_0_1'}, {'E_1_0'}, {'SE_1_1'}]",0.12024602674554008,118,0.8983050847457628,0.9688331432915241,5262
"[{'NE_1_1'}, {'S_0_1'}, {'S_0_1'}, {'SW_1_1'}, {'W_1_0'}, {'W_1_0'}, {'N_0_1'}, {'N_0_1'}, {'N_0_1'}]",0.12018362011335437,439,0.9043280182232346,0.9688331432915241,5262
"[{'NE_1_1'}, {'N_0_1'}, {'E_1_0'}, {'S_0_1'}, {'S_0_1'}, {'E_1_0'}, {'S_0_1'}, {'S_0_1'}, {'W_1_0'}]",0.11993556038105968,168,0.8869047619047619,0.9688331432915241,5262
"[{'N_0_1'}, {'NE_1_1'}, {'E_1_0'}, {'E_1_0'}, {'SE_1_1'}, {'S_0_1'}, {'S_0_1'}, {'W_1_0'}]",0.11978995860686215,383,0.9164490861618799,0.9688331432915241,5262
"[{'N_0_1'}, {'N_0_1'}, {'N_0_1'}, {'N_0_1'}, {'N_0_1'}, {'N_0_1'}, {'N_0_1'}, {'N_0_1'}, {'W_1_0'}, {'E_1_0'}, {'E_1_0'}]",0.11959598428510942,196,0.8673469387755102,0.9688331432915241,5262
"[{'E_1_0'}, {'E_1_0'}, {'E_1_0'}, {'W_1_0'}, {'W_1_0'}, {'SW_1_1'}, {'W_1_0'}, {'W_1_0'}, {'STAY_0_0'}, {'E_1_0'}]",0.11944694859643934,322,0.8881987577639752,0.9688331432915241,5262
"[{'N_0_1'}, {'N_0_1'}, {'S_0_1'}, {'S_0_1'}, {'S_0_1'}, {'S_0_1'}, {'E_1_0'}, {'S_0_1'}]",0.11917064284338508,314,0.9140127388535032,0.9688331432915241,5262
"[{'N_0_1'}, {'N_0_1'}, {'N_0_1'}, {'N_0_1'}, {'N_0_1'}, {'W_1_0'}, {'W_1_0'}, {'S_0_1'}, {'S_0_1'}]",0.11881244828504478,391,0.9028132992327366,0.9688331432915241,5262
"[{'E_1_0'}, {'SE_1_1'}, {'SW_1_1'}, {'W_1_0'}, {'W_1_0'}, {'W_1_0'}, {'W_1_0'}, {'STAY_0_0'}, {'E_1_0'}, {'E_1_0'}, {'E_1_0'}, {'W_1_0'}]",0.11836028296855594,115,0.8434782608695652,0.9688331432915241,5262
"[{'NE_1_1'}, {'S_0_1'}, {'S_0_1'}, {'E_1_0'}, {'N_0_1'}, {'N_0_1'}, {'N_0_1'}, {'N_0_1'}]",0.11811424163186368,372,0.9166666666666666,0.9688331432915241,5262
"[{'NE_1_1'}, {'E_1_0'}, {'N_0_1'}, {'S_0_1'}, {'W_1_0'}, {'W_1_0'}, {'S_0_1'}, {'S_0_1'}]",0.11764156948510152,248,0.9112903225806451,0.9688331432915241,5262
"[{'E_1_0'}, {'E_1_0'}, {'E_1_0'}, {'W_1_0'}, {'W_1_0'}, {'STAY_0_0'}, {'NE_1_1'}, {'NE_1_1'}, {'N_0_1'}, {'N_0_1'}, {'N_0_1'}]",0.11704313067791672,125,0.856,0.9688331432915241,5262
"[{'NE_1_1'}, {'N_0_1'}, {'N_0_1'}, {'N_0_1'}, {'N_0_1'}, {'E_1_0'}, {'N_0_1'}, {'N_0_1'}, {'E_1_0'}, {'S_0_1'}]",0.1163649074811457,158,0.8734177215189873,0.9688331432915241,5262
"[{'E_1_0'}, {'W_1_0'}, {'STAY_0_0'}, {'E_1_0'}, {'NE_1_1'}, {'N_0_1'}, {'N_0_1'}, {'N_0_1'}, {'W_1_0'}]",0.11610978478582279,273,0.8974358974358975,0.9688331432915241,5262
"[{'E_1_0'}, {'E_1_0'}, {'NE_1_1'}, {'E_1_0'}, {'W_1_0'}, {'SW_1_1'}, {'W_1_0'}, {'STAY_0_0'}, {'E_1_0'}]",0.11562525119480471,250,0.896,0.9688331432915241,5262
"[{'E_1_0'}, {'E_1_0'}, {'SE_1_1'}, {'S_0_1'}, {'S_0_1'}, {'STAY_0_0'}, {'E_1_0'}, {'N_0_1'}, {'N_0_1'}, {'N_0_1'}, {'N_0_1'}]",0.11543110389905564,161,0.8633540372670807,0.9688331432915241,5262
"[{'NE_1_1'}, {'E_1_0'}, {'E_1_0'}, {'N_0_1'}, {'N_0_1'}, {'N_0_1'}, {'N_0_1'}, {'E_1_0'}, {'W_1_0'}, {'W_1_0'}, {'W_1_0'}]",0.1145813257043451,227,0.8722466960352423,0.9688331432915241,5262
"[{'N_0_1'}, {'N_0_1'}, {'NE_1_1'}, {'E_1_0'}, {'S_0_1'}, {'S_0_1'}, {'S_0_1'}, {'S_0_1'}, {'SW_1_1'}]",0.1144573780516367,205,0.8926829268292683,0.9688331432915241,5262
"[{'NE_1_1'}, {'E_1_0'}, {'E_1_0'}, {'E_1_0'}, {'E_1_0'}, {'W_1_0'}, {'W_1_0'}, {'SW_1_1'}, {'STAY_0_0'}, {'E_1_0'}]",0.11419081139865339,283,0.8869257950530035,0.9688331432915241,5262
"[{'E_1_0'}, {'E_1_0'}, {'E_1_0'}, {'N_0_1'}, {'W_1_0'}, {'E_1_0'}, {'E_1_0'}, {'S_0_1'}]",0.11397493681581672,337,0.9169139465875371,0.9688331432915241,5262
"[{'NE_1_1'}, {'E_1_0'}, {'E_1_0'}, {'E_1_0'}, {'S_0_1'}, {'W_1_0'}, {'N_0_1'}, {'N_0_1'}, {'N_0_1'}]",0.11377649228803399,436,0.9059633027522935,0.9688331432915241,5262
"[{'N_0_1'}, {'E_1_0'}, {'E_1_0'}, {'E_1_0'}, {'E_1_0'}, {'E_1_0'}, {'STAY_0_0'}, {'E_1_0'}]",0.11311148986189279,282,0.9148936170212766,0.9688331432915241,5262
"[{'E_1_0'}, {'E_1_0'}, {'NE_1_1'}, {'NE_1_1'}, {'N_0_1'}, {'W_1_0'}, {'S_0_1'}, {'S_0_1'}]",0.11279916338134643,241,0.9128630705394191,0.9688331432915241,5262
"[{'N_0_1'}, {'N_0_1'}, {'N_0_1'}, {'W_1_0'}, {'W_1_0'}, {'S_0_1'}, {'S_0_1'}, {'W_1_0'}, {'S_0_1'}]",0.11247899326656519,218,0.8944954128440367,0.9688331432915241,5262
"[{'E_1_0'}, {'N_0_1'}, {'N_0_1'}, {'W_1_0'}, {'W_1_0'}, {'W_1_0'}, {'S_0_1'}, {'S_0_1'}, {'W_1_0'}]",0.1121564150354476,289,0.8996539792387543,0.9688331432915241,5262
"[{'N_0_1'}, {'N_0_1'}, {'N_0_1'}, {'N_0_1'}, {'N_0_1'}, {'N_0_1'}, {'N_0_1'}, {'W_1_0'}, {'E_1_0'}]",0.1116502199699203,401,0.9052369077306733,0.9688331432915241,5262
"[{'E_1_0'}, {'E_1_0'}, {'E_1_0'}, {'E_1_0'}, {'E_1_0'}, {'E_1_0'}, {'N_0_1'}, {'E_1_0'}, {'E_1_0'}, {'STAY_0_0'}]",0.1113986027809375,363,0.8925619834710744,0.9688331432915241,5262
"[{'E_1_0'}, {'E_1_0'}, {'N_0_1'}, {'N_0_1'}, {'N_0_1'}, {'N_0_1'}, {'E_1_0'}, {'N_0_1'}, {'STAY_0_0'}]",0.11136396136682125,254,0.8976377952755905,0.9688331432915241,5262
"[{'E_1_0'}, {'NE_1_1'}, {'E_1_0'}, {'E_1_0'}, {'S_0_1'}, {'W_1_0'}, {'S_0_1'}, {'W_1_0'}, {'STAY_0_0'}, {'NE_1_1'}]",0.11040139725150755,151,0.8741721854304636,0.9688331432915241,5262
"[{'E_1_0'}, {'E_1_0'}, {'E_1_0'}, {'E_1_0'}, {'NE_1_1'}, {'NW_1_1'}, {'W_1_0'}, {'STAY_0_0'}, {'S_0_1'}]",0.11039400767402807,120,0.8833333333333333,0.9688331432915241,5262
"[{'NE_1_1'}, {'E_1_0'}, {'E_1_0'}, {'W_1_0'}, {'W_1_0'}, {'N_0_1'}, {'N_0_1'}, {'N_0_1'}, {'STAY_0_0'}]",0.11031106376388244,291,0.9003436426116839,0.9688331432915241,5262
"[{'E_1_0'}, {'NE_1_1'}, {'E_1_0'}, {'E_1_0'}, {'W_1_0'}, {'W_1_0'}, {'W_1_0'}, {'N_0_1'}, {'W_1_0'}]",0.11012501682522158,416,0.90625,0.9688331432915241,5262
"[{'E_1_0'}, {'E_1_0'}, {'E_1_0'}, {'W_1_0'}, {'W_1_0'}, {'W_1_0'}, {'SW_1_1'}, {'W_1_0'}, {'W_1_0'}, {'STAY_0_0'}, {'E_1_0'}, {'E_1_0'}, {'E_1_0'}]",0.10949620553670558,102,0.8333333333333334,0.9688331432915241,5262
"[{'E_1_0'}, {'NE_1_1'}, {'E_1_0'}, {'E_1_0'}, {'S_0_1'}, {'S_0_1'}, {'S_0_1'}, {'W_1_0'}, {'W_1_0'}, {'W_1_0'}, {'STAY_0_0'}, {'NE_1_1'}]",0.1089566259815049,168,0.8571428571428571,0.9688331432915241,5262
"[{'E_1_0'}, {'N_0_1'}, {'E_1_0'}, {'N_0_1'}, {'N_0_1'}, {'N_0_1'}, {'N_0_1'}, {'E_1_0'}, {'S_0_1'}]",0.10895016425194737,317,0.9022082018927445,0.9688331432915241,5262
"[{'E_1_0'}, {'E_1_0'}, {'E_1_0'}, {'W_1_0'}, {'W_1_0'}, {'SW_1_1'}, {'W_1_0'}, {'STAY_0_0'}, {'E_1_0'}]",0.10871448068360035,457,0.9080962800875274,0.9688331432915241,5262
"[{'NE_1_1'}, {'E_1_0'}, {'NE_1_1'}, {'E_1_0'}, {'E_1_0'}, {'W_1_0'}, {'W_1_0'}, {'W_1_0'}, {'W_1_0'}, {'STAY_0_0'}, {'E_1_0'}]",0.10865616001476153,173,0.8670520231213873,0.9688331432915241,5262
"[{'N_0_1'}, {'N_0_1'}, {'N_0_1'}, {'N_0_1'}, {'N_0_1'}, {'N_0_1'}, {'SW_1_1'}, {'W_1_0'}, {'S_0_1'}, {'W_1_0'}, {'W_1_0'}]",0.10841703990936757,119,0.8571428571428571,0.9688331432915241,5262
"[{'NE_1_1'}, {'E_1_0'}, {'N_0_1'}, {'E_1_0'}, {'E_1_0'}, {'E_1_0'}, {'E_1_0'}, {'E_1_0'}, {'W_1_0'}, {'W_1_0'}]",0.10836480981523922,321,0.8909657320872274,0.9688331432915241,5262
"[{'E_1_0'}, {'NE_1_1'}, {'N_0_1'}, {'N_0_1'}, {'N_0_1'}, {'N_0_1'}, {'N_0_1'}, {'W_1_0'}, {'S_0_1'}]",0.10824558179443922,484,0.9090909090909091,0.9688331432915241,5262
"[{'N_0_1'}, {'N_0_1'}, {'N_0_1'}, {'N_0_1'}, {'N_0_1'}, {'NW_1_1'}, {'N_0_1'}, {'E_1_0'}, {'S_0_1'}]",0.10753231779710548,199,0.8944723618090452,0.9688331432915241,5262
"[{'E_1_0'}, {'E_1_0'}, {'N_0_1'}, {'N_0_1'}, {'N_0_1'}, {'N_0_1'}, {'N_0_1'}, {'N_0_1'}, {'S_0_1'}]",0.10704477282947689,662,0.9138972809667674,0.9688331432915241,5262
"[{'E_1_0'}, {'N_0_1'}, {'N_0_1'}, {'N_0_1'}, {'N_0_1'}, {'N_0_1'}, {'N_0_1'}, {'N_0_1'}, {'N_0_1'}, {'N_0_1'}, {'N_0_1'}, {'N_0_1'}, {'N_0_1'}, {'E_1_0'}]",0.10702685333059292,104,0.8269230769230769,0.9688331432915241,5262
"[{'E_1_0'}, {'E_1_0'}, {'N_0_1'}, {'N_0_1'}, {'N_0_1'}, {'N_0_1'}, {'NW_1_1'}, {'N_0_1'}, {'N_0_1'}, {'N_0_1'}, {'E_1_0'}, {'S_0_1'}]",0.10668249231013216,143,0.8531468531468531,0.9688331432915241,5262
"[{'NE_1_1'}, {'E_1_0'}, {'E_1_0'}, {'E_1_0'}, {'E_1_0'}, {'E_1_0'}, {'N_0_1'}, {'E_1_0'}, {'N_0_1'}, {'N_0_1'}]",0.10600703056810779,415,0.8963855421686747,0.9688331432915241,5262
"[{'N_0_1'}, {'N_0_1'}, {'E_1_0'}, {'W_1_0'}, {'W_1_0'}, {'S_0_1'}, {'S_0_1'}, {'E_1_0'}]",0.10570002610026596,280,0.9178571428571428,0.9688331432915241,5262
"[{'E_1_0'}, {'E_1_0'}, {'E_1_0'}, {'E_1_0'}, {'N_0_1'}, {'E_1_0'}, {'W_1_0'}, {'W_1_0'}, {'W_1_0'}, {'STAY_0_0'}, {'E_1_0'}]",0.1050806378985869,156,0.8653846153846154,0.9688331432915241,5262
"[{'E_1_0'}, {'E_1_0'}, {'E_1_0'}, {'NE_1_1'}, {'E_1_0'}, {'E_1_0'}, {'W_1_0'}, {'W_1_0'}, {'SW_1_1'}, {'STAY_0_0'}, {'E_1_0'}]",0.1050806378985869,156,0.8653846153846154,0.9688331432915241,5262
"[{'E_1_0'}, {'SE_1_1'}, {'S_0_1'}, {'S_0_1'}, {'W_1_0'}, {'STAY_0_0'}, {'NE_1_1'}, {'N_0_1'}, {'N_0_1'}]",0.10498704429676031,297,0.9023569023569024,0.9688331432915241,5262
"[{'NE_1_1'}, {'E_1_0'}, {'N_0_1'}, {'N_0_1'}, {'N_0_1'}, {'N_0_1'}, {'NW_1_1'}, {'W_1_0'}, {'W_1_0'}, {'S_0_1'}]",0.1049410124881931,313,0.8913738019169329,0.9688331432915241,5262
"[{'E_1_0'}, {'E_1_0'}, {'E_1_0'}, {'E_1_0'}, {'W_1_0'}, {'W_1_0'}, {'STAY_0_0'}, {'NE_1_1'}, {'N_0_1'}]",0.10316983110623967,375,0.9066666666666666,0.9688331432915241,5262
"[{'NE_1_1'}, {'E_1_0'}, {'NE_1_1'}, {'E_1_0'}, {'W_1_0'}, {'W_1_0'}, {'W_1_0'}, {'W_1_0'}, {'STAY_0_0'}]",0.10248394688977003,376,0.9069148936170213,0.9688331432915241,5262
"[{'N_0_1'}, {'N_0_1'}, {'E_1_0'}, {'E_1_0'}, {'E_1_0'}, {'E_1_0'}, {'E_1_0'}, {'W_1_0'}, {'STAY_0_0'}]",0.10222365658532362,227,0.8986784140969163,0.9688331432915241,5262
"[{'NE_1_1'}, {'E_1_0'}, {'E_1_0'}, {'E_1_0'}, {'E_1_0'}, {'E_1_0'}, {'E_1_0'}, {'STAY_0_0'}, {'E_1_0'}]",0.10203142008604194,313,0.9041533546325878,0.9688331432915241,5262
"[{'NE_1_1'}, {'E_1_0'}, {'E_1_0'}, {'N_0_1'}, {'E_1_0'}, {'N_0_1'}, {'N_0_1'}, {'E_1_0'}, {'W_1_0'}, {'W_1_0'}, {'S_0_1'}]",0.10179965519167355,139,0.8633093525179856,0.9688331432915241,5262
"[{'N_0_1'}, {'N_0_1'}, {'N_0_1'}, {'E_1_0'}, {'N_0_1'}, {'N_0_1'}, {'N_0_1'}, {'W_1_0'}, {'E_1_0'}]",0.10172845275193299,169,0.893491124260355,0.9688331432915241,5262
"[{'E_1_0'}, {'E_1_0'}, {'E_1_0'}, {'E_1_0'}, {'S_0_1'}, {'S_0_1'}, {'S_0_1'}, {'W_1_0'}, {'STAY_0_0'}, {'NE_1_1'}]",0.10122493389305487,409,0.8973105134474327,0.9688331432915241,5262
"[{'NE_1_1'}, {'N_0_1'}, {'E_1_0'}, {'E_1_0'}, {'E_1_0'}, {'E_1_0'}, {'S_0_1'}, {'W_1_0'}, {'W_1_0'}]",0.10094432417501364,327,0.9051987767584098,0.9688331432915241,5262
"[{'E_1_0'}, {'E_1_0'}, {'E_1_0'}, {'E_1_0'}, {'W_1_0'}, {'W_1_0'}, {'W_1_0'}, {'W_1_0'}, {'SW_1_1'}, {'E_1_0'}, {'E_1_0'}, {'STAY_0_0'}]",0.1006087949963459,189,0.8624338624338624,0.9688331432915241,5262
"[{'N_0_1'}, {'E_1_0'}, {'E_1_0'}, {'N_0_1'}, {'N_0_1'}, {'N_0_1'}, {'N_0_1'}, {'STAY_0_0'}, {'W_1_0'}]",0.10036402550382428,290,0.903448275862069,0.9688331432915241,5262
"[{'N_0_1'}, {'N_0_1'}, {'N_0_1'}, {'E_1_0'}, {'S_0_1'}, {'S_0_1'}, {'W_1_0'}, {'W_1_0'}, {'W_1_0'}]",0.1003429130334581,253,0.9011857707509882,0.9688331432915241,5262
"[{'N_0_1'}, {'N_0_1'}, {'N_0_1'}, {'N_0_1'}, {'N_0_1'}, {'N_0_1'}, {'N_0_1'}, {'N_0_1'}, {'N_0_1'}, {'STAY_0_0'}]",0.0998823137746413,240,0.8875,0.9688331432915241,5262
"[{'E_1_0'}, {'N_0_1'}, {'N_0_1'}, {'N_0_1'}, {'N_0_1'}, {'N_0_1'}, {'N_0_1'}, {'W_1_0'}, {'STAY_0_0'}]",0.09952562441165991,433,0.9099307159353349,0.9688331432915241,5262
"[{'E_1_0'}, {'E_1_0'}, {'N_0_1'}, {'N_0_1'}, {'N_0_1'}, {'NW_1_1'}, {'N_0_1'}, {'W_1_0'}, {'W_1_0'}, {'S_0_1'}]",0.09907379304872033,330,0.8939393939393939,0.9688331432915241,5262
"[{'E_1_0'}, {'N_0_1'}, {'E_1_0'}, {'W_1_0'}, {'W_1_0'}, {'W_1_0'}, {'W_1_0'}, {'E_1_0'}, {'E_1_0'}]",0.09803063074481166,409,0.9095354523227384,0.9688331432915241,5262
"[{'N_0_1'}, {'N_0_1'}, {'N_0_1'}, {'S_0_1'}, {'S_0_1'}, {'S_0_1'}, {'S_0_1'}, {'W_1_0'}, {'W_1_0'}]",0.0978543174244283,293,0.9044368600682594,0.9688331432915241,5262
"[{'NE_1_1'}, {'E_1_0'}, {'E_1_0'}, {'E_1_0'}, {'N_0_1'}, {'E_1_0'}, {'E_1_0'}, {'W_1_0'}, {'W_1_0'}, {'W_1_0'}]",0.0951698176357425,334,0.8952095808383234,0.9688331432915241,5262
"[{'NE_1_1'}, {'E_1_0'}, {'E_1_0'}, {'E_1_0'}, {'E_1_0'}, {'E_1_0'}, {'E_1_0'}, {'S_0_1'}, {'STAY_0_0'}]",0.09481124294717314,482,0.9128630705394191,0.9688331432915241,5262
"[{'E_1_0'}, {'E_1_0'}, {'N_0_1'}, {'N_0_1'}, {'N_0_1'}, {'NW_1_1'}, {'N_0_1'}, {'N_0_1'}, {'E_1_0'}, {'S_0_1'}]",0.09470252449803085,233,0.8884120171673819,0.9688331432915241,5262
"[{'NE_1_1'}, {'E_1_0'}, {'E_1_0'}, {'E_1_0'}, {'N_0_1'}, {'NE_1_1'}, {'E_1_0'}, {'NW_1_1'}]",0.09460701170832508,182,0.9175824175824175,0.9688331432915241,5262
"[{'N_0_1'}, {'N_0_1'}, {'N_0_1'}, {'N_0_1'}, {'N_0_1'}, {'N_0_1'}, {'N_0_1'}, {'N_0_1'}, {'N_0_1'}, {'N_0_1'}, {'N_0_1'}, {'STAY_0_0'}]",0.09453798002739822,113,0.8495575221238938,0.9688331432915241,5262
"[{'E_1_0'}, {'N_0_1'}, {'E_1_0'}, {'N_0_1'}, {'N_0_1'}, {'N_0_1'}, {'N_0_1'}, {'STAY_0_0'}, {'W_1_0'}]",0.09443900351974377,415,0.9108433734939759,0.9688331432915241,5262
"[{'E_1_0'}, {'E_1_0'}, {'E_1_0'}, {'S_0_1'}, {'S_0_1'}, {'W_1_0'}, {'S_0_1'}, {'W_1_0'}, {'W_1_0'}, {'W_1_0'}, {'STAY_0_0'}, {'N_0_1'}, {'N_0_1'}, {'W_1_0'}]",0.09416022533219437,137,0.8394160583941606,0.9688331432915241,5262
"[{'NE_1_1'}, {'S_0_1'}, {'W_1_0'}, {'W_1_0'}, {'W_1_0'}, {'W_1_0'}, {'W_1_0'}, {'N_0_1'}, {'W_1_0'}]",0.09386904010140507,376,0.9095744680851063,0.9688331432915241,5262
"[{'N_0_1'}, {'N_0_1'}, {'NE_1_1'}, {'E_1_0'}, {'S_0_1'}, {'S_0_1'}, {'S_0_1'}, {'S_0_1'}, {'S_0_1'}, {'W_1_0'}]",0.0937059999499621,212,0.8867924528301887,0.9688331432915241,5262
"[{'E_1_0'}, {'NE_1_1'}, {'NE_1_1'}, {'E_1_0'}, {'W_1_0'}, {'W_1_0'}, {'W_1_0'}, {'SW_1_1'}, {'W_1_0'}, {'W_1_0'}, {'STAY_0_0'}]",0.09362671966363423,106,0.8584905660377359,0.9688331432915241,5262
"[{'N_0_1'}, {'N_0_1'}, {'N_0_1'}, {'N_0_1'}, {'N_0_1'}, {'N_0_1'}, {'N_0_1'}, {'N_0_1'}, {'STAY_0_0'}]",0.09323442415754357,377,0.9098143236074271,0.9688331432915241,5262
"[{'NE_1_1'}, {'E_1_0'}, {'N_0_1'}, {'N_0_1'}, {'N_0_1'}, {'NW_1_1'}, {'N_0_1'}, {'E_1_0'}, {'W_1_0'}, {'W_1_0'}, {'W_1_0'}]",0.09318626550902964,161,0.8695652173913043,0.9688331432915241,5262
"[{'E_1_0'}, {'N_0_1'}, {'N_0_1'}, {'N_0_1'}, {'N_0_1'}, {'N_0_1'}, {'W_1_0'}, {'S_0_1'}, {'W_1_0'}]",0.09255138944170449,459,0.9128540305010894,0.9688331432915241,5262
"[{'N_0_1'}, {'N_0_1'}, {'N_0_1'}, {'N_0_1'}, {'W_1_0'}, {'W_1_0'}, {'W_1_0'}, {'W_1_0'}, {'S_0_1'}]",0.09210949208004782,628,0.9171974522292994,0.9688331432915241,5262
"[{'NE_1_1'}, {'E_1_0'}, {'N_0_1'}, {'E_1_0'}, {'W_1_0'}, {'W_1_0'}, {'S_0_1'}, {'SE_1_1'}]",0.09159126096949022,129,0.9147286821705426,0.9688331432915241,5262
"[{'NE_1_1'}, {'E_1_0'}, {'E_1_0'}, {'S_0_1'}, {'SW_1_1'}, {'W_1_0'}, {'W_1_0'}, {'STAY_0_0'}, {'N_0_1'}, {'NW_1_1'}]",0.09149837168442532,140,0.8785714285714286,0.9688331432915241,5262
"[{'E_1_0'}, {'SE_1_1'}, {'S_0_1'}, {'SW_1_1'}, {'STAY_0_0'}, {'E_1_0'}, {'N_0_1'}, {'N_0_1'}, {'N_0_1'}, {'N_0_1'}]",0.09129124282959433,171,0.8830409356725146,0.9688331432915241,5262
"[{'NE_1_1'}, {'E_1_0'}, {'E_1_0'}, {'N_0_1'}, {'E_1_0'}, {'E_1_0'}, {'E_1_0'}, {'E_1_0'}, {'E_1_0'}, {'E_1_0'}, {'W_1_0'}]",0.09064792372491859,134,0.8656716417910447,0.9688331432915241,5262
"[{'E_1_0'}, {'E_1_0'}, {'E_1_0'}, {'SW_1_1'}, {'E_1_0'}, {'E_1_0'}, {'STAY_0_0'}, {'W_1_0'}, {'W_1_0'}]",0.09040361498267036,264,0.9053030303030303,0.9688331432915241,5262
"[{'NE_1_1'}, {'E_1_0'}, {'E_1_0'}, {'E_1_0'}, {'S_0_1'}, {'S_0_1'}, {'E_1_0'}, {'N_0_1'}, {'N_0_1'}, {'N_0_1'}]",0.09012137083192417,363,0.8980716253443526,0.9688331432915241,5262
"[{'E_1_0'}, {'E_1_0'}, {'E_1_0'}, {'W_1_0'}, {'STAY_0_0'}, {'NE_1_1'}, {'N_0_1'}, {'N_0_1'}, {'N_0_1'}, {'W_1_0'}]",0.09005280380534986,293,0.89419795221843,0.9688331432915241,5262
"[{'E_1_0'}, {'E_1_0'}, {'SE_1_1'}, {'S_0_1'}, {'W_1_0'}, {'S_0_1'}, {'W_1_0'}, {'STAY_0_0'}, {'NE_1_1'}, {'NE_1_1'}]",0.08957398836447905,111,0.8738738738738738,0.9688331432915241,5262
"[{'NE_1_1'}, {'N_0_1'}, {'N_0_1'}, {'N_0_1'}, {'N_0_1'}, {'N_0_1'}, {'N_0_1'}, {'N_0_1'}, {'E_1_0'}, {'E_1_0'}, {'S_0_1'}, {'S_0_1'}]",0.08886722891868204,123,0.8536585365853658,0.9688331432915241,5262
"[{'NE_1_1'}, {'NE_1_1'}, {'E_1_0'}, {'W_1_0'}, {'W_1_0'}, {'W_1_0'}, {'W_1_0'}, {'W_1_0'}, {'NE_1_1'}]",0.08840313241985986,216,0.9027777777777778,0.9688331432915241,5262
"[{'NE_1_1'}, {'E_1_0'}, {'E_1_0'}, {'E_1_0'}, {'E_1_0'}, {'E_1_0'}, {'NE_1_1'}, {'E_1_0'}, {'E_1_0'}, {'E_1_0'}, {'W_1_0'}]",0.08800798293358891,135,0.8666666666666667,0.9688331432915241,5262
"[{'NE_1_1'}, {'NE_1_1'}, {'E_1_0'}, {'NE_1_1'}, {'E_1_0'}, {'W_1_0'}, {'W_1_0'}, {'N_0_1'}, {'N_0_1'}]",0.08779382685395498,110,0.8909090909090909,0.9688331432915241,5262
"[{'NE_1_1'}, {'E_1_0'}, {'N_0_1'}, {'E_1_0'}, {'NW_1_1'}, {'N_0_1'}, {'N_0_1'}, {'N_0_1'}, {'N_0_1'}]",0.08777074723557654,156,0.8974358974358975,0.9688331432915241,5262
"[{'E_1_0'}, {'E_1_0'}, {'E_1_0'}, {'E_1_0'}, {'NE_1_1'}, {'E_1_0'}, {'E_1_0'}, {'STAY_0_0'}, {'W_1_0'}]",0.08743069366551148,373,0.9115281501340483,0.9688331432915241,5262
"[{'N_0_1'}, {'N_0_1'}, {'NE_1_1'}, {'E_1_0'}, {'NE_1_1'}, {'SW_1_1'}, {'S_0_1'}, {'S_0_1'}]",0.08713837285736847,134,0.917910447761194,0.9688331432915241,5262
"[{'NE_1_1'}, {'E_1_0'}, {'N_0_1'}, {'NE_1_1'}, {'E_1_0'}, {'W_1_0'}, {'W_1_0'}, {'S_0_1'}, {'S_0_1'}, {'S_0_1'}]",0.08688115725558998,122,0.8770491803278688,0.9688331432915241,5262
"[{'E_1_0'}, {'E_1_0'}, {'E_1_0'}, {'N_0_1'}, {'N_0_1'}, {'N_0_1'}, {'N_0_1'}, {'N_0_1'}, {'N_0_1'}, {'W_1_0'}, {'S_0_1'}, {'S_0_1'}, {'W_1_0'}]",0.08663555922523658,156,0.8525641025641025,0.9688331432915241,5262
"[{'E_1_0'}, {'E_1_0'}, {'S_0_1'}, {'S_0_1'}, {'STAY_0_0'}, {'E_1_0'}, {'E_1_0'}, {'N_0_1'}, {'N_0_1'}, {'N_0_1'}, {'W_1_0'}, {'W_1_0'}]",0.08645388350631811,186,0.8655913978494624,0.9688331432915241,5262
"[{'N_0_1'}, {'N_0_1'}, {'E_1_0'}, {'E_1_0'}, {'SE_1_1'}, {'S_0_1'}, {'S_0_1'}, {'S_0_1'}, {'W_1_0'}]",0.08635010230352225,308,0.9090909090909091,0.9688331432915241,5262
"[{'NE_1_1'}, {'E_1_0'}, {'N_0_1'}, {'N_0_1'}, {'N_0_1'}, {'E_1_0'}, {'N_0_1'}, {'W_1_0'}, {'W_1_0'}]",0.08599812124515305,486,0.9156378600823045,0.9688331432915241,5262
"[{'NE_1_1'}, {'E_1_0'}, {'E_1_0'}, {'N_0_1'}, {'N_0_1'}, {'N_0_1'}, {'N_0_1'}, {'N_0_1'}, {'E_1_0'}]",0.08548756681066627,459,0.9150326797385621,0.9688331432915241,5262
"[{'E_1_0'}, {'N_0_1'}, {'E_1_0'}, {'N_0_1'}, {'E_1_0'}, {'N_0_1'}, {'N_0_1'}, {'N_0_1'}, {'STAY_0_0'}]",0.08512644450115259,323,0.9102167182662538,0.9688331432915241,5262
"[{'NE_1_1'}, {'E_1_0'}, {'SW_1_1'}, {'W_1_0'}, {'W_1_0'}, {'W_1_0'}, {'STAY_0_0'}, {'E_1_0'}, {'E_1_0'}]",0.08467692845760855,271,0.9077490774907749,0.9688331432915241,5262
"[{'N_0_1'}, {'N_0_1'}, {'N_0_1'}, {'W_1_0'}, {'S_0_1'}, {'S_0_1'}, {'S_0_1'}, {'S_0_1'}, {'S_0_1'}]",0.08407153138314083,298,0.9093959731543624,0.9688331432915241,5262
"[{'E_1_0'}, {'E_1_0'}, {'E_1_0'}, {'E_1_0'}, {'E_1_0'}, {'E_1_0'}, {'NE_1_1'}, {'NE_1_1'}, {'STAY_0_0'}, {'W_1_0'}]",0.08276653547127344,220,0.8909090909090909,0.9688331432915241,5262
"[{'NE_1_1'}, {'N_0_1'}, {'N_0_1'}, {'N_0_1'}, {'N_0_1'}, {'N_0_1'}, {'N_0_1'}, {'N_0_1'}, {'E_1_0'}, {'W_1_0'}]",0.08275550073024496,384,0.9010416666666666,0.9688331432915241,5262
"[{'NE_1_1'}, {'E_1_0'}, {'NE_1_1'}, {'E_1_0'}, {'NE_1_1'}, {'E_1_0'}, {'W_1_0'}, {'W_1_0'}, {'W_1_0'}]",0.08264742171744266,300,0.91,0.9688331432915241,5262
"[{'E_1_0'}, {'N_0_1'}, {'N_0_1'}, {'N_0_1'}, {'N_0_1'}, {'N_0_1'}, {'N_0_1'}, {'W_1_0'}, {'STAY_0_0'}, {'W_1_0'}]",0.08159792517573994,278,0.89568345323741,0.9688331432915241,5262
"[{'E_1_0'}, {'NE_1_1'}, {'E_1_0'}, {'E_1_0'}, {'W_1_0'}, {'S_0_1'}, {'STAY_0_0'}, {'E_1_0'}, {'E_1_0'}, {'W_1_0'}]",0.08159392306686686,145,0.8827586206896552,0.9688331432915241,5262
"[{'NE_1_1'}, {'E_1_0'}, {'E_1_0'}, {'S_0_1'}, {'W_1_0'}, {'N_0_1'}, {'N_0_1'}, {'N_0_1'}, {'N_0_1'}]",0.08151201977608513,397,0.9143576826196473,0.9688331432915241,5262
"[{'E_1_0'}, {'NE_1_1'}, {'E_1_0'}, {'NE_1_1'}, {'E_1_0'}, {'E_1_0'}, {'W_1_0'}, {'W_1_0'}, {'STAY_0_0'}, {'W_1_0'}]",0.081203159749484,188,0.8882978723404256,0.9688331432915241,5262
"[{'E_1_0'}, {'E_1_0'}, {'E_1_0'}, {'E_1_0'}, {'E_1_0'}, {'NE_1_1'}, {'E_1_0'}, {'W_1_0'}, {'E_1_0'}]",0.08094482079380017,412,0.9150485436893204,0.9688331432915241,5262
"[{'E_1_0'}, {'E_1_0'}, {'E_1_0'}, {'S_0_1'}, {'S_0_1'}, {'S_0_1'}, {'E_1_0'}, {'STAY_0_0'}, {'W_1_0'}]",0.08052710667482366,498,0.9176706827309237,0.9688331432915241,5262
"[{'E_1_0'}, {'E_1_0'}, {'W_1_0'}, {'W_1_0'}, {'W_1_0'}, {'W_1_0'}, {'W_1_0'}, {'SW_1_1'}, {'STAY_0_0'}, {'W_1_0'}]",0.08037844062980826,256,0.89453125,0.9688331432915241,5262
"[{'NE_1_1'}, {'E_1_0'}, {'E_1_0'}, {'E_1_0'}, {'NE_1_1'}, {'E_1_0'}, {'E_1_0'}, {'W_1_0'}, {'W_1_0'}]",0.07939442279152664,415,0.9156626506024096,0.9688331432915241,5262
"[{'NE_1_1'}, {'E_1_0'}, {'N_0_1'}, {'E_1_0'}, {'E_1_0'}, {'S_0_1'}, {'S_0_1'}, {'W_1_0'}, {'W_1_0'}, {'STAY_0_0'}]",0.07899128896501162,157,0.8853503184713376,0.9688331432915241,5262
"[{'N_0_1'}, {'N_0_1'}, {'NE_1_1'}, {'E_1_0'}, {'E_1_0'}, {'SE_1_1'}, {'S_0_1'}, {'S_0_1'}, {'S_0_1'}, {'W_1_0'}]",0.07854287522283476,168,0.8869047619047619,0.9688331432915241,5262
"[{'E_1_0'}, {'E_1_0'}, {'N_0_1'}, {'N_0_1'}, {'N_0_1'}, {'N_0_1'}, {'N_0_1'}, {'N_0_1'}, {'N_0_1'}, {'S_0_1'}]",0.07811422721550576,608,0.9095394736842105,0.9688331432915241,5262
"[{'N_0_1'}, {'N_0_1'}, {'N_0_1'}, {'N_0_1'}, {'W_1_0'}, {'W_1_0'}, {'W_1_0'}, {'S_0_1'}, {'S_0_1'}, {'S_0_1'}, {'S_0_1'}]",0.07794235080045686,188,0.8776595744680851,0.9688331432915241,5262
"[{'N_0_1'}, {'N_0_1'}, {'NE_1_1'}, {'N_0_1'}, {'N_0_1'}, {'N_0_1'}, {'N_0_1'}, {'N_0_1'}, {'N_0_1'}, {'STAY_0_0'}]",0.07736973785411028,106,0.8773584905660378,0.9688331432915241,5262
"[{'NE_1_1'}, {'NE_1_1'}, {'E_1_0'}, {'E_1_0'}, {'E_1_0'}, {'W_1_0'}, {'W_1_0'}, {'W_1_0'}, {'W_1_0'}, {'SW_1_1'}, {'E_1_0'}]",0.07703293108218512,149,0.87248322147651,0.9688331432915241,5262
"[{'NE_1_1'}, {'E_1_0'}, {'N_0_1'}, {'E_1_0'}, {'E_1_0'}, {'E_1_0'}, {'E_1_0'}, {'E_1_0'}, {'S_0_1'}, {'W_1_0'}]",0.07698811810021167,236,0.8940677966101694,0.9688331432915241,5262
"[{'N_0_1'}, {'N_0_1'}, {'N_0_1'}, {'N_0_1'}, {'N_0_1'}, {'N_0_1'}, {'N_0_1'}, {'N_0_1'}, {'E_1_0'}, {'S_0_1'}]",0.07689637344515021,367,0.9019073569482289,0.9688331432915241,5262
"[{'E_1_0'}, {'E_1_0'}, {'N_0_1'}, {'N_0_1'}, {'N_0_1'}, {'N_0_1'}, {'N_0_1'}, {'N_0_1'}, {'N_0_1'}, {'N_0_1'}, {'STAY_0_0'}]",0.07670537636379016,272,0.8860294117647058,0.9688331432915241,5262
"[{'E_1_0'}, {'N_0_1'}, {'N_0_1'}, {'N_0_1'}, {'N_0_1'}, {'N_0_1'}, {'NW_1_1'}, {'W_1_0'}, {'W_1_0'}, {'S_0_1'}]",0.07657626493437408,455,0.9054945054945055,0.9688331432915241,5262
"[{'E_1_0'}, {'NE_1_1'}, {'NE_1_1'}, {'E_1_0'}, {'E_1_0'}, {'W_1_0'}, {'W_1_0'}, {'N_0_1'}, {'N_0_1'}]",0.07644914483545517,229,0.9082969432314411,0.9688331432915241,5262
"[{'NE_1_1'}, {'N_0_1'}, {'E_1_0'}, {'S_0_1'}, {'S_0_1'}, {'S_0_1'}, {'S_0_1'}, {'S_0_1'}, {'S_0_1'}]",0.07637158272117162,323,0.913312693498452,0.9688331432915241,5262
"[{'NE_1_1'}, {'E_1_0'}, {'S_0_1'}, {'S_0_1'}, {'SW_1_1'}, {'W_1_0'}, {'W_1_0'}, {'N_0_1'}, {'N_0_1'}, {'N_0_1'}]",0.07636385428560621,430,0.9046511627906977,0.9688331432915241,5262
"[{'E_1_0'}, {'E_1_0'}, {'E_1_0'}, {'E_1_0'}, {'W_1_0'}, {'STAY_0_0'}, {'N_0_1'}, {'N_0_1'}, {'W_1_0'}]",0.07619251392056958,479,0.918580375782881,0.9688331432915241,5262
"[{'NE_1_1'}, {'E_1_0'}, {'E_1_0'}, {'S_0_1'}, {'S_0_1'}, {'W_1_0'}, {'E_1_0'}, {'E_1_0'}, {'N_0_1'}, {'N_0_1'}, {'STAY_0_0'}]",0.07604003032844342,179,0.8770949720670391,0.9688331432915241,5262
"[{'NE_1_1'}, {'E_1_0'}, {'N_0_1'}, {'E_1_0'}, {'E_1_0'}, {'S_0_1'}, {'S_0_1'}, {'W_1_0'}, {'W_1_0'}, {'W_1_0'}]",0.07602477704188848,260,0.8961538461538462,0.9688331432915241,5262
"[{'E_1_0'}, {'E_1_0'}, {'E_1_0'}, {'E_1_0'}, {'W_1_0'}, {'W_1_0'}, {'STAY_0_0'}, {'NE_1_1'}, {'N_0_1'}, {'N_0_1'}, {'N_0_1'}, {'W_1_0'}, {'W_1_0'}]",0.07568413390859596,186,0.8602150537634409,0.9688331432915241,5262
"[{'E_1_0'}, {'E_1_0'}, {'N_0_1'}, {'N_0_1'}, {'N_0_1'}, {'N_0_1'}, {'NW_1_1'}, {'NE_1_1'}, {'S_0_1'}]",0.07556148292671494,217,0.9078341013824884,0.9688331432915241,5262
"[{'E_1_0'}, {'NE_1_1'}, {'E_1_0'}, {'N_0_1'}, {'N_0_1'}, {'N_0_1'}, {'E_1_0'}, {'E_1_0'}, {'S_0_1'}, {'W_1_0'}]",0.07499351339527516,138,0.8840579710144928,0.9688331432915241,5262
"[{'NE_1_1'}, {'SE_1_1'}, {'E_1_0'}, {'S_0_1'}, {'W_1_0'}, {'N_0_1'}, {'N_0_1'}, {'N_0_1'}, {'N_0_1'}]",0.0746891942461041,218,0.908256880733945,0.9688331432915241,5262
"[{'E_1_0'}, {'NE_1_1'}, {'E_1_0'}, {'E_1_0'}, {'N_0_1'}, {'NW_1_1'}, {'N_0_1'}, {'N_0_1'}, {'E_1_0'}]",0.0746891942461041,218,0.908256880733945,0.9688331432915241,5262
"[{'NE_1_1'}, {'E_1_0'}, {'N_0_1'}, {'N_0_1'}, {'N_0_1'}, {'N_0_1'}, {'N_0_1'}, {'N_0_1'}, {'N_0_1'}, {'N_0_1'}, {'W_1_0'}, {'W_1_0'}, {'S_0_1'}]",0.07427876562567315,232,0.8663793103448276,0.9688331432915241,5262
"[{'E_1_0'}, {'E_1_0'}, {'E_1_0'}, {'W_1_0'}, {'W_1_0'}, {'E_1_0'}, {'N_0_1'}, {'N_0_1'}, {'STAY_0_0'}]",0.07418780803982705,440,0.9181818181818182,0.9688331432915241,5262
"[{'E_1_0'}, {'E_1_0'}, {'E_1_0'}, {'NE_1_1'}, {'E_1_0'}, {'E_1_0'}, {'E_1_0'}, {'W_1_0'}, {'SW_1_1'}, {'STAY_0_0'}]",0.07353838737734497,239,0.895397489539749,0.9688331432915241,5262
"[{'E_1_0'}, {'E_1_0'}, {'NE_1_1'}, {'N_0_1'}, {'NE_1_1'}, {'W_1_0'}, {'W_1_0'}, {'W_1_0'}, {'S_0_1'}]",0.07288304019463898,371,0.9164420485175202,0.9688331432915241,5262
"[{'NE_1_1'}, {'NE_1_1'}, {'NE_1_1'}, {'N_0_1'}, {'N_0_1'}, {'NE_1_1'}, {'N_0_1'}, {'N_0_1'}, {'N_0_1'}, {'W_1_0'}]",0.07260614072199068,108,0.8796296296296297,0.9688331432915241,5262
"[{'NE_1_1'}, {'E_1_0'}, {'E_1_0'}, {'E_1_0'}, {'E_1_0'}, {'W_1_0'}, {'W_1_0'}, {'E_1_0'}, {'E_1_0'}, {'STAY_0_0'}]",0.07230076264319363,217,0.8940092165898618,0.9688331432915241,5262
"[{'E_1_0'}, {'E_1_0'}, {'E_1_0'}, {'S_0_1'}, {'NE_1_1'}, {'N_0_1'}, {'N_0_1'}, {'N_0_1'}, {'STAY_0_0'}, {'W_1_0'}, {'W_1_0'}]",0.07229106033982158,161,0.8757763975155279,0.9688331432915241,5262
"[{'E_1_0'}, {'E_1_0'}, {'E_1_0'}, {'E_1_0'}, {'W_1_0'}, {'SW_1_1'}, {'W_1_0'}, {'STAY_0_0'}, {'E_1_0'}, {'E_1_0'}]",0.07194296984378445,386,0.9041450777202072,0.9688331432915241,5262
"[{'NE_1_1'}, {'NE_1_1'}, {'E_1_0'}, {'W_1_0'}, {'W_1_0'}, {'W_1_0'}, {'N_0_1'}, {'E_1_0'}, {'E_1_0'}]",0.07177510674573861,132,0.9015151515151515,0.9688331432915241,5262
"[{'E_1_0'}, {'NE_1_1'}, {'N_0_1'}, {'N_0_1'}, {'N_0_1'}, {'N_0_1'}, {'E_1_0'}, {'E_1_0'}, {'S_0_1'}]",0.07176714236696335,289,0.9134948096885813,0.9688331432915241,5262
"[{'E_1_0'}, {'E_1_0'}, {'E_1_0'}, {'N_0_1'}, {'E_1_0'}, {'N_0_1'}, {'N_0_1'}, {'N_0_1'}, {'N_0_1'}, {'N_0_1'}, {'W_1_0'}, {'E_1_0'}, {'W_1_0'}]",0.07138172989735958,144,0.8541666666666666,0.9688331432915241,5262
"[{'E_1_0'}, {'E_1_0'}, {'E_1_0'}, {'W_1_0'}, {'W_1_0'}, {'W_1_0'}, {'W_1_0'}, {'W_1_0'}, {'E_1_0'}, {'E_1_0'}, {'N_0_1'}, {'W_1_0'}, {'W_1_0'}, {'W_1_0'}]",0.07120010084775596,168,0.8511904761904762,0.9688331432915241,5262
"[{'N_0_1'}, {'N_0_1'}, {'N_0_1'}, {'E_1_0'}, {'S_0_1'}, {'W_1_0'}, {'W_1_0'}, {'S_0_1'}, {'W_1_0'}, {'W_1_0'}]",0.07089490773366736,151,0.8874172185430463,0.9688331432915241,5262
"[{'E_1_0'}, {'E_1_0'}, {'N_0_1'}, {'N_0_1'}, {'N_0_1'}, {'N_0_1'}, {'N_0_1'}, {'N_0_1'}, {'W_1_0'}, {'S_0_1'}]",0.07014774830206005,611,0.911620294599018,0.9688331432915241,5262
"[{'E_1_0'}, {'S_0_1'}, {'S_0_1'}, {'W_1_0'}, {'W_1_0'}, {'W_1_0'}, {'W_1_0'}, {'STAY_0_0'}, {'E_1_0'}, {'NE_1_1'}]",0.06968532903223745,364,0.9038461538461539,0.9688331432915241,5262
"[{'E_1_0'}, {'E_1_0'}, {'E_1_0'}, {'NE_1_1'}, {'E_1_0'}, {'E_1_0'}, {'E_1_0'}, {'STAY_0_0'}, {'W_1_0'}]",0.0696013020904841,363,0.9173553719008265,0.9688331432915241,5262
"[{'E_1_0'}, {'E_1_0'}, {'N_0_1'}, {'E_1_0'}, {'W_1_0'}, {'W_1_0'}, {'W_1_0'}, {'W_1_0'}, {'W_1_0'}, {'W_1_0'}, {'STAY_0_0'}, {'W_1_0'}, {'W_1_0'}]",0.06959532729804474,103,0.8446601941747572,0.9688331432915241,5262
"[{'E_1_0'}, {'E_1_0'}, {'NE_1_1'}, {'E_1_0'}, {'N_0_1'}, {'NE_1_1'}, {'N_0_1'}, {'N_0_1'}, {'STAY_0_0'}]",0.06942395081073782,211,0.909952606635071,0.9688331432915241,5262
"[{'N_0_1'}, {'N_0_1'}, {'N_0_1'}, {'NE_1_1'}, {'E_1_0'}, {'NE_1_1'}, {'W_1_0'}, {'S_0_1'}, {'S_0_1'}]",0.06919314334268944,134,0.9029850746268657,0.9688331432915241,5262
"[{'NE_1_1'}, {'E_1_0'}, {'E_1_0'}, {'E_1_0'}, {'N_0_1'}, {'E_1_0'}, {'E_1_0'}, {'NE_1_1'}, {'E_1_0'}, {'N_0_1'}]",0.06900132251580315,120,0.8833333333333333,0.9688331432915241,5262
"[{'E_1_0'}, {'E_1_0'}, {'S_0_1'}, {'S_0_1'}, {'W_1_0'}, {'W_1_0'}, {'W_1_0'}, {'W_1_0'}, {'E_1_0'}, {'NE_1_1'}, {'N_0_1'}, {'N_0_1'}, {'STAY_0_0'}]",0.06877413286627021,171,0.8596491228070176,0.9688331432915241,5262
"[{'E_1_0'}, {'E_1_0'}, {'E_1_0'}, {'E_1_0'}, {'N_0_1'}, {'N_0_1'}, {'N_0_1'}, {'N_0_1'}, {'N_0_1'}, {'N_0_1'}, {'N_0_1'}, {'N_0_1'}, {'STAY_0_0'}, {'W_1_0'}]",0.06810106163211005,136,0.8455882352941176,0.9688331432915241,5262
"[{'NE_1_1'}, {'N_0_1'}, {'E_1_0'}, {'E_1_0'}, {'E_1_0'}, {'E_1_0'}, {'STAY_0_0'}, {'S_0_1'}, {'W_1_0'}, {'W_1_0'}]",0.06739372287536283,100,0.88,0.9688331432915241,5262
"[{'E_1_0'}, {'E_1_0'}, {'E_1_0'}, {'N_0_1'}, {'N_0_1'}, {'N_0_1'}, {'N_0_1'}, {'N_0_1'}, {'N_0_1'}, {'S_0_1'}]",0.06735185165480362,617,0.9124797406807131,0.9688331432915241,5262
"[{'NE_1_1'}, {'E_1_0'}, {'N_0_1'}, {'E_1_0'}, {'N_0_1'}, {'N_0_1'}, {'N_0_1'}, {'N_0_1'}, {'E_1_0'}, {'W_1_0'}, {'W_1_0'}, {'W_1_0'}, {'W_1_0'}]",0.06712261796288221,120,0.85,0.9688331432915241,5262
"[{'N_0_1'}, {'N_0_1'}, {'N_0_1'}, {'E_1_0'}, {'E_1_0'}, {'S_0_1'}, {'W_1_0'}, {'S_0_1'}, {'SE_1_1'}]",0.06702517685806486,111,0.9009009009009009,0.9688331432915241,5262
"[{'W_1_0'}, {'SW_1_1'}, {'W_1_0'}, {'W_1_0'}, {'STAY_0_0'}, {'NE_1_1'}, {'NE_1_1'}, {'N_0_1'}, {'N_0_1'}, {'W_1_0'}]",0.06590255623648178,111,0.8828828828828829,0.9688331432915241,5262
"[{'N_0_1'}, {'N_0_1'}, {'E_1_0'}, {'E_1_0'}, {'E_1_0'}, {'S_0_1'}, {'S_0_1'}, {'S_0_1'}, {'SW_1_1'}]",0.06528872180145351,357,0.9187675070028011,0.9688331432915241,5262
"[{'E_1_0'}, {'N_0_1'}, {'N_0_1'}, {'NE_1_1'}, {'N_0_1'}, {'N_0_1'}, {'N_0_1'}, {'STAY_0_0'}, {'W_1_0'}]",0.06527454182288728,176,0.9090909090909091,0.9688331432915241,5262
"[{'NE_1_1'}, {'E_1_0'}, {'E_1_0'}, {'E_1_0'}, {'S_0_1'}, {'S_0_1'}, {'NE_1_1'}, {'E_1_0'}, {'N_0_1'}]",0.06494639107372724,203,0.9113300492610837,0.9688331432915241,5262
"[{'E_1_0'}, {'N_0_1'}, {'E_1_0'}, {'N_0_1'}, {'E_1_0'}, {'N_0_1'}, {'N_0_1'}, {'N_0_1'}, {'N_0_1'}, {'N_0_1'}, {'W_1_0'}, {'E_1_0'}]",0.0647494181461501,113,0.8584070796460177,0.9688331432915241,5262
"[{'N_0_1'}, {'N_0_1'}, {'E_1_0'}, {'NE_1_1'}, {'E_1_0'}, {'E_1_0'}, {'E_1_0'}, {'S_0_1'}, {'S_0_1'}]",0.06418066020577429,273,0.9157509157509157,0.9688331432915241,5262
"[{'E_1_0'}, {'E_1_0'}, {'N_0_1'}, {'E_1_0'}, {'N_0_1'}, {'N_0_1'}, {'N_0_1'}, {'N_0_1'}, {'STAY_0_0'}, {'W_1_0'}]",0.06386697080263248,372,0.9059139784946236,0.9688331432915241,5262
"[{'NE_1_1'}, {'E_1_0'}, {'E_1_0'}, {'W_1_0'}, {'W_1_0'}, {'N_0_1'}, {'E_1_0'}, {'N_0_1'}, {'N_0_1'}]",0.06325301144718587,303,0.9174917491749175,0.9688331432915241,5262
"[{'E_1_0'}, {'E_1_0'}, {'N_0_1'}, {'N_0_1'}, {'N_0_1'}, {'N_0_1'}, {'N_0_1'}, {'N_0_1'}, {'W_1_0'}, {'STAY_0_0'}]",0.06295295532497114,412,0.9077669902912622,0.9688331432915241,5262
"[{'E_1_0'}, {'W_1_0'}, {'W_1_0'}, {'STAY_0_0'}, {'NE_1_1'}, {'NE_1_1'}, {'N_0_1'}, {'N_0_1'}, {'W_1_0'}]",0.06251913014935917,206,0.912621359223301,0.9688331432915241,5262
"[{'NE_1_1'}, {'SE_1_1'}, {'S_0_1'}, {'S_0_1'}, {'E_1_0'}, {'S_0_1'}, {'N_0_1'}, {'N_0_1'}, {'N_0_1'}]",0.06251365327718661,179,0.9106145251396648,0.9688331432915241,5262
"[{'E_1_0'}, {'N_0_1'}, {'N_0_1'}, {'N_0_1'}, {'N_0_1'}, {'N_0_1'}, {'N_0_1'}, {'W_1_0'}, {'W_1_0'}, {'S_0_1'}]",0.06251244472821471,614,0.9136807817589576,0.9688331432915241,5262
"[{'NE_1_1'}, {'N_0_1'}, {'E_1_0'}, {'E_1_0'}, {'SE_1_1'}, {'SW_1_1'}, {'S_0_1'}, {'W_1_0'}, {'SW_1_1'}]",0.062291175437656277,127,0.905511811023622,0.9688331432915241,5262
"[{'E_1_0'}, {'E_1_0'}, {'NE_1_1'}, {'NE_1_1'}, {'E_1_0'}, {'N_0_1'}, {'W_1_0'}, {'S_0_1'}, {'S_0_1'}]",0.062236139024477555,166,0.9096385542168675,0.9688331432915241,5262
"[{'N_0_1'}, {'NW_1_1'}, {'W_1_0'}, {'W_1_0'}, {'W_1_0'}, {'W_1_0'}, {'W_1_0'}, {'S_0_1'}, {'E_1_0'}]",0.062236139024477555,166,0.9096385542168675,0.9688331432915241,5262
"[{'E_1_0'}, {'E_1_0'}, {'E_1_0'}, {'E_1_0'}, {'E_1_0'}, {'N_0_1'}, {'E_1_0'}, {'W_1_0'}, {'S_0_1'}, {'W_1_0'}, {'S_0_1'}, {'S_0_1'}]",0.061523533543707876,114,0.8596491228070176,0.9688331432915241,5262
"[{'E_1_0'}, {'N_0_1'}, {'N_0_1'}, {'N_0_1'}, {'N_0_1'}, {'NW_1_1'}, {'N_0_1'}, {'W_1_0'}, {'E_1_0'}]",0.060955030320539505,264,0.9166666666666666,0.9688331432915241,5262
"[{'E_1_0'}, {'N_0_1'}, {'E_1_0'}, {'N_0_1'}, {'N_0_1'}, {'N_0_1'}, {'N_0_1'}, {'E_1_0'}, {'W_1_0'}, {'S_0_1'}]",0.06081476811468134,239,0.899581589958159,0.9688331432915241,5262
"[{'E_1_0'}, {'E_1_0'}, {'E_1_0'}, {'NE_1_1'}, {'E_1_0'}, {'N_0_1'}, {'NE_1_1'}, {'W_1_0'}, {'S_0_1'}]",0.06019423918636746,251,0.9163346613545816,0.9688331432915241,5262
"[{'NE_1_1'}, {'N_0_1'}, {'N_0_1'}, {'N_0_1'}, {'N_0_1'}, {'N_0_1'}, {'N_0_1'}, {'N_0_1'}, {'W_1_0'}, {'N_0_1'}, {'E_1_0'}]",0.05971182492031224,108,0.8703703703703703,0.9688331432915241,5262
"[{'N_0_1'}, {'N_0_1'}, {'N_0_1'}, {'E_1_0'}, {'S_0_1'}, {'S_0_1'}, {'SW_1_1'}, {'SW_1_1'}, {'W_1_0'}, {'W_1_0'}]",0.059314050535613894,125,0.888,0.9688331432915241,5262
"[{'N_0_1'}, {'E_1_0'}, {'N_0_1'}, {'E_1_0'}, {'E_1_0'}, {'E_1_0'}, {'E_1_0'}, {'E_1_0'}, {'W_1_0'}, {'STAY_0_0'}]",0.05926485135576498,136,0.8897058823529411,0.9688331432915241,5262
"[{'NE_1_1'}, {'E_1_0'}, {'E_1_0'}, {'E_1_0'}, {'E_1_0'}, {'S_0_1'}, {'S_0_1'}, {'W_1_0'}, {'N_0_1'}, {'N_0_1'}, {'N_0_1'}]",0.05915605413858649,367,0.896457765667575,0.9688331432915241,5262
"[{'NE_1_1'}, {'W_1_0'}, {'W_1_0'}, {'S_0_1'}, {'STAY_0_0'}, {'E_1_0'}, {'S_0_1'}, {'S_0_1'}, {'W_1_0'}]",0.059079548824331085,156,0.9102564102564102,0.9688331432915241,5262
"[{'E_1_0'}, {'NE_1_1'}, {'E_1_0'}, {'N_0_1'}, {'N_0_1'}, {'N_0_1'}, {'N_0_1'}, {'N_0_1'}, {'STAY_0_0'}, {'W_1_0'}]",0.05812648063953141,291,0.9037800687285223,0.9688331432915241,5262
"[{'N_0_1'}, {'N_0_1'}, {'N_0_1'}, {'NE_1_1'}, {'E_1_0'}, {'E_1_0'}, {'W_1_0'}, {'S_0_1'}, {'S_0_1'}]",0.058023040395925096,198,0.9141414141414141,0.9688331432915241,5262
"[{'NE_1_1'}, {'N_0_1'}, {'E_1_0'}, {'E_1_0'}, {'E_1_0'}, {'S_0_1'}, {'S_0_1'}, {'S_0_1'}, {'S_0_1'}, {'W_1_0'}]",0.057720514782074406,279,0.9032258064516129,0.9688331432915241,5262
"[{'E_1_0'}, {'S_0_1'}, {'STAY_0_0'}, {'NE_1_1'}, {'NE_1_1'}, {'N_0_1'}, {'N_0_1'}, {'N_0_1'}, {'W_1_0'}]",0.0576534568368432,171,0.9122807017543859,0.9688331432915241,5262
"[{'E_1_0'}, {'SE_1_1'}, {'S_0_1'}, {'W_1_0'}, {'S_0_1'}, {'W_1_0'}, {'STAY_0_0'}, {'NE_1_1'}, {'NE_1_1'}]",0.0576534568368432,171,0.9122807017543859,0.9688331432915241,5262
"[{'NE_1_1'}, {'E_1_0'}, {'E_1_0'}, {'E_1_0'}, {'E_1_0'}, {'E_1_0'}, {'S_0_1'}, {'S_0_1'}, {'S_0_1'}, {'E_1_0'}, {'STAY_0_0'}]",0.0569139636086311,233,0.8884120171673819,0.9688331432915241,5262
"[{'E_1_0'}, {'E_1_0'}, {'E_1_0'}, {'N_0_1'}, {'N_0_1'}, {'N_0_1'}, {'N_0_1'}, {'N_0_1'}, {'N_0_1'}, {'N_0_1'}, {'W_1_0'}, {'STAY_0_0'}, {'W_1_0'}, {'W_1_0'}]",0.05685074291331349,131,0.8473282442748091,0.9688331432915241,5262
"[{'NE_1_1'}, {'E_1_0'}, {'N_0_1'}, {'E_1_0'}, {'W_1_0'}, {'W_1_0'}, {'W_1_0'}, {'S_0_1'}, {'SE_1_1'}]",0.056641832496508115,106,0.9056603773584906,0.9688331432915241,5262
"[{'E_1_0'}, {'E_1_0'}, {'W_1_0'}, {'W_1_0'}, {'W_1_0'}, {'W_1_0'}, {'W_1_0'}, {'E_1_0'}, {'E_1_0'}, {'STAY_0_0'}]",0.05651912757610611,396,0.9090909090909091,0.9688331432915241,5262
"[{'NE_1_1'}, {'E_1_0'}, {'E_1_0'}, {'E_1_0'}, {'E_1_0'}, {'E_1_0'}, {'N_0_1'}, {'N_0_1'}, {'N_0_1'}, {'N_0_1'}, {'N_0_1'}, {'N_0_1'}, {'N_0_1'}, {'W_1_0'}, {'W_1_0'}]",0.056481408891726925,101,0.8316831683168316,0.9688331432915241,5262
"[{'NE_1_1'}, {'E_1_0'}, {'E_1_0'}, {'N_0_1'}, {'N_0_1'}, {'N_0_1'}, {'N_0_1'}, {'N_0_1'}, {'N_0_1'}, {'N_0_1'}, {'W_1_0'}]",0.05622064204757282,418,0.8995215311004785,0.9688331432915241,5262
"[{'NE_1_1'}, {'N_0_1'}, {'N_0_1'}, {'N_0_1'}, {'N_0_1'}, {'N_0_1'}, {'N_0_1'}, {'N_0_1'}, {'N_0_1'}, {'N_0_1'}, {'E_1_0'}]",0.05508251347661186,279,0.8924731182795699,0.9688331432915241,5262
"[{'S_0_1'}, {'S_0_1'}, {'S_0_1'}, {'W_1_0'}, {'W_1_0'}, {'W_1_0'}, {'SW_1_1'}, {'W_1_0'}, {'W_1_0'}, {'E_1_0'}, {'N_0_1'}, {'N_0_1'}, {'STAY_0_0'}]",0.055064429174276786,115,0.8521739130434782,0.9688331432915241,5262
"[{'NE_1_1'}, {'N_0_1'}, {'N_0_1'}, {'N_0_1'}, {'N_0_1'}, {'N_0_1'}, {'NW_1_1'}, {'N_0_1'}, {'E_1_0'}]",0.05495432552418811,245,0.9183673469387755,0.9688331432915241,5262
"[{'NE_1_1'}, {'N_0_1'}, {'E_1_0'}, {'E_1_0'}, {'E_1_0'}, {'E_1_0'}, {'S_0_1'}, {'SW_1_1'}, {'W_1_0'}, {'W_1_0'}]",0.054612907538975186,233,0.9012875536480687,0.9688331432915241,5262
"[{'E_1_0'}, {'E_1_0'}, {'E_1_0'}, {'NE_1_1'}, {'N_0_1'}, {'N_0_1'}, {'N_0_1'}, {'N_0_1'}, {'NW_1_1'}, {'S_0_1'}]",0.0543452043395829,360,0.9083333333333333,0.9688331432915241,5262
"[{'E_1_0'}, {'N_0_1'}, {'N_0_1'}, {'N_0_1'}, {'N_0_1'}, {'N_0_1'}, {'N_0_1'}, {'N_0_1'}, {'N_0_1'}, {'S_0_1'}]",0.05429426235131041,577,0.9150779896013865,0.9688331432915241,5262
"[{'NE_1_1'}, {'N_0_1'}, {'N_0_1'}, {'N_0_1'}, {'N_0_1'}, {'N_0_1'}, {'N_0_1'}, {'E_1_0'}, {'W_1_0'}, {'W_1_0'}]",0.05329402253134696,455,0.9120879120879121,0.9688331432915241,5262
"[{'NE_1_1'}, {'NE_1_1'}, {'NE_1_1'}, {'E_1_0'}, {'NE_1_1'}, {'E_1_0'}, {'W_1_0'}, {'W_1_0'}, {'S_0_1'}]",0.052998733843180656,122,0.9098360655737705,0.9688331432915241,5262
"[{'NE_1_1'}, {'E_1_0'}, {'E_1_0'}, {'E_1_0'}, {'W_1_0'}, {'W_1_0'}, {'W_1_0'}, {'STAY_0_0'}, {'E_1_0'}, {'E_1_0'}]",0.05292784610699708,336,0.9077380952380952,0.9688331432915241,5262
"[{'NE_1_1'}, {'E_1_0'}, {'E_1_0'}, {'NE_1_1'}, {'E_1_0'}, {'E_1_0'}, {'E_1_0'}, {'E_1_0'}, {'N_0_1'}, {'N_0_1'}, {'W_1_0'}, {'W_1_0'}, {'W_1_0'}, {'W_1_0'}]",0.052721260814333815,100,0.84,0.9688331432915241,5262
"[{'NE_1_1'}, {'E_1_0'}, {'NE_1_1'}, {'NE_1_1'}, {'E_1_0'}, {'E_1_0'}, {'E_1_0'}, {'N_0_1'}, {'N_0_1'}, {'N_0_1'}, {'W_1_0'}]",0.05264574074792294,101,0.8712871287128713,0.9688331432915241,5262
"[{'N_0_1'}, {'E_1_0'}, {'NE_1_1'}, {'SE_1_1'}, {'E_1_0'}, {'S_0_1'}, {'S_0_1'}, {'S_0_1'}, {'S_0_1'}, {'S_0_1'}]",0.05264059479422323,235,0.902127659574468,0.9688331432915241,5262
"[{'NE_1_1'}, {'N_0_1'}, {'N_0_1'}, {'N_0_1'}, {'N_0_1'}, {'N_0_1'}, {'N_0_1'}, {'N_0_1'}, {'N_0_1'}, {'E_1_0'}]",0.05255606863896012,470,0.9127659574468086,0.9688331432915241,5262
"[{'E_1_0'}, {'NE_1_1'}, {'E_1_0'}, {'E_1_0'}, {'W_1_0'}, {'W_1_0'}, {'W_1_0'}, {'N_0_1'}, {'N_0_1'}, {'N_0_1'}]",0.052396571276415504,484,0.9132231404958677,0.9688331432915241,5262
"[{'E_1_0'}, {'E_1_0'}, {'N_0_1'}, {'E_1_0'}, {'N_0_1'}, {'W_1_0'}, {'W_1_0'}, {'W_1_0'}, {'S_0_1'}, {'S_0_1'}, {'W_1_0'}, {'S_0_1'}]",0.05230047603483312,108,0.8611111111111112,0.9688331432915241,5262
"[{'E_1_0'}, {'E_1_0'}, {'E_1_0'}, {'E_1_0'}, {'E_1_0'}, {'SW_1_1'}, {'W_1_0'}, {'W_1_0'}, {'E_1_0'}, {'N_0_1'}, {'N_0_1'}, {'N_0_1'}, {'STAY_0_0'}, {'W_1_0'}]",0.052224489124262696,116,0.8448275862068966,0.9688331432915241,5262
"[{'E_1_0'}, {'E_1_0'}, {'E_1_0'}, {'E_1_0'}, {'E_1_0'}, {'N_0_1'}, {'N_0_1'}, {'N_0_1'}, {'N_0_1'}, {'N_0_1'}, {'N_0_1'}, {'S_0_1'}, {'S_0_1'}]",0.051840691904968095,244,0.8729508196721312,0.9688331432915241,5262
"[{'E_1_0'}, {'NE_1_1'}, {'E_1_0'}, {'E_1_0'}, {'S_0_1'}, {'W_1_0'}, {'E_1_0'}, {'N_0_1'}, {'N_0_1'}, {'N_0_1'}, {'STAY_0_0'}]",0.051788977157976035,172,0.8837209302325582,0.9688331432915241,5262
"[{'E_1_0'}, {'E_1_0'}, {'E_1_0'}, {'S_0_1'}, {'S_0_1'}, {'S_0_1'}, {'S_0_1'}, {'STAY_0_0'}, {'NE_1_1'}, {'E_1_0'}, {'N_0_1'}]",0.05165082499704399,141,0.8794326241134752,0.9688331432915241,5262
"[{'NE_1_1'}, {'NE_1_1'}, {'NE_1_1'}, {'E_1_0'}, {'E_1_0'}, {'S_0_1'}, {'E_1_0'}, {'S_0_1'}, {'W_1_0'}]",0.05110539620778476,151,0.9139072847682119,0.9688331432915241,5262
"[{'E_1_0'}, {'SE_1_1'}, {'E_1_0'}, {'E_1_0'}, {'W_1_0'}, {'S_0_1'}, {'W_1_0'}, {'S_0_1'}, {'STAY_0_0'}]",0.05109180771471522,179,0.9162011173184358,0.9688331432915241,5262
"[{'E_1_0'}, {'E_1_0'}, {'SE_1_1'}, {'S_0_1'}, {'S_0_1'}, {'W_1_0'}, {'S_0_1'}, {'W_1_0'}, {'STAY_0_0'}, {'NE_1_1'}]",0.05072900910448097,262,0.9045801526717557,0.9688331432915241,5262
"[{'E_1_0'}, {'E_1_0'}, {'E_1_0'}, {'W_1_0'}, {'W_1_0'}, {'S_0_1'}, {'W_1_0'}, {'W_1_0'}, {'STAY_0_0'}, {'NE_1_1'}]",0.050715895196966065,237,0.9029535864978903,0.9688331432915241,5262
"[{'SE_1_1'}, {'SW_1_1'}, {'W_1_0'}, {'W_1_0'}, {'W_1_0'}, {'W_1_0'}, {'STAY_0_0'}, {'E_1_0'}, {'E_1_0'}, {'E_1_0'}, {'W_1_0'}]",0.05021420640295604,152,0.881578947368421,0.9688331432915241,5262
"[{'E_1_0'}, {'E_1_0'}, {'E_1_0'}, {'E_1_0'}, {'E_1_0'}, {'NE_1_1'}, {'W_1_0'}, {'W_1_0'}, {'W_1_0'}, {'E_1_0'}]",0.05019835074079271,393,0.910941475826972,0.9688331432915241,5262
"[{'NE_1_1'}, {'E_1_0'}, {'NE_1_1'}, {'E_1_0'}, {'E_1_0'}, {'S_0_1'}, {'S_0_1'}, {'SW_1_1'}, {'W_1_0'}, {'W_1_0'}, {'STAY_0_0'}, {'N_0_1'}, {'N_0_1'}]",0.049923062323177225,108,0.8518518518518519,0.9688331432915241,5262
"[{'NE_1_1'}, {'N_0_1'}, {'N_0_1'}, {'N_0_1'}, {'N_0_1'}, {'N_0_1'}, {'N_0_1'}, {'N_0_1'}, {'E_1_0'}, {'E_1_0'}, {'W_1_0'}]",0.0498398268994501,261,0.89272030651341,0.9688331432915241,5262
"[{'N_0_1'}, {'N_0_1'}, {'W_1_0'}, {'W_1_0'}, {'W_1_0'}, {'E_1_0'}, {'E_1_0'}, {'S_0_1'}, {'SW_1_1'}]",0.049783214713452706,125,0.912,0.9688331432915241,5262
"[{'E_1_0'}, {'E_1_0'}, {'S_0_1'}, {'W_1_0'}, {'W_1_0'}, {'STAY_0_0'}, {'E_1_0'}, {'NE_1_1'}, {'N_0_1'}, {'N_0_1'}, {'N_0_1'}, {'W_1_0'}, {'W_1_0'}, {'W_1_0'}, {'W_1_0'}]",0.049598882566511904,110,0.8363636363636363,0.9688331432915241,5262
"[{'NE_1_1'}, {'E_1_0'}, {'S_0_1'}, {'E_1_0'}, {'E_1_0'}, {'S_0_1'}, {'S_0_1'}, {'W_1_0'}, {'STAY_0_0'}]",0.049412278945617616,167,0.9161676646706587,0.9688331432915241,5262
"[{'NE_1_1'}, {'W_1_0'}, {'W_1_0'}, {'W_1_0'}, {'E_1_0'}, {'E_1_0'}, {'E_1_0'}, {'N_0_1'}, {'N_0_1'}, {'STAY_0_0'}]",0.04903276473273355,131,0.8931297709923665,0.9688331432915241,5262
"[{'E_1_0'}, {'NE_1_1'}, {'E_1_0'}, {'E_1_0'}, {'N_0_1'}, {'N_0_1'}, {'N_0_1'}, {'N_0_1'}, {'N_0_1'}, {'STAY_0_0'}, {'W_1_0'}]",0.04898488849015714,206,0.8883495145631068,0.9688331432915241,5262
"[{'N_0_1'}, {'N_0_1'}, {'N_0_1'}, {'N_0_1'}, {'N_0_1'}, {'N_0_1'}, {'N_0_1'}, {'N_0_1'}, {'W_1_0'}, {'S_0_1'}]",0.048643861619922846,576,0.9166666666666666,0.9688331432915241,5262
"[{'E_1_0'}, {'E_1_0'}, {'N_0_1'}, {'E_1_0'}, {'W_1_0'}, {'W_1_0'}, {'E_1_0'}, {'S_0_1'}, {'S_0_1'}, {'W_1_0'}]",0.04863924959178911,190,0.9,0.9688331432915241,5262
"[{'E_1_0'}, {'E_1_0'}, {'W_1_0'}, {'W_1_0'}, {'S_0_1'}, {'W_1_0'}, {'W_1_0'}, {'STAY_0_0'}, {'E_1_0'}, {'E_1_0'}]",0.048608882056436986,303,0.9075907590759076,0.9688331432915241,5262
"[{'NE_1_1'}, {'E_1_0'}, {'NE_1_1'}, {'N_0_1'}, {'N_0_1'}, {'N_0_1'}, {'N_0_1'}, {'N_0_1'}, {'N_0_1'}, {'N_0_1'}, {'W_1_0'}]",0.048592040599341746,285,0.8947368421052632,0.9688331432915241,5262
"[{'N_0_1'}, {'N_0_1'}, {'E_1_0'}, {'E_1_0'}, {'E_1_0'}, {'E_1_0'}, {'S_0_1'}, {'S_0_1'}, {'S_0_1'}, {'E_1_0'}, {'S_0_1'}]",0.048443544664295346,174,0.8850574712643678,0.9688331432915241,5262
"[{'NE_1_1'}, {'E_1_0'}, {'E_1_0'}, {'E_1_0'}, {'N_0_1'}, {'N_0_1'}, {'N_0_1'}, {'W_1_0'}, {'W_1_0'}, {'W_1_0'}]",0.04834833562210383,663,0.918552036199095,0.9688331432915241,5262
"[{'E_1_0'}, {'E_1_0'}, {'E_1_0'}, {'E_1_0'}, {'N_0_1'}, {'N_0_1'}, {'N_0_1'}, {'N_0_1'}, {'W_1_0'}, {'W_1_0'}, {'S_0_1'}]",0.048100190942183874,606,0.9075907590759076,0.9688331432915241,5262
"[{'NE_1_1'}, {'S_0_1'}, {'S_0_1'}, {'S_0_1'}, {'E_1_0'}, {'N_0_1'}, {'N_0_1'}, {'N_0_1'}, {'E_1_0'}]",0.04785217365963301,169,0.9171597633136095,0.9688331432915241,5262
"[{'NE_1_1'}, {'NE_1_1'}, {'E_1_0'}, {'E_1_0'}, {'E_1_0'}, {'S_0_1'}, {'W_1_0'}, {'W_1_0'}, {'W_1_0'}, {'N_0_1'}, {'N_0_1'}]",0.04775040546122833,229,0.8908296943231441,0.9688331432915241,5262
"[{'NE_1_1'}, {'E_1_0'}, {'E_1_0'}, {'N_0_1'}, {'E_1_0'}, {'N_0_1'}, {'N_0_1'}, {'N_0_1'}, {'W_1_0'}, {'W_1_0'}]",0.04631899531957229,553,0.9168173598553345,0.9688331432915241,5262
"[{'NE_1_1'}, {'NE_1_1'}, {'NE_1_1'}, {'NE_1_1'}, {'N_0_1'}, {'NE_1_1'}, {'N_0_1'}, {'W_1_0'}, {'W_1_0'}]",0.04601304834064435,115,0.9130434782608695,0.9688331432915241,5262
"[{'NE_1_1'}, {'E_1_0'}, {'E_1_0'}, {'E_1_0'}, {'E_1_0'}, {'W_1_0'}, {'W_1_0'}, {'W_1_0'}, {'N_0_1'}, {'N_0_1'}, {'N_0_1'}]",0.04575209489129328,383,0.9007832898172323,0.9688331432915241,5262
"[{'E_1_0'}, {'E_1_0'}, {'NE_1_1'}, {'E_1_0'}, {'W_1_0'}, {'W_1_0'}, {'W_1_0'}, {'W_1_0'}, {'STAY_0_0'}, {'E_1_0'}, {'E_1_0'}]",0.045232643894624336,231,0.8917748917748918,0.9688331432915241,5262
"[{'NE_1_1'}, {'E_1_0'}, {'E_1_0'}, {'E_1_0'}, {'E_1_0'}, {'E_1_0'}, {'E_1_0'}, {'E_1_0'}, {'W_1_0'}, {'W_1_0'}, {'SW_1_1'}, {'STAY_0_0'}]",0.045018787427306695,187,0.8770053475935828,0.9688331432915241,5262
"[{'E_1_0'}, {'E_1_0'}, {'E_1_0'}, {'N_0_1'}, {'N_0_1'}, {'N_0_1'}, {'N_0_1'}, {'N_0_1'}, {'N_0_1'}, {'N_0_1'}, {'W_1_0'}, {'S_0_1'}, {'S_0_1'}]",0.04482678062259948,258,0.875968992248062,0.9688331432915241,5262
"[{'N_0_1'}, {'N_0_1'}, {'N_0_1'}, {'N_0_1'}, {'N_0_1'}, {'N_0_1'}, {'N_0_1'}, {'N_0_1'}, {'N_0_1'}, {'NW_1_1'}, {'E_1_0'}]",0.04459969427049304,104,0.875,0.9688331432915241,5262
"[{'NE_1_1'}, {'N_0_1'}, {'E_1_0'}, {'N_0_1'}, {'N_0_1'}, {'N_0_1'}, {'N_0_1'}, {'NW_1_1'}, {'N_0_1'}, {'E_1_0'}]",0.044279977540095716,100,0.89,0.9688331432915241,5262
"[{'NE_1_1'}, {'N_0_1'}, {'E_1_0'}, {'SE_1_1'}, {'S_0_1'}, {'S_0_1'}, {'S_0_1'}, {'S_0_1'}, {'W_1_0'}, {'W_1_0'}]",0.04406898030834128,219,0.9041095890410958,0.9688331432915241,5262
"[{'NE_1_1'}, {'N_0_1'}, {'E_1_0'}, {'E_1_0'}, {'S_0_1'}, {'S_0_1'}, {'S_0_1'}, {'S_0_1'}, {'S_0_1'}, {'S_0_1'}]",0.04340143200029045,297,0.9090909090909091,0.9688331432915241,5262
"[{'E_1_0'}, {'E_1_0'}, {'E_1_0'}, {'W_1_0'}, {'W_1_0'}, {'SW_1_1'}, {'E_1_0'}, {'N_0_1'}, {'N_0_1'}, {'N_0_1'}, {'STAY_0_0'}]",0.04321073739988779,244,0.8934426229508197,0.9688331432915241,5262
"[{'E_1_0'}, {'E_1_0'}, {'E_1_0'}, {'E_1_0'}, {'W_1_0'}, {'W_1_0'}, {'STAY_0_0'}, {'N_0_1'}, {'W_1_0'}, {'W_1_0'}]",0.0431359866266221,433,0.9145496535796767,0.9688331432915241,5262
"[{'NE_1_1'}, {'E_1_0'}, {'E_1_0'}, {'E_1_0'}, {'N_0_1'}, {'N_0_1'}, {'N_0_1'}, {'N_0_1'}, {'N_0_1'}, {'W_1_0'}]",0.04296779070553047,561,0.9180035650623886,0.9688331432915241,5262
"[{'NE_1_1'}, {'E_1_0'}, {'E_1_0'}, {'E_1_0'}, {'E_1_0'}, {'N_0_1'}, {'N_0_1'}, {'N_0_1'}, {'N_0_1'}, {'N_0_1'}]",0.042563187483513176,591,0.9187817258883249,0.9688331432915241,5262
"[{'E_1_0'}, {'E_1_0'}, {'S_0_1'}, {'S_0_1'}, {'W_1_0'}, {'W_1_0'}, {'W_1_0'}, {'W_1_0'}, {'STAY_0_0'}, {'NE_1_1'}]",0.04206567618285917,520,0.9173076923076923,0.9688331432915241,5262
"[{'NE_1_1'}, {'E_1_0'}, {'E_1_0'}, {'N_0_1'}, {'N_0_1'}, {'N_0_1'}, {'N_0_1'}, {'N_0_1'}, {'SW_1_1'}, {'W_1_0'}]",0.04107967100704235,327,0.9113149847094801,0.9688331432915241,5262
"[{'N_0_1'}, {'E_1_0'}, {'N_0_1'}, {'N_0_1'}, {'N_0_1'}, {'N_0_1'}, {'W_1_0'}, {'W_1_0'}, {'W_1_0'}, {'W_1_0'}, {'W_1_0'}, {'STAY_0_0'}]",0.04094363821516045,121,0.8677685950413223,0.9688331432915241,5262
"[{'NE_1_1'}, {'NE_1_1'}, {'E_1_0'}, {'S_0_1'}, {'S_0_1'}, {'S_0_1'}, {'W_1_0'}, {'W_1_0'}, {'W_1_0'}, {'E_1_0'}, {'N_0_1'}]",0.04082887333228047,212,0.8915094339622641,0.9688331432915241,5262
"[{'E_1_0'}, {'E_1_0'}, {'E_1_0'}, {'E_1_0'}, {'S_0_1'}, {'W_1_0'}, {'W_1_0'}, {'W_1_0'}, {'SW_1_1'}, {'W_1_0'}, {'E_1_0'}, {'NE_1_1'}, {'N_0_1'}, {'N_0_1'}, {'N_0_1'}]",0.04072498724098417,112,0.8392857142857143,0.9688331432915241,5262
"[{'NE_1_1'}, {'N_0_1'}, {'E_1_0'}, {'S_0_1'}, {'S_0_1'}, {'S_0_1'}, {'S_0_1'}, {'S_0_1'}, {'S_0_1'}, {'W_1_0'}]",0.04035138822338502,288,0.9097222222222222,0.9688331432915241,5262
"[{'E_1_0'}, {'E_1_0'}, {'N_0_1'}, {'N_0_1'}, {'NW_1_1'}, {'N_0_1'}, {'N_0_1'}, {'N_0_1'}, {'N_0_1'}, {'N_0_1'}, {'S_0_1'}]",0.04000435968292049,270,0.8962962962962963,0.9688331432915241,5262
"[{'E_1_0'}, {'E_1_0'}, {'N_0_1'}, {'N_0_1'}, {'N_0_1'}, {'N_0_1'}, {'N_0_1'}, {'W_1_0'}, {'N_0_1'}, {'N_0_1'}, {'STAY_0_0'}]",0.039811605505475356,116,0.8793103448275862,0.9688331432915241,5262
"[{'E_1_0'}, {'NE_1_1'}, {'NE_1_1'}, {'N_0_1'}, {'N_0_1'}, {'N_0_1'}, {'N_0_1'}, {'N_0_1'}, {'N_0_1'}, {'W_1_0'}]",0.03974073111991594,511,0.9178082191780822,0.9688331432915241,5262
"[{'S_0_1'}, {'S_0_1'}, {'W_1_0'}, {'W_1_0'}, {'W_1_0'}, {'W_1_0'}, {'STAY_0_0'}, {'E_1_0'}, {'NE_1_1'}, {'N_0_1'}, {'N_0_1'}, {'N_0_1'}, {'W_1_0'}]",0.039595572133963586,212,0.8726415094339622,0.9688331432915241,5262
"[{'E_1_0'}, {'E_1_0'}, {'E_1_0'}, {'S_0_1'}, {'W_1_0'}, {'S_0_1'}, {'W_1_0'}, {'W_1_0'}, {'NE_1_1'}, {'STAY_0_0'}, {'W_1_0'}, {'W_1_0'}]",0.039465523354256904,131,0.8702290076335878,0.9688331432915241,5262
"[{'NE_1_1'}, {'E_1_0'}, {'E_1_0'}, {'N_0_1'}, {'N_0_1'}, {'N_0_1'}, {'N_0_1'}, {'N_0_1'}, {'E_1_0'}, {'E_1_0'}]",0.03891145891832393,344,0.9127906976744186,0.9688331432915241,5262
"[{'N_0_1'}, {'E_1_0'}, {'N_0_1'}, {'E_1_0'}, {'W_1_0'}, {'W_1_0'}, {'W_1_0'}, {'W_1_0'}, {'S_0_1'}, {'S_0_1'}]",0.0385519751717921,264,0.9090909090909091,0.9688331432915241,5262
"[{'E_1_0'}, {'E_1_0'}, {'E_1_0'}, {'W_1_0'}, {'W_1_0'}, {'W_1_0'}, {'N_0_1'}, {'N_0_1'}, {'N_0_1'}, {'W_1_0'}, {'SW_1_1'}, {'W_1_0'}, {'W_1_0'}]",0.03826234603189549,120,0.8583333333333333,0.9688331432915241,5262
"[{'NE_1_1'}, {'E_1_0'}, {'N_0_1'}, {'E_1_0'}, {'E_1_0'}, {'E_1_0'}, {'S_0_1'}, {'S_0_1'}, {'S_0_1'}, {'S_0_1'}, {'W_1_0'}]",0.038035906021956944,237,0.8945147679324894,0.9688331432915241,5262
"[{'W_1_0'}, {'W_1_0'}, {'W_1_0'}, {'W_1_0'}, {'W_1_0'}, {'W_1_0'}, {'STAY_0_0'}, {'E_1_0'}, {'E_1_0'}, {'W_1_0'}, {'W_1_0'}]",0.038035906021956944,237,0.8945147679324894,0.9688331432915241,5262
"[{'N_0_1'}, {'N_0_1'}, {'N_0_1'}, {'N_0_1'}, {'N_0_1'}, {'N_0_1'}, {'E_1_0'}, {'S_0_1'}, {'S_0_1'}, {'S_0_1'}, {'S_0_1'}, {'S_0_1'}]",0.03725614279781442,113,0.8672566371681416,0.9688331432915241,5262
"[{'N_0_1'}, {'NE_1_1'}, {'NE_1_1'}, {'S_0_1'}, {'S_0_1'}, {'E_1_0'}, {'S_0_1'}, {'S_0_1'}, {'S_0_1'}, {'S_0_1'}]",0.03723189043676611,139,0.8992805755395683,0.9688331432915241,5262
"[{'E_1_0'}, {'NE_1_1'}, {'E_1_0'}, {'SW_1_1'}, {'W_1_0'}, {'W_1_0'}, {'STAY_0_0'}, {'E_1_0'}, {'E_1_0'}, {'W_1_0'}, {'W_1_0'}]",0.03607549553925893,182,0.8901098901098901,0.9688331432915241,5262
"[{'E_1_0'}, {'E_1_0'}, {'E_1_0'}, {'S_0_1'}, {'S_0_1'}, {'SW_1_1'}, {'S_0_1'}, {'W_1_0'}, {'W_1_0'}, {'STAY_0_0'}, {'NE_1_1'}]",0.03581257609012445,286,0.8986013986013986,0.9688331432915241,5262
"[{'E_1_0'}, {'E_1_0'}, {'E_1_0'}, {'W_1_0'}, {'W_1_0'}, {'STAY_0_0'}, {'NE_1_1'}, {'NE_1_1'}, {'N_0_1'}, {'N_0_1'}, {'W_1_0'}, {'W_1_0'}]",0.03564458135679227,123,0.8699186991869918,0.9688331432915241,5262
"[{'NE_1_1'}, {'E_1_0'}, {'N_0_1'}, {'E_1_0'}, {'E_1_0'}, {'E_1_0'}, {'E_1_0'}, {'E_1_0'}, {'S_0_1'}, {'W_1_0'}, {'W_1_0'}]",0.03527613200401203,205,0.8926829268292683,0.9688331432915241,5262
"[{'E_1_0'}, {'E_1_0'}, {'NE_1_1'}, {'NE_1_1'}, {'N_0_1'}, {'N_0_1'}, {'N_0_1'}, {'N_0_1'}, {'NW_1_1'}, {'W_1_0'}, {'E_1_0'}]",0.03481757983259093,108,0.8796296296296297,0.9688331432915241,5262
"[{'E_1_0'}, {'E_1_0'}, {'E_1_0'}, {'E_1_0'}, {'E_1_0'}, {'N_0_1'}, {'N_0_1'}, {'W_1_0'}, {'W_1_0'}, {'STAY_0_0'}, {'S_0_1'}]",0.03463527005021416,183,0.8907103825136612,0.9688331432915241,5262
"[{'NE_1_1'}, {'E_1_0'}, {'S_0_1'}, {'S_0_1'}, {'W_1_0'}, {'W_1_0'}, {'W_1_0'}, {'SW_1_1'}, {'W_1_0'}, {'STAY_0_0'}, {'N_0_1'}]",0.03463527005021416,183,0.8907103825136612,0.9688331432915241,5262
"[{'E_1_0'}, {'E_1_0'}, {'E_1_0'}, {'E_1_0'}, {'NE_1_1'}, {'E_1_0'}, {'E_1_0'}, {'W_1_0'}, {'W_1_0'}, {'SW_1_1'}, {'STAY_0_0'}, {'E_1_0'}]",0.033503688284137856,105,0.8666666666666667,0.9688331432915241,5262
"[{'E_1_0'}, {'E_1_0'}, {'E_1_0'}, {'E_1_0'}, {'E_1_0'}, {'N_0_1'}, {'N_0_1'}, {'N_0_1'}, {'NW_1_1'}, {'N_0_1'}, {'N_0_1'}, {'W_1_0'}, {'E_1_0'}]",0.033252497320706675,158,0.8670886075949367,0.9688331432915241,5262
"[{'E_1_0'}, {'E_1_0'}, {'E_1_0'}, {'E_1_0'}, {'E_1_0'}, {'NE_1_1'}, {'E_1_0'}, {'W_1_0'}, {'W_1_0'}, {'W_1_0'}, {'STAY_0_0'}]",0.032975168987822934,289,0.8996539792387543,0.9688331432915241,5262
"[{'NE_1_1'}, {'E_1_0'}, {'NE_1_1'}, {'N_0_1'}, {'N_0_1'}, {'N_0_1'}, {'N_0_1'}, {'NW_1_1'}, {'W_1_0'}, {'W_1_0'}]",0.03275553996983638,397,0.9168765743073047,0.9688331432915241,5262
"[{'E_1_0'}, {'NE_1_1'}, {'E_1_0'}, {'E_1_0'}, {'E_1_0'}, {'E_1_0'}, {'S_0_1'}, {'S_0_1'}, {'SW_1_1'}, {'W_1_0'}, {'W_1_0'}, {'W_1_0'}, {'STAY_0_0'}, {'NE_1_1'}]",0.03239007327855381,113,0.8495575221238938,0.9688331432915241,5262
"[{'N_0_1'}, {'N_0_1'}, {'E_1_0'}, {'E_1_0'}, {'SE_1_1'}, {'S_0_1'}, {'S_0_1'}, {'S_0_1'}, {'W_1_0'}, {'W_1_0'}]",0.03236150880026323,286,0.9125874125874126,0.9688331432915241,5262
"[{'E_1_0'}, {'E_1_0'}, {'NE_1_1'}, {'N_0_1'}, {'N_0_1'}, {'N_0_1'}, {'N_0_1'}, {'N_0_1'}, {'N_0_1'}, {'STAY_0_0'}]",0.03202089468566971,370,0.9162162162162162,0.9688331432915241,5262
"[{'N_0_1'}, {'N_0_1'}, {'E_1_0'}, {'NE_1_1'}, {'S_0_1'}, {'S_0_1'}, {'S_0_1'}, {'S_0_1'}, {'S_0_1'}, {'S_0_1'}, {'S_0_1'}]",0.03182027588940717,185,0.8918918918918919,0.9688331432915241,5262
"[{'E_1_0'}, {'NE_1_1'}, {'E_1_0'}, {'E_1_0'}, {'E_1_0'}, {'W_1_0'}, {'W_1_0'}, {'STAY_0_0'}, {'N_0_1'}, {'N_0_1'}, {'N_0_1'}, {'N_0_1'}]",0.03173378346223643,115,0.8695652173913043,0.9688331432915241,5262
"[{'E_1_0'}, {'E_1_0'}, {'NE_1_1'}, {'E_1_0'}, {'W_1_0'}, {'W_1_0'}, {'W_1_0'}, {'W_1_0'}, {'SW_1_1'}, {'STAY_0_0'}]",0.03169234303749913,287,0.9128919860627178,0.9688331432915241,5262
"[{'E_1_0'}, {'E_1_0'}, {'E_1_0'}, {'N_0_1'}, {'N_0_1'}, {'N_0_1'}, {'N_0_1'}, {'N_0_1'}, {'N_0_1'}, {'W_1_0'}, {'S_0_1'}, {'S_0_1'}]",0.0309317894663953,292,0.8904109589041096,0.9688331432915241,5262
"[{'E_1_0'}, {'NE_1_1'}, {'E_1_0'}, {'W_1_0'}, {'W_1_0'}, {'W_1_0'}, {'W_1_0'}, {'W_1_0'}, {'N_0_1'}, {'W_1_0'}]",0.030441985195051924,373,0.9168900804289544,0.9688331432915241,5262
"[{'N_0_1'}, {'E_1_0'}, {'E_1_0'}, {'NE_1_1'}, {'S_0_1'}, {'E_1_0'}, {'S_0_1'}, {'S_0_1'}, {'S_0_1'}, {'S_0_1'}]",0.029835423566493047,170,0.9058823529411765,0.9688331432915241,5262
"[{'E_1_0'}, {'E_1_0'}, {'E_1_0'}, {'N_0_1'}, {'N_0_1'}, {'N_0_1'}, {'N_0_1'}, {'N_0_1'}, {'N_0_1'}, {'W_1_0'}, {'S_0_1'}]",0.02973140764933968,576,0.9114583333333334,0.9688331432915241,5262
"[{'E_1_0'}, {'E_1_0'}, {'NE_1_1'}, {'E_1_0'}, {'E_1_0'}, {'W_1_0'}, {'W_1_0'}, {'W_1_0'}, {'STAY_0_0'}, {'E_1_0'}]",0.029591598676540043,389,0.9177377892030848,0.9688331432915241,5262
"[{'E_1_0'}, {'E_1_0'}, {'N_0_1'}, {'N_0_1'}, {'E_1_0'}, {'E_1_0'}, {'E_1_0'}, {'S_0_1'}, {'S_0_1'}, {'W_1_0'}]",0.029398564624448675,236,0.9110169491525424,0.9688331432915241,5262
"[{'E_1_0'}, {'E_1_0'}, {'NE_1_1'}, {'E_1_0'}, {'NE_1_1'}, {'E_1_0'}, {'NE_1_1'}, {'E_1_0'}, {'W_1_0'}, {'W_1_0'}]",0.028737353963815715,197,0.9086294416243654,0.9688331432915241,5262
"[{'E_1_0'}, {'NE_1_1'}, {'E_1_0'}, {'N_0_1'}, {'N_0_1'}, {'N_0_1'}, {'N_0_1'}, {'N_0_1'}, {'N_0_1'}, {'NW_1_1'}, {'E_1_0'}]",0.028113995347082033,111,0.8828828828828829,0.9688331432915241,5262
"[{'E_1_0'}, {'E_1_0'}, {'E_1_0'}, {'W_1_0'}, {'W_1_0'}, {'NE_1_1'}, {'N_0_1'}, {'N_0_1'}, {'N_0_1'}, {'STAY_0_0'}]",0.028045261760095697,265,0.9132075471698113,0.9688331432915241,5262
"[{'E_1_0'}, {'E_1_0'}, {'NE_1_1'}, {'E_1_0'}, {'N_0_1'}, {'N_0_1'}, {'N_0_1'}, {'NW_1_1'}, {'W_1_0'}, {'S_0_1'}]",0.02784328842069328,321,0.9158878504672897,0.9688331432915241,5262
"[{'NE_1_1'}, {'E_1_0'}, {'E_1_0'}, {'W_1_0'}, {'W_1_0'}, {'SW_1_1'}, {'W_1_0'}, {'N_0_1'}, {'N_0_1'}, {'N_0_1'}]",0.02784328842069328,321,0.9158878504672897,0.9688331432915241,5262
"[{'NE_1_1'}, {'E_1_0'}, {'NE_1_1'}, {'E_1_0'}, {'E_1_0'}, {'W_1_0'}, {'W_1_0'}, {'STAY_0_0'}, {'W_1_0'}, {'W_1_0'}]",0.027818072937857652,293,0.9146757679180887,0.9688331432915241,5262
"[{'E_1_0'}, {'N_0_1'}, {'N_0_1'}, {'N_0_1'}, {'N_0_1'}, {'N_0_1'}, {'N_0_1'}, {'W_1_0'}, {'W_1_0'}, {'STAY_0_0'}, {'W_1_0'}, {'W_1_0'}]",0.027743032028780146,166,0.8795180722891566,0.9688331432915241,5262
"[{'S_0_1'}, {'S_0_1'}, {'S_0_1'}, {'S_0_1'}, {'W_1_0'}, {'SW_1_1'}, {'STAY_0_0'}, {'E_1_0'}, {'NE_1_1'}, {'N_0_1'}, {'N_0_1'}, {'N_0_1'}, {'N_0_1'}, {'N_0_1'}]",0.02752902271155122,106,0.8490566037735849,0.9688331432915241,5262
"[{'E_1_0'}, {'W_1_0'}, {'W_1_0'}, {'E_1_0'}, {'NE_1_1'}, {'N_0_1'}, {'N_0_1'}, {'N_0_1'}, {'STAY_0_0'}, {'W_1_0'}, {'W_1_0'}, {'W_1_0'}]",0.027413395441474142,146,0.8767123287671232,0.9688331432915241,5262
"[{'NE_1_1'}, {'E_1_0'}, {'E_1_0'}, {'S_0_1'}, {'W_1_0'}, {'SW_1_1'}, {'N_0_1'}, {'N_0_1'}, {'N_0_1'}, {'N_0_1'}]",0.0272064131638452,308,0.9155844155844156,0.9688331432915241,5262
"[{'N_0_1'}, {'N_0_1'}, {'N_0_1'}, {'N_0_1'}, {'E_1_0'}, {'NE_1_1'}, {'E_1_0'}, {'E_1_0'}, {'S_0_1'}, {'S_0_1'}]",0.026783610497596144,173,0.9075144508670521,0.9688331432915241,5262
"[{'E_1_0'}, {'N_0_1'}, {'N_0_1'}, {'N_0_1'}, {'N_0_1'}, {'N_0_1'}, {'W_1_0'}, {'STAY_0_0'}, {'E_1_0'}, {'S_0_1'}]",0.02655053790360906,135,0.9037037037037037,0.9688331432915241,5262
"[{'NE_1_1'}, {'E_1_0'}, {'N_0_1'}, {'E_1_0'}, {'E_1_0'}, {'E_1_0'}, {'E_1_0'}, {'E_1_0'}, {'E_1_0'}, {'W_1_0'}, {'W_1_0'}]",0.026331024975757678,224,0.8973214285714286,0.9688331432915241,5262
"[{'E_1_0'}, {'S_0_1'}, {'S_0_1'}, {'S_0_1'}, {'W_1_0'}, {'W_1_0'}, {'W_1_0'}, {'SW_1_1'}, {'E_1_0'}, {'NE_1_1'}, {'N_0_1'}, {'N_0_1'}, {'N_0_1'}, {'W_1_0'}, {'W_1_0'}]",0.026217049013089522,140,0.85,0.9688331432915241,5262
"[{'NE_1_1'}, {'E_1_0'}, {'E_1_0'}, {'NE_1_1'}, {'E_1_0'}, {'N_0_1'}, {'E_1_0'}, {'N_0_1'}, {'N_0_1'}, {'W_1_0'}, {'W_1_0'}]",0.025220940123044877,225,0.8977777777777778,0.9688331432915241,5262
"[{'NE_1_1'}, {'E_1_0'}, {'E_1_0'}, {'E_1_0'}, {'W_1_0'}, {'W_1_0'}, {'W_1_0'}, {'E_1_0'}, {'E_1_0'}, {'E_1_0'}, {'N_0_1'}]",0.025091906696036448,249,0.8995983935742972,0.9688331432915241,5262
"[{'E_1_0'}, {'NE_1_1'}, {'E_1_0'}, {'S_0_1'}, {'W_1_0'}, {'W_1_0'}, {'E_1_0'}, {'N_0_1'}, {'N_0_1'}, {'N_0_1'}]",0.025021670514318806,326,0.9171779141104295,0.9688331432915241,5262
"[{'E_1_0'}, {'NE_1_1'}, {'NE_1_1'}, {'NE_1_1'}, {'N_0_1'}, {'N_0_1'}, {'N_0_1'}, {'N_0_1'}, {'N_0_1'}, {'W_1_0'}, {'W_1_0'}]",0.02494824733341272,298,0.9026845637583892,0.9688331432915241,5262
"[{'NE_1_1'}, {'E_1_0'}, {'NE_1_1'}, {'E_1_0'}, {'N_0_1'}, {'N_0_1'}, {'N_0_1'}, {'N_0_1'}, {'N_0_1'}, {'N_0_1'}, {'E_1_0'}]",0.02494448317131215,102,0.8823529411764706,0.9688331432915241,5262
"[{'E_1_0'}, {'E_1_0'}, {'E_1_0'}, {'E_1_0'}, {'E_1_0'}, {'E_1_0'}, {'NE_1_1'}, {'E_1_0'}, {'W_1_0'}, {'E_1_0'}]",0.02470537941381301,270,0.9148148148148149,0.9688331432915241,5262
"[{'NE_1_1'}, {'S_0_1'}, {'S_0_1'}, {'S_0_1'}, {'S_0_1'}, {'SW_1_1'}, {'N_0_1'}, {'N_0_1'}, {'N_0_1'}, {'N_0_1'}]",0.024400176936922424,356,0.9185393258426966,0.9688331432915241,5262
"[{'NE_1_1'}, {'E_1_0'}, {'E_1_0'}, {'N_0_1'}, {'N_0_1'}, {'N_0_1'}, {'N_0_1'}, {'N_0_1'}, {'N_0_1'}, {'N_0_1'}, {'N_0_1'}]",0.02408078826821025,493,0.9107505070993914,0.9688331432915241,5262
"[{'NE_1_1'}, {'NE_1_1'}, {'N_0_1'}, {'N_0_1'}, {'N_0_1'}, {'N_0_1'}, {'N_0_1'}, {'N_0_1'}, {'E_1_0'}, {'E_1_0'}]",0.02405923056733572,271,0.915129151291513,0.9688331432915241,5262
"[{'E_1_0'}, {'S_0_1'}, {'S_0_1'}, {'S_0_1'}, {'S_0_1'}, {'W_1_0'}, {'W_1_0'}, {'STAY_0_0'}, {'E_1_0'}, {'NE_1_1'}, {'N_0_1'}, {'N_0_1'}, {'N_0_1'}, {'W_1_0'}]",0.02368350362877769,168,0.8630952380952381,0.9688331432915241,5262
"[{'E_1_0'}, {'E_1_0'}, {'E_1_0'}, {'E_1_0'}, {'W_1_0'}, {'W_1_0'}, {'W_1_0'}, {'STAY_0_0'}, {'N_0_1'}, {'N_0_1'}, {'N_0_1'}, {'N_0_1'}, {'W_1_0'}]",0.023599408834370506,221,0.8778280542986425,0.9688331432915241,5262
"[{'NE_1_1'}, {'NE_1_1'}, {'E_1_0'}, {'E_1_0'}, {'S_0_1'}, {'S_0_1'}, {'W_1_0'}, {'W_1_0'}, {'W_1_0'}, {'N_0_1'}]",0.02338990478171543,329,0.9179331306990881,0.9688331432915241,5262
"[{'E_1_0'}, {'E_1_0'}, {'E_1_0'}, {'N_0_1'}, {'N_0_1'}, {'N_0_1'}, {'N_0_1'}, {'W_1_0'}, {'S_0_1'}, {'W_1_0'}, {'S_0_1'}]",0.02326192942798977,263,0.9011406844106464,0.9688331432915241,5262
"[{'NE_1_1'}, {'E_1_0'}, {'NE_1_1'}, {'E_1_0'}, {'W_1_0'}, {'W_1_0'}, {'W_1_0'}, {'W_1_0'}, {'W_1_0'}, {'SW_1_1'}, {'E_1_0'}]",0.02318716806123855,135,0.8888888888888888,0.9688331432915241,5262
"[{'E_1_0'}, {'E_1_0'}, {'NE_1_1'}, {'N_0_1'}, {'N_0_1'}, {'N_0_1'}, {'N_0_1'}, {'NW_1_1'}, {'N_0_1'}, {'W_1_0'}, {'W_1_0'}, {'W_1_0'}, {'S_0_1'}]",0.02286590121502119,153,0.869281045751634,0.9688331432915241,5262
"[{'E_1_0'}, {'NE_1_1'}, {'E_1_0'}, {'E_1_0'}, {'NE_1_1'}, {'W_1_0'}, {'W_1_0'}, {'STAY_0_0'}, {'S_0_1'}, {'W_1_0'}]",0.022131059166171863,126,0.9047619047619048,0.9688331432915241,5262
"[{'E_1_0'}, {'E_1_0'}, {'E_1_0'}, {'NE_1_1'}, {'N_0_1'}, {'N_0_1'}, {'N_0_1'}, {'N_0_1'}, {'NW_1_1'}, {'W_1_0'}, {'S_0_1'}]",0.022119035916562058,352,0.90625,0.9688331432915241,5262
"[{'E_1_0'}, {'E_1_0'}, {'SE_1_1'}, {'S_0_1'}, {'W_1_0'}, {'W_1_0'}, {'W_1_0'}, {'STAY_0_0'}, {'N_0_1'}, {'E_1_0'}]",0.021923924804145845,205,0.9121951219512195,0.9688331432915241,5262
"[{'NE_1_1'}, {'E_1_0'}, {'NE_1_1'}, {'N_0_1'}, {'N_0_1'}, {'N_0_1'}, {'W_1_0'}, {'W_1_0'}, {'N_0_1'}, {'W_1_0'}]",0.021721729443636706,152,0.9078947368421053,0.9688331432915241,5262
"[{'E_1_0'}, {'E_1_0'}, {'SE_1_1'}, {'S_0_1'}, {'W_1_0'}, {'E_1_0'}, {'E_1_0'}, {'STAY_0_0'}, {'W_1_0'}, {'W_1_0'}, {'W_1_0'}]",0.021666120857511184,147,0.891156462585034,0.9688331432915241,5262
"[{'E_1_0'}, {'N_0_1'}, {'N_0_1'}, {'N_0_1'}, {'N_0_1'}, {'N_0_1'}, {'N_0_1'}, {'N_0_1'}, {'N_0_1'}, {'N_0_1'}, {'N_0_1'}, {'N_0_1'}, {'E_1_0'}, {'E_1_0'}]",0.021583529794323875,116,0.853448275862069,0.9688331432915241,5262
"[{'E_1_0'}, {'E_1_0'}, {'E_1_0'}, {'NE_1_1'}, {'E_1_0'}, {'W_1_0'}, {'S_0_1'}, {'STAY_0_0'}, {'W_1_0'}, {'W_1_0'}]",0.0215002018802124,233,0.9141630901287554,0.9688331432915241,5262
"[{'N_0_1'}, {'N_0_1'}, {'E_1_0'}, {'SE_1_1'}, {'E_1_0'}, {'SE_1_1'}, {'S_0_1'}, {'S_0_1'}, {'S_0_1'}, {'W_1_0'}, {'W_1_0'}]",0.021476290466365233,136,0.8897058823529411,0.9688331432915241,5262
"[{'NE_1_1'}, {'E_1_0'}, {'E_1_0'}, {'E_1_0'}, {'N_0_1'}, {'N_0_1'}, {'N_0_1'}, {'N_0_1'}, {'E_1_0'}, {'N_0_1'}]",0.02073826800385825,305,0.9180327868852459,0.9688331432915241,5262
"[{'N_0_1'}, {'N_0_1'}, {'N_0_1'}, {'N_0_1'}, {'N_0_1'}, {'N_0_1'}, {'N_0_1'}, {'W_1_0'}, {'W_1_0'}, {'W_1_0'}, {'E_1_0'}, {'E_1_0'}, {'E_1_0'}]",0.020115792663432108,108,0.8611111111111112,0.9688331432915241,5262
"[{'E_1_0'}, {'E_1_0'}, {'E_1_0'}, {'E_1_0'}, {'E_1_0'}, {'NE_1_1'}, {'E_1_0'}, {'W_1_0'}, {'W_1_0'}, {'STAY_0_0'}, {'W_1_0'}, {'W_1_0'}]",0.020040920431647402,202,0.8861386138613861,0.9688331432915241,5262
"[{'N_0_1'}, {'E_1_0'}, {'NE_1_1'}, {'E_1_0'}, {'E_1_0'}, {'E_1_0'}, {'SE_1_1'}, {'S_0_1'}, {'W_1_0'}, {'STAY_0_0'}]",0.01958141816991099,141,0.9078014184397163,0.9688331432915241,5262
"[{'E_1_0'}, {'E_1_0'}, {'E_1_0'}, {'E_1_0'}, {'NE_1_1'}, {'N_0_1'}, {'N_0_1'}, {'N_0_1'}, {'N_0_1'}, {'N_0_1'}, {'S_0_1'}]",0.019463056957634062,408,0.9093137254901961,0.9688331432915241,5262
"[{'E_1_0'}, {'NE_1_1'}, {'E_1_0'}, {'E_1_0'}, {'NE_1_1'}, {'N_0_1'}, {'NW_1_1'}, {'N_0_1'}, {'N_0_1'}, {'NE_1_1'}]",0.019404638959687692,103,0.9029126213592233,0.9688331432915241,5262
"[{'NE_1_1'}, {'E_1_0'}, {'N_0_1'}, {'N_0_1'}, {'N_0_1'}, {'N_0_1'}, {'N_0_1'}, {'W_1_0'}, {'W_1_0'}, {'W_1_0'}, {'W_1_0'}]",0.0192471850896605,669,0.9162929745889388,0.9688331432915241,5262
"[{'E_1_0'}, {'E_1_0'}, {'N_0_1'}, {'E_1_0'}, {'N_0_1'}, {'N_0_1'}, {'NW_1_1'}, {'E_1_0'}, {'E_1_0'}, {'E_1_0'}]",0.018801554028142542,251,0.9163346613545816,0.9688331432915241,5262
"[{'N_0_1'}, {'N_0_1'}, {'N_0_1'}, {'E_1_0'}, {'N_0_1'}, {'E_1_0'}, {'E_1_0'}, {'W_1_0'}, {'S_0_1'}, {'S_0_1'}]",0.01820091194912421,196,0.9132653061224489,0.9688331432915241,5262
"[{'E_1_0'}, {'E_1_0'}, {'E_1_0'}, {'NE_1_1'}, {'E_1_0'}, {'S_0_1'}, {'W_1_0'}, {'E_1_0'}, {'E_1_0'}, {'N_0_1'}]",0.01820091194912421,196,0.9132653061224489,0.9688331432915241,5262
"[{'NE_1_1'}, {'E_1_0'}, {'E_1_0'}, {'S_0_1'}, {'S_0_1'}, {'W_1_0'}, {'W_1_0'}, {'W_1_0'}, {'W_1_0'}, {'W_1_0'}, {'SW_1_1'}, {'STAY_0_0'}, {'E_1_0'}]",0.017157202174491903,100,0.86,0.9688331432915241,5262
"[{'E_1_0'}, {'E_1_0'}, {'E_1_0'}, {'S_0_1'}, {'S_0_1'}, {'S_0_1'}, {'S_0_1'}, {'W_1_0'}, {'W_1_0'}, {'STAY_0_0'}, {'NE_1_1'}, {'NE_1_1'}]",0.01702687089876398,172,0.8837209302325582,0.9688331432915241,5262
"[{'E_1_0'}, {'N_0_1'}, {'E_1_0'}, {'NE_1_1'}, {'S_0_1'}, {'E_1_0'}, {'S_0_1'}, {'W_1_0'}, {'S_0_1'}, {'W_1_0'}]",0.016596294347879903,105,0.9047619047619048,0.9688331432915241,5262
"[{'E_1_0'}, {'E_1_0'}, {'S_0_1'}, {'W_1_0'}, {'W_1_0'}, {'W_1_0'}, {'W_1_0'}, {'E_1_0'}, {'NE_1_1'}, {'N_0_1'}, {'N_0_1'}, {'N_0_1'}, {'W_1_0'}]",0.01647321462046092,246,0.8821138211382114,0.9688331432915241,5262
"[{'E_1_0'}, {'E_1_0'}, {'W_1_0'}, {'W_1_0'}, {'W_1_0'}, {'W_1_0'}, {'W_1_0'}, {'W_1_0'}, {'STAY_0_0'}, {'E_1_0'}, {'E_1_0'}]",0.015971932284206236,374,0.9090909090909091,0.9688331432915241,5262
"[{'NE_1_1'}, {'N_0_1'}, {'E_1_0'}, {'N_0_1'}, {'N_0_1'}, {'N_0_1'}, {'N_0_1'}, {'N_0_1'}, {'NE_1_1'}, {'N_0_1'}]",0.01578059998632253,158,0.9113924050632911,0.9688331432915241,5262
"[{'N_0_1'}, {'N_0_1'}, {'NE_1_1'}, {'E_1_0'}, {'S_0_1'}, {'S_0_1'}, {'S_0_1'}, {'W_1_0'}, {'W_1_0'}, {'SW_1_1'}]",0.015394038098698215,145,0.9103448275862069,0.9688331432915241,5262
"[{'N_0_1'}, {'N_0_1'}, {'N_0_1'}, {'E_1_0'}, {'E_1_0'}, {'E_1_0'}, {'E_1_0'}, {'E_1_0'}, {'S_0_1'}, {'W_1_0'}]",0.015068640894081553,257,0.9182879377431906,0.9688331432915241,5262
"[{'S_0_1'}, {'S_0_1'}, {'SW_1_1'}, {'W_1_0'}, {'STAY_0_0'}, {'E_1_0'}, {'NE_1_1'}, {'N_0_1'}, {'N_0_1'}, {'N_0_1'}, {'W_1_0'}]",0.014696810252239123,260,0.9038461538461539,0.9688331432915241,5262
"[{'E_1_0'}, {'E_1_0'}, {'E_1_0'}, {'E_1_0'}, {'E_1_0'}, {'NE_1_1'}, {'W_1_0'}, {'W_1_0'}, {'W_1_0'}, {'STAY_0_0'}, {'E_1_0'}]",0.014696810252239123,260,0.9038461538461539,0.9688331432915241,5262
"[{'E_1_0'}, {'SE_1_1'}, {'E_1_0'}, {'S_0_1'}, {'S_0_1'}, {'S_0_1'}, {'S_0_1'}, {'W_1_0'}, {'W_1_0'}, {'STAY_0_0'}, {'E_1_0'}, {'E_1_0'}, {'N_0_1'}, {'N_0_1'}]",0.01469039541908379,101,0.8514851485148515,0.9688331432915241,5262
"[{'E_1_0'}, {'E_1_0'}, {'E_1_0'}, {'NE_1_1'}, {'E_1_0'}, {'N_0_1'}, {'N_0_1'}, {'N_0_1'}, {'N_0_1'}, {'N_0_1'}, {'N_0_1'}, {'N_0_1'}, {'W_1_0'}, {'STAY_0_0'}]",0.01469039541908379,101,0.8514851485148515,0.9688331432915241,5262
"[{'E_1_0'}, {'NE_1_1'}, {'NE_1_1'}, {'N_0_1'}, {'N_0_1'}, {'N_0_1'}, {'N_0_1'}, {'N_0_1'}, {'N_0_1'}, {'N_0_1'}, {'W_1_0'}]",0.014231722662380042,390,0.9102564102564102,0.9688331432915241,5262
"[{'N_0_1'}, {'N_0_1'}, {'E_1_0'}, {'NE_1_1'}, {'S_0_1'}, {'W_1_0'}, {'S_0_1'}, {'S_0_1'}, {'W_1_0'}, {'W_1_0'}]",0.014059449680650538,133,0.9097744360902256,0.9688331432915241,5262
"[{'N_0_1'}, {'N_0_1'}, {'E_1_0'}, {'E_1_0'}, {'E_1_0'}, {'S_0_1'}, {'S_0_1'}, {'S_0_1'}, {'W_1_0'}, {'STAY_0_0'}]",0.013932320479372762,230,0.9173913043478261,0.9688331432915241,5262
"[{'E_1_0'}, {'E_1_0'}, {'E_1_0'}, {'S_0_1'}, {'W_1_0'}, {'W_1_0'}, {'W_1_0'}, {'SW_1_1'}, {'W_1_0'}, {'E_1_0'}, {'W_1_0'}]",0.013870203688797211,299,0.9063545150501672,0.9688331432915241,5262
"[{'E_1_0'}, {'E_1_0'}, {'E_1_0'}, {'E_1_0'}, {'SE_1_1'}, {'S_0_1'}, {'W_1_0'}, {'S_0_1'}, {'N_0_1'}, {'N_0_1'}, {'N_0_1'}]",0.013518360960096842,418,0.9114832535885168,0.9688331432915241,5262
"[{'E_1_0'}, {'E_1_0'}, {'E_1_0'}, {'E_1_0'}, {'NE_1_1'}, {'N_0_1'}, {'N_0_1'}, {'N_0_1'}, {'N_0_1'}, {'N_0_1'}, {'N_0_1'}, {'S_0_1'}]",0.013416996694962768,344,0.8982558139534884,0.9688331432915241,5262
"[{'NE_1_1'}, {'E_1_0'}, {'S_0_1'}, {'E_1_0'}, {'N_0_1'}, {'N_0_1'}, {'N_0_1'}, {'N_0_1'}, {'W_1_0'}, {'N_0_1'}]",0.013050687851149378,161,0.9130434782608695,0.9688331432915241,5262
"[{'E_1_0'}, {'NE_1_1'}, {'E_1_0'}, {'E_1_0'}, {'W_1_0'}, {'W_1_0'}, {'N_0_1'}, {'N_0_1'}, {'N_0_1'}, {'N_0_1'}, {'W_1_0'}]",0.012940448215081224,262,0.9045801526717557,0.9688331432915241,5262
"[{'E_1_0'}, {'NE_1_1'}, {'S_0_1'}, {'S_0_1'}, {'E_1_0'}, {'E_1_0'}, {'N_0_1'}, {'N_0_1'}, {'N_0_1'}, {'STAY_0_0'}]",0.012868862160540728,175,0.9142857142857143,0.9688331432915241,5262
"[{'NE_1_1'}, {'NE_1_1'}, {'E_1_0'}, {'E_1_0'}, {'W_1_0'}, {'W_1_0'}, {'W_1_0'}, {'STAY_0_0'}, {'W_1_0'}, {'W_1_0'}, {'SW_1_1'}]",0.012865417196480489,130,0.8923076923076924,0.9688331432915241,5262
"[{'NE_1_1'}, {'E_1_0'}, {'S_0_1'}, {'N_0_1'}, {'E_1_0'}, {'N_0_1'}, {'N_0_1'}, {'N_0_1'}, {'N_0_1'}, {'N_0_1'}]",0.012468623215417973,148,0.9121621621621622,0.9688331432915241,5262
"[{'E_1_0'}, {'E_1_0'}, {'E_1_0'}, {'SE_1_1'}, {'S_0_1'}, {'SW_1_1'}, {'S_0_1'}, {'W_1_0'}, {'N_0_1'}, {'N_0_1'}, {'N_0_1'}]",0.012322918011192452,461,0.913232104121475,0.9688331432915241,5262
"[{'E_1_0'}, {'E_1_0'}, {'E_1_0'}, {'W_1_0'}, {'W_1_0'}, {'W_1_0'}, {'W_1_0'}, {'W_1_0'}, {'N_0_1'}, {'N_0_1'}, {'N_0_1'}, {'W_1_0'}, {'W_1_0'}, {'W_1_0'}]",0.011683585670640317,260,0.8769230769230769,0.9688331432915241,5262
"[{'NE_1_1'}, {'E_1_0'}, {'N_0_1'}, {'E_1_0'}, {'N_0_1'}, {'N_0_1'}, {'N_0_1'}, {'N_0_1'}, {'N_0_1'}, {'N_0_1'}, {'N_0_1'}, {'N_0_1'}, {'W_1_0'}]",0.01162955696113288,158,0.8734177215189873,0.9688331432915241,5262
"[{'E_1_0'}, {'E_1_0'}, {'E_1_0'}, {'E_1_0'}, {'E_1_0'}, {'E_1_0'}, {'E_1_0'}, {'E_1_0'}, {'NE_1_1'}, {'E_1_0'}, {'W_1_0'}]",0.011555209748616013,532,0.9154135338345865,0.9688331432915241,5262
"[{'E_1_0'}, {'E_1_0'}, {'N_0_1'}, {'E_1_0'}, {'E_1_0'}, {'E_1_0'}, {'W_1_0'}, {'W_1_0'}, {'W_1_0'}, {'W_1_0'}, {'W_1_0'}, {'STAY_0_0'}, {'W_1_0'}, {'W_1_0'}]",0.011507026901311113,119,0.8571428571428571,0.9688331432915241,5262
"[{'E_1_0'}, {'NE_1_1'}, {'N_0_1'}, {'N_0_1'}, {'N_0_1'}, {'N_0_1'}, {'NW_1_1'}, {'W_1_0'}, {'W_1_0'}, {'W_1_0'}, {'S_0_1'}]",0.01115452466303346,355,0.9098591549295775,0.9688331432915241,5262
"[{'E_1_0'}, {'E_1_0'}, {'E_1_0'}, {'E_1_0'}, {'S_0_1'}, {'S_0_1'}, {'W_1_0'}, {'W_1_0'}, {'SW_1_1'}, {'N_0_1'}, {'N_0_1'}, {'N_0_1'}]",0.01106782835836706,482,0.9045643153526971,0.9688331432915241,5262
"[{'N_0_1'}, {'N_0_1'}, {'N_0_1'}, {'E_1_0'}, {'SE_1_1'}, {'S_0_1'}, {'S_0_1'}, {'S_0_1'}, {'W_1_0'}, {'W_1_0'}, {'W_1_0'}, {'W_1_0'}]",0.010948012519565786,144,0.8819444444444444,0.9688331432915241,5262
"[{'E_1_0'}, {'E_1_0'}, {'NE_1_1'}, {'N_0_1'}, {'N_0_1'}, {'W_1_0'}, {'W_1_0'}, {'W_1_0'}, {'STAY_0_0'}, {'E_1_0'}]",0.010794575694633046,206,0.9174757281553398,0.9688331432915241,5262
"[{'N_0_1'}, {'N_0_1'}, {'N_0_1'}, {'N_0_1'}, {'E_1_0'}, {'NE_1_1'}, {'E_1_0'}, {'W_1_0'}, {'S_0_1'}, {'W_1_0'}, {'S_0_1'}]",0.010742117533319884,120,0.8916666666666667,0.9688331432915241,5262
"[{'E_1_0'}, {'N_0_1'}, {'E_1_0'}, {'N_0_1'}, {'E_1_0'}, {'E_1_0'}, {'S_0_1'}, {'S_0_1'}, {'S_0_1'}, {'SW_1_1'}]",0.010589939361043021,192,0.9166666666666666,0.9688331432915241,5262
"[{'E_1_0'}, {'E_1_0'}, {'E_1_0'}, {'NE_1_1'}, {'E_1_0'}, {'E_1_0'}, {'E_1_0'}, {'E_1_0'}, {'W_1_0'}, {'STAY_0_0'}, {'W_1_0'}, {'W_1_0'}]",0.010441561060459681,176,0.8863636363636364,0.9688331432915241,5262
"[{'E_1_0'}, {'E_1_0'}, {'E_1_0'}, {'N_0_1'}, {'N_0_1'}, {'N_0_1'}, {'N_0_1'}, {'N_0_1'}, {'N_0_1'}, {'N_0_1'}, {'W_1_0'}, {'S_0_1'}]",0.010360337389927032,534,0.9063670411985019,0.9688331432915241,5262
"[{'NE_1_1'}, {'E_1_0'}, {'N_0_1'}, {'N_0_1'}, {'N_0_1'}, {'N_0_1'}, {'N_0_1'}, {'N_0_1'}, {'N_0_1'}, {'E_1_0'}, {'E_1_0'}, {'W_1_0'}, {'W_1_0'}]",0.01008614145157205,149,0.87248322147651,0.9688331432915241,5262
"[{'E_1_0'}, {'E_1_0'}, {'E_1_0'}, {'E_1_0'}, {'N_0_1'}, {'E_1_0'}, {'W_1_0'}, {'STAY_0_0'}, {'E_1_0'}, {'E_1_0'}]",0.009636414856121656,165,0.9151515151515152,0.9688331432915241,5262
"[{'E_1_0'}, {'E_1_0'}, {'E_1_0'}, {'E_1_0'}, {'NE_1_1'}, {'E_1_0'}, {'E_1_0'}, {'E_1_0'}, {'W_1_0'}, {'W_1_0'}, {'STAY_0_0'}]",0.009215007524877583,241,0.9045643153526971,0.9688331432915241,5262
"[{'W_1_0'}, {'S_0_1'}, {'STAY_0_0'}, {'E_1_0'}, {'NE_1_1'}, {'N_0_1'}, {'N_0_1'}, {'N_0_1'}, {'N_0_1'}, {'N_0_1'}]",0.009012083873268129,138,0.9130434782608695,0.9688331432915241,5262
"[{'NE_1_1'}, {'E_1_0'}, {'E_1_0'}, {'NE_1_1'}, {'N_0_1'}, {'N_0_1'}, {'N_0_1'}, {'N_0_1'}, {'N_0_1'}, {'W_1_0'}, {'SW_1_1'}]",0.008869481531627699,204,0.9019607843137255,0.9688331432915241,5262
"[{'E_1_0'}, {'E_1_0'}, {'E_1_0'}, {'E_1_0'}, {'E_1_0'}, {'E_1_0'}, {'W_1_0'}, {'STAY_0_0'}, {'NE_1_1'}, {'N_0_1'}, {'N_0_1'}, {'W_1_0'}]",0.008613596349384078,199,0.8894472361809045,0.9688331432915241,5262
"[{'E_1_0'}, {'E_1_0'}, {'E_1_0'}, {'E_1_0'}, {'W_1_0'}, {'W_1_0'}, {'W_1_0'}, {'N_0_1'}, {'W_1_0'}, {'W_1_0'}, {'W_1_0'}]",0.00853043443017254,553,0.9168173598553345,0.9688331432915241,5262
"[{'NE_1_1'}, {'E_1_0'}, {'E_1_0'}, {'E_1_0'}, {'E_1_0'}, {'S_0_1'}, {'S_0_1'}, {'W_1_0'}, {'W_1_0'}, {'N_0_1'}, {'N_0_1'}]",0.008312870013452711,455,0.9142857142857143,0.9688331432915241,5262
"[{'E_1_0'}, {'E_1_0'}, {'E_1_0'}, {'SE_1_1'}, {'S_0_1'}, {'S_0_1'}, {'W_1_0'}, {'W_1_0'}, {'SW_1_1'}, {'E_1_0'}, {'N_0_1'}, {'N_0_1'}, {'N_0_1'}]",0.007963312724909466,252,0.8849206349206349,0.9688331432915241,5262
"[{'N_0_1'}, {'E_1_0'}, {'N_0_1'}, {'N_0_1'}, {'N_0_1'}, {'N_0_1'}, {'N_0_1'}, {'N_0_1'}, {'N_0_1'}, {'N_0_1'}, {'S_0_1'}]",0.007823809050372721,294,0.9081632653061225,0.9688331432915241,5262
"[{'E_1_0'}, {'E_1_0'}, {'E_1_0'}, {'NE_1_1'}, {'N_0_1'}, {'N_0_1'}, {'N_0_1'}, {'NW_1_1'}, {'W_1_0'}, {'S_0_1'}, {'W_1_0'}, {'W_1_0'}]",0.007619750533976344,167,0.8862275449101796,0.9688331432915241,5262
"[{'NE_1_1'}, {'N_0_1'}, {'N_0_1'}, {'N_0_1'}, {'N_0_1'}, {'N_0_1'}, {'N_0_1'}, {'N_0_1'}, {'N_0_1'}, {'N_0_1'}, {'N_0_1'}, {'E_1_0'}]",0.007619750533976344,167,0.8862275449101796,0.9688331432915241,5262
"[{'NE_1_1'}, {'E_1_0'}, {'N_0_1'}, {'N_0_1'}, {'W_1_0'}, {'W_1_0'}, {'W_1_0'}, {'W_1_0'}, {'S_0_1'}, {'W_1_0'}, {'W_1_0'}]",0.007506741378314086,193,0.9015544041450777,0.9688331432915241,5262
"[{'NE_1_1'}, {'S_0_1'}, {'S_0_1'}, {'S_0_1'}, {'S_0_1'}, {'E_1_0'}, {'N_0_1'}, {'N_0_1'}, {'N_0_1'}, {'E_1_0'}]",0.007232607595878848,168,0.9166666666666666,0.9688331432915241,5262
"[{'NE_1_1'}, {'SE_1_1'}, {'E_1_0'}, {'E_1_0'}, {'S_0_1'}, {'W_1_0'}, {'N_0_1'}, {'N_0_1'}, {'N_0_1'}, {'N_0_1'}]",0.007140318189407635,140,0.9142857142857143,0.9688331432915241,5262
"[{'N_0_1'}, {'N_0_1'}, {'N_0_1'}, {'N_0_1'}, {'N_0_1'}, {'N_0_1'}, {'E_1_0'}, {'E_1_0'}, {'E_1_0'}, {'S_0_1'}, {'S_0_1'}]",0.006830310368654446,231,0.9047619047619048,0.9688331432915241,5262
"[{'NE_1_1'}, {'E_1_0'}, {'N_0_1'}, {'N_0_1'}, {'N_0_1'}, {'N_0_1'}, {'N_0_1'}, {'N_0_1'}, {'N_0_1'}, {'N_0_1'}, {'N_0_1'}, {'W_1_0'}]",0.006724566543064303,364,0.9010989010989011,0.9688331432915241,5262
"[{'NE_1_1'}, {'E_1_0'}, {'N_0_1'}, {'E_1_0'}, {'E_1_0'}, {'E_1_0'}, {'E_1_0'}, {'E_1_0'}, {'E_1_0'}, {'E_1_0'}, {'W_1_0'}]",0.005980438465183813,170,0.9,0.9688331432915241,5262
"[{'NE_1_1'}, {'E_1_0'}, {'N_0_1'}, {'E_1_0'}, {'E_1_0'}, {'SW_1_1'}, {'W_1_0'}, {'W_1_0'}, {'W_1_0'}, {'W_1_0'}, {'W_1_0'}, {'W_1_0'}]",0.005730363692971752,190,0.8894736842105263,0.9688331432915241,5262
"[{'N_0_1'}, {'N_0_1'}, {'E_1_0'}, {'NE_1_1'}, {'E_1_0'}, {'E_1_0'}, {'SE_1_1'}, {'S_0_1'}, {'S_0_1'}, {'S_0_1'}, {'S_0_1'}, {'S_0_1'}]",0.005564786256762266,126,0.8809523809523809,0.9688331432915241,5262
"[{'E_1_0'}, {'E_1_0'}, {'E_1_0'}, {'E_1_0'}, {'NE_1_1'}, {'NE_1_1'}, {'N_0_1'}, {'N_0_1'}, {'N_0_1'}, {'N_0_1'}, {'S_0_1'}]",0.005522974750559739,284,0.9084507042253521,0.9688331432915241,5262
"[{'E_1_0'}, {'E_1_0'}, {'E_1_0'}, {'E_1_0'}, {'S_0_1'}, {'SW_1_1'}, {'W_1_0'}, {'W_1_0'}, {'W_1_0'}, {'W_1_0'}, {'STAY_0_0'}, {'N_0_1'}, {'N_0_1'}, {'N_0_1'}]",0.005376144383764325,234,0.8760683760683761,0.9688331432915241,5262
"[{'NE_1_1'}, {'E_1_0'}, {'N_0_1'}, {'E_1_0'}, {'N_0_1'}, {'N_0_1'}, {'N_0_1'}, {'N_0_1'}, {'N_0_1'}, {'N_0_1'}, {'N_0_1'}, {'N_0_1'}, {'W_1_0'}, {'W_1_0'}]",0.005191766674392584,148,0.8648648648648649,0.9688331432915241,5262
"[{'E_1_0'}, {'NE_1_1'}, {'NE_1_1'}, {'E_1_0'}, {'E_1_0'}, {'NE_1_1'}, {'E_1_0'}, {'W_1_0'}, {'W_1_0'}, {'SW_1_1'}]",0.00495365472107423,171,0.9181286549707602,0.9688331432915241,5262
"[{'E_1_0'}, {'NE_1_1'}, {'S_0_1'}, {'S_0_1'}, {'S_0_1'}, {'S_0_1'}, {'S_0_1'}, {'W_1_0'}, {'W_1_0'}, {'STAY_0_0'}, {'NE_1_1'}]",0.004785421976957638,171,0.9005847953216374,0.9688331432915241,5262
"[{'NE_1_1'}, {'E_1_0'}, {'E_1_0'}, {'S_0_1'}, {'E_1_0'}, {'E_1_0'}, {'S_0_1'}, {'S_0_1'}, {'W_1_0'}, {'STAY_0_0'}]",0.004662060881798991,157,0.9171974522292994,0.9688331432915241,5262
"[{'NE_1_1'}, {'E_1_0'}, {'E_1_0'}, {'E_1_0'}, {'SW_1_1'}, {'W_1_0'}, {'W_1_0'}, {'W_1_0'}, {'STAY_0_0'}, {'E_1_0'}, {'E_1_0'}]",0.004119012712318626,234,0.905982905982906,0.9688331432915241,5262
"[{'E_1_0'}, {'E_1_0'}, {'NE_1_1'}, {'W_1_0'}, {'STAY_0_0'}, {'E_1_0'}, {'N_0_1'}, {'N_0_1'}, {'N_0_1'}, {'NW_1_1'}]",0.003586444949129186,116,0.9137931034482759,0.9688331432915241,5262
"[{'E_1_0'}, {'E_1_0'}, {'E_1_0'}, {'E_1_0'}, {'NE_1_1'}, {'E_1_0'}, {'W_1_0'}, {'S_0_1'}, {'STAY_0_0'}, {'W_1_0'}, {'W_1_0'}]",0.003437723482219268,160,0.9,0.9688331432915241,5262
"[{'E_1_0'}, {'E_1_0'}, {'NE_1_1'}, {'E_1_0'}, {'NE_1_1'}, {'N_0_1'}, {'N_0_1'}, {'N_0_1'}, {'N_0_1'}, {'W_1_0'}, {'W_1_0'}, {'E_1_0'}]",0.0028231565946781334,117,0.8803418803418803,0.9688331432915241,5262
"[{'E_1_0'}, {'NE_1_1'}, {'E_1_0'}, {'E_1_0'}, {'SW_1_1'}, {'W_1_0'}, {'W_1_0'}, {'STAY_0_0'}, {'E_1_0'}, {'E_1_0'}, {'W_1_0'}, {'W_1_0'}]",0.002817147039720469,170,0.888235294117647,0.9688331432915241,5262
"[{'NE_1_1'}, {'W_1_0'}, {'W_1_0'}, {'W_1_0'}, {'W_1_0'}, {'W_1_0'}, {'W_1_0'}, {'W_1_0'}, {'W_1_0'}, {'E_1_0'}, {'E_1_0'}]",0.0018414335838945473,289,0.9100346020761245,0.9688331432915241,5262
"[{'E_1_0'}, {'E_1_0'}, {'NE_1_1'}, {'E_1_0'}, {'E_1_0'}, {'W_1_0'}, {'W_1_0'}, {'W_1_0'}, {'N_0_1'}, {'N_0_1'}, {'N_0_1'}]",0.0012529946222379351,399,0.9147869674185464,0.9688331432915241,5262
"[{'N_0_1'}, {'N_0_1'}, {'E_1_0'}, {'N_0_1'}, {'E_1_0'}, {'E_1_0'}, {'E_1_0'}, {'S_0_1'}, {'S_0_1'}, {'S_0_1'}, {'S_0_1'}, {'W_1_0'}, {'W_1_0'}]",0.0008978430623921563,124,0.8709677419354839,0.9688331432915241,5262
"[{'E_1_0'}, {'E_1_0'}, {'E_1_0'}, {'E_1_0'}, {'E_1_0'}, {'W_1_0'}, {'W_1_0'}, {'W_1_0'}, {'SW_1_1'}, {'W_1_0'}, {'E_1_0'}]",0.0008343316192604977,442,0.916289592760181,0.9688331432915241,5262
"[{'NE_1_1'}, {'E_1_0'}, {'E_1_0'}, {'S_0_1'}, {'W_1_0'}, {'W_1_0'}, {'W_1_0'}, {'N_0_1'}, {'N_0_1'}, {'N_0_1'}, {'N_0_1'}]",0.00026007148141971026,373,0.9142091152815014,0.9688331432915241,5262
"[{'E_1_0'}, {'NE_1_1'}, {'E_1_0'}, {'E_1_0'}, {'E_1_0'}, {'W_1_0'}, {'W_1_0'}, {'W_1_0'}, {'W_1_0'}, {'STAY_0_0'}, {'E_1_0'}, {'E_1_0'}]",-0.0002499045054182858,217,0.8940092165898618,0.9688331432915241,5262
"[{'S_0_1'}, {'W_1_0'}, {'SW_1_1'}, {'SW_1_1'}, {'STAY_0_0'}, {'NE_1_1'}, {'N_0_1'}, {'N_0_1'}, {'N_0_1'}, {'N_0_1'}, {'W_1_0'}]",-0.001891634087449967,128,0.8984375,0.9688331432915241,5262
"[{'NE_1_1'}, {'NE_1_1'}, {'E_1_0'}, {'NE_1_1'}, {'E_1_0'}, {'E_1_0'}, {'S_0_1'}, {'E_1_0'}, {'S_0_1'}, {'W_1_0'}]",-0.0020976201203402045,122,0.9180327868852459,0.9688331432915241,5262
"[{'E_1_0'}, {'E_1_0'}, {'E_1_0'}, {'SE_1_1'}, {'SW_1_1'}, {'W_1_0'}, {'W_1_0'}, {'N_0_1'}, {'N_0_1'}, {'N_0_1'}, {'N_0_1'}]",-0.002111421827649229,477,0.9182389937106918,0.9688331432915241,5262
"[{'E_1_0'}, {'E_1_0'}, {'E_1_0'}, {'N_0_1'}, {'E_1_0'}, {'N_0_1'}, {'N_0_1'}, {'N_0_1'}, {'N_0_1'}, {'N_0_1'}, {'S_0_1'}]",-0.002651554854065541,435,0.9172413793103448,0.9688331432915241,5262
"[{'N_0_1'}, {'N_0_1'}, {'N_0_1'}, {'N_0_1'}, {'N_0_1'}, {'N_0_1'}, {'N_0_1'}, {'N_0_1'}, {'N_0_1'}, {'W_1_0'}, {'S_0_1'}, {'S_0_1'}]",-0.0027108066314773804,266,0.8984962406015038,0.9688331432915241,5262
"[{'E_1_0'}, {'E_1_0'}, {'E_1_0'}, {'SE_1_1'}, {'S_0_1'}, {'S_0_1'}, {'S_0_1'}, {'E_1_0'}, {'N_0_1'}, {'N_0_1'}, {'N_0_1'}, {'STAY_0_0'}, {'W_1_0'}, {'W_1_0'}]",-0.0030427548926894588,142,0.8661971830985915,0.9688331432915241,5262
"[{'E_1_0'}, {'N_0_1'}, {'NE_1_1'}, {'N_0_1'}, {'N_0_1'}, {'N_0_1'}, {'W_1_0'}, {'STAY_0_0'}, {'E_1_0'}, {'E_1_0'}]",-0.0033652506173151853,109,0.9174311926605505,0.9688331432915241,5262
"[{'E_1_0'}, {'NE_1_1'}, {'E_1_0'}, {'NE_1_1'}, {'N_0_1'}, {'N_0_1'}, {'N_0_1'}, {'N_0_1'}, {'N_0_1'}, {'N_0_1'}, {'E_1_0'}]",-0.0035661975026717307,204,0.9068627450980392,0.9688331432915241,5262
"[{'NE_1_1'}, {'E_1_0'}, {'NE_1_1'}, {'E_1_0'}, {'E_1_0'}, {'E_1_0'}, {'S_0_1'}, {'S_0_1'}, {'SW_1_1'}, {'W_1_0'}, {'W_1_0'}, {'W_1_0'}, {'W_1_0'}, {'N_0_1'}, {'N_0_1'}]",-0.003603631186782419,141,0.8581560283687943,0.9688331432915241,5262
"[{'E_1_0'}, {'NE_1_1'}, {'N_0_1'}, {'N_0_1'}, {'N_0_1'}, {'N_0_1'}, {'N_0_1'}, {'E_1_0'}, {'N_0_1'}, {'E_1_0'}, {'S_0_1'}]",-0.003633292590833781,166,0.9036144578313253,0.9688331432915241,5262
"[{'E_1_0'}, {'E_1_0'}, {'NE_1_1'}, {'NE_1_1'}, {'N_0_1'}, {'N_0_1'}, {'N_0_1'}, {'N_0_1'}, {'N_0_1'}, {'N_0_1'}, {'W_1_0'}]",-0.004096344077858971,467,0.9186295503211992,0.9688331432915241,5262
"[{'S_0_1'}, {'S_0_1'}, {'SW_1_1'}, {'SW_1_1'}, {'STAY_0_0'}, {'E_1_0'}, {'NE_1_1'}, {'N_0_1'}, {'N_0_1'}, {'W_1_0'}, {'W_1_0'}, {'W_1_0'}]",-0.004317451712795073,186,0.8924731182795699,0.9688331432915241,5262
"[{'N_0_1'}, {'N_0_1'}, {'NE_1_1'}, {'E_1_0'}, {'E_1_0'}, {'S_0_1'}, {'S_0_1'}, {'S_0_1'}, {'SE_1_1'}, {'S_0_1'}, {'S_0_1'}]",-0.004692709862759603,118,0.8983050847457628,0.9688331432915241,5262
"[{'E_1_0'}, {'E_1_0'}, {'E_1_0'}, {'SE_1_1'}, {'S_0_1'}, {'S_0_1'}, {'SW_1_1'}, {'W_1_0'}, {'W_1_0'}, {'N_0_1'}, {'N_0_1'}, {'N_0_1'}]",-0.005469816142423367,550,0.9109090909090909,0.9688331432915241,5262
"[{'E_1_0'}, {'NE_1_1'}, {'E_1_0'}, {'E_1_0'}, {'E_1_0'}, {'E_1_0'}, {'E_1_0'}, {'N_0_1'}, {'N_0_1'}, {'N_0_1'}, {'W_1_0'}, {'W_1_0'}, {'W_1_0'}, {'W_1_0'}]",-0.005591312067450227,251,0.8804780876494024,0.9688331432915241,5262
"[{'N_0_1'}, {'N_0_1'}, {'N_0_1'}, {'W_1_0'}, {'W_1_0'}, {'N_0_1'}, {'N_0_1'}, {'N_0_1'}, {'N_0_1'}, {'N_0_1'}, {'S_0_1'}]",-0.005830344276377852,168,0.9047619047619048,0.9688331432915241,5262
"[{'E_1_0'}, {'E_1_0'}, {'E_1_0'}, {'SE_1_1'}, {'W_1_0'}, {'S_0_1'}, {'W_1_0'}, {'W_1_0'}, {'W_1_0'}, {'N_0_1'}, {'N_0_1'}, {'N_0_1'}]",-0.005833023640588575,432,0.9074074074074074,0.9688331432915241,5262
"[{'NE_1_1'}, {'E_1_0'}, {'N_0_1'}, {'E_1_0'}, {'N_0_1'}, {'N_0_1'}, {'N_0_1'}, {'N_0_1'}, {'N_0_1'}, {'N_0_1'}, {'W_1_0'}]",-0.005833880281515658,356,0.9157303370786517,0.9688331432915241,5262
"[{'NE_1_1'}, {'N_0_1'}, {'E_1_0'}, {'S_0_1'}, {'S_0_1'}, {'S_0_1'}, {'S_0_1'}, {'S_0_1'}, {'S_0_1'}, {'W_1_0'}, {'W_1_0'}]",-0.005837237649840343,273,0.9120879120879121,0.9688331432915241,5262
"[{'E_1_0'}, {'E_1_0'}, {'E_1_0'}, {'W_1_0'}, {'W_1_0'}, {'W_1_0'}, {'SW_1_1'}, {'N_0_1'}, {'N_0_1'}, {'N_0_1'}, {'N_0_1'}]",-0.007346575694347823,373,0.9168900804289544,0.9688331432915241,5262
"[{'E_1_0'}, {'E_1_0'}, {'NE_1_1'}, {'S_0_1'}, {'S_0_1'}, {'S_0_1'}, {'SW_1_1'}, {'E_1_0'}, {'N_0_1'}, {'N_0_1'}, {'N_0_1'}]",-0.008041526153786949,249,0.9116465863453815,0.9688331432915241,5262
"[{'E_1_0'}, {'E_1_0'}, {'E_1_0'}, {'W_1_0'}, {'W_1_0'}, {'W_1_0'}, {'E_1_0'}, {'E_1_0'}, {'N_0_1'}, {'N_0_1'}, {'W_1_0'}]",-0.008231577816673497,418,0.9186602870813397,0.9688331432915241,5262
"[{'E_1_0'}, {'E_1_0'}, {'E_1_0'}, {'E_1_0'}, {'E_1_0'}, {'W_1_0'}, {'W_1_0'}, {'STAY_0_0'}, {'N_0_1'}, {'W_1_0'}, {'W_1_0'}]",-0.008378277797874478,375,0.9173333333333333,0.9688331432915241,5262
"[{'E_1_0'}, {'NE_1_1'}, {'E_1_0'}, {'E_1_0'}, {'E_1_0'}, {'E_1_0'}, {'E_1_0'}, {'E_1_0'}, {'E_1_0'}, {'E_1_0'}, {'N_0_1'}, {'N_0_1'}, {'W_1_0'}]",-0.008440680530753752,189,0.8835978835978836,0.9688331432915241,5262
"[{'NE_1_1'}, {'E_1_0'}, {'E_1_0'}, {'E_1_0'}, {'S_0_1'}, {'W_1_0'}, {'STAY_0_0'}, {'E_1_0'}, {'E_1_0'}, {'W_1_0'}, {'W_1_0'}]",-0.00974329912930405,265,0.9132075471698113,0.9688331432915241,5262
"[{'N_0_1'}, {'N_0_1'}, {'N_0_1'}, {'N_0_1'}, {'N_0_1'}, {'N_0_1'}, {'N_0_1'}, {'NW_1_1'}, {'W_1_0'}, {'W_1_0'}, {'S_0_1'}]",-0.009895291378136495,378,0.917989417989418,0.9688331432915241,5262
"[{'E_1_0'}, {'E_1_0'}, {'NE_1_1'}, {'S_0_1'}, {'W_1_0'}, {'N_0_1'}, {'N_0_1'}, {'N_0_1'}, {'N_0_1'}, {'N_0_1'}, {'W_1_0'}]",-0.009988102704935331,134,0.9029850746268657,0.9688331432915241,5262
"[{'E_1_0'}, {'E_1_0'}, {'E_1_0'}, {'E_1_0'}, {'NE_1_1'}, {'E_1_0'}, {'W_1_0'}, {'SW_1_1'}, {'W_1_0'}, {'E_1_0'}, {'E_1_0'}]",-0.010004827994607224,172,0.9069767441860465,0.9688331432915241,5262
"[{'E_1_0'}, {'E_1_0'}, {'NE_1_1'}, {'NE_1_1'}, {'N_0_1'}, {'N_0_1'}, {'N_0_1'}, {'N_0_1'}, {'N_0_1'}, {'N_0_1'}, {'N_0_1'}, {'E_1_0'}]",-0.010122178497437684,202,0.8960396039603961,0.9688331432915241,5262
"[{'S_0_1'}, {'S_0_1'}, {'W_1_0'}, {'STAY_0_0'}, {'E_1_0'}, {'NE_1_1'}, {'N_0_1'}, {'N_0_1'}, {'N_0_1'}, {'N_0_1'}, {'N_0_1'}]",-0.01097547966562673,186,0.9086021505376344,0.9688331432915241,5262
"[{'E_1_0'}, {'E_1_0'}, {'E_1_0'}, {'E_1_0'}, {'E_1_0'}, {'E_1_0'}, {'N_0_1'}, {'E_1_0'}, {'N_0_1'}, {'N_0_1'}, {'N_0_1'}, {'N_0_1'}, {'STAY_0_0'}]",-0.011616750442075663,313,0.8945686900958466,0.9688331432915241,5262
"[{'E_1_0'}, {'NE_1_1'}, {'E_1_0'}, {'E_1_0'}, {'E_1_0'}, {'E_1_0'}, {'E_1_0'}, {'E_1_0'}, {'E_1_0'}, {'E_1_0'}, {'E_1_0'}, {'N_0_1'}, {'N_0_1'}, {'W_1_0'}, {'W_1_0'}]",-0.011713460548435917,109,0.8532110091743119,0.9688331432915241,5262
"[{'NE_1_1'}, {'E_1_0'}, {'N_0_1'}, {'E_1_0'}, {'E_1_0'}, {'E_1_0'}, {'E_1_0'}, {'SW_1_1'}, {'S_0_1'}, {'W_1_0'}, {'W_1_0'}]",-0.011988405837892957,174,0.9080459770114943,0.9688331432915241,5262
"[{'E_1_0'}, {'NE_1_1'}, {'E_1_0'}, {'E_1_0'}, {'E_1_0'}, {'E_1_0'}, {'E_1_0'}, {'N_0_1'}, {'N_0_1'}, {'N_0_1'}, {'W_1_0'}, {'W_1_0'}, {'W_1_0'}]",-0.012112638784570473,302,0.8940397350993378,0.9688331432915241,5262
"[{'NE_1_1'}, {'S_0_1'}, {'S_0_1'}, {'W_1_0'}, {'SW_1_1'}, {'W_1_0'}, {'W_1_0'}, {'STAY_0_0'}, {'E_1_0'}, {'W_1_0'}, {'W_1_0'}, {'W_1_0'}]",-0.012214899554903846,169,0.893491124260355,0.9688331432915241,5262
"[{'E_1_0'}, {'N_0_1'}, {'E_1_0'}, {'N_0_1'}, {'N_0_1'}, {'NW_1_1'}, {'N_0_1'}, {'N_0_1'}, {'N_0_1'}, {'N_0_1'}, {'N_0_1'}]",-0.012425390362402533,297,0.9158249158249159,0.9688331432915241,5262
"[{'E_1_0'}, {'E_1_0'}, {'E_1_0'}, {'SE_1_1'}, {'S_0_1'}, {'S_0_1'}, {'S_0_1'}, {'W_1_0'}, {'W_1_0'}, {'W_1_0'}, {'E_1_0'}, {'NE_1_1'}]",-0.012755634411684591,365,0.9068493150684932,0.9688331432915241,5262
"[{'N_0_1'}, {'N_0_1'}, {'NE_1_1'}, {'E_1_0'}, {'S_0_1'}, {'S_0_1'}, {'S_0_1'}, {'S_0_1'}, {'W_1_0'}, {'W_1_0'}, {'SW_1_1'}]",-0.013105779420758523,124,0.9032258064516129,0.9688331432915241,5262
"[{'E_1_0'}, {'E_1_0'}, {'E_1_0'}, {'E_1_0'}, {'E_1_0'}, {'W_1_0'}, {'W_1_0'}, {'W_1_0'}, {'W_1_0'}, {'SW_1_1'}, {'W_1_0'}, {'E_1_0'}, {'E_1_0'}, {'E_1_0'}]",-0.013473473331008234,195,0.8769230769230769,0.9688331432915241,5262
"[{'E_1_0'}, {'E_1_0'}, {'E_1_0'}, {'E_1_0'}, {'N_0_1'}, {'E_1_0'}, {'W_1_0'}, {'N_0_1'}, {'N_0_1'}, {'N_0_1'}, {'W_1_0'}, {'W_1_0'}]",-0.013844178227862214,229,0.8995633187772926,0.9688331432915241,5262
"[{'E_1_0'}, {'E_1_0'}, {'N_0_1'}, {'N_0_1'}, {'NE_1_1'}, {'E_1_0'}, {'E_1_0'}, {'S_0_1'}, {'S_0_1'}, {'S_0_1'}, {'S_0_1'}]",-0.013865215635035177,100,0.9,0.9688331432915241,5262
"[{'N_0_1'}, {'N_0_1'}, {'E_1_0'}, {'N_0_1'}, {'N_0_1'}, {'N_0_1'}, {'N_0_1'}, {'SW_1_1'}, {'S_0_1'}, {'S_0_1'}, {'S_0_1'}]",-0.013865215635035177,100,0.9,0.9688331432915241,5262
"[{'NE_1_1'}, {'E_1_0'}, {'NE_1_1'}, {'E_1_0'}, {'E_1_0'}, {'W_1_0'}, {'W_1_0'}, {'W_1_0'}, {'STAY_0_0'}, {'W_1_0'}, {'W_1_0'}]",-0.01436250632078373,258,0.9147286821705426,0.9688331432915241,5262
"[{'E_1_0'}, {'SE_1_1'}, {'E_1_0'}, {'E_1_0'}, {'W_1_0'}, {'SW_1_1'}, {'W_1_0'}, {'W_1_0'}, {'W_1_0'}, {'STAY_0_0'}, {'E_1_0'}]",-0.014396353844842391,125,0.904,0.9688331432915241,5262
"[{'NE_1_1'}, {'E_1_0'}, {'NE_1_1'}, {'E_1_0'}, {'E_1_0'}, {'W_1_0'}, {'W_1_0'}, {'W_1_0'}, {'STAY_0_0'}, {'W_1_0'}, {'W_1_0'}, {'SW_1_1'}]",-0.014838863271450675,115,0.8869565217391304,0.9688331432915241,5262
"[{'NE_1_1'}, {'E_1_0'}, {'N_0_1'}, {'N_0_1'}, {'N_0_1'}, {'N_0_1'}, {'N_0_1'}, {'NE_1_1'}, {'N_0_1'}, {'N_0_1'}, {'W_1_0'}]",-0.015000585841850489,273,0.9157509157509157,0.9688331432915241,5262
"[{'E_1_0'}, {'E_1_0'}, {'E_1_0'}, {'SE_1_1'}, {'S_0_1'}, {'W_1_0'}, {'W_1_0'}, {'W_1_0'}, {'W_1_0'}, {'N_0_1'}, {'N_0_1'}, {'N_0_1'}]",-0.015619619180336608,641,0.9157566302652106,0.9688331432915241,5262
"[{'NE_1_1'}, {'E_1_0'}, {'E_1_0'}, {'E_1_0'}, {'E_1_0'}, {'E_1_0'}, {'W_1_0'}, {'SW_1_1'}, {'W_1_0'}, {'STAY_0_0'}, {'W_1_0'}, {'W_1_0'}]",-0.01574531629180065,243,0.9012345679012346,0.9688331432915241,5262
"[{'E_1_0'}, {'E_1_0'}, {'E_1_0'}, {'N_0_1'}, {'N_0_1'}, {'N_0_1'}, {'N_0_1'}, {'N_0_1'}, {'N_0_1'}, {'N_0_1'}, {'STAY_0_0'}, {'W_1_0'}]",-0.016089034882408537,293,0.9044368600682594,0.9688331432915241,5262
"[{'NE_1_1'}, {'E_1_0'}, {'N_0_1'}, {'E_1_0'}, {'E_1_0'}, {'N_0_1'}, {'N_0_1'}, {'N_0_1'}, {'N_0_1'}, {'N_0_1'}, {'N_0_1'}]",-0.016108453676839884,289,0.916955017301038,0.9688331432915241,5262
"[{'E_1_0'}, {'S_0_1'}, {'S_0_1'}, {'S_0_1'}, {'W_1_0'}, {'S_0_1'}, {'W_1_0'}, {'SW_1_1'}, {'STAY_0_0'}, {'E_1_0'}, {'N_0_1'}, {'N_0_1'}, {'N_0_1'}, {'N_0_1'}]",-0.016145072094733592,101,0.8613861386138614,0.9688331432915241,5262
"[{'E_1_0'}, {'E_1_0'}, {'E_1_0'}, {'E_1_0'}, {'NE_1_1'}, {'N_0_1'}, {'N_0_1'}, {'N_0_1'}, {'N_0_1'}, {'N_0_1'}, {'N_0_1'}, {'E_1_0'}, {'E_1_0'}, {'S_0_1'}]",-0.016509952308753073,138,0.8695652173913043,0.9688331432915241,5262
"[{'N_0_1'}, {'N_0_1'}, {'E_1_0'}, {'NE_1_1'}, {'E_1_0'}, {'E_1_0'}, {'E_1_0'}, {'E_1_0'}, {'E_1_0'}, {'S_0_1'}, {'S_0_1'}, {'S_0_1'}]",-0.016603609491944393,138,0.8913043478260869,0.9688331432915241,5262
"[{'E_1_0'}, {'NE_1_1'}, {'NE_1_1'}, {'N_0_1'}, {'N_0_1'}, {'N_0_1'}, {'N_0_1'}, {'N_0_1'}, {'N_0_1'}, {'N_0_1'}, {'W_1_0'}, {'W_1_0'}]",-0.016848681477304783,358,0.9078212290502793,0.9688331432915241,5262
"[{'NE_1_1'}, {'E_1_0'}, {'E_1_0'}, {'E_1_0'}, {'SW_1_1'}, {'W_1_0'}, {'NE_1_1'}, {'NE_1_1'}, {'N_0_1'}, {'N_0_1'}, {'N_0_1'}]",-0.016919979487926007,102,0.9019607843137255,0.9688331432915241,5262
"[{'NE_1_1'}, {'E_1_0'}, {'E_1_0'}, {'E_1_0'}, {'E_1_0'}, {'E_1_0'}, {'S_0_1'}, {'S_0_1'}, {'S_0_1'}, {'W_1_0'}, {'N_0_1'}, {'W_1_0'}, {'W_1_0'}]",-0.017419177387966167,184,0.8858695652173914,0.9688331432915241,5262
"[{'E_1_0'}, {'E_1_0'}, {'E_1_0'}, {'E_1_0'}, {'W_1_0'}, {'W_1_0'}, {'W_1_0'}, {'W_1_0'}, {'W_1_0'}, {'N_0_1'}, {'W_1_0'}, {'W_1_0'}]",-0.017425567844939316,506,0.9130434782608695,0.9688331432915241,5262
"[{'E_1_0'}, {'E_1_0'}, {'E_1_0'}, {'E_1_0'}, {'W_1_0'}, {'W_1_0'}, {'W_1_0'}, {'S_0_1'}, {'STAY_0_0'}, {'S_0_1'}, {'W_1_0'}]",-0.01755807314129698,180,0.9111111111111111,0.9688331432915241,5262
"[{'E_1_0'}, {'E_1_0'}, {'E_1_0'}, {'N_0_1'}, {'NE_1_1'}, {'N_0_1'}, {'N_0_1'}, {'NW_1_1'}, {'N_0_1'}, {'W_1_0'}, {'W_1_0'}]",-0.017695738121851212,235,0.9148936170212766,0.9688331432915241,5262
"[{'E_1_0'}, {'E_1_0'}, {'S_0_1'}, {'S_0_1'}, {'S_0_1'}, {'W_1_0'}, {'SW_1_1'}, {'W_1_0'}, {'W_1_0'}, {'STAY_0_0'}, {'E_1_0'}, {'E_1_0'}]",-0.01810729988864268,321,0.9065420560747663,0.9688331432915241,5262
"[{'E_1_0'}, {'E_1_0'}, {'E_1_0'}, {'NE_1_1'}, {'E_1_0'}, {'E_1_0'}, {'E_1_0'}, {'W_1_0'}, {'S_0_1'}, {'STAY_0_0'}, {'W_1_0'}, {'W_1_0'}]",-0.01821233570743397,139,0.8920863309352518,0.9688331432915241,5262
"[{'E_1_0'}, {'N_0_1'}, {'N_0_1'}, {'N_0_1'}, {'N_0_1'}, {'NW_1_1'}, {'N_0_1'}, {'N_0_1'}, {'N_0_1'}, {'N_0_1'}, {'N_0_1'}, {'E_1_0'}]",-0.01821233570743397,139,0.8920863309352518,0.9688331432915241,5262
"[{'E_1_0'}, {'E_1_0'}, {'N_0_1'}, {'N_0_1'}, {'N_0_1'}, {'N_0_1'}, {'N_0_1'}, {'NW_1_1'}, {'W_1_0'}, {'E_1_0'}, {'E_1_0'}]",-0.01838619000799091,236,0.9152542372881356,0.9688331432915241,5262
"[{'E_1_0'}, {'E_1_0'}, {'S_0_1'}, {'W_1_0'}, {'W_1_0'}, {'STAY_0_0'}, {'E_1_0'}, {'E_1_0'}, {'E_1_0'}, {'E_1_0'}, {'W_1_0'}]",-0.01843414985315084,181,0.9116022099447514,0.9688331432915241,5262
"[{'N_0_1'}, {'N_0_1'}, {'N_0_1'}, {'E_1_0'}, {'S_0_1'}, {'S_0_1'}, {'SW_1_1'}, {'S_0_1'}, {'S_0_1'}, {'W_1_0'}, {'W_1_0'}, {'W_1_0'}]",-0.018643545139096274,117,0.8888888888888888,0.9688331432915241,5262
"[{'E_1_0'}, {'E_1_0'}, {'NE_1_1'}, {'N_0_1'}, {'N_0_1'}, {'N_0_1'}, {'E_1_0'}, {'N_0_1'}, {'N_0_1'}, {'W_1_0'}, {'S_0_1'}]",-0.018652675483550096,279,0.9175627240143369,0.9688331432915241,5262
"[{'SE_1_1'}, {'S_0_1'}, {'S_0_1'}, {'STAY_0_0'}, {'E_1_0'}, {'NE_1_1'}, {'NE_1_1'}, {'N_0_1'}, {'N_0_1'}, {'N_0_1'}, {'W_1_0'}]",-0.019286317126105956,142,0.9084507042253521,0.9688331432915241,5262
"[{'E_1_0'}, {'E_1_0'}, {'E_1_0'}, {'E_1_0'}, {'S_0_1'}, {'W_1_0'}, {'W_1_0'}, {'NE_1_1'}, {'N_0_1'}, {'N_0_1'}, {'N_0_1'}, {'W_1_0'}]",-0.019322104787317995,297,0.9057239057239057,0.9688331432915241,5262
"[{'E_1_0'}, {'NE_1_1'}, {'E_1_0'}, {'E_1_0'}, {'S_0_1'}, {'W_1_0'}, {'W_1_0'}, {'W_1_0'}, {'STAY_0_0'}, {'E_1_0'}, {'E_1_0'}]",-0.01945672005318988,266,0.9172932330827067,0.9688331432915241,5262
"[{'E_1_0'}, {'E_1_0'}, {'E_1_0'}, {'N_0_1'}, {'N_0_1'}, {'NW_1_1'}, {'N_0_1'}, {'N_0_1'}, {'N_0_1'}, {'N_0_1'}, {'W_1_0'}, {'S_0_1'}]",-0.01958745290618813,272,0.9044117647058824,0.9688331432915241,5262
"[{'E_1_0'}, {'E_1_0'}, {'E_1_0'}, {'E_1_0'}, {'E_1_0'}, {'E_1_0'}, {'NE_1_1'}, {'W_1_0'}, {'E_1_0'}, {'S_0_1'}, {'W_1_0'}]",-0.02010169722329347,156,0.9102564102564102,0.9688331432915241,5262
"[{'NE_1_1'}, {'E_1_0'}, {'E_1_0'}, {'E_1_0'}, {'NE_1_1'}, {'N_0_1'}, {'N_0_1'}, {'N_0_1'}, {'N_0_1'}, {'N_0_1'}, {'NW_1_1'}, {'W_1_0'}]",-0.020239931916834708,129,0.8914728682170543,0.9688331432915241,5262
"[{'NE_1_1'}, {'N_0_1'}, {'E_1_0'}, {'E_1_0'}, {'NE_1_1'}, {'E_1_0'}, {'E_1_0'}, {'E_1_0'}, {'W_1_0'}, {'W_1_0'}, {'W_1_0'}]",-0.020343569166414888,143,0.9090909090909091,0.9688331432915241,5262
"[{'E_1_0'}, {'E_1_0'}, {'N_0_1'}, {'N_0_1'}, {'N_0_1'}, {'N_0_1'}, {'N_0_1'}, {'W_1_0'}, {'W_1_0'}, {'STAY_0_0'}, {'E_1_0'}]",-0.020959679997235137,283,0.9187279151943463,0.9688331432915241,5262
"[{'E_1_0'}, {'E_1_0'}, {'E_1_0'}, {'E_1_0'}, {'E_1_0'}, {'E_1_0'}, {'W_1_0'}, {'SW_1_1'}, {'W_1_0'}, {'W_1_0'}, {'STAY_0_0'}, {'E_1_0'}]",-0.02099881910925072,312,0.907051282051282,0.9688331432915241,5262
"[{'N_0_1'}, {'N_0_1'}, {'N_0_1'}, {'N_0_1'}, {'N_0_1'}, {'N_0_1'}, {'N_0_1'}, {'W_1_0'}, {'N_0_1'}, {'W_1_0'}, {'N_0_1'}]",-0.02121589151120995,212,0.9150943396226415,0.9688331432915241,5262
"[{'E_1_0'}, {'NE_1_1'}, {'E_1_0'}, {'E_1_0'}, {'E_1_0'}, {'S_0_1'}, {'S_0_1'}, {'S_0_1'}, {'S_0_1'}, {'E_1_0'}, {'STAY_0_0'}]",-0.021251367975356317,269,0.9182156133828996,0.9688331432915241,5262
"[{'NE_1_1'}, {'E_1_0'}, {'N_0_1'}, {'N_0_1'}, {'N_0_1'}, {'N_0_1'}, {'NW_1_1'}, {'N_0_1'}, {'N_0_1'}, {'N_0_1'}, {'N_0_1'}, {'N_0_1'}]",-0.02147527488992229,176,0.8977272727272727,0.9688331432915241,5262
"[{'E_1_0'}, {'NE_1_1'}, {'E_1_0'}, {'E_1_0'}, {'E_1_0'}, {'NE_1_1'}, {'E_1_0'}, {'S_0_1'}, {'S_0_1'}, {'S_0_1'}, {'W_1_0'}]",-0.021527789210781467,171,0.9122807017543859,0.9688331432915241,5262
"[{'E_1_0'}, {'E_1_0'}, {'S_0_1'}, {'S_0_1'}, {'S_0_1'}, {'SW_1_1'}, {'W_1_0'}, {'STAY_0_0'}, {'N_0_1'}, {'N_0_1'}, {'N_0_1'}, {'N_0_1'}]",-0.02174276324395219,313,0.9073482428115016,0.9688331432915241,5262
"[{'E_1_0'}, {'N_0_1'}, {'E_1_0'}, {'N_0_1'}, {'N_0_1'}, {'NW_1_1'}, {'N_0_1'}, {'E_1_0'}, {'W_1_0'}, {'W_1_0'}, {'W_1_0'}, {'W_1_0'}]",-0.022054948775441563,153,0.8954248366013072,0.9688331432915241,5262
"[{'E_1_0'}, {'NE_1_1'}, {'E_1_0'}, {'NE_1_1'}, {'NE_1_1'}, {'N_0_1'}, {'E_1_0'}, {'N_0_1'}, {'W_1_0'}, {'W_1_0'}, {'W_1_0'}]",-0.022397641213715458,172,0.9127906976744186,0.9688331432915241,5262
"[{'NE_1_1'}, {'E_1_0'}, {'NE_1_1'}, {'E_1_0'}, {'S_0_1'}, {'S_0_1'}, {'S_0_1'}, {'W_1_0'}, {'N_0_1'}, {'N_0_1'}, {'N_0_1'}, {'N_0_1'}]",-0.02249357937155838,165,0.896969696969697,0.9688331432915241,5262
"[{'NE_1_1'}, {'E_1_0'}, {'E_1_0'}, {'E_1_0'}, {'S_0_1'}, {'W_1_0'}, {'S_0_1'}, {'W_1_0'}, {'E_1_0'}, {'E_1_0'}, {'N_0_1'}, {'STAY_0_0'}]",-0.022848080109203694,142,0.8943661971830986,0.9688331432915241,5262
"[{'E_1_0'}, {'NE_1_1'}, {'E_1_0'}, {'E_1_0'}, {'NE_1_1'}, {'E_1_0'}, {'E_1_0'}, {'E_1_0'}, {'W_1_0'}, {'W_1_0'}, {'SW_1_1'}]",-0.02298470461276314,243,0.9176954732510288,0.9688331432915241,5262
"[{'E_1_0'}, {'NE_1_1'}, {'S_0_1'}, {'S_0_1'}, {'S_0_1'}, {'E_1_0'}, {'E_1_0'}, {'N_0_1'}, {'N_0_1'}, {'N_0_1'}, {'STAY_0_0'}]",-0.023252702862971653,173,0.9132947976878613,0.9688331432915241,5262
"[{'E_1_0'}, {'N_0_1'}, {'N_0_1'}, {'N_0_1'}, {'N_0_1'}, {'N_0_1'}, {'N_0_1'}, {'N_0_1'}, {'N_0_1'}, {'N_0_1'}, {'W_1_0'}, {'S_0_1'}]",-0.02347308006714277,463,0.9136069114470843,0.9688331432915241,5262
"[{'E_1_0'}, {'E_1_0'}, {'E_1_0'}, {'E_1_0'}, {'E_1_0'}, {'E_1_0'}, {'NE_1_1'}, {'W_1_0'}, {'W_1_0'}, {'E_1_0'}, {'S_0_1'}, {'W_1_0'}]",-0.023517902415878256,131,0.8931297709923665,0.9688331432915241,5262
"[{'E_1_0'}, {'E_1_0'}, {'E_1_0'}, {'E_1_0'}, {'E_1_0'}, {'E_1_0'}, {'W_1_0'}, {'W_1_0'}, {'W_1_0'}, {'W_1_0'}, {'W_1_0'}, {'E_1_0'}, {'STAY_0_0'}]",-0.023716242020042078,302,0.8973509933774835,0.9688331432915241,5262
"[{'E_1_0'}, {'N_0_1'}, {'N_0_1'}, {'N_0_1'}, {'N_0_1'}, {'N_0_1'}, {'W_1_0'}, {'W_1_0'}, {'W_1_0'}, {'STAY_0_0'}, {'W_1_0'}, {'W_1_0'}]",-0.02379446710277522,166,0.8975903614457831,0.9688331432915241,5262
"[{'NE_1_1'}, {'NE_1_1'}, {'E_1_0'}, {'E_1_0'}, {'W_1_0'}, {'W_1_0'}, {'W_1_0'}, {'SW_1_1'}, {'W_1_0'}, {'W_1_0'}, {'NE_1_1'}]",-0.023850275385909114,107,0.9065420560747663,0.9688331432915241,5262
"[{'NE_1_1'}, {'E_1_0'}, {'E_1_0'}, {'N_0_1'}, {'N_0_1'}, {'N_0_1'}, {'N_0_1'}, {'N_0_1'}, {'N_0_1'}, {'N_0_1'}, {'N_0_1'}, {'N_0_1'}]",-0.024428864845399634,343,0.9096209912536443,0.9688331432915241,5262
"[{'SE_1_1'}, {'SW_1_1'}, {'W_1_0'}, {'W_1_0'}, {'STAY_0_0'}, {'E_1_0'}, {'NE_1_1'}, {'N_0_1'}, {'N_0_1'}, {'N_0_1'}, {'W_1_0'}, {'W_1_0'}, {'W_1_0'}]",-0.024501133982671952,125,0.88,0.9688331432915241,5262
"[{'E_1_0'}, {'W_1_0'}, {'W_1_0'}, {'W_1_0'}, {'W_1_0'}, {'W_1_0'}, {'W_1_0'}, {'W_1_0'}, {'W_1_0'}, {'W_1_0'}, {'E_1_0'}, {'N_0_1'}]",-0.024635715652059575,240,0.9041666666666667,0.9688331432915241,5262
"[{'E_1_0'}, {'E_1_0'}, {'NE_1_1'}, {'E_1_0'}, {'NE_1_1'}, {'NE_1_1'}, {'N_0_1'}, {'N_0_1'}, {'N_0_1'}, {'N_0_1'}, {'N_0_1'}, {'N_0_1'}, {'W_1_0'}]",-0.024855058569727584,115,0.8782608695652174,0.9688331432915241,5262
"[{'NE_1_1'}, {'N_0_1'}, {'E_1_0'}, {'E_1_0'}, {'E_1_0'}, {'E_1_0'}, {'E_1_0'}, {'W_1_0'}, {'SW_1_1'}, {'W_1_0'}, {'W_1_0'}]",-0.025402332377615133,218,0.9174311926605505,0.9688331432915241,5262
"[{'NE_1_1'}, {'E_1_0'}, {'E_1_0'}, {'E_1_0'}, {'E_1_0'}, {'E_1_0'}, {'N_0_1'}, {'N_0_1'}, {'N_0_1'}, {'N_0_1'}, {'N_0_1'}, {'N_0_1'}, {'N_0_1'}]",-0.02546334279568585,257,0.8949416342412452,0.9688331432915241,5262
"[{'E_1_0'}, {'E_1_0'}, {'E_1_0'}, {'E_1_0'}, {'E_1_0'}, {'E_1_0'}, {'SW_1_1'}, {'SW_1_1'}, {'S_0_1'}, {'STAY_0_0'}, {'E_1_0'}, {'E_1_0'}]",-0.02572926108533169,121,0.8925619834710744,0.9688331432915241,5262
"[{'N_0_1'}, {'N_0_1'}, {'N_0_1'}, {'N_0_1'}, {'N_0_1'}, {'N_0_1'}, {'N_0_1'}, {'W_1_0'}, {'E_1_0'}, {'E_1_0'}, {'E_1_0'}]",-0.025775502828709884,233,0.9184549356223176,0.9688331432915241,5262
"[{'E_1_0'}, {'NE_1_1'}, {'NE_1_1'}, {'N_0_1'}, {'N_0_1'}, {'N_0_1'}, {'N_0_1'}, {'N_0_1'}, {'W_1_0'}, {'W_1_0'}, {'W_1_0'}, {'W_1_0'}]",-0.026030729379608264,482,0.9149377593360996,0.9688331432915241,5262
"[{'E_1_0'}, {'E_1_0'}, {'N_0_1'}, {'E_1_0'}, {'E_1_0'}, {'W_1_0'}, {'N_0_1'}, {'N_0_1'}, {'N_0_1'}, {'N_0_1'}, {'E_1_0'}]",-0.026256788029650924,149,0.912751677852349,0.9688331432915241,5262
"[{'E_1_0'}, {'E_1_0'}, {'E_1_0'}, {'N_0_1'}, {'N_0_1'}, {'N_0_1'}, {'W_1_0'}, {'N_0_1'}, {'N_0_1'}, {'W_1_0'}, {'E_1_0'}]",-0.026722543901297025,220,0.9181818181818182,0.9688331432915241,5262
"[{'E_1_0'}, {'NE_1_1'}, {'E_1_0'}, {'NE_1_1'}, {'E_1_0'}, {'NE_1_1'}, {'E_1_0'}, {'N_0_1'}, {'N_0_1'}, {'N_0_1'}, {'NW_1_1'}]",-0.027279939799324637,123,0.9105691056910569,0.9688331432915241,5262
"[{'E_1_0'}, {'N_0_1'}, {'E_1_0'}, {'N_0_1'}, {'E_1_0'}, {'E_1_0'}, {'E_1_0'}, {'S_0_1'}, {'S_0_1'}, {'W_1_0'}, {'SW_1_1'}]",-0.02732166540439107,164,0.9146341463414634,0.9688331432915241,5262
"[{'E_1_0'}, {'E_1_0'}, {'E_1_0'}, {'N_0_1'}, {'W_1_0'}, {'W_1_0'}, {'W_1_0'}, {'W_1_0'}, {'W_1_0'}, {'N_0_1'}, {'W_1_0'}, {'W_1_0'}, {'W_1_0'}]",-0.027837454630180725,137,0.8832116788321168,0.9688331432915241,5262
"[{'NE_1_1'}, {'E_1_0'}, {'E_1_0'}, {'E_1_0'}, {'S_0_1'}, {'S_0_1'}, {'S_0_1'}, {'W_1_0'}, {'W_1_0'}, {'W_1_0'}, {'SW_1_1'}, {'W_1_0'}, {'STAY_0_0'}, {'N_0_1'}]",-0.028558993531531796,153,0.8758169934640523,0.9688331432915241,5262
"[{'E_1_0'}, {'SE_1_1'}, {'S_0_1'}, {'W_1_0'}, {'SW_1_1'}, {'W_1_0'}, {'W_1_0'}, {'SW_1_1'}, {'N_0_1'}, {'N_0_1'}, {'N_0_1'}]",-0.02884928628380523,180,0.9166666666666666,0.9688331432915241,5262
"[{'N_0_1'}, {'N_0_1'}, {'N_0_1'}, {'N_0_1'}, {'N_0_1'}, {'N_0_1'}, {'N_0_1'}, {'N_0_1'}, {'N_0_1'}, {'N_0_1'}, {'N_0_1'}, {'N_0_1'}, {'E_1_0'}]",-0.0291291423566733,159,0.8867924528301887,0.9688331432915241,5262
"[{'SE_1_1'}, {'S_0_1'}, {'S_0_1'}, {'S_0_1'}, {'W_1_0'}, {'STAY_0_0'}, {'E_1_0'}, {'NE_1_1'}, {'NE_1_1'}, {'N_0_1'}, {'N_0_1'}]",-0.0293373900935483,195,0.9179487179487179,0.9688331432915241,5262
"[{'E_1_0'}, {'E_1_0'}, {'N_0_1'}, {'E_1_0'}, {'NE_1_1'}, {'SW_1_1'}, {'SW_1_1'}, {'W_1_0'}, {'W_1_0'}, {'W_1_0'}, {'W_1_0'}]",-0.02939803133417196,125,0.912,0.9688331432915241,5262
"[{'E_1_0'}, {'E_1_0'}, {'E_1_0'}, {'W_1_0'}, {'STAY_0_0'}, {'NE_1_1'}, {'E_1_0'}, {'N_0_1'}, {'N_0_1'}, {'N_0_1'}, {'N_0_1'}]",-0.029722316274782834,139,0.9136690647482014,0.9688331432915241,5262
"[{'E_1_0'}, {'S_0_1'}, {'S_0_1'}, {'SE_1_1'}, {'S_0_1'}, {'S_0_1'}, {'S_0_1'}, {'S_0_1'}, {'W_1_0'}, {'S_0_1'}, {'SW_1_1'}, {'W_1_0'}, {'N_0_1'}]",-0.029778198723183325,107,0.8785046728971962,0.9688331432915241,5262
"[{'E_1_0'}, {'E_1_0'}, {'E_1_0'}, {'E_1_0'}, {'E_1_0'}, {'W_1_0'}, {'W_1_0'}, {'W_1_0'}, {'N_0_1'}, {'N_0_1'}, {'E_1_0'}, {'S_0_1'}]",-0.030205963796837265,101,0.8910891089108911,0.9688331432915241,5262
"[{'NE_1_1'}, {'E_1_0'}, {'E_1_0'}, {'E_1_0'}, {'SE_1_1'}, {'S_0_1'}, {'S_0_1'}, {'S_0_1'}, {'STAY_0_0'}, {'E_1_0'}, {'E_1_0'}, {'E_1_0'}]",-0.03062539629256089,124,0.8951612903225806,0.9688331432915241,5262
"[{'E_1_0'}, {'E_1_0'}, {'E_1_0'}, {'N_0_1'}, {'N_0_1'}, {'N_0_1'}, {'N_0_1'}, {'NW_1_1'}, {'N_0_1'}, {'N_0_1'}, {'N_0_1'}, {'N_0_1'}, {'S_0_1'}]",-0.030663267905477465,227,0.8942731277533039,0.9688331432915241,5262
"[{'N_0_1'}, {'N_0_1'}, {'N_0_1'}, {'N_0_1'}, {'N_0_1'}, {'W_1_0'}, {'W_1_0'}, {'W_1_0'}, {'W_1_0'}, {'W_1_0'}, {'NW_1_1'}]",-0.030674358440806238,154,0.9155844155844156,0.9688331432915241,5262
"[{'E_1_0'}, {'E_1_0'}, {'E_1_0'}, {'NE_1_1'}, {'E_1_0'}, {'N_0_1'}, {'N_0_1'}, {'N_0_1'}, {'N_0_1'}, {'N_0_1'}, {'STAY_0_0'}, {'W_1_0'}]",-0.031309212428575206,222,0.9054054054054054,0.9688331432915241,5262
"[{'NE_1_1'}, {'E_1_0'}, {'E_1_0'}, {'E_1_0'}, {'N_0_1'}, {'N_0_1'}, {'N_0_1'}, {'N_0_1'}, {'N_0_1'}, {'E_1_0'}, {'N_0_1'}, {'N_0_1'}]",-0.03148855957086849,197,0.9035532994923858,0.9688331432915241,5262
"[{'NE_1_1'}, {'E_1_0'}, {'E_1_0'}, {'E_1_0'}, {'SE_1_1'}, {'S_0_1'}, {'S_0_1'}, {'SW_1_1'}, {'E_1_0'}, {'E_1_0'}, {'N_0_1'}, {'N_0_1'}]",-0.03148855957086849,197,0.9035532994923858,0.9688331432915241,5262
"[{'E_1_0'}, {'NE_1_1'}, {'E_1_0'}, {'N_0_1'}, {'W_1_0'}, {'W_1_0'}, {'W_1_0'}, {'STAY_0_0'}, {'W_1_0'}, {'W_1_0'}, {'W_1_0'}]",-0.03155477640169968,141,0.9148936170212766,0.9688331432915241,5262
"[{'E_1_0'}, {'E_1_0'}, {'E_1_0'}, {'E_1_0'}, {'E_1_0'}, {'NE_1_1'}, {'E_1_0'}, {'STAY_0_0'}, {'S_0_1'}, {'W_1_0'}, {'W_1_0'}]",-0.03155477640169968,141,0.9148936170212766,0.9688331432915241,5262
"[{'NE_1_1'}, {'E_1_0'}, {'N_0_1'}, {'E_1_0'}, {'N_0_1'}, {'N_0_1'}, {'N_0_1'}, {'N_0_1'}, {'N_0_1'}, {'N_0_1'}, {'N_0_1'}, {'W_1_0'}, {'W_1_0'}, {'S_0_1'}]",-0.03157136185425591,125,0.872,0.9688331432915241,5262
"[{'E_1_0'}, {'E_1_0'}, {'E_1_0'}, {'E_1_0'}, {'E_1_0'}, {'E_1_0'}, {'NE_1_1'}, {'N_0_1'}, {'N_0_1'}, {'N_0_1'}, {'NW_1_1'}, {'W_1_0'}, {'W_1_0'}, {'W_1_0'}, {'E_1_0'}]",-0.031803017638850184,115,0.8608695652173913,0.9688331432915241,5262
"[{'E_1_0'}, {'NE_1_1'}, {'NE_1_1'}, {'E_1_0'}, {'NE_1_1'}, {'E_1_0'}, {'N_0_1'}, {'N_0_1'}, {'N_0_1'}, {'N_0_1'}, {'N_0_1'}, {'W_1_0'}, {'W_1_0'}]",-0.03212920979802214,108,0.8796296296296297,0.9688331432915241,5262
"[{'E_1_0'}, {'E_1_0'}, {'E_1_0'}, {'E_1_0'}, {'E_1_0'}, {'E_1_0'}, {'E_1_0'}, {'S_0_1'}, {'W_1_0'}, {'W_1_0'}, {'E_1_0'}, {'STAY_0_0'}, {'W_1_0'}]",-0.03243964660220544,172,0.8895348837209303,0.9688331432915241,5262
"[{'E_1_0'}, {'E_1_0'}, {'E_1_0'}, {'S_0_1'}, {'S_0_1'}, {'W_1_0'}, {'SW_1_1'}, {'STAY_0_0'}, {'E_1_0'}, {'E_1_0'}, {'E_1_0'}, {'E_1_0'}]",-0.032555534388043705,161,0.9006211180124224,0.9688331432915241,5262
"[{'NE_1_1'}, {'E_1_0'}, {'N_0_1'}, {'N_0_1'}, {'N_0_1'}, {'N_0_1'}, {'E_1_0'}, {'N_0_1'}, {'E_1_0'}, {'E_1_0'}, {'W_1_0'}, {'W_1_0'}]",-0.03265265239787363,149,0.8993288590604027,0.9688331432915241,5262
"[{'NE_1_1'}, {'E_1_0'}, {'N_0_1'}, {'E_1_0'}, {'N_0_1'}, {'N_0_1'}, {'N_0_1'}, {'N_0_1'}, {'N_0_1'}, {'N_0_1'}, {'N_0_1'}, {'N_0_1'}]",-0.03325555313861872,237,0.9071729957805907,0.9688331432915241,5262
"[{'E_1_0'}, {'E_1_0'}, {'S_0_1'}, {'S_0_1'}, {'W_1_0'}, {'W_1_0'}, {'W_1_0'}, {'SW_1_1'}, {'W_1_0'}, {'N_0_1'}, {'N_0_1'}, {'N_0_1'}]",-0.03350911163697412,399,0.9147869674185464,0.9688331432915241,5262
"[{'S_0_1'}, {'SW_1_1'}, {'STAY_0_0'}, {'E_1_0'}, {'E_1_0'}, {'E_1_0'}, {'N_0_1'}, {'N_0_1'}, {'N_0_1'}, {'N_0_1'}, {'N_0_1'}]",-0.03356819920520859,172,0.9186046511627907,0.9688331432915241,5262
"[{'E_1_0'}, {'N_0_1'}, {'N_0_1'}, {'E_1_0'}, {'N_0_1'}, {'N_0_1'}, {'N_0_1'}, {'W_1_0'}, {'SW_1_1'}, {'W_1_0'}, {'W_1_0'}, {'W_1_0'}, {'W_1_0'}]",-0.033659393828144424,119,0.8823529411764706,0.9688331432915241,5262
"[{'E_1_0'}, {'NE_1_1'}, {'S_0_1'}, {'S_0_1'}, {'S_0_1'}, {'S_0_1'}, {'S_0_1'}, {'W_1_0'}, {'W_1_0'}, {'W_1_0'}, {'STAY_0_0'}, {'NE_1_1'}]",-0.03376499164674218,162,0.9012345679012346,0.9688331432915241,5262
"[{'NE_1_1'}, {'E_1_0'}, {'E_1_0'}, {'E_1_0'}, {'E_1_0'}, {'E_1_0'}, {'S_0_1'}, {'S_0_1'}, {'W_1_0'}, {'W_1_0'}, {'N_0_1'}, {'N_0_1'}]",-0.033937284902198606,372,0.9139784946236559,0.9688331432915241,5262
"[{'E_1_0'}, {'N_0_1'}, {'E_1_0'}, {'E_1_0'}, {'N_0_1'}, {'N_0_1'}, {'NW_1_1'}, {'N_0_1'}, {'N_0_1'}, {'N_0_1'}, {'N_0_1'}, {'N_0_1'}]",-0.033947879039360807,150,0.9,0.9688331432915241,5262
"[{'E_1_0'}, {'E_1_0'}, {'E_1_0'}, {'E_1_0'}, {'E_1_0'}, {'NE_1_1'}, {'E_1_0'}, {'W_1_0'}, {'STAY_0_0'}, {'E_1_0'}, {'S_0_1'}]",-0.03420211594027056,116,0.9137931034482759,0.9688331432915241,5262
"[{'NE_1_1'}, {'E_1_0'}, {'E_1_0'}, {'S_0_1'}, {'S_0_1'}, {'S_0_1'}, {'W_1_0'}, {'E_1_0'}, {'NE_1_1'}, {'E_1_0'}, {'N_0_1'}, {'N_0_1'}, {'N_0_1'}]",-0.03464632800054224,130,0.8846153846153846,0.9688331432915241,5262
"[{'NE_1_1'}, {'N_0_1'}, {'E_1_0'}, {'N_0_1'}, {'N_0_1'}, {'N_0_1'}, {'N_0_1'}, {'N_0_1'}, {'N_0_1'}, {'N_0_1'}, {'N_0_1'}, {'W_1_0'}]",-0.034772927805046816,213,0.9061032863849765,0.9688331432915241,5262
"[{'E_1_0'}, {'N_0_1'}, {'E_1_0'}, {'N_0_1'}, {'N_0_1'}, {'N_0_1'}, {'N_0_1'}, {'N_0_1'}, {'N_0_1'}, {'N_0_1'}, {'W_1_0'}, {'W_1_0'}, {'S_0_1'}]",-0.034898843899779264,290,0.9,0.9688331432915241,5262
"[{'E_1_0'}, {'E_1_0'}, {'E_1_0'}, {'E_1_0'}, {'E_1_0'}, {'NE_1_1'}, {'E_1_0'}, {'W_1_0'}, {'W_1_0'}, {'E_1_0'}, {'W_1_0'}, {'W_1_0'}]",-0.03491154499174032,226,0.9070796460176991,0.9688331432915241,5262
"[{'E_1_0'}, {'E_1_0'}, {'E_1_0'}, {'E_1_0'}, {'E_1_0'}, {'E_1_0'}, {'E_1_0'}, {'E_1_0'}, {'E_1_0'}, {'STAY_0_0'}, {'W_1_0'}, {'W_1_0'}]",-0.03553666329743255,474,0.9177215189873418,0.9688331432915241,5262
"[{'E_1_0'}, {'E_1_0'}, {'NE_1_1'}, {'N_0_1'}, {'N_0_1'}, {'N_0_1'}, {'N_0_1'}, {'N_0_1'}, {'N_0_1'}, {'N_0_1'}, {'E_1_0'}, {'W_1_0'}]",-0.03589274868570058,334,0.9131736526946108,0.9688331432915241,5262
"[{'NE_1_1'}, {'E_1_0'}, {'E_1_0'}, {'E_1_0'}, {'E_1_0'}, {'E_1_0'}, {'W_1_0'}, {'E_1_0'}, {'N_0_1'}, {'E_1_0'}, {'N_0_1'}, {'N_0_1'}]",-0.036371008374247005,116,0.896551724137931,0.9688331432915241,5262
"[{'E_1_0'}, {'NE_1_1'}, {'E_1_0'}, {'E_1_0'}, {'E_1_0'}, {'E_1_0'}, {'N_0_1'}, {'E_1_0'}, {'N_0_1'}, {'N_0_1'}, {'N_0_1'}, {'N_0_1'}, {'N_0_1'}, {'W_1_0'}]",-0.03682217840801183,147,0.8775510204081632,0.9688331432915241,5262
"[{'E_1_0'}, {'E_1_0'}, {'E_1_0'}, {'E_1_0'}, {'S_0_1'}, {'S_0_1'}, {'SW_1_1'}, {'S_0_1'}, {'W_1_0'}, {'SW_1_1'}, {'STAY_0_0'}, {'N_0_1'}]",-0.037237450024228735,255,0.9098039215686274,0.9688331432915241,5262
"[{'E_1_0'}, {'E_1_0'}, {'E_1_0'}, {'SE_1_1'}, {'S_0_1'}, {'S_0_1'}, {'S_0_1'}, {'W_1_0'}, {'W_1_0'}, {'W_1_0'}, {'SW_1_1'}, {'W_1_0'}, {'N_0_1'}, {'N_0_1'}, {'N_0_1'}]",-0.03770708557018021,223,0.8789237668161435,0.9688331432915241,5262
"[{'E_1_0'}, {'E_1_0'}, {'S_0_1'}, {'S_0_1'}, {'S_0_1'}, {'W_1_0'}, {'W_1_0'}, {'STAY_0_0'}, {'E_1_0'}, {'N_0_1'}, {'N_0_1'}, {'N_0_1'}, {'W_1_0'}, {'W_1_0'}, {'W_1_0'}]",-0.037926237858843415,203,0.8768472906403941,0.9688331432915241,5262
"[{'E_1_0'}, {'E_1_0'}, {'N_0_1'}, {'E_1_0'}, {'NE_1_1'}, {'E_1_0'}, {'E_1_0'}, {'E_1_0'}, {'NE_1_1'}, {'E_1_0'}, {'E_1_0'}]",-0.03808537298907422,120,0.9166666666666666,0.9688331432915241,5262
"[{'E_1_0'}, {'E_1_0'}, {'E_1_0'}, {'E_1_0'}, {'W_1_0'}, {'W_1_0'}, {'W_1_0'}, {'W_1_0'}, {'W_1_0'}, {'W_1_0'}, {'STAY_0_0'}, {'E_1_0'}, {'E_1_0'}]",-0.03828835865325031,306,0.9019607843137255,0.9688331432915241,5262
"[{'E_1_0'}, {'E_1_0'}, {'NE_1_1'}, {'N_0_1'}, {'N_0_1'}, {'N_0_1'}, {'N_0_1'}, {'W_1_0'}, {'W_1_0'}, {'W_1_0'}, {'W_1_0'}, {'S_0_1'}]",-0.038360055287252504,437,0.9176201372997712,0.9688331432915241,5262
"[{'NE_1_1'}, {'N_0_1'}, {'E_1_0'}, {'N_0_1'}, {'N_0_1'}, {'N_0_1'}, {'N_0_1'}, {'N_0_1'}, {'N_0_1'}, {'N_0_1'}, {'W_1_0'}, {'S_0_1'}]",-0.038395398850045837,166,0.9036144578313253,0.9688331432915241,5262
"[{'E_1_0'}, {'SE_1_1'}, {'E_1_0'}, {'E_1_0'}, {'E_1_0'}, {'W_1_0'}, {'SW_1_1'}, {'W_1_0'}, {'W_1_0'}, {'W_1_0'}, {'STAY_0_0'}]",-0.03863226560518962,135,0.9185185185185185,0.9688331432915241,5262
"[{'E_1_0'}, {'E_1_0'}, {'E_1_0'}, {'E_1_0'}, {'S_0_1'}, {'S_0_1'}, {'W_1_0'}, {'W_1_0'}, {'SW_1_1'}, {'W_1_0'}, {'N_0_1'}, {'STAY_0_0'}]",-0.03882993767710885,284,0.9119718309859155,0.9688331432915241,5262
"[{'E_1_0'}, {'E_1_0'}, {'E_1_0'}, {'E_1_0'}, {'N_0_1'}, {'NE_1_1'}, {'N_0_1'}, {'NW_1_1'}, {'N_0_1'}, {'W_1_0'}, {'W_1_0'}, {'W_1_0'}]",-0.03916197009260136,231,0.9090909090909091,0.9688331432915241,5262
"[{'S_0_1'}, {'S_0_1'}, {'S_0_1'}, {'S_0_1'}, {'W_1_0'}, {'W_1_0'}, {'W_1_0'}, {'W_1_0'}, {'SW_1_1'}, {'STAY_0_0'}, {'N_0_1'}, {'N_0_1'}, {'N_0_1'}]",-0.03919168001918849,188,0.8936170212765957,0.9688331432915241,5262
"[{'E_1_0'}, {'E_1_0'}, {'E_1_0'}, {'E_1_0'}, {'E_1_0'}, {'NE_1_1'}, {'NE_1_1'}, {'N_0_1'}, {'N_0_1'}, {'N_0_1'}, {'N_0_1'}, {'S_0_1'}]",-0.039772459404571414,245,0.9102040816326531,0.9688331432915241,5262
"[{'E_1_0'}, {'E_1_0'}, {'E_1_0'}, {'E_1_0'}, {'E_1_0'}, {'E_1_0'}, {'E_1_0'}, {'E_1_0'}, {'E_1_0'}, {'NE_1_1'}, {'E_1_0'}, {'W_1_0'}]",-0.04052977246294209,370,0.9162162162162162,0.9688331432915241,5262
"[{'E_1_0'}, {'E_1_0'}, {'N_0_1'}, {'N_0_1'}, {'N_0_1'}, {'N_0_1'}, {'N_0_1'}, {'N_0_1'}, {'N_0_1'}, {'N_0_1'}, {'W_1_0'}, {'W_1_0'}, {'S_0_1'}]",-0.04068421219731744,489,0.9100204498977505,0.9688331432915241,5262
"[{'NE_1_1'}, {'NE_1_1'}, {'E_1_0'}, {'S_0_1'}, {'S_0_1'}, {'S_0_1'}, {'W_1_0'}, {'W_1_0'}, {'N_0_1'}, {'E_1_0'}, {'N_0_1'}, {'N_0_1'}]",-0.04094163822837471,119,0.8991596638655462,0.9688331432915241,5262
"[{'E_1_0'}, {'E_1_0'}, {'E_1_0'}, {'E_1_0'}, {'N_0_1'}, {'N_0_1'}, {'N_0_1'}, {'N_0_1'}, {'N_0_1'}, {'N_0_1'}, {'N_0_1'}, {'W_1_0'}, {'W_1_0'}, {'S_0_1'}, {'SW_1_1'}]",-0.04096164047417039,146,0.8698630136986302,0.9688331432915241,5262
"[{'N_0_1'}, {'E_1_0'}, {'N_0_1'}, {'N_0_1'}, {'N_0_1'}, {'NW_1_1'}, {'N_0_1'}, {'E_1_0'}, {'W_1_0'}, {'W_1_0'}, {'W_1_0'}, {'W_1_0'}]",-0.04176249694272016,144,0.9027777777777778,0.9688331432915241,5262
"[{'E_1_0'}, {'E_1_0'}, {'NE_1_1'}, {'E_1_0'}, {'S_0_1'}, {'W_1_0'}, {'W_1_0'}, {'W_1_0'}, {'STAY_0_0'}, {'E_1_0'}, {'W_1_0'}, {'W_1_0'}]",-0.04241045876063154,262,0.9122137404580153,0.9688331432915241,5262
"[{'E_1_0'}, {'E_1_0'}, {'E_1_0'}, {'E_1_0'}, {'N_0_1'}, {'NW_1_1'}, {'N_0_1'}, {'N_0_1'}, {'N_0_1'}, {'N_0_1'}, {'N_0_1'}, {'N_0_1'}, {'S_0_1'}]",-0.042636505124721724,214,0.897196261682243,0.9688331432915241,5262
"[{'E_1_0'}, {'E_1_0'}, {'E_1_0'}, {'E_1_0'}, {'E_1_0'}, {'N_0_1'}, {'N_0_1'}, {'N_0_1'}, {'N_0_1'}, {'N_0_1'}, {'N_0_1'}, {'S_0_1'}, {'W_1_0'}]",-0.04363920311430647,325,0.9046153846153846,0.9688331432915241,5262
"[{'E_1_0'}, {'NE_1_1'}, {'N_0_1'}, {'N_0_1'}, {'W_1_0'}, {'W_1_0'}, {'W_1_0'}, {'W_1_0'}, {'W_1_0'}, {'W_1_0'}, {'W_1_0'}, {'W_1_0'}]",-0.043820116590127745,362,0.9171270718232044,0.9688331432915241,5262
"[{'E_1_0'}, {'E_1_0'}, {'SE_1_1'}, {'S_0_1'}, {'S_0_1'}, {'S_0_1'}, {'W_1_0'}, {'W_1_0'}, {'STAY_0_0'}, {'N_0_1'}, {'N_0_1'}, {'N_0_1'}, {'N_0_1'}]",-0.04384240131573214,251,0.900398406374502,0.9688331432915241,5262
"[{'E_1_0'}, {'NE_1_1'}, {'E_1_0'}, {'E_1_0'}, {'S_0_1'}, {'W_1_0'}, {'W_1_0'}, {'W_1_0'}, {'E_1_0'}, {'N_0_1'}, {'N_0_1'}, {'N_0_1'}]",-0.04399786304162512,278,0.9136690647482014,0.9688331432915241,5262
"[{'E_1_0'}, {'E_1_0'}, {'E_1_0'}, {'E_1_0'}, {'E_1_0'}, {'NE_1_1'}, {'E_1_0'}, {'W_1_0'}, {'W_1_0'}, {'W_1_0'}, {'STAY_0_0'}, {'W_1_0'}, {'W_1_0'}]",-0.04439958292630486,169,0.893491124260355,0.9688331432915241,5262
"[{'E_1_0'}, {'NE_1_1'}, {'E_1_0'}, {'E_1_0'}, {'E_1_0'}, {'SE_1_1'}, {'S_0_1'}, {'S_0_1'}, {'W_1_0'}, {'W_1_0'}, {'W_1_0'}, {'STAY_0_0'}, {'NE_1_1'}]",-0.04505085030915801,114,0.8859649122807017,0.9688331432915241,5262
"[{'E_1_0'}, {'E_1_0'}, {'E_1_0'}, {'S_0_1'}, {'S_0_1'}, {'S_0_1'}, {'S_0_1'}, {'W_1_0'}, {'SW_1_1'}, {'W_1_0'}, {'W_1_0'}, {'STAY_0_0'}, {'E_1_0'}]",-0.04554312202410826,353,0.9065155807365439,0.9688331432915241,5262
"[{'E_1_0'}, {'E_1_0'}, {'E_1_0'}, {'NE_1_1'}, {'E_1_0'}, {'E_1_0'}, {'E_1_0'}, {'E_1_0'}, {'W_1_0'}, {'W_1_0'}, {'STAY_0_0'}, {'W_1_0'}]",-0.04559206591853693,199,0.9095477386934674,0.9688331432915241,5262
"[{'E_1_0'}, {'E_1_0'}, {'E_1_0'}, {'E_1_0'}, {'S_0_1'}, {'W_1_0'}, {'E_1_0'}, {'E_1_0'}, {'N_0_1'}, {'N_0_1'}, {'N_0_1'}, {'W_1_0'}]",-0.04588230317449704,366,0.9180327868852459,0.9688331432915241,5262
"[{'SE_1_1'}, {'S_0_1'}, {'S_0_1'}, {'S_0_1'}, {'STAY_0_0'}, {'E_1_0'}, {'NE_1_1'}, {'NE_1_1'}, {'N_0_1'}, {'N_0_1'}, {'N_0_1'}, {'W_1_0'}]",-0.04600012924500274,135,0.9037037037037037,0.9688331432915241,5262
"[{'E_1_0'}, {'E_1_0'}, {'E_1_0'}, {'S_0_1'}, {'S_0_1'}, {'E_1_0'}, {'N_0_1'}, {'N_0_1'}, {'N_0_1'}, {'STAY_0_0'}, {'W_1_0'}, {'W_1_0'}, {'W_1_0'}]",-0.04600775449138528,217,0.8986175115207373,0.9688331432915241,5262
"[{'E_1_0'}, {'E_1_0'}, {'E_1_0'}, {'S_0_1'}, {'S_0_1'}, {'S_0_1'}, {'S_0_1'}, {'W_1_0'}, {'W_1_0'}, {'W_1_0'}, {'W_1_0'}, {'STAY_0_0'}, {'NE_1_1'}]",-0.04631860689006162,367,0.9073569482288828,0.9688331432915241,5262
"[{'E_1_0'}, {'E_1_0'}, {'E_1_0'}, {'E_1_0'}, {'E_1_0'}, {'N_0_1'}, {'N_0_1'}, {'N_0_1'}, {'N_0_1'}, {'N_0_1'}, {'N_0_1'}, {'NW_1_1'}, {'W_1_0'}, {'E_1_0'}, {'E_1_0'}]",-0.046492465917302495,120,0.8666666666666667,0.9688331432915241,5262
"[{'E_1_0'}, {'E_1_0'}, {'E_1_0'}, {'E_1_0'}, {'E_1_0'}, {'E_1_0'}, {'E_1_0'}, {'W_1_0'}, {'W_1_0'}, {'SW_1_1'}, {'W_1_0'}, {'NE_1_1'}]",-0.04660613006701175,227,0.9118942731277533,0.9688331432915241,5262
"[{'E_1_0'}, {'E_1_0'}, {'E_1_0'}, {'E_1_0'}, {'E_1_0'}, {'E_1_0'}, {'E_1_0'}, {'E_1_0'}, {'W_1_0'}, {'W_1_0'}, {'W_1_0'}, {'W_1_0'}, {'SW_1_1'}, {'STAY_0_0'}, {'E_1_0'}]",-0.04697517066993773,139,0.8705035971223022,0.9688331432915241,5262
"[{'E_1_0'}, {'E_1_0'}, {'SE_1_1'}, {'S_0_1'}, {'SW_1_1'}, {'S_0_1'}, {'W_1_0'}, {'W_1_0'}, {'W_1_0'}, {'W_1_0'}, {'N_0_1'}, {'N_0_1'}, {'N_0_1'}, {'W_1_0'}, {'W_1_0'}]",-0.04712427709877276,111,0.8648648648648649,0.9688331432915241,5262
"[{'NE_1_1'}, {'E_1_0'}, {'E_1_0'}, {'E_1_0'}, {'E_1_0'}, {'E_1_0'}, {'E_1_0'}, {'E_1_0'}, {'SW_1_1'}, {'W_1_0'}, {'STAY_0_0'}, {'W_1_0'}, {'W_1_0'}]",-0.047155273423460375,171,0.8947368421052632,0.9688331432915241,5262
"[{'E_1_0'}, {'N_0_1'}, {'N_0_1'}, {'N_0_1'}, {'N_0_1'}, {'NW_1_1'}, {'NW_1_1'}, {'N_0_1'}, {'N_0_1'}, {'N_0_1'}, {'N_0_1'}, {'W_1_0'}]",-0.047223655995682456,136,0.9044117647058824,0.9688331432915241,5262
"[{'NE_1_1'}, {'NE_1_1'}, {'E_1_0'}, {'E_1_0'}, {'E_1_0'}, {'E_1_0'}, {'W_1_0'}, {'W_1_0'}, {'W_1_0'}, {'W_1_0'}, {'W_1_0'}, {'N_0_1'}]",-0.04812580402325639,229,0.9126637554585153,0.9688331432915241,5262
"[{'E_1_0'}, {'NE_1_1'}, {'NE_1_1'}, {'N_0_1'}, {'N_0_1'}, {'N_0_1'}, {'N_0_1'}, {'N_0_1'}, {'N_0_1'}, {'N_0_1'}, {'N_0_1'}, {'W_1_0'}]",-0.04837845434613364,299,0.9163879598662207,0.9688331432915241,5262
"[{'E_1_0'}, {'E_1_0'}, {'E_1_0'}, {'E_1_0'}, {'E_1_0'}, {'NE_1_1'}, {'W_1_0'}, {'W_1_0'}, {'W_1_0'}, {'W_1_0'}, {'E_1_0'}, {'E_1_0'}, {'E_1_0'}]",-0.04849922550415897,172,0.8953488372093024,0.9688331432915241,5262
"[{'E_1_0'}, {'NE_1_1'}, {'N_0_1'}, {'N_0_1'}, {'N_0_1'}, {'N_0_1'}, {'N_0_1'}, {'N_0_1'}, {'N_0_1'}, {'N_0_1'}, {'N_0_1'}, {'N_0_1'}, {'E_1_0'}]",-0.048788292863345184,138,0.8913043478260869,0.9688331432915241,5262
"[{'E_1_0'}, {'E_1_0'}, {'NE_1_1'}, {'E_1_0'}, {'E_1_0'}, {'E_1_0'}, {'E_1_0'}, {'E_1_0'}, {'W_1_0'}, {'W_1_0'}, {'STAY_0_0'}, {'W_1_0'}, {'W_1_0'}]",-0.04893572910756494,184,0.8967391304347826,0.9688331432915241,5262
"[{'E_1_0'}, {'E_1_0'}, {'N_0_1'}, {'N_0_1'}, {'N_0_1'}, {'N_0_1'}, {'N_0_1'}, {'NW_1_1'}, {'N_0_1'}, {'N_0_1'}, {'N_0_1'}, {'E_1_0'}]",-0.049043474035753265,244,0.9139344262295082,0.9688331432915241,5262
"[{'E_1_0'}, {'E_1_0'}, {'NE_1_1'}, {'S_0_1'}, {'S_0_1'}, {'S_0_1'}, {'W_1_0'}, {'W_1_0'}, {'N_0_1'}, {'N_0_1'}, {'N_0_1'}, {'STAY_0_0'}]",-0.04936750102569354,217,0.9124423963133641,0.9688331432915241,5262
"[{'N_0_1'}, {'E_1_0'}, {'N_0_1'}, {'N_0_1'}, {'N_0_1'}, {'N_0_1'}, {'N_0_1'}, {'N_0_1'}, {'N_0_1'}, {'N_0_1'}, {'NW_1_1'}, {'S_0_1'}]",-0.04959432425294796,138,0.9057971014492754,0.9688331432915241,5262
"[{'NE_1_1'}, {'E_1_0'}, {'NE_1_1'}, {'E_1_0'}, {'E_1_0'}, {'E_1_0'}, {'SW_1_1'}, {'W_1_0'}, {'W_1_0'}, {'W_1_0'}, {'W_1_0'}, {'W_1_0'}, {'N_0_1'}, {'N_0_1'}]",-0.04978171425403355,133,0.8796992481203008,0.9688331432915241,5262
"[{'NE_1_1'}, {'E_1_0'}, {'N_0_1'}, {'N_0_1'}, {'N_0_1'}, {'N_0_1'}, {'NW_1_1'}, {'N_0_1'}, {'N_0_1'}, {'N_0_1'}, {'N_0_1'}, {'W_1_0'}, {'W_1_0'}]",-0.049821216175610195,173,0.8959537572254336,0.9688331432915241,5262
"[{'E_1_0'}, {'SE_1_1'}, {'S_0_1'}, {'S_0_1'}, {'S_0_1'}, {'W_1_0'}, {'SW_1_1'}, {'W_1_0'}, {'W_1_0'}, {'E_1_0'}, {'E_1_0'}, {'NE_1_1'}, {'N_0_1'}, {'N_0_1'}]",-0.05008293561676336,123,0.8780487804878049,0.9688331432915241,5262
"[{'E_1_0'}, {'E_1_0'}, {'E_1_0'}, {'E_1_0'}, {'S_0_1'}, {'S_0_1'}, {'W_1_0'}, {'W_1_0'}, {'SW_1_1'}, {'E_1_0'}, {'NE_1_1'}, {'NE_1_1'}, {'N_0_1'}, {'N_0_1'}, {'N_0_1'}]",-0.050588784907835915,103,0.8640776699029126,0.9688331432915241,5262
"[{'E_1_0'}, {'E_1_0'}, {'E_1_0'}, {'E_1_0'}, {'S_0_1'}, {'S_0_1'}, {'S_0_1'}, {'W_1_0'}, {'E_1_0'}, {'N_0_1'}, {'W_1_0'}, {'W_1_0'}, {'W_1_0'}]",-0.05091157489366682,271,0.9040590405904059,0.9688331432915241,5262
"[{'N_0_1'}, {'N_0_1'}, {'N_0_1'}, {'N_0_1'}, {'N_0_1'}, {'N_0_1'}, {'N_0_1'}, {'N_0_1'}, {'N_0_1'}, {'N_0_1'}, {'N_0_1'}, {'E_1_0'}]",-0.051729658662476696,262,0.916030534351145,0.9688331432915241,5262
"[{'E_1_0'}, {'E_1_0'}, {'E_1_0'}, {'E_1_0'}, {'E_1_0'}, {'N_0_1'}, {'N_0_1'}, {'N_0_1'}, {'N_0_1'}, {'N_0_1'}, {'N_0_1'}, {'N_0_1'}, {'N_0_1'}, {'S_0_1'}]",-0.05177312745338214,396,0.9015151515151515,0.9688331432915241,5262
"[{'E_1_0'}, {'E_1_0'}, {'E_1_0'}, {'NE_1_1'}, {'E_1_0'}, {'E_1_0'}, {'E_1_0'}, {'E_1_0'}, {'E_1_0'}, {'E_1_0'}, {'E_1_0'}, {'W_1_0'}]",-0.05181239914475366,305,0.9180327868852459,0.9688331432915241,5262
"[{'E_1_0'}, {'E_1_0'}, {'N_0_1'}, {'E_1_0'}, {'N_0_1'}, {'E_1_0'}, {'W_1_0'}, {'W_1_0'}, {'W_1_0'}, {'W_1_0'}, {'S_0_1'}, {'S_0_1'}]",-0.051903228128696854,193,0.9119170984455959,0.9688331432915241,5262
"[{'E_1_0'}, {'E_1_0'}, {'E_1_0'}, {'E_1_0'}, {'S_0_1'}, {'S_0_1'}, {'S_0_1'}, {'W_1_0'}, {'W_1_0'}, {'W_1_0'}, {'W_1_0'}, {'E_1_0'}, {'NE_1_1'}, {'N_0_1'}, {'N_0_1'}]",-0.052047796358234866,275,0.8872727272727273,0.9688331432915241,5262
"[{'NE_1_1'}, {'E_1_0'}, {'E_1_0'}, {'E_1_0'}, {'E_1_0'}, {'S_0_1'}, {'S_0_1'}, {'S_0_1'}, {'W_1_0'}, {'SW_1_1'}, {'N_0_1'}, {'N_0_1'}, {'N_0_1'}, {'N_0_1'}]",-0.052085336297824414,209,0.8899521531100478,0.9688331432915241,5262
"[{'NE_1_1'}, {'NE_1_1'}, {'NE_1_1'}, {'N_0_1'}, {'N_0_1'}, {'N_0_1'}, {'N_0_1'}, {'N_0_1'}, {'N_0_1'}, {'N_0_1'}, {'W_1_0'}, {'W_1_0'}, {'W_1_0'}, {'W_1_0'}]",-0.05231031873756353,104,0.875,0.9688331432915241,5262
"[{'NE_1_1'}, {'E_1_0'}, {'N_0_1'}, {'E_1_0'}, {'E_1_0'}, {'E_1_0'}, {'S_0_1'}, {'S_0_1'}, {'S_0_1'}, {'W_1_0'}, {'W_1_0'}, {'W_1_0'}]",-0.052386439341687074,221,0.9140271493212669,0.9688331432915241,5262
"[{'E_1_0'}, {'E_1_0'}, {'E_1_0'}, {'N_0_1'}, {'E_1_0'}, {'E_1_0'}, {'S_0_1'}, {'W_1_0'}, {'SW_1_1'}, {'W_1_0'}, {'W_1_0'}, {'SW_1_1'}]",-0.05246882765538374,115,0.9043478260869565,0.9688331432915241,5262
"[{'NE_1_1'}, {'E_1_0'}, {'N_0_1'}, {'E_1_0'}, {'N_0_1'}, {'N_0_1'}, {'N_0_1'}, {'N_0_1'}, {'N_0_1'}, {'N_0_1'}, {'N_0_1'}, {'NW_1_1'}, {'W_1_0'}, {'W_1_0'}]",-0.052482658581483044,114,0.8771929824561403,0.9688331432915241,5262
"[{'S_0_1'}, {'S_0_1'}, {'W_1_0'}, {'W_1_0'}, {'W_1_0'}, {'W_1_0'}, {'SW_1_1'}, {'E_1_0'}, {'E_1_0'}, {'N_0_1'}, {'N_0_1'}, {'STAY_0_0'}]",-0.053100791922045865,250,0.916,0.9688331432915241,5262
"[{'E_1_0'}, {'E_1_0'}, {'N_0_1'}, {'E_1_0'}, {'NE_1_1'}, {'E_1_0'}, {'W_1_0'}, {'W_1_0'}, {'W_1_0'}, {'S_0_1'}, {'SW_1_1'}, {'W_1_0'}]",-0.0537710270112739,116,0.9051724137931034,0.9688331432915241,5262
"[{'S_0_1'}, {'S_0_1'}, {'S_0_1'}, {'S_0_1'}, {'STAY_0_0'}, {'E_1_0'}, {'NE_1_1'}, {'N_0_1'}, {'N_0_1'}, {'N_0_1'}, {'N_0_1'}, {'N_0_1'}]",-0.054058220218511366,182,0.9120879120879121,0.9688331432915241,5262
"[{'E_1_0'}, {'SE_1_1'}, {'S_0_1'}, {'S_0_1'}, {'W_1_0'}, {'SW_1_1'}, {'W_1_0'}, {'W_1_0'}, {'E_1_0'}, {'E_1_0'}, {'NE_1_1'}, {'N_0_1'}, {'N_0_1'}]",-0.054239632146842576,153,0.8954248366013072,0.9688331432915241,5262
"[{'E_1_0'}, {'E_1_0'}, {'E_1_0'}, {'E_1_0'}, {'N_0_1'}, {'E_1_0'}, {'N_0_1'}, {'N_0_1'}, {'N_0_1'}, {'N_0_1'}, {'NW_1_1'}, {'E_1_0'}]",-0.05450340811244336,238,0.9159663865546218,0.9688331432915241,5262
"[{'E_1_0'}, {'NE_1_1'}, {'NE_1_1'}, {'N_0_1'}, {'N_0_1'}, {'N_0_1'}, {'N_0_1'}, {'N_0_1'}, {'N_0_1'}, {'E_1_0'}, {'E_1_0'}, {'E_1_0'}]",-0.054863803482505524,156,0.9102564102564102,0.9688331432915241,5262
"[{'E_1_0'}, {'E_1_0'}, {'E_1_0'}, {'NE_1_1'}, {'N_0_1'}, {'N_0_1'}, {'W_1_0'}, {'NW_1_1'}, {'N_0_1'}, {'N_0_1'}, {'N_0_1'}, {'W_1_0'}]",-0.05510567542562694,143,0.9090909090909091,0.9688331432915241,5262
"[{'NE_1_1'}, {'E_1_0'}, {'E_1_0'}, {'E_1_0'}, {'SE_1_1'}, {'SW_1_1'}, {'SW_1_1'}, {'W_1_0'}, {'W_1_0'}, {'N_0_1'}, {'N_0_1'}, {'N_0_1'}]",-0.0552455875867508,211,0.9146919431279621,0.9688331432915241,5262
"[{'E_1_0'}, {'E_1_0'}, {'SE_1_1'}, {'W_1_0'}, {'W_1_0'}, {'W_1_0'}, {'W_1_0'}, {'W_1_0'}, {'W_1_0'}, {'STAY_0_0'}, {'E_1_0'}, {'E_1_0'}, {'W_1_0'}, {'W_1_0'}, {'W_1_0'}]",-0.0557148153545719,114,0.868421052631579,0.9688331432915241,5262
"[{'NE_1_1'}, {'E_1_0'}, {'NE_1_1'}, {'N_0_1'}, {'N_0_1'}, {'N_0_1'}, {'N_0_1'}, {'N_0_1'}, {'N_0_1'}, {'N_0_1'}, {'E_1_0'}, {'N_0_1'}]",-0.0559543728007319,105,0.9047619047619048,0.9688331432915241,5262
"[{'NE_1_1'}, {'E_1_0'}, {'E_1_0'}, {'E_1_0'}, {'E_1_0'}, {'S_0_1'}, {'SW_1_1'}, {'W_1_0'}, {'W_1_0'}, {'W_1_0'}, {'W_1_0'}, {'N_0_1'}, {'N_0_1'}, {'N_0_1'}]",-0.056175351261011475,281,0.896797153024911,0.9688331432915241,5262
"[{'E_1_0'}, {'E_1_0'}, {'E_1_0'}, {'W_1_0'}, {'W_1_0'}, {'W_1_0'}, {'N_0_1'}, {'E_1_0'}, {'N_0_1'}, {'N_0_1'}, {'N_0_1'}, {'N_0_1'}, {'STAY_0_0'}]",-0.056204672097293074,120,0.8916666666666667,0.9688331432915241,5262
"[{'E_1_0'}, {'N_0_1'}, {'E_1_0'}, {'E_1_0'}, {'W_1_0'}, {'W_1_0'}, {'E_1_0'}, {'E_1_0'}, {'W_1_0'}, {'W_1_0'}, {'W_1_0'}, {'W_1_0'}]",-0.05628989546999352,171,0.9122807017543859,0.9688331432915241,5262
"[{'N_0_1'}, {'N_0_1'}, {'N_0_1'}, {'N_0_1'}, {'N_0_1'}, {'N_0_1'}, {'N_0_1'}, {'N_0_1'}, {'N_0_1'}, {'W_1_0'}, {'W_1_0'}, {'S_0_1'}, {'S_0_1'}]",-0.056291894921954855,252,0.9047619047619048,0.9688331432915241,5262
"[{'E_1_0'}, {'E_1_0'}, {'E_1_0'}, {'E_1_0'}, {'E_1_0'}, {'E_1_0'}, {'NE_1_1'}, {'W_1_0'}, {'SW_1_1'}, {'W_1_0'}, {'SW_1_1'}, {'S_0_1'}]",-0.05631257485276486,131,0.9083969465648855,0.9688331432915241,5262
"[{'NE_1_1'}, {'S_0_1'}, {'S_0_1'}, {'S_0_1'}, {'S_0_1'}, {'S_0_1'}, {'E_1_0'}, {'S_0_1'}, {'S_0_1'}, {'W_1_0'}, {'E_1_0'}, {'E_1_0'}]",-0.05631257485276486,131,0.9083969465648855,0.9688331432915241,5262
"[{'NE_1_1'}, {'E_1_0'}, {'E_1_0'}, {'E_1_0'}, {'S_0_1'}, {'S_0_1'}, {'S_0_1'}, {'W_1_0'}, {'E_1_0'}, {'E_1_0'}, {'N_0_1'}, {'N_0_1'}, {'N_0_1'}]",-0.056569434910884286,265,0.9056603773584906,0.9688331432915241,5262
"[{'N_0_1'}, {'N_0_1'}, {'N_0_1'}, {'N_0_1'}, {'N_0_1'}, {'N_0_1'}, {'N_0_1'}, {'N_0_1'}, {'N_0_1'}, {'N_0_1'}, {'N_0_1'}, {'E_1_0'}, {'E_1_0'}]",-0.05725792969931209,167,0.8982035928143712,0.9688331432915241,5262
"[{'E_1_0'}, {'NE_1_1'}, {'N_0_1'}, {'N_0_1'}, {'N_0_1'}, {'N_0_1'}, {'N_0_1'}, {'W_1_0'}, {'STAY_0_0'}, {'E_1_0'}, {'W_1_0'}, {'W_1_0'}]",-0.057301519810328605,106,0.9056603773584906,0.9688331432915241,5262
"[{'E_1_0'}, {'E_1_0'}, {'NE_1_1'}, {'NE_1_1'}, {'N_0_1'}, {'N_0_1'}, {'N_0_1'}, {'N_0_1'}, {'N_0_1'}, {'N_0_1'}, {'N_0_1'}, {'W_1_0'}, {'W_1_0'}]",-0.057433029164467575,331,0.9093655589123867,0.9688331432915241,5262
"[{'E_1_0'}, {'E_1_0'}, {'E_1_0'}, {'E_1_0'}, {'E_1_0'}, {'E_1_0'}, {'E_1_0'}, {'W_1_0'}, {'W_1_0'}, {'STAY_0_0'}, {'N_0_1'}, {'N_0_1'}, {'W_1_0'}, {'W_1_0'}]",-0.05766870854713502,202,0.8910891089108911,0.9688331432915241,5262
"[{'E_1_0'}, {'E_1_0'}, {'E_1_0'}, {'E_1_0'}, {'E_1_0'}, {'E_1_0'}, {'E_1_0'}, {'W_1_0'}, {'SW_1_1'}, {'W_1_0'}, {'W_1_0'}, {'STAY_0_0'}, {'E_1_0'}]",-0.057731782105735485,241,0.9045643153526971,0.9688331432915241,5262
"[{'E_1_0'}, {'E_1_0'}, {'E_1_0'}, {'E_1_0'}, {'N_0_1'}, {'N_0_1'}, {'N_0_1'}, {'W_1_0'}, {'N_0_1'}, {'N_0_1'}, {'W_1_0'}, {'E_1_0'}]",-0.05811477294994627,215,0.9162790697674419,0.9688331432915241,5262
"[{'E_1_0'}, {'E_1_0'}, {'E_1_0'}, {'E_1_0'}, {'NE_1_1'}, {'E_1_0'}, {'N_0_1'}, {'N_0_1'}, {'N_0_1'}, {'N_0_1'}, {'N_0_1'}, {'W_1_0'}, {'E_1_0'}]",-0.05834201156449259,192,0.9010416666666666,0.9688331432915241,5262
"[{'E_1_0'}, {'N_0_1'}, {'E_1_0'}, {'NE_1_1'}, {'N_0_1'}, {'N_0_1'}, {'N_0_1'}, {'N_0_1'}, {'W_1_0'}, {'W_1_0'}, {'W_1_0'}, {'W_1_0'}, {'W_1_0'}, {'SW_1_1'}, {'W_1_0'}]",-0.05844284688685142,115,0.8695652173913043,0.9688331432915241,5262
"[{'E_1_0'}, {'E_1_0'}, {'NE_1_1'}, {'NE_1_1'}, {'E_1_0'}, {'E_1_0'}, {'NE_1_1'}, {'W_1_0'}, {'W_1_0'}, {'W_1_0'}, {'W_1_0'}, {'S_0_1'}]",-0.058491217467961265,133,0.9097744360902256,0.9688331432915241,5262
"[{'E_1_0'}, {'NE_1_1'}, {'E_1_0'}, {'E_1_0'}, {'NE_1_1'}, {'N_0_1'}, {'N_0_1'}, {'E_1_0'}, {'N_0_1'}, {'N_0_1'}, {'W_1_0'}, {'SW_1_1'}]",-0.05861238164512117,107,0.9065420560747663,0.9688331432915241,5262
"[{'NE_1_1'}, {'NE_1_1'}, {'E_1_0'}, {'E_1_0'}, {'E_1_0'}, {'E_1_0'}, {'N_0_1'}, {'N_0_1'}, {'N_0_1'}, {'N_0_1'}, {'W_1_0'}, {'W_1_0'}]",-0.058924229986119236,202,0.9158415841584159,0.9688331432915241,5262
"[{'E_1_0'}, {'E_1_0'}, {'E_1_0'}, {'E_1_0'}, {'E_1_0'}, {'N_0_1'}, {'N_0_1'}, {'N_0_1'}, {'N_0_1'}, {'N_0_1'}, {'N_0_1'}, {'E_1_0'}, {'S_0_1'}, {'W_1_0'}]",-0.059008786049914885,203,0.8916256157635468,0.9688331432915241,5262
"[{'E_1_0'}, {'NE_1_1'}, {'E_1_0'}, {'E_1_0'}, {'E_1_0'}, {'W_1_0'}, {'W_1_0'}, {'W_1_0'}, {'W_1_0'}, {'W_1_0'}, {'W_1_0'}, {'STAY_0_0'}, {'E_1_0'}, {'E_1_0'}]",-0.0606835194332318,128,0.8828125,0.9688331432915241,5262
"[{'E_1_0'}, {'E_1_0'}, {'NE_1_1'}, {'E_1_0'}, {'NE_1_1'}, {'N_0_1'}, {'N_0_1'}, {'N_0_1'}, {'N_0_1'}, {'N_0_1'}, {'NE_1_1'}, {'E_1_0'}]",-0.0611301165740572,109,0.908256880733945,0.9688331432915241,5262
"[{'E_1_0'}, {'E_1_0'}, {'E_1_0'}, {'NE_1_1'}, {'E_1_0'}, {'E_1_0'}, {'E_1_0'}, {'W_1_0'}, {'W_1_0'}, {'W_1_0'}, {'STAY_0_0'}, {'W_1_0'}, {'W_1_0'}]",-0.06116129299652484,207,0.9033816425120773,0.9688331432915241,5262
"[{'NE_1_1'}, {'E_1_0'}, {'NE_1_1'}, {'E_1_0'}, {'NE_1_1'}, {'E_1_0'}, {'E_1_0'}, {'W_1_0'}, {'W_1_0'}, {'W_1_0'}, {'W_1_0'}, {'W_1_0'}]",-0.06122539155814066,191,0.9162303664921466,0.9688331432915241,5262
"[{'E_1_0'}, {'E_1_0'}, {'NE_1_1'}, {'E_1_0'}, {'E_1_0'}, {'E_1_0'}, {'NE_1_1'}, {'N_0_1'}, {'N_0_1'}, {'N_0_1'}, {'W_1_0'}, {'W_1_0'}, {'W_1_0'}]",-0.061333918519722364,297,0.9090909090909091,0.9688331432915241,5262
"[{'E_1_0'}, {'E_1_0'}, {'NE_1_1'}, {'N_0_1'}, {'N_0_1'}, {'NW_1_1'}, {'N_0_1'}, {'E_1_0'}, {'N_0_1'}, {'N_0_1'}, {'W_1_0'}, {'S_0_1'}]",-0.061584997124269014,136,0.9117647058823529,0.9688331432915241,5262
"[{'E_1_0'}, {'E_1_0'}, {'E_1_0'}, {'S_0_1'}, {'SW_1_1'}, {'W_1_0'}, {'W_1_0'}, {'W_1_0'}, {'W_1_0'}, {'W_1_0'}, {'N_0_1'}, {'N_0_1'}, {'N_0_1'}]",-0.06238328258267711,577,0.9185441941074524,0.9688331432915241,5262
"[{'N_0_1'}, {'N_0_1'}, {'N_0_1'}, {'N_0_1'}, {'N_0_1'}, {'N_0_1'}, {'E_1_0'}, {'E_1_0'}, {'E_1_0'}, {'E_1_0'}, {'E_1_0'}, {'S_0_1'}, {'W_1_0'}]",-0.06239064716823828,101,0.8910891089108911,0.9688331432915241,5262
"[{'N_0_1'}, {'N_0_1'}, {'N_0_1'}, {'N_0_1'}, {'N_0_1'}, {'N_0_1'}, {'N_0_1'}, {'E_1_0'}, {'E_1_0'}, {'E_1_0'}, {'E_1_0'}, {'S_0_1'}]",-0.06268471410519938,193,0.917098445595855,0.9688331432915241,5262
"[{'E_1_0'}, {'E_1_0'}, {'E_1_0'}, {'E_1_0'}, {'SE_1_1'}, {'SW_1_1'}, {'W_1_0'}, {'W_1_0'}, {'W_1_0'}, {'N_0_1'}, {'N_0_1'}, {'N_0_1'}, {'N_0_1'}]",-0.06282885964178675,380,0.9131578947368421,0.9688331432915241,5262
"[{'NE_1_1'}, {'E_1_0'}, {'E_1_0'}, {'S_0_1'}, {'S_0_1'}, {'S_0_1'}, {'S_0_1'}, {'S_0_1'}, {'E_1_0'}, {'E_1_0'}, {'STAY_0_0'}, {'W_1_0'}]",-0.06291425229249015,165,0.9151515151515152,0.9688331432915241,5262
"[{'E_1_0'}, {'SE_1_1'}, {'S_0_1'}, {'W_1_0'}, {'S_0_1'}, {'W_1_0'}, {'W_1_0'}, {'W_1_0'}, {'W_1_0'}, {'SW_1_1'}, {'N_0_1'}, {'N_0_1'}]",-0.06291425229249015,165,0.9151515151515152,0.9688331432915241,5262
"[{'NE_1_1'}, {'N_0_1'}, {'E_1_0'}, {'N_0_1'}, {'E_1_0'}, {'NE_1_1'}, {'W_1_0'}, {'W_1_0'}, {'W_1_0'}, {'W_1_0'}, {'W_1_0'}, {'S_0_1'}]",-0.0631136326400259,124,0.9112903225806451,0.9688331432915241,5262
"[{'E_1_0'}, {'E_1_0'}, {'NE_1_1'}, {'E_1_0'}, {'E_1_0'}, {'NE_1_1'}, {'E_1_0'}, {'N_0_1'}, {'E_1_0'}, {'N_0_1'}, {'N_0_1'}, {'W_1_0'}]",-0.06361139254301729,180,0.9166666666666666,0.9688331432915241,5262
"[{'E_1_0'}, {'E_1_0'}, {'N_0_1'}, {'N_0_1'}, {'N_0_1'}, {'N_0_1'}, {'N_0_1'}, {'N_0_1'}, {'N_0_1'}, {'N_0_1'}, {'W_1_0'}, {'N_0_1'}, {'N_0_1'}]",-0.06370935019260782,235,0.9063829787234042,0.9688331432915241,5262
"[{'N_0_1'}, {'E_1_0'}, {'N_0_1'}, {'E_1_0'}, {'E_1_0'}, {'S_0_1'}, {'SE_1_1'}, {'S_0_1'}, {'S_0_1'}, {'S_0_1'}, {'S_0_1'}, {'W_1_0'}, {'W_1_0'}, {'W_1_0'}]",-0.06438391139772381,109,0.8807339449541285,0.9688331432915241,5262
"[{'E_1_0'}, {'E_1_0'}, {'E_1_0'}, {'NE_1_1'}, {'E_1_0'}, {'NE_1_1'}, {'NE_1_1'}, {'N_0_1'}, {'N_0_1'}, {'N_0_1'}, {'N_0_1'}, {'N_0_1'}, {'N_0_1'}]",-0.06473599040781286,137,0.8978102189781022,0.9688331432915241,5262
"[{'E_1_0'}, {'E_1_0'}, {'NE_1_1'}, {'NE_1_1'}, {'N_0_1'}, {'N_0_1'}, {'N_0_1'}, {'N_0_1'}, {'N_0_1'}, {'W_1_0'}, {'W_1_0'}, {'W_1_0'}, {'W_1_0'}]",-0.06506430944147867,454,0.9162995594713657,0.9688331432915241,5262
"[{'NE_1_1'}, {'NE_1_1'}, {'E_1_0'}, {'SE_1_1'}, {'S_0_1'}, {'S_0_1'}, {'SW_1_1'}, {'E_1_0'}, {'E_1_0'}, {'E_1_0'}, {'W_1_0'}, {'W_1_0'}]",-0.06518229252930663,126,0.9126984126984127,0.9688331432915241,5262
"[{'E_1_0'}, {'E_1_0'}, {'E_1_0'}, {'E_1_0'}, {'E_1_0'}, {'W_1_0'}, {'W_1_0'}, {'W_1_0'}, {'W_1_0'}, {'N_0_1'}, {'N_0_1'}, {'N_0_1'}, {'W_1_0'}, {'W_1_0'}, {'W_1_0'}]",-0.06530575397544824,275,0.8909090909090909,0.9688331432915241,5262
"[{'E_1_0'}, {'E_1_0'}, {'E_1_0'}, {'E_1_0'}, {'NE_1_1'}, {'E_1_0'}, {'W_1_0'}, {'W_1_0'}, {'W_1_0'}, {'W_1_0'}, {'E_1_0'}, {'S_0_1'}]",-0.06531805955273295,168,0.9166666666666666,0.9688331432915241,5262
"[{'E_1_0'}, {'E_1_0'}, {'NE_1_1'}, {'E_1_0'}, {'E_1_0'}, {'W_1_0'}, {'W_1_0'}, {'W_1_0'}, {'W_1_0'}, {'W_1_0'}, {'SW_1_1'}, {'STAY_0_0'}]",-0.06531805955273295,168,0.9166666666666666,0.9688331432915241,5262
"[{'NE_1_1'}, {'E_1_0'}, {'E_1_0'}, {'E_1_0'}, {'N_0_1'}, {'N_0_1'}, {'N_0_1'}, {'N_0_1'}, {'N_0_1'}, {'N_0_1'}, {'N_0_1'}, {'N_0_1'}, {'N_0_1'}]",-0.06531836598109964,224,0.90625,0.9688331432915241,5262
"[{'E_1_0'}, {'E_1_0'}, {'W_1_0'}, {'W_1_0'}, {'W_1_0'}, {'W_1_0'}, {'N_0_1'}, {'W_1_0'}, {'W_1_0'}, {'W_1_0'}, {'W_1_0'}, {'W_1_0'}, {'W_1_0'}, {'W_1_0'}]",-0.06551677757223318,163,0.8895705521472392,0.9688331432915241,5262
"[{'E_1_0'}, {'E_1_0'}, {'E_1_0'}, {'E_1_0'}, {'E_1_0'}, {'NE_1_1'}, {'E_1_0'}, {'E_1_0'}, {'W_1_0'}, {'W_1_0'}, {'W_1_0'}, {'W_1_0'}, {'E_1_0'}]",-0.06562907164363052,174,0.9022988505747126,0.9688331432915241,5262
"[{'E_1_0'}, {'E_1_0'}, {'E_1_0'}, {'W_1_0'}, {'NW_1_1'}, {'W_1_0'}, {'N_0_1'}, {'N_0_1'}, {'E_1_0'}, {'E_1_0'}, {'E_1_0'}, {'E_1_0'}]",-0.06622684113044275,100,0.91,0.9688331432915241,5262
"[{'E_1_0'}, {'NE_1_1'}, {'E_1_0'}, {'E_1_0'}, {'E_1_0'}, {'E_1_0'}, {'E_1_0'}, {'S_0_1'}, {'S_0_1'}, {'S_0_1'}, {'W_1_0'}, {'W_1_0'}, {'SW_1_1'}, {'STAY_0_0'}, {'E_1_0'}]",-0.0662493654281644,118,0.8728813559322034,0.9688331432915241,5262
"[{'E_1_0'}, {'E_1_0'}, {'E_1_0'}, {'E_1_0'}, {'E_1_0'}, {'NE_1_1'}, {'NE_1_1'}, {'NE_1_1'}, {'N_0_1'}, {'W_1_0'}, {'S_0_1'}, {'W_1_0'}]",-0.06626959161957724,155,0.9161290322580645,0.9688331432915241,5262
"[{'E_1_0'}, {'E_1_0'}, {'E_1_0'}, {'E_1_0'}, {'S_0_1'}, {'S_0_1'}, {'W_1_0'}, {'W_1_0'}, {'SW_1_1'}, {'W_1_0'}, {'W_1_0'}, {'STAY_0_0'}, {'W_1_0'}]",-0.06658354346027484,318,0.9119496855345912,0.9688331432915241,5262
"[{'E_1_0'}, {'E_1_0'}, {'N_0_1'}, {'N_0_1'}, {'N_0_1'}, {'N_0_1'}, {'NW_1_1'}, {'N_0_1'}, {'N_0_1'}, {'N_0_1'}, {'N_0_1'}, {'W_1_0'}, {'W_1_0'}, {'S_0_1'}]",-0.06667275343429901,209,0.8947368421052632,0.9688331432915241,5262
"[{'E_1_0'}, {'E_1_0'}, {'E_1_0'}, {'E_1_0'}, {'E_1_0'}, {'NE_1_1'}, {'E_1_0'}, {'E_1_0'}, {'W_1_0'}, {'SW_1_1'}, {'E_1_0'}, {'E_1_0'}]",-0.06686950192089003,114,0.9122807017543859,0.9688331432915241,5262
"[{'E_1_0'}, {'NE_1_1'}, {'E_1_0'}, {'E_1_0'}, {'E_1_0'}, {'E_1_0'}, {'E_1_0'}, {'N_0_1'}, {'N_0_1'}, {'N_0_1'}, {'N_0_1'}, {'N_0_1'}, {'N_0_1'}, {'W_1_0'}, {'W_1_0'}]",-0.06689969217587977,148,0.8783783783783784,0.9688331432915241,5262
"[{'E_1_0'}, {'S_0_1'}, {'W_1_0'}, {'SW_1_1'}, {'W_1_0'}, {'W_1_0'}, {'W_1_0'}, {'STAY_0_0'}, {'N_0_1'}, {'N_0_1'}, {'N_0_1'}, {'N_0_1'}, {'N_0_1'}]",-0.06695636412853756,115,0.8956521739130435,0.9688331432915241,5262
"[{'E_1_0'}, {'NE_1_1'}, {'E_1_0'}, {'E_1_0'}, {'E_1_0'}, {'E_1_0'}, {'E_1_0'}, {'N_0_1'}, {'N_0_1'}, {'N_0_1'}, {'W_1_0'}, {'W_1_0'}, {'W_1_0'}, {'W_1_0'}, {'W_1_0'}]",-0.06757167793217644,211,0.8862559241706162,0.9688331432915241,5262
"[{'NE_1_1'}, {'NE_1_1'}, {'E_1_0'}, {'E_1_0'}, {'S_0_1'}, {'S_0_1'}, {'E_1_0'}, {'E_1_0'}, {'N_0_1'}, {'N_0_1'}, {'N_0_1'}, {'N_0_1'}]",-0.06810958189802152,129,0.9147286821705426,0.9688331432915241,5262
"[{'E_1_0'}, {'E_1_0'}, {'E_1_0'}, {'S_0_1'}, {'S_0_1'}, {'W_1_0'}, {'W_1_0'}, {'W_1_0'}, {'N_0_1'}, {'W_1_0'}, {'W_1_0'}, {'W_1_0'}, {'W_1_0'}]",-0.06825264512512463,307,0.9120521172638436,0.9688331432915241,5262
"[{'E_1_0'}, {'E_1_0'}, {'E_1_0'}, {'E_1_0'}, {'E_1_0'}, {'W_1_0'}, {'W_1_0'}, {'W_1_0'}, {'W_1_0'}, {'W_1_0'}, {'N_0_1'}, {'W_1_0'}, {'W_1_0'}]",-0.06834640358616317,461,0.9175704989154013,0.9688331432915241,5262
"[{'NE_1_1'}, {'E_1_0'}, {'E_1_0'}, {'E_1_0'}, {'E_1_0'}, {'E_1_0'}, {'E_1_0'}, {'W_1_0'}, {'W_1_0'}, {'W_1_0'}, {'STAY_0_0'}, {'W_1_0'}, {'W_1_0'}]",-0.06860511543914294,294,0.9115646258503401,0.9688331432915241,5262
"[{'E_1_0'}, {'E_1_0'}, {'E_1_0'}, {'E_1_0'}, {'N_0_1'}, {'N_0_1'}, {'N_0_1'}, {'N_0_1'}, {'N_0_1'}, {'N_0_1'}, {'N_0_1'}, {'N_0_1'}, {'W_1_0'}, {'S_0_1'}]",-0.06860815695372446,433,0.9076212471131639,0.9688331432915241,5262
"[{'N_0_1'}, {'N_0_1'}, {'E_1_0'}, {'NE_1_1'}, {'S_0_1'}, {'S_0_1'}, {'S_0_1'}, {'S_0_1'}, {'S_0_1'}, {'S_0_1'}, {'S_0_1'}, {'S_0_1'}, {'S_0_1'}, {'S_0_1'}, {'S_0_1'}]",-0.06873202643012544,119,0.8739495798319328,0.9688331432915241,5262
"[{'E_1_0'}, {'NE_1_1'}, {'E_1_0'}, {'NE_1_1'}, {'N_0_1'}, {'N_0_1'}, {'N_0_1'}, {'N_0_1'}, {'NE_1_1'}, {'N_0_1'}, {'N_0_1'}, {'N_0_1'}]",-0.0689250789177629,144,0.9166666666666666,0.9688331432915241,5262
"[{'E_1_0'}, {'E_1_0'}, {'E_1_0'}, {'E_1_0'}, {'NE_1_1'}, {'N_0_1'}, {'N_0_1'}, {'N_0_1'}, {'N_0_1'}, {'N_0_1'}, {'N_0_1'}, {'E_1_0'}, {'W_1_0'}]",-0.06939061954468984,350,0.9142857142857143,0.9688331432915241,5262
"[{'NE_1_1'}, {'N_0_1'}, {'N_0_1'}, {'N_0_1'}, {'N_0_1'}, {'N_0_1'}, {'N_0_1'}, {'W_1_0'}, {'W_1_0'}, {'W_1_0'}, {'W_1_0'}, {'W_1_0'}, {'W_1_0'}]",-0.06959834448467861,435,0.9172413793103448,0.9688331432915241,5262
"[{'E_1_0'}, {'E_1_0'}, {'E_1_0'}, {'E_1_0'}, {'E_1_0'}, {'NE_1_1'}, {'E_1_0'}, {'W_1_0'}, {'W_1_0'}, {'W_1_0'}, {'W_1_0'}, {'NE_1_1'}]",-0.06975891449523641,145,0.9172413793103448,0.9688331432915241,5262
"[{'NE_1_1'}, {'E_1_0'}, {'N_0_1'}, {'N_0_1'}, {'N_0_1'}, {'N_0_1'}, {'N_0_1'}, {'W_1_0'}, {'SW_1_1'}, {'W_1_0'}, {'S_0_1'}, {'W_1_0'}]",-0.06995162764824747,131,0.916030534351145,0.9688331432915241,5262
"[{'E_1_0'}, {'E_1_0'}, {'E_1_0'}, {'E_1_0'}, {'E_1_0'}, {'W_1_0'}, {'W_1_0'}, {'SW_1_1'}, {'W_1_0'}, {'W_1_0'}, {'W_1_0'}, {'STAY_0_0'}, {'E_1_0'}]",-0.06999380398842159,178,0.9044943820224719,0.9688331432915241,5262
"[{'NE_1_1'}, {'E_1_0'}, {'E_1_0'}, {'E_1_0'}, {'E_1_0'}, {'E_1_0'}, {'E_1_0'}, {'E_1_0'}, {'E_1_0'}, {'S_0_1'}, {'S_0_1'}, {'W_1_0'}, {'STAY_0_0'}]",-0.07033282796294849,191,0.9057591623036649,0.9688331432915241,5262
"[{'E_1_0'}, {'E_1_0'}, {'E_1_0'}, {'SE_1_1'}, {'E_1_0'}, {'S_0_1'}, {'S_0_1'}, {'W_1_0'}, {'W_1_0'}, {'W_1_0'}, {'N_0_1'}, {'N_0_1'}, {'N_0_1'}]",-0.07051729384363048,380,0.9157894736842105,0.9688331432915241,5262
"[{'E_1_0'}, {'E_1_0'}, {'NE_1_1'}, {'E_1_0'}, {'S_0_1'}, {'S_0_1'}, {'W_1_0'}, {'W_1_0'}, {'W_1_0'}, {'W_1_0'}, {'N_0_1'}, {'N_0_1'}, {'N_0_1'}]",-0.07098544851503163,325,0.9138461538461539,0.9688331432915241,5262
"[{'E_1_0'}, {'E_1_0'}, {'E_1_0'}, {'E_1_0'}, {'N_0_1'}, {'N_0_1'}, {'N_0_1'}, {'N_0_1'}, {'NW_1_1'}, {'N_0_1'}, {'N_0_1'}, {'N_0_1'}, {'N_0_1'}, {'N_0_1'}, {'E_1_0'}]",-0.0711579239293374,120,0.875,0.9688331432915241,5262
"[{'S_0_1'}, {'S_0_1'}, {'S_0_1'}, {'W_1_0'}, {'W_1_0'}, {'W_1_0'}, {'W_1_0'}, {'STAY_0_0'}, {'E_1_0'}, {'NE_1_1'}, {'NE_1_1'}, {'N_0_1'}, {'N_0_1'}, {'W_1_0'}, {'W_1_0'}]",-0.0711579239293374,120,0.875,0.9688331432915241,5262
"[{'N_0_1'}, {'E_1_0'}, {'E_1_0'}, {'N_0_1'}, {'N_0_1'}, {'N_0_1'}, {'NW_1_1'}, {'N_0_1'}, {'W_1_0'}, {'W_1_0'}, {'W_1_0'}, {'W_1_0'}, {'W_1_0'}]",-0.07165630293677538,130,0.9,0.9688331432915241,5262
"[{'E_1_0'}, {'E_1_0'}, {'N_0_1'}, {'E_1_0'}, {'N_0_1'}, {'N_0_1'}, {'N_0_1'}, {'N_0_1'}, {'N_0_1'}, {'STAY_0_0'}, {'E_1_0'}, {'W_1_0'}]",-0.07171173497301964,133,0.9172932330827067,0.9688331432915241,5262
"[{'E_1_0'}, {'E_1_0'}, {'NE_1_1'}, {'E_1_0'}, {'NE_1_1'}, {'E_1_0'}, {'E_1_0'}, {'W_1_0'}, {'W_1_0'}, {'W_1_0'}, {'W_1_0'}, {'E_1_0'}]",-0.07191296469363118,119,0.9159663865546218,0.9688331432915241,5262
"[{'E_1_0'}, {'NE_1_1'}, {'E_1_0'}, {'E_1_0'}, {'E_1_0'}, {'N_0_1'}, {'N_0_1'}, {'N_0_1'}, {'N_0_1'}, {'N_0_1'}, {'N_0_1'}, {'W_1_0'}, {'W_1_0'}]",-0.07193422457679866,299,0.9130434782608695,0.9688331432915241,5262
"[{'NE_1_1'}, {'E_1_0'}, {'E_1_0'}, {'E_1_0'}, {'S_0_1'}, {'S_0_1'}, {'W_1_0'}, {'W_1_0'}, {'SW_1_1'}, {'W_1_0'}, {'STAY_0_0'}, {'W_1_0'}, {'W_1_0'}]",-0.07195714277597243,245,0.9102040816326531,0.9688331432915241,5262
"[{'NE_1_1'}, {'N_0_1'}, {'N_0_1'}, {'N_0_1'}, {'N_0_1'}, {'N_0_1'}, {'N_0_1'}, {'NE_1_1'}, {'N_0_1'}, {'N_0_1'}, {'N_0_1'}, {'W_1_0'}, {'W_1_0'}, {'S_0_1'}]",-0.07197605493788384,134,0.8880597014925373,0.9688331432915241,5262
"[{'E_1_0'}, {'E_1_0'}, {'E_1_0'}, {'N_0_1'}, {'E_1_0'}, {'W_1_0'}, {'W_1_0'}, {'W_1_0'}, {'W_1_0'}, {'W_1_0'}, {'W_1_0'}, {'N_0_1'}, {'N_0_1'}, {'N_0_1'}]",-0.07197605493788384,134,0.8880597014925373,0.9688331432915241,5262
"[{'E_1_0'}, {'NE_1_1'}, {'E_1_0'}, {'NE_1_1'}, {'E_1_0'}, {'E_1_0'}, {'E_1_0'}, {'W_1_0'}, {'W_1_0'}, {'SW_1_1'}, {'W_1_0'}, {'SW_1_1'}, {'W_1_0'}]",-0.0722534181668919,155,0.9032258064516129,0.9688331432915241,5262
"[{'E_1_0'}, {'E_1_0'}, {'N_0_1'}, {'N_0_1'}, {'N_0_1'}, {'N_0_1'}, {'N_0_1'}, {'N_0_1'}, {'N_0_1'}, {'N_0_1'}, {'N_0_1'}, {'N_0_1'}, {'N_0_1'}, {'S_0_1'}]",-0.07281108382501245,299,0.903010033444816,0.9688331432915241,5262
"[{'N_0_1'}, {'E_1_0'}, {'N_0_1'}, {'N_0_1'}, {'E_1_0'}, {'N_0_1'}, {'N_0_1'}, {'N_0_1'}, {'N_0_1'}, {'N_0_1'}, {'E_1_0'}, {'E_1_0'}]",-0.07295565704025542,106,0.9150943396226415,0.9688331432915241,5262
"[{'E_1_0'}, {'E_1_0'}, {'E_1_0'}, {'S_0_1'}, {'W_1_0'}, {'W_1_0'}, {'W_1_0'}, {'STAY_0_0'}, {'N_0_1'}, {'E_1_0'}, {'E_1_0'}, {'E_1_0'}]",-0.07295565704025542,106,0.9150943396226415,0.9688331432915241,5262
"[{'E_1_0'}, {'E_1_0'}, {'N_0_1'}, {'N_0_1'}, {'N_0_1'}, {'N_0_1'}, {'NW_1_1'}, {'N_0_1'}, {'N_0_1'}, {'N_0_1'}, {'N_0_1'}, {'N_0_1'}, {'W_1_0'}, {'S_0_1'}]",-0.07304084209827089,191,0.8952879581151832,0.9688331432915241,5262
"[{'E_1_0'}, {'E_1_0'}, {'N_0_1'}, {'E_1_0'}, {'E_1_0'}, {'W_1_0'}, {'W_1_0'}, {'N_0_1'}, {'N_0_1'}, {'N_0_1'}, {'N_0_1'}, {'E_1_0'}]",-0.07375902180894722,121,0.9173553719008265,0.9688331432915241,5262
"[{'E_1_0'}, {'NE_1_1'}, {'NE_1_1'}, {'N_0_1'}, {'N_0_1'}, {'N_0_1'}, {'N_0_1'}, {'N_0_1'}, {'N_0_1'}, {'W_1_0'}, {'W_1_0'}, {'W_1_0'}, {'W_1_0'}]",-0.07387330828192917,358,0.9162011173184358,0.9688331432915241,5262
"[{'E_1_0'}, {'E_1_0'}, {'E_1_0'}, {'E_1_0'}, {'E_1_0'}, {'W_1_0'}, {'W_1_0'}, {'W_1_0'}, {'W_1_0'}, {'W_1_0'}, {'W_1_0'}, {'STAY_0_0'}, {'E_1_0'}]",-0.07396674207928111,401,0.9177057356608479,0.9688331432915241,5262
"[{'NE_1_1'}, {'E_1_0'}, {'N_0_1'}, {'N_0_1'}, {'N_0_1'}, {'N_0_1'}, {'N_0_1'}, {'N_0_1'}, {'N_0_1'}, {'N_0_1'}, {'N_0_1'}, {'N_0_1'}, {'N_0_1'}]",-0.07455860753483279,235,0.9106382978723404,0.9688331432915241,5262
"[{'E_1_0'}, {'NE_1_1'}, {'E_1_0'}, {'E_1_0'}, {'E_1_0'}, {'N_0_1'}, {'N_0_1'}, {'N_0_1'}, {'N_0_1'}, {'N_0_1'}, {'N_0_1'}, {'N_0_1'}, {'N_0_1'}, {'W_1_0'}]",-0.07487296330571191,158,0.8924050632911392,0.9688331432915241,5262
"[{'E_1_0'}, {'E_1_0'}, {'NE_1_1'}, {'E_1_0'}, {'E_1_0'}, {'E_1_0'}, {'NE_1_1'}, {'E_1_0'}, {'E_1_0'}, {'S_0_1'}, {'S_0_1'}, {'S_0_1'}]",-0.07495638391738568,108,0.9166666666666666,0.9688331432915241,5262
"[{'NE_1_1'}, {'N_0_1'}, {'N_0_1'}, {'N_0_1'}, {'N_0_1'}, {'N_0_1'}, {'N_0_1'}, {'N_0_1'}, {'N_0_1'}, {'N_0_1'}, {'N_0_1'}, {'N_0_1'}, {'W_1_0'}]",-0.07510297344083616,304,0.9144736842105263,0.9688331432915241,5262
"[{'NE_1_1'}, {'N_0_1'}, {'E_1_0'}, {'E_1_0'}, {'SE_1_1'}, {'S_0_1'}, {'S_0_1'}, {'S_0_1'}, {'SW_1_1'}, {'S_0_1'}, {'S_0_1'}, {'W_1_0'}]",-0.07551594442913467,123,0.9186991869918699,0.9688331432915241,5262
"[{'E_1_0'}, {'E_1_0'}, {'E_1_0'}, {'N_0_1'}, {'N_0_1'}, {'N_0_1'}, {'N_0_1'}, {'NW_1_1'}, {'W_1_0'}, {'W_1_0'}, {'W_1_0'}, {'STAY_0_0'}, {'E_1_0'}]",-0.07565784934004993,133,0.9022556390977443,0.9688331432915241,5262
"[{'E_1_0'}, {'E_1_0'}, {'E_1_0'}, {'E_1_0'}, {'NE_1_1'}, {'E_1_0'}, {'E_1_0'}, {'E_1_0'}, {'E_1_0'}, {'E_1_0'}, {'E_1_0'}, {'E_1_0'}, {'W_1_0'}]",-0.07689392893552505,198,0.9090909090909091,0.9688331432915241,5262
"[{'E_1_0'}, {'E_1_0'}, {'E_1_0'}, {'E_1_0'}, {'E_1_0'}, {'S_0_1'}, {'S_0_1'}, {'W_1_0'}, {'SW_1_1'}, {'W_1_0'}, {'E_1_0'}, {'E_1_0'}, {'STAY_0_0'}, {'W_1_0'}]",-0.07719397533824979,126,0.8888888888888888,0.9688331432915241,5262
"[{'E_1_0'}, {'E_1_0'}, {'E_1_0'}, {'N_0_1'}, {'NE_1_1'}, {'W_1_0'}, {'W_1_0'}, {'W_1_0'}, {'W_1_0'}, {'W_1_0'}, {'W_1_0'}, {'W_1_0'}, {'W_1_0'}]",-0.078048272264029,267,0.9138576779026217,0.9688331432915241,5262
"[{'NE_1_1'}, {'E_1_0'}, {'E_1_0'}, {'E_1_0'}, {'E_1_0'}, {'E_1_0'}, {'E_1_0'}, {'E_1_0'}, {'E_1_0'}, {'STAY_0_0'}, {'W_1_0'}, {'W_1_0'}, {'W_1_0'}, {'W_1_0'}, {'W_1_0'}]",-0.07811847636669667,113,0.8761061946902655,0.9688331432915241,5262
"[{'E_1_0'}, {'E_1_0'}, {'SE_1_1'}, {'S_0_1'}, {'S_0_1'}, {'S_0_1'}, {'W_1_0'}, {'SW_1_1'}, {'W_1_0'}, {'W_1_0'}, {'N_0_1'}, {'N_0_1'}, {'N_0_1'}, {'N_0_1'}]",-0.07815533955339804,331,0.9063444108761329,0.9688331432915241,5262
"[{'NE_1_1'}, {'E_1_0'}, {'E_1_0'}, {'E_1_0'}, {'S_0_1'}, {'W_1_0'}, {'W_1_0'}, {'W_1_0'}, {'E_1_0'}, {'E_1_0'}, {'N_0_1'}, {'N_0_1'}, {'NW_1_1'}]",-0.07818481261640375,135,0.9037037037037037,0.9688331432915241,5262
"[{'E_1_0'}, {'E_1_0'}, {'E_1_0'}, {'N_0_1'}, {'E_1_0'}, {'E_1_0'}, {'E_1_0'}, {'W_1_0'}, {'W_1_0'}, {'W_1_0'}, {'S_0_1'}, {'S_0_1'}, {'S_0_1'}]",-0.07893519546850603,174,0.9080459770114943,0.9688331432915241,5262
"[{'E_1_0'}, {'E_1_0'}, {'E_1_0'}, {'E_1_0'}, {'N_0_1'}, {'N_0_1'}, {'N_0_1'}, {'N_0_1'}, {'NW_1_1'}, {'N_0_1'}, {'N_0_1'}, {'W_1_0'}, {'W_1_0'}, {'W_1_0'}, {'S_0_1'}]",-0.08011405989806786,209,0.8899521531100478,0.9688331432915241,5262
"[{'E_1_0'}, {'E_1_0'}, {'E_1_0'}, {'E_1_0'}, {'S_0_1'}, {'S_0_1'}, {'S_0_1'}, {'S_0_1'}, {'W_1_0'}, {'SW_1_1'}, {'STAY_0_0'}, {'E_1_0'}, {'E_1_0'}, {'E_1_0'}]",-0.0801384093382782,185,0.8972972972972973,0.9688331432915241,5262
"[{'E_1_0'}, {'E_1_0'}, {'E_1_0'}, {'SE_1_1'}, {'S_0_1'}, {'SW_1_1'}, {'W_1_0'}, {'W_1_0'}, {'SW_1_1'}, {'STAY_0_0'}, {'E_1_0'}, {'E_1_0'}, {'W_1_0'}, {'W_1_0'}, {'W_1_0'}]",-0.08033904233780698,104,0.875,0.9688331432915241,5262
"[{'E_1_0'}, {'E_1_0'}, {'NE_1_1'}, {'N_0_1'}, {'N_0_1'}, {'N_0_1'}, {'N_0_1'}, {'N_0_1'}, {'N_0_1'}, {'N_0_1'}, {'N_0_1'}, {'N_0_1'}, {'N_0_1'}, {'E_1_0'}]",-0.0806945233687757,128,0.890625,0.9688331432915241,5262
"[{'E_1_0'}, {'E_1_0'}, {'E_1_0'}, {'NE_1_1'}, {'NE_1_1'}, {'N_0_1'}, {'N_0_1'}, {'N_0_1'}, {'N_0_1'}, {'N_0_1'}, {'NW_1_1'}, {'N_0_1'}, {'W_1_0'}]",-0.08081200526564825,100,0.9,0.9688331432915241,5262
"[{'E_1_0'}, {'E_1_0'}, {'NE_1_1'}, {'E_1_0'}, {'E_1_0'}, {'NE_1_1'}, {'N_0_1'}, {'N_0_1'}, {'N_0_1'}, {'N_0_1'}, {'W_1_0'}, {'W_1_0'}, {'W_1_0'}]",-0.08134544573829738,329,0.9179331306990881,0.9688331432915241,5262
"[{'N_0_1'}, {'N_0_1'}, {'N_0_1'}, {'N_0_1'}, {'N_0_1'}, {'N_0_1'}, {'N_0_1'}, {'W_1_0'}, {'W_1_0'}, {'W_1_0'}, {'W_1_0'}, {'S_0_1'}, {'W_1_0'}]",-0.08155565986870239,315,0.9174603174603174,0.9688331432915241,5262
"[{'NE_1_1'}, {'E_1_0'}, {'E_1_0'}, {'E_1_0'}, {'E_1_0'}, {'E_1_0'}, {'E_1_0'}, {'SW_1_1'}, {'W_1_0'}, {'W_1_0'}, {'STAY_0_0'}, {'W_1_0'}, {'W_1_0'}]",-0.08192490705978717,245,0.9142857142857143,0.9688331432915241,5262
"[{'N_0_1'}, {'N_0_1'}, {'N_0_1'}, {'E_1_0'}, {'E_1_0'}, {'S_0_1'}, {'S_0_1'}, {'S_0_1'}, {'W_1_0'}, {'W_1_0'}, {'W_1_0'}, {'W_1_0'}, {'W_1_0'}]",-0.08195593809337276,151,0.9072847682119205,0.9688331432915241,5262
"[{'E_1_0'}, {'E_1_0'}, {'E_1_0'}, {'E_1_0'}, {'E_1_0'}, {'E_1_0'}, {'S_0_1'}, {'W_1_0'}, {'SW_1_1'}, {'W_1_0'}, {'N_0_1'}, {'N_0_1'}, {'STAY_0_0'}]",-0.08251793985667355,232,0.9137931034482759,0.9688331432915241,5262
"[{'E_1_0'}, {'NE_1_1'}, {'E_1_0'}, {'E_1_0'}, {'E_1_0'}, {'E_1_0'}, {'E_1_0'}, {'E_1_0'}, {'E_1_0'}, {'E_1_0'}, {'S_0_1'}, {'W_1_0'}, {'N_0_1'}]",-0.08260429135384095,126,0.9047619047619048,0.9688331432915241,5262
"[{'NE_1_1'}, {'NE_1_1'}, {'NE_1_1'}, {'N_0_1'}, {'N_0_1'}, {'N_0_1'}, {'N_0_1'}, {'N_0_1'}, {'NW_1_1'}, {'W_1_0'}, {'W_1_0'}, {'W_1_0'}, {'W_1_0'}]",-0.08260429135384095,126,0.9047619047619048,0.9688331432915241,5262
"[{'NE_1_1'}, {'E_1_0'}, {'N_0_1'}, {'E_1_0'}, {'S_0_1'}, {'S_0_1'}, {'S_0_1'}, {'S_0_1'}, {'SW_1_1'}, {'S_0_1'}, {'S_0_1'}, {'W_1_0'}, {'W_1_0'}]",-0.08292748902543368,139,0.9064748201438849,0.9688331432915241,5262
"[{'E_1_0'}, {'E_1_0'}, {'E_1_0'}, {'N_0_1'}, {'N_0_1'}, {'N_0_1'}, {'N_0_1'}, {'NW_1_1'}, {'N_0_1'}, {'N_0_1'}, {'E_1_0'}, {'E_1_0'}, {'W_1_0'}]",-0.08324728574813878,192,0.9114583333333334,0.9688331432915241,5262
"[{'E_1_0'}, {'E_1_0'}, {'E_1_0'}, {'E_1_0'}, {'NE_1_1'}, {'E_1_0'}, {'E_1_0'}, {'E_1_0'}, {'W_1_0'}, {'W_1_0'}, {'SW_1_1'}, {'W_1_0'}, {'STAY_0_0'}]",-0.08331822535328359,114,0.9035087719298246,0.9688331432915241,5262
"[{'E_1_0'}, {'E_1_0'}, {'N_0_1'}, {'N_0_1'}, {'N_0_1'}, {'N_0_1'}, {'N_0_1'}, {'N_0_1'}, {'N_0_1'}, {'N_0_1'}, {'W_1_0'}, {'N_0_1'}, {'N_0_1'}, {'W_1_0'}]",-0.08348165846681654,141,0.8936170212765957,0.9688331432915241,5262
"[{'NE_1_1'}, {'NE_1_1'}, {'N_0_1'}, {'N_0_1'}, {'N_0_1'}, {'N_0_1'}, {'W_1_0'}, {'W_1_0'}, {'W_1_0'}, {'W_1_0'}, {'W_1_0'}, {'W_1_0'}, {'W_1_0'}]",-0.08364180447924197,290,0.9172413793103448,0.9688331432915241,5262
"[{'E_1_0'}, {'E_1_0'}, {'W_1_0'}, {'S_0_1'}, {'W_1_0'}, {'W_1_0'}, {'W_1_0'}, {'W_1_0'}, {'E_1_0'}, {'E_1_0'}, {'N_0_1'}, {'N_0_1'}, {'N_0_1'}, {'W_1_0'}]",-0.08374480149760744,188,0.898936170212766,0.9688331432915241,5262
"[{'E_1_0'}, {'E_1_0'}, {'E_1_0'}, {'W_1_0'}, {'STAY_0_0'}, {'W_1_0'}, {'W_1_0'}, {'W_1_0'}, {'W_1_0'}, {'W_1_0'}, {'N_0_1'}, {'N_0_1'}, {'N_0_1'}]",-0.08386676911853908,102,0.9019607843137255,0.9688331432915241,5262
"[{'E_1_0'}, {'E_1_0'}, {'N_0_1'}, {'N_0_1'}, {'N_0_1'}, {'N_0_1'}, {'N_0_1'}, {'N_0_1'}, {'W_1_0'}, {'W_1_0'}, {'W_1_0'}, {'W_1_0'}, {'W_1_0'}, {'S_0_1'}]",-0.08389745192129561,392,0.9107142857142857,0.9688331432915241,5262
"[{'NE_1_1'}, {'N_0_1'}, {'E_1_0'}, {'SE_1_1'}, {'S_0_1'}, {'S_0_1'}, {'S_0_1'}, {'S_0_1'}, {'S_0_1'}, {'S_0_1'}, {'S_0_1'}, {'W_1_0'}, {'W_1_0'}]",-0.08405124671319908,153,0.9084967320261438,0.9688331432915241,5262
"[{'N_0_1'}, {'N_0_1'}, {'N_0_1'}, {'N_0_1'}, {'N_0_1'}, {'N_0_1'}, {'N_0_1'}, {'N_0_1'}, {'N_0_1'}, {'N_0_1'}, {'N_0_1'}, {'N_0_1'}, {'S_0_1'}]",-0.08440832960199551,277,0.9169675090252708,0.9688331432915241,5262
"[{'E_1_0'}, {'E_1_0'}, {'E_1_0'}, {'NE_1_1'}, {'E_1_0'}, {'NE_1_1'}, {'NE_1_1'}, {'N_0_1'}, {'N_0_1'}, {'N_0_1'}, {'N_0_1'}, {'N_0_1'}, {'W_1_0'}, {'W_1_0'}]",-0.08464148612040279,165,0.896969696969697,0.9688331432915241,5262
"[{'NE_1_1'}, {'N_0_1'}, {'N_0_1'}, {'N_0_1'}, {'N_0_1'}, {'N_0_1'}, {'N_0_1'}, {'E_1_0'}, {'N_0_1'}, {'N_0_1'}, {'N_0_1'}, {'W_1_0'}, {'S_0_1'}]",-0.0853809394837639,181,0.9116022099447514,0.9688331432915241,5262
"[{'N_0_1'}, {'E_1_0'}, {'NE_1_1'}, {'S_0_1'}, {'S_0_1'}, {'S_0_1'}, {'S_0_1'}, {'SE_1_1'}, {'S_0_1'}, {'S_0_1'}, {'S_0_1'}, {'S_0_1'}, {'W_1_0'}]",-0.08606822286711457,155,0.9096774193548387,0.9688331432915241,5262
"[{'E_1_0'}, {'E_1_0'}, {'E_1_0'}, {'E_1_0'}, {'E_1_0'}, {'E_1_0'}, {'E_1_0'}, {'E_1_0'}, {'W_1_0'}, {'S_0_1'}, {'STAY_0_0'}, {'W_1_0'}, {'W_1_0'}]",-0.08640350968380295,266,0.9172932330827067,0.9688331432915241,5262
"[{'E_1_0'}, {'E_1_0'}, {'E_1_0'}, {'E_1_0'}, {'NE_1_1'}, {'N_0_1'}, {'N_0_1'}, {'W_1_0'}, {'W_1_0'}, {'W_1_0'}, {'W_1_0'}, {'STAY_0_0'}, {'E_1_0'}]",-0.08737111950847098,130,0.9076923076923077,0.9688331432915241,5262
"[{'E_1_0'}, {'E_1_0'}, {'SE_1_1'}, {'S_0_1'}, {'S_0_1'}, {'S_0_1'}, {'S_0_1'}, {'W_1_0'}, {'W_1_0'}, {'W_1_0'}, {'W_1_0'}, {'NE_1_1'}, {'W_1_0'}]",-0.08743251722651779,225,0.9155555555555556,0.9688331432915241,5262
"[{'NE_1_1'}, {'E_1_0'}, {'N_0_1'}, {'N_0_1'}, {'N_0_1'}, {'N_0_1'}, {'N_0_1'}, {'N_0_1'}, {'NE_1_1'}, {'N_0_1'}, {'N_0_1'}, {'N_0_1'}, {'W_1_0'}]",-0.08801052142772292,157,0.910828025477707,0.9688331432915241,5262
"[{'E_1_0'}, {'E_1_0'}, {'E_1_0'}, {'SE_1_1'}, {'S_0_1'}, {'SW_1_1'}, {'W_1_0'}, {'W_1_0'}, {'W_1_0'}, {'STAY_0_0'}, {'E_1_0'}, {'E_1_0'}, {'E_1_0'}]",-0.08810499528231275,198,0.9141414141414141,0.9688331432915241,5262
"[{'N_0_1'}, {'E_1_0'}, {'E_1_0'}, {'E_1_0'}, {'E_1_0'}, {'SE_1_1'}, {'E_1_0'}, {'W_1_0'}, {'W_1_0'}, {'W_1_0'}, {'W_1_0'}, {'E_1_0'}, {'E_1_0'}]",-0.08813905617213291,105,0.9047619047619048,0.9688331432915241,5262
"[{'E_1_0'}, {'E_1_0'}, {'E_1_0'}, {'N_0_1'}, {'E_1_0'}, {'N_0_1'}, {'N_0_1'}, {'N_0_1'}, {'NW_1_1'}, {'NW_1_1'}, {'N_0_1'}, {'N_0_1'}, {'N_0_1'}]",-0.08813905617213291,105,0.9047619047619048,0.9688331432915241,5262
"[{'E_1_0'}, {'E_1_0'}, {'E_1_0'}, {'N_0_1'}, {'N_0_1'}, {'N_0_1'}, {'N_0_1'}, {'NW_1_1'}, {'NW_1_1'}, {'N_0_1'}, {'N_0_1'}, {'N_0_1'}, {'E_1_0'}]",-0.08813905617213291,105,0.9047619047619048,0.9688331432915241,5262
"[{'N_0_1'}, {'N_0_1'}, {'N_0_1'}, {'E_1_0'}, {'E_1_0'}, {'SE_1_1'}, {'S_0_1'}, {'S_0_1'}, {'S_0_1'}, {'S_0_1'}, {'S_0_1'}, {'W_1_0'}, {'W_1_0'}, {'W_1_0'}]",-0.08829743220172603,110,0.8909090909090909,0.9688331432915241,5262
"[{'NE_1_1'}, {'NE_1_1'}, {'E_1_0'}, {'E_1_0'}, {'E_1_0'}, {'S_0_1'}, {'S_0_1'}, {'S_0_1'}, {'W_1_0'}, {'W_1_0'}, {'N_0_1'}, {'N_0_1'}, {'N_0_1'}, {'N_0_1'}]",-0.08832051182010447,156,0.8974358974358975,0.9688331432915241,5262
"[{'E_1_0'}, {'N_0_1'}, {'E_1_0'}, {'N_0_1'}, {'N_0_1'}, {'N_0_1'}, {'NW_1_1'}, {'N_0_1'}, {'N_0_1'}, {'N_0_1'}, {'N_0_1'}, {'N_0_1'}, {'W_1_0'}, {'W_1_0'}]",-0.0884606086418851,180,0.9,0.9688331432915241,5262
"[{'E_1_0'}, {'E_1_0'}, {'E_1_0'}, {'NE_1_1'}, {'E_1_0'}, {'W_1_0'}, {'W_1_0'}, {'W_1_0'}, {'STAY_0_0'}, {'N_0_1'}, {'N_0_1'}, {'N_0_1'}, {'N_0_1'}]",-0.08846494748154865,118,0.9067796610169492,0.9688331432915241,5262
"[{'NE_1_1'}, {'NE_1_1'}, {'E_1_0'}, {'E_1_0'}, {'S_0_1'}, {'S_0_1'}, {'S_0_1'}, {'W_1_0'}, {'N_0_1'}, {'N_0_1'}, {'N_0_1'}, {'N_0_1'}, {'N_0_1'}]",-0.08895475053369029,158,0.9113924050632911,0.9688331432915241,5262
"[{'E_1_0'}, {'E_1_0'}, {'E_1_0'}, {'E_1_0'}, {'S_0_1'}, {'SW_1_1'}, {'W_1_0'}, {'W_1_0'}, {'W_1_0'}, {'W_1_0'}, {'W_1_0'}, {'N_0_1'}, {'N_0_1'}, {'N_0_1'}]",-0.08907196787867377,512,0.916015625,0.9688331432915241,5262
"[{'E_1_0'}, {'E_1_0'}, {'E_1_0'}, {'NE_1_1'}, {'E_1_0'}, {'E_1_0'}, {'NE_1_1'}, {'E_1_0'}, {'E_1_0'}, {'E_1_0'}, {'W_1_0'}, {'W_1_0'}, {'W_1_0'}]",-0.08934131242131471,145,0.9103448275862069,0.9688331432915241,5262
"[{'NE_1_1'}, {'E_1_0'}, {'N_0_1'}, {'E_1_0'}, {'E_1_0'}, {'S_0_1'}, {'S_0_1'}, {'S_0_1'}, {'W_1_0'}, {'W_1_0'}, {'W_1_0'}, {'W_1_0'}, {'W_1_0'}, {'W_1_0'}]",-0.08940327162974238,193,0.9015544041450777,0.9688331432915241,5262
"[{'E_1_0'}, {'E_1_0'}, {'E_1_0'}, {'E_1_0'}, {'E_1_0'}, {'N_0_1'}, {'NE_1_1'}, {'N_0_1'}, {'NW_1_1'}, {'N_0_1'}, {'W_1_0'}, {'W_1_0'}, {'W_1_0'}, {'W_1_0'}]",-0.08962249539910738,181,0.9005524861878453,0.9688331432915241,5262
"[{'E_1_0'}, {'E_1_0'}, {'E_1_0'}, {'E_1_0'}, {'E_1_0'}, {'NE_1_1'}, {'N_0_1'}, {'NW_1_1'}, {'N_0_1'}, {'N_0_1'}, {'E_1_0'}, {'N_0_1'}, {'W_1_0'}]",-0.09037455904558711,201,0.9154228855721394,0.9688331432915241,5262
"[{'E_1_0'}, {'E_1_0'}, {'E_1_0'}, {'W_1_0'}, {'W_1_0'}, {'W_1_0'}, {'W_1_0'}, {'NW_1_1'}, {'N_0_1'}, {'N_0_1'}, {'W_1_0'}, {'W_1_0'}, {'W_1_0'}]",-0.09085373940503172,120,0.9083333333333333,0.9688331432915241,5262
"[{'E_1_0'}, {'NE_1_1'}, {'E_1_0'}, {'E_1_0'}, {'E_1_0'}, {'W_1_0'}, {'W_1_0'}, {'W_1_0'}, {'W_1_0'}, {'W_1_0'}, {'W_1_0'}, {'N_0_1'}, {'W_1_0'}, {'W_1_0'}]",-0.09094288753907254,158,0.8987341772151899,0.9688331432915241,5262
"[{'E_1_0'}, {'E_1_0'}, {'E_1_0'}, {'E_1_0'}, {'E_1_0'}, {'NE_1_1'}, {'E_1_0'}, {'E_1_0'}, {'E_1_0'}, {'E_1_0'}, {'S_0_1'}, {'S_0_1'}, {'W_1_0'}]",-0.09110891335752025,202,0.9158415841584159,0.9688331432915241,5262
"[{'NE_1_1'}, {'N_0_1'}, {'N_0_1'}, {'N_0_1'}, {'N_0_1'}, {'N_0_1'}, {'N_0_1'}, {'N_0_1'}, {'N_0_1'}, {'N_0_1'}, {'W_1_0'}, {'S_0_1'}, {'W_1_0'}, {'S_0_1'}]",-0.09117872895371737,123,0.8943089430894309,0.9688331432915241,5262
"[{'E_1_0'}, {'E_1_0'}, {'E_1_0'}, {'E_1_0'}, {'E_1_0'}, {'E_1_0'}, {'E_1_0'}, {'E_1_0'}, {'N_0_1'}, {'N_0_1'}, {'N_0_1'}, {'N_0_1'}, {'STAY_0_0'}, {'W_1_0'}]",-0.09163462609009598,378,0.9126984126984127,0.9688331432915241,5262
"[{'E_1_0'}, {'E_1_0'}, {'N_0_1'}, {'N_0_1'}, {'N_0_1'}, {'N_0_1'}, {'N_0_1'}, {'N_0_1'}, {'N_0_1'}, {'N_0_1'}, {'N_0_1'}, {'NE_1_1'}, {'W_1_0'}]",-0.09183251976792839,203,0.916256157635468,0.9688331432915241,5262
"[{'E_1_0'}, {'E_1_0'}, {'E_1_0'}, {'E_1_0'}, {'E_1_0'}, {'W_1_0'}, {'W_1_0'}, {'STAY_0_0'}, {'N_0_1'}, {'N_0_1'}, {'N_0_1'}, {'N_0_1'}, {'N_0_1'}, {'W_1_0'}]",-0.09189195242134374,183,0.9016393442622951,0.9688331432915241,5262
"[{'E_1_0'}, {'E_1_0'}, {'E_1_0'}, {'E_1_0'}, {'SE_1_1'}, {'S_0_1'}, {'S_0_1'}, {'S_0_1'}, {'W_1_0'}, {'W_1_0'}, {'W_1_0'}, {'W_1_0'}, {'NE_1_1'}, {'N_0_1'}, {'N_0_1'}]",-0.09189214343686536,301,0.9003322259136213,0.9688331432915241,5262
"[{'E_1_0'}, {'E_1_0'}, {'E_1_0'}, {'E_1_0'}, {'N_0_1'}, {'N_0_1'}, {'N_0_1'}, {'NW_1_1'}, {'N_0_1'}, {'N_0_1'}, {'N_0_1'}, {'N_0_1'}, {'N_0_1'}, {'E_1_0'}]",-0.09212459103109882,171,0.9005847953216374,0.9688331432915241,5262
"[{'NE_1_1'}, {'E_1_0'}, {'E_1_0'}, {'SE_1_1'}, {'S_0_1'}, {'S_0_1'}, {'SW_1_1'}, {'W_1_0'}, {'W_1_0'}, {'N_0_1'}, {'N_0_1'}, {'N_0_1'}, {'NW_1_1'}]",-0.09226672730459473,148,0.9121621621621622,0.9688331432915241,5262
"[{'E_1_0'}, {'N_0_1'}, {'N_0_1'}, {'N_0_1'}, {'N_0_1'}, {'N_0_1'}, {'N_0_1'}, {'N_0_1'}, {'N_0_1'}, {'N_0_1'}, {'N_0_1'}, {'E_1_0'}, {'W_1_0'}]",-0.09266316739644154,190,0.9157894736842105,0.9688331432915241,5262
"[{'NE_1_1'}, {'N_0_1'}, {'E_1_0'}, {'E_1_0'}, {'E_1_0'}, {'S_0_1'}, {'W_1_0'}, {'W_1_0'}, {'W_1_0'}, {'W_1_0'}, {'W_1_0'}, {'W_1_0'}, {'W_1_0'}]",-0.09266316739644154,190,0.9157894736842105,0.9688331432915241,5262
"[{'E_1_0'}, {'E_1_0'}, {'SE_1_1'}, {'S_0_1'}, {'SW_1_1'}, {'S_0_1'}, {'SW_1_1'}, {'W_1_0'}, {'W_1_0'}, {'N_0_1'}, {'N_0_1'}, {'N_0_1'}, {'N_0_1'}]",-0.09272229245932295,233,0.9184549356223176,0.9688331432915241,5262
"[{'E_1_0'}, {'E_1_0'}, {'E_1_0'}, {'E_1_0'}, {'W_1_0'}, {'W_1_0'}, {'W_1_0'}, {'NE_1_1'}, {'N_0_1'}, {'N_0_1'}, {'N_0_1'}, {'W_1_0'}, {'W_1_0'}, {'W_1_0'}]",-0.09299643132517788,260,0.9076923076923077,0.9688331432915241,5262
"[{'E_1_0'}, {'E_1_0'}, {'E_1_0'}, {'E_1_0'}, {'SE_1_1'}, {'S_0_1'}, {'SW_1_1'}, {'W_1_0'}, {'W_1_0'}, {'W_1_0'}, {'W_1_0'}, {'W_1_0'}, {'STAY_0_0'}, {'E_1_0'}]",-0.09299643132517788,260,0.9076923076923077,0.9688331432915241,5262
"[{'NE_1_1'}, {'E_1_0'}, {'E_1_0'}, {'E_1_0'}, {'E_1_0'}, {'E_1_0'}, {'W_1_0'}, {'W_1_0'}, {'W_1_0'}, {'W_1_0'}, {'N_0_1'}, {'N_0_1'}, {'N_0_1'}, {'STAY_0_0'}]",-0.09329977255594057,172,0.9011627906976745,0.9688331432915241,5262
"[{'N_0_1'}, {'N_0_1'}, {'E_1_0'}, {'NE_1_1'}, {'E_1_0'}, {'E_1_0'}, {'SE_1_1'}, {'S_0_1'}, {'W_1_0'}, {'W_1_0'}, {'W_1_0'}, {'W_1_0'}, {'W_1_0'}]",-0.09331479994545822,109,0.908256880733945,0.9688331432915241,5262
"[{'E_1_0'}, {'E_1_0'}, {'E_1_0'}, {'E_1_0'}, {'NE_1_1'}, {'E_1_0'}, {'E_1_0'}, {'E_1_0'}, {'W_1_0'}, {'E_1_0'}, {'W_1_0'}, {'W_1_0'}, {'W_1_0'}]",-0.09342281519886186,163,0.9141104294478528,0.9688331432915241,5262
"[{'E_1_0'}, {'E_1_0'}, {'E_1_0'}, {'E_1_0'}, {'SE_1_1'}, {'S_0_1'}, {'S_0_1'}, {'SW_1_1'}, {'W_1_0'}, {'W_1_0'}, {'W_1_0'}, {'STAY_0_0'}, {'E_1_0'}, {'E_1_0'}, {'W_1_0'}]",-0.09354550117247662,163,0.8895705521472392,0.9688331432915241,5262
"[{'E_1_0'}, {'E_1_0'}, {'SE_1_1'}, {'S_0_1'}, {'S_0_1'}, {'S_0_1'}, {'S_0_1'}, {'S_0_1'}, {'S_0_1'}, {'W_1_0'}, {'S_0_1'}, {'W_1_0'}, {'STAY_0_0'}, {'NE_1_1'}]",-0.09359987079856169,113,0.8938053097345132,0.9688331432915241,5262
"[{'NE_1_1'}, {'E_1_0'}, {'E_1_0'}, {'E_1_0'}, {'N_0_1'}, {'N_0_1'}, {'N_0_1'}, {'E_1_0'}, {'N_0_1'}, {'N_0_1'}, {'N_0_1'}, {'N_0_1'}, {'N_0_1'}]",-0.09412206584935312,150,0.9133333333333333,0.9688331432915241,5262
"[{'E_1_0'}, {'E_1_0'}, {'S_0_1'}, {'S_0_1'}, {'S_0_1'}, {'S_0_1'}, {'SW_1_1'}, {'W_1_0'}, {'SW_1_1'}, {'STAY_0_0'}, {'E_1_0'}, {'W_1_0'}, {'W_1_0'}]",-0.0946232914135936,207,0.9178743961352657,0.9688331432915241,5262
"[{'E_1_0'}, {'NE_1_1'}, {'E_1_0'}, {'N_0_1'}, {'N_0_1'}, {'N_0_1'}, {'N_0_1'}, {'N_0_1'}, {'N_0_1'}, {'W_1_0'}, {'W_1_0'}, {'S_0_1'}, {'W_1_0'}]",-0.0952959899439354,208,0.9182692307692307,0.9688331432915241,5262
"[{'E_1_0'}, {'E_1_0'}, {'E_1_0'}, {'E_1_0'}, {'S_0_1'}, {'S_0_1'}, {'SW_1_1'}, {'W_1_0'}, {'SW_1_1'}, {'W_1_0'}, {'W_1_0'}, {'STAY_0_0'}, {'E_1_0'}, {'E_1_0'}, {'E_1_0'}]",-0.09533357462233694,100,0.88,0.9688331432915241,5262
"[{'E_1_0'}, {'N_0_1'}, {'N_0_1'}, {'N_0_1'}, {'N_0_1'}, {'N_0_1'}, {'N_0_1'}, {'N_0_1'}, {'N_0_1'}, {'N_0_1'}, {'N_0_1'}, {'N_0_1'}, {'W_1_0'}, {'S_0_1'}]",-0.095528622991778,303,0.9108910891089109,0.9688331432915241,5262
"[{'NE_1_1'}, {'E_1_0'}, {'E_1_0'}, {'E_1_0'}, {'E_1_0'}, {'E_1_0'}, {'SE_1_1'}, {'S_0_1'}, {'S_0_1'}, {'S_0_1'}, {'W_1_0'}, {'N_0_1'}, {'W_1_0'}, {'W_1_0'}]",-0.09585544008465074,126,0.8968253968253969,0.9688331432915241,5262
"[{'E_1_0'}, {'E_1_0'}, {'E_1_0'}, {'E_1_0'}, {'E_1_0'}, {'E_1_0'}, {'E_1_0'}, {'W_1_0'}, {'W_1_0'}, {'W_1_0'}, {'W_1_0'}, {'W_1_0'}, {'STAY_0_0'}, {'E_1_0'}, {'W_1_0'}]",-0.09634475682733634,222,0.8963963963963963,0.9688331432915241,5262
"[{'S_0_1'}, {'S_0_1'}, {'S_0_1'}, {'S_0_1'}, {'W_1_0'}, {'W_1_0'}, {'W_1_0'}, {'W_1_0'}, {'STAY_0_0'}, {'E_1_0'}, {'NE_1_1'}, {'N_0_1'}, {'N_0_1'}, {'N_0_1'}, {'W_1_0'}]",-0.09658766485881909,199,0.8944723618090452,0.9688331432915241,5262
"[{'NE_1_1'}, {'E_1_0'}, {'E_1_0'}, {'E_1_0'}, {'E_1_0'}, {'S_0_1'}, {'W_1_0'}, {'W_1_0'}, {'E_1_0'}, {'E_1_0'}, {'N_0_1'}, {'N_0_1'}, {'N_0_1'}, {'N_0_1'}]",-0.09710114747040066,163,0.901840490797546,0.9688331432915241,5262
"[{'E_1_0'}, {'NE_1_1'}, {'E_1_0'}, {'E_1_0'}, {'E_1_0'}, {'S_0_1'}, {'SW_1_1'}, {'W_1_0'}, {'W_1_0'}, {'W_1_0'}, {'W_1_0'}, {'W_1_0'}, {'STAY_0_0'}, {'E_1_0'}]",-0.09736656156443835,151,0.9006622516556292,0.9688331432915241,5262
"[{'E_1_0'}, {'NE_1_1'}, {'E_1_0'}, {'E_1_0'}, {'S_0_1'}, {'S_0_1'}, {'W_1_0'}, {'W_1_0'}, {'W_1_0'}, {'N_0_1'}, {'N_0_1'}, {'N_0_1'}, {'N_0_1'}, {'W_1_0'}]",-0.09781036198032478,176,0.9034090909090909,0.9688331432915241,5262
"[{'E_1_0'}, {'E_1_0'}, {'E_1_0'}, {'S_0_1'}, {'S_0_1'}, {'S_0_1'}, {'W_1_0'}, {'SW_1_1'}, {'E_1_0'}, {'E_1_0'}, {'N_0_1'}, {'N_0_1'}, {'N_0_1'}, {'STAY_0_0'}]",-0.09792159961548452,240,0.9083333333333333,0.9688331432915241,5262
"[{'E_1_0'}, {'E_1_0'}, {'NE_1_1'}, {'E_1_0'}, {'E_1_0'}, {'N_0_1'}, {'N_0_1'}, {'N_0_1'}, {'N_0_1'}, {'N_0_1'}, {'E_1_0'}, {'E_1_0'}, {'E_1_0'}]",-0.09800160630208943,183,0.9180327868852459,0.9688331432915241,5262
"[{'E_1_0'}, {'E_1_0'}, {'E_1_0'}, {'SE_1_1'}, {'S_0_1'}, {'S_0_1'}, {'W_1_0'}, {'W_1_0'}, {'W_1_0'}, {'W_1_0'}, {'W_1_0'}, {'W_1_0'}, {'N_0_1'}, {'N_0_1'}, {'N_0_1'}]",-0.09825526284668107,475,0.9094736842105263,0.9688331432915241,5262
"[{'E_1_0'}, {'E_1_0'}, {'E_1_0'}, {'E_1_0'}, {'E_1_0'}, {'E_1_0'}, {'E_1_0'}, {'W_1_0'}, {'W_1_0'}, {'W_1_0'}, {'W_1_0'}, {'W_1_0'}, {'STAY_0_0'}, {'E_1_0'}]",-0.09831755980056944,376,0.9148936170212766,0.9688331432915241,5262
"[{'NE_1_1'}, {'N_0_1'}, {'E_1_0'}, {'E_1_0'}, {'E_1_0'}, {'E_1_0'}, {'E_1_0'}, {'S_0_1'}, {'S_0_1'}, {'SW_1_1'}, {'S_0_1'}, {'W_1_0'}, {'W_1_0'}]",-0.09836548587488503,127,0.9133858267716536,0.9688331432915241,5262
"[{'NE_1_1'}, {'E_1_0'}, {'E_1_0'}, {'N_0_1'}, {'E_1_0'}, {'S_0_1'}, {'S_0_1'}, {'S_0_1'}, {'S_0_1'}, {'S_0_1'}, {'S_0_1'}, {'S_0_1'}, {'S_0_1'}]",-0.09836548587488503,127,0.9133858267716536,0.9688331432915241,5262
"[{'NE_1_1'}, {'E_1_0'}, {'N_0_1'}, {'E_1_0'}, {'E_1_0'}, {'E_1_0'}, {'W_1_0'}, {'W_1_0'}, {'W_1_0'}, {'W_1_0'}, {'SW_1_1'}, {'W_1_0'}, {'S_0_1'}]",-0.09841152450184376,100,0.91,0.9688331432915241,5262
"[{'E_1_0'}, {'E_1_0'}, {'E_1_0'}, {'NE_1_1'}, {'E_1_0'}, {'E_1_0'}, {'N_0_1'}, {'E_1_0'}, {'N_0_1'}, {'N_0_1'}, {'N_0_1'}, {'W_1_0'}, {'N_0_1'}]",-0.09845427499097825,155,0.9161290322580645,0.9688331432915241,5262
"[{'E_1_0'}, {'E_1_0'}, {'S_0_1'}, {'S_0_1'}, {'W_1_0'}, {'S_0_1'}, {'STAY_0_0'}, {'N_0_1'}, {'E_1_0'}, {'N_0_1'}, {'N_0_1'}, {'N_0_1'}, {'N_0_1'}]",-0.09850156603231275,141,0.9148936170212766,0.9688331432915241,5262
"[{'NE_1_1'}, {'E_1_0'}, {'E_1_0'}, {'E_1_0'}, {'S_0_1'}, {'S_0_1'}, {'SW_1_1'}, {'W_1_0'}, {'W_1_0'}, {'W_1_0'}, {'W_1_0'}, {'N_0_1'}, {'N_0_1'}, {'N_0_1'}]",-0.0986501914102682,335,0.9134328358208955,0.9688331432915241,5262
"[{'E_1_0'}, {'E_1_0'}, {'E_1_0'}, {'E_1_0'}, {'S_0_1'}, {'W_1_0'}, {'W_1_0'}, {'W_1_0'}, {'W_1_0'}, {'W_1_0'}, {'STAY_0_0'}, {'E_1_0'}, {'W_1_0'}, {'W_1_0'}]",-0.09877196058517557,349,0.9140401146131805,0.9688331432915241,5262
"[{'NE_1_1'}, {'E_1_0'}, {'NE_1_1'}, {'N_0_1'}, {'N_0_1'}, {'N_0_1'}, {'N_0_1'}, {'W_1_0'}, {'W_1_0'}, {'W_1_0'}, {'W_1_0'}, {'W_1_0'}, {'W_1_0'}, {'W_1_0'}]",-0.09879220346116879,228,0.9078947368421053,0.9688331432915241,5262
"[{'E_1_0'}, {'E_1_0'}, {'E_1_0'}, {'N_0_1'}, {'N_0_1'}, {'N_0_1'}, {'N_0_1'}, {'N_0_1'}, {'N_0_1'}, {'N_0_1'}, {'N_0_1'}, {'N_0_1'}, {'W_1_0'}, {'S_0_1'}]",-0.09920792055795635,420,0.9166666666666666,0.9688331432915241,5262
"[{'E_1_0'}, {'N_0_1'}, {'E_1_0'}, {'N_0_1'}, {'N_0_1'}, {'N_0_1'}, {'N_0_1'}, {'N_0_1'}, {'NE_1_1'}, {'N_0_1'}, {'W_1_0'}, {'W_1_0'}, {'S_0_1'}]",-0.09934103054508503,128,0.9140625,0.9688331432915241,5262
"[{'NE_1_1'}, {'E_1_0'}, {'NE_1_1'}, {'E_1_0'}, {'SE_1_1'}, {'S_0_1'}, {'S_0_1'}, {'S_0_1'}, {'W_1_0'}, {'W_1_0'}, {'W_1_0'}, {'W_1_0'}, {'W_1_0'}, {'N_0_1'}]",-0.09954073469069935,203,0.9064039408866995,0.9688331432915241,5262
"[{'N_0_1'}, {'N_0_1'}, {'E_1_0'}, {'NE_1_1'}, {'E_1_0'}, {'E_1_0'}, {'E_1_0'}, {'E_1_0'}, {'E_1_0'}, {'S_0_1'}, {'S_0_1'}, {'S_0_1'}, {'S_0_1'}, {'S_0_1'}]",-0.09958157403002943,105,0.8952380952380953,0.9688331432915241,5262
"[{'NE_1_1'}, {'E_1_0'}, {'N_0_1'}, {'N_0_1'}, {'N_0_1'}, {'N_0_1'}, {'N_0_1'}, {'N_0_1'}, {'N_0_1'}, {'N_0_1'}, {'N_0_1'}, {'W_1_0'}, {'SW_1_1'}, {'S_0_1'}]",-0.09958157403002943,105,0.8952380952380953,0.9688331432915241,5262
"[{'E_1_0'}, {'NE_1_1'}, {'E_1_0'}, {'S_0_1'}, {'S_0_1'}, {'SW_1_1'}, {'W_1_0'}, {'W_1_0'}, {'NE_1_1'}, {'NE_1_1'}, {'N_0_1'}, {'N_0_1'}, {'N_0_1'}]",-0.09961517606011738,101,0.9108910891089109,0.9688331432915241,5262
"[{'E_1_0'}, {'E_1_0'}, {'E_1_0'}, {'NE_1_1'}, {'NE_1_1'}, {'N_0_1'}, {'N_0_1'}, {'N_0_1'}, {'N_0_1'}, {'N_0_1'}, {'N_0_1'}, {'N_0_1'}, {'W_1_0'}, {'W_1_0'}]",-0.09991986626651572,296,0.9121621621621622,0.9688331432915241,5262
"[{'E_1_0'}, {'E_1_0'}, {'NE_1_1'}, {'E_1_0'}, {'NE_1_1'}, {'N_0_1'}, {'N_0_1'}, {'N_0_1'}, {'N_0_1'}, {'NW_1_1'}, {'N_0_1'}, {'N_0_1'}, {'N_0_1'}]",-0.10078436998976548,102,0.9117647058823529,0.9688331432915241,5262
"[{'E_1_0'}, {'E_1_0'}, {'NE_1_1'}, {'N_0_1'}, {'N_0_1'}, {'N_0_1'}, {'NW_1_1'}, {'N_0_1'}, {'N_0_1'}, {'N_0_1'}, {'E_1_0'}, {'E_1_0'}, {'E_1_0'}]",-0.10110976228916391,144,0.9166666666666666,0.9688331432915241,5262
"[{'E_1_0'}, {'E_1_0'}, {'E_1_0'}, {'E_1_0'}, {'E_1_0'}, {'N_0_1'}, {'N_0_1'}, {'N_0_1'}, {'N_0_1'}, {'N_0_1'}, {'N_0_1'}, {'NW_1_1'}, {'W_1_0'}, {'W_1_0'}, {'S_0_1'}]",-0.10128172447557393,312,0.9038461538461539,0.9688331432915241,5262
"[{'E_1_0'}, {'NE_1_1'}, {'E_1_0'}, {'NE_1_1'}, {'E_1_0'}, {'N_0_1'}, {'N_0_1'}, {'N_0_1'}, {'N_0_1'}, {'N_0_1'}, {'N_0_1'}, {'N_0_1'}, {'W_1_0'}, {'W_1_0'}]",-0.10160272287081606,118,0.8983050847457628,0.9688331432915241,5262
"[{'E_1_0'}, {'E_1_0'}, {'E_1_0'}, {'N_0_1'}, {'E_1_0'}, {'N_0_1'}, {'N_0_1'}, {'N_0_1'}, {'NW_1_1'}, {'N_0_1'}, {'N_0_1'}, {'N_0_1'}, {'N_0_1'}, {'N_0_1'}, {'W_1_0'}]",-0.10177306787716822,180,0.8944444444444445,0.9688331432915241,5262
"[{'E_1_0'}, {'E_1_0'}, {'NE_1_1'}, {'N_0_1'}, {'N_0_1'}, {'N_0_1'}, {'N_0_1'}, {'NW_1_1'}, {'N_0_1'}, {'N_0_1'}, {'E_1_0'}, {'E_1_0'}, {'E_1_0'}]",-0.10194359786663743,145,0.9172413793103448,0.9688331432915241,5262
"[{'E_1_0'}, {'E_1_0'}, {'E_1_0'}, {'E_1_0'}, {'NE_1_1'}, {'E_1_0'}, {'E_1_0'}, {'E_1_0'}, {'W_1_0'}, {'W_1_0'}, {'E_1_0'}, {'E_1_0'}, {'E_1_0'}]",-0.10276040048805046,146,0.9178082191780822,0.9688331432915241,5262
"[{'E_1_0'}, {'E_1_0'}, {'E_1_0'}, {'E_1_0'}, {'E_1_0'}, {'E_1_0'}, {'E_1_0'}, {'E_1_0'}, {'W_1_0'}, {'SW_1_1'}, {'W_1_0'}, {'W_1_0'}, {'STAY_0_0'}, {'E_1_0'}]",-0.1030494468070251,181,0.9060773480662984,0.9688331432915241,5262
"[{'E_1_0'}, {'E_1_0'}, {'NE_1_1'}, {'E_1_0'}, {'N_0_1'}, {'N_0_1'}, {'N_0_1'}, {'N_0_1'}, {'N_0_1'}, {'N_0_1'}, {'E_1_0'}, {'W_1_0'}, {'W_1_0'}, {'W_1_0'}]",-0.1031121026976165,220,0.9090909090909091,0.9688331432915241,5262
"[{'E_1_0'}, {'E_1_0'}, {'E_1_0'}, {'S_0_1'}, {'SW_1_1'}, {'W_1_0'}, {'W_1_0'}, {'SW_1_1'}, {'W_1_0'}, {'W_1_0'}, {'N_0_1'}, {'N_0_1'}, {'N_0_1'}, {'N_0_1'}, {'N_0_1'}]",-0.10378083460250309,170,0.8941176470588236,0.9688331432915241,5262
"[{'E_1_0'}, {'E_1_0'}, {'E_1_0'}, {'W_1_0'}, {'W_1_0'}, {'S_0_1'}, {'W_1_0'}, {'W_1_0'}, {'W_1_0'}, {'W_1_0'}, {'STAY_0_0'}, {'N_0_1'}, {'N_0_1'}, {'N_0_1'}]",-0.10381083483445508,169,0.9053254437869822,0.9688331432915241,5262
"[{'NE_1_1'}, {'E_1_0'}, {'N_0_1'}, {'E_1_0'}, {'E_1_0'}, {'E_1_0'}, {'W_1_0'}, {'W_1_0'}, {'W_1_0'}, {'W_1_0'}, {'W_1_0'}, {'S_0_1'}, {'S_0_1'}]",-0.10389641834442065,133,0.9172932330827067,0.9688331432915241,5262
"[{'E_1_0'}, {'E_1_0'}, {'E_1_0'}, {'E_1_0'}, {'W_1_0'}, {'W_1_0'}, {'W_1_0'}, {'STAY_0_0'}, {'N_0_1'}, {'N_0_1'}, {'N_0_1'}, {'N_0_1'}, {'W_1_0'}, {'W_1_0'}, {'W_1_0'}]",-0.10439051830405921,182,0.8956043956043956,0.9688331432915241,5262
"[{'E_1_0'}, {'E_1_0'}, {'E_1_0'}, {'E_1_0'}, {'N_0_1'}, {'N_0_1'}, {'N_0_1'}, {'N_0_1'}, {'NW_1_1'}, {'N_0_1'}, {'N_0_1'}, {'N_0_1'}, {'E_1_0'}, {'W_1_0'}, {'S_0_1'}]",-0.10440771200988963,104,0.8846153846153846,0.9688331432915241,5262
"[{'E_1_0'}, {'E_1_0'}, {'E_1_0'}, {'N_0_1'}, {'E_1_0'}, {'E_1_0'}, {'N_0_1'}, {'N_0_1'}, {'N_0_1'}, {'N_0_1'}, {'N_0_1'}, {'N_0_1'}, {'N_0_1'}, {'W_1_0'}]",-0.10444480824760305,303,0.9141914191419142,0.9688331432915241,5262
"[{'E_1_0'}, {'E_1_0'}, {'NE_1_1'}, {'E_1_0'}, {'E_1_0'}, {'E_1_0'}, {'E_1_0'}, {'N_0_1'}, {'N_0_1'}, {'N_0_1'}, {'W_1_0'}, {'W_1_0'}, {'W_1_0'}, {'W_1_0'}]",-0.10446049901835908,345,0.9159420289855073,0.9688331432915241,5262
"[{'E_1_0'}, {'NE_1_1'}, {'E_1_0'}, {'N_0_1'}, {'N_0_1'}, {'N_0_1'}, {'N_0_1'}, {'N_0_1'}, {'N_0_1'}, {'NW_1_1'}, {'W_1_0'}, {'W_1_0'}, {'S_0_1'}, {'W_1_0'}]",-0.10454113260834386,120,0.9,0.9688331432915241,5262
"[{'NE_1_1'}, {'E_1_0'}, {'E_1_0'}, {'N_0_1'}, {'E_1_0'}, {'N_0_1'}, {'N_0_1'}, {'N_0_1'}, {'N_0_1'}, {'N_0_1'}, {'W_1_0'}, {'W_1_0'}, {'W_1_0'}, {'W_1_0'}, {'W_1_0'}]",-0.10509417281702249,218,0.8990825688073395,0.9688331432915241,5262
"[{'E_1_0'}, {'E_1_0'}, {'E_1_0'}, {'N_0_1'}, {'E_1_0'}, {'E_1_0'}, {'S_0_1'}, {'S_0_1'}, {'S_0_1'}, {'S_0_1'}, {'SW_1_1'}, {'SW_1_1'}, {'W_1_0'}, {'W_1_0'}]",-0.1051231760347473,145,0.903448275862069,0.9688331432915241,5262
"[{'E_1_0'}, {'NE_1_1'}, {'NE_1_1'}, {'E_1_0'}, {'E_1_0'}, {'N_0_1'}, {'N_0_1'}, {'N_0_1'}, {'N_0_1'}, {'N_0_1'}, {'N_0_1'}, {'N_0_1'}, {'W_1_0'}]",-0.10514034041165643,106,0.9150943396226415,0.9688331432915241,5262
"[{'E_1_0'}, {'E_1_0'}, {'E_1_0'}, {'N_0_1'}, {'N_0_1'}, {'N_0_1'}, {'NW_1_1'}, {'W_1_0'}, {'W_1_0'}, {'W_1_0'}, {'W_1_0'}, {'N_0_1'}, {'N_0_1'}]",-0.10594370518034824,121,0.9173553719008265,0.9688331432915241,5262
"[{'E_1_0'}, {'E_1_0'}, {'E_1_0'}, {'NE_1_1'}, {'E_1_0'}, {'W_1_0'}, {'W_1_0'}, {'SW_1_1'}, {'STAY_0_0'}, {'E_1_0'}, {'W_1_0'}, {'W_1_0'}, {'W_1_0'}, {'W_1_0'}, {'W_1_0'}]",-0.1065270522762789,105,0.8857142857142857,0.9688331432915241,5262
"[{'NE_1_1'}, {'E_1_0'}, {'N_0_1'}, {'E_1_0'}, {'E_1_0'}, {'E_1_0'}, {'E_1_0'}, {'N_0_1'}, {'W_1_0'}, {'W_1_0'}, {'W_1_0'}, {'W_1_0'}, {'W_1_0'}, {'W_1_0'}, {'W_1_0'}]",-0.1065270522762789,105,0.8857142857142857,0.9688331432915241,5262
"[{'E_1_0'}, {'E_1_0'}, {'E_1_0'}, {'E_1_0'}, {'N_0_1'}, {'N_0_1'}, {'N_0_1'}, {'N_0_1'}, {'N_0_1'}, {'N_0_1'}, {'E_1_0'}, {'E_1_0'}, {'S_0_1'}, {'W_1_0'}, {'W_1_0'}]",-0.10694079663748912,116,0.8879310344827587,0.9688331432915241,5262
"[{'E_1_0'}, {'E_1_0'}, {'E_1_0'}, {'N_0_1'}, {'E_1_0'}, {'E_1_0'}, {'W_1_0'}, {'W_1_0'}, {'W_1_0'}, {'W_1_0'}, {'W_1_0'}, {'W_1_0'}, {'N_0_1'}, {'N_0_1'}, {'N_0_1'}]",-0.10694079663748912,116,0.8879310344827587,0.9688331432915241,5262
"[{'E_1_0'}, {'E_1_0'}, {'E_1_0'}, {'E_1_0'}, {'E_1_0'}, {'E_1_0'}, {'S_0_1'}, {'S_0_1'}, {'W_1_0'}, {'W_1_0'}, {'W_1_0'}, {'N_0_1'}, {'W_1_0'}, {'W_1_0'}, {'W_1_0'}]",-0.10724065347013667,220,0.9,0.9688331432915241,5262
"[{'NE_1_1'}, {'N_0_1'}, {'N_0_1'}, {'N_0_1'}, {'N_0_1'}, {'N_0_1'}, {'N_0_1'}, {'N_0_1'}, {'N_0_1'}, {'N_0_1'}, {'N_0_1'}, {'NW_1_1'}, {'W_1_0'}, {'S_0_1'}]",-0.10758722843160662,110,0.9,0.9688331432915241,5262
"[{'E_1_0'}, {'NE_1_1'}, {'E_1_0'}, {'N_0_1'}, {'N_0_1'}, {'N_0_1'}, {'N_0_1'}, {'N_0_1'}, {'W_1_0'}, {'E_1_0'}, {'W_1_0'}, {'W_1_0'}, {'W_1_0'}, {'W_1_0'}]",-0.10758722843160662,110,0.9,0.9688331432915241,5262
"[{'E_1_0'}, {'E_1_0'}, {'E_1_0'}, {'E_1_0'}, {'SE_1_1'}, {'S_0_1'}, {'W_1_0'}, {'W_1_0'}, {'W_1_0'}, {'W_1_0'}, {'W_1_0'}, {'W_1_0'}, {'N_0_1'}, {'N_0_1'}, {'N_0_1'}]",-0.10770712169163033,425,0.9105882352941177,0.9688331432915241,5262
"[{'E_1_0'}, {'E_1_0'}, {'E_1_0'}, {'E_1_0'}, {'E_1_0'}, {'N_0_1'}, {'N_0_1'}, {'N_0_1'}, {'E_1_0'}, {'N_0_1'}, {'N_0_1'}, {'N_0_1'}, {'S_0_1'}, {'S_0_1'}]",-0.10779462288793873,160,0.90625,0.9688331432915241,5262
"[{'E_1_0'}, {'E_1_0'}, {'E_1_0'}, {'E_1_0'}, {'E_1_0'}, {'E_1_0'}, {'E_1_0'}, {'N_0_1'}, {'N_0_1'}, {'N_0_1'}, {'N_0_1'}, {'NW_1_1'}, {'W_1_0'}, {'S_0_1'}]",-0.10799958494488116,323,0.9164086687306502,0.9688331432915241,5262
"[{'E_1_0'}, {'E_1_0'}, {'N_0_1'}, {'N_0_1'}, {'N_0_1'}, {'N_0_1'}, {'N_0_1'}, {'N_0_1'}, {'N_0_1'}, {'W_1_0'}, {'W_1_0'}, {'W_1_0'}, {'W_1_0'}, {'W_1_0'}, {'S_0_1'}]",-0.10840246386205266,347,0.9077809798270894,0.9688331432915241,5262
"[{'NE_1_1'}, {'E_1_0'}, {'E_1_0'}, {'S_0_1'}, {'S_0_1'}, {'W_1_0'}, {'W_1_0'}, {'SW_1_1'}, {'W_1_0'}, {'W_1_0'}, {'N_0_1'}, {'N_0_1'}, {'N_0_1'}, {'N_0_1'}]",-0.10860992180089735,200,0.91,0.9688331432915241,5262
"[{'E_1_0'}, {'NE_1_1'}, {'NE_1_1'}, {'E_1_0'}, {'NE_1_1'}, {'N_0_1'}, {'N_0_1'}, {'N_0_1'}, {'N_0_1'}, {'N_0_1'}, {'W_1_0'}, {'W_1_0'}, {'W_1_0'}, {'W_1_0'}]",-0.1086949120659606,123,0.9024390243902439,0.9688331432915241,5262
"[{'E_1_0'}, {'E_1_0'}, {'S_0_1'}, {'S_0_1'}, {'W_1_0'}, {'STAY_0_0'}, {'E_1_0'}, {'N_0_1'}, {'N_0_1'}, {'N_0_1'}, {'N_0_1'}, {'N_0_1'}, {'W_1_0'}, {'W_1_0'}]",-0.1088504802020065,161,0.906832298136646,0.9688331432915241,5262
"[{'E_1_0'}, {'NE_1_1'}, {'N_0_1'}, {'N_0_1'}, {'N_0_1'}, {'N_0_1'}, {'N_0_1'}, {'N_0_1'}, {'N_0_1'}, {'N_0_1'}, {'N_0_1'}, {'N_0_1'}, {'N_0_1'}, {'W_1_0'}]",-0.10936821463396651,283,0.9151943462897526,0.9688331432915241,5262
"[{'E_1_0'}, {'E_1_0'}, {'E_1_0'}, {'E_1_0'}, {'E_1_0'}, {'N_0_1'}, {'N_0_1'}, {'N_0_1'}, {'N_0_1'}, {'N_0_1'}, {'N_0_1'}, {'N_0_1'}, {'N_0_1'}, {'N_0_1'}, {'S_0_1'}]",-0.10978168067890892,349,0.9083094555873925,0.9688331432915241,5262
"[{'E_1_0'}, {'E_1_0'}, {'NE_1_1'}, {'E_1_0'}, {'E_1_0'}, {'W_1_0'}, {'W_1_0'}, {'SW_1_1'}, {'STAY_0_0'}, {'E_1_0'}, {'W_1_0'}, {'W_1_0'}, {'W_1_0'}, {'W_1_0'}, {'W_1_0'}]",-0.11041656226592256,129,0.8914728682170543,0.9688331432915241,5262
"[{'NE_1_1'}, {'NE_1_1'}, {'E_1_0'}, {'E_1_0'}, {'S_0_1'}, {'S_0_1'}, {'S_0_1'}, {'S_0_1'}, {'W_1_0'}, {'W_1_0'}, {'W_1_0'}, {'N_0_1'}, {'N_0_1'}, {'N_0_1'}, {'STAY_0_0'}]",-0.11065504230315559,118,0.8898305084745762,0.9688331432915241,5262
"[{'E_1_0'}, {'E_1_0'}, {'E_1_0'}, {'NE_1_1'}, {'E_1_0'}, {'NE_1_1'}, {'NE_1_1'}, {'N_0_1'}, {'N_0_1'}, {'N_0_1'}, {'N_0_1'}, {'N_0_1'}, {'W_1_0'}, {'W_1_0'}, {'W_1_0'}]",-0.11080756753176835,152,0.8947368421052632,0.9688331432915241,5262
"[{'E_1_0'}, {'E_1_0'}, {'E_1_0'}, {'E_1_0'}, {'NE_1_1'}, {'E_1_0'}, {'N_0_1'}, {'N_0_1'}, {'N_0_1'}, {'N_0_1'}, {'N_0_1'}, {'N_0_1'}, {'W_1_0'}, {'S_0_1'}]",-0.11228549697471202,218,0.9128440366972477,0.9688331432915241,5262
"[{'E_1_0'}, {'E_1_0'}, {'E_1_0'}, {'E_1_0'}, {'E_1_0'}, {'NE_1_1'}, {'N_0_1'}, {'N_0_1'}, {'N_0_1'}, {'N_0_1'}, {'N_0_1'}, {'N_0_1'}, {'N_0_1'}, {'N_0_1'}, {'E_1_0'}]",-0.11250030946587075,250,0.904,0.9688331432915241,5262
"[{'E_1_0'}, {'E_1_0'}, {'NE_1_1'}, {'E_1_0'}, {'N_0_1'}, {'N_0_1'}, {'N_0_1'}, {'N_0_1'}, {'N_0_1'}, {'NW_1_1'}, {'W_1_0'}, {'W_1_0'}, {'W_1_0'}, {'S_0_1'}]",-0.11277464909331036,205,0.9121951219512195,0.9688331432915241,5262
"[{'E_1_0'}, {'E_1_0'}, {'N_0_1'}, {'E_1_0'}, {'N_0_1'}, {'N_0_1'}, {'N_0_1'}, {'N_0_1'}, {'N_0_1'}, {'N_0_1'}, {'N_0_1'}, {'N_0_1'}, {'N_0_1'}, {'W_1_0'}, {'S_0_1'}]",-0.11289052998604432,177,0.8983050847457628,0.9688331432915241,5262
"[{'NE_1_1'}, {'E_1_0'}, {'N_0_1'}, {'E_1_0'}, {'E_1_0'}, {'E_1_0'}, {'E_1_0'}, {'E_1_0'}, {'E_1_0'}, {'W_1_0'}, {'W_1_0'}, {'W_1_0'}, {'W_1_0'}, {'W_1_0'}, {'W_1_0'}]",-0.11302471045829154,142,0.8943661971830986,0.9688331432915241,5262
"[{'E_1_0'}, {'E_1_0'}, {'E_1_0'}, {'E_1_0'}, {'SE_1_1'}, {'S_0_1'}, {'W_1_0'}, {'S_0_1'}, {'W_1_0'}, {'W_1_0'}, {'W_1_0'}, {'W_1_0'}, {'N_0_1'}, {'N_0_1'}, {'N_0_1'}]",-0.11326166571554208,341,0.9090909090909091,0.9688331432915241,5262
"[{'E_1_0'}, {'E_1_0'}, {'E_1_0'}, {'E_1_0'}, {'E_1_0'}, {'E_1_0'}, {'N_0_1'}, {'NE_1_1'}, {'NW_1_1'}, {'N_0_1'}, {'NW_1_1'}, {'W_1_0'}, {'W_1_0'}, {'W_1_0'}]",-0.11382999249598247,102,0.9019607843137255,0.9688331432915241,5262
"[{'E_1_0'}, {'NE_1_1'}, {'N_0_1'}, {'E_1_0'}, {'N_0_1'}, {'N_0_1'}, {'N_0_1'}, {'N_0_1'}, {'N_0_1'}, {'N_0_1'}, {'N_0_1'}, {'N_0_1'}, {'W_1_0'}, {'W_1_0'}]",-0.11385512003120346,166,0.9096385542168675,0.9688331432915241,5262
"[{'E_1_0'}, {'E_1_0'}, {'E_1_0'}, {'E_1_0'}, {'N_0_1'}, {'E_1_0'}, {'N_0_1'}, {'N_0_1'}, {'N_0_1'}, {'N_0_1'}, {'N_0_1'}, {'N_0_1'}, {'NE_1_1'}, {'E_1_0'}]",-0.11385512003120346,166,0.9096385542168675,0.9688331432915241,5262
"[{'E_1_0'}, {'E_1_0'}, {'E_1_0'}, {'SE_1_1'}, {'W_1_0'}, {'W_1_0'}, {'S_0_1'}, {'W_1_0'}, {'W_1_0'}, {'W_1_0'}, {'N_0_1'}, {'N_0_1'}, {'N_0_1'}, {'N_0_1'}]",-0.1138775654113211,262,0.916030534351145,0.9688331432915241,5262
"[{'E_1_0'}, {'NE_1_1'}, {'N_0_1'}, {'N_0_1'}, {'N_0_1'}, {'N_0_1'}, {'NW_1_1'}, {'N_0_1'}, {'N_0_1'}, {'N_0_1'}, {'N_0_1'}, {'N_0_1'}, {'N_0_1'}, {'W_1_0'}]",-0.11401447009064247,153,0.9084967320261438,0.9688331432915241,5262
"[{'E_1_0'}, {'E_1_0'}, {'E_1_0'}, {'N_0_1'}, {'N_0_1'}, {'N_0_1'}, {'N_0_1'}, {'N_0_1'}, {'N_0_1'}, {'NW_1_1'}, {'W_1_0'}, {'W_1_0'}, {'W_1_0'}, {'W_1_0'}, {'S_0_1'}]",-0.1140628363473637,290,0.906896551724138,0.9688331432915241,5262
"[{'E_1_0'}, {'E_1_0'}, {'E_1_0'}, {'SE_1_1'}, {'S_0_1'}, {'S_0_1'}, {'S_0_1'}, {'S_0_1'}, {'W_1_0'}, {'W_1_0'}, {'W_1_0'}, {'W_1_0'}, {'N_0_1'}, {'N_0_1'}, {'N_0_1'}]",-0.11473672511272226,535,0.9158878504672897,0.9688331432915241,5262
"[{'E_1_0'}, {'E_1_0'}, {'E_1_0'}, {'E_1_0'}, {'E_1_0'}, {'E_1_0'}, {'W_1_0'}, {'W_1_0'}, {'W_1_0'}, {'W_1_0'}, {'SW_1_1'}, {'W_1_0'}, {'W_1_0'}, {'E_1_0'}]",-0.11487904319631337,194,0.9123711340206185,0.9688331432915241,5262
"[{'S_0_1'}, {'S_0_1'}, {'W_1_0'}, {'W_1_0'}, {'W_1_0'}, {'STAY_0_0'}, {'E_1_0'}, {'E_1_0'}, {'E_1_0'}, {'E_1_0'}, {'E_1_0'}, {'N_0_1'}, {'N_0_1'}, {'N_0_1'}]",-0.115004890613424,128,0.90625,0.9688331432915241,5262
"[{'E_1_0'}, {'E_1_0'}, {'NE_1_1'}, {'E_1_0'}, {'E_1_0'}, {'E_1_0'}, {'N_0_1'}, {'E_1_0'}, {'N_0_1'}, {'N_0_1'}, {'N_0_1'}, {'N_0_1'}, {'W_1_0'}, {'W_1_0'}]",-0.11513622873514162,264,0.9166666666666666,0.9688331432915241,5262
"[{'E_1_0'}, {'E_1_0'}, {'E_1_0'}, {'E_1_0'}, {'E_1_0'}, {'E_1_0'}, {'E_1_0'}, {'E_1_0'}, {'E_1_0'}, {'E_1_0'}, {'W_1_0'}, {'W_1_0'}, {'SW_1_1'}, {'E_1_0'}]",-0.11665243236139089,169,0.9112426035502958,0.9688331432915241,5262
"[{'E_1_0'}, {'E_1_0'}, {'E_1_0'}, {'E_1_0'}, {'E_1_0'}, {'E_1_0'}, {'SW_1_1'}, {'W_1_0'}, {'W_1_0'}, {'W_1_0'}, {'STAY_0_0'}, {'E_1_0'}, {'E_1_0'}, {'E_1_0'}]",-0.11788884511813413,184,0.9130434782608695,0.9688331432915241,5262
"[{'NE_1_1'}, {'E_1_0'}, {'E_1_0'}, {'E_1_0'}, {'E_1_0'}, {'S_0_1'}, {'S_0_1'}, {'E_1_0'}, {'S_0_1'}, {'S_0_1'}, {'S_0_1'}, {'S_0_1'}, {'S_0_1'}, {'STAY_0_0'}]",-0.1181022795495763,105,0.9047619047619048,0.9688331432915241,5262
"[{'E_1_0'}, {'E_1_0'}, {'E_1_0'}, {'E_1_0'}, {'E_1_0'}, {'E_1_0'}, {'E_1_0'}, {'E_1_0'}, {'N_0_1'}, {'N_0_1'}, {'N_0_1'}, {'NE_1_1'}, {'E_1_0'}, {'E_1_0'}, {'W_1_0'}]",-0.11920745255396081,123,0.8943089430894309,0.9688331432915241,5262
"[{'E_1_0'}, {'N_0_1'}, {'N_0_1'}, {'N_0_1'}, {'N_0_1'}, {'N_0_1'}, {'N_0_1'}, {'N_0_1'}, {'N_0_1'}, {'N_0_1'}, {'N_0_1'}, {'N_0_1'}, {'N_0_1'}, {'W_1_0'}, {'S_0_1'}]",-0.11961320471099657,220,0.9045454545454545,0.9688331432915241,5262
"[{'E_1_0'}, {'E_1_0'}, {'NE_1_1'}, {'E_1_0'}, {'E_1_0'}, {'E_1_0'}, {'E_1_0'}, {'E_1_0'}, {'N_0_1'}, {'N_0_1'}, {'N_0_1'}, {'N_0_1'}, {'N_0_1'}, {'N_0_1'}, {'W_1_0'}]",-0.12016303536063289,147,0.8979591836734694,0.9688331432915241,5262
"[{'E_1_0'}, {'E_1_0'}, {'E_1_0'}, {'E_1_0'}, {'E_1_0'}, {'E_1_0'}, {'E_1_0'}, {'E_1_0'}, {'NW_1_1'}, {'N_0_1'}, {'N_0_1'}, {'N_0_1'}, {'N_0_1'}, {'E_1_0'}]",-0.12026267969879068,215,0.9162790697674419,0.9688331432915241,5262
"[{'E_1_0'}, {'E_1_0'}, {'E_1_0'}, {'SE_1_1'}, {'S_0_1'}, {'S_0_1'}, {'SW_1_1'}, {'S_0_1'}, {'W_1_0'}, {'W_1_0'}, {'SW_1_1'}, {'E_1_0'}, {'E_1_0'}, {'E_1_0'}]",-0.12029930201563244,146,0.910958904109589,0.9688331432915241,5262
"[{'E_1_0'}, {'E_1_0'}, {'E_1_0'}, {'E_1_0'}, {'W_1_0'}, {'W_1_0'}, {'N_0_1'}, {'N_0_1'}, {'N_0_1'}, {'N_0_1'}, {'N_0_1'}, {'STAY_0_0'}, {'W_1_0'}, {'W_1_0'}]",-0.12029930201563244,146,0.910958904109589,0.9688331432915241,5262
"[{'E_1_0'}, {'E_1_0'}, {'E_1_0'}, {'E_1_0'}, {'E_1_0'}, {'N_0_1'}, {'N_0_1'}, {'E_1_0'}, {'NE_1_1'}, {'N_0_1'}, {'N_0_1'}, {'S_0_1'}, {'W_1_0'}, {'W_1_0'}]",-0.12076028839396558,107,0.9065420560747663,0.9688331432915241,5262
"[{'E_1_0'}, {'E_1_0'}, {'E_1_0'}, {'E_1_0'}, {'E_1_0'}, {'E_1_0'}, {'NE_1_1'}, {'W_1_0'}, {'W_1_0'}, {'W_1_0'}, {'W_1_0'}, {'E_1_0'}, {'E_1_0'}, {'E_1_0'}]",-0.12081696278247511,120,0.9083333333333333,0.9688331432915241,5262
"[{'NE_1_1'}, {'E_1_0'}, {'E_1_0'}, {'E_1_0'}, {'E_1_0'}, {'E_1_0'}, {'E_1_0'}, {'N_0_1'}, {'E_1_0'}, {'N_0_1'}, {'N_0_1'}, {'N_0_1'}, {'N_0_1'}, {'N_0_1'}]",-0.12127427645723321,147,0.9115646258503401,0.9688331432915241,5262
"[{'E_1_0'}, {'E_1_0'}, {'E_1_0'}, {'E_1_0'}, {'N_0_1'}, {'N_0_1'}, {'N_0_1'}, {'N_0_1'}, {'NW_1_1'}, {'W_1_0'}, {'W_1_0'}, {'E_1_0'}, {'E_1_0'}, {'E_1_0'}]",-0.12127427645723321,147,0.9115646258503401,0.9688331432915241,5262
"[{'NE_1_1'}, {'E_1_0'}, {'E_1_0'}, {'NE_1_1'}, {'E_1_0'}, {'S_0_1'}, {'S_0_1'}, {'S_0_1'}, {'S_0_1'}, {'W_1_0'}, {'W_1_0'}, {'W_1_0'}, {'W_1_0'}, {'N_0_1'}, {'N_0_1'}]",-0.12130055923429617,136,0.8970588235294118,0.9688331432915241,5262
"[{'E_1_0'}, {'NE_1_1'}, {'E_1_0'}, {'E_1_0'}, {'E_1_0'}, {'E_1_0'}, {'S_0_1'}, {'S_0_1'}, {'S_0_1'}, {'W_1_0'}, {'W_1_0'}, {'SW_1_1'}, {'W_1_0'}, {'STAY_0_0'}, {'W_1_0'}]",-0.12150101312608053,160,0.9,0.9688331432915241,5262
"[{'NE_1_1'}, {'E_1_0'}, {'N_0_1'}, {'N_0_1'}, {'N_0_1'}, {'N_0_1'}, {'N_0_1'}, {'N_0_1'}, {'N_0_1'}, {'N_0_1'}, {'N_0_1'}, {'N_0_1'}, {'N_0_1'}, {'N_0_1'}, {'W_1_0'}]",-0.12162859439880513,113,0.8938053097345132,0.9688331432915241,5262
"[{'E_1_0'}, {'NE_1_1'}, {'NE_1_1'}, {'N_0_1'}, {'N_0_1'}, {'N_0_1'}, {'N_0_1'}, {'N_0_1'}, {'W_1_0'}, {'W_1_0'}, {'SW_1_1'}, {'W_1_0'}, {'W_1_0'}, {'W_1_0'}]",-0.12203609472255694,108,0.9074074074074074,0.9688331432915241,5262
"[{'NE_1_1'}, {'E_1_0'}, {'NE_1_1'}, {'N_0_1'}, {'N_0_1'}, {'N_0_1'}, {'E_1_0'}, {'N_0_1'}, {'N_0_1'}, {'N_0_1'}, {'W_1_0'}, {'W_1_0'}, {'W_1_0'}, {'W_1_0'}]",-0.12222995068203812,148,0.9121621621621622,0.9688331432915241,5262
"[{'E_1_0'}, {'SE_1_1'}, {'S_0_1'}, {'S_0_1'}, {'S_0_1'}, {'S_0_1'}, {'W_1_0'}, {'W_1_0'}, {'STAY_0_0'}, {'N_0_1'}, {'E_1_0'}, {'N_0_1'}, {'N_0_1'}, {'N_0_1'}, {'N_0_1'}]",-0.12226469491940439,102,0.8921568627450981,0.9688331432915241,5262
"[{'E_1_0'}, {'E_1_0'}, {'E_1_0'}, {'NE_1_1'}, {'E_1_0'}, {'N_0_1'}, {'N_0_1'}, {'N_0_1'}, {'N_0_1'}, {'N_0_1'}, {'N_0_1'}, {'N_0_1'}, {'N_0_1'}, {'N_0_1'}, {'E_1_0'}]",-0.12236058345968015,125,0.896,0.9688331432915241,5262
"[{'E_1_0'}, {'E_1_0'}, {'E_1_0'}, {'N_0_1'}, {'E_1_0'}, {'N_0_1'}, {'N_0_1'}, {'N_0_1'}, {'N_0_1'}, {'NW_1_1'}, {'N_0_1'}, {'N_0_1'}, {'N_0_1'}, {'N_0_1'}]",-0.12268551583676635,233,0.9184549356223176,0.9688331432915241,5262
"[{'E_1_0'}, {'NE_1_1'}, {'E_1_0'}, {'E_1_0'}, {'NE_1_1'}, {'E_1_0'}, {'E_1_0'}, {'E_1_0'}, {'W_1_0'}, {'W_1_0'}, {'W_1_0'}, {'W_1_0'}, {'W_1_0'}, {'SW_1_1'}]",-0.12316680103770739,149,0.912751677852349,0.9688331432915241,5262
"[{'NE_1_1'}, {'E_1_0'}, {'N_0_1'}, {'E_1_0'}, {'E_1_0'}, {'E_1_0'}, {'S_0_1'}, {'S_0_1'}, {'S_0_1'}, {'S_0_1'}, {'S_0_1'}, {'S_0_1'}, {'S_0_1'}, {'W_1_0'}]",-0.12337329830698507,191,0.9162303664921466,0.9688331432915241,5262
"[{'N_0_1'}, {'E_1_0'}, {'N_0_1'}, {'E_1_0'}, {'E_1_0'}, {'E_1_0'}, {'S_0_1'}, {'S_0_1'}, {'S_0_1'}, {'S_0_1'}, {'S_0_1'}, {'S_0_1'}, {'S_0_1'}, {'W_1_0'}]",-0.12337329830698507,191,0.9162303664921466,0.9688331432915241,5262
"[{'E_1_0'}, {'E_1_0'}, {'E_1_0'}, {'E_1_0'}, {'E_1_0'}, {'E_1_0'}, {'E_1_0'}, {'E_1_0'}, {'SW_1_1'}, {'W_1_0'}, {'W_1_0'}, {'STAY_0_0'}, {'E_1_0'}, {'E_1_0'}]",-0.12344119610085968,177,0.9152542372881356,0.9688331432915241,5262
"[{'E_1_0'}, {'E_1_0'}, {'E_1_0'}, {'E_1_0'}, {'E_1_0'}, {'E_1_0'}, {'E_1_0'}, {'NE_1_1'}, {'N_0_1'}, {'N_0_1'}, {'N_0_1'}, {'N_0_1'}, {'N_0_1'}, {'N_0_1'}, {'W_1_0'}]",-0.12367131987486846,427,0.9156908665105387,0.9688331432915241,5262
"[{'NE_1_1'}, {'E_1_0'}, {'E_1_0'}, {'SE_1_1'}, {'S_0_1'}, {'W_1_0'}, {'W_1_0'}, {'W_1_0'}, {'W_1_0'}, {'W_1_0'}, {'N_0_1'}, {'E_1_0'}, {'N_0_1'}, {'N_0_1'}]",-0.12408528922679651,150,0.9133333333333333,0.9688331432915241,5262
"[{'E_1_0'}, {'NE_1_1'}, {'NE_1_1'}, {'N_0_1'}, {'N_0_1'}, {'N_0_1'}, {'N_0_1'}, {'N_0_1'}, {'NE_1_1'}, {'N_0_1'}, {'N_0_1'}, {'W_1_0'}, {'W_1_0'}, {'W_1_0'}]",-0.12408528922679651,150,0.9133333333333333,0.9688331432915241,5262
"[{'E_1_0'}, {'E_1_0'}, {'E_1_0'}, {'E_1_0'}, {'S_0_1'}, {'W_1_0'}, {'W_1_0'}, {'SW_1_1'}, {'SW_1_1'}, {'N_0_1'}, {'N_0_1'}, {'N_0_1'}, {'N_0_1'}, {'N_0_1'}]",-0.1241086345364133,192,0.9166666666666666,0.9688331432915241,5262
"[{'E_1_0'}, {'E_1_0'}, {'SE_1_1'}, {'W_1_0'}, {'W_1_0'}, {'W_1_0'}, {'W_1_0'}, {'W_1_0'}, {'W_1_0'}, {'E_1_0'}, {'E_1_0'}, {'W_1_0'}, {'W_1_0'}, {'W_1_0'}]",-0.1249994513409658,179,0.9162011173184358,0.9688331432915241,5262
"[{'NE_1_1'}, {'E_1_0'}, {'E_1_0'}, {'E_1_0'}, {'SE_1_1'}, {'S_0_1'}, {'S_0_1'}, {'S_0_1'}, {'W_1_0'}, {'STAY_0_0'}, {'E_1_0'}, {'E_1_0'}, {'W_1_0'}, {'W_1_0'}]",-0.12506215904133455,165,0.9151515151515152,0.9688331432915241,5262
"[{'NE_1_1'}, {'N_0_1'}, {'N_0_1'}, {'N_0_1'}, {'N_0_1'}, {'N_0_1'}, {'N_0_1'}, {'N_0_1'}, {'N_0_1'}, {'N_0_1'}, {'N_0_1'}, {'N_0_1'}, {'N_0_1'}, {'N_0_1'}]",-0.1252615393888703,124,0.9112903225806451,0.9688331432915241,5262
"[{'E_1_0'}, {'E_1_0'}, {'E_1_0'}, {'E_1_0'}, {'E_1_0'}, {'N_0_1'}, {'N_0_1'}, {'N_0_1'}, {'N_0_1'}, {'N_0_1'}, {'N_0_1'}, {'N_0_1'}, {'W_1_0'}, {'W_1_0'}, {'N_0_1'}]",-0.12585855631992526,253,0.9090909090909091,0.9688331432915241,5262
"[{'E_1_0'}, {'E_1_0'}, {'E_1_0'}, {'E_1_0'}, {'SE_1_1'}, {'S_0_1'}, {'S_0_1'}, {'SW_1_1'}, {'W_1_0'}, {'W_1_0'}, {'W_1_0'}, {'N_0_1'}, {'N_0_1'}, {'N_0_1'}, {'N_0_1'}]",-0.12630383396519762,362,0.914364640883978,0.9688331432915241,5262
"[{'E_1_0'}, {'E_1_0'}, {'S_0_1'}, {'S_0_1'}, {'W_1_0'}, {'STAY_0_0'}, {'E_1_0'}, {'N_0_1'}, {'E_1_0'}, {'N_0_1'}, {'N_0_1'}, {'N_0_1'}, {'W_1_0'}, {'W_1_0'}]",-0.1266323292828393,139,0.9136690647482014,0.9688331432915241,5262
"[{'E_1_0'}, {'E_1_0'}, {'N_0_1'}, {'E_1_0'}, {'E_1_0'}, {'E_1_0'}, {'S_0_1'}, {'W_1_0'}, {'W_1_0'}, {'W_1_0'}, {'STAY_0_0'}, {'W_1_0'}, {'W_1_0'}, {'W_1_0'}]",-0.12681159627294036,112,0.9107142857142857,0.9688331432915241,5262
"[{'E_1_0'}, {'N_0_1'}, {'E_1_0'}, {'N_0_1'}, {'N_0_1'}, {'N_0_1'}, {'N_0_1'}, {'N_0_1'}, {'N_0_1'}, {'E_1_0'}, {'E_1_0'}, {'W_1_0'}, {'W_1_0'}, {'W_1_0'}]",-0.12693861604378665,196,0.9183673469387755,0.9688331432915241,5262
"[{'E_1_0'}, {'E_1_0'}, {'E_1_0'}, {'E_1_0'}, {'E_1_0'}, {'N_0_1'}, {'N_0_1'}, {'N_0_1'}, {'N_0_1'}, {'N_0_1'}, {'N_0_1'}, {'N_0_1'}, {'N_0_1'}, {'E_1_0'}, {'E_1_0'}]",-0.12797486089317012,379,0.9155672823218998,0.9688331432915241,5262
"[{'E_1_0'}, {'E_1_0'}, {'E_1_0'}, {'E_1_0'}, {'E_1_0'}, {'N_0_1'}, {'N_0_1'}, {'NW_1_1'}, {'N_0_1'}, {'N_0_1'}, {'N_0_1'}, {'N_0_1'}, {'N_0_1'}, {'N_0_1'}, {'S_0_1'}]",-0.12798575096610842,178,0.9044943820224719,0.9688331432915241,5262
"[{'E_1_0'}, {'E_1_0'}, {'NE_1_1'}, {'E_1_0'}, {'N_0_1'}, {'E_1_0'}, {'N_0_1'}, {'N_0_1'}, {'N_0_1'}, {'N_0_1'}, {'N_0_1'}, {'N_0_1'}, {'N_0_1'}, {'N_0_1'}, {'W_1_0'}]",-0.12825489728547024,129,0.8992248062015504,0.9688331432915241,5262
"[{'E_1_0'}, {'N_0_1'}, {'E_1_0'}, {'E_1_0'}, {'NE_1_1'}, {'E_1_0'}, {'E_1_0'}, {'E_1_0'}, {'SE_1_1'}, {'S_0_1'}, {'W_1_0'}, {'W_1_0'}, {'W_1_0'}, {'W_1_0'}]",-0.12837474787928715,100,0.91,0.9688331432915241,5262
"[{'E_1_0'}, {'E_1_0'}, {'N_0_1'}, {'E_1_0'}, {'E_1_0'}, {'N_0_1'}, {'E_1_0'}, {'N_0_1'}, {'N_0_1'}, {'N_0_1'}, {'N_0_1'}, {'N_0_1'}, {'N_0_1'}, {'N_0_1'}, {'N_0_1'}]",-0.1296314464710595,118,0.8983050847457628,0.9688331432915241,5262
"[{'E_1_0'}, {'E_1_0'}, {'E_1_0'}, {'N_0_1'}, {'E_1_0'}, {'E_1_0'}, {'N_0_1'}, {'N_0_1'}, {'W_1_0'}, {'W_1_0'}, {'W_1_0'}, {'W_1_0'}, {'W_1_0'}, {'W_1_0'}, {'W_1_0'}]",-0.1299261715544855,299,0.9130434782608695,0.9688331432915241,5262
"[{'E_1_0'}, {'E_1_0'}, {'E_1_0'}, {'E_1_0'}, {'E_1_0'}, {'E_1_0'}, {'E_1_0'}, {'SW_1_1'}, {'W_1_0'}, {'W_1_0'}, {'STAY_0_0'}, {'E_1_0'}, {'E_1_0'}, {'E_1_0'}]",-0.1300365130156571,157,0.9171974522292994,0.9688331432915241,5262
"[{'NE_1_1'}, {'E_1_0'}, {'S_0_1'}, {'S_0_1'}, {'W_1_0'}, {'SW_1_1'}, {'W_1_0'}, {'W_1_0'}, {'W_1_0'}, {'W_1_0'}, {'N_0_1'}, {'N_0_1'}, {'W_1_0'}, {'N_0_1'}]",-0.1300782107150369,115,0.9130434782608695,0.9688331432915241,5262
"[{'E_1_0'}, {'E_1_0'}, {'E_1_0'}, {'NE_1_1'}, {'E_1_0'}, {'W_1_0'}, {'W_1_0'}, {'W_1_0'}, {'W_1_0'}, {'W_1_0'}, {'E_1_0'}, {'W_1_0'}, {'W_1_0'}, {'W_1_0'}, {'W_1_0'}]",-0.13024536514457874,155,0.9032258064516129,0.9688331432915241,5262
"[{'E_1_0'}, {'E_1_0'}, {'E_1_0'}, {'E_1_0'}, {'E_1_0'}, {'E_1_0'}, {'E_1_0'}, {'E_1_0'}, {'E_1_0'}, {'W_1_0'}, {'W_1_0'}, {'W_1_0'}, {'W_1_0'}, {'W_1_0'}, {'E_1_0'}]",-0.13077261688981556,356,0.9157303370786517,0.9688331432915241,5262
"[{'E_1_0'}, {'E_1_0'}, {'E_1_0'}, {'S_0_1'}, {'SW_1_1'}, {'SW_1_1'}, {'W_1_0'}, {'W_1_0'}, {'STAY_0_0'}, {'E_1_0'}, {'E_1_0'}, {'W_1_0'}, {'W_1_0'}, {'W_1_0'}]",-0.13159497529588116,159,0.9182389937106918,0.9688331432915241,5262
"[{'NE_1_1'}, {'E_1_0'}, {'E_1_0'}, {'E_1_0'}, {'E_1_0'}, {'E_1_0'}, {'E_1_0'}, {'E_1_0'}, {'N_0_1'}, {'E_1_0'}, {'N_0_1'}, {'N_0_1'}, {'N_0_1'}, {'N_0_1'}, {'N_0_1'}]",-0.13254011009311517,108,0.8981481481481481,0.9688331432915241,5262
"[{'S_0_1'}, {'SE_1_1'}, {'E_1_0'}, {'E_1_0'}, {'NE_1_1'}, {'E_1_0'}, {'N_0_1'}, {'N_0_1'}, {'N_0_1'}, {'N_0_1'}, {'N_0_1'}, {'N_0_1'}, {'N_0_1'}, {'STAY_0_0'}]",-0.1329874679427976,104,0.9134615384615384,0.9688331432915241,5262
"[{'E_1_0'}, {'E_1_0'}, {'N_0_1'}, {'E_1_0'}, {'E_1_0'}, {'E_1_0'}, {'E_1_0'}, {'E_1_0'}, {'W_1_0'}, {'W_1_0'}, {'W_1_0'}, {'SW_1_1'}, {'W_1_0'}, {'S_0_1'}]",-0.13298954376859595,132,0.9166666666666666,0.9688331432915241,5262
"[{'E_1_0'}, {'E_1_0'}, {'E_1_0'}, {'W_1_0'}, {'W_1_0'}, {'W_1_0'}, {'W_1_0'}, {'W_1_0'}, {'E_1_0'}, {'E_1_0'}, {'E_1_0'}, {'N_0_1'}, {'N_0_1'}, {'N_0_1'}, {'W_1_0'}]",-0.1339264164373204,171,0.9064327485380117,0.9688331432915241,5262
"[{'NE_1_1'}, {'NE_1_1'}, {'E_1_0'}, {'NE_1_1'}, {'E_1_0'}, {'E_1_0'}, {'E_1_0'}, {'E_1_0'}, {'S_0_1'}, {'S_0_1'}, {'S_0_1'}, {'W_1_0'}, {'W_1_0'}, {'W_1_0'}]",-0.13554227861324608,135,0.9185185185185185,0.9688331432915241,5262
"[{'E_1_0'}, {'E_1_0'}, {'E_1_0'}, {'SE_1_1'}, {'S_0_1'}, {'S_0_1'}, {'S_0_1'}, {'S_0_1'}, {'W_1_0'}, {'S_0_1'}, {'W_1_0'}, {'W_1_0'}, {'N_0_1'}, {'N_0_1'}, {'N_0_1'}]",-0.1357413779943517,351,0.9173789173789174,0.9688331432915241,5262
"[{'NE_1_1'}, {'E_1_0'}, {'E_1_0'}, {'E_1_0'}, {'E_1_0'}, {'W_1_0'}, {'W_1_0'}, {'W_1_0'}, {'W_1_0'}, {'W_1_0'}, {'W_1_0'}, {'STAY_0_0'}, {'W_1_0'}, {'N_0_1'}]",-0.13590692855779163,121,0.9173553719008265,0.9688331432915241,5262
"[{'E_1_0'}, {'E_1_0'}, {'N_0_1'}, {'E_1_0'}, {'N_0_1'}, {'N_0_1'}, {'N_0_1'}, {'N_0_1'}, {'N_0_1'}, {'W_1_0'}, {'W_1_0'}, {'W_1_0'}, {'W_1_0'}, {'W_1_0'}, {'S_0_1'}]",-0.1361283503816475,281,0.9145907473309609,0.9688331432915241,5262
"[{'E_1_0'}, {'E_1_0'}, {'E_1_0'}, {'W_1_0'}, {'W_1_0'}, {'W_1_0'}, {'W_1_0'}, {'W_1_0'}, {'W_1_0'}, {'W_1_0'}, {'W_1_0'}, {'W_1_0'}, {'N_0_1'}, {'N_0_1'}, {'N_0_1'}]",-0.13626735097034737,352,0.9176136363636364,0.9688331432915241,5262
"[{'E_1_0'}, {'E_1_0'}, {'E_1_0'}, {'NE_1_1'}, {'E_1_0'}, {'N_0_1'}, {'N_0_1'}, {'N_0_1'}, {'N_0_1'}, {'N_0_1'}, {'W_1_0'}, {'W_1_0'}, {'STAY_0_0'}, {'E_1_0'}]",-0.1367961940177964,122,0.9180327868852459,0.9688331432915241,5262
"[{'E_1_0'}, {'E_1_0'}, {'E_1_0'}, {'E_1_0'}, {'NE_1_1'}, {'E_1_0'}, {'N_0_1'}, {'N_0_1'}, {'N_0_1'}, {'N_0_1'}, {'N_0_1'}, {'N_0_1'}, {'N_0_1'}, {'E_1_0'}, {'E_1_0'}]",-0.13692714244619286,174,0.9080459770114943,0.9688331432915241,5262
"[{'E_1_0'}, {'E_1_0'}, {'E_1_0'}, {'E_1_0'}, {'NE_1_1'}, {'N_0_1'}, {'N_0_1'}, {'N_0_1'}, {'W_1_0'}, {'N_0_1'}, {'W_1_0'}, {'W_1_0'}, {'W_1_0'}, {'W_1_0'}, {'S_0_1'}]",-0.13789428031438922,175,0.9085714285714286,0.9688331432915241,5262
"[{'E_1_0'}, {'E_1_0'}, {'E_1_0'}, {'NE_1_1'}, {'E_1_0'}, {'E_1_0'}, {'E_1_0'}, {'E_1_0'}, {'W_1_0'}, {'W_1_0'}, {'W_1_0'}, {'STAY_0_0'}, {'W_1_0'}, {'W_1_0'}, {'W_1_0'}]",-0.1393350904531423,125,0.904,0.9688331432915241,5262
"[{'E_1_0'}, {'E_1_0'}, {'E_1_0'}, {'E_1_0'}, {'E_1_0'}, {'E_1_0'}, {'E_1_0'}, {'E_1_0'}, {'E_1_0'}, {'E_1_0'}, {'E_1_0'}, {'NE_1_1'}, {'N_0_1'}, {'N_0_1'}, {'W_1_0'}]",-0.1399393224501504,273,0.9157509157509157,0.9688331432915241,5262
"[{'E_1_0'}, {'E_1_0'}, {'E_1_0'}, {'E_1_0'}, {'E_1_0'}, {'N_0_1'}, {'N_0_1'}, {'N_0_1'}, {'N_0_1'}, {'N_0_1'}, {'N_0_1'}, {'NW_1_1'}, {'N_0_1'}, {'E_1_0'}, {'E_1_0'}]",-0.14100556805406295,152,0.9078947368421053,0.9688331432915241,5262
"[{'NE_1_1'}, {'N_0_1'}, {'N_0_1'}, {'N_0_1'}, {'N_0_1'}, {'N_0_1'}, {'E_1_0'}, {'E_1_0'}, {'N_0_1'}, {'W_1_0'}, {'W_1_0'}, {'W_1_0'}, {'W_1_0'}, {'W_1_0'}, {'S_0_1'}]",-0.14131017233097043,114,0.9035087719298246,0.9688331432915241,5262
"[{'E_1_0'}, {'E_1_0'}, {'E_1_0'}, {'SE_1_1'}, {'S_0_1'}, {'SW_1_1'}, {'S_0_1'}, {'SW_1_1'}, {'SW_1_1'}, {'W_1_0'}, {'W_1_0'}, {'N_0_1'}, {'N_0_1'}, {'N_0_1'}, {'N_0_1'}]",-0.1418587160962259,102,0.9019607843137255,0.9688331432915241,5262
"[{'NE_1_1'}, {'SE_1_1'}, {'S_0_1'}, {'S_0_1'}, {'SW_1_1'}, {'W_1_0'}, {'S_0_1'}, {'W_1_0'}, {'W_1_0'}, {'W_1_0'}, {'W_1_0'}, {'W_1_0'}, {'N_0_1'}, {'N_0_1'}, {'N_0_1'}]",-0.1418838436314469,166,0.9096385542168675,0.9688331432915241,5262
"[{'E_1_0'}, {'N_0_1'}, {'E_1_0'}, {'N_0_1'}, {'N_0_1'}, {'N_0_1'}, {'N_0_1'}, {'N_0_1'}, {'N_0_1'}, {'N_0_1'}, {'N_0_1'}, {'N_0_1'}, {'N_0_1'}, {'N_0_1'}, {'W_1_0'}]",-0.14238700029092577,207,0.9130434782608695,0.9688331432915241,5262
"[{'E_1_0'}, {'E_1_0'}, {'N_0_1'}, {'N_0_1'}, {'N_0_1'}, {'N_0_1'}, {'N_0_1'}, {'N_0_1'}, {'N_0_1'}, {'N_0_1'}, {'NW_1_1'}, {'W_1_0'}, {'W_1_0'}, {'W_1_0'}, {'S_0_1'}]",-0.14253919009714555,263,0.9163498098859315,0.9688331432915241,5262
"[{'E_1_0'}, {'E_1_0'}, {'NE_1_1'}, {'N_0_1'}, {'N_0_1'}, {'N_0_1'}, {'N_0_1'}, {'N_0_1'}, {'N_0_1'}, {'N_0_1'}, {'N_0_1'}, {'N_0_1'}, {'N_0_1'}, {'N_0_1'}, {'W_1_0'}]",-0.14299905013753977,278,0.9172661870503597,0.9688331432915241,5262
"[{'E_1_0'}, {'E_1_0'}, {'E_1_0'}, {'S_0_1'}, {'SW_1_1'}, {'W_1_0'}, {'W_1_0'}, {'W_1_0'}, {'W_1_0'}, {'W_1_0'}, {'STAY_0_0'}, {'E_1_0'}, {'W_1_0'}, {'W_1_0'}, {'W_1_0'}]",-0.14372319769828423,195,0.9128205128205128,0.9688331432915241,5262
"[{'E_1_0'}, {'E_1_0'}, {'E_1_0'}, {'W_1_0'}, {'W_1_0'}, {'W_1_0'}, {'W_1_0'}, {'W_1_0'}, {'W_1_0'}, {'W_1_0'}, {'E_1_0'}, {'E_1_0'}, {'E_1_0'}, {'E_1_0'}, {'W_1_0'}]",-0.1440601698448014,155,0.9096774193548387,0.9688331432915241,5262
"[{'E_1_0'}, {'E_1_0'}, {'E_1_0'}, {'E_1_0'}, {'N_0_1'}, {'E_1_0'}, {'N_0_1'}, {'N_0_1'}, {'N_0_1'}, {'N_0_1'}, {'N_0_1'}, {'W_1_0'}, {'N_0_1'}, {'W_1_0'}, {'N_0_1'}]",-0.14504043383159337,156,0.9102564102564102,0.9688331432915241,5262
"[{'E_1_0'}, {'E_1_0'}, {'E_1_0'}, {'E_1_0'}, {'E_1_0'}, {'E_1_0'}, {'W_1_0'}, {'W_1_0'}, {'SW_1_1'}, {'STAY_0_0'}, {'E_1_0'}, {'W_1_0'}, {'W_1_0'}, {'W_1_0'}, {'W_1_0'}]",-0.14600164161895934,240,0.9166666666666666,0.9688331432915241,5262
"[{'E_1_0'}, {'E_1_0'}, {'E_1_0'}, {'SE_1_1'}, {'S_0_1'}, {'S_0_1'}, {'S_0_1'}, {'S_0_1'}, {'S_0_1'}, {'W_1_0'}, {'W_1_0'}, {'W_1_0'}, {'W_1_0'}, {'STAY_0_0'}, {'NE_1_1'}]",-0.14686475301437962,199,0.914572864321608,0.9688331432915241,5262
"[{'E_1_0'}, {'NE_1_1'}, {'E_1_0'}, {'E_1_0'}, {'E_1_0'}, {'N_0_1'}, {'N_0_1'}, {'N_0_1'}, {'N_0_1'}, {'N_0_1'}, {'N_0_1'}, {'N_0_1'}, {'N_0_1'}, {'N_0_1'}, {'N_0_1'}]",-0.14759057121691432,132,0.9090909090909091,0.9688331432915241,5262
"[{'E_1_0'}, {'E_1_0'}, {'E_1_0'}, {'E_1_0'}, {'E_1_0'}, {'S_0_1'}, {'S_0_1'}, {'S_0_1'}, {'W_1_0'}, {'E_1_0'}, {'E_1_0'}, {'N_0_1'}, {'N_0_1'}, {'N_0_1'}, {'W_1_0'}]",-0.14792344122106305,243,0.9176954732510288,0.9688331432915241,5262
"[{'E_1_0'}, {'S_0_1'}, {'S_0_1'}, {'S_0_1'}, {'S_0_1'}, {'SE_1_1'}, {'S_0_1'}, {'S_0_1'}, {'SW_1_1'}, {'W_1_0'}, {'W_1_0'}, {'W_1_0'}, {'N_0_1'}, {'N_0_1'}, {'N_0_1'}]",-0.14836650602327395,201,0.9154228855721394,0.9688331432915241,5262
"[{'E_1_0'}, {'E_1_0'}, {'N_0_1'}, {'E_1_0'}, {'N_0_1'}, {'N_0_1'}, {'N_0_1'}, {'N_0_1'}, {'N_0_1'}, {'N_0_1'}, {'E_1_0'}, {'E_1_0'}, {'W_1_0'}, {'W_1_0'}, {'W_1_0'}]",-0.14903202373728752,174,0.9137931034482759,0.9688331432915241,5262
"[{'E_1_0'}, {'E_1_0'}, {'E_1_0'}, {'S_0_1'}, {'W_1_0'}, {'S_0_1'}, {'W_1_0'}, {'SW_1_1'}, {'W_1_0'}, {'W_1_0'}, {'N_0_1'}, {'N_0_1'}, {'N_0_1'}, {'N_0_1'}, {'N_0_1'}]",-0.15034106898591504,218,0.9174311926605505,0.9688331432915241,5262
"[{'E_1_0'}, {'E_1_0'}, {'NE_1_1'}, {'E_1_0'}, {'N_0_1'}, {'N_0_1'}, {'N_0_1'}, {'N_0_1'}, {'N_0_1'}, {'N_0_1'}, {'N_0_1'}, {'N_0_1'}, {'N_0_1'}, {'N_0_1'}, {'W_1_0'}]",-0.1507142394370098,233,0.9184549356223176,0.9688331432915241,5262
"[{'E_1_0'}, {'NE_1_1'}, {'N_0_1'}, {'E_1_0'}, {'N_0_1'}, {'N_0_1'}, {'N_0_1'}, {'N_0_1'}, {'N_0_1'}, {'N_0_1'}, {'N_0_1'}, {'N_0_1'}, {'W_1_0'}, {'W_1_0'}, {'W_1_0'}]",-0.15119552463795083,149,0.912751677852349,0.9688331432915241,5262
"[{'E_1_0'}, {'E_1_0'}, {'E_1_0'}, {'E_1_0'}, {'N_0_1'}, {'E_1_0'}, {'N_0_1'}, {'N_0_1'}, {'N_0_1'}, {'N_0_1'}, {'N_0_1'}, {'N_0_1'}, {'N_0_1'}, {'NW_1_1'}, {'N_0_1'}]",-0.15251592630986388,110,0.9090909090909091,0.9688331432915241,5262
"[{'E_1_0'}, {'E_1_0'}, {'SE_1_1'}, {'S_0_1'}, {'S_0_1'}, {'W_1_0'}, {'S_0_1'}, {'SW_1_1'}, {'E_1_0'}, {'NE_1_1'}, {'N_0_1'}, {'N_0_1'}, {'N_0_1'}, {'W_1_0'}, {'W_1_0'}]",-0.15329026298911375,124,0.9112903225806451,0.9688331432915241,5262
"[{'E_1_0'}, {'E_1_0'}, {'E_1_0'}, {'E_1_0'}, {'E_1_0'}, {'N_0_1'}, {'E_1_0'}, {'NE_1_1'}, {'N_0_1'}, {'N_0_1'}, {'N_0_1'}, {'N_0_1'}, {'N_0_1'}, {'N_0_1'}, {'N_0_1'}]",-0.15470770371030684,167,0.9161676646706587,0.9688331432915241,5262
"[{'E_1_0'}, {'E_1_0'}, {'E_1_0'}, {'E_1_0'}, {'W_1_0'}, {'W_1_0'}, {'N_0_1'}, {'N_0_1'}, {'N_0_1'}, {'N_0_1'}, {'N_0_1'}, {'W_1_0'}, {'W_1_0'}, {'W_1_0'}, {'S_0_1'}]",-0.15470770371030684,167,0.9161676646706587,0.9688331432915241,5262
"[{'E_1_0'}, {'E_1_0'}, {'E_1_0'}, {'SE_1_1'}, {'S_0_1'}, {'S_0_1'}, {'S_0_1'}, {'S_0_1'}, {'SW_1_1'}, {'S_0_1'}, {'W_1_0'}, {'S_0_1'}, {'E_1_0'}, {'E_1_0'}, {'E_1_0'}]",-0.1548403198731838,112,0.9107142857142857,0.9688331432915241,5262
"[{'E_1_0'}, {'E_1_0'}, {'E_1_0'}, {'E_1_0'}, {'NE_1_1'}, {'NE_1_1'}, {'N_0_1'}, {'N_0_1'}, {'N_0_1'}, {'NW_1_1'}, {'W_1_0'}, {'W_1_0'}, {'W_1_0'}, {'W_1_0'}, {'S_0_1'}]",-0.15527046150827473,182,0.9175824175824175,0.9688331432915241,5262
"[{'E_1_0'}, {'E_1_0'}, {'E_1_0'}, {'E_1_0'}, {'SE_1_1'}, {'S_0_1'}, {'S_0_1'}, {'W_1_0'}, {'S_0_1'}, {'S_0_1'}, {'NE_1_1'}, {'NE_1_1'}, {'N_0_1'}, {'N_0_1'}, {'N_0_1'}]",-0.15595756629926383,113,0.911504424778761,0.9688331432915241,5262
"[{'N_0_1'}, {'N_0_1'}, {'NE_1_1'}, {'E_1_0'}, {'S_0_1'}, {'S_0_1'}, {'S_0_1'}, {'S_0_1'}, {'S_0_1'}, {'S_0_1'}, {'S_0_1'}, {'S_0_1'}, {'W_1_0'}, {'W_1_0'}, {'W_1_0'}]",-0.15635743285257186,127,0.9133858267716536,0.9688331432915241,5262
"[{'N_0_1'}, {'N_0_1'}, {'E_1_0'}, {'E_1_0'}, {'E_1_0'}, {'E_1_0'}, {'E_1_0'}, {'W_1_0'}, {'W_1_0'}, {'W_1_0'}, {'W_1_0'}, {'S_0_1'}, {'W_1_0'}, {'W_1_0'}, {'W_1_0'}]",-0.15704613226997788,114,0.9122807017543859,0.9688331432915241,5262
"[{'E_1_0'}, {'E_1_0'}, {'NE_1_1'}, {'E_1_0'}, {'S_0_1'}, {'S_0_1'}, {'W_1_0'}, {'W_1_0'}, {'W_1_0'}, {'W_1_0'}, {'N_0_1'}, {'N_0_1'}, {'N_0_1'}, {'N_0_1'}, {'STAY_0_0'}]",-0.15777364277662542,171,0.9181286549707602,0.9688331432915241,5262
"[{'NE_1_1'}, {'E_1_0'}, {'N_0_1'}, {'E_1_0'}, {'SE_1_1'}, {'S_0_1'}, {'S_0_1'}, {'S_0_1'}, {'S_0_1'}, {'S_0_1'}, {'S_0_1'}, {'S_0_1'}, {'S_0_1'}, {'W_1_0'}, {'W_1_0'}]",-0.15810693431528033,115,0.9130434782608695,0.9688331432915241,5262
"[{'E_1_0'}, {'E_1_0'}, {'E_1_0'}, {'N_0_1'}, {'E_1_0'}, {'N_0_1'}, {'N_0_1'}, {'N_0_1'}, {'NW_1_1'}, {'N_0_1'}, {'N_0_1'}, {'N_0_1'}, {'N_0_1'}, {'N_0_1'}, {'N_0_1'}]",-0.15885185965007786,158,0.9177215189873418,0.9688331432915241,5262
"[{'E_1_0'}, {'E_1_0'}, {'E_1_0'}, {'S_0_1'}, {'S_0_1'}, {'S_0_1'}, {'S_0_1'}, {'SW_1_1'}, {'W_1_0'}, {'W_1_0'}, {'W_1_0'}, {'W_1_0'}, {'STAY_0_0'}, {'E_1_0'}, {'W_1_0'}]",-0.15885185965007786,158,0.9177215189873418,0.9688331432915241,5262
"[{'E_1_0'}, {'E_1_0'}, {'E_1_0'}, {'E_1_0'}, {'N_0_1'}, {'N_0_1'}, {'W_1_0'}, {'W_1_0'}, {'W_1_0'}, {'W_1_0'}, {'W_1_0'}, {'N_0_1'}, {'N_0_1'}, {'N_0_1'}, {'N_0_1'}]",-0.15921776912690588,130,0.9153846153846154,0.9688331432915241,5262
"[{'E_1_0'}, {'E_1_0'}, {'E_1_0'}, {'SE_1_1'}, {'E_1_0'}, {'SE_1_1'}, {'S_0_1'}, {'S_0_1'}, {'W_1_0'}, {'W_1_0'}, {'W_1_0'}, {'W_1_0'}, {'E_1_0'}, {'E_1_0'}, {'E_1_0'}]",-0.16357100221348952,135,0.9185185185185185,0.9688331432915241,5262
"[{'E_1_0'}, {'E_1_0'}, {'E_1_0'}, {'E_1_0'}, {'NE_1_1'}, {'E_1_0'}, {'N_0_1'}, {'N_0_1'}, {'N_0_1'}, {'N_0_1'}, {'N_0_1'}, {'N_0_1'}, {'N_0_1'}, {'NE_1_1'}, {'E_1_0'}]",-0.16513301426647353,108,0.9166666666666666,0.9688331432915241,5262
"[{'E_1_0'}, {'E_1_0'}, {'E_1_0'}, {'E_1_0'}, {'E_1_0'}, {'E_1_0'}, {'W_1_0'}, {'W_1_0'}, {'W_1_0'}, {'E_1_0'}, {'W_1_0'}, {'W_1_0'}, {'W_1_0'}, {'S_0_1'}, {'W_1_0'}]",-0.16702607863601115,110,0.9181818181818182,0.9688331432915241,5262
